curve_code,Taxon,Replicate,Time,Oxygen,O2_fit
C001,Acinetobacter,R1,43.03,6.2,6.186992250404377
C001,Acinetobacter,R1,44.03,6.19,6.185324561152894
C001,Acinetobacter,R1,45.03,6.19,6.180275533220949
C001,Acinetobacter,R1,46.03,6.17,6.172571034665491
C001,Acinetobacter,R1,47.03,6.16,6.163312551068912
C001,Acinetobacter,R1,48.03,6.14,6.153645169149197
C001,Acinetobacter,R1,49.03,6.14,6.144322271765584
C001,Acinetobacter,R1,50.05,6.14,6.134276237081157
C001,Acinetobacter,R1,51.05,6.14,6.122874456258644
C001,Acinetobacter,R1,52.05,6.1,6.109940526669896
C001,Acinetobacter,R1,53.05,6.1,6.095821307583539
C001,Acinetobacter,R1,54.05,6.08,6.08119017126213
C001,Acinetobacter,R1,55.05,6.06,6.0666947998129
C001,Acinetobacter,R1,56.05,6.05,6.052553601727833
C001,Acinetobacter,R1,57.05,6.04,6.038799181042989
C001,Acinetobacter,R1,58.05,6.04,6.025150197585943
C001,Acinetobacter,R1,59.05,6,6.011413472225454
C001,Acinetobacter,R1,60.05,5.99,5.998062414203454
C001,Acinetobacter,R1,61.05,5.99,5.985517396722816
C001,Acinetobacter,R1,62.05,5.98,5.973320060457013
C001,Acinetobacter,R1,63.05,5.95,5.960892092558703
C001,Acinetobacter,R1,64.05,5.96,5.948054098626705
C001,Acinetobacter,R1,65.05,5.93,5.93474275782852
C001,Acinetobacter,R1,66.05,5.92,5.920960125160214
C001,Acinetobacter,R1,67.05,5.91,5.906741909527288
C001,Acinetobacter,R1,68.05,5.89,5.892193059644429
C001,Acinetobacter,R1,69.05,5.87,5.877338306741109
C001,Acinetobacter,R1,70.05,5.87,5.861812272296766
C001,Acinetobacter,R1,71.05,5.85,5.845269576318442
C001,Acinetobacter,R1,72.05,5.82,5.827834942673641
C001,Acinetobacter,R1,73.05,5.81,5.809679411153682
C001,Acinetobacter,R1,74.05,5.8,5.790689181384681
C001,Acinetobacter,R1,75.05,5.77,5.77083916360776
C001,Acinetobacter,R1,76.05,5.74,5.750743950689253
C001,Acinetobacter,R1,77.05,5.73,5.730949229585707
C001,Acinetobacter,R1,78.05,5.72,5.711085380989305
C001,Acinetobacter,R1,79.05,5.69,5.690733510785165
C001,Acinetobacter,R1,80.05,5.67,5.67019293189452
C001,Acinetobacter,R1,81.05,5.64,5.649810357258055
C001,Acinetobacter,R1,82.05,5.64,5.629403892858165
C001,Acinetobacter,R1,83.05,5.61,5.608786071031069
C001,Acinetobacter,R1,84.05,5.58,5.588275736486559
C001,Acinetobacter,R1,85.05,5.56,5.56810063192314
C001,Acinetobacter,R1,86.05,5.56,5.547617779620603
C001,Acinetobacter,R1,87.05,5.53,5.52612115071341
C001,Acinetobacter,R1,88.05,5.5,5.5035232321734044
C001,Acinetobacter,R1,89.05,5.49,5.480008776149536
C001,Acinetobacter,R1,90.05,5.44,5.456233079661796
C001,Acinetobacter,R1,91.05,5.43,5.432739149344782
C001,Acinetobacter,R1,92.05,5.42,5.409150285420465
C001,Acinetobacter,R1,93.05,5.38,5.384953129332809
C001,Acinetobacter,R1,94.05,5.36,5.360007393826358
C001,Acinetobacter,R1,95.05,5.34,5.33425819126372
C001,Acinetobacter,R1,96.05,5.3,5.307619161179181
C001,Acinetobacter,R1,97.05,5.29,5.280056083049545
C001,Acinetobacter,R1,98.05,5.25,5.251774768950003
C001,Acinetobacter,R1,99.05,5.22,5.223036180851059
C001,Acinetobacter,R1,100.05,5.18,5.1940818477060935
C001,Acinetobacter,R1,101.05,5.18,5.164986351942349
C001,Acinetobacter,R1,102.05,5.13,5.135175922899634
C001,Acinetobacter,R1,103.05,5.11,5.104051965364244
C001,Acinetobacter,R1,104.05,5.07,5.07156493899583
C001,Acinetobacter,R1,105.05,5.04,5.037872768925942
C001,Acinetobacter,R1,106.05,5.01,5.003414187300335
C001,Acinetobacter,R1,107.05,4.95,4.9686237796970945
C001,Acinetobacter,R1,108.05,4.94,4.933638738409368
C001,Acinetobacter,R1,109.05,4.9,4.898454398666673
C001,Acinetobacter,R1,110.05,4.87,4.862796060728935
C001,Acinetobacter,R1,111.05,4.82,4.826465904708455
C001,Acinetobacter,R1,112.05,4.79,4.789843665096652
C001,Acinetobacter,R1,113.05,4.75,4.7532982117582945
C001,Acinetobacter,R1,114.05,4.71,4.716577401672414
C001,Acinetobacter,R1,115.05,4.69,4.6792646747476345
C001,Acinetobacter,R1,116.05,4.64,4.640906815496701
C001,Acinetobacter,R1,117.05,4.6,4.60110644833153
C001,Acinetobacter,R1,118.05,4.56,4.5597262126566
C001,Acinetobacter,R1,119.05,4.53,4.5168071107246694
C001,Acinetobacter,R1,120.05,4.46,4.472843581189012
C001,Acinetobacter,R1,121.05,4.43,4.428378746009011
C001,Acinetobacter,R1,122.05,4.38,4.383697023967952
C001,Acinetobacter,R1,123.05,4.34,4.338929013804364
C001,Acinetobacter,R1,124.05,4.29,4.293848737253878
C001,Acinetobacter,R1,125.05,4.25,4.24814289615683
C001,Acinetobacter,R1,126.05,4.21,4.201505489775257
C001,Acinetobacter,R1,127.05,4.14,4.153643740000743
C001,Acinetobacter,R1,128.05,4.11,4.1043104618213695
C001,Acinetobacter,R1,129.05,4.06,4.053278212626072
C001,Acinetobacter,R1,130.05,4,4.00035292631071
C001,Acinetobacter,R1,131.05,3.95,3.945529856447776
C001,Acinetobacter,R1,132.05,3.89,3.889528158809341
C001,Acinetobacter,R1,133.05,3.82,3.8331604987522208
C001,Acinetobacter,R1,134.05,3.78,3.77688967777264
C001,Acinetobacter,R1,135.05,3.71,3.720859683513521
C001,Acinetobacter,R1,136.05,3.67,3.6642891120651693
C001,Acinetobacter,R1,137.05,3.61,3.606229751818633
C001,Acinetobacter,R1,138.05,3.56,3.5459915519205607
C001,Acinetobacter,R1,139.05,3.48,3.48325842845316
C001,Acinetobacter,R1,140.05,3.41,3.4189520044852584
C001,Acinetobacter,R1,141.05,3.35,3.3540077861410262
C001,Acinetobacter,R1,142.05,3.29,3.2881791047793905
C001,Acinetobacter,R1,143.05,3.23,3.2210412132108988
C001,Acinetobacter,R1,144.05,3.15,3.1526392248178645
C001,Acinetobacter,R1,145.05,3.08,3.083137490254053
C001,Acinetobacter,R1,146.05,3,3.0127074486872543
C001,Acinetobacter,R1,147.05,2.95,2.9413188674299016
C001,Acinetobacter,R1,148.05,2.88,2.8681277378589796
C001,Acinetobacter,R1,149.05,2.79,2.7924207305078217
C001,Acinetobacter,R1,150.05,2.71,2.7148210084706337
C001,Acinetobacter,R1,151.05,2.63,2.6360527206168047
C001,Acinetobacter,R1,152.05,2.56,2.5559074663555643
C001,Acinetobacter,R1,153.05,2.48,2.4740445804570723
C001,Acinetobacter,R1,154.05,2.39,2.390526888595374
C001,Acinetobacter,R1,155.05,2.3,2.305535510884587
C001,Acinetobacter,R1,156.05,2.22,2.219321254295249
C001,Acinetobacter,R1,157.05,2.13,2.1320367301741903
C001,Acinetobacter,R1,158.05,2.04,2.04337208051696
C001,Acinetobacter,R1,159.05,1.96,1.9529373152455134
C001,Acinetobacter,R1,160.05,1.86,1.860484385338711
C001,Acinetobacter,R1,161.05,1.76,1.7657698996226123
C001,Acinetobacter,R1,162.05,1.67,1.6684271572552019
C001,Acinetobacter,R1,163.05,1.58,1.5681691333456478
C001,Acinetobacter,R1,164.05,1.46,1.4651508164758957
C001,Acinetobacter,R1,165.05,1.35,1.359567904936405
C001,Acinetobacter,R1,166.05,1.26,1.2513369223789166
C001,Acinetobacter,R1,167.05,1.15,1.1404076765798525
C001,Acinetobacter,R1,168.05,1.03,1.02714228645311
C002,Acinetobacter,R2,44.03,5.96,5.947822891207679
C002,Acinetobacter,R2,45.03,5.95,5.9463000882550885
C002,Acinetobacter,R2,46.03,5.94,5.940597024398302
C002,Acinetobacter,R2,47.03,5.94,5.931239436489036
C002,Acinetobacter,R2,48.03,5.91,5.919278061309008
C002,Acinetobacter,R2,49.03,5.9,5.905753927469362
C002,Acinetobacter,R2,50.05,5.9,5.890843273581329
C002,Acinetobacter,R2,51.05,5.87,5.875514522597169
C002,Acinetobacter,R2,52.05,5.86,5.860030372609756
C002,Acinetobacter,R2,53.05,5.84,5.844866731876723
C002,Acinetobacter,R2,54.05,5.83,5.830054337467004
C002,Acinetobacter,R2,55.05,5.82,5.815513422169615
C002,Acinetobacter,R2,56.05,5.8,5.801167372842644
C002,Acinetobacter,R2,57.05,5.79,5.7869945088963295
C002,Acinetobacter,R2,58.05,5.76,5.773189725880465
C002,Acinetobacter,R2,59.05,5.77,5.759867346352185
C002,Acinetobacter,R2,60.05,5.74,5.7466028247584395
C002,Acinetobacter,R2,61.05,5.74,5.732912152721761
C002,Acinetobacter,R2,62.05,5.72,5.718612338677177
C002,Acinetobacter,R2,63.05,5.7,5.703644904040606
C002,Acinetobacter,R2,64.05,5.69,5.688148405339015
C002,Acinetobacter,R2,65.05,5.67,5.672262534464216
C002,Acinetobacter,R2,66.05,5.66,5.655934489656354
C002,Acinetobacter,R2,67.05,5.64,5.639146068070738
C002,Acinetobacter,R2,68.05,5.62,5.622209956174995
C002,Acinetobacter,R2,69.05,5.6,5.605444914945228
C002,Acinetobacter,R2,70.05,5.59,5.5888631140791425
C002,Acinetobacter,R2,71.05,5.57,5.572289899938431
C002,Acinetobacter,R2,72.05,5.56,5.5551099168191485
C002,Acinetobacter,R2,73.05,5.55,5.5368598669002695
C002,Acinetobacter,R2,74.05,5.51,5.518125385958085
C002,Acinetobacter,R2,75.05,5.49,5.499620329906702
C002,Acinetobacter,R2,76.05,5.48,5.4815225016141556
C002,Acinetobacter,R2,77.05,5.47,5.463793355018662
C002,Acinetobacter,R2,78.05,5.45,5.4460650013852065
C002,Acinetobacter,R2,79.05,5.42,5.427977342613055
C002,Acinetobacter,R2,80.05,5.41,5.409530785811803
C002,Acinetobacter,R2,81.05,5.39,5.390697747145079
C002,Acinetobacter,R2,82.05,5.38,5.3709781737823175
C002,Acinetobacter,R2,83.05,5.35,5.349956334292845
C002,Acinetobacter,R2,84.05,5.33,5.328026251839803
C002,Acinetobacter,R2,85.05,5.3,5.305763744753454
C002,Acinetobacter,R2,86.05,5.28,5.283662057438747
C002,Acinetobacter,R2,87.05,5.26,5.262006147501655
C002,Acinetobacter,R2,88.05,5.24,5.240330399277563
C002,Acinetobacter,R2,89.05,5.23,5.21810265188216
C002,Acinetobacter,R2,90.05,5.19,5.195275136822941
C002,Acinetobacter,R2,91.05,5.17,5.171955336088327
C002,Acinetobacter,R2,92.05,5.15,5.1483873411986245
C002,Acinetobacter,R2,93.05,5.12,5.124743703237191
C002,Acinetobacter,R2,94.05,5.1,5.100774202007685
C002,Acinetobacter,R2,95.05,5.09,5.076210796375454
C002,Acinetobacter,R2,96.05,5.04,5.051136932732279
C002,Acinetobacter,R2,97.05,5.03,5.025740870127897
C002,Acinetobacter,R2,98.05,5,5.000278630717457
C002,Acinetobacter,R2,99.05,4.97,4.9749648728171945
C002,Acinetobacter,R2,100.05,4.95,4.949781036282288
C002,Acinetobacter,R2,101.05,4.93,4.924642517697901
C002,Acinetobacter,R2,102.05,4.89,4.8994337590301615
C002,Acinetobacter,R2,103.05,4.88,4.8739976596125025
C002,Acinetobacter,R2,104.05,4.85,4.84804190286661
C002,Acinetobacter,R2,105.05,4.82,4.821312425881874
C002,Acinetobacter,R2,106.05,4.79,4.793843396330225
C002,Acinetobacter,R2,107.05,4.77,4.765664519304226
C002,Acinetobacter,R2,108.05,4.73,4.736499418996414
C002,Acinetobacter,R2,109.05,4.72,4.7060612031749445
C002,Acinetobacter,R2,110.05,4.67,4.674326994810473
C002,Acinetobacter,R2,111.05,4.65,4.641521953345603
C002,Acinetobacter,R2,112.05,4.6,4.608599368908228
C002,Acinetobacter,R2,113.05,4.57,4.576510654108045
C002,Acinetobacter,R2,114.05,4.54,4.545471580796663
C002,Acinetobacter,R2,115.05,4.52,4.5153722180389995
C002,Acinetobacter,R2,116.05,4.48,4.4855354645112975
C002,Acinetobacter,R2,117.05,4.46,4.455130723796103
C002,Acinetobacter,R2,118.05,4.43,4.423280589489851
C002,Acinetobacter,R2,119.05,4.4,4.3894168399542846
C002,Acinetobacter,R2,120.05,4.35,4.354254802598464
C002,Acinetobacter,R2,121.05,4.31,4.3187301791960335
C002,Acinetobacter,R2,122.05,4.27,4.283376619931655
C002,Acinetobacter,R2,123.05,4.26,4.248395449383261
C002,Acinetobacter,R2,124.05,4.22,4.213060741290841
C002,Acinetobacter,R2,125.05,4.17,4.1766346652855
C002,Acinetobacter,R2,126.05,4.14,4.139259025400737
C002,Acinetobacter,R2,127.05,4.1,4.101189491479216
C002,Acinetobacter,R2,128.05,4.07,4.062257562197889
C002,Acinetobacter,R2,129.05,4.02,4.022321092969185
C002,Acinetobacter,R2,130.05,3.98,3.981767537313202
C002,Acinetobacter,R2,131.05,3.94,3.9410562946830594
C002,Acinetobacter,R2,132.05,3.9,3.9004049501563225
C002,Acinetobacter,R2,133.05,3.85,3.859872138647407
C002,Acinetobacter,R2,134.05,3.83,3.8191225087937264
C002,Acinetobacter,R2,135.05,3.77,3.7776935330678922
C002,Acinetobacter,R2,136.05,3.74,3.7350079655603072
C002,Acinetobacter,R2,137.05,3.7,3.6906465868709812
C002,Acinetobacter,R2,138.05,3.65,3.6449370020205447
C002,Acinetobacter,R2,139.05,3.58,3.598388595805456
C002,Acinetobacter,R2,140.05,3.55,3.5514910477048645
C002,Acinetobacter,R2,141.05,3.51,3.504514219809185
C002,Acinetobacter,R2,142.05,3.46,3.456868409971235
C002,Acinetobacter,R2,143.05,3.41,3.407970885309026
C002,Acinetobacter,R2,144.05,3.36,3.358126354238989
C002,Acinetobacter,R2,145.05,3.3,3.3077894361855376
C002,Acinetobacter,R2,146.05,3.26,3.2571269533065674
C002,Acinetobacter,R2,147.05,3.21,3.2062623215570922
C002,Acinetobacter,R2,148.05,3.15,3.1554331293470974
C002,Acinetobacter,R2,149.05,3.1,3.1047859088077217
C002,Acinetobacter,R2,150.05,3.05,3.053988794499749
C002,Acinetobacter,R2,151.05,3.01,3.002542974750825
C002,Acinetobacter,R2,152.05,2.96,2.949760250526377
C002,Acinetobacter,R2,153.05,2.89,2.8951437364695525
C002,Acinetobacter,R2,154.05,2.84,2.8391511892965924
C002,Acinetobacter,R2,155.05,2.78,2.782408487331381
C002,Acinetobacter,R2,156.05,2.73,2.7252593532552853
C002,Acinetobacter,R2,157.05,2.66,2.6679545636601953
C002,Acinetobacter,R2,158.05,2.6,2.6106552664225715
C002,Acinetobacter,R2,159.05,2.56,2.5532689134500672
C002,Acinetobacter,R2,160.05,2.5,2.4947778014905126
C002,Acinetobacter,R2,161.05,2.44,2.434193490052376
C002,Acinetobacter,R2,162.05,2.37,2.371569744846497
C002,Acinetobacter,R2,163.05,2.31,2.3072563162950903
C002,Acinetobacter,R2,164.05,2.23,2.241744687463488
C002,Acinetobacter,R2,165.05,2.18,2.175412458198762
C002,Acinetobacter,R2,166.05,2.11,2.1080399628318385
C002,Acinetobacter,R2,167.05,2.04,2.0393454599686174
C002,Acinetobacter,R2,168.05,1.97,1.9693961708310608
C002,Acinetobacter,R2,169.05,1.9,1.8983836590633354
C002,Acinetobacter,R2,170.05,1.83,1.826647895382346
C002,Acinetobacter,R2,171.05,1.75,1.7546035620124132
C002,Acinetobacter,R2,172.05,1.67,1.6828157801347854
C002,Acinetobacter,R2,173.05,1.61,1.6115565601998296
C002,Acinetobacter,R2,174.05,1.55,1.5397750307774671
C002,Acinetobacter,R2,175.05,1.47,1.466323337737698
C002,Acinetobacter,R2,176.05,1.4,1.3909885780312483
C002,Acinetobacter,R2,177.05,1.31,1.3139962138069723
C002,Acinetobacter,R2,178.05,1.22,1.2363902169254963
C002,Acinetobacter,R2,179.05,1.15,1.1588986779533157
C002,Acinetobacter,R2,180.05,1.09,1.0801676525686024
C002,Acinetobacter,R2,181.05,1.02,0.9986500722885306
C002,Acinetobacter,R2,182.05,0.91,0.9141084068746043
C003,Acinetobacter,R3,52.05,5.9,5.88273516269513
C003,Acinetobacter,R3,53.05,5.89,5.879979488024806
C003,Acinetobacter,R3,54.05,5.87,5.873934791981534
C003,Acinetobacter,R3,55.05,5.86,5.8652800159125595
C003,Acinetobacter,R3,56.05,5.86,5.854620696925813
C003,Acinetobacter,R3,57.05,5.84,5.842548514544289
C003,Acinetobacter,R3,58.05,5.83,5.829673122190588
C003,Acinetobacter,R3,59.05,5.81,5.8165294533944625
C003,Acinetobacter,R3,60.05,5.8,5.8033355882147
C003,Acinetobacter,R3,61.05,5.79,5.790093574299239
C003,Acinetobacter,R3,62.05,5.79,5.776258183123642
C003,Acinetobacter,R3,63.05,5.76,5.7614122127442915
C003,Acinetobacter,R3,64.05,5.74,5.746197843713261
C003,Acinetobacter,R3,65.05,5.73,5.731370517219573
C003,Acinetobacter,R3,66.05,5.72,5.717079334504379
C003,Acinetobacter,R3,67.05,5.7,5.703344566426783
C003,Acinetobacter,R3,68.05,5.69,5.6902775022656105
C003,Acinetobacter,R3,69.05,5.67,5.677890984517235
C003,Acinetobacter,R3,70.05,5.67,5.66571305012851
C003,Acinetobacter,R3,71.05,5.65,5.653098909292211
C003,Acinetobacter,R3,72.05,5.65,5.63919727073435
C003,Acinetobacter,R3,73.05,5.63,5.623365093087041
C003,Acinetobacter,R3,74.05,5.6,5.60599883607361
C003,Acinetobacter,R3,75.05,5.59,5.587745408273555
C003,Acinetobacter,R3,76.05,5.56,5.5692140125998595
C003,Acinetobacter,R3,77.05,5.55,5.550833037477904
C003,Acinetobacter,R3,78.05,5.54,5.532345319049173
C003,Acinetobacter,R3,79.05,5.51,5.51342742607408
C003,Acinetobacter,R3,80.05,5.5,5.494176410072638
C003,Acinetobacter,R3,81.05,5.47,5.474827146321567
C003,Acinetobacter,R3,82.05,5.46,5.455745322364807
C003,Acinetobacter,R3,83.05,5.43,5.437293904952657
C003,Acinetobacter,R3,84.05,5.42,5.419694165393649
C003,Acinetobacter,R3,85.05,5.4,5.40300121430666
C003,Acinetobacter,R3,86.05,5.38,5.386747214993718
C003,Acinetobacter,R3,87.05,5.38,5.370311251223759
C003,Acinetobacter,R3,88.05,5.36,5.352983035950186
C003,Acinetobacter,R3,89.05,5.33,5.334213838814451
C003,Acinetobacter,R3,90.05,5.31,5.314190527025726
C003,Acinetobacter,R3,91.05,5.3,5.293210987609655
C003,Acinetobacter,R3,92.05,5.27,5.271281589290044
C003,Acinetobacter,R3,93.05,5.25,5.248400230799606
C003,Acinetobacter,R3,94.05,5.22,5.224822449208529
C003,Acinetobacter,R3,95.05,5.21,5.2008869024403
C003,Acinetobacter,R3,96.05,5.17,5.177007093494146
C003,Acinetobacter,R3,97.05,5.15,5.1535456127682835
C003,Acinetobacter,R3,98.05,5.13,5.130586555181152
C003,Acinetobacter,R3,99.05,5.11,5.10807815646961
C003,Acinetobacter,R3,100.05,5.08,5.085703711123977
C003,Acinetobacter,R3,101.05,5.07,5.063074894332496
C003,Acinetobacter,R3,102.05,5.04,5.039781845321627
C003,Acinetobacter,R3,103.05,5.02,5.015542304311116
C003,Acinetobacter,R3,104.05,4.99,4.990605951455631
C003,Acinetobacter,R3,105.05,4.96,4.965344577286204
C003,Acinetobacter,R3,106.05,4.94,4.9400864739044135
C003,Acinetobacter,R3,107.05,4.91,4.914971446186903
C003,Acinetobacter,R3,108.05,4.89,4.88942884854002
C003,Acinetobacter,R3,109.05,4.88,4.862906255987585
C003,Acinetobacter,R3,110.05,4.83,4.83563457649361
C003,Acinetobacter,R3,111.05,4.8,4.808006492882344
C003,Acinetobacter,R3,112.05,4.77,4.780278454478771
C003,Acinetobacter,R3,113.05,4.77,4.7525256297682885
C003,Acinetobacter,R3,114.05,4.72,4.724234297377217
C003,Acinetobacter,R3,115.05,4.7,4.694962850762158
C003,Acinetobacter,R3,116.05,4.66,4.665147032559908
C003,Acinetobacter,R3,117.05,4.63,4.635301885509854
C003,Acinetobacter,R3,118.05,4.61,4.605382303581526
C003,Acinetobacter,R3,119.05,4.57,4.575170446454401
C003,Acinetobacter,R3,120.05,4.55,4.544317685417604
C003,Acinetobacter,R3,121.05,4.51,4.5125067024791425
C003,Acinetobacter,R3,122.05,4.49,4.47967621091292
C003,Acinetobacter,R3,123.05,4.43,4.445854299941476
C003,Acinetobacter,R3,124.05,4.43,4.4111705313159835
C003,Acinetobacter,R3,125.05,4.36,4.375813629268883
C003,Acinetobacter,R3,126.05,4.35,4.340107495429018
C003,Acinetobacter,R3,127.05,4.29,4.304295400767235
C003,Acinetobacter,R3,128.05,4.28,4.268162916225967
C003,Acinetobacter,R3,129.05,4.23,4.231449843069331
C003,Acinetobacter,R3,130.05,4.19,4.194170603876585
C003,Acinetobacter,R3,131.05,4.16,4.156369092487916
C003,Acinetobacter,R3,132.05,4.12,4.11793246647211
C003,Acinetobacter,R3,133.05,4.08,4.078831754062158
C003,Acinetobacter,R3,134.05,4.04,4.039530202419274
C003,Acinetobacter,R3,135.05,3.99,4.000485523886179
C003,Acinetobacter,R3,136.05,3.96,3.9616410726033378
C003,Acinetobacter,R3,137.05,3.93,3.922758832808399
C003,Acinetobacter,R3,138.05,3.88,3.8833896673299892
C003,Acinetobacter,R3,139.05,3.84,3.8430063016523603
C003,Acinetobacter,R3,140.05,3.81,3.800980033291282
C003,Acinetobacter,R3,141.05,3.77,3.75693163426912
C003,Acinetobacter,R3,142.05,3.7,3.711581202603135
C003,Acinetobacter,R3,143.05,3.66,3.665814075169258
C003,Acinetobacter,R3,144.05,3.62,3.6200772182832375
C003,Acinetobacter,R3,145.05,3.57,3.574535896220884
C003,Acinetobacter,R3,146.05,3.53,3.52866693565843
C003,Acinetobacter,R3,147.05,3.49,3.4818502274041734
C003,Acinetobacter,R3,148.05,3.43,3.4337663563942518
C003,Acinetobacter,R3,149.05,3.39,3.3842705393591705
C003,Acinetobacter,R3,150.05,3.33,3.333615826079071
C003,Acinetobacter,R3,151.05,3.28,3.2820987112282256
C003,Acinetobacter,R3,152.05,3.23,3.2297916360077914
C003,Acinetobacter,R3,153.05,3.18,3.1767171741888283
C003,Acinetobacter,R3,154.05,3.12,3.12292248329511
C003,Acinetobacter,R3,155.05,3.07,3.0684657177536905
C003,Acinetobacter,R3,156.05,3.01,3.0134244358520506
C003,Acinetobacter,R3,157.05,2.96,2.9578354860058536
C003,Acinetobacter,R3,158.05,2.9,2.901553473283051
C003,Acinetobacter,R3,159.05,2.85,2.8444411391525253
C003,Acinetobacter,R3,160.05,2.78,2.7865760140345923
C003,Acinetobacter,R3,161.05,2.73,2.728043741297329
C003,Acinetobacter,R3,162.05,2.67,2.668747627148429
C003,Acinetobacter,R3,163.05,2.61,2.6085863679171633
C003,Acinetobacter,R3,164.05,2.54,2.547622557579479
C003,Acinetobacter,R3,165.05,2.49,2.4858746674218155
C003,Acinetobacter,R3,166.05,2.43,2.423020780325918
C003,Acinetobacter,R3,167.05,2.36,2.3588385066303186
C003,Acinetobacter,R3,168.05,2.28,2.2938439549054213
C003,Acinetobacter,R3,169.05,2.23,2.2285079807469113
C003,Acinetobacter,R3,170.05,2.17,2.1623819296197064
C003,Acinetobacter,R3,171.05,2.09,2.0948831343826284
C003,Acinetobacter,R3,172.05,2.03,2.0258123876008733
C003,Acinetobacter,R3,173.05,1.96,1.9551401205194374
C003,Acinetobacter,R3,174.05,1.88,1.8831318593961632
C003,Acinetobacter,R3,175.05,1.81,1.8101452206067632
C003,Acinetobacter,R3,176.05,1.73,1.736611085985566
C003,Acinetobacter,R3,177.05,1.66,1.6627867612505098
C003,Acinetobacter,R3,178.05,1.59,1.5881619821953545
C003,Acinetobacter,R3,179.05,1.52,1.5121198112116139
C003,Acinetobacter,R3,180.05,1.43,1.4343841870059655
C003,Acinetobacter,R3,181.05,1.36,1.3548388418492725
C003,Acinetobacter,R3,182.05,1.27,1.2736658059539707
C003,Acinetobacter,R3,183.05,1.19,1.1910767959525908
C003,Acinetobacter,R3,184.05,1.11,1.107103976216494
C003,Acinetobacter,R3,185.05,1.02,1.0217693015596954
C004,Acinetobacter,R4,64.05,6.27,6.267710556202211
C004,Acinetobacter,R4,65.05,6.26,6.267093570469613
C004,Acinetobacter,R4,66.05,6.28,6.262968318770189
C004,Acinetobacter,R4,67.05,6.26,6.254511437946443
C004,Acinetobacter,R4,68.05,6.24,6.24216627066282
C004,Acinetobacter,R4,69.05,6.22,6.226648999669038
C004,Acinetobacter,R4,70.05,6.22,6.208500462233962
C004,Acinetobacter,R4,71.05,6.19,6.188379077407183
C004,Acinetobacter,R4,72.05,6.16,6.1675889368420265
C004,Acinetobacter,R4,73.05,6.14,6.147408042686999
C004,Acinetobacter,R4,74.05,6.12,6.12836436646765
C004,Acinetobacter,R4,75.05,6.11,6.1105281558076205
C004,Acinetobacter,R4,76.05,6.1,6.092888793345874
C004,Acinetobacter,R4,77.05,6.08,6.074361771609908
C004,Acinetobacter,R4,78.05,6.05,6.054647887666009
C004,Acinetobacter,R4,79.05,6.04,6.033705410316499
C004,Acinetobacter,R4,80.05,6.02,6.011737190769022
C004,Acinetobacter,R4,81.05,5.98,5.989138943328842
C004,Acinetobacter,R4,82.05,5.96,5.966833252286325
C004,Acinetobacter,R4,83.05,5.94,5.945544527241798
C004,Acinetobacter,R4,84.05,5.93,5.924677609050316
C004,Acinetobacter,R4,85.05,5.91,5.903450996937975
C004,Acinetobacter,R4,86.05,5.88,5.881657392360299
C004,Acinetobacter,R4,87.05,5.86,5.859270568460899
C004,Acinetobacter,R4,88.05,5.83,5.836414382906326
C004,Acinetobacter,R4,89.05,5.82,5.813212713265671
C004,Acinetobacter,R4,90.05,5.79,5.789639432195275
C004,Acinetobacter,R4,91.05,5.76,5.765642838393946
C004,Acinetobacter,R4,92.05,5.74,5.741218939643104
C004,Acinetobacter,R4,93.05,5.72,5.716320635577077
C004,Acinetobacter,R4,94.05,5.7,5.69068068415923
C004,Acinetobacter,R4,95.05,5.66,5.66417452063042
C004,Acinetobacter,R4,96.05,5.63,5.637468431012452
C004,Acinetobacter,R4,97.05,5.61,5.611196542606862
C004,Acinetobacter,R4,98.05,5.59,5.585073497053138
C004,Acinetobacter,R4,99.05,5.56,5.558720302618542
C004,Acinetobacter,R4,100.05,5.53,5.532302919743496
C004,Acinetobacter,R4,101.05,5.5,5.5059805189086815
C004,Acinetobacter,R4,102.05,5.47,5.479340158582643
C004,Acinetobacter,R4,103.05,5.47,5.4517813152075885
C004,Acinetobacter,R4,104.05,5.43,5.422525249132509
C004,Acinetobacter,R4,105.05,5.39,5.391127081562575
C004,Acinetobacter,R4,106.05,5.35,5.35865559322092
C004,Acinetobacter,R4,107.05,5.32,5.326232468730932
C004,Acinetobacter,R4,108.05,5.3,5.293677348799083
C004,Acinetobacter,R4,109.05,5.27,5.260666480046353
C004,Acinetobacter,R4,110.05,5.22,5.227604576668724
C004,Acinetobacter,R4,111.05,5.19,5.195006489589849
C004,Acinetobacter,R4,112.05,5.16,5.163099149069087
C004,Acinetobacter,R4,113.05,5.13,5.1318407432489375
C004,Acinetobacter,R4,114.05,5.1,5.1004024124687355
C004,Acinetobacter,R4,115.05,5.08,5.06789921161545
C004,Acinetobacter,R4,116.05,5.04,5.034008901569762
C004,Acinetobacter,R4,117.05,4.99,4.998741868819361
C004,Acinetobacter,R4,118.05,4.97,4.962876296286273
C004,Acinetobacter,R4,119.05,4.91,4.9272027027619
C004,Acinetobacter,R4,120.05,4.9,4.891793154080796
C004,Acinetobacter,R4,121.05,4.85,4.856467436362415
C004,Acinetobacter,R4,122.05,4.83,4.82075466982263
C004,Acinetobacter,R4,123.05,4.78,4.784188909714961
C004,Acinetobacter,R4,124.05,4.75,4.746614617347081
C004,Acinetobacter,R4,125.05,4.71,4.708023906690208
C004,Acinetobacter,R4,126.05,4.67,4.668689096315561
C004,Acinetobacter,R4,127.05,4.62,4.628898277335241
C004,Acinetobacter,R4,128.05,4.59,4.588722426424867
C004,Acinetobacter,R4,129.05,4.55,4.54812782277477
C004,Acinetobacter,R4,130.05,4.51,4.506879070070594
C004,Acinetobacter,R4,131.05,4.46,4.464735120080947
C004,Acinetobacter,R4,132.05,4.43,4.421633992410955
C004,Acinetobacter,R4,133.05,4.38,4.377680584899171
C004,Acinetobacter,R4,134.05,4.32,4.333468240481322
C004,Acinetobacter,R4,135.05,4.29,4.28949585786245
C004,Acinetobacter,R4,136.05,4.25,4.245396113727676
C004,Acinetobacter,R4,137.05,4.2,4.200686195108586
C004,Acinetobacter,R4,138.05,4.16,4.155287552442589
C004,Acinetobacter,R4,139.05,4.1,4.109194617755299
C004,Acinetobacter,R4,140.05,4.07,4.062289486019364
C004,Acinetobacter,R4,141.05,4.02,4.014504220598271
C004,Acinetobacter,R4,142.05,3.95,3.9660830954718467
C004,Acinetobacter,R4,143.05,3.93,3.917263212217706
C004,Acinetobacter,R4,144.05,3.86,3.8679407721883208
C004,Acinetobacter,R4,145.05,3.82,3.817939086747573
C004,Acinetobacter,R4,146.05,3.77,3.767130807530098
C004,Acinetobacter,R4,147.05,3.71,3.7153906284011087
C004,Acinetobacter,R4,148.05,3.67,3.6625520718773843
C004,Acinetobacter,R4,149.05,3.61,3.608528078522794
C004,Acinetobacter,R4,150.05,3.55,3.5535904324380185
C004,Acinetobacter,R4,151.05,3.5,3.4981033762131353
C004,Acinetobacter,R4,152.05,3.44,3.4424421428589502
C004,Acinetobacter,R4,153.05,3.38,3.3868610234585304
C004,Acinetobacter,R4,154.05,3.33,3.3311195509632343
C004,Acinetobacter,R4,155.05,3.28,3.2748097646273195
C004,Acinetobacter,R4,156.05,3.22,3.2173484870483513
C004,Acinetobacter,R4,157.05,3.16,3.1582422244841664
C004,Acinetobacter,R4,158.05,3.1,3.097531434490355
C004,Acinetobacter,R4,159.05,3.04,3.035506971340189
C004,Acinetobacter,R4,160.05,2.96,2.9729273248799073
C004,Acinetobacter,R4,161.05,2.91,2.9104158571575716
C004,Acinetobacter,R4,162.05,2.84,2.8475877834556105
C004,Acinetobacter,R4,163.05,2.8,2.783873986615228
C004,Acinetobacter,R4,164.05,2.72,2.7189761664783685
C004,Acinetobacter,R4,165.05,2.64,2.652681901153844
C004,Acinetobacter,R4,166.05,2.59,2.5848514648172074
C004,Acinetobacter,R4,167.05,2.53,2.5154780779801595
C004,Acinetobacter,R4,168.05,2.44,2.4450140504322806
C004,Acinetobacter,R4,169.05,2.36,2.373974753041383
C004,Acinetobacter,R4,170.05,2.31,2.302668711710299
C004,Acinetobacter,R4,171.05,2.23,2.231295857190255
C004,Acinetobacter,R4,172.05,2.16,2.1598285845910308
C004,Acinetobacter,R4,173.05,2.08,2.0881046329813007
C004,Acinetobacter,R4,174.05,2.02,2.0156506529067824
C004,Acinetobacter,R4,175.05,1.95,1.941987718098009
C004,Acinetobacter,R4,176.05,1.86,1.8669256835477053
C004,Acinetobacter,R4,177.05,1.79,1.7903311805558253
C004,Acinetobacter,R4,178.05,1.72,1.7120091643890394
C004,Acinetobacter,R4,179.05,1.63,1.6318432945234576
C004,Acinetobacter,R4,180.05,1.55,1.5500937233062169
C004,Acinetobacter,R4,181.05,1.47,1.4671385477912442
C004,Acinetobacter,R4,182.05,1.37,1.3834511509886038
C004,Acinetobacter,R4,183.05,1.3,1.299284875483576
C004,Acinetobacter,R4,184.05,1.21,1.2139176162061889
C004,Acinetobacter,R4,185.05,1.14,1.1264503741545546
C005,Acinetobacter,R5,50.05,5.77,5.771519505878037
C005,Acinetobacter,R5,51.05,5.77,5.770299755625341
C005,Acinetobacter,R5,52.05,5.78,5.766275637784151
C005,Acinetobacter,R5,53.05,5.75,5.758998265967351
C005,Acinetobacter,R5,54.05,5.75,5.748637141963687
C005,Acinetobacter,R5,55.05,5.74,5.735456273498375
C005,Acinetobacter,R5,56.05,5.72,5.719479303866686
C005,Acinetobacter,R5,57.05,5.71,5.700907730452204
C005,Acinetobacter,R5,58.05,5.68,5.6808948314217425
C005,Acinetobacter,R5,59.05,5.64,5.66067114864246
C005,Acinetobacter,R5,60.05,5.65,5.640824497999657
C005,Acinetobacter,R5,61.05,5.62,5.6216716863112
C005,Acinetobacter,R5,62.05,5.6,5.603088210107051
C005,Acinetobacter,R5,63.05,5.59,5.584870731650699
C005,Acinetobacter,R5,64.05,5.56,5.566941886427627
C005,Acinetobacter,R5,65.05,5.55,5.54918960046006
C005,Acinetobacter,R5,66.05,5.54,5.53123698869519
C005,Acinetobacter,R5,67.05,5.51,5.5127668640256875
C005,Acinetobacter,R5,68.05,5.49,5.493965642201184
C005,Acinetobacter,R5,69.05,5.48,5.475088219269552
C005,Acinetobacter,R5,70.05,5.45,5.456159809614674
C005,Acinetobacter,R5,71.05,5.44,5.437124370472873
C005,Acinetobacter,R5,72.05,5.42,5.4178305121541825
C005,Acinetobacter,R5,73.05,5.4,5.3981757869133355
C005,Acinetobacter,R5,74.05,5.37,5.378348861710157
C005,Acinetobacter,R5,75.05,5.36,5.358507111855186
C005,Acinetobacter,R5,76.05,5.35,5.338391631356745
C005,Acinetobacter,R5,77.05,5.31,5.317777034419212
C005,Acinetobacter,R5,78.05,5.29,5.296988297333421
C005,Acinetobacter,R5,79.05,5.28,5.27630591558068
C005,Acinetobacter,R5,80.05,5.26,5.255282099317736
C005,Acinetobacter,R5,81.05,5.23,5.2334236899770445
C005,Acinetobacter,R5,82.05,5.22,5.210784339418491
C005,Acinetobacter,R5,83.05,5.18,5.187573269710472
C005,Acinetobacter,R5,84.05,5.16,5.164075173328019
C005,Acinetobacter,R5,85.05,5.15,5.140525878931927
C005,Acinetobacter,R5,86.05,5.11,5.1168902895194375
C005,Acinetobacter,R5,87.05,5.1,5.093162110850695
C005,Acinetobacter,R5,88.05,5.06,5.06972118540104
C005,Acinetobacter,R5,89.05,5.04,5.0467982795496376
C005,Acinetobacter,R5,90.05,5.03,5.023641718575772
C005,Acinetobacter,R5,91.05,5.01,4.999432908142939
C005,Acinetobacter,R5,92.05,4.98,4.974068016551383
C005,Acinetobacter,R5,93.05,4.94,4.94777427362179
C005,Acinetobacter,R5,94.05,4.91,4.921388392619879
C005,Acinetobacter,R5,95.05,4.9,4.895618859402399
C005,Acinetobacter,R5,96.05,4.88,4.8700517667451875
C005,Acinetobacter,R5,97.05,4.84,4.844219828348195
C005,Acinetobacter,R5,98.05,4.81,4.818564634688759
C005,Acinetobacter,R5,99.05,4.79,4.7934910809365885
C005,Acinetobacter,R5,100.05,4.78,4.768348404253536
C005,Acinetobacter,R5,101.05,4.74,4.742385412000569
C005,Acinetobacter,R5,102.05,4.72,4.715504850342975
C005,Acinetobacter,R5,103.05,4.69,4.687870646656037
C005,Acinetobacter,R5,104.05,4.65,4.660037514350689
C005,Acinetobacter,R5,105.05,4.63,4.6324514804418175
C005,Acinetobacter,R5,106.05,4.61,4.604733040324462
C005,Acinetobacter,R5,107.05,4.58,4.576425192814704
C005,Acinetobacter,R5,108.05,4.55,4.547586482032601
C005,Acinetobacter,R5,109.05,4.51,4.518400829584977
C005,Acinetobacter,R5,110.05,4.49,4.489038121721706
C005,Acinetobacter,R5,111.05,4.46,4.459583407739916
C005,Acinetobacter,R5,112.05,4.43,4.429796424482664
C005,Acinetobacter,R5,113.05,4.4,4.399377863677405
C005,Acinetobacter,R5,114.05,4.37,4.36811754904321
C005,Acinetobacter,R5,115.05,4.34,4.335936851655173
C005,Acinetobacter,R5,116.05,4.31,4.303194200020859
C005,Acinetobacter,R5,117.05,4.26,4.270411417508454
C005,Acinetobacter,R5,118.05,4.23,4.238326849496159
C005,Acinetobacter,R5,119.05,4.21,4.207463764383574
C005,Acinetobacter,R5,120.05,4.17,4.177268600645829
C005,Acinetobacter,R5,121.05,4.15,4.146875598308206
C005,Acinetobacter,R5,122.05,4.13,4.1152470335210625
C005,Acinetobacter,R5,123.05,4.08,4.081592139163026
C005,Acinetobacter,R5,124.05,4.05,4.046279938900732
C005,Acinetobacter,R5,125.05,4.01,4.010007955389006
C005,Acinetobacter,R5,126.05,3.96,3.973627916447392
C005,Acinetobacter,R5,127.05,3.94,3.9378173881764384
C005,Acinetobacter,R5,128.05,3.91,3.902403084635997
C005,Acinetobacter,R5,129.05,3.86,3.8670809639870756
C005,Acinetobacter,R5,130.05,3.83,3.8318748128360056
C005,Acinetobacter,R5,131.05,3.8,3.796799232224129
C005,Acinetobacter,R5,132.05,3.76,3.7615042524875095
C005,Acinetobacter,R5,133.05,3.73,3.725605589978681
C005,Acinetobacter,R5,134.05,3.68,3.6889462758213494
C005,Acinetobacter,R5,135.05,3.66,3.651389994260616
C005,Acinetobacter,R5,136.05,3.62,3.612655727255957
C005,Acinetobacter,R5,137.05,3.57,3.572657466148767
C005,Acinetobacter,R5,138.05,3.53,3.5322339420937405
C005,Acinetobacter,R5,139.05,3.48,3.492226347950221
C005,Acinetobacter,R5,140.05,3.46,3.4525609835828655
C005,Acinetobacter,R5,141.05,3.41,3.4129229362630187
C005,Acinetobacter,R5,142.05,3.38,3.37294733588345
C005,Acinetobacter,R5,143.05,3.33,3.3323515130206345
C005,Acinetobacter,R5,144.05,3.29,3.2912315583644456
C005,Acinetobacter,R5,145.05,3.25,3.249752962142408
C005,Acinetobacter,R5,146.05,3.21,3.2079800526192357
C005,Acinetobacter,R5,147.05,3.16,3.1659004869931877
C005,Acinetobacter,R5,148.05,3.12,3.1232964001595027
C005,Acinetobacter,R5,149.05,3.09,3.079904169744881
C005,Acinetobacter,R5,150.05,3.04,3.035482666604928
C005,Acinetobacter,R5,151.05,2.98,2.98990583749082
C005,Acinetobacter,R5,152.05,2.95,2.9434854395071
C005,Acinetobacter,R5,153.05,2.89,2.8965885584320805
C005,Acinetobacter,R5,154.05,2.86,2.849365784385773
C005,Acinetobacter,R5,155.05,2.79,2.801896785563502
C005,Acinetobacter,R5,156.05,2.75,2.7541940381201657
C005,Acinetobacter,R5,157.05,2.72,2.7062249672256584
C005,Acinetobacter,R5,158.05,2.66,2.657843986150275
C005,Acinetobacter,R5,159.05,2.6,2.60899650464551
C005,Acinetobacter,R5,160.05,2.56,2.560104930287265
C005,Acinetobacter,R5,161.05,2.51,2.511577084849003
C005,Acinetobacter,R5,162.05,2.47,2.463285449070045
C005,Acinetobacter,R5,163.05,2.4,2.414960252649721
C005,Acinetobacter,R5,164.05,2.38,2.366298062161513
C005,Acinetobacter,R5,165.05,2.31,2.316980513666653
C005,Acinetobacter,R5,166.05,2.27,2.2666631843032152
C005,Acinetobacter,R5,167.05,2.22,2.21507160716219
C005,Acinetobacter,R5,168.05,2.16,2.162237198069412
C005,Acinetobacter,R5,169.05,2.11,2.1082996299965986
C005,Acinetobacter,R5,170.05,2.05,2.0535257217641307
C005,Acinetobacter,R5,171.05,2,1.99818833657007
C005,Acinetobacter,R5,172.05,1.94,1.9424573692745217
C005,Acinetobacter,R5,173.05,1.88,1.8863778616262328
C005,Acinetobacter,R5,174.05,1.84,1.8295984112664916
C005,Acinetobacter,R5,175.05,1.77,1.7717815259792231
C005,Acinetobacter,R5,176.05,1.72,1.7130417982263517
C005,Acinetobacter,R5,177.05,1.65,1.653684221869338
C005,Acinetobacter,R5,178.05,1.58,1.5943233116897795
C005,Acinetobacter,R5,179.05,1.54,1.5353820212372125
C005,Acinetobacter,R5,180.05,1.48,1.4762075382127677
C005,Acinetobacter,R5,181.05,1.42,1.416039084808873
C005,Acinetobacter,R5,182.05,1.35,1.3547597870315529
C005,Acinetobacter,R5,183.05,1.3,1.292447124191269
C005,Acinetobacter,R5,184.05,1.23,1.2293120850026598
C005,Acinetobacter,R5,185.05,1.16,1.1656573666302814
C006,Aeromonas_A,R1,46.07,6.3,6.2895366206128696
C006,Aeromonas_A,R1,47.07,6.29,6.288224974423604
C006,Aeromonas_A,R1,48.07,6.29,6.284588452402625
C006,Aeromonas_A,R1,49.07,6.29,6.278793021314391
C006,Aeromonas_A,R1,50.07,6.26,6.271298602022177
C006,Aeromonas_A,R1,51.07,6.26,6.263023109526265
C006,Aeromonas_A,R1,52.07,6.25,6.2547854114502135
C006,Aeromonas_A,R1,53.07,6.25,6.2465501917736495
C006,Aeromonas_A,R1,54.07,6.24,6.238148359136184
C006,Aeromonas_A,R1,55.07,6.23,6.229729904461262
C006,Aeromonas_A,R1,56.07,6.21,6.2214165075688586
C006,Aeromonas_A,R1,57.07,6.22,6.212897521581198
C006,Aeromonas_A,R1,58.07,6.21,6.203864211244367
C006,Aeromonas_A,R1,59.07,6.2,6.194447814497638
C006,Aeromonas_A,R1,60.07,6.18,6.184889096161478
C006,Aeromonas_A,R1,61.07,6.16,6.175426955387948
C006,Aeromonas_A,R1,62.07,6.18,6.166299824912007
C006,Aeromonas_A,R1,63.07,6.15,6.157643527026856
C006,Aeromonas_A,R1,64.07,6.15,6.149183442258653
C006,Aeromonas_A,R1,65.07,6.14,6.140536044029572
C006,Aeromonas_A,R1,66.07,6.13,6.131292619112857
C006,Aeromonas_A,R1,67.07,6.13,6.121074421353005
C006,Aeromonas_A,R1,68.07,6.11,6.109647759528442
C006,Aeromonas_A,R1,69.07,6.1,6.096977218666123
C006,Aeromonas_A,R1,70.07,6.09,6.083675433853185
C006,Aeromonas_A,R1,71.07,6.05,6.070421388399426
C006,Aeromonas_A,R1,72.07,6.06,6.057511408445137
C006,Aeromonas_A,R1,73.07,6.05,6.045055980248655
C006,Aeromonas_A,R1,74.07,6.03,6.032804887710021
C006,Aeromonas_A,R1,75.07,6.03,6.020454063154399
C006,Aeromonas_A,R1,76.07,5.99,6.00784473496573
C006,Aeromonas_A,R1,77.07,6,5.99485445554265
C006,Aeromonas_A,R1,78.07,5.99,5.98132014748427
C006,Aeromonas_A,R1,79.07,5.97,5.966916214191638
C006,Aeromonas_A,R1,80.07,5.95,5.951436765529647
C006,Aeromonas_A,R1,81.07,5.93,5.935317256416694
C006,Aeromonas_A,R1,82.07,5.92,5.919049194209079
C006,Aeromonas_A,R1,83.07,5.91,5.9027069509612
C006,Aeromonas_A,R1,84.07,5.88,5.8863317912556985
C006,Aeromonas_A,R1,85.07,5.86,5.870249685090074
C006,Aeromonas_A,R1,86.07,5.86,5.854657048362431
C006,Aeromonas_A,R1,87.07,5.84,5.8389473751584395
C006,Aeromonas_A,R1,88.07,5.83,5.822513413294735
C006,Aeromonas_A,R1,89.07,5.81,5.805547847324256
C006,Aeromonas_A,R1,90.07,5.77,5.788360127637143
C006,Aeromonas_A,R1,91.07,5.78,5.770926831236039
C006,Aeromonas_A,R1,92.07,5.75,5.753141316776709
C006,Aeromonas_A,R1,93.07,5.74,5.734902324907924
C006,Aeromonas_A,R1,94.07,5.72,5.716130124250462
C006,Aeromonas_A,R1,95.07,5.69,5.69680337617216
C006,Aeromonas_A,R1,96.07,5.67,5.677112785057048
C006,Aeromonas_A,R1,97.07,5.66,5.6571451308748335
C006,Aeromonas_A,R1,98.07,5.65,5.636359452921682
C006,Aeromonas_A,R1,99.07,5.61,5.614289623416981
C006,Aeromonas_A,R1,100.07,5.59,5.591396586946497
C006,Aeromonas_A,R1,101.07,5.56,5.568221253906207
C006,Aeromonas_A,R1,102.07,5.55,5.544697325566518
C006,Aeromonas_A,R1,103.07,5.52,5.520637043681243
C006,Aeromonas_A,R1,104.07,5.5,5.495974021063374
C006,Aeromonas_A,R1,105.07,5.47,5.470687216418794
C006,Aeromonas_A,R1,106.07,5.44,5.4448156009657405
C006,Aeromonas_A,R1,107.07,5.42,5.418413149050544
C006,Aeromonas_A,R1,108.07,5.4,5.391566083549608
C006,Aeromonas_A,R1,109.07,5.36,5.364489621459607
C006,Aeromonas_A,R1,110.07,5.33,5.33740801747164
C006,Aeromonas_A,R1,111.07,5.31,5.3104526829342
C006,Aeromonas_A,R1,112.07,5.28,5.283577574719444
C006,Aeromonas_A,R1,113.07,5.26,5.256119675136757
C006,Aeromonas_A,R1,114.07,5.24,5.227417807866403
C006,Aeromonas_A,R1,115.07,5.19,5.197435136634901
C006,Aeromonas_A,R1,116.07,5.17,5.166330724035711
C006,Aeromonas_A,R1,117.07,5.13,5.134422888083824
C006,Aeromonas_A,R1,118.07,5.1,5.101996865258314
C006,Aeromonas_A,R1,119.07,5.07,5.069046310473115
C006,Aeromonas_A,R1,120.07,5.04,5.03548968180456
C006,Aeromonas_A,R1,121.07,4.99,5.001236231543721
C006,Aeromonas_A,R1,122.07,4.98,4.966192910535357
C006,Aeromonas_A,R1,123.07,4.92,4.930283512430268
C006,Aeromonas_A,R1,124.08,4.9,4.893126967787444
C006,Aeromonas_A,R1,125.08,4.85,4.855444465553035
C006,Aeromonas_A,R1,126.08,4.82,4.8167671939742
C006,Aeromonas_A,R1,127.08,4.78,4.777020230768471
C006,Aeromonas_A,R1,128.08,4.73,4.736340744045607
C006,Aeromonas_A,R1,129.08,4.69,4.69479971062924
C006,Aeromonas_A,R1,130.08,4.67,4.651991251806261
C006,Aeromonas_A,R1,131.08,4.61,4.607662944477351
C006,Aeromonas_A,R1,132.08,4.55,4.5626530435350805
C006,Aeromonas_A,R1,133.08,4.51,4.517801425507411
C006,Aeromonas_A,R1,134.08,4.47,4.472863775471956
C006,Aeromonas_A,R1,135.08,4.43,4.427310904800813
C006,Aeromonas_A,R1,136.08,4.39,4.380558321494361
C006,Aeromonas_A,R1,137.08,4.34,4.332007707710056
C006,Aeromonas_A,R1,138.08,4.28,4.281318979462295
C006,Aeromonas_A,R1,139.08,4.22,4.229184988193279
C006,Aeromonas_A,R1,140.08,4.18,4.176414716337282
C006,Aeromonas_A,R1,141.08,4.12,4.123248734869115
C006,Aeromonas_A,R1,142.08,4.06,4.069672106036885
C006,Aeromonas_A,R1,143.08,4.02,4.015216268641348
C006,Aeromonas_A,R1,144.08,3.97,3.9593751595022173
C006,Aeromonas_A,R1,145.08,3.9,3.9019463309623523
C006,Aeromonas_A,R1,146.08,3.84,3.8428716627363695
C006,Aeromonas_A,R1,147.08,3.78,3.782366728502721
C006,Aeromonas_A,R1,148.08,3.72,3.7206070877434505
C006,Aeromonas_A,R1,149.08,3.66,3.657334549191099
C006,Aeromonas_A,R1,150.08,3.6,3.592294915722794
C006,Aeromonas_A,R1,151.08,3.52,3.5256837175434548
C006,Aeromonas_A,R1,152.08,3.45,3.457808916689963
C006,Aeromonas_A,R1,153.08,3.39,3.3888487994361394
C006,Aeromonas_A,R1,154.08,3.33,3.318462949003579
C006,Aeromonas_A,R1,155.08,3.24,3.2463155196703064
C006,Aeromonas_A,R1,156.08,3.17,3.1726076529922462
C006,Aeromonas_A,R1,157.08,3.1,3.0975782364661684
C006,Aeromonas_A,R1,158.08,3.02,3.0210801540742764
C006,Aeromonas_A,R1,159.08,2.95,2.9429644641047896
C006,Aeromonas_A,R1,160.08,2.85,2.8634609255845063
C006,Aeromonas_A,R1,161.08,2.78,2.782700108822092
C006,Aeromonas_A,R1,162.08,2.71,2.7000371285150666
C006,Aeromonas_A,R1,163.08,2.62,2.6148268178092176
C006,Aeromonas_A,R1,164.08,2.53,2.5271983392545954
C006,Aeromonas_A,R1,165.08,2.42,2.4374307631180656
C006,Aeromonas_A,R1,166.08,2.36,2.3456284611295364
C006,Aeromonas_A,R1,167.08,2.25,2.2518521303846692
C006,Aeromonas_A,R1,168.08,2.15,2.1561554272747525
C006,Aeromonas_A,R1,169.08,2.06,2.0585638453735515
C006,Aeromonas_A,R1,170.08,1.96,1.959066469368095
C006,Aeromonas_A,R1,171.08,1.86,1.8575349112159438
C006,Aeromonas_A,R1,172.08,1.75,1.753838298833173
C006,Aeromonas_A,R1,173.08,1.65,1.6479532966993526
C006,Aeromonas_A,R1,174.08,1.54,1.5398707556401505
C006,Aeromonas_A,R1,175.08,1.42,1.4295307353021822
C006,Aeromonas_A,R1,176.08,1.32,1.3167457336183954
C006,Aeromonas_A,R1,177.08,1.2,1.2008687928461803
C006,Aeromonas_A,R1,178.08,1.09,1.0812002718366098
C006,Aeromonas_A,R1,179.1,0.97,0.9547650877343599
C006,Aeromonas_A,R1,180.1,0.83,0.8265453908253233
C007,Aeromonas_A,R2,53.07,6.12,6.123605559287827
C007,Aeromonas_A,R2,54.07,6.13,6.122827200255243
C007,Aeromonas_A,R2,55.07,6.13,6.1201114820630895
C007,Aeromonas_A,R2,56.07,6.12,6.114987224950887
C007,Aeromonas_A,R2,57.07,6.1,6.108083097089307
C007,Aeromonas_A,R2,58.07,6.1,6.10020092866871
C007,Aeromonas_A,R2,59.07,6.09,6.091735350027071
C007,Aeromonas_A,R2,60.07,6.08,6.082948544873895
C007,Aeromonas_A,R2,61.07,6.08,6.073980110257235
C007,Aeromonas_A,R2,62.07,6.06,6.064938996559772
C007,Aeromonas_A,R2,63.07,6.05,6.055892142917258
C007,Aeromonas_A,R2,64.07,6.06,6.046738443477729
C007,Aeromonas_A,R2,65.07,6.03,6.037373981946852
C007,Aeromonas_A,R2,66.07,6.02,6.027851645248562
C007,Aeromonas_A,R2,67.07,6.03,6.018210250393941
C007,Aeromonas_A,R2,68.07,6.01,6.008275531524434
C007,Aeromonas_A,R2,69.07,5.99,5.997909424083413
C007,Aeromonas_A,R2,70.07,5.99,5.9873317515916336
C007,Aeromonas_A,R2,71.07,5.97,5.976719004054284
C007,Aeromonas_A,R2,72.07,5.97,5.965716449336879
C007,Aeromonas_A,R2,73.07,5.96,5.9539210186532845
C007,Aeromonas_A,R2,74.07,5.94,5.941267518750422
C007,Aeromonas_A,R2,75.07,5.93,5.927822040261297
C007,Aeromonas_A,R2,76.07,5.91,5.913837933830185
C007,Aeromonas_A,R2,77.07,5.9,5.899615365104179
C007,Aeromonas_A,R2,78.07,5.88,5.885379119430112
C007,Aeromonas_A,R2,79.07,5.88,5.8710524609537815
C007,Aeromonas_A,R2,80.07,5.85,5.856523609422511
C007,Aeromonas_A,R2,81.07,5.84,5.841842128190765
C007,Aeromonas_A,R2,82.07,5.83,5.82701735849628
C007,Aeromonas_A,R2,83.07,5.81,5.811736409502725
C007,Aeromonas_A,R2,84.07,5.81,5.795744928248046
C007,Aeromonas_A,R2,85.07,5.78,5.779344945341393
C007,Aeromonas_A,R2,86.07,5.76,5.763121603417074
C007,Aeromonas_A,R2,87.07,5.73,5.74823610963886
C007,Aeromonas_A,R2,88.07,5.72,5.7354815052586154
C007,Aeromonas_A,R2,89.07,5.74,5.723602103351095
C007,Aeromonas_A,R2,90.07,5.71,5.7110385186094215
C007,Aeromonas_A,R2,91.07,5.71,5.697065300377263
C007,Aeromonas_A,R2,92.07,5.69,5.681165481660924
C007,Aeromonas_A,R2,93.07,5.66,5.663122856953455
C007,Aeromonas_A,R2,94.07,5.64,5.643924266694878
C007,Aeromonas_A,R2,95.07,5.62,5.624693761116231
C007,Aeromonas_A,R2,96.07,5.6,5.605901183665638
C007,Aeromonas_A,R2,97.07,5.58,5.587642745978983
C007,Aeromonas_A,R2,98.07,5.58,5.569174339226095
C007,Aeromonas_A,R2,99.07,5.56,5.549754957299164
C007,Aeromonas_A,R2,100.07,5.53,5.529496325445867
C007,Aeromonas_A,R2,101.07,5.5,5.508755002256776
C007,Aeromonas_A,R2,102.07,5.48,5.488014148338532
C007,Aeromonas_A,R2,103.07,5.47,5.467579156930678
C007,Aeromonas_A,R2,104.07,5.45,5.446917749788289
C007,Aeromonas_A,R2,105.07,5.43,5.425409047052681
C007,Aeromonas_A,R2,106.07,5.4,5.402915433894582
C007,Aeromonas_A,R2,107.07,5.38,5.37942011174207
C007,Aeromonas_A,R2,108.07,5.36,5.354963923890899
C007,Aeromonas_A,R2,109.07,5.33,5.3298182811074915
C007,Aeromonas_A,R2,110.07,5.29,5.304235461359239
C007,Aeromonas_A,R2,111.07,5.29,5.27816064394671
C007,Aeromonas_A,R2,112.07,5.25,5.251499601089003
C007,Aeromonas_A,R2,113.07,5.23,5.224307575346173
C007,Aeromonas_A,R2,114.07,5.19,5.196724539943276
C007,Aeromonas_A,R2,115.07,5.17,5.169079920424412
C007,Aeromonas_A,R2,116.07,5.14,5.141676348849794
C007,Aeromonas_A,R2,117.07,5.11,5.114519831025059
C007,Aeromonas_A,R2,118.07,5.09,5.087495888757235
C007,Aeromonas_A,R2,119.07,5.06,5.060304734113483
C007,Aeromonas_A,R2,120.07,5.03,5.032607046527899
C007,Aeromonas_A,R2,121.07,5.01,5.004090684642137
C007,Aeromonas_A,R2,122.07,4.97,4.974450301899748
C007,Aeromonas_A,R2,123.07,4.95,4.943441097586573
C007,Aeromonas_A,R2,124.08,4.92,4.91072991815988
C007,Aeromonas_A,R2,125.08,4.87,4.877142701610945
C007,Aeromonas_A,R2,126.08,4.83,4.843019160408356
C007,Aeromonas_A,R2,127.08,4.81,4.808886913927748
C007,Aeromonas_A,R2,128.08,4.79,4.774277633127931
C007,Aeromonas_A,R2,129.08,4.73,4.7386600251586435
C007,Aeromonas_A,R2,130.08,4.7,4.702246890350125
C007,Aeromonas_A,R2,131.08,4.67,4.665337886220506
C007,Aeromonas_A,R2,132.08,4.62,4.6278360058590415
C007,Aeromonas_A,R2,133.08,4.59,4.589563919944877
C007,Aeromonas_A,R2,134.08,4.57,4.550419673945659
C007,Aeromonas_A,R2,135.08,4.49,4.510334781640481
C007,Aeromonas_A,R2,136.08,4.47,4.469299255265702
C007,Aeromonas_A,R2,137.08,4.43,4.42731773167201
C007,Aeromonas_A,R2,138.08,4.39,4.384353116841314
C007,Aeromonas_A,R2,139.08,4.34,4.340201393280474
C007,Aeromonas_A,R2,140.08,4.3,4.294764854300361
C007,Aeromonas_A,R2,141.08,4.24,4.248537959903007
C007,Aeromonas_A,R2,142.08,4.2,4.202036322433471
C007,Aeromonas_A,R2,143.08,4.15,4.155267996917767
C007,Aeromonas_A,R2,144.08,4.11,4.1080191782517055
C007,Aeromonas_A,R2,145.08,4.07,4.0596961781292835
C007,Aeromonas_A,R2,146.08,4.01,4.0098271780345245
C007,Aeromonas_A,R2,147.08,3.96,3.9588077218133524
C007,Aeromonas_A,R2,148.08,3.89,3.907109610495743
C007,Aeromonas_A,R2,149.08,3.87,3.8546423114859794
C007,Aeromonas_A,R2,150.08,3.8,3.8012369257237792
C007,Aeromonas_A,R2,151.08,3.74,3.7469734219162603
C007,Aeromonas_A,R2,152.08,3.7,3.6919939857123945
C007,Aeromonas_A,R2,153.08,3.62,3.636310643218172
C007,Aeromonas_A,R2,154.08,3.58,3.5794147823676403
C007,Aeromonas_A,R2,155.08,3.54,3.520731215084981
C007,Aeromonas_A,R2,156.08,3.46,3.45993908742681
C007,Aeromonas_A,R2,157.08,3.39,3.3969177213984647
C007,Aeromonas_A,R2,158.08,3.33,3.332092808667693
C007,Aeromonas_A,R2,159.08,3.27,3.2659211616108594
C007,Aeromonas_A,R2,160.08,3.2,3.1984377057763433
C007,Aeromonas_A,R2,161.08,3.13,3.12966442928367
C007,Aeromonas_A,R2,162.08,3.05,3.0599934573648904
C007,Aeromonas_A,R2,163.08,2.99,2.9897384543299057
C007,Aeromonas_A,R2,164.08,2.92,2.918529103687492
C007,Aeromonas_A,R2,165.08,2.85,2.8458888890608924
C007,Aeromonas_A,R2,166.08,2.77,2.771600475332378
C007,Aeromonas_A,R2,167.08,2.7,2.6955113226989686
C007,Aeromonas_A,R2,168.08,2.62,2.61759064573513
C007,Aeromonas_A,R2,169.08,2.54,2.538294676525079
C007,Aeromonas_A,R2,170.08,2.44,2.4580905255825374
C007,Aeromonas_A,R2,171.08,2.38,2.3770017996294426
C007,Aeromonas_A,R2,172.08,2.29,2.294773053607451
C007,Aeromonas_A,R2,173.08,2.23,2.210476139128846
C007,Aeromonas_A,R2,174.08,2.12,2.123294909999532
C007,Aeromonas_A,R2,175.08,2.04,2.033533932129297
C007,Aeromonas_A,R2,176.08,1.93,1.9417606867185662
C007,Aeromonas_A,R2,177.08,1.85,1.8484736040264833
C007,Aeromonas_A,R2,178.08,1.75,1.75398211181702
C007,Aeromonas_A,R2,179.1,1.65,1.65596730196519
C007,Aeromonas_A,R2,180.1,1.57,1.5578054287991903
C007,Aeromonas_A,R2,181.1,1.46,1.4574980781413527
C007,Aeromonas_A,R2,182.1,1.35,1.355041969748551
C007,Aeromonas_A,R2,183.1,1.24,1.2503748749631047
C007,Aeromonas_A,R2,184.1,1.15,1.1431987714691576
C007,Aeromonas_A,R2,185.1,1.04,1.0331773346332311
C007,Aeromonas_A,R2,186.1,0.92,0.9200568242095231
C007,Aeromonas_A,R2,187.1,0.81,0.8037426337744227
C008,Aeromonas_A,R3,53.07,6.05,6.05118412010474
C008,Aeromonas_A,R3,54.07,6.05,6.050063221219112
C008,Aeromonas_A,R3,55.07,6.06,6.047109448325929
C008,Aeromonas_A,R3,56.07,6.04,6.042285709741706
C008,Aeromonas_A,R3,57.07,6.03,6.0361501786384615
C008,Aeromonas_A,R3,58.07,6.03,6.029345440270365
C008,Aeromonas_A,R3,59.07,6.03,6.022256463364655
C008,Aeromonas_A,R3,60.07,6.01,6.01520028699728
C008,Aeromonas_A,R3,61.07,6,6.008479848165951
C008,Aeromonas_A,R3,62.07,6,6.002394558348831
C008,Aeromonas_A,R3,63.07,6,5.997089921023086
C008,Aeromonas_A,R3,64.07,6,5.992095807661937
C008,Aeromonas_A,R3,65.07,5.98,5.9869261828020175
C008,Aeromonas_A,R3,66.07,5.99,5.981647015237571
C008,Aeromonas_A,R3,67.07,5.97,5.9764666618169
C008,Aeromonas_A,R3,68.07,5.97,5.97161102734694
C008,Aeromonas_A,R3,69.07,5.96,5.967165186293583
C008,Aeromonas_A,R3,70.07,5.96,5.962633343799932
C008,Aeromonas_A,R3,71.07,5.97,5.957346730967741
C008,Aeromonas_A,R3,72.07,5.95,5.950525552056164
C008,Aeromonas_A,R3,73.07,5.96,5.941688696462157
C008,Aeromonas_A,R3,74.07,5.92,5.9316608209764485
C008,Aeromonas_A,R3,75.07,5.92,5.921450917720231
C008,Aeromonas_A,R3,76.07,5.9,5.911499552742725
C008,Aeromonas_A,R3,77.07,5.91,5.902105185575178
C008,Aeromonas_A,R3,78.07,5.89,5.89347455480857
C008,Aeromonas_A,R3,79.07,5.88,5.885447515272881
C008,Aeromonas_A,R3,80.07,5.88,5.877710691125577
C008,Aeromonas_A,R3,81.07,5.87,5.869704667595077
C008,Aeromonas_A,R3,82.07,5.87,5.860910833220322
C008,Aeromonas_A,R3,83.07,5.85,5.851219828711364
C008,Aeromonas_A,R3,84.07,5.84,5.840688568550447
C008,Aeromonas_A,R3,85.07,5.83,5.82962981013746
C008,Aeromonas_A,R3,86.07,5.82,5.818376841111595
C008,Aeromonas_A,R3,87.07,5.79,5.8070892271516
C008,Aeromonas_A,R3,88.07,5.81,5.795819700290604
C008,Aeromonas_A,R3,89.07,5.79,5.784367379939694
C008,Aeromonas_A,R3,90.07,5.77,5.772542942957696
C008,Aeromonas_A,R3,91.07,5.75,5.760456908616415
C008,Aeromonas_A,R3,92.07,5.74,5.748294756790904
C008,Aeromonas_A,R3,93.07,5.75,5.73608055781623
C008,Aeromonas_A,R3,94.07,5.74,5.723192743867503
C008,Aeromonas_A,R3,95.07,5.69,5.709137197899721
C008,Aeromonas_A,R3,96.07,5.7,5.694575244147368
C008,Aeromonas_A,R3,97.07,5.67,5.680225447693424
C008,Aeromonas_A,R3,98.07,5.67,5.66587989573534
C008,Aeromonas_A,R3,99.07,5.65,5.651116173362197
C008,Aeromonas_A,R3,100.07,5.65,5.635580335115131
C008,Aeromonas_A,R3,101.07,5.61,5.619101794421169
C008,Aeromonas_A,R3,102.07,5.61,5.60217493079881
C008,Aeromonas_A,R3,103.07,5.57,5.585349729549231
C008,Aeromonas_A,R3,104.07,5.57,5.56873363301283
C008,Aeromonas_A,R3,105.07,5.55,5.552224932391152
C008,Aeromonas_A,R3,106.07,5.54,5.535327857291132
C008,Aeromonas_A,R3,107.07,5.53,5.517448121921048
C008,Aeromonas_A,R3,108.07,5.5,5.498282956353678
C008,Aeromonas_A,R3,109.07,5.47,5.478695654119792
C008,Aeromonas_A,R3,110.07,5.45,5.459612322071477
C008,Aeromonas_A,R3,111.07,5.44,5.44104425688806
C008,Aeromonas_A,R3,112.07,5.43,5.422701383390431
C008,Aeromonas_A,R3,113.07,5.39,5.404002949138492
C008,Aeromonas_A,R3,114.07,5.4,5.384332129520947
C008,Aeromonas_A,R3,115.07,5.38,5.3632184885027
C008,Aeromonas_A,R3,116.07,5.33,5.340512079109598
C008,Aeromonas_A,R3,117.07,5.3,5.317198522035072
C008,Aeromonas_A,R3,118.07,5.3,5.294183742165766
C008,Aeromonas_A,R3,119.07,5.27,5.270919313493611
C008,Aeromonas_A,R3,120.07,5.25,5.246653063717279
C008,Aeromonas_A,R3,121.07,5.23,5.2212721862570906
C008,Aeromonas_A,R3,122.07,5.19,5.194823715963789
C008,Aeromonas_A,R3,123.07,5.17,5.167416538254183
C008,Aeromonas_A,R3,124.08,5.13,5.139125217386018
C008,Aeromonas_A,R3,125.08,5.12,5.1108572237093775
C008,Aeromonas_A,R3,126.08,5.07,5.0823809670119635
C008,Aeromonas_A,R3,127.08,5.06,5.053607777179279
C008,Aeromonas_A,R3,128.08,5.02,5.0242069552996815
C008,Aeromonas_A,R3,129.08,5,4.993840191452649
C008,Aeromonas_A,R3,130.08,4.97,4.962380760479256
C008,Aeromonas_A,R3,131.08,4.92,4.929825901766866
C008,Aeromonas_A,R3,132.08,4.9,4.896457128126396
C008,Aeromonas_A,R3,133.08,4.86,4.862594219760319
C008,Aeromonas_A,R3,134.08,4.83,4.828425753013767
C008,Aeromonas_A,R3,135.08,4.79,4.794011820537892
C008,Aeromonas_A,R3,136.08,4.75,4.759029784065222
C008,Aeromonas_A,R3,137.08,4.73,4.723061322598634
C008,Aeromonas_A,R3,138.08,4.69,4.685675470065211
C008,Aeromonas_A,R3,139.08,4.65,4.646390680088865
C008,Aeromonas_A,R3,140.08,4.61,4.604886409396655
C008,Aeromonas_A,R3,141.08,4.56,4.561536707431426
C008,Aeromonas_A,R3,142.08,4.52,4.516946482607065
C008,Aeromonas_A,R3,143.08,4.46,4.471949486505833
C008,Aeromonas_A,R3,144.08,4.42,4.427167640752591
C008,Aeromonas_A,R3,145.08,4.38,4.382146703974194
C008,Aeromonas_A,R3,146.08,4.35,4.336242324038893
C008,Aeromonas_A,R3,147.08,4.3,4.289125868778479
C008,Aeromonas_A,R3,148.08,4.22,4.240610866716121
C008,Aeromonas_A,R3,149.08,4.19,4.190763769176928
C008,Aeromonas_A,R3,150.08,4.15,4.139671687555124
C008,Aeromonas_A,R3,151.08,4.09,4.087251450719438
C008,Aeromonas_A,R3,152.08,4.03,4.0333773169072336
C008,Aeromonas_A,R3,153.08,3.97,3.9779502683273424
C008,Aeromonas_A,R3,154.08,3.93,3.920978183074507
C008,Aeromonas_A,R3,155.08,3.86,3.862469577837568
C008,Aeromonas_A,R3,156.08,3.8,3.802328627795863
C008,Aeromonas_A,R3,157.08,3.75,3.740494325114534
C008,Aeromonas_A,R3,158.08,3.67,3.6771492714114267
C008,Aeromonas_A,R3,159.08,3.61,3.612496636313645
C008,Aeromonas_A,R3,160.08,3.55,3.546578252032592
C008,Aeromonas_A,R3,161.08,3.48,3.479379002775013
C008,Aeromonas_A,R3,162.08,3.4,3.4108173181447037
C008,Aeromonas_A,R3,163.08,3.36,3.340808080757694
C008,Aeromonas_A,R3,164.08,3.25,3.26931843988193
C008,Aeromonas_A,R3,165.08,3.21,3.1962932734857286
C008,Aeromonas_A,R3,166.08,3.11,3.1215361076870205
C008,Aeromonas_A,R3,167.08,3.05,3.0448151306411293
C008,Aeromonas_A,R3,168.08,2.97,2.9659237934409597
C008,Aeromonas_A,R3,169.08,2.88,2.884756598929676
C008,Aeromonas_A,R3,170.08,2.8,2.8011977792338287
C008,Aeromonas_A,R3,171.08,2.72,2.71498943186317
C008,Aeromonas_A,R3,172.08,2.63,2.625934158539846
C008,Aeromonas_A,R3,173.08,2.53,2.534218712452335
C008,Aeromonas_A,R3,174.08,2.44,2.440082921176118
C008,Aeromonas_A,R3,175.08,2.34,2.3435947583684014
C008,Aeromonas_A,R3,176.08,2.25,2.244800619192523
C008,Aeromonas_A,R3,177.08,2.15,2.1438324387546874
C008,Aeromonas_A,R3,178.08,2.03,2.040824217157139
C008,Aeromonas_A,R3,179.1,1.92,1.9337128706811064
C008,Aeromonas_A,R3,180.1,1.84,1.8266393104383463
C008,Aeromonas_A,R3,181.1,1.72,1.7170726185028218
C008,Aeromonas_A,R3,182.1,1.61,1.6044648360408653
C008,Aeromonas_A,R3,183.1,1.48,1.4884214390635417
C008,Aeromonas_A,R3,184.1,1.36,1.3691616429609081
C008,Aeromonas_A,R3,185.1,1.25,1.2468134335892287
C008,Aeromonas_A,R3,186.1,1.13,1.1205261392906087
C008,Aeromonas_A,R3,187.1,1,0.9894414270539179
C008,Aeromonas_A,R3,188.1,0.86,0.8536489759691652
C009,Aeromonas_A,R4,50.07,6.12,6.119722304073572
C009,Aeromonas_A,R4,51.07,6.11,6.1189926762390225
C009,Aeromonas_A,R4,52.07,6.13,6.117142053951021
C009,Aeromonas_A,R4,53.07,6.11,6.113965620844448
C009,Aeromonas_A,R4,54.07,6.11,6.1093137898828385
C009,Aeromonas_A,R4,55.07,6.11,6.103331928678063
C009,Aeromonas_A,R4,56.07,6.09,6.09627102715322
C009,Aeromonas_A,R4,57.07,6.1,6.088509609827931
C009,Aeromonas_A,R4,58.07,6.07,6.080540465581598
C009,Aeromonas_A,R4,59.07,6.07,6.073185906136173
C009,Aeromonas_A,R4,60.07,6.06,6.067037837714693
C009,Aeromonas_A,R4,61.07,6.05,6.061437021701992
C009,Aeromonas_A,R4,62.07,6.07,6.055411433273341
C009,Aeromonas_A,R4,63.07,6.06,6.04812338202491
C009,Aeromonas_A,R4,64.07,6.04,6.039272515236427
C009,Aeromonas_A,R4,65.07,6.03,6.028870298690507
C009,Aeromonas_A,R4,66.07,6.01,6.017638134497759
C009,Aeromonas_A,R4,67.07,6.01,6.006379082324426
C009,Aeromonas_A,R4,68.07,5.99,5.995512895731288
C009,Aeromonas_A,R4,69.07,5.98,5.985247694977371
C009,Aeromonas_A,R4,70.07,5.97,5.975328373220126
C009,Aeromonas_A,R4,71.07,5.98,5.965361870289796
C009,Aeromonas_A,R4,72.07,5.95,5.954866539809334
C009,Aeromonas_A,R4,73.07,5.95,5.943490012422739
C009,Aeromonas_A,R4,74.07,5.93,5.931485613065482
C009,Aeromonas_A,R4,75.07,5.92,5.9192179895047285
C009,Aeromonas_A,R4,76.07,5.9,5.9068913865429655
C009,Aeromonas_A,R4,77.07,5.89,5.8946699482415035
C009,Aeromonas_A,R4,78.07,5.89,5.882615354063021
C009,Aeromonas_A,R4,79.07,5.87,5.870379425075645
C009,Aeromonas_A,R4,80.07,5.86,5.857604902758205
C009,Aeromonas_A,R4,81.07,5.84,5.844308068626875
C009,Aeromonas_A,R4,82.07,5.84,5.830618979763832
C009,Aeromonas_A,R4,83.07,5.81,5.8167492554779665
C009,Aeromonas_A,R4,84.07,5.8,5.802910740496375
C009,Aeromonas_A,R4,85.07,5.79,5.789234618992279
C009,Aeromonas_A,R4,86.07,5.77,5.775702105142643
C009,Aeromonas_A,R4,87.07,5.76,5.76177519369324
C009,Aeromonas_A,R4,88.07,5.76,5.746902539717597
C009,Aeromonas_A,R4,89.07,5.74,5.7309986590314255
C009,Aeromonas_A,R4,90.07,5.71,5.714171254378297
C009,Aeromonas_A,R4,91.07,5.68,5.696834915471079
C009,Aeromonas_A,R4,92.07,5.68,5.679480953764954
C009,Aeromonas_A,R4,93.07,5.67,5.662409789469274
C009,Aeromonas_A,R4,94.07,5.65,5.6451582778100535
C009,Aeromonas_A,R4,95.07,5.62,5.6272269579062355
C009,Aeromonas_A,R4,96.07,5.61,5.608734669431806
C009,Aeromonas_A,R4,97.07,5.59,5.589890506865401
C009,Aeromonas_A,R4,98.07,5.58,5.5706462833492125
C009,Aeromonas_A,R4,99.07,5.54,5.550966405880031
C009,Aeromonas_A,R4,100.07,5.53,5.531122938209496
C009,Aeromonas_A,R4,101.07,5.51,5.511303554553236
C009,Aeromonas_A,R4,102.07,5.49,5.491050714227989
C009,Aeromonas_A,R4,103.07,5.48,5.469848046125231
C009,Aeromonas_A,R4,104.07,5.45,5.447589072334276
C009,Aeromonas_A,R4,105.07,5.42,5.4243431413077134
C009,Aeromonas_A,R4,106.07,5.4,5.400473013753415
C009,Aeromonas_A,R4,107.07,5.38,5.3764148034430645
C009,Aeromonas_A,R4,108.07,5.34,5.352501229023406
C009,Aeromonas_A,R4,109.07,5.33,5.328651428641412
C009,Aeromonas_A,R4,110.07,5.31,5.304643148278847
C009,Aeromonas_A,R4,111.07,5.28,5.280102145756434
C009,Aeromonas_A,R4,112.07,5.26,5.25471249609834
C009,Aeromonas_A,R4,113.07,5.22,5.228543531303603
C009,Aeromonas_A,R4,114.07,5.21,5.20176009476262
C009,Aeromonas_A,R4,115.07,5.17,5.174523818456376
C009,Aeromonas_A,R4,116.07,5.14,5.146900854591218
C009,Aeromonas_A,R4,117.07,5.12,5.118578647684365
C009,Aeromonas_A,R4,118.07,5.1,5.089230772861917
C009,Aeromonas_A,R4,119.07,5.06,5.058854035374631
C009,Aeromonas_A,R4,120.07,5.03,5.027567916407789
C009,Aeromonas_A,R4,121.07,4.98,4.995659370760103
C009,Aeromonas_A,R4,122.07,4.96,4.963457221633648
C009,Aeromonas_A,R4,123.07,4.94,4.931101443359322
C009,Aeromonas_A,R4,124.08,4.9,4.897638761545907
C009,Aeromonas_A,R4,125.08,4.86,4.8630726761459835
C009,Aeromonas_A,R4,126.08,4.83,4.827032107311898
C009,Aeromonas_A,R4,127.08,4.79,4.7896056306676185
C009,Aeromonas_A,R4,128.08,4.76,4.750808605962005
C009,Aeromonas_A,R4,129.08,4.71,4.710815490715974
C009,Aeromonas_A,R4,130.08,4.66,4.670510349413764
C009,Aeromonas_A,R4,131.08,4.62,4.630669613755591
C009,Aeromonas_A,R4,132.08,4.6,4.590929577342272
C009,Aeromonas_A,R4,133.08,4.55,4.550727187203046
C009,Aeromonas_A,R4,134.08,4.52,4.509842142180279
C009,Aeromonas_A,R4,135.08,4.46,4.468148397665728
C009,Aeromonas_A,R4,136.08,4.42,4.42555418343562
C009,Aeromonas_A,R4,137.08,4.38,4.381976297862287
C009,Aeromonas_A,R4,138.08,4.35,4.3372555983189915
C009,Aeromonas_A,R4,139.08,4.29,4.290929178182682
C009,Aeromonas_A,R4,140.08,4.25,4.242705417216593
C009,Aeromonas_A,R4,141.08,4.19,4.193281604725405
C009,Aeromonas_A,R4,142.08,4.13,4.143436779655616
C009,Aeromonas_A,R4,143.08,4.09,4.093288069979538
C009,Aeromonas_A,R4,144.08,4.05,4.042700354453385
C009,Aeromonas_A,R4,145.08,4,3.991191425943142
C009,Aeromonas_A,R4,146.08,3.93,3.9383134835257514
C009,Aeromonas_A,R4,147.08,3.88,3.884103437012185
C009,Aeromonas_A,R4,148.08,3.84,3.828701916351242
C009,Aeromonas_A,R4,149.08,3.77,3.7721797213089756
C009,Aeromonas_A,R4,150.08,3.7,3.714518687970867
C009,Aeromonas_A,R4,151.08,3.66,3.655414627882822
C009,Aeromonas_A,R4,152.08,3.61,3.594491846455856
C009,Aeromonas_A,R4,153.08,3.52,3.531452095582287
C009,Aeromonas_A,R4,154.08,3.47,3.466306913079631
C009,Aeromonas_A,R4,155.08,3.41,3.399211350165621
C009,Aeromonas_A,R4,156.08,3.32,3.330584725733646
C009,Aeromonas_A,R4,157.08,3.26,3.2608800277055434
C009,Aeromonas_A,R4,158.08,3.19,3.1904206524412806
C009,Aeromonas_A,R4,159.08,3.11,3.1193581534976813
C009,Aeromonas_A,R4,160.08,3.05,3.0472863047808336
C009,Aeromonas_A,R4,161.08,2.98,2.9736815638844663
C009,Aeromonas_A,R4,162.08,2.9,2.8981089028035756
C009,Aeromonas_A,R4,163.08,2.82,2.820259545104276
C009,Aeromonas_A,R4,164.08,2.74,2.740241206235911
C009,Aeromonas_A,R4,165.08,2.66,2.6582414154539022
C009,Aeromonas_A,R4,166.08,2.57,2.574350465354824
C009,Aeromonas_A,R4,167.08,2.49,2.488634339370524
C009,Aeromonas_A,R4,168.08,2.4,2.4011321795276768
C009,Aeromonas_A,R4,169.08,2.31,2.3117757622322195
C009,Aeromonas_A,R4,170.08,2.22,2.220414593197334
C009,Aeromonas_A,R4,171.08,2.13,2.126676460985863
C009,Aeromonas_A,R4,172.08,2.04,2.0302885643231323
C009,Aeromonas_A,R4,173.08,1.93,1.9315974597346803
C009,Aeromonas_A,R4,174.08,1.82,1.8310822969193203
C009,Aeromonas_A,R4,175.08,1.73,1.7291332404687898
C009,Aeromonas_A,R4,176.08,1.62,1.6259454861694194
C009,Aeromonas_A,R4,177.08,1.52,1.521023339693045
C009,Aeromonas_A,R4,178.08,1.42,1.413700784878543
C009,Aeromonas_A,R4,179.1,1.3,1.3010781494762702
C009,Aeromonas_A,R4,180.1,1.19,1.186999198656742
C009,Aeromonas_A,R4,181.1,1.07,1.069095206870367
C009,Aeromonas_A,R4,182.1,0.96,0.9472650478032383
C009,Aeromonas_A,R4,183.1,0.82,0.8215900619704208
C010,Aeromonas_A,R5,64.07,6.49,6.470586208616538
C010,Aeromonas_A,R5,65.07,6.47,6.466284324076789
C010,Aeromonas_A,R5,66.07,6.46,6.458192781709553
C010,Aeromonas_A,R5,67.07,6.44,6.447582938660243
C010,Aeromonas_A,R5,68.07,6.43,6.435557615998484
C010,Aeromonas_A,R5,69.07,6.42,6.423020681244538
C010,Aeromonas_A,R5,70.07,6.42,6.4102487237970145
C010,Aeromonas_A,R5,71.07,6.38,6.397370231811713
C010,Aeromonas_A,R5,72.07,6.4,6.384548566594863
C010,Aeromonas_A,R5,73.07,6.36,6.371890973715215
C010,Aeromonas_A,R5,74.07,6.36,6.359245362641187
C010,Aeromonas_A,R5,75.07,6.35,6.346436040530974
C010,Aeromonas_A,R5,76.07,6.34,6.333452241402208
C010,Aeromonas_A,R5,77.07,6.32,6.3203244309873705
C010,Aeromonas_A,R5,78.07,6.3,6.307145794643451
C010,Aeromonas_A,R5,79.07,6.29,6.2942603962254315
C010,Aeromonas_A,R5,80.07,6.28,6.281879523946533
C010,Aeromonas_A,R5,81.07,6.27,6.2694324849549545
C010,Aeromonas_A,R5,82.07,6.26,6.256206135083858
C010,Aeromonas_A,R5,83.07,6.26,6.241699505971306
C010,Aeromonas_A,R5,84.07,6.22,6.225759110576728
C010,Aeromonas_A,R5,85.07,6.2,6.209409211340123
C010,Aeromonas_A,R5,86.07,6.18,6.193613840793668
C010,Aeromonas_A,R5,87.07,6.19,6.177918362357707
C010,Aeromonas_A,R5,88.07,6.17,6.1616891510513865
C010,Aeromonas_A,R5,89.07,6.14,6.144995297400857
C010,Aeromonas_A,R5,90.07,6.13,6.128044085429604
C010,Aeromonas_A,R5,91.07,6.1,6.110892857643427
C010,Aeromonas_A,R5,92.07,6.1,6.093561471168696
C010,Aeromonas_A,R5,93.07,6.08,6.076054588078921
C010,Aeromonas_A,R5,94.07,6.06,6.058316090236152
C010,Aeromonas_A,R5,95.07,6.04,6.040363101546634
C010,Aeromonas_A,R5,96.07,6.01,6.022566494304837
C010,Aeromonas_A,R5,97.07,6.01,6.005227672927719
C010,Aeromonas_A,R5,98.07,5.99,5.988016421933962
C010,Aeromonas_A,R5,99.07,5.97,5.970471212187164
C010,Aeromonas_A,R5,100.07,5.95,5.952236879828897
C010,Aeromonas_A,R5,101.07,5.95,5.933152862618828
C010,Aeromonas_A,R5,102.07,5.91,5.913730639511036
C010,Aeromonas_A,R5,103.07,5.87,5.894474477068736
C010,Aeromonas_A,R5,104.07,5.88,5.875187751097227
C010,Aeromonas_A,R5,105.07,5.87,5.8555044585862674
C010,Aeromonas_A,R5,106.07,5.83,5.835081972021371
C010,Aeromonas_A,R5,107.07,5.82,5.8135835077619875
C010,Aeromonas_A,R5,108.07,5.79,5.790835711834144
C010,Aeromonas_A,R5,109.07,5.76,5.767318948930159
C010,Aeromonas_A,R5,110.07,5.74,5.743476553347531
C010,Aeromonas_A,R5,111.07,5.73,5.718950019138148
C010,Aeromonas_A,R5,112.07,5.7,5.693405409565897
C010,Aeromonas_A,R5,113.07,5.66,5.667408904988239
C010,Aeromonas_A,R5,114.07,5.63,5.6416215813060795
C010,Aeromonas_A,R5,115.07,5.63,5.6161839795005175
C010,Aeromonas_A,R5,116.07,5.58,5.591077050786163
C010,Aeromonas_A,R5,117.07,5.56,5.566163922231468
C010,Aeromonas_A,R5,118.07,5.55,5.541193233735601
C010,Aeromonas_A,R5,119.07,5.52,5.515573500666732
C010,Aeromonas_A,R5,120.07,5.49,5.4887856173134715
C010,Aeromonas_A,R5,121.07,5.46,5.460940118177173
C010,Aeromonas_A,R5,122.07,5.43,5.432304947812383
C010,Aeromonas_A,R5,123.07,5.41,5.403143030359618
C010,Aeromonas_A,R5,124.08,5.36,5.3734021210354586
C010,Aeromonas_A,R5,125.08,5.35,5.343821565171813
C010,Aeromonas_A,R5,126.08,5.31,5.31389877836443
C010,Aeromonas_A,R5,127.08,5.29,5.283371363244335
C010,Aeromonas_A,R5,128.08,5.25,5.252121439491745
C010,Aeromonas_A,R5,129.08,5.22,5.220112659163524
C010,Aeromonas_A,R5,130.08,5.19,5.187490286773901
C010,Aeromonas_A,R5,131.08,5.14,5.154348251329938
C010,Aeromonas_A,R5,132.08,5.14,5.120393527352691
C010,Aeromonas_A,R5,133.08,5.08,5.085363209582367
C010,Aeromonas_A,R5,134.08,5.05,5.049501828121813
C010,Aeromonas_A,R5,135.08,5.01,5.013144276167222
C010,Aeromonas_A,R5,136.08,4.98,4.976479463925499
C010,Aeromonas_A,R5,137.08,4.93,4.939659805856232
C010,Aeromonas_A,R5,138.08,4.9,4.90272944413425
C010,Aeromonas_A,R5,139.08,4.89,4.865299431795359
C010,Aeromonas_A,R5,140.08,4.81,4.827045954239453
C010,Aeromonas_A,R5,141.08,4.78,4.788338815461823
C010,Aeromonas_A,R5,142.08,4.76,4.749533875903492
C010,Aeromonas_A,R5,143.08,4.71,4.710237603193011
C010,Aeromonas_A,R5,144.08,4.67,4.670010173212445
C010,Aeromonas_A,R5,145.08,4.63,4.6289759876703664
C010,Aeromonas_A,R5,146.08,4.58,4.587313511786989
C010,Aeromonas_A,R5,147.08,4.55,4.544853239002545
C010,Aeromonas_A,R5,148.08,4.51,4.5013959689482945
C010,Aeromonas_A,R5,149.08,4.44,4.456971697799555
C010,Aeromonas_A,R5,150.08,4.42,4.411643665582784
C010,Aeromonas_A,R5,151.08,4.37,4.365378891184913
C010,Aeromonas_A,R5,152.08,4.32,4.318120338207991
C010,Aeromonas_A,R5,153.08,4.26,4.269866549893165
C010,Aeromonas_A,R5,154.08,4.22,4.220838388037951
C010,Aeromonas_A,R5,155.08,4.17,4.171153047889046
C010,Aeromonas_A,R5,156.08,4.13,4.120290739933483
C010,Aeromonas_A,R5,157.08,4.07,4.0677800789145815
C010,Aeromonas_A,R5,158.08,4.01,4.013980281360423
C010,Aeromonas_A,R5,159.08,3.95,3.959322479112653
C010,Aeromonas_A,R5,160.08,3.91,3.9036948634823543
C010,Aeromonas_A,R5,161.08,3.85,3.8468749275726646
C010,Aeromonas_A,R5,162.08,3.79,3.788740312185484
C010,Aeromonas_A,R5,163.08,3.73,3.7293071462940657
C010,Aeromonas_A,R5,164.08,3.67,3.6690453638583325
C010,Aeromonas_A,R5,165.08,3.6,3.60840638857021
C010,Aeromonas_A,R5,166.08,3.54,3.5473137980630014
C010,Aeromonas_A,R5,167.08,3.5,3.4855592084553497
C010,Aeromonas_A,R5,168.08,3.41,3.422881260999035
C010,Aeromonas_A,R5,169.08,3.37,3.3588066974783684
C010,Aeromonas_A,R5,170.08,3.3,3.2929835917664705
C010,Aeromonas_A,R5,171.08,3.22,3.2257572455591372
C010,Aeromonas_A,R5,172.08,3.15,3.1575643524489423
C010,Aeromonas_A,R5,173.08,3.09,3.0885099457928713
C010,Aeromonas_A,R5,174.08,3.02,3.018567285575962
C010,Aeromonas_A,R5,175.08,2.95,2.9475141985310933
C010,Aeromonas_A,R5,176.08,2.87,2.875131417190088
C010,Aeromonas_A,R5,177.08,2.81,2.801406730532759
C010,Aeromonas_A,R5,178.08,2.71,2.7263207257783555
C010,Aeromonas_A,R5,179.1,2.67,2.648065427195896
C010,Aeromonas_A,R5,180.1,2.57,2.5695444014604654
C010,Aeromonas_A,R5,181.1,2.48,2.489697403618681
C010,Aeromonas_A,R5,182.1,2.4,2.4091355829185805
C010,Aeromonas_A,R5,183.1,2.33,2.32824497362259
C010,Aeromonas_A,R5,184.1,2.25,2.246511150050752
C010,Aeromonas_A,R5,185.1,2.16,2.1632337319759727
C010,Aeromonas_A,R5,186.1,2.08,2.077868980924978
C010,Aeromonas_A,R5,187.1,2,1.9900320991270612
C010,Aeromonas_A,R5,188.1,1.91,1.8998174098679095
C010,Aeromonas_A,R5,189.1,1.79,1.8075305741267338
C010,Aeromonas_A,R5,190.1,1.71,1.7138434826003808
C010,Aeromonas_A,R5,191.1,1.62,1.6192953282335243
C010,Aeromonas_A,R5,192.1,1.53,1.5235282832444466
C010,Aeromonas_A,R5,193.1,1.42,1.4260467471111862
C010,Aeromonas_A,R5,194.1,1.33,1.3267010490771678
C010,Aeromonas_A,R5,195.1,1.22,1.225402069901848
C010,Aeromonas_A,R5,196.1,1.13,1.1219569666434646
C010,Aeromonas_A,R5,197.1,1.01,1.0161469654349409
C010,Aeromonas_A,R5,198.1,0.91,0.9077178705298803
C011,Aeromonas_B,R1,40.03,6.04,6.037039424348104
C011,Aeromonas_B,R1,41.03,6.05,6.035701973674099
C011,Aeromonas_B,R1,42.03,6.04,6.032605573254245
C011,Aeromonas_B,R1,43.03,6.01,6.028222526102448
C011,Aeromonas_B,R1,44.03,6.02,6.023464129670237
C011,Aeromonas_B,R1,45.03,6.02,6.019038737676713
C011,Aeromonas_B,R1,46.03,6.02,6.014403934473641
C011,Aeromonas_B,R1,47.03,6.01,6.00891232264885
C011,Aeromonas_B,R1,48.03,6.01,6.002747347101776
C011,Aeromonas_B,R1,49.03,5.99,5.996339788376182
C011,Aeromonas_B,R1,50.05,5.98,5.990165565701055
C011,Aeromonas_B,R1,51.05,5.99,5.98493152256828
C011,Aeromonas_B,R1,52.05,5.99,5.980266292205203
C011,Aeromonas_B,R1,53.05,5.96,5.975849923742443
C011,Aeromonas_B,R1,54.05,5.98,5.971760138251897
C011,Aeromonas_B,R1,55.05,5.96,5.9680341010527895
C011,Aeromonas_B,R1,56.05,5.97,5.964149082512386
C011,Aeromonas_B,R1,57.05,5.96,5.959529305446788
C011,Aeromonas_B,R1,58.05,5.96,5.953946697419423
C011,Aeromonas_B,R1,59.05,5.94,5.94730333817629
C011,Aeromonas_B,R1,60.05,5.95,5.939674211446338
C011,Aeromonas_B,R1,61.05,5.93,5.931292961315266
C011,Aeromonas_B,R1,62.05,5.92,5.922854969312831
C011,Aeromonas_B,R1,63.05,5.91,5.915035257700468
C011,Aeromonas_B,R1,64.05,5.9,5.9079656742222415
C011,Aeromonas_B,R1,65.05,5.91,5.901549526182336
C011,Aeromonas_B,R1,66.05,5.89,5.895319133642774
C011,Aeromonas_B,R1,67.05,5.88,5.8886176839028135
C011,Aeromonas_B,R1,68.05,5.91,5.880402820452823
C011,Aeromonas_B,R1,69.05,5.87,5.869998487567629
C011,Aeromonas_B,R1,70.05,5.85,5.858579376468763
C011,Aeromonas_B,R1,71.05,5.84,5.847561914582382
C011,Aeromonas_B,R1,72.05,5.83,5.837478727206458
C011,Aeromonas_B,R1,73.05,5.83,5.828393695483008
C011,Aeromonas_B,R1,74.05,5.82,5.819379526058417
C011,Aeromonas_B,R1,75.05,5.82,5.809442972555933
C011,Aeromonas_B,R1,76.05,5.8,5.798318151001871
C011,Aeromonas_B,R1,77.05,5.78,5.786016981141321
C011,Aeromonas_B,R1,78.05,5.78,5.772935235191408
C011,Aeromonas_B,R1,79.05,5.75,5.759506863672681
C011,Aeromonas_B,R1,80.05,5.75,5.7459346778473686
C011,Aeromonas_B,R1,81.05,5.73,5.732314558004278
C011,Aeromonas_B,R1,82.05,5.72,5.7185457997968525
C011,Aeromonas_B,R1,83.05,5.71,5.704554764922033
C011,Aeromonas_B,R1,84.05,5.68,5.690572663886102
C011,Aeromonas_B,R1,85.05,5.68,5.6767960991509625
C011,Aeromonas_B,R1,86.05,5.66,5.662978392191653
C011,Aeromonas_B,R1,87.05,5.65,5.648762550394273
C011,Aeromonas_B,R1,88.05,5.64,5.633793605776027
C011,Aeromonas_B,R1,89.05,5.61,5.617753180199166
C011,Aeromonas_B,R1,90.05,5.61,5.600467230275023
C011,Aeromonas_B,R1,91.05,5.58,5.581898566830214
C011,Aeromonas_B,R1,92.05,5.57,5.562413082803434
C011,Aeromonas_B,R1,93.05,5.53,5.542475296706318
C011,Aeromonas_B,R1,94.05,5.52,5.522541147230215
C011,Aeromonas_B,R1,95.05,5.5,5.502870515627047
C011,Aeromonas_B,R1,96.05,5.5,5.482947633211311
C011,Aeromonas_B,R1,97.05,5.45,5.462237104420273
C011,Aeromonas_B,R1,98.05,5.44,5.440900676119692
C011,Aeromonas_B,R1,99.05,5.42,5.419153715694894
C011,Aeromonas_B,R1,100.05,5.41,5.3967289301809656
C011,Aeromonas_B,R1,101.05,5.36,5.373391019263362
C011,Aeromonas_B,R1,102.05,5.35,5.349515313579227
C011,Aeromonas_B,R1,103.05,5.32,5.325417178539165
C011,Aeromonas_B,R1,104.05,5.31,5.300561487695943
C011,Aeromonas_B,R1,105.05,5.27,5.27432428636812
C011,Aeromonas_B,R1,106.05,5.26,5.246576798795262
C011,Aeromonas_B,R1,107.05,5.21,5.217435884014085
C011,Aeromonas_B,R1,108.05,5.18,5.187505761328893
C011,Aeromonas_B,R1,109.05,5.16,5.15731378123881
C011,Aeromonas_B,R1,110.05,5.12,5.1265924587546765
C011,Aeromonas_B,R1,111.05,5.1,5.09484297862579
C011,Aeromonas_B,R1,112.05,5.07,5.061436040043605
C011,Aeromonas_B,R1,113.05,5.03,5.0259774901504635
C011,Aeromonas_B,R1,114.05,4.98,4.989144253450095
C011,Aeromonas_B,R1,115.05,4.95,4.951707657541532
C011,Aeromonas_B,R1,116.05,4.91,4.913745565043595
C011,Aeromonas_B,R1,117.05,4.88,4.875129624588251
C011,Aeromonas_B,R1,118.05,4.84,4.835600093840274
C011,Aeromonas_B,R1,119.05,4.79,4.794962975477515
C011,Aeromonas_B,R1,120.05,4.75,4.753418643197305
C011,Aeromonas_B,R1,121.05,4.71,4.711093648169503
C011,Aeromonas_B,R1,122.05,4.67,4.667424880434594
C011,Aeromonas_B,R1,123.05,4.63,4.62183551448557
C011,Aeromonas_B,R1,124.05,4.57,4.574383523754831
C011,Aeromonas_B,R1,125.05,4.52,4.525237582045849
C011,Aeromonas_B,R1,126.05,4.48,4.474374365706953
C011,Aeromonas_B,R1,127.05,4.42,4.4217309379680465
C011,Aeromonas_B,R1,128.05,4.37,4.3672779070404975
C011,Aeromonas_B,R1,129.05,4.31,4.311041301409229
C011,Aeromonas_B,R1,130.05,4.25,4.2532352856719555
C011,Aeromonas_B,R1,131.05,4.19,4.194004589004686
C011,Aeromonas_B,R1,132.05,4.14,4.133028062783805
C011,Aeromonas_B,R1,133.05,4.07,4.069941739890536
C011,Aeromonas_B,R1,134.05,4,4.004676257025103
C011,Aeromonas_B,R1,135.05,3.94,3.937227970195506
C011,Aeromonas_B,R1,136.05,3.88,3.867561508821816
C011,Aeromonas_B,R1,137.05,3.78,3.7957136148431
C011,Aeromonas_B,R1,138.05,3.72,3.722041206862317
C011,Aeromonas_B,R1,139.05,3.65,3.646789351974798
C011,Aeromonas_B,R1,140.05,3.57,3.5694355345814404
C011,Aeromonas_B,R1,141.05,3.49,3.489363361782474
C011,Aeromonas_B,R1,142.05,3.41,3.4063485141698657
C011,Aeromonas_B,R1,143.05,3.32,3.3203130738814997
C011,Aeromonas_B,R1,144.05,3.23,3.231372655747222
C011,Aeromonas_B,R1,145.05,3.14,3.1396905879878627
C011,Aeromonas_B,R1,146.05,3.05,3.0454275196961973
C011,Aeromonas_B,R1,147.05,2.94,2.948730466756203
C011,Aeromonas_B,R1,148.05,2.85,2.8496945913447296
C011,Aeromonas_B,R1,149.05,2.75,2.7483239799074917
C011,Aeromonas_B,R1,150.05,2.64,2.644310269672816
C011,Aeromonas_B,R1,151.05,2.54,2.537239037625223
C011,Aeromonas_B,R1,152.05,2.42,2.4265840689913585
C011,Aeromonas_B,R1,153.05,2.32,2.3117735626426317
C011,Aeromonas_B,R1,154.05,2.2,2.1921651637873794
C011,Aeromonas_B,R1,155.05,2.07,2.0673754432404827
C011,Aeromonas_B,R1,156.05,1.93,1.9381272279061272
C011,Aeromonas_B,R1,157.05,1.8,1.8052439831517442
C011,Aeromonas_B,R1,158.05,1.67,1.6688454721083965
C011,Aeromonas_B,R1,159.05,1.52,1.5287051421060194
C011,Aeromonas_B,R1,160.05,1.39,1.3839148795064
C011,Aeromonas_B,R1,161.05,1.25,1.2335789442557779
C011,Aeromonas_B,R1,162.05,1.09,1.0775326516063928
C011,Aeromonas_B,R1,163.05,0.94,0.9164305780252145
C012,Aeromonas_B,R2,48.03,5.86,5.851133313650139
C012,Aeromonas_B,R2,49.03,5.84,5.850272902366355
C012,Aeromonas_B,R2,50.05,5.85,5.847479812860498
C012,Aeromonas_B,R2,51.05,5.85,5.843175318663066
C012,Aeromonas_B,R2,52.05,5.84,5.837626852456371
C012,Aeromonas_B,R2,53.05,5.83,5.831233227982545
C012,Aeromonas_B,R2,54.05,5.8,5.824771865606169
C012,Aeromonas_B,R2,55.05,5.84,5.818829457458269
C012,Aeromonas_B,R2,56.05,5.81,5.812851176113216
C012,Aeromonas_B,R2,57.05,5.81,5.806257001997356
C012,Aeromonas_B,R2,58.05,5.79,5.799507666501597
C012,Aeromonas_B,R2,59.05,5.79,5.793058077157904
C012,Aeromonas_B,R2,60.05,5.79,5.786299095097887
C012,Aeromonas_B,R2,61.05,5.79,5.77856033739023
C012,Aeromonas_B,R2,62.05,5.77,5.7699904912522255
C012,Aeromonas_B,R2,63.05,5.75,5.760937929568791
C012,Aeromonas_B,R2,64.05,5.75,5.751730697746738
C012,Aeromonas_B,R2,65.05,5.75,5.742583728610177
C012,Aeromonas_B,R2,66.05,5.73,5.733279832130546
C012,Aeromonas_B,R2,67.05,5.73,5.723583551487642
C012,Aeromonas_B,R2,68.05,5.7,5.713618485547377
C012,Aeromonas_B,R2,69.05,5.72,5.703577450844088
C012,Aeromonas_B,R2,70.05,5.69,5.693571078899708
C012,Aeromonas_B,R2,71.05,5.68,5.683773356568848
C012,Aeromonas_B,R2,72.05,5.67,5.674693877049268
C012,Aeromonas_B,R2,73.05,5.66,5.666683590325063
C012,Aeromonas_B,R2,74.05,5.67,5.659123267182572
C012,Aeromonas_B,R2,75.05,5.65,5.651275828505698
C012,Aeromonas_B,R2,76.05,5.64,5.642902974766404
C012,Aeromonas_B,R2,77.05,5.64,5.633891267143247
C012,Aeromonas_B,R2,78.05,5.62,5.624127930053103
C012,Aeromonas_B,R2,79.05,5.62,5.61354729994111
C012,Aeromonas_B,R2,80.05,5.59,5.602271498127132
C012,Aeromonas_B,R2,81.05,5.6,5.590386896153452
C012,Aeromonas_B,R2,82.05,5.57,5.577649081577282
C012,Aeromonas_B,R2,83.05,5.57,5.563762486844664
C012,Aeromonas_B,R2,84.05,5.56,5.548557707942022
C012,Aeromonas_B,R2,85.05,5.53,5.532134844151411
C012,Aeromonas_B,R2,86.05,5.5,5.51554584439704
C012,Aeromonas_B,R2,87.05,5.5,5.499781399847724
C012,Aeromonas_B,R2,88.05,5.49,5.484635321008556
C012,Aeromonas_B,R2,89.05,5.46,5.4695756427569435
C012,Aeromonas_B,R2,90.05,5.46,5.453964178123302
C012,Aeromonas_B,R2,91.05,5.45,5.437280448329354
C012,Aeromonas_B,R2,92.05,5.41,5.4195810292090405
C012,Aeromonas_B,R2,93.05,5.4,5.401070327765422
C012,Aeromonas_B,R2,94.05,5.39,5.381967021065844
C012,Aeromonas_B,R2,95.05,5.35,5.362458920019849
C012,Aeromonas_B,R2,96.05,5.35,5.342596100841541
C012,Aeromonas_B,R2,97.05,5.32,5.322381555416891
C012,Aeromonas_B,R2,98.05,5.3,5.301767673014811
C012,Aeromonas_B,R2,99.05,5.28,5.280645105456643
C012,Aeromonas_B,R2,100.05,5.26,5.2587081573905134
C012,Aeromonas_B,R2,101.05,5.24,5.235655603881223
C012,Aeromonas_B,R2,102.05,5.21,5.211400448833491
C012,Aeromonas_B,R2,103.05,5.19,5.185990464292247
C012,Aeromonas_B,R2,104.05,5.16,5.159798266023319
C012,Aeromonas_B,R2,105.05,5.13,5.133271927847435
C012,Aeromonas_B,R2,106.05,5.1,5.106836512084016
C012,Aeromonas_B,R2,107.05,5.08,5.080760017946245
C012,Aeromonas_B,R2,108.05,5.06,5.054705203723661
C012,Aeromonas_B,R2,109.05,5.02,5.028142773689773
C012,Aeromonas_B,R2,110.05,5,5.0003804569776404
C012,Aeromonas_B,R2,111.05,4.99,4.970814456922378
C012,Aeromonas_B,R2,112.05,4.94,4.9393578488077745
C012,Aeromonas_B,R2,113.05,4.9,4.906253694165943
C012,Aeromonas_B,R2,114.05,4.87,4.8725481275736104
C012,Aeromonas_B,R2,115.05,4.83,4.839221307396929
C012,Aeromonas_B,R2,116.05,4.81,4.806186414115116
C012,Aeromonas_B,R2,117.05,4.77,4.773030241838572
C012,Aeromonas_B,R2,118.05,4.74,4.73910101708935
C012,Aeromonas_B,R2,119.05,4.71,4.7037780973109395
C012,Aeromonas_B,R2,120.05,4.67,4.666803931220919
C012,Aeromonas_B,R2,121.05,4.62,4.628046668418186
C012,Aeromonas_B,R2,122.05,4.59,4.587514170752783
C012,Aeromonas_B,R2,123.05,4.55,4.545232371942393
C012,Aeromonas_B,R2,124.05,4.5,4.501159780924097
C012,Aeromonas_B,R2,125.05,4.46,4.455345216435637
C012,Aeromonas_B,R2,126.05,4.4,4.408266161197979
C012,Aeromonas_B,R2,127.05,4.36,4.360395590598692
C012,Aeromonas_B,R2,128.05,4.31,4.3117597867085555
C012,Aeromonas_B,R2,129.05,4.26,4.262163434978223
C012,Aeromonas_B,R2,130.05,4.21,4.210971527694629
C012,Aeromonas_B,R2,131.05,4.17,4.157577704995893
C012,Aeromonas_B,R2,132.05,4.11,4.101929891588599
C012,Aeromonas_B,R2,133.05,4.03,4.0442477387987905
C012,Aeromonas_B,R2,134.05,3.98,3.9852835198619063
C012,Aeromonas_B,R2,135.05,3.93,3.925655939352667
C012,Aeromonas_B,R2,136.05,3.86,3.8649168052935314
C012,Aeromonas_B,R2,137.05,3.81,3.8024404682298125
C012,Aeromonas_B,R2,138.05,3.74,3.7379583453504948
C012,Aeromonas_B,R2,139.05,3.67,3.6713809918083466
C012,Aeromonas_B,R2,140.05,3.6,3.6029784479675713
C012,Aeromonas_B,R2,141.05,3.53,3.533011305488768
C012,Aeromonas_B,R2,142.05,3.47,3.4613428760067007
C012,Aeromonas_B,R2,143.05,3.38,3.3877779080989097
C012,Aeromonas_B,R2,144.05,3.31,3.312284178139907
C012,Aeromonas_B,R2,145.05,3.24,3.23478453411804
C012,Aeromonas_B,R2,146.05,3.15,3.1548590826800007
C012,Aeromonas_B,R2,147.05,3.08,3.0720717911158957
C012,Aeromonas_B,R2,148.05,2.98,2.9862648106311442
C012,Aeromonas_B,R2,149.05,2.9,2.897333559722758
C012,Aeromonas_B,R2,150.05,2.81,2.8051083421388285
C012,Aeromonas_B,R2,151.05,2.71,2.7095161733543804
C012,Aeromonas_B,R2,152.05,2.61,2.6109360305010583
C012,Aeromonas_B,R2,153.05,2.51,2.5098548788643305
C012,Aeromonas_B,R2,154.05,2.4,2.4067396746883336
C012,Aeromonas_B,R2,155.05,2.3,2.30188877049966
C012,Aeromonas_B,R2,156.05,2.19,2.194946112996093
C012,Aeromonas_B,R2,157.05,2.09,2.085337320762698
C012,Aeromonas_B,R2,158.05,1.98,1.9722691057624409
C012,Aeromonas_B,R2,159.05,1.85,1.8550565047048155
C012,Aeromonas_B,R2,160.05,1.74,1.7336667599075313
C012,Aeromonas_B,R2,161.05,1.6,1.6082072125791544
C012,Aeromonas_B,R2,162.05,1.48,1.4786933938835
C012,Aeromonas_B,R2,163.05,1.34,1.3449736072216625
C012,Aeromonas_B,R2,164.05,1.21,1.2063190549885658
C012,Aeromonas_B,R2,165.05,1.08,1.0620522491943187
C012,Aeromonas_B,R2,166.05,0.92,0.9122780413159399
C012,Aeromonas_B,R2,167.05,0.78,0.7578629702199196
C013,Aeromonas_B,R3,47.03,5.74,5.73473239532684
C013,Aeromonas_B,R3,48.03,5.74,5.734653944482827
C013,Aeromonas_B,R3,49.03,5.73,5.733141682678544
C013,Aeromonas_B,R3,50.05,5.73,5.730085996379262
C013,Aeromonas_B,R3,51.05,5.74,5.725786503994387
C013,Aeromonas_B,R3,52.05,5.71,5.720888792953023
C013,Aeromonas_B,R3,53.05,5.71,5.716109161029784
C013,Aeromonas_B,R3,54.05,5.71,5.711753093699472
C013,Aeromonas_B,R3,55.05,5.71,5.707880406205394
C013,Aeromonas_B,R3,56.05,5.7,5.703979045164702
C013,Aeromonas_B,R3,57.05,5.71,5.6994877104010975
C013,Aeromonas_B,R3,58.05,5.69,5.6942199831906475
C013,Aeromonas_B,R3,59.05,5.69,5.688118386770353
C013,Aeromonas_B,R3,60.05,5.68,5.681266330768596
C013,Aeromonas_B,R3,61.05,5.68,5.67382661624132
C013,Aeromonas_B,R3,62.05,5.66,5.666138723563317
C013,Aeromonas_B,R3,63.05,5.66,5.65855156902795
C013,Aeromonas_B,R3,64.05,5.64,5.651275133284001
C013,Aeromonas_B,R3,65.05,5.65,5.644306534376957
C013,Aeromonas_B,R3,66.05,5.64,5.636930375583741
C013,Aeromonas_B,R3,67.05,5.64,5.628511559941221
C013,Aeromonas_B,R3,68.05,5.61,5.619448704294636
C013,Aeromonas_B,R3,69.05,5.61,5.610332828899748
C013,Aeromonas_B,R3,70.05,5.6,5.601490853846031
C013,Aeromonas_B,R3,71.05,5.59,5.593115416903046
C013,Aeromonas_B,R3,72.05,5.59,5.585126126726963
C013,Aeromonas_B,R3,73.05,5.57,5.577331085658734
C013,Aeromonas_B,R3,74.05,5.57,5.569365399891852
C013,Aeromonas_B,R3,75.05,5.57,5.5608646416147325
C013,Aeromonas_B,R3,76.05,5.55,5.551639243142947
C013,Aeromonas_B,R3,77.05,5.54,5.541610727933839
C013,Aeromonas_B,R3,78.05,5.53,5.530970123884685
C013,Aeromonas_B,R3,79.05,5.52,5.519928181244576
C013,Aeromonas_B,R3,80.05,5.51,5.508505035229919
C013,Aeromonas_B,R3,81.05,5.49,5.496640096353627
C013,Aeromonas_B,R3,82.05,5.49,5.484140491347309
C013,Aeromonas_B,R3,83.05,5.47,5.470800657251868
C013,Aeromonas_B,R3,84.05,5.46,5.456496556126641
C013,Aeromonas_B,R3,85.05,5.44,5.4412084231354685
C013,Aeromonas_B,R3,86.05,5.43,5.4252520608417365
C013,Aeromonas_B,R3,87.05,5.4,5.408995491696716
C013,Aeromonas_B,R3,88.05,5.39,5.392680050303689
C013,Aeromonas_B,R3,89.05,5.38,5.376382330110681
C013,Aeromonas_B,R3,90.05,5.36,5.359646647792705
C013,Aeromonas_B,R3,91.05,5.35,5.342059257425344
C013,Aeromonas_B,R3,92.05,5.32,5.32390643945945
C013,Aeromonas_B,R3,93.05,5.3,5.3055867255449165
C013,Aeromonas_B,R3,94.05,5.29,5.287247625752507
C013,Aeromonas_B,R3,95.05,5.27,5.268950232010872
C013,Aeromonas_B,R3,96.05,5.24,5.250660985259323
C013,Aeromonas_B,R3,97.05,5.24,5.232199704295126
C013,Aeromonas_B,R3,98.05,5.2,5.21289437033668
C013,Aeromonas_B,R3,99.05,5.21,5.191970499857584
C013,Aeromonas_B,R3,100.05,5.17,5.168735587931122
C013,Aeromonas_B,R3,101.05,5.15,5.142832802248252
C013,Aeromonas_B,R3,102.05,5.11,5.115166022370944
C013,Aeromonas_B,R3,103.05,5.08,5.086816811344029
C013,Aeromonas_B,R3,104.05,5.06,5.058316754272757
C013,Aeromonas_B,R3,105.05,5.03,5.0300163930339625
C013,Aeromonas_B,R3,106.05,5,5.002092074530414
C013,Aeromonas_B,R3,107.05,4.97,4.9746078413608394
C013,Aeromonas_B,R3,108.05,4.94,4.94735271388184
C013,Aeromonas_B,R3,109.05,4.92,4.919825695030119
C013,Aeromonas_B,R3,110.05,4.9,4.890640740304922
C013,Aeromonas_B,R3,111.05,4.87,4.858501401903465
C013,Aeromonas_B,R3,112.05,4.82,4.823354666252321
C013,Aeromonas_B,R3,113.05,4.79,4.785593328919494
C013,Aeromonas_B,R3,114.05,4.74,4.746149987809328
C013,Aeromonas_B,R3,115.05,4.7,4.705909213609026
C013,Aeromonas_B,R3,116.05,4.66,4.665023665800889
C013,Aeromonas_B,R3,117.05,4.63,4.6233872731205
C013,Aeromonas_B,R3,118.05,4.58,4.580590952521504
C013,Aeromonas_B,R3,119.05,4.53,4.536155867368488
C013,Aeromonas_B,R3,120.05,4.5,4.489627178451716
C013,Aeromonas_B,R3,121.05,4.44,4.440674398178797
C013,Aeromonas_B,R3,122.05,4.4,4.389440448001038
C013,Aeromonas_B,R3,123.05,4.33,4.336318375586144
C013,Aeromonas_B,R3,124.05,4.27,4.282228324423724
C013,Aeromonas_B,R3,125.05,4.23,4.2279566149915695
C013,Aeromonas_B,R3,126.05,4.18,4.173227179898253
C013,Aeromonas_B,R3,127.05,4.11,4.1175664117361235
C013,Aeromonas_B,R3,128.05,4.05,4.060772930901807
C013,Aeromonas_B,R3,129.05,4.01,4.002484837609946
C013,Aeromonas_B,R3,130.05,3.95,3.9414259235429334
C013,Aeromonas_B,R3,131.05,3.88,3.8764145530358785
C013,Aeromonas_B,R3,132.05,3.81,3.807561689566976
C013,Aeromonas_B,R3,133.05,3.73,3.735318162245939
C013,Aeromonas_B,R3,134.05,3.66,3.660201663565458
C013,Aeromonas_B,R3,135.05,3.58,3.582620065901295
C013,Aeromonas_B,R3,136.05,3.5,3.502475097778472
C013,Aeromonas_B,R3,137.05,3.43,3.4196103554319044
C013,Aeromonas_B,R3,138.05,3.33,3.334143049786828
C013,Aeromonas_B,R3,139.05,3.24,3.246239766703957
C013,Aeromonas_B,R3,140.05,3.16,3.1559909770955814
C013,Aeromonas_B,R3,141.05,3.06,3.063401727741034
C013,Aeromonas_B,R3,142.05,2.96,2.968211483836241
C013,Aeromonas_B,R3,143.05,2.87,2.86994206459153
C013,Aeromonas_B,R3,144.05,2.79,2.767510286858259
C013,Aeromonas_B,R3,145.05,2.65,2.6600069634423837
C013,Aeromonas_B,R3,146.05,2.55,2.547823893327189
C013,Aeromonas_B,R3,147.05,2.43,2.431579140205619
C013,Aeromonas_B,R3,148.05,2.31,2.3114948404319433
C013,Aeromonas_B,R3,149.05,2.19,2.187700178138459
C013,Aeromonas_B,R3,150.05,2.05,2.0603484559082794
C013,Aeromonas_B,R3,151.05,1.93,1.9294201927103973
C013,Aeromonas_B,R3,152.05,1.79,1.794180654606455
C013,Aeromonas_B,R3,153.05,1.66,1.6536922762464359
C013,Aeromonas_B,R3,154.05,1.51,1.5069214195410494
C013,Aeromonas_B,R3,155.05,1.36,1.353027001807097
C013,Aeromonas_B,R3,156.05,1.2,1.1920342347250719
C013,Aeromonas_B,R3,157.05,1.03,1.0243989067597752
C013,Aeromonas_B,R3,158.05,0.88,0.8514328191494942
C013,Aeromonas_B,R3,159.05,0.71,0.6755965385624919
C014,Aeromonas_B,R4,54.05,6.24,6.227071871934284
C014,Aeromonas_B,R4,55.05,6.22,6.226120091795325
C014,Aeromonas_B,R4,56.05,6.23,6.2229187478909305
C014,Aeromonas_B,R4,57.05,6.21,6.217909967468842
C014,Aeromonas_B,R4,58.05,6.22,6.211447926037565
C014,Aeromonas_B,R4,59.05,6.2,6.203872615602541
C014,Aeromonas_B,R4,60.05,6.19,6.19555524589624
C014,Aeromonas_B,R4,61.05,6.2,6.186917937235382
C014,Aeromonas_B,R4,62.05,6.17,6.178555234546664
C014,Aeromonas_B,R4,63.05,6.16,6.170961327543031
C014,Aeromonas_B,R4,64.05,6.17,6.164056560472401
C014,Aeromonas_B,R4,65.05,6.16,6.157612449892095
C014,Aeromonas_B,R4,66.05,6.15,6.1513790470620595
C014,Aeromonas_B,R4,67.05,6.14,6.145078151657408
C014,Aeromonas_B,R4,68.05,6.15,6.138340022311292
C014,Aeromonas_B,R4,69.05,6.13,6.13092352106003
C014,Aeromonas_B,R4,70.05,6.12,6.123193464594585
C014,Aeromonas_B,R4,71.05,6.11,6.115552222344814
C014,Aeromonas_B,R4,72.05,6.11,6.107946420041511
C014,Aeromonas_B,R4,73.05,6.1,6.100160762509852
C014,Aeromonas_B,R4,74.05,6.09,6.091788014651597
C014,Aeromonas_B,R4,75.05,6.09,6.082441647964328
C014,Aeromonas_B,R4,76.05,6.07,6.072009900252329
C014,Aeromonas_B,R4,77.05,6.06,6.0604803136455025
C014,Aeromonas_B,R4,78.05,6.05,6.047962881269506
C014,Aeromonas_B,R4,79.05,6.04,6.034660188526987
C014,Aeromonas_B,R4,80.05,6.01,6.021022738932797
C014,Aeromonas_B,R4,81.05,6.01,6.007483245311301
C014,Aeromonas_B,R4,82.05,6,5.994155339612722
C014,Aeromonas_B,R4,83.05,5.97,5.98104076269361
C014,Aeromonas_B,R4,84.05,5.96,5.968012771909935
C014,Aeromonas_B,R4,85.05,5.97,5.9547836421272775
C014,Aeromonas_B,R4,86.05,5.94,5.940550201750183
C014,Aeromonas_B,R4,87.05,5.93,5.924662895248758
C014,Aeromonas_B,R4,88.05,5.91,5.907602077816402
C014,Aeromonas_B,R4,89.05,5.88,5.890063793187439
C014,Aeromonas_B,R4,90.05,5.87,5.872476928536613
C014,Aeromonas_B,R4,91.05,5.86,5.855101138482773
C014,Aeromonas_B,R4,92.05,5.83,5.837786303980766
C014,Aeromonas_B,R4,93.05,5.82,5.820190557962453
C014,Aeromonas_B,R4,94.05,5.81,5.801614814931753
C014,Aeromonas_B,R4,95.05,5.79,5.781501593542504
C014,Aeromonas_B,R4,96.05,5.75,5.760217047476174
C014,Aeromonas_B,R4,97.05,5.74,5.738296978191742
C014,Aeromonas_B,R4,98.05,5.71,5.716032143230606
C014,Aeromonas_B,R4,99.05,5.69,5.6934808447732115
C014,Aeromonas_B,R4,100.05,5.68,5.670016607473778
C014,Aeromonas_B,R4,101.05,5.65,5.645053819197682
C014,Aeromonas_B,R4,102.05,5.61,5.61885509818116
C014,Aeromonas_B,R4,103.05,5.59,5.5917804325133105
C014,Aeromonas_B,R4,104.05,5.57,5.563731059323827
C014,Aeromonas_B,R4,105.05,5.53,5.534527025678326
C014,Aeromonas_B,R4,106.05,5.51,5.504122369345534
C014,Aeromonas_B,R4,107.05,5.47,5.472567289303032
C014,Aeromonas_B,R4,108.05,5.44,5.440162638660692
C014,Aeromonas_B,R4,109.05,5.4,5.407143658044551
C014,Aeromonas_B,R4,110.05,5.37,5.373232484013002
C014,Aeromonas_B,R4,111.05,5.35,5.337993605909951
C014,Aeromonas_B,R4,112.05,5.3,5.300874028289032
C014,Aeromonas_B,R4,113.05,5.27,5.261551127992711
C014,Aeromonas_B,R4,114.05,5.21,5.220741255809041
C014,Aeromonas_B,R4,115.05,5.17,5.179166186001959
C014,Aeromonas_B,R4,116.05,5.14,5.13653041279339
C014,Aeromonas_B,R4,117.05,5.1,5.092273704554912
C014,Aeromonas_B,R4,118.05,5.04,5.0457942062987735
C014,Aeromonas_B,R4,119.05,5.01,4.9966974292651365
C014,Aeromonas_B,R4,120.05,4.95,4.945459972965141
C014,Aeromonas_B,R4,121.05,4.87,4.89270870178309
C014,Aeromonas_B,R4,122.05,4.84,4.838800451324955
C014,Aeromonas_B,R4,123.05,4.79,4.783851251837706
C014,Aeromonas_B,R4,124.05,4.73,4.727283940910629
C014,Aeromonas_B,R4,125.05,4.66,4.668437819260496
C014,Aeromonas_B,R4,126.05,4.62,4.607011232771633
C014,Aeromonas_B,R4,127.05,4.54,4.542899878143517
C014,Aeromonas_B,R4,128.05,4.48,4.476429810168664
C014,Aeromonas_B,R4,129.05,4.4,4.4080022383096775
C014,Aeromonas_B,R4,130.05,4.33,4.337888632616485
C014,Aeromonas_B,R4,131.05,4.27,4.266109954706219
C014,Aeromonas_B,R4,132.05,4.19,4.191814871877526
C014,Aeromonas_B,R4,133.05,4.12,4.114046797410255
C014,Aeromonas_B,R4,134.05,4.04,4.032300422827557
C014,Aeromonas_B,R4,135.05,3.94,3.9463162156139897
C014,Aeromonas_B,R4,136.05,3.86,3.8563664688564177
C014,Aeromonas_B,R4,137.05,3.76,3.7628202228815755
C014,Aeromonas_B,R4,138.05,3.67,3.665901681373351
C014,Aeromonas_B,R4,139.05,3.56,3.565811863034921
C014,Aeromonas_B,R4,140.05,3.46,3.4628038832894106
C014,Aeromonas_B,R4,141.05,3.35,3.3569510612609283
C014,Aeromonas_B,R4,142.05,3.26,3.2475554341575767
C014,Aeromonas_B,R4,143.05,3.13,3.133865853824567
C014,Aeromonas_B,R4,144.05,3.02,3.015689712571587
C014,Aeromonas_B,R4,145.05,2.89,2.8929753101429805
C014,Aeromonas_B,R4,146.05,2.76,2.765676035557183
C014,Aeromonas_B,R4,147.05,2.64,2.633683412259638
C014,Aeromonas_B,R4,148.05,2.5,2.496636412129725
C014,Aeromonas_B,R4,149.05,2.35,2.3542381920433653
C014,Aeromonas_B,R4,150.05,2.21,2.206701200428748
C014,Aeromonas_B,R4,151.05,2.04,2.0542058451732887
C014,Aeromonas_B,R4,152.05,1.9,1.8962950804489924
C014,Aeromonas_B,R4,153.05,1.73,1.73224341183078
C014,Aeromonas_B,R4,154.05,1.57,1.5608890042206525
C014,Aeromonas_B,R4,155.05,1.39,1.381182319873058
C014,Aeromonas_B,R4,156.05,1.21,1.192959351125197
C014,Aeromonas_B,R4,157.05,1.03,0.9970049344697431
C014,Aeromonas_B,R4,158.05,0.83,0.7970137529384558
C015,Aeromonas_B,R5,49.03,5.78,5.771904657537003
C015,Aeromonas_B,R5,50.05,5.77,5.7704615715080925
C015,Aeromonas_B,R5,51.05,5.77,5.767528831995228
C015,Aeromonas_B,R5,52.05,5.76,5.763663227386695
C015,Aeromonas_B,R5,53.05,5.76,5.759474355759515
C015,Aeromonas_B,R5,54.05,5.75,5.755406075618808
C015,Aeromonas_B,R5,55.05,5.75,5.751729549278752
C015,Aeromonas_B,R5,56.05,5.75,5.7481908938616755
C015,Aeromonas_B,R5,57.05,5.75,5.744473406664136
C015,Aeromonas_B,R5,58.05,5.74,5.740534150871475
C015,Aeromonas_B,R5,59.05,5.74,5.736500316285574
C015,Aeromonas_B,R5,60.05,5.72,5.732905833285717
C015,Aeromonas_B,R5,61.05,5.73,5.730151249453212
C015,Aeromonas_B,R5,62.05,5.73,5.727696840600099
C015,Aeromonas_B,R5,63.05,5.73,5.724859187457752
C015,Aeromonas_B,R5,64.05,5.72,5.721320362204177
C015,Aeromonas_B,R5,65.05,5.72,5.716918819804788
C015,Aeromonas_B,R5,66.05,5.71,5.711753054927991
C015,Aeromonas_B,R5,67.05,5.71,5.7060069896774746
C015,Aeromonas_B,R5,68.05,5.69,5.6999462161950385
C015,Aeromonas_B,R5,69.05,5.7,5.6937769124702955
C015,Aeromonas_B,R5,70.05,5.69,5.68738592984599
C015,Aeromonas_B,R5,71.05,5.68,5.680701107678145
C015,Aeromonas_B,R5,72.05,5.67,5.674133564022758
C015,Aeromonas_B,R5,73.05,5.66,5.668038054999917
C015,Aeromonas_B,R5,74.05,5.67,5.66206061028607
C015,Aeromonas_B,R5,75.05,5.65,5.655661867081264
C015,Aeromonas_B,R5,76.05,5.66,5.648269619123564
C015,Aeromonas_B,R5,77.05,5.64,5.639512235943161
C015,Aeromonas_B,R5,78.05,5.63,5.629853233700729
C015,Aeromonas_B,R5,79.05,5.61,5.619865739543736
C015,Aeromonas_B,R5,80.05,5.62,5.609726177936349
C015,Aeromonas_B,R5,81.05,5.6,5.599602286388309
C015,Aeromonas_B,R5,82.05,5.58,5.590023757274929
C015,Aeromonas_B,R5,83.05,5.58,5.581423350674222
C015,Aeromonas_B,R5,84.05,5.57,5.573484142609371
C015,Aeromonas_B,R5,85.05,5.57,5.565651669510126
C015,Aeromonas_B,R5,86.05,5.56,5.5571709934873255
C015,Aeromonas_B,R5,87.05,5.55,5.547388065859178
C015,Aeromonas_B,R5,88.05,5.54,5.536252869092306
C015,Aeromonas_B,R5,89.05,5.52,5.523906138648509
C015,Aeromonas_B,R5,90.05,5.51,5.510647590821916
C015,Aeromonas_B,R5,91.05,5.5,5.496782677985722
C015,Aeromonas_B,R5,92.05,5.48,5.482480815997025
C015,Aeromonas_B,R5,93.05,5.47,5.467921274335334
C015,Aeromonas_B,R5,94.05,5.45,5.453458773485846
C015,Aeromonas_B,R5,95.05,5.43,5.4393421850934
C015,Aeromonas_B,R5,96.05,5.43,5.425221534435688
C015,Aeromonas_B,R5,97.05,5.41,5.410536252871762
C015,Aeromonas_B,R5,98.05,5.4,5.394482242453281
C015,Aeromonas_B,R5,99.05,5.39,5.376486007598441
C015,Aeromonas_B,R5,100.05,5.35,5.357139991498977
C015,Aeromonas_B,R5,101.05,5.33,5.337278114742307
C015,Aeromonas_B,R5,102.05,5.32,5.3175342687250025
C015,Aeromonas_B,R5,103.05,5.29,5.298328388907639
C015,Aeromonas_B,R5,104.05,5.28,5.279424616197654
C015,Aeromonas_B,R5,105.05,5.26,5.260362824743529
C015,Aeromonas_B,R5,106.05,5.25,5.2404416162110685
C015,Aeromonas_B,R5,107.05,5.22,5.2190844979750866
C015,Aeromonas_B,R5,108.05,5.19,5.196455872729131
C015,Aeromonas_B,R5,109.05,5.18,5.1728737508743
C015,Aeromonas_B,R5,110.05,5.14,5.148529678323167
C015,Aeromonas_B,R5,111.05,5.12,5.123483192525604
C015,Aeromonas_B,R5,112.05,5.11,5.097392261569173
C015,Aeromonas_B,R5,113.05,5.06,5.069890172288639
C015,Aeromonas_B,R5,114.05,5.05,5.040913055869872
C015,Aeromonas_B,R5,115.05,5.01,5.010526997509941
C015,Aeromonas_B,R5,116.05,4.97,4.979015054099656
C015,Aeromonas_B,R5,117.05,4.95,4.946613481506683
C015,Aeromonas_B,R5,118.05,4.92,4.91315435981243
C015,Aeromonas_B,R5,119.05,4.87,4.878445701686639
C015,Aeromonas_B,R5,120.05,4.85,4.842603425938623
C015,Aeromonas_B,R5,121.05,4.8,4.805814037464041
C015,Aeromonas_B,R5,122.05,4.77,4.768238479364353
C015,Aeromonas_B,R5,123.05,4.72,4.72991055253945
C015,Aeromonas_B,R5,124.05,4.7,4.690381050877162
C015,Aeromonas_B,R5,125.05,4.65,4.649145081297522
C015,Aeromonas_B,R5,126.05,4.6,4.605958009861441
C015,Aeromonas_B,R5,127.05,4.57,4.560667745712663
C015,Aeromonas_B,R5,128.05,4.51,4.513232111185405
C015,Aeromonas_B,R5,129.05,4.46,4.4636559643791704
C015,Aeromonas_B,R5,130.05,4.42,4.412022393264156
C015,Aeromonas_B,R5,131.05,4.35,4.358414036764573
C015,Aeromonas_B,R5,132.05,4.3,4.302833507749996
C015,Aeromonas_B,R5,133.05,4.25,4.245187975850358
C015,Aeromonas_B,R5,134.05,4.19,4.185082863791677
C015,Aeromonas_B,R5,135.05,4.12,4.122186699945114
C015,Aeromonas_B,R5,136.05,4.06,4.056722182166325
C015,Aeromonas_B,R5,137.05,3.99,3.989084936527115
C015,Aeromonas_B,R5,138.05,3.91,3.9198081324794036
C015,Aeromonas_B,R5,139.05,3.85,3.8492842329134396
C015,Aeromonas_B,R5,140.05,3.77,3.7772053310926466
C015,Aeromonas_B,R5,141.05,3.71,3.703027456702008
C015,Aeromonas_B,R5,142.05,3.63,3.625962754739568
C015,Aeromonas_B,R5,143.05,3.55,3.5453549328659375
C015,Aeromonas_B,R5,144.05,3.45,3.461317834078936
C015,Aeromonas_B,R5,145.05,3.38,3.374060716177408
C015,Aeromonas_B,R5,146.05,3.29,3.283404360827052
C015,Aeromonas_B,R5,147.05,3.18,3.1891813797076276
C015,Aeromonas_B,R5,148.05,3.1,3.0916601806882893
C015,Aeromonas_B,R5,149.05,2.98,2.991134768099601
C015,Aeromonas_B,R5,150.05,2.89,2.8875657359284075
C015,Aeromonas_B,R5,151.05,2.78,2.780759577191656
C015,Aeromonas_B,R5,152.05,2.67,2.6702397913703795
C015,Aeromonas_B,R5,153.05,2.56,2.5555003285652336
C015,Aeromonas_B,R5,154.05,2.43,2.4361999348912717
C015,Aeromonas_B,R5,155.05,2.32,2.312052744650439
C015,Aeromonas_B,R5,156.05,2.18,2.182829648877879
C015,Aeromonas_B,R5,157.05,2.05,2.0483715206801016
C015,Aeromonas_B,R5,158.05,1.9,1.9087424047158421
C015,Aeromonas_B,R5,159.05,1.76,1.7638512904364358
C015,Aeromonas_B,R5,160.05,1.62,1.6127637749113841
C015,Aeromonas_B,R5,161.05,1.46,1.4544447260597988
C015,Aeromonas_B,R5,162.05,1.3,1.2882994875810971
C015,Aeromonas_B,R5,163.05,1.14,1.1143847467241725
C015,Aeromonas_B,R5,164.05,0.94,0.9349220891554529
C015,Aeromonas_B,R5,165.05,0.78,0.7533070200340182
C016,Arthrobacter,R1,46.03,6.04,6.043902716822509
C016,Arthrobacter,R1,47.03,6.05,6.043327793662566
C016,Arthrobacter,R1,48.03,6.05,6.040052875308036
C016,Arthrobacter,R1,49.03,6.04,6.033219555116922
C016,Arthrobacter,R1,50.05,6.02,6.023030266621889
C016,Arthrobacter,R1,51.05,6.02,6.010789025247113
C016,Arthrobacter,R1,52.05,5.99,5.997783386852258
C016,Arthrobacter,R1,53.05,5.97,5.985392805618274
C016,Arthrobacter,R1,54.05,5.98,5.974113198789338
C016,Arthrobacter,R1,55.05,5.96,5.964083056680486
C016,Arthrobacter,R1,56.05,5.95,5.954894698826912
C016,Arthrobacter,R1,57.05,5.95,5.945937445315339
C016,Arthrobacter,R1,58.05,5.94,5.936334789218402
C016,Arthrobacter,R1,59.05,5.93,5.92532666395462
C016,Arthrobacter,R1,60.05,5.92,5.9128845913401245
C016,Arthrobacter,R1,61.05,5.89,5.899271887710075
C016,Arthrobacter,R1,62.05,5.89,5.88518745907811
C016,Arthrobacter,R1,63.05,5.86,5.8712586618226785
C016,Arthrobacter,R1,64.05,5.86,5.8573910641029885
C016,Arthrobacter,R1,65.05,5.85,5.843372407634631
C016,Arthrobacter,R1,66.05,5.83,5.829240916577998
C016,Arthrobacter,R1,67.05,5.8,5.815021573317573
C016,Arthrobacter,R1,68.05,5.81,5.800435910689443
C016,Arthrobacter,R1,69.05,5.79,5.785183323310777
C016,Arthrobacter,R1,70.05,5.77,5.769178102471483
C016,Arthrobacter,R1,71.05,5.75,5.752460768530879
C016,Arthrobacter,R1,72.05,5.73,5.735361861453217
C016,Arthrobacter,R1,73.05,5.72,5.718182942202965
C016,Arthrobacter,R1,74.05,5.71,5.70081963614053
C016,Arthrobacter,R1,75.05,5.67,5.683123955334208
C016,Arthrobacter,R1,76.05,5.67,5.665179394287899
C016,Arthrobacter,R1,77.05,5.65,5.6470694319522075
C016,Arthrobacter,R1,78.05,5.62,5.6286460026289395
C016,Arthrobacter,R1,79.05,5.62,5.609723453100864
C016,Arthrobacter,R1,80.05,5.59,5.590197324723398
C016,Arthrobacter,R1,81.05,5.57,5.570082097058946
C016,Arthrobacter,R1,82.05,5.54,5.54978680792522
C016,Arthrobacter,R1,83.05,5.53,5.529606466369335
C016,Arthrobacter,R1,84.05,5.51,5.508985408100708
C016,Arthrobacter,R1,85.05,5.49,5.4872195608772545
C016,Arthrobacter,R1,86.05,5.47,5.463861893988597
C016,Arthrobacter,R1,87.05,5.44,5.438671503458071
C016,Arthrobacter,R1,88.05,5.41,5.411974950712197
C016,Arthrobacter,R1,89.05,5.39,5.384302832355842
C016,Arthrobacter,R1,90.05,5.35,5.356434420304094
C016,Arthrobacter,R1,91.05,5.32,5.329036112301315
C016,Arthrobacter,R1,92.05,5.3,5.30207413409875
C016,Arthrobacter,R1,93.05,5.28,5.275236333526997
C016,Arthrobacter,R1,94.05,5.25,5.247797218727157
C016,Arthrobacter,R1,95.05,5.22,5.219056127324092
C016,Arthrobacter,R1,96.05,5.19,5.188825054567192
C016,Arthrobacter,R1,97.05,5.16,5.157087206869674
C016,Arthrobacter,R1,98.05,5.12,5.123997977675519
C016,Arthrobacter,R1,99.05,5.09,5.089735803552417
C016,Arthrobacter,R1,100.05,5.06,5.054399106532132
C016,Arthrobacter,R1,101.05,5.01,5.018084376638911
C016,Arthrobacter,R1,102.05,4.99,4.980960390402854
C016,Arthrobacter,R1,103.05,4.94,4.9432560800099345
C016,Arthrobacter,R1,104.05,4.9,4.905368713763795
C016,Arthrobacter,R1,105.05,4.87,4.867630517031185
C016,Arthrobacter,R1,106.05,4.82,4.829945207313641
C016,Arthrobacter,R1,107.05,4.8,4.7920171467847945
C016,Arthrobacter,R1,108.05,4.75,4.753181784171864
C016,Arthrobacter,R1,109.05,4.72,4.712811302566692
C016,Arthrobacter,R1,110.05,4.67,4.670793735966039
C016,Arthrobacter,R1,111.05,4.62,4.627098383018898
C016,Arthrobacter,R1,112.05,4.59,4.5815037500783005
C016,Arthrobacter,R1,113.05,4.54,4.533881557539486
C016,Arthrobacter,R1,114.05,4.48,4.484667174262433
C016,Arthrobacter,R1,115.05,4.43,4.43442124317795
C016,Arthrobacter,R1,116.05,4.38,4.383641855035377
C016,Arthrobacter,R1,117.05,4.32,4.332514987604014
C016,Arthrobacter,R1,118.05,4.3,4.280040718914466
C016,Arthrobacter,R1,119.05,4.23,4.225228647637164
C016,Arthrobacter,R1,120.05,4.16,4.168312354740525
C016,Arthrobacter,R1,121.05,4.11,4.109770669852306
C016,Arthrobacter,R1,122.05,4.06,4.049839434939635
C016,Arthrobacter,R1,123.05,3.98,3.988794294382822
C016,Arthrobacter,R1,124.05,3.92,3.927313089875596
C016,Arthrobacter,R1,125.05,3.86,3.86583892510298
C016,Arthrobacter,R1,126.05,3.81,3.8034737544017614
C016,Arthrobacter,R1,127.05,3.75,3.7392015278562973
C016,Arthrobacter,R1,128.05,3.67,3.6728753278894657
C016,Arthrobacter,R1,129.05,3.6,3.604579808194559
C016,Arthrobacter,R1,130.05,3.53,3.534456775208017
C016,Arthrobacter,R1,131.05,3.47,3.4625535690044584
C016,Arthrobacter,R1,132.05,3.38,3.3884825114680903
C016,Arthrobacter,R1,133.05,3.32,3.3118111848366185
C016,Arthrobacter,R1,134.05,3.24,3.232363230952195
C016,Arthrobacter,R1,135.05,3.14,3.150116408687461
C016,Arthrobacter,R1,136.05,3.07,3.065408885432524
C016,Arthrobacter,R1,137.05,2.98,2.978670681136538
C016,Arthrobacter,R1,138.05,2.89,2.890338817467349
C016,Arthrobacter,R1,139.05,2.79,2.8007564873495596
C016,Arthrobacter,R1,140.05,2.71,2.709884567016072
C016,Arthrobacter,R1,141.05,2.62,2.6174949773500376
C016,Arthrobacter,R1,142.05,2.53,2.522986134527295
C016,Arthrobacter,R1,143.05,2.42,2.4258028972390684
C016,Arthrobacter,R1,144.05,2.33,2.32594939894546
C016,Arthrobacter,R1,145.05,2.22,2.2235064700877922
C016,Arthrobacter,R1,146.05,2.11,2.11830245426336
C016,Arthrobacter,R1,147.05,2.02,2.010017550436728
C016,Arthrobacter,R1,148.05,1.9,1.8979918658855779
C016,Arthrobacter,R1,149.05,1.79,1.7817252866959676
C016,Arthrobacter,R1,150.05,1.65,1.6616969058743811
C016,Arthrobacter,R1,151.05,1.54,1.5385101055684554
C016,Arthrobacter,R1,152.05,1.41,1.4122862175699722
C016,Arthrobacter,R1,153.05,1.28,1.2829152754881061
C016,Arthrobacter,R1,154.05,1.15,1.1498441705574494
C016,Arthrobacter,R1,155.05,1.03,1.0125585180946823
C016,Arthrobacter,R1,156.05,0.88,0.8711419721194581
C017,Arthrobacter,R2,53.05,5.89,5.899886029596255
C017,Arthrobacter,R2,54.05,5.91,5.899248045430005
C017,Arthrobacter,R2,55.05,5.9,5.896173228731771
C017,Arthrobacter,R2,56.05,5.9,5.890575632563698
C017,Arthrobacter,R2,57.05,5.88,5.882710732509153
C017,Arthrobacter,R2,58.05,5.86,5.873685697397785
C017,Arthrobacter,R2,59.05,5.87,5.864559098369095
C017,Arthrobacter,R2,60.05,5.85,5.8553434225557135
C017,Arthrobacter,R2,61.05,5.85,5.845819427160024
C017,Arthrobacter,R2,62.05,5.84,5.835887033670297
C017,Arthrobacter,R2,63.05,5.82,5.825536072777179
C017,Arthrobacter,R2,64.05,5.82,5.814996847694947
C017,Arthrobacter,R2,65.05,5.8,5.804526199492701
C017,Arthrobacter,R2,66.05,5.79,5.794246648135235
C017,Arthrobacter,R2,67.05,5.79,5.784171668523003
C017,Arthrobacter,R2,68.05,5.77,5.774012876403422
C017,Arthrobacter,R2,69.05,5.77,5.763508738313555
C017,Arthrobacter,R2,70.05,5.75,5.752806983102114
C017,Arthrobacter,R2,71.05,5.73,5.742021168184254
C017,Arthrobacter,R2,72.05,5.74,5.730718902929274
C017,Arthrobacter,R2,73.05,5.72,5.718372798217284
C017,Arthrobacter,R2,74.05,5.71,5.704621419017512
C017,Arthrobacter,R2,75.05,5.69,5.689320821315923
C017,Arthrobacter,R2,76.05,5.67,5.673031071076326
C017,Arthrobacter,R2,77.05,5.65,5.656359165867115
C017,Arthrobacter,R2,78.05,5.65,5.639395819697185
C017,Arthrobacter,R2,79.05,5.62,5.622201344545285
C017,Arthrobacter,R2,80.05,5.6,5.60523072782905
C017,Arthrobacter,R2,81.05,5.59,5.588959968978522
C017,Arthrobacter,R2,82.05,5.57,5.573554440034512
C017,Arthrobacter,R2,83.05,5.55,5.558946845827647
C017,Arthrobacter,R2,84.05,5.55,5.544449849737057
C017,Arthrobacter,R2,85.05,5.53,5.529212491186086
C017,Arthrobacter,R2,86.05,5.52,5.512349355226413
C017,Arthrobacter,R2,87.05,5.5,5.4932287927491625
C017,Arthrobacter,R2,88.05,5.47,5.472268672374907
C017,Arthrobacter,R2,89.05,5.45,5.450154134624339
C017,Arthrobacter,R2,90.05,5.42,5.427589889889172
C017,Arthrobacter,R2,91.05,5.41,5.40520858239273
C017,Arthrobacter,R2,92.05,5.38,5.3833350218137195
C017,Arthrobacter,R2,93.05,5.35,5.362073257106672
C017,Arthrobacter,R2,94.05,5.35,5.340952128873982
C017,Arthrobacter,R2,95.05,5.32,5.319380139620883
C017,Arthrobacter,R2,96.05,5.3,5.296859647816037
C017,Arthrobacter,R2,97.05,5.28,5.27305350910873
C017,Arthrobacter,R2,98.05,5.23,5.2481727119072845
C017,Arthrobacter,R2,99.05,5.24,5.222490438254774
C017,Arthrobacter,R2,100.05,5.19,5.195980511974277
C017,Arthrobacter,R2,101.05,5.17,5.168608255331252
C017,Arthrobacter,R2,102.05,5.13,5.1406043425806764
C017,Arthrobacter,R2,103.05,5.12,5.112142913201871
C017,Arthrobacter,R2,104.05,5.09,5.082906615582026
C017,Arthrobacter,R2,105.05,5.05,5.052632883057243
C017,Arthrobacter,R2,106.05,5.01,5.021769779851417
C017,Arthrobacter,R2,107.05,5,4.990785057239883
C017,Arthrobacter,R2,108.05,4.96,4.959514583815916
C017,Arthrobacter,R2,109.05,4.92,4.927695154949983
C017,Arthrobacter,R2,110.05,4.9,4.895299155803347
C017,Arthrobacter,R2,111.05,4.86,4.862254756950937
C017,Arthrobacter,R2,112.05,4.82,4.828077680831546
C017,Arthrobacter,R2,113.05,4.81,4.792264407516112
C017,Arthrobacter,R2,114.05,4.76,4.754646895740265
C017,Arthrobacter,R2,115.05,4.7,4.715280501782247
C017,Arthrobacter,R2,116.05,4.68,4.674778693426012
C017,Arthrobacter,R2,117.05,4.63,4.633730074934017
C017,Arthrobacter,R2,118.05,4.59,4.592065684977002
C017,Arthrobacter,R2,119.05,4.55,4.549528386167332
C017,Arthrobacter,R2,120.05,4.51,4.505765902475549
C017,Arthrobacter,R2,121.05,4.46,4.460467273724913
C017,Arthrobacter,R2,122.05,4.41,4.413581941791372
C017,Arthrobacter,R2,123.05,4.37,4.365107687292127
C017,Arthrobacter,R2,124.05,4.32,4.314975243756717
C017,Arthrobacter,R2,125.05,4.26,4.2632401781557165
C017,Arthrobacter,R2,126.05,4.21,4.210524438311496
C017,Arthrobacter,R2,127.05,4.15,4.157421763454007
C017,Arthrobacter,R2,128.05,4.1,4.103846677591745
C017,Arthrobacter,R2,129.05,4.06,4.049512009202507
C017,Arthrobacter,R2,130.05,3.99,3.994003019862781
C017,Arthrobacter,R2,131.05,3.94,3.9369571758047517
C017,Arthrobacter,R2,132.05,3.87,3.878348328784729
C017,Arthrobacter,R2,133.05,3.82,3.8181223501730304
C017,Arthrobacter,R2,134.05,3.77,3.755776804271895
C017,Arthrobacter,R2,135.05,3.68,3.690886329814463
C017,Arthrobacter,R2,136.05,3.63,3.6237821703255295
C017,Arthrobacter,R2,137.05,3.55,3.5548904362457865
C017,Arthrobacter,R2,138.05,3.48,3.4842601008878593
C017,Arthrobacter,R2,139.05,3.42,3.411855271732157
C017,Arthrobacter,R2,140.05,3.34,3.337677730058279
C017,Arthrobacter,R2,141.05,3.25,3.2617576047979626
C017,Arthrobacter,R2,142.05,3.19,3.1842007416922984
C017,Arthrobacter,R2,143.05,3.1,3.1050317140031165
C017,Arthrobacter,R2,144.05,3.03,3.0238742882658594
C017,Arthrobacter,R2,145.05,2.94,2.940333221479449
C017,Arthrobacter,R2,146.05,2.85,2.854338039223094
C017,Arthrobacter,R2,147.05,2.77,2.765859365576971
C017,Arthrobacter,R2,148.05,2.68,2.6747074500448416
C017,Arthrobacter,R2,149.05,2.58,2.5808131007927244
C017,Arthrobacter,R2,150.05,2.48,2.4847497352121115
C017,Arthrobacter,R2,151.05,2.38,2.3870475175633707
C017,Arthrobacter,R2,152.05,2.29,2.287420990356864
C017,Arthrobacter,R2,153.05,2.19,2.1854087107550386
C017,Arthrobacter,R2,154.05,2.08,2.0806609162786884
C017,Arthrobacter,R2,155.05,1.97,1.9728981761533613
C017,Arthrobacter,R2,156.05,1.87,1.8620107060653122
C017,Arthrobacter,R2,157.05,1.74,1.7479430451742584
C017,Arthrobacter,R2,158.05,1.63,1.6306873800730184
C017,Arthrobacter,R2,159.05,1.51,1.5101577886214548
C017,Arthrobacter,R2,160.05,1.39,1.3859082663145097
C017,Arthrobacter,R2,161.05,1.26,1.2574818205173686
C017,Arthrobacter,R2,162.05,1.11,1.1247375884411508
C017,Arthrobacter,R2,163.05,1.01,0.9875711412544254
C017,Arthrobacter,R2,164.05,0.86,0.8457076561095759
C018,Arthrobacter,R3,53.05,6.03,6.039474136971222
C018,Arthrobacter,R3,54.05,6.05,6.038816003168989
C018,Arthrobacter,R3,55.05,6.04,6.0354149190022675
C018,Arthrobacter,R3,56.05,6.04,6.028715439031119
C018,Arthrobacter,R3,57.05,6.02,6.018662157639968
C018,Arthrobacter,R3,58.05,6,6.0065696615092605
C018,Arthrobacter,R3,59.05,5.98,5.993794063748368
C018,Arthrobacter,R3,60.05,5.99,5.980487590886347
C018,Arthrobacter,R3,61.05,5.97,5.966588097381613
C018,Arthrobacter,R3,62.05,5.95,5.952379835990347
C018,Arthrobacter,R3,63.05,5.93,5.9381586245375875
C018,Arthrobacter,R3,64.05,5.93,5.923920142826059
C018,Arthrobacter,R3,65.05,5.91,5.90962062526732
C018,Arthrobacter,R3,66.05,5.9,5.895358662730601
C018,Arthrobacter,R3,67.05,5.87,5.881263438048381
C018,Arthrobacter,R3,68.05,5.87,5.867444145448462
C018,Arthrobacter,R3,69.05,5.85,5.853882224531522
C018,Arthrobacter,R3,70.05,5.85,5.840068084994446
C018,Arthrobacter,R3,71.05,5.82,5.825492899854812
C018,Arthrobacter,R3,72.05,5.81,5.8101419253167546
C018,Arthrobacter,R3,73.05,5.79,5.794008242719748
C018,Arthrobacter,R3,74.05,5.79,5.77662215075807
C018,Arthrobacter,R3,75.05,5.76,5.7576449383057255
C018,Arthrobacter,R3,76.05,5.73,5.737724637600844
C018,Arthrobacter,R3,77.05,5.72,5.717662957735109
C018,Arthrobacter,R3,78.05,5.69,5.697889571850311
C018,Arthrobacter,R3,79.05,5.68,5.678630919427973
C018,Arthrobacter,R3,80.05,5.66,5.659672541258428
C018,Arthrobacter,R3,81.05,5.64,5.640684694097743
C018,Arthrobacter,R3,82.05,5.62,5.621317397256068
C018,Arthrobacter,R3,83.05,5.61,5.601259029428097
C018,Arthrobacter,R3,84.05,5.57,5.580371644292595
C018,Arthrobacter,R3,85.05,5.57,5.558573434714466
C018,Arthrobacter,R3,86.05,5.53,5.535833475319081
C018,Arthrobacter,R3,87.05,5.52,5.512235191145839
C018,Arthrobacter,R3,88.05,5.48,5.488268527129809
C018,Arthrobacter,R3,89.05,5.46,5.464370149215118
C018,Arthrobacter,R3,90.05,5.44,5.440357087486494
C018,Arthrobacter,R3,91.05,5.42,5.415880107604352
C018,Arthrobacter,R3,92.05,5.4,5.390544553391277
C018,Arthrobacter,R3,93.05,5.36,5.364134901050101
C018,Arthrobacter,R3,94.05,5.33,5.337197578142458
C018,Arthrobacter,R3,95.05,5.31,5.310288499424075
C018,Arthrobacter,R3,96.05,5.29,5.283239577068279
C018,Arthrobacter,R3,97.05,5.25,5.255745121048122
C018,Arthrobacter,R3,98.05,5.22,5.227673035117989
C018,Arthrobacter,R3,99.05,5.21,5.19886025049527
C018,Arthrobacter,R3,100.05,5.18,5.168846214468049
C018,Arthrobacter,R3,101.05,5.13,5.137383125475647
C018,Arthrobacter,R3,102.05,5.1,5.105371670491627
C018,Arthrobacter,R3,103.05,5.07,5.073717279099826
C018,Arthrobacter,R3,104.05,5.04,5.0421958627909
C018,Arthrobacter,R3,105.05,5.02,5.010339143334831
C018,Arthrobacter,R3,106.05,4.97,4.977831601712117
C018,Arthrobacter,R3,107.05,4.95,4.944427892523
C018,Arthrobacter,R3,108.05,4.91,4.910010605636219
C018,Arthrobacter,R3,109.05,4.87,4.874505304457906
C018,Arthrobacter,R3,110.05,4.85,4.837881511275258
C018,Arthrobacter,R3,111.05,4.79,4.800182614651552
C018,Arthrobacter,R3,112.05,4.76,4.761703509373312
C018,Arthrobacter,R3,113.05,4.72,4.72263399269158
C018,Arthrobacter,R3,114.05,4.69,4.682491965492194
C018,Arthrobacter,R3,115.05,4.64,4.640761748917864
C018,Arthrobacter,R3,116.05,4.6,4.597465241503957
C018,Arthrobacter,R3,117.05,4.55,4.552763616783681
C018,Arthrobacter,R3,118.05,4.51,4.506837570888948
C018,Arthrobacter,R3,119.05,4.46,4.459917011110895
C018,Arthrobacter,R3,120.05,4.41,4.412409166778819
C018,Arthrobacter,R3,121.05,4.36,4.364667942555728
C018,Arthrobacter,R3,122.05,4.32,4.316656622401297
C018,Arthrobacter,R3,123.05,4.27,4.268271271583814
C018,Arthrobacter,R3,124.05,4.21,4.219529701309352
C018,Arthrobacter,R3,125.05,4.17,4.170321590033061
C018,Arthrobacter,R3,126.05,4.13,4.11990233926859
C018,Arthrobacter,R3,127.05,4.07,4.067570485194462
C018,Arthrobacter,R3,128.05,4.01,4.013431379590198
C018,Arthrobacter,R3,129.05,3.96,3.9577966196224925
C018,Arthrobacter,R3,130.05,3.9,3.9009959684057476
C018,Arthrobacter,R3,131.05,3.84,3.8433016755139295
C018,Arthrobacter,R3,132.05,3.78,3.784737770411553
C018,Arthrobacter,R3,133.05,3.73,3.7252333476450916
C018,Arthrobacter,R3,134.05,3.67,3.6645859821983273
C018,Arthrobacter,R3,135.05,3.59,3.6025313027916486
C018,Arthrobacter,R3,136.05,3.54,3.5386886726545246
C018,Arthrobacter,R3,137.05,3.49,3.4727521999516027
C018,Arthrobacter,R3,138.05,3.4,3.404831238079123
C018,Arthrobacter,R3,139.05,3.32,3.335100362908857
C018,Arthrobacter,R3,140.05,3.27,3.2635797949830603
C018,Arthrobacter,R3,141.05,3.19,3.1901671432867125
C018,Arthrobacter,R3,142.05,3.13,3.1144239259051814
C018,Arthrobacter,R3,143.05,3.03,3.036085078379444
C018,Arthrobacter,R3,144.05,2.95,2.9559152969725284
C018,Arthrobacter,R3,145.05,2.88,2.8748283929993406
C018,Arthrobacter,R3,146.05,2.79,2.7933048772602316
C018,Arthrobacter,R3,147.05,2.7,2.7115951009287307
C018,Arthrobacter,R3,148.05,2.63,2.6294620771856367
C018,Arthrobacter,R3,149.05,2.55,2.5464258023782786
C018,Arthrobacter,R3,150.05,2.46,2.4615215435128586
C018,Arthrobacter,R3,151.05,2.38,2.3738031544242344
C018,Arthrobacter,R3,152.05,2.29,2.2828835656029796
C018,Arthrobacter,R3,153.05,2.18,2.1885986091794405
C018,Arthrobacter,R3,154.05,2.1,2.091116647187324
C018,Arthrobacter,R3,155.05,1.99,1.9907781098208308
C018,Arthrobacter,R3,156.05,1.89,1.8882791700128034
C018,Arthrobacter,R3,157.05,1.77,1.7842810471849742
C018,Arthrobacter,R3,158.05,1.68,1.6789494039759718
C018,Arthrobacter,R3,159.05,1.58,1.5722224258936168
C018,Arthrobacter,R3,160.05,1.45,1.4636239467056045
C018,Arthrobacter,R3,161.05,1.37,1.352645631596121
C018,Arthrobacter,R3,162.05,1.23,1.2390648231554753
C018,Arthrobacter,R3,163.05,1.12,1.1226949334923415
C018,Arthrobacter,R3,164.05,1.01,1.003207975382685
C018,Arthrobacter,R3,165.05,0.89,0.8803338076892915
C019,Arthrobacter,R4,56.05,5.99,5.9981809157952375
C019,Arthrobacter,R4,57.05,6.01,5.99728096345126
C019,Arthrobacter,R4,58.05,6,5.994291892017959
C019,Arthrobacter,R4,59.05,5.99,5.988502258493659
C019,Arthrobacter,R4,60.05,5.98,5.980345894732784
C019,Arthrobacter,R4,61.05,5.97,5.970527593597571
C019,Arthrobacter,R4,62.05,5.96,5.95969071712541
C019,Arthrobacter,R4,63.05,5.94,5.948390622278285
C019,Arthrobacter,R4,64.05,5.94,5.936892076541382
C019,Arthrobacter,R4,65.05,5.92,5.92526907124121
C019,Arthrobacter,R4,66.05,5.92,5.9131230825463525
C019,Arthrobacter,R4,67.05,5.91,5.900127408117896
C019,Arthrobacter,R4,68.05,5.87,5.886715146744879
C019,Arthrobacter,R4,69.05,5.88,5.87338505195433
C019,Arthrobacter,R4,70.05,5.86,5.86013869509731
C019,Arthrobacter,R4,71.05,5.85,5.846910418765997
C019,Arthrobacter,R4,72.05,5.82,5.833862832693006
C019,Arthrobacter,R4,73.05,5.83,5.821095385469297
C019,Arthrobacter,R4,74.05,5.81,5.808226613978757
C019,Arthrobacter,R4,75.05,5.79,5.794811524477425
C019,Arthrobacter,R4,76.05,5.78,5.7806319124170065
C019,Arthrobacter,R4,77.05,5.77,5.765522062259918
C019,Arthrobacter,R4,78.05,5.76,5.749299425315747
C019,Arthrobacter,R4,79.05,5.72,5.731902166514978
C019,Arthrobacter,R4,80.05,5.72,5.713768138424504
C019,Arthrobacter,R4,81.05,5.7,5.695483284553198
C019,Arthrobacter,R4,82.05,5.66,5.677726224541434
C019,Arthrobacter,R4,83.05,5.66,5.660926164221206
C019,Arthrobacter,R4,84.05,5.65,5.644421978059468
C019,Arthrobacter,R4,85.05,5.63,5.627388174409923
C019,Arthrobacter,R4,86.05,5.61,5.609432128538296
C019,Arthrobacter,R4,87.05,5.59,5.590311895025695
C019,Arthrobacter,R4,88.05,5.57,5.56995537880272
C019,Arthrobacter,R4,89.05,5.55,5.548334796742837
C019,Arthrobacter,R4,90.05,5.53,5.5254297631414735
C019,Arthrobacter,R4,91.05,5.5,5.501351140200756
C019,Arthrobacter,R4,92.05,5.48,5.476727384327604
C019,Arthrobacter,R4,93.05,5.44,5.452199176129223
C019,Arthrobacter,R4,94.05,5.43,5.4279384988092065
C019,Arthrobacter,R4,95.05,5.41,5.403988283369837
C019,Arthrobacter,R4,96.05,5.38,5.3803439494117775
C019,Arthrobacter,R4,97.05,5.35,5.357006995107961
C019,Arthrobacter,R4,98.05,5.33,5.334050744322014
C019,Arthrobacter,R4,99.05,5.31,5.311355148479739
C019,Arthrobacter,R4,100.05,5.29,5.287954843564983
C019,Arthrobacter,R4,101.05,5.27,5.262791915104985
C019,Arthrobacter,R4,102.05,5.24,5.235283562242526
C019,Arthrobacter,R4,103.05,5.21,5.20518951297081
C019,Arthrobacter,R4,104.05,5.17,5.173164497069187
C019,Arthrobacter,R4,105.05,5.14,5.140073447047227
C019,Arthrobacter,R4,106.05,5.1,5.1067271045492175
C019,Arthrobacter,R4,107.05,5.07,5.07374114629585
C019,Arthrobacter,R4,108.05,5.04,5.04100518017868
C019,Arthrobacter,R4,109.05,5.01,5.008175908093274
C019,Arthrobacter,R4,110.05,4.97,4.974704476780388
C019,Arthrobacter,R4,111.05,4.95,4.939999621513013
C019,Arthrobacter,R4,112.05,4.9,4.903505986847875
C019,Arthrobacter,R4,113.05,4.88,4.864924041767162
C019,Arthrobacter,R4,114.05,4.82,4.824941643671107
C019,Arthrobacter,R4,115.05,4.77,4.784396807660256
C019,Arthrobacter,R4,116.05,4.75,4.7437407912183565
C019,Arthrobacter,R4,117.05,4.7,4.70319494631866
C019,Arthrobacter,R4,118.05,4.66,4.662447760509259
C019,Arthrobacter,R4,119.05,4.63,4.621109572113945
C019,Arthrobacter,R4,120.05,4.57,4.579010986984427
C019,Arthrobacter,R4,121.05,4.54,4.5359997483800685
C019,Arthrobacter,R4,122.05,4.49,4.491771881662933
C019,Arthrobacter,R4,123.05,4.45,4.446022251926755
C019,Arthrobacter,R4,124.05,4.4,4.398592801089297
C019,Arthrobacter,R4,125.05,4.35,4.34943396687657
C019,Arthrobacter,R4,126.05,4.29,4.298783093423528
C019,Arthrobacter,R4,127.05,4.25,4.246799400495864
C019,Arthrobacter,R4,128.05,4.2,4.193042703973264
C019,Arthrobacter,R4,129.05,4.14,4.137160107562204
C019,Arthrobacter,R4,130.05,4.08,4.079747270162355
C019,Arthrobacter,R4,131.05,4.01,4.021516666261085
C019,Arthrobacter,R4,132.05,3.96,3.9626994775033695
C019,Arthrobacter,R4,133.05,3.91,3.903296370521195
C019,Arthrobacter,R4,134.05,3.84,3.842867244736961
C019,Arthrobacter,R4,135.05,3.78,3.7809046699772035
C019,Arthrobacter,R4,136.05,3.72,3.717072664894543
C019,Arthrobacter,R4,137.05,3.65,3.651091146120029
C019,Arthrobacter,R4,138.05,3.59,3.5827321733723214
C019,Arthrobacter,R4,139.05,3.51,3.511896004346753
C019,Arthrobacter,R4,140.05,3.44,3.4389435455576916
C019,Arthrobacter,R4,141.05,3.36,3.364334303484019
C019,Arthrobacter,R4,142.05,3.29,3.288461535643618
C019,Arthrobacter,R4,143.05,3.2,3.2115292336463552
C019,Arthrobacter,R4,144.05,3.14,3.1330505744310435
C019,Arthrobacter,R4,145.05,3.06,3.052482902952608
C019,Arthrobacter,R4,146.05,2.97,2.969751050901455
C019,Arthrobacter,R4,147.05,2.88,2.8849266472876494
C019,Arthrobacter,R4,148.05,2.79,2.7982010236644204
C019,Arthrobacter,R4,149.05,2.72,2.709693938457596
C019,Arthrobacter,R4,150.05,2.62,2.6191191550402695
C019,Arthrobacter,R4,151.05,2.52,2.526156830549583
C019,Arthrobacter,R4,152.05,2.43,2.430758692231596
C019,Arthrobacter,R4,153.05,2.34,2.3329045546172056
C019,Arthrobacter,R4,154.05,2.23,2.2324150112677557
C019,Arthrobacter,R4,155.05,2.13,2.1291525875630617
C019,Arthrobacter,R4,156.05,2.02,2.023306757126409
C019,Arthrobacter,R4,157.05,1.91,1.915010211990669
C019,Arthrobacter,R4,158.05,1.81,1.8038415695835672
C019,Arthrobacter,R4,159.05,1.69,1.6893196448584233
C019,Arthrobacter,R4,160.05,1.57,1.571278117476091
C019,Arthrobacter,R4,161.05,1.45,1.4496024252224098
C019,Arthrobacter,R4,162.05,1.32,1.3240701736756721
C019,Arthrobacter,R4,163.05,1.21,1.194487361680589
C019,Arthrobacter,R4,164.05,1.07,1.0608813933550612
C020,Arthrobacter,R5,60.05,7.09,7.092265389814618
C020,Arthrobacter,R5,61.05,7.09,7.091094177511556
C020,Arthrobacter,R5,62.05,7.1,7.087625868409921
C020,Arthrobacter,R5,63.05,7.09,7.0811119685088455
C020,Arthrobacter,R5,64.05,7.06,7.072158067318583
C020,Arthrobacter,R5,65.05,7.06,7.0615517883613315
C020,Arthrobacter,R5,66.05,7.05,7.049454807695923
C020,Arthrobacter,R5,67.05,7.04,7.035885256042206
C020,Arthrobacter,R5,68.05,7.02,7.020913030227454
C020,Arthrobacter,R5,69.05,7.01,7.004692401146106
C020,Arthrobacter,R5,70.05,6.98,6.987663369853806
C020,Arthrobacter,R5,71.05,6.98,6.9703712066304915
C020,Arthrobacter,R5,72.05,6.94,6.953496528492059
C020,Arthrobacter,R5,73.05,6.93,6.937498727004907
C020,Arthrobacter,R5,74.05,6.93,6.921816945201458
C020,Arthrobacter,R5,75.05,6.91,6.905735429456369
C020,Arthrobacter,R5,76.05,6.89,6.888939088047197
C020,Arthrobacter,R5,77.05,6.87,6.871299021975988
C020,Arthrobacter,R5,78.05,6.85,6.853030441239861
C020,Arthrobacter,R5,79.05,6.83,6.834306111975103
C020,Arthrobacter,R5,80.05,6.83,6.814784915879592
C020,Arthrobacter,R5,81.05,6.79,6.794194835368021
C020,Arthrobacter,R5,82.05,6.77,6.7730541401607205
C020,Arthrobacter,R5,83.05,6.75,6.751991942894979
C020,Arthrobacter,R5,84.05,6.73,6.731290440570216
C020,Arthrobacter,R5,85.05,6.7,6.710949174309533
C020,Arthrobacter,R5,86.05,6.7,6.690183977368588
C020,Arthrobacter,R5,87.05,6.68,6.6682195355705955
C020,Arthrobacter,R5,88.05,6.64,6.645099652876342
C020,Arthrobacter,R5,89.05,6.62,6.621119649899561
C020,Arthrobacter,R5,90.05,6.59,6.596761795728104
C020,Arthrobacter,R5,91.05,6.57,6.572386678098337
C020,Arthrobacter,R5,92.05,6.56,6.547681210866555
C020,Arthrobacter,R5,93.05,6.51,6.522215342787002
C020,Arthrobacter,R5,94.05,6.5,6.49576483608582
C020,Arthrobacter,R5,95.05,6.48,6.4682368406587525
C020,Arthrobacter,R5,96.05,6.43,6.439858243608055
C020,Arthrobacter,R5,97.05,6.41,6.410904199972567
C020,Arthrobacter,R5,98.05,6.38,6.381523199330983
C020,Arthrobacter,R5,99.05,6.35,6.3517397371530695
C020,Arthrobacter,R5,100.05,6.33,6.321208997933026
C020,Arthrobacter,R5,101.05,6.29,6.289640193917406
C020,Arthrobacter,R5,102.05,6.25,6.257327959337747
C020,Arthrobacter,R5,103.05,6.23,6.224660227454906
C020,Arthrobacter,R5,104.05,6.19,6.191812705662035
C020,Arthrobacter,R5,105.05,6.15,6.158834158022206
C020,Arthrobacter,R5,106.05,6.13,6.125477801145909
C020,Arthrobacter,R5,107.05,6.09,6.091383482827369
C020,Arthrobacter,R5,108.05,6.06,6.056033123048337
C020,Arthrobacter,R5,109.05,6.02,6.018941017444918
C020,Arthrobacter,R5,110.05,5.98,5.979908892083122
C020,Arthrobacter,R5,111.05,5.95,5.938942689898216
C020,Arthrobacter,R5,112.05,5.88,5.896577790872602
C020,Arthrobacter,R5,113.05,5.86,5.853327189879909
C020,Arthrobacter,R5,114.05,5.8,5.80908490431148
C020,Arthrobacter,R5,115.05,5.78,5.76365094836136
C020,Arthrobacter,R5,116.05,5.71,5.71706830091668
C020,Arthrobacter,R5,117.05,5.67,5.6694995431672455
C020,Arthrobacter,R5,118.05,5.62,5.621342700820472
C020,Arthrobacter,R5,119.05,5.57,5.57295451949819
C020,Arthrobacter,R5,120.05,5.52,5.524291179962266
C020,Arthrobacter,R5,121.05,5.48,5.475144718258599
C020,Arthrobacter,R5,122.05,5.42,5.425051156429205
C020,Arthrobacter,R5,123.05,5.38,5.373508329118644
C020,Arthrobacter,R5,124.05,5.32,5.320117335385552
C020,Arthrobacter,R5,125.05,5.27,5.264625220463524
C020,Arthrobacter,R5,126.05,5.2,5.207259549871887
C020,Arthrobacter,R5,127.05,5.15,5.148287186447655
C020,Arthrobacter,R5,128.05,5.09,5.087651662012891
C020,Arthrobacter,R5,129.05,5.03,5.025321560381782
C020,Arthrobacter,R5,130.05,4.95,4.961689004352002
C020,Arthrobacter,R5,131.05,4.9,4.897099161861702
C020,Arthrobacter,R5,132.05,4.83,4.831285842427457
C020,Arthrobacter,R5,133.05,4.77,4.763894879229728
C020,Arthrobacter,R5,134.05,4.69,4.6948315585260945
C020,Arthrobacter,R5,135.05,4.63,4.6240665049010055
C020,Arthrobacter,R5,136.05,4.54,4.55157224316924
C020,Arthrobacter,R5,137.05,4.49,4.477338690899859
C020,Arthrobacter,R5,138.05,4.4,4.4014234364486935
C020,Arthrobacter,R5,139.05,4.31,4.323832089949899
C020,Arthrobacter,R5,140.05,4.25,4.2442946778641
C020,Arthrobacter,R5,141.05,4.17,4.162476682801777
C020,Arthrobacter,R5,142.05,4.08,4.07806099564636
C020,Arthrobacter,R5,143.05,3.99,3.990914009889892
C020,Arthrobacter,R5,144.05,3.9,3.901618721185962
C020,Arthrobacter,R5,145.05,3.8,3.8107499904408275
C020,Arthrobacter,R5,146.05,3.73,3.718133537409839
C020,Arthrobacter,R5,147.05,3.62,3.6234836990145443
C020,Arthrobacter,R5,148.05,3.52,3.5268184219921794
C020,Arthrobacter,R5,149.05,3.43,3.4280823080472715
C020,Arthrobacter,R5,150.05,3.33,3.326622968937862
C020,Arthrobacter,R5,151.05,3.23,3.221835467319734
C020,Arthrobacter,R5,152.05,3.12,3.1139016593861206
C020,Arthrobacter,R5,153.05,3,3.0033480897277065
C020,Arthrobacter,R5,154.05,2.87,2.8912932629875514
C020,Arthrobacter,R5,155.05,2.79,2.7786375495109987
C020,Arthrobacter,R5,156.05,2.65,2.664816822400201
C020,Arthrobacter,R5,157.05,2.56,2.548903024792328
C020,Arthrobacter,R5,158.05,2.43,2.4299768772077597
C020,Arthrobacter,R5,159.05,2.3,2.307147971288039
C020,Arthrobacter,R5,160.05,2.2,2.179632605776145
C020,Arthrobacter,R5,161.05,2.04,2.046901143936166
C020,Arthrobacter,R5,162.05,1.91,1.909333500015241
C020,Arthrobacter,R5,163.05,1.76,1.7674116893944503
C020,Arthrobacter,R5,164.05,1.63,1.6211165810075647
C020,Arthrobacter,R5,165.05,1.47,1.470381299302841
C020,Arthrobacter,R5,166.05,1.34,1.3154491372337926
C021,Bacillus,R1,45.07,6.08,6.074392643157783
C021,Bacillus,R1,46.07,6.08,6.0734794565121195
C021,Bacillus,R1,47.07,6.06,6.070669422902186
C021,Bacillus,R1,48.07,6.07,6.06649948737727
C021,Bacillus,R1,49.07,6.06,6.061506142208164
C021,Bacillus,R1,50.07,6.05,6.056149192813509
C021,Bacillus,R1,51.07,6.06,6.050582149981878
C021,Bacillus,R1,52.07,6.04,6.044938860996644
C021,Bacillus,R1,53.07,6.04,6.039580813750442
C021,Bacillus,R1,54.07,6.03,6.03484577125253
C021,Bacillus,R1,55.07,6.03,6.030748956369385
C021,Bacillus,R1,56.07,6.03,6.027209812481437
C021,Bacillus,R1,57.07,6.02,6.024087205167706
C021,Bacillus,R1,58.07,6.02,6.02116091302168
C021,Bacillus,R1,59.07,6.02,6.017954944496131
C021,Bacillus,R1,60.07,6.02,6.014029748165001
C021,Bacillus,R1,61.07,6.01,6.009347303227616
C021,Bacillus,R1,62.07,6,6.00396997153965
C021,Bacillus,R1,63.07,6,5.997957145034933
C021,Bacillus,R1,64.07,5.99,5.991356335959911
C021,Bacillus,R1,65.07,5.99,5.984242044962745
C021,Bacillus,R1,66.07,5.97,5.976808605985816
C021,Bacillus,R1,67.07,5.97,5.9692463440150165
C021,Bacillus,R1,68.07,5.96,5.961609714916015
C021,Bacillus,R1,69.07,5.95,5.953844809815054
C021,Bacillus,R1,70.07,5.95,5.945600130000866
C021,Bacillus,R1,71.07,5.94,5.936525603995474
C021,Bacillus,R1,72.07,5.93,5.926574459091576
C021,Bacillus,R1,73.07,5.91,5.91582006247904
C021,Bacillus,R1,74.07,5.91,5.904513042165706
C021,Bacillus,R1,75.07,5.89,5.892940906005093
C021,Bacillus,R1,76.07,5.88,5.881361420415408
C021,Bacillus,R1,77.07,5.87,5.870024916456043
C021,Bacillus,R1,78.07,5.85,5.859071761490751
C021,Bacillus,R1,79.07,5.85,5.848202468100746
C021,Bacillus,R1,80.07,5.84,5.836986042374426
C021,Bacillus,R1,81.07,5.83,5.824905319211432
C021,Bacillus,R1,82.07,5.81,5.811533574257386
C021,Bacillus,R1,83.07,5.8,5.796892017330575
C021,Bacillus,R1,84.07,5.78,5.7811232348609485
C021,Bacillus,R1,85.07,5.76,5.764407385552461
C021,Bacillus,R1,86.07,5.75,5.746880601981384
C021,Bacillus,R1,87.07,5.73,5.728465339939248
C021,Bacillus,R1,88.07,5.71,5.7091216216848135
C021,Bacillus,R1,89.07,5.69,5.689173412130486
C021,Bacillus,R1,90.07,5.66,5.668936210416192
C021,Bacillus,R1,91.07,5.65,5.6483277099382425
C021,Bacillus,R1,92.07,5.63,5.62716615265706
C021,Bacillus,R1,93.07,5.61,5.605300480267471
C021,Bacillus,R1,94.07,5.57,5.582702433401947
C021,Bacillus,R1,95.07,5.57,5.5593323546451385
C021,Bacillus,R1,96.07,5.53,5.534982195452814
C021,Bacillus,R1,97.07,5.51,5.5094265305855386
C021,Bacillus,R1,98.07,5.49,5.482538819151989
C021,Bacillus,R1,99.07,5.45,5.454271439511289
C021,Bacillus,R1,100.07,5.42,5.424793562676261
C021,Bacillus,R1,101.07,5.4,5.394264257636014
C021,Bacillus,R1,102.07,5.36,5.3625853926310825
C021,Bacillus,R1,103.07,5.33,5.329643494905823
C021,Bacillus,R1,104.07,5.3,5.2955209284684015
C021,Bacillus,R1,105.07,5.25,5.260302169614557
C021,Bacillus,R1,106.07,5.23,5.223884307026497
C021,Bacillus,R1,107.07,5.18,5.186117582483041
C021,Bacillus,R1,108.07,5.15,5.146812955380455
C021,Bacillus,R1,109.07,5.11,5.105624255584755
C021,Bacillus,R1,110.07,5.06,5.062220170799532
C021,Bacillus,R1,111.07,5.01,5.016485949608942
C021,Bacillus,R1,112.07,4.98,4.968350062833576
C021,Bacillus,R1,113.07,4.92,4.917697309359238
C021,Bacillus,R1,114.07,4.86,4.864509010933969
C021,Bacillus,R1,115.07,4.81,4.809196252689565
C021,Bacillus,R1,116.07,4.75,4.752221247625625
C021,Bacillus,R1,117.07,4.69,4.693820956829224
C021,Bacillus,R1,118.07,4.63,4.634036472055829
C021,Bacillus,R1,119.07,4.57,4.572350659647039
C021,Bacillus,R1,120.07,4.51,4.5081432916986115
C021,Bacillus,R1,121.07,4.45,4.440939988736782
C021,Bacillus,R1,122.07,4.38,4.370302833395426
C021,Bacillus,R1,123.07,4.28,4.295942664453173
C021,Bacillus,R1,124.08,4.22,4.217371853672241
C021,Bacillus,R1,125.08,4.14,4.136496153702335
C021,Bacillus,R1,126.08,4.05,4.052465965300124
C021,Bacillus,R1,127.08,3.96,3.9650717424652244
C021,Bacillus,R1,128.08,3.88,3.8740517707422266
C021,Bacillus,R1,129.08,3.78,3.7791750516470506
C021,Bacillus,R1,130.08,3.68,3.6803856190359525
C021,Bacillus,R1,131.08,3.57,3.5776360660790814
C021,Bacillus,R1,132.08,3.48,3.4707381908618635
C021,Bacillus,R1,133.08,3.35,3.359446412053027
C021,Bacillus,R1,134.08,3.25,3.2434264257392074
C021,Bacillus,R1,135.08,3.12,3.1223471534596174
C021,Bacillus,R1,136.08,3,2.995979141145812
C021,Bacillus,R1,137.08,2.86,2.8641183408274458
C021,Bacillus,R1,138.08,2.73,2.726581558261097
C021,Bacillus,R1,139.08,2.58,2.5832690141111017
C021,Bacillus,R1,140.08,2.43,2.434034257575797
C021,Bacillus,R1,141.08,2.27,2.2784607370818417
C021,Bacillus,R1,142.08,2.12,2.1159023976121762
C021,Bacillus,R1,143.08,1.95,1.945065271146547
C021,Bacillus,R1,144.08,1.78,1.7647510143826857
C021,Bacillus,R1,145.08,1.58,1.5747916958933652
C021,Bacillus,R1,146.08,1.39,1.3755399561258663
C021,Bacillus,R1,147.08,1.2,1.1684003111503567
C021,Bacillus,R1,148.08,0.99,0.9560016301566213
C021,Bacillus,R1,149.08,0.78,0.7448183191899265
C022,Bacillus,R2,49.07,6.01,5.999825845395636
C022,Bacillus,R2,50.07,6,5.998229872795509
C022,Bacillus,R2,51.07,6,5.994492300283653
C022,Bacillus,R2,52.07,5.98,5.989233733861739
C022,Bacillus,R2,53.07,5.98,5.983034976271766
C022,Bacillus,R2,54.07,5.98,5.976397104130718
C022,Bacillus,R2,55.07,5.97,5.9695420928151774
C022,Bacillus,R2,56.07,5.95,5.962545940955157
C022,Bacillus,R2,57.07,5.96,5.955179841434769
C022,Bacillus,R2,58.07,5.95,5.9471605811863455
C022,Bacillus,R2,59.07,5.95,5.938292129081012
C022,Bacillus,R2,60.07,5.92,5.928467499430836
C022,Bacillus,R2,61.07,5.91,5.917848706372891
C022,Bacillus,R2,62.07,5.92,5.906665014000499
C022,Bacillus,R2,63.07,5.89,5.895144068286036
C022,Bacillus,R2,64.07,5.89,5.883507042718094
C022,Bacillus,R2,65.07,5.87,5.872046419906323
C022,Bacillus,R2,66.07,5.84,5.861346391428398
C022,Bacillus,R2,67.07,5.86,5.851769690645541
C022,Bacillus,R2,68.07,5.84,5.842501509085184
C022,Bacillus,R2,69.07,5.84,5.832560393121128
C022,Bacillus,R2,70.07,5.83,5.821475850346456
C022,Bacillus,R2,71.07,5.8,5.809010399818667
C022,Bacillus,R2,72.07,5.81,5.795347645233656
C022,Bacillus,R2,73.07,5.78,5.780884415490676
C022,Bacillus,R2,74.07,5.75,5.766449355664012
C022,Bacillus,R2,75.07,5.75,5.752772317447515
C022,Bacillus,R2,76.07,5.75,5.739756162838229
C022,Bacillus,R2,77.07,5.72,5.727097006409006
C022,Bacillus,R2,78.07,5.71,5.714450948102368
C022,Bacillus,R2,79.07,5.71,5.701314029339553
C022,Bacillus,R2,80.07,5.69,5.687266167816758
C022,Bacillus,R2,81.07,5.68,5.672382844851303
C022,Bacillus,R2,82.07,5.64,5.656849285516363
C022,Bacillus,R2,83.07,5.64,5.640794126287387
C022,Bacillus,R2,84.07,5.64,5.6242519455602045
C022,Bacillus,R2,85.07,5.59,5.606937678009892
C022,Bacillus,R2,86.07,5.61,5.58862476148364
C022,Bacillus,R2,87.07,5.56,5.5696402902378495
C022,Bacillus,R2,88.07,5.54,5.550364123470057
C022,Bacillus,R2,89.07,5.54,5.530833523733139
C022,Bacillus,R2,90.07,5.51,5.511005683086448
C022,Bacillus,R2,91.07,5.49,5.490860108259903
C022,Bacillus,R2,92.07,5.47,5.470381884651065
C022,Bacillus,R2,93.07,5.45,5.449569133761532
C022,Bacillus,R2,94.07,5.43,5.428472121509026
C022,Bacillus,R2,95.07,5.4,5.4071026851876836
C022,Bacillus,R2,96.07,5.38,5.3852668031811275
C022,Bacillus,R2,97.07,5.37,5.362631930797483
C022,Bacillus,R2,98.07,5.35,5.33851728995339
C022,Bacillus,R2,99.07,5.31,5.312437741904206
C022,Bacillus,R2,100.07,5.29,5.285038938651648
C022,Bacillus,R2,101.07,5.24,5.257081532752576
C022,Bacillus,R2,102.07,5.23,5.22865538823806
C022,Bacillus,R2,103.07,5.21,5.199742251170837
C022,Bacillus,R2,104.07,5.18,5.170562184266046
C022,Bacillus,R2,105.07,5.12,5.141335689555215
C022,Bacillus,R2,106.07,5.11,5.11204670968297
C022,Bacillus,R2,107.07,5.08,5.0826200474472065
C022,Bacillus,R2,108.07,5.06,5.052828898714553
C022,Bacillus,R2,109.07,5.03,5.021840031626541
C022,Bacillus,R2,110.07,4.98,4.988853818358899
C022,Bacillus,R2,111.07,4.97,4.953811474949264
C022,Bacillus,R2,112.07,4.91,4.916935885558328
C022,Bacillus,R2,113.07,4.88,4.878835762977115
C022,Bacillus,R2,114.07,4.83,4.840081652542951
C022,Bacillus,R2,115.07,4.8,4.8007056011480245
C022,Bacillus,R2,116.07,4.77,4.760604072350127
C022,Bacillus,R2,117.07,4.72,4.719669694814612
C022,Bacillus,R2,118.07,4.67,4.677853462730835
C022,Bacillus,R2,119.07,4.64,4.635343667276614
C022,Bacillus,R2,120.07,4.59,4.592293999050551
C022,Bacillus,R2,121.07,4.54,4.54848244934591
C022,Bacillus,R2,122.07,4.51,4.503593084629628
C022,Bacillus,R2,123.07,4.46,4.457268327593855
C022,Bacillus,R2,124.08,4.4,4.408489372741723
C022,Bacillus,R2,125.08,4.38,4.357819056961336
C022,Bacillus,R2,126.08,4.31,4.305056571548685
C022,Bacillus,R2,127.08,4.23,4.250721554022607
C022,Bacillus,R2,128.08,4.19,4.195656875025999
C022,Bacillus,R2,129.08,4.14,4.1404516104411595
C022,Bacillus,R2,130.08,4.09,4.084356423983914
C022,Bacillus,R2,131.08,4.03,4.0264697038749
C022,Bacillus,R2,132.08,3.97,3.9666191485204774
C022,Bacillus,R2,133.08,3.9,3.904821209910083
C022,Bacillus,R2,134.08,3.84,3.8411180441797073
C022,Bacillus,R2,135.08,3.78,3.7755661362215838
C022,Bacillus,R2,136.08,3.71,3.7082535818063405
C022,Bacillus,R2,137.08,3.63,3.639276379424207
C022,Bacillus,R2,138.08,3.57,3.5686685017483133
C022,Bacillus,R2,139.08,3.5,3.4962158181834178
C022,Bacillus,R2,140.08,3.42,3.4216452158678483
C022,Bacillus,R2,141.08,3.34,3.3446957561426176
C022,Bacillus,R2,142.08,3.28,3.265180054753399
C022,Bacillus,R2,143.08,3.18,3.1831927708618077
C022,Bacillus,R2,144.08,3.09,3.0989028521902924
C022,Bacillus,R2,145.08,3.01,3.012494357288634
C022,Bacillus,R2,146.08,2.93,2.924032515870801
C022,Bacillus,R2,147.08,2.83,2.8330921314801354
C022,Bacillus,R2,148.08,2.75,2.7392799910686643
C022,Bacillus,R2,149.08,2.64,2.6428212413937366
C022,Bacillus,R2,150.08,2.54,2.544056404945114
C022,Bacillus,R2,151.08,2.44,2.4431691473368407
C022,Bacillus,R2,152.08,2.34,2.3403039199640383
C022,Bacillus,R2,153.08,2.23,2.235473017104246
C022,Bacillus,R2,154.08,2.13,2.128160104564672
C022,Bacillus,R2,155.08,2.02,2.017731180802162
C022,Bacillus,R2,156.08,1.91,1.9036102033424038
C022,Bacillus,R2,157.08,1.79,1.7853954399393057
C022,Bacillus,R2,158.08,1.65,1.6633244401907492
C022,Bacillus,R2,159.08,1.54,1.537656751377505
C022,Bacillus,R2,160.08,1.41,1.4081006296678653
C022,Bacillus,R2,161.08,1.27,1.2742278018121576
C022,Bacillus,R2,162.08,1.16,1.1356151680012896
C022,Bacillus,R2,163.08,1,0.9922009101977478
C022,Bacillus,R2,164.08,0.88,0.8453631640098057
C023,Bacillus,R3,57.07,5.95,5.934058934226959
C023,Bacillus,R3,58.07,5.94,5.932114372652438
C023,Bacillus,R3,59.07,5.93,5.928043738250244
C023,Bacillus,R3,60.07,5.92,5.922180496802973
C023,Bacillus,R3,61.07,5.91,5.9150313411075395
C023,Bacillus,R3,62.07,5.9,5.9071462707144455
C023,Bacillus,R3,63.07,5.91,5.898959406962018
C023,Bacillus,R3,64.07,5.89,5.890441358339915
C023,Bacillus,R3,65.07,5.88,5.881569821266712
C023,Bacillus,R3,66.07,5.87,5.872814356725364
C023,Bacillus,R3,67.07,5.86,5.864638430289979
C023,Bacillus,R3,68.07,5.85,5.856989261334935
C023,Bacillus,R3,69.07,5.85,5.849537278354679
C023,Bacillus,R3,70.07,5.85,5.841361992523675
C023,Bacillus,R3,71.07,5.84,5.83160181010013
C023,Bacillus,R3,72.07,5.82,5.820221634997173
C023,Bacillus,R3,73.07,5.81,5.8075243239129115
C023,Bacillus,R3,74.07,5.79,5.794338047030437
C023,Bacillus,R3,75.07,5.77,5.781419085780754
C023,Bacillus,R3,76.07,5.77,5.768710853101525
C023,Bacillus,R3,77.07,5.77,5.755953544807089
C023,Bacillus,R3,78.07,5.74,5.743017832879493
C023,Bacillus,R3,79.07,5.72,5.7302962939716355
C023,Bacillus,R3,80.07,5.72,5.7181702940155175
C023,Bacillus,R3,81.07,5.71,5.706454451388682
C023,Bacillus,R3,82.07,5.69,5.694856614150204
C023,Bacillus,R3,83.07,5.68,5.683224296639742
C023,Bacillus,R3,84.07,5.67,5.671310467738452
C023,Bacillus,R3,85.07,5.67,5.6583502482129004
C023,Bacillus,R3,86.07,5.65,5.643709088336403
C023,Bacillus,R3,87.07,5.63,5.627791604523857
C023,Bacillus,R3,88.07,5.6,5.611245358556931
C023,Bacillus,R3,89.07,5.59,5.594650527542781
C023,Bacillus,R3,90.07,5.58,5.578400780736619
C023,Bacillus,R3,91.07,5.56,5.562211140660381
C023,Bacillus,R3,92.07,5.55,5.54562696815268
C023,Bacillus,R3,93.07,5.53,5.5282686613274
C023,Bacillus,R3,94.07,5.51,5.510056767399471
C023,Bacillus,R3,95.07,5.49,5.491013126979882
C023,Bacillus,R3,96.07,5.48,5.471264605162758
C023,Bacillus,R3,97.07,5.44,5.45098149921672
C023,Bacillus,R3,98.07,5.43,5.4304028106252344
C023,Bacillus,R3,99.07,5.41,5.4096938376212815
C023,Bacillus,R3,100.07,5.4,5.3886563612210665
C023,Bacillus,R3,101.07,5.36,5.367142988285366
C023,Bacillus,R3,102.07,5.34,5.345573146270013
C023,Bacillus,R3,103.07,5.32,5.324307791790766
C023,Bacillus,R3,104.07,5.31,5.302907177507995
C023,Bacillus,R3,105.07,5.28,5.280818802345513
C023,Bacillus,R3,106.07,5.26,5.257839854236291
C023,Bacillus,R3,107.07,5.23,5.233854943365595
C023,Bacillus,R3,108.07,5.21,5.20873238458576
C023,Bacillus,R3,109.07,5.19,5.182275311417422
C023,Bacillus,R3,110.07,5.15,5.154362071051154
C023,Bacillus,R3,111.07,5.13,5.125237046688982
C023,Bacillus,R3,112.07,5.09,5.095231264486695
C023,Bacillus,R3,113.07,5.07,5.064656286403708
C023,Bacillus,R3,114.07,5.03,5.033811587185753
C023,Bacillus,R3,115.07,4.99,5.002967756920239
C023,Bacillus,R3,116.07,4.98,4.972231207291488
C023,Bacillus,R3,117.07,4.94,4.941080521029831
C023,Bacillus,R3,118.07,4.91,4.908905683380474
C023,Bacillus,R3,119.07,4.88,4.875370118602125
C023,Bacillus,R3,120.07,4.85,4.840312810223578
C023,Bacillus,R3,121.07,4.79,4.804001539840469
C023,Bacillus,R3,122.07,4.77,4.766811288565152
C023,Bacillus,R3,123.07,4.73,4.729044498673316
C023,Bacillus,R3,124.08,4.69,4.690327093344866
C023,Bacillus,R3,125.08,4.65,4.651403967458749
C023,Bacillus,R3,126.08,4.61,4.612029295128944
C023,Bacillus,R3,127.08,4.56,4.572223145347012
C023,Bacillus,R3,128.08,4.55,4.531391624388913
C023,Bacillus,R3,129.08,4.48,4.488899094927093
C023,Bacillus,R3,130.08,4.46,4.4445569079355245
C023,Bacillus,R3,131.08,4.39,4.398394021158905
C023,Bacillus,R3,132.08,4.35,4.350862831123324
C023,Bacillus,R3,133.08,4.3,4.302417572115107
C023,Bacillus,R3,134.08,4.25,4.253096390680146
C023,Bacillus,R3,135.08,4.21,4.202808217652732
C023,Bacillus,R3,136.08,4.14,4.1513612087611484
C023,Bacillus,R3,137.08,4.11,4.098538325957178
C023,Bacillus,R3,138.08,4.04,4.04415314027581
C023,Bacillus,R3,139.08,3.99,3.9881416590848398
C023,Bacillus,R3,140.08,3.93,3.9304975929398265
C023,Bacillus,R3,141.08,3.88,3.871323028814581
C023,Bacillus,R3,142.08,3.8,3.810785614678978
C023,Bacillus,R3,143.08,3.75,3.7492068660688957
C023,Bacillus,R3,144.08,3.68,3.6868208026778477
C023,Bacillus,R3,145.08,3.63,3.6233575932638806
C023,Bacillus,R3,146.08,3.55,3.5583744943657662
C023,Bacillus,R3,147.08,3.5,3.491240964580594
C023,Bacillus,R3,148.08,3.43,3.4214721058744875
C023,Bacillus,R3,149.08,3.35,3.3493533916313347
C023,Bacillus,R3,150.08,3.27,3.2753145160037693
C023,Bacillus,R3,151.08,3.19,3.199591684801594
C023,Bacillus,R3,152.08,3.12,3.1223727317489116
C023,Bacillus,R3,153.08,3.05,3.0436773639969235
C023,Bacillus,R3,154.08,2.97,2.962852782405214
C023,Bacillus,R3,155.08,2.88,2.879324575504441
C023,Bacillus,R3,156.08,2.79,2.7935043888011286
C023,Bacillus,R3,157.08,2.7,2.705901777506041
C023,Bacillus,R3,158.08,2.62,2.616431878670995
C023,Bacillus,R3,159.08,2.53,2.524947505156993
C023,Bacillus,R3,160.08,2.43,2.431646591220684
C023,Bacillus,R3,161.08,2.32,2.3366897683928616
C023,Bacillus,R3,162.08,2.25,2.2397433359052235
C023,Bacillus,R3,163.08,2.14,2.1403416090331784
C023,Bacillus,R3,164.08,2.04,2.037985299526105
C023,Bacillus,R3,165.08,1.94,1.9322492922180274
C023,Bacillus,R3,166.08,1.81,1.8230387678076383
C023,Bacillus,R3,167.08,1.72,1.7103414809597854
C023,Bacillus,R3,168.08,1.59,1.594145747652234
C023,Bacillus,R3,169.08,1.48,1.474442129114369
C023,Bacillus,R3,170.08,1.34,1.3511924956426238
C023,Bacillus,R3,171.08,1.23,1.2242417085499393
C023,Bacillus,R3,172.08,1.1,1.0934178389899591
C023,Bacillus,R3,173.08,0.98,0.9585988064625803
C023,Bacillus,R3,174.08,0.84,0.8202491763599675
C024,Bacillus,R4,67.07,6.27,6.268912233227501
C024,Bacillus,R4,68.07,6.28,6.268556882012297
C024,Bacillus,R4,69.07,6.27,6.2662051232080564
C024,Bacillus,R4,70.07,6.25,6.2621051153242995
C024,Bacillus,R4,71.07,6.26,6.256605969058841
C024,Bacillus,R4,72.07,6.26,6.249501801136943
C024,Bacillus,R4,73.07,6.24,6.2406730934407415
C024,Bacillus,R4,74.07,6.23,6.2309007824524185
C024,Bacillus,R4,75.07,6.21,6.221006564482147
C024,Bacillus,R4,76.07,6.21,6.211074720551999
C024,Bacillus,R4,77.07,6.21,6.201005177862029
C024,Bacillus,R4,78.07,6.19,6.190764785571877
C024,Bacillus,R4,79.07,6.18,6.180588080679539
C024,Bacillus,R4,80.07,6.16,6.17069059581217
C024,Bacillus,R4,81.07,6.17,6.160944158275191
C024,Bacillus,R4,82.07,6.15,6.151168118714076
C024,Bacillus,R4,83.07,6.14,6.141315626456259
C024,Bacillus,R4,84.07,6.13,6.131325264638787
C024,Bacillus,R4,85.07,6.12,6.120943552955192
C024,Bacillus,R4,86.07,6.12,6.109959407532631
C024,Bacillus,R4,87.07,6.09,6.098523393676283
C024,Bacillus,R4,88.07,6.08,6.086724656834717
C024,Bacillus,R4,89.07,6.08,6.074045013852037
C024,Bacillus,R4,90.07,6.07,6.06000907347576
C024,Bacillus,R4,91.07,6.05,6.044919940671517
C024,Bacillus,R4,92.07,6.02,6.029275344459468
C024,Bacillus,R4,93.07,6.01,6.0135344485934565
C024,Bacillus,R4,94.07,5.99,5.9980021557620455
C024,Bacillus,R4,95.07,5.99,5.982806244155586
C024,Bacillus,R4,96.07,5.97,5.967520255036875
C024,Bacillus,R4,97.07,5.95,5.951702496695346
C024,Bacillus,R4,98.07,5.94,5.935404582454568
C024,Bacillus,R4,99.07,5.91,5.91876729001965
C024,Bacillus,R4,100.07,5.91,5.901794749587715
C024,Bacillus,R4,101.07,5.88,5.884459203336738
C024,Bacillus,R4,102.07,5.86,5.866741988876079
C024,Bacillus,R4,103.07,5.86,5.848557529052067
C024,Bacillus,R4,104.07,5.82,5.829543492227526
C024,Bacillus,R4,105.07,5.82,5.80939299926867
C024,Bacillus,R4,106.07,5.79,5.788297735538756
C024,Bacillus,R4,107.07,5.77,5.766574027525301
C024,Bacillus,R4,108.07,5.73,5.744555775593643
C024,Bacillus,R4,109.07,5.72,5.722647175620395
C024,Bacillus,R4,110.07,5.7,5.701023671660682
C024,Bacillus,R4,111.07,5.68,5.678875404972374
C024,Bacillus,R4,112.07,5.67,5.655336359645377
C024,Bacillus,R4,113.07,5.63,5.630301193894965
C024,Bacillus,R4,114.07,5.6,5.603933691241576
C024,Bacillus,R4,115.07,5.57,5.57671346230092
C024,Bacillus,R4,116.07,5.55,5.549063577664227
C024,Bacillus,R4,117.07,5.53,5.52086512072953
C024,Bacillus,R4,118.07,5.48,5.491920943966427
C024,Bacillus,R4,119.07,5.47,5.462262963323989
C024,Bacillus,R4,120.07,5.43,5.431966643027022
C024,Bacillus,R4,121.07,5.4,5.401052576923787
C024,Bacillus,R4,122.07,5.37,5.369527641268414
C024,Bacillus,R4,123.07,5.33,5.337357651426942
C024,Bacillus,R4,124.08,5.32,5.304008974593678
C024,Bacillus,R4,125.08,5.26,5.269957252781025
C024,Bacillus,R4,126.08,5.23,5.2349212414500865
C024,Bacillus,R4,127.08,5.21,5.198983867146828
C024,Bacillus,R4,128.08,5.16,5.162155455324165
C024,Bacillus,R4,129.08,5.11,5.124359420532714
C024,Bacillus,R4,130.08,5.1,5.085244134806983
C024,Bacillus,R4,131.08,5.05,5.044543837658384
C024,Bacillus,R4,132.08,5,5.002611281022079
C024,Bacillus,R4,133.08,4.95,4.9598486852896295
C024,Bacillus,R4,134.08,4.91,4.916237632254459
C024,Bacillus,R4,135.08,4.87,4.87160320591662
C024,Bacillus,R4,136.08,4.85,4.825565137700796
C024,Bacillus,R4,137.08,4.77,4.777691820887826
C024,Bacillus,R4,138.08,4.72,4.727716763328356
C024,Bacillus,R4,139.08,4.68,4.6760339311522605
C024,Bacillus,R4,140.08,4.62,4.623058630050293
C024,Bacillus,R4,141.08,4.57,4.568631065677529
C024,Bacillus,R4,142.08,4.52,4.512537516184689
C024,Bacillus,R4,143.08,4.45,4.45492364974075
C024,Bacillus,R4,144.08,4.4,4.396067215218586
C024,Bacillus,R4,145.08,4.33,4.3364148942883665
C024,Bacillus,R4,146.08,4.27,4.276302621178952
C024,Bacillus,R4,147.08,4.21,4.215454407556613
C024,Bacillus,R4,148.08,4.16,4.153377590393205
C024,Bacillus,R4,149.08,4.1,4.089324730445492
C024,Bacillus,R4,150.08,4.02,4.022655359038354
C024,Bacillus,R4,151.08,3.95,3.9534116659842105
C024,Bacillus,R4,152.08,3.88,3.8818065057173676
C024,Bacillus,R4,153.08,3.81,3.807965934450872
C024,Bacillus,R4,154.08,3.74,3.731668815512708
C024,Bacillus,R4,155.08,3.65,3.652777075459803
C024,Bacillus,R4,156.08,3.57,3.5718320866498905
C024,Bacillus,R4,157.08,3.48,3.489371551996791
C024,Bacillus,R4,158.08,3.4,3.4052390508378165
C024,Bacillus,R4,159.08,3.33,3.3190498243084945
C024,Bacillus,R4,160.08,3.23,3.2301998843136825
C024,Bacillus,R4,161.08,3.14,3.1381372147862554
C024,Bacillus,R4,162.08,3.04,3.042736917001801
C024,Bacillus,R4,163.08,2.95,2.944034601010203
C024,Bacillus,R4,164.08,2.85,2.842280794615849
C024,Bacillus,R4,165.08,2.73,2.737790996247776
C024,Bacillus,R4,166.08,2.62,2.6309256690792027
C024,Bacillus,R4,167.08,2.53,2.5220565174693745
C024,Bacillus,R4,168.08,2.4,2.411364295630043
C024,Bacillus,R4,169.08,2.3,2.2982659571829234
C024,Bacillus,R4,170.08,2.19,2.18202928387328
C024,Bacillus,R4,171.08,2.06,2.06208917053054
C024,Bacillus,R4,172.08,1.94,1.9380120969382213
C024,Bacillus,R4,173.08,1.81,1.8097237696120043
C024,Bacillus,R4,174.08,1.67,1.6771467193929828
C024,Bacillus,R4,175.08,1.54,1.5398315476917972
C024,Bacillus,R4,176.08,1.41,1.397316067161672
C024,Bacillus,R4,177.08,1.27,1.249458864856706
C024,Bacillus,R4,178.08,1.1,1.0965585988145206
C024,Bacillus,R4,179.1,0.95,0.9372100327937167
C025,Bacillus,R5,47.07,5.83,5.819260816428223
C025,Bacillus,R5,48.07,5.83,5.817898781057107
C025,Bacillus,R5,49.07,5.82,5.813322375913053
C025,Bacillus,R5,50.07,5.8,5.805498988350095
C025,Bacillus,R5,51.07,5.8,5.795260675373754
C025,Bacillus,R5,52.07,5.78,5.78360788784282
C025,Bacillus,R5,53.07,5.77,5.771349982377689
C025,Bacillus,R5,54.07,5.76,5.759218485779397
C025,Bacillus,R5,55.07,5.73,5.747824699809929
C025,Bacillus,R5,56.07,5.74,5.7375027328648205
C025,Bacillus,R5,57.07,5.73,5.727598144912888
C025,Bacillus,R5,58.07,5.72,5.71728848145465
C025,Bacillus,R5,59.07,5.71,5.706067778544164
C025,Bacillus,R5,60.07,5.7,5.693624484039349
C025,Bacillus,R5,61.07,5.67,5.680108202460003
C025,Bacillus,R5,62.07,5.68,5.665783827491403
C025,Bacillus,R5,63.07,5.64,5.650943585227484
C025,Bacillus,R5,64.07,5.64,5.635989031396815
C025,Bacillus,R5,65.07,5.62,5.621331375573607
C025,Bacillus,R5,66.07,5.6,5.607311113079978
C025,Bacillus,R5,67.07,5.59,5.594077669874919
C025,Bacillus,R5,68.07,5.58,5.5810869087169905
C025,Bacillus,R5,69.07,5.58,5.567689536251272
C025,Bacillus,R5,70.07,5.55,5.553509197869365
C025,Bacillus,R5,71.07,5.54,5.538270471997704
C025,Bacillus,R5,72.07,5.52,5.521828730455549
C025,Bacillus,R5,73.07,5.52,5.504255668312561
C025,Bacillus,R5,74.07,5.48,5.486357480247174
C025,Bacillus,R5,75.07,5.45,5.468895748665903
C025,Bacillus,R5,76.07,5.45,5.4517191072788
C025,Bacillus,R5,77.07,5.45,5.4344479526218095
C025,Bacillus,R5,78.07,5.41,5.416735629299882
C025,Bacillus,R5,79.07,5.41,5.39836727419403
C025,Bacillus,R5,80.07,5.37,5.379252630600999
C025,Bacillus,R5,81.07,5.36,5.3596680752044
C025,Bacillus,R5,82.07,5.34,5.339887095616732
C025,Bacillus,R5,83.07,5.32,5.3198049897791835
C025,Bacillus,R5,84.07,5.3,5.2992946497642315
C025,Bacillus,R5,85.07,5.28,5.278517533840817
C025,Bacillus,R5,86.07,5.24,5.25753864808297
C025,Bacillus,R5,87.07,5.25,5.235748623588584
C025,Bacillus,R5,88.07,5.22,5.212553580366364
C025,Bacillus,R5,89.07,5.19,5.188095969044377
C025,Bacillus,R5,90.07,5.16,5.162668279668454
C025,Bacillus,R5,91.07,5.12,5.136426829336098
C025,Bacillus,R5,92.07,5.12,5.10949389190774
C025,Bacillus,R5,93.07,5.09,5.0819740236174535
C025,Bacillus,R5,94.07,5.05,5.053900910193907
C025,Bacillus,R5,95.07,5.02,5.025323035604625
C025,Bacillus,R5,96.07,5,4.996418947277936
C025,Bacillus,R5,97.07,4.97,4.967403942866758
C025,Bacillus,R5,98.07,4.93,4.938510257461542
C025,Bacillus,R5,99.07,4.91,4.909849569338845
C025,Bacillus,R5,100.07,4.87,4.881034392082099
C025,Bacillus,R5,101.07,4.87,4.851554695656808
C025,Bacillus,R5,102.07,4.83,4.820909440249869
C025,Bacillus,R5,103.07,4.78,4.788855880419864
C025,Bacillus,R5,104.07,4.75,4.756175457990719
C025,Bacillus,R5,105.07,4.71,4.723574624587214
C025,Bacillus,R5,106.07,4.7,4.690435683772232
C025,Bacillus,R5,107.07,4.67,4.65580990209317
C025,Bacillus,R5,108.07,4.62,4.619060010429766
C025,Bacillus,R5,109.07,4.58,4.580794596991107
C025,Bacillus,R5,110.07,4.53,4.54179752451325
C025,Bacillus,R5,111.07,4.5,4.502307896510791
C025,Bacillus,R5,112.07,4.47,4.4623541927202925
C025,Bacillus,R5,113.07,4.42,4.421667156987637
C025,Bacillus,R5,114.07,4.38,4.379974805781397
C025,Bacillus,R5,115.07,4.34,4.337291981951603
C025,Bacillus,R5,116.07,4.29,4.29370653690649
C025,Bacillus,R5,117.07,4.25,4.24931152990565
C025,Bacillus,R5,118.07,4.2,4.204119969979222
C025,Bacillus,R5,119.07,4.16,4.1578194573881975
C025,Bacillus,R5,120.07,4.11,4.110085502488913
C025,Bacillus,R5,121.07,4.07,4.060870664788252
C025,Bacillus,R5,122.07,4.01,4.010196766080743
C025,Bacillus,R5,123.07,3.95,3.9581602762685093
C025,Bacillus,R5,124.08,3.91,3.9046229207432424
C025,Bacillus,R5,125.08,3.84,3.8509929048541003
C025,Bacillus,R5,126.08,3.8,3.7965860412146126
C025,Bacillus,R5,127.08,3.74,3.741075489447207
C025,Bacillus,R5,128.08,3.69,3.683961953754995
C025,Bacillus,R5,129.08,3.63,3.6248475331917445
C025,Bacillus,R5,130.08,3.56,3.5639123616331543
C025,Bacillus,R5,131.08,3.5,3.5014676611784314
C025,Bacillus,R5,132.08,3.44,3.437770971998882
C025,Bacillus,R5,133.08,3.37,3.373016923190939
C025,Bacillus,R5,134.08,3.3,3.307202181479417
C025,Bacillus,R5,135.08,3.25,3.240266062707407
C025,Bacillus,R5,136.08,3.17,3.1721164415627046
C025,Bacillus,R5,137.08,3.1,3.102653332444287
C025,Bacillus,R5,138.08,3.03,3.031748849234471
C025,Bacillus,R5,139.08,2.96,2.9591635037489694
C025,Bacillus,R5,140.08,2.89,2.884659530404272
C025,Bacillus,R5,141.08,2.81,2.808117656086648
C025,Bacillus,R5,142.08,2.73,2.729531914355784
C025,Bacillus,R5,143.08,2.64,2.649231072995279
C025,Bacillus,R5,144.08,2.57,2.5675090260916025
C025,Bacillus,R5,145.08,2.48,2.484185438718751
C025,Bacillus,R5,146.08,2.4,2.3988907728245765
C025,Bacillus,R5,147.08,2.31,2.3109729068647638
C025,Bacillus,R5,148.08,2.23,2.219874655644738
C025,Bacillus,R5,149.08,2.14,2.1257011628609974
C025,Bacillus,R5,150.08,2.02,2.0287784488200344
C025,Bacillus,R5,151.08,1.91,1.9296537113771743
C025,Bacillus,R5,152.08,1.83,1.8289294427749652
C025,Bacillus,R5,153.08,1.73,1.7269018995010714
C025,Bacillus,R5,154.08,1.63,1.6226423950236335
C025,Bacillus,R5,155.08,1.52,1.515208176622176
C025,Bacillus,R5,156.08,1.4,1.4048251698412377
C025,Bacillus,R5,157.08,1.29,1.2919162601207457
C025,Bacillus,R5,158.08,1.19,1.1765234942171103
C025,Bacillus,R5,159.08,1.07,1.0588592290458998
C025,Bacillus,R5,160.08,0.95,0.9401979008427589
C025,Bacillus,R5,161.08,0.83,0.822452120100892
C026,Burkholderia,R1,50.05,6.34,6.329931769114301
C026,Burkholderia,R1,51.05,6.33,6.326997425098889
C026,Burkholderia,R1,52.05,6.33,6.320949914861185
C026,Burkholderia,R1,53.05,6.31,6.312281212354183
C026,Burkholderia,R1,54.05,6.3,6.302425771897117
C026,Burkholderia,R1,55.05,6.27,6.2927117383638675
C026,Burkholderia,R1,56.05,6.3,6.283099538480619
C026,Burkholderia,R1,57.05,6.27,6.273270758398082
C026,Burkholderia,R1,58.05,6.27,6.263159340112715
C026,Burkholderia,R1,59.05,6.24,6.252765297665069
C026,Burkholderia,R1,60.05,6.25,6.242100577426303
C026,Burkholderia,R1,61.05,6.23,6.2311639644892
C026,Burkholderia,R1,62.05,6.22,6.2198896665024455
C026,Burkholderia,R1,63.05,6.21,6.208224900274693
C026,Burkholderia,R1,64.05,6.19,6.196233496698613
C026,Burkholderia,R1,65.05,6.19,6.183966174004978
C026,Burkholderia,R1,66.05,6.17,6.171304585692968
C026,Burkholderia,R1,67.05,6.16,6.158158758933321
C026,Burkholderia,R1,68.05,6.14,6.144721280314589
C026,Burkholderia,R1,69.05,6.13,6.131141231332465
C026,Burkholderia,R1,70.05,6.12,6.117111113693392
C026,Burkholderia,R1,71.05,6.11,6.10233402830753
C026,Burkholderia,R1,72.05,6.08,6.087012052689177
C026,Burkholderia,R1,73.05,6.07,6.071445238531595
C026,Burkholderia,R1,74.05,6.06,6.055826557639784
C026,Burkholderia,R1,75.05,6.03,6.040217696483387
C026,Burkholderia,R1,76.05,6.03,6.024262280078895
C026,Burkholderia,R1,77.05,6.02,6.0076442598612525
C026,Burkholderia,R1,78.05,5.98,5.990626954392344
C026,Burkholderia,R1,79.05,5.97,5.973566806307445
C026,Burkholderia,R1,80.05,5.96,5.956613387408442
C026,Burkholderia,R1,81.05,5.93,5.939722936326431
C026,Burkholderia,R1,82.05,5.93,5.92228522984273
C026,Burkholderia,R1,83.05,5.91,5.903681851670836
C026,Burkholderia,R1,84.05,5.89,5.8838280751027465
C026,Burkholderia,R1,85.05,5.86,5.862952730647671
C026,Burkholderia,R1,86.05,5.83,5.842005188105199
C026,Burkholderia,R1,87.05,5.82,5.8218111208729475
C026,Burkholderia,R1,88.05,5.81,5.80198087745025
C026,Burkholderia,R1,89.05,5.78,5.781953368664831
C026,Burkholderia,R1,90.05,5.76,5.761697079556245
C026,Burkholderia,R1,91.05,5.74,5.741223265972048
C026,Burkholderia,R1,92.05,5.71,5.72018469277994
C026,Burkholderia,R1,93.05,5.71,5.698047624800715
C026,Burkholderia,R1,94.05,5.68,5.673890817647377
C026,Burkholderia,R1,95.05,5.66,5.647093434275098
C026,Burkholderia,R1,96.05,5.61,5.618623776215499
C026,Burkholderia,R1,97.05,5.59,5.589832979309101
C026,Burkholderia,R1,98.05,5.55,5.562014378055568
C026,Burkholderia,R1,99.05,5.52,5.536043560153403
C026,Burkholderia,R1,100.05,5.53,5.51118292743733
C026,Burkholderia,R1,101.05,5.48,5.486331829652641
C026,Burkholderia,R1,102.05,5.45,5.460550594050682
C026,Burkholderia,R1,103.05,5.46,5.433025017682927
C026,Burkholderia,R1,104.05,5.41,5.403281799295304
C026,Burkholderia,R1,105.05,5.37,5.371328071820154
C026,Burkholderia,R1,106.05,5.31,5.338751803240982
C026,Burkholderia,R1,107.05,5.32,5.307063969702742
C026,Burkholderia,R1,108.05,5.27,5.275886744944981
C026,Burkholderia,R1,109.05,5.24,5.244365637542675
C026,Burkholderia,R1,110.05,5.23,5.211628297817911
C026,Burkholderia,R1,111.05,5.18,5.1771138957582
C026,Burkholderia,R1,112.05,5.13,5.141525538265637
C026,Burkholderia,R1,113.05,5.1,5.105635897252679
C026,Burkholderia,R1,114.05,5.07,5.069231967758624
C026,Burkholderia,R1,115.05,5.04,5.031862747142117
C026,Burkholderia,R1,116.05,4.99,4.993110918912351
C026,Burkholderia,R1,117.05,4.96,4.9527210468723455
C026,Burkholderia,R1,118.05,4.91,4.9110515298499
C026,Burkholderia,R1,119.05,4.86,4.868564522184816
C026,Burkholderia,R1,120.05,4.83,4.8255233652400715
C026,Burkholderia,R1,121.05,4.78,4.782075856291131
C026,Burkholderia,R1,122.05,4.73,4.738106429240217
C026,Burkholderia,R1,123.05,4.7,4.693361206181582
C026,Burkholderia,R1,124.05,4.65,4.647296425350901
C026,Burkholderia,R1,125.05,4.6,4.599399556740656
C026,Burkholderia,R1,126.05,4.55,4.5495728812291505
C026,Burkholderia,R1,127.05,4.51,4.49796345321835
C026,Burkholderia,R1,128.05,4.43,4.445282610319011
C026,Burkholderia,R1,129.05,4.39,4.392214345699606
C026,Burkholderia,R1,130.05,4.34,4.338768991550644
C026,Burkholderia,R1,131.05,4.28,4.284711422550096
C026,Burkholderia,R1,132.05,4.24,4.229498344303716
C026,Burkholderia,R1,133.05,4.17,4.172629236567664
C026,Burkholderia,R1,134.05,4.11,4.114082844771981
C026,Burkholderia,R1,135.05,4.06,4.053911678369141
C026,Burkholderia,R1,136.05,3.99,3.9919840372274757
C026,Burkholderia,R1,137.05,3.93,3.928219785360501
C026,Burkholderia,R1,138.05,3.87,3.862929252946621
C026,Burkholderia,R1,139.05,3.78,3.7964697102691454
C026,Burkholderia,R1,140.05,3.74,3.7289957218660987
C026,Burkholderia,R1,141.05,3.66,3.6606343681803417
C026,Burkholderia,R1,142.05,3.58,3.5916054990193644
C026,Burkholderia,R1,143.05,3.52,3.5219245027038673
C026,Burkholderia,R1,144.05,3.46,3.450696152242798
C026,Burkholderia,R1,145.05,3.38,3.37700941888656
C026,Burkholderia,R1,146.05,3.31,3.300800682163111
C026,Burkholderia,R1,147.05,3.21,3.2222949019415297
C026,Burkholderia,R1,148.05,3.14,3.1420239511778143
C026,Burkholderia,R1,149.05,3.06,3.0604046403180485
C026,Burkholderia,R1,150.05,2.98,2.9770866166817433
C026,Burkholderia,R1,151.05,2.89,2.891597297000875
C026,Burkholderia,R1,152.05,2.81,2.8037423387838016
C026,Burkholderia,R1,153.05,2.71,2.7134675439331106
C026,Burkholderia,R1,154.05,2.62,2.6210010511519317
C026,Burkholderia,R1,155.05,2.52,2.5265109586438306
C026,Burkholderia,R1,156.05,2.44,2.4296428658136207
C026,Burkholderia,R1,157.05,2.33,2.33005044487799
C026,Burkholderia,R1,158.05,2.23,2.2279421580998617
C026,Burkholderia,R1,159.05,2.12,2.1236776568768874
C026,Burkholderia,R1,160.05,2.01,2.0176665590994
C026,Burkholderia,R1,161.05,1.91,1.9101304686969538
C026,Burkholderia,R1,162.05,1.8,1.8004889672633477
C026,Burkholderia,R1,163.05,1.69,1.687986517974912
C026,Burkholderia,R1,164.05,1.58,1.5719691326738339
C026,Burkholderia,R1,165.05,1.45,1.4519671184002758
C026,Burkholderia,R1,166.05,1.33,1.3281464143204613
C026,Burkholderia,R1,167.05,1.2,1.2008139745775186
C026,Burkholderia,R1,168.05,1.08,1.070205181096179
C027,Burkholderia,R2,52.05,5.73,5.732582564952433
C027,Burkholderia,R2,53.05,5.73,5.732572254231163
C027,Burkholderia,R2,54.05,5.74,5.73150379121445
C027,Burkholderia,R2,55.05,5.72,5.728806154774125
C027,Burkholderia,R2,56.05,5.73,5.723888891854326
C027,Burkholderia,R2,57.05,5.73,5.7163697453508515
C027,Burkholderia,R2,58.05,5.71,5.706718673893802
C027,Burkholderia,R2,59.05,5.68,5.695688897060194
C027,Burkholderia,R2,60.05,5.69,5.684314462480417
C027,Burkholderia,R2,61.05,5.67,5.673540751900713
C027,Burkholderia,R2,62.05,5.65,5.663677655477379
C027,Burkholderia,R2,63.05,5.66,5.654663127714183
C027,Burkholderia,R2,64.05,5.65,5.645582872094722
C027,Burkholderia,R2,65.05,5.64,5.635536322246211
C027,Burkholderia,R2,66.05,5.63,5.624530083390482
C027,Burkholderia,R2,67.05,5.6,5.612787442191213
C027,Burkholderia,R2,68.05,5.61,5.600491239484859
C027,Burkholderia,R2,69.05,5.59,5.5878728648177765
C027,Burkholderia,R2,70.05,5.57,5.575398348403161
C027,Burkholderia,R2,71.05,5.56,5.563513570627759
C027,Burkholderia,R2,72.05,5.55,5.552349171905655
C027,Burkholderia,R2,73.05,5.54,5.541825121427449
C027,Burkholderia,R2,74.05,5.54,5.53133394346248
C027,Burkholderia,R2,75.05,5.52,5.520334202212418
C027,Burkholderia,R2,76.05,5.51,5.509076066529554
C027,Burkholderia,R2,77.05,5.48,5.497816550597231
C027,Burkholderia,R2,78.05,5.5,5.486048445272394
C027,Burkholderia,R2,79.05,5.47,5.473130534270544
C027,Burkholderia,R2,80.05,5.48,5.458649796067833
C027,Burkholderia,R2,81.05,5.43,5.442524814414088
C027,Burkholderia,R2,82.05,5.42,5.4257723993931934
C027,Burkholderia,R2,83.05,5.41,5.409420295226068
C027,Burkholderia,R2,84.05,5.39,5.393441756347715
C027,Burkholderia,R2,85.05,5.38,5.3775650859040685
C027,Burkholderia,R2,86.05,5.37,5.36159327167073
C027,Burkholderia,R2,87.05,5.34,5.3454469479884485
C027,Burkholderia,R2,88.05,5.32,5.3294426508288915
C027,Burkholderia,R2,89.05,5.32,5.313829908093163
C027,Burkholderia,R2,90.05,5.3,5.2981943137691685
C027,Burkholderia,R2,91.05,5.28,5.282031765830788
C027,Burkholderia,R2,92.05,5.26,5.265143312108951
C027,Burkholderia,R2,93.05,5.26,5.24737200060081
C027,Burkholderia,R2,94.05,5.22,5.228423730111353
C027,Burkholderia,R2,95.05,5.22,5.208136346852824
C027,Burkholderia,R2,96.05,5.19,5.187012635858673
C027,Burkholderia,R2,97.05,5.15,5.1657120035114685
C027,Burkholderia,R2,98.05,5.15,5.144855402769072
C027,Burkholderia,R2,99.05,5.12,5.124898954759022
C027,Burkholderia,R2,100.05,5.1,5.105677906712313
C027,Burkholderia,R2,101.05,5.09,5.086745326197845
C027,Burkholderia,R2,102.05,5.07,5.06714643603267
C027,Burkholderia,R2,103.05,5.06,5.046084663578632
C027,Burkholderia,R2,104.05,5.02,5.023904099128577
C027,Burkholderia,R2,105.05,4.99,5.001165125968644
C027,Burkholderia,R2,106.05,4.98,4.97815263642715
C027,Burkholderia,R2,107.05,4.96,4.9550342348307055
C027,Burkholderia,R2,108.05,4.93,4.9317838644568806
C027,Burkholderia,R2,109.05,4.9,4.908293901831502
C027,Burkholderia,R2,110.05,4.89,4.884324117522461
C027,Burkholderia,R2,111.05,4.86,4.859580339100329
C027,Burkholderia,R2,112.05,4.84,4.833685228104367
C027,Burkholderia,R2,113.05,4.81,4.806465023290686
C027,Burkholderia,R2,114.05,4.77,4.778643438314131
C027,Burkholderia,R2,115.05,4.74,4.750892900026768
C027,Burkholderia,R2,116.05,4.73,4.72278321317076
C027,Burkholderia,R2,117.05,4.7,4.693691977040877
C027,Burkholderia,R2,118.05,4.67,4.6633305912521905
C027,Burkholderia,R2,119.05,4.63,4.631703568993424
C027,Burkholderia,R2,120.05,4.59,4.5996540774276236
C027,Burkholderia,R2,121.05,4.57,4.568011349308611
C027,Burkholderia,R2,122.05,4.53,4.536710225779001
C027,Burkholderia,R2,123.05,4.51,4.505445811404176
C027,Burkholderia,R2,124.05,4.48,4.473848656051806
C027,Burkholderia,R2,125.05,4.43,4.441568647372088
C027,Burkholderia,R2,126.05,4.42,4.408397578843015
C027,Burkholderia,R2,127.05,4.37,4.374210649110712
C027,Burkholderia,R2,128.05,4.34,4.339074771665992
C027,Burkholderia,R2,129.05,4.3,4.303037224884856
C027,Burkholderia,R2,130.05,4.26,4.265875031839346
C027,Burkholderia,R2,131.05,4.24,4.227303503200328
C027,Burkholderia,R2,132.05,4.19,4.187061355337936
C027,Burkholderia,R2,133.05,4.14,4.145070859559922
C027,Burkholderia,R2,134.05,4.11,4.101965101225281
C027,Burkholderia,R2,135.05,4.05,4.058498643233656
C027,Burkholderia,R2,136.05,4,4.015201144596067
C027,Burkholderia,R2,137.05,3.98,3.9722751902430495
C027,Burkholderia,R2,138.05,3.94,3.9288399726718213
C027,Burkholderia,R2,139.05,3.88,3.884019512405537
C027,Burkholderia,R2,140.05,3.84,3.8380405345044233
C027,Burkholderia,R2,141.05,3.79,3.791358124916422
C027,Burkholderia,R2,142.05,3.74,3.7442381086032706
C027,Burkholderia,R2,143.05,3.7,3.6968246757149563
C027,Burkholderia,R2,144.05,3.64,3.6489647381406773
C027,Burkholderia,R2,145.05,3.61,3.600429334662201
C027,Burkholderia,R2,146.05,3.55,3.550983289892364
C027,Burkholderia,R2,147.05,3.49,3.500357467878676
C027,Burkholderia,R2,148.05,3.46,3.4481531045762703
C027,Burkholderia,R2,149.05,3.39,3.3940044299628345
C027,Burkholderia,R2,150.05,3.35,3.337807278198648
C027,Burkholderia,R2,151.05,3.27,3.279625570949245
C027,Burkholderia,R2,152.05,3.22,3.219933975718558
C027,Burkholderia,R2,153.05,3.16,3.1592234516955084
C027,Burkholderia,R2,154.05,3.1,3.0976393789705745
C027,Burkholderia,R2,155.05,3.03,3.0352571195215003
C027,Burkholderia,R2,156.05,2.97,2.972217541973549
C027,Burkholderia,R2,157.05,2.91,2.908572362808172
C027,Burkholderia,R2,158.05,2.85,2.8439511832840325
C027,Burkholderia,R2,159.05,2.78,2.778069492164024
C027,Burkholderia,R2,160.05,2.7,2.71140844345072
C027,Burkholderia,R2,161.05,2.64,2.6443468549531253
C027,Burkholderia,R2,162.05,2.58,2.5760885344663
C027,Burkholderia,R2,163.05,2.52,2.5057454136124315
C027,Burkholderia,R2,164.05,2.43,2.433236929336134
C027,Burkholderia,R2,165.05,2.35,2.3587211341505747
C027,Burkholderia,R2,166.05,2.29,2.2825030375207143
C027,Burkholderia,R2,167.05,2.2,2.2048290594729356
C027,Burkholderia,R2,168.05,2.12,2.1255643053275395
C027,Burkholderia,R2,169.05,2.06,2.0445529380818073
C027,Burkholderia,R2,170.05,1.96,1.9619366661470032
C027,Burkholderia,R2,171.05,1.87,1.8779550529046714
C027,Burkholderia,R2,172.05,1.78,1.7929415362034857
C027,Burkholderia,R2,173.05,1.72,1.707014354308245
C027,Burkholderia,R2,174.05,1.62,1.619337072681141
C027,Burkholderia,R2,175.05,1.53,1.5290638022917027
C027,Burkholderia,R2,176.05,1.44,1.4362655089413792
C027,Burkholderia,R2,177.05,1.33,1.3411617803322493
C027,Burkholderia,R2,178.05,1.25,1.2436498369369864
C027,Burkholderia,R2,179.05,1.14,1.1435186063112452
C027,Burkholderia,R2,180.05,1.05,1.0404462115719846
C027,Burkholderia,R2,181.05,0.93,0.934199017681847
C027,Burkholderia,R2,182.05,0.83,0.8250071614249054
C028,Burkholderia,R3,55.05,6.7,6.700212450150651
C028,Burkholderia,R3,56.05,6.71,6.699726870404895
C028,Burkholderia,R3,57.05,6.69,6.697418826655322
C028,Burkholderia,R3,58.05,6.68,6.693576147267972
C028,Burkholderia,R3,59.05,6.7,6.688358552900225
C028,Burkholderia,R3,60.05,6.7,6.681171176608098
C028,Burkholderia,R3,61.05,6.66,6.671643922393572
C028,Burkholderia,R3,62.05,6.66,6.661060365643805
C028,Burkholderia,R3,63.05,6.64,6.65077509966204
C028,Burkholderia,R3,64.05,6.64,6.6407731180306495
C028,Burkholderia,R3,65.05,6.64,6.630729912182355
C028,Burkholderia,R3,66.05,6.62,6.62045256467214
C028,Burkholderia,R3,67.05,6.6,6.609770071789899
C028,Burkholderia,R3,68.05,6.61,6.598467493642899
C028,Burkholderia,R3,69.05,6.59,6.586456279523586
C028,Burkholderia,R3,70.05,6.57,6.5741973716476965
C028,Burkholderia,R3,71.05,6.56,6.562220374270089
C028,Burkholderia,R3,72.05,6.54,6.550780046878803
C028,Burkholderia,R3,73.05,6.55,6.539965601675511
C028,Burkholderia,R3,74.05,6.53,6.529478906483254
C028,Burkholderia,R3,75.05,6.51,6.518901395299571
C028,Burkholderia,R3,76.05,6.5,6.507720111198656
C028,Burkholderia,R3,77.05,6.52,6.4953911659873445
C028,Burkholderia,R3,78.05,6.48,6.4813413373264055
C028,Burkholderia,R3,79.05,6.47,6.465335656089914
C028,Burkholderia,R3,80.05,6.44,6.448521500151241
C028,Burkholderia,R3,81.05,6.43,6.432191636161741
C028,Burkholderia,R3,82.05,6.41,6.416838038885409
C028,Burkholderia,R3,83.05,6.4,6.402585121559093
C028,Burkholderia,R3,84.05,6.4,6.3888878431983835
C028,Burkholderia,R3,85.05,6.37,6.375163499900326
C028,Burkholderia,R3,86.05,6.36,6.361348190309053
C028,Burkholderia,R3,87.05,6.35,6.347426404090232
C028,Burkholderia,R3,88.05,6.33,6.333057392448556
C028,Burkholderia,R3,89.05,6.33,6.317944756377004
C028,Burkholderia,R3,90.05,6.29,6.3022947344826274
C028,Burkholderia,R3,91.05,6.29,6.286325613311263
C028,Burkholderia,R3,92.05,6.26,6.269801233549803
C028,Burkholderia,R3,93.05,6.27,6.252425630559019
C028,Burkholderia,R3,94.05,6.23,6.234118064254152
C028,Burkholderia,R3,95.05,6.21,6.214872553282598
C028,Burkholderia,R3,96.05,6.19,6.1947669266658885
C028,Burkholderia,R3,97.05,6.19,6.173914703834117
C028,Burkholderia,R3,98.05,6.15,6.152488355477424
C028,Burkholderia,R3,99.05,6.12,6.1307373200563875
C028,Burkholderia,R3,100.05,6.11,6.109159955853246
C028,Burkholderia,R3,101.05,6.08,6.088051634457105
C028,Burkholderia,R3,102.05,6.08,6.066646860862832
C028,Burkholderia,R3,103.05,6.05,6.044201132001345
C028,Burkholderia,R3,104.05,6.02,6.021114779141942
C028,Burkholderia,R3,105.05,5.99,5.9980462657651215
C028,Burkholderia,R3,106.05,5.97,5.975541749857766
C028,Burkholderia,R3,107.05,5.95,5.953857080109521
C028,Burkholderia,R3,108.05,5.94,5.932199173514667
C028,Burkholderia,R3,109.05,5.91,5.9096500206412825
C028,Burkholderia,R3,110.05,5.89,5.885840838048
C028,Burkholderia,R3,111.05,5.86,5.860611850119638
C028,Burkholderia,R3,112.05,5.83,5.834090086555217
C028,Burkholderia,R3,113.05,5.81,5.806425370581562
C028,Burkholderia,R3,114.05,5.78,5.777571894222517
C028,Burkholderia,R3,115.05,5.75,5.747540984812588
C028,Burkholderia,R3,116.05,5.71,5.7167681421318814
C028,Burkholderia,R3,117.05,5.69,5.685739713761431
C028,Burkholderia,R3,118.05,5.65,5.654721266040342
C028,Burkholderia,R3,119.05,5.62,5.623844297426828
C028,Burkholderia,R3,120.05,5.6,5.592924816097442
C028,Burkholderia,R3,121.05,5.56,5.5617387451558
C028,Burkholderia,R3,122.05,5.52,5.530217157695432
C028,Burkholderia,R3,123.05,5.51,5.498240962041377
C028,Burkholderia,R3,124.05,5.46,5.465335257454838
C028,Burkholderia,R3,125.05,5.44,5.4310667994918616
C028,Burkholderia,R3,126.05,5.39,5.395524777951701
C028,Burkholderia,R3,127.05,5.36,5.358924340798434
C028,Burkholderia,R3,128.05,5.32,5.321462034412229
C028,Burkholderia,R3,129.05,5.28,5.283235768529402
C028,Burkholderia,R3,130.05,5.25,5.243967507894796
C028,Burkholderia,R3,131.05,5.21,5.20348059880668
C028,Burkholderia,R3,132.05,5.16,5.1623798587685235
C028,Burkholderia,R3,133.05,5.11,5.121324784749983
C028,Burkholderia,R3,134.05,5.07,5.0804121203802834
C028,Burkholderia,R3,135.05,5.06,5.0394745541363415
C028,Burkholderia,R3,136.05,4.99,4.997851307226273
C028,Burkholderia,R3,137.05,4.96,4.95493196991532
C028,Burkholderia,R3,138.05,4.9,4.9108010759660266
C028,Burkholderia,R3,139.05,4.87,4.86553220366754
C028,Burkholderia,R3,140.05,4.82,4.818460165918087
C028,Burkholderia,R3,141.05,4.78,4.768950462327184
C028,Burkholderia,R3,142.05,4.72,4.71723010474039
C028,Burkholderia,R3,143.05,4.66,4.663888078480582
C028,Burkholderia,R3,144.05,4.6,4.61009975054384
C028,Burkholderia,R3,145.05,4.55,4.556823725461413
C028,Burkholderia,R3,146.05,4.5,4.503565176231958
C028,Burkholderia,R3,147.05,4.46,4.449442258709646
C028,Burkholderia,R3,148.05,4.4,4.393478491703254
C028,Burkholderia,R3,149.05,4.34,4.334998153490904
C028,Burkholderia,R3,150.05,4.27,4.274623197273469
C028,Burkholderia,R3,151.05,4.21,4.213204582314501
C028,Burkholderia,R3,152.05,4.15,4.151211617205466
C028,Burkholderia,R3,153.05,4.09,4.088948646177266
C028,Burkholderia,R3,154.05,4.01,4.0264418066906185
C028,Burkholderia,R3,155.05,3.97,3.9634337432637206
C028,Burkholderia,R3,156.05,3.91,3.898811335414884
C028,Burkholderia,R3,157.05,3.83,3.831510380851041
C028,Burkholderia,R3,158.05,3.77,3.761518115033467
C028,Burkholderia,R3,159.05,3.69,3.689237041581194
C028,Burkholderia,R3,160.05,3.6,3.615679298989945
C028,Burkholderia,R3,161.05,3.54,3.5416727412954967
C028,Burkholderia,R3,162.05,3.47,3.466698449817185
C028,Burkholderia,R3,163.05,3.4,3.3900863618363126
C028,Burkholderia,R3,164.05,3.31,3.3119086111984775
C028,Burkholderia,R3,165.05,3.22,3.2323614440231796
C028,Burkholderia,R3,166.05,3.16,3.15139535896123
C028,Burkholderia,R3,167.05,3.07,3.068904566321521
C028,Burkholderia,R3,168.05,2.98,2.9848038705139746
C028,Burkholderia,R3,169.05,2.9,2.8989906192806156
C028,Burkholderia,R3,170.05,2.81,2.8112717395908025
C028,Burkholderia,R3,171.05,2.72,2.721372094219923
C028,Burkholderia,R3,172.05,2.63,2.6287787099401374
C028,Burkholderia,R3,173.05,2.54,2.533012336189573
C028,Burkholderia,R3,174.05,2.44,2.4339664490734787
C028,Burkholderia,R3,175.05,2.33,2.331807276049221
C028,Burkholderia,R3,176.05,2.22,2.2274193233154893
C028,Burkholderia,R3,177.05,2.12,2.121678391103792
C028,Burkholderia,R3,178.05,2.02,2.014707177035572
C028,Burkholderia,R3,179.05,1.9,1.9064696023303225
C028,Burkholderia,R3,180.05,1.79,1.7970475852097654
C028,Burkholderia,R3,181.05,1.68,1.686283791556697
C028,Burkholderia,R3,182.05,1.59,1.5729458808959877
C028,Burkholderia,R3,183.05,1.45,1.4557437018981874
C028,Burkholderia,R3,184.05,1.35,1.3342308661745352
C028,Burkholderia,R3,185.05,1.21,1.2083985068443828
C029,Burkholderia,R4,56.05,5.77,5.7809096515594875
C029,Burkholderia,R4,57.05,5.79,5.780707347733435
C029,Burkholderia,R4,58.05,5.79,5.778380942676787
C029,Burkholderia,R4,59.05,5.77,5.773494093939832
C029,Burkholderia,R4,60.05,5.76,5.766717965514812
C029,Burkholderia,R4,61.05,5.76,5.7588469875974315
C029,Burkholderia,R4,62.05,5.76,5.75006114875528
C029,Burkholderia,R4,63.05,5.73,5.740489168040269
C029,Burkholderia,R4,64.05,5.73,5.73066912806972
C029,Burkholderia,R4,65.05,5.72,5.721081756768873
C029,Burkholderia,R4,66.05,5.72,5.711568999729256
C029,Burkholderia,R4,67.05,5.7,5.702009254886282
C029,Burkholderia,R4,68.05,5.69,5.693065511884659
C029,Burkholderia,R4,69.05,5.67,5.6853165105910435
C029,Burkholderia,R4,70.05,5.68,5.678219400050598
C029,Burkholderia,R4,71.05,5.68,5.670899608272531
C029,Burkholderia,R4,72.05,5.67,5.6622772699437185
C029,Burkholderia,R4,73.05,5.66,5.651604960021587
C029,Burkholderia,R4,74.05,5.63,5.639670307868135
C029,Burkholderia,R4,75.05,5.63,5.627537725292715
C029,Burkholderia,R4,76.05,5.6,5.615843699489566
C029,Burkholderia,R4,77.05,5.61,5.604896269016171
C029,Burkholderia,R4,78.05,5.6,5.594117602498136
C029,Burkholderia,R4,79.05,5.58,5.582842768576821
C029,Burkholderia,R4,80.05,5.57,5.570944305888517
C029,Burkholderia,R4,81.05,5.56,5.558377935529931
C029,Burkholderia,R4,82.05,5.55,5.544894638444509
C029,Burkholderia,R4,83.05,5.53,5.530346186061556
C029,Burkholderia,R4,84.05,5.52,5.515192251907088
C029,Burkholderia,R4,85.05,5.49,5.499993873514489
C029,Burkholderia,R4,86.05,5.48,5.485109642349935
C029,Burkholderia,R4,87.05,5.48,5.470722499950874
C029,Burkholderia,R4,88.05,5.45,5.4565152342070595
C029,Burkholderia,R4,89.05,5.45,5.442149541735791
C029,Burkholderia,R4,90.05,5.42,5.427702907712249
C029,Burkholderia,R4,91.05,5.41,5.41323407355837
C029,Burkholderia,R4,92.05,5.41,5.398311017125223
C029,Burkholderia,R4,93.05,5.38,5.382543812349346
C029,Burkholderia,R4,94.05,5.37,5.3662016810800175
C029,Burkholderia,R4,95.05,5.34,5.3496819750857565
C029,Burkholderia,R4,96.05,5.34,5.333235417899313
C029,Burkholderia,R4,97.05,5.31,5.31700423164867
C029,Burkholderia,R4,98.05,5.3,5.300843261078541
C029,Burkholderia,R4,99.05,5.29,5.284521972738825
C029,Burkholderia,R4,100.05,5.27,5.267755697783432
C029,Burkholderia,R4,101.05,5.25,5.250371884092661
C029,Burkholderia,R4,102.05,5.23,5.232700581848331
C029,Burkholderia,R4,103.05,5.21,5.215066006063975
C029,Burkholderia,R4,104.05,5.2,5.1972664287784784
C029,Burkholderia,R4,105.05,5.18,5.1789722244130445
C029,Burkholderia,R4,106.05,5.16,5.159868119892803
C029,Burkholderia,R4,107.05,5.14,5.139697347343534
C029,Burkholderia,R4,108.05,5.12,5.118422807189702
C029,Burkholderia,R4,109.05,5.09,5.09597910104169
C029,Burkholderia,R4,110.05,5.08,5.071967966954883
C029,Burkholderia,R4,111.05,5.06,5.046185034644744
C029,Burkholderia,R4,112.05,5.01,5.019534364022037
C029,Burkholderia,R4,113.05,4.98,4.993038535385835
C029,Burkholderia,R4,114.05,4.97,4.96708578039314
C029,Burkholderia,R4,115.05,4.94,4.94176486694691
C029,Burkholderia,R4,116.05,4.92,4.916601056575955
C029,Burkholderia,R4,117.05,4.89,4.891020869271148
C029,Burkholderia,R4,118.05,4.87,4.864619365245774
C029,Burkholderia,R4,119.05,4.85,4.837271520842449
C029,Burkholderia,R4,120.05,4.79,4.809803436698699
C029,Burkholderia,R4,121.05,4.78,4.783019301819271
C029,Burkholderia,R4,122.05,4.76,4.75668453438287
C029,Burkholderia,R4,123.05,4.73,4.73028422008957
C029,Burkholderia,R4,124.05,4.7,4.703220885550941
C029,Burkholderia,R4,125.05,4.68,4.674892472359593
C029,Burkholderia,R4,126.05,4.65,4.644761141120776
C029,Burkholderia,R4,127.05,4.61,4.612431225094099
C029,Burkholderia,R4,128.05,4.59,4.5780115291439305
C029,Burkholderia,R4,129.05,4.54,4.541928800415926
C029,Burkholderia,R4,130.05,4.5,4.505377083576098
C029,Burkholderia,R4,131.05,4.46,4.469515821445284
C029,Burkholderia,R4,132.05,4.43,4.434598751943278
C029,Burkholderia,R4,133.05,4.4,4.400457488318566
C029,Burkholderia,R4,134.05,4.37,4.366140850035461
C029,Burkholderia,R4,135.05,4.33,4.330572953561487
C029,Burkholderia,R4,136.05,4.3,4.2929618971611605
C029,Burkholderia,R4,137.05,4.26,4.2527792801334785
C029,Burkholderia,R4,138.05,4.21,4.210266724118337
C029,Burkholderia,R4,139.05,4.17,4.166001475310539
C029,Burkholderia,R4,140.05,4.11,4.121133255783623
C029,Burkholderia,R4,141.05,4.07,4.076692797288515
C029,Burkholderia,R4,142.05,4.04,4.032662394407003
C029,Burkholderia,R4,143.05,3.99,3.988819267850723
C029,Burkholderia,R4,144.05,3.93,3.9451687800198556
C029,Burkholderia,R4,145.05,3.91,3.9015927015406664
C029,Burkholderia,R4,146.05,3.86,3.8572502942552083
C029,Burkholderia,R4,147.05,3.82,3.811347566861477
C029,Burkholderia,R4,148.05,3.75,3.764000024265478
C029,Burkholderia,R4,149.05,3.72,3.7154291123386023
C029,Burkholderia,R4,150.05,3.67,3.665370544605802
C029,Burkholderia,R4,151.05,3.61,3.613504286647746
C029,Burkholderia,R4,152.05,3.56,3.55977304461441
C029,Burkholderia,R4,153.05,3.51,3.5042286959436524
C029,Burkholderia,R4,154.05,3.45,3.447097062655557
C029,Burkholderia,R4,155.05,3.38,3.3886847823238595
C029,Burkholderia,R4,156.05,3.33,3.3294478101547043
C029,Burkholderia,R4,157.05,3.27,3.2697561105517035
C029,Burkholderia,R4,158.05,3.2,3.2094863670759097
C029,Burkholderia,R4,159.05,3.16,3.1483399338800613
C029,Burkholderia,R4,160.05,3.08,3.0858101283261896
C029,Burkholderia,R4,161.05,3.03,3.021496698439153
C029,Burkholderia,R4,162.05,2.96,2.9556331516858316
C029,Burkholderia,R4,163.05,2.87,2.888554478341523
C029,Burkholderia,R4,164.05,2.83,2.8203678404731396
C029,Burkholderia,R4,165.05,2.75,2.7510718757515704
C029,Burkholderia,R4,166.05,2.68,2.6804589524719953
C029,Burkholderia,R4,167.05,2.61,2.608289175387296
C029,Burkholderia,R4,168.05,2.53,2.534399864456879
C029,Burkholderia,R4,169.05,2.47,2.4587050229464005
C029,Burkholderia,R4,170.05,2.37,2.381348172139957
C029,Burkholderia,R4,171.05,2.3,2.30242653611743
C029,Burkholderia,R4,172.05,2.24,2.221622632123403
C029,Burkholderia,R4,173.05,2.13,2.13874129367694
C029,Burkholderia,R4,174.05,2.05,2.054491326230342
C029,Burkholderia,R4,175.05,1.96,1.969503467705993
C029,Burkholderia,R4,176.05,1.89,1.8831922139733492
C029,Burkholderia,R4,177.05,1.8,1.794795519472744
C029,Burkholderia,R4,178.05,1.71,1.704061414980935
C029,Burkholderia,R4,179.05,1.6,1.610926236621909
C029,Burkholderia,R4,180.05,1.52,1.515569465572121
C029,Burkholderia,R4,181.05,1.42,1.4181978971596958
C029,Burkholderia,R4,182.05,1.31,1.3188844382669735
C029,Burkholderia,R4,183.05,1.22,1.2175403108933929
C029,Burkholderia,R4,184.05,1.11,1.1135638859526058
C029,Burkholderia,R4,185.05,1.02,1.0063475626796816
C029,Burkholderia,R4,186.05,0.91,0.8957727046811079
C030,Burkholderia,R5,66.05,6.06,6.051463040983051
C030,Burkholderia,R5,67.05,6.06,6.0491781666127
C030,Burkholderia,R5,68.05,6.05,6.0438497721226305
C030,Burkholderia,R5,69.05,6.03,6.03593378528542
C030,Burkholderia,R5,70.05,6.02,6.026615409058803
C030,Burkholderia,R5,71.05,6.02,6.017035422569567
C030,Burkholderia,R5,72.05,6,6.00742763443553
C030,Burkholderia,R5,73.05,6.01,5.997881648365908
C030,Burkholderia,R5,74.05,5.98,5.988817218944476
C030,Burkholderia,R5,75.05,5.97,5.98056069484737
C030,Burkholderia,R5,76.05,5.98,5.97273465024565
C030,Burkholderia,R5,77.05,5.97,5.964831891652643
C030,Burkholderia,R5,78.05,5.95,5.956529929455856
C030,Burkholderia,R5,79.05,5.95,5.94754486002151
C030,Burkholderia,R5,80.05,5.94,5.937562419756477
C030,Burkholderia,R5,81.05,5.93,5.926333620271149
C030,Burkholderia,R5,82.05,5.91,5.913900933949294
C030,Burkholderia,R5,83.05,5.91,5.90045570887921
C030,Burkholderia,R5,84.05,5.88,5.886493335193874
C030,Burkholderia,R5,85.05,5.87,5.872559617488182
C030,Burkholderia,R5,86.05,5.86,5.859097976159988
C030,Burkholderia,R5,87.05,5.84,5.846375649437837
C030,Burkholderia,R5,88.05,5.83,5.83405753107011
C030,Burkholderia,R5,89.05,5.84,5.821726077408561
C030,Burkholderia,R5,90.05,5.8,5.809236339698641
C030,Burkholderia,R5,91.05,5.8,5.7965769509995
C030,Burkholderia,R5,92.05,5.77,5.783998276731419
C030,Burkholderia,R5,93.05,5.78,5.771632983119317
C030,Burkholderia,R5,94.05,5.76,5.758881207245561
C030,Burkholderia,R5,95.05,5.75,5.745102020375039
C030,Burkholderia,R5,96.05,5.72,5.7302227596453195
C030,Burkholderia,R5,97.05,5.73,5.714327068392416
C030,Burkholderia,R5,98.05,5.69,5.697555548873445
C030,Burkholderia,R5,99.05,5.68,5.680110043147698
C030,Burkholderia,R5,100.05,5.66,5.662380393562062
C030,Burkholderia,R5,101.05,5.64,5.644639092672075
C030,Burkholderia,R5,102.05,5.63,5.6265012335802895
C030,Burkholderia,R5,103.05,5.62,5.607572020880728
C030,Burkholderia,R5,104.05,5.58,5.588074504586285
C030,Burkholderia,R5,105.05,5.57,5.56843437078144
C030,Burkholderia,R5,106.05,5.54,5.54927000441811
C030,Burkholderia,R5,107.05,5.52,5.530905578775667
C030,Burkholderia,R5,108.05,5.53,5.512295721575841
C030,Burkholderia,R5,109.05,5.5,5.492378608157669
C030,Burkholderia,R5,110.05,5.47,5.471396149887084
C030,Burkholderia,R5,111.05,5.44,5.449909307136783
C030,Burkholderia,R5,112.05,5.43,5.428451500279645
C030,Burkholderia,R5,113.05,5.4,5.407342835190938
C030,Burkholderia,R5,114.05,5.39,5.386077699755284
C030,Burkholderia,R5,115.05,5.37,5.364024311271096
C030,Burkholderia,R5,116.05,5.34,5.340871922682579
C030,Burkholderia,R5,117.05,5.32,5.316499068575313
C030,Burkholderia,R5,118.05,5.29,5.2912203744545385
C030,Burkholderia,R5,119.05,5.26,5.265420321040306
C030,Burkholderia,R5,120.05,5.25,5.239326718992192
C030,Burkholderia,R5,121.05,5.2,5.213146781155358
C030,Burkholderia,R5,122.05,5.19,5.187161999177783
C030,Burkholderia,R5,123.05,5.15,5.16144495515603
C030,Burkholderia,R5,124.05,5.15,5.1351583141782005
C030,Burkholderia,R5,125.05,5.11,5.107471409834056
C030,Burkholderia,R5,126.05,5.08,5.078490166728472
C030,Burkholderia,R5,127.05,5.04,5.048525318611845
C030,Burkholderia,R5,128.05,5.02,5.017770244801521
C030,Burkholderia,R5,129.05,4.99,4.986365505578056
C030,Burkholderia,R5,130.05,4.95,4.954357739507843
C030,Burkholderia,R5,131.05,4.92,4.9217420441591395
C030,Burkholderia,R5,132.05,4.89,4.888401274821789
C030,Burkholderia,R5,133.05,4.85,4.8541391074976215
C030,Burkholderia,R5,134.05,4.83,4.818554743314828
C030,Burkholderia,R5,135.05,4.78,4.78136804168512
C030,Burkholderia,R5,136.05,4.74,4.7429859700279
C030,Burkholderia,R5,137.05,4.7,4.703886501326017
C030,Burkholderia,R5,138.05,4.67,4.6641445228084395
C030,Burkholderia,R5,139.05,4.62,4.623758752149492
C030,Burkholderia,R5,140.05,4.58,4.582826314558833
C030,Burkholderia,R5,141.05,4.54,4.54138137101563
C030,Burkholderia,R5,142.05,4.51,4.499107818041751
C030,Burkholderia,R5,143.05,4.45,4.455724933596714
C030,Burkholderia,R5,144.05,4.41,4.411443785847945
C030,Burkholderia,R5,145.05,4.37,4.366556002183039
C030,Burkholderia,R5,146.05,4.32,4.32118365666232
C030,Burkholderia,R5,147.05,4.27,4.275386115832462
C030,Burkholderia,R5,148.05,4.23,4.229141469512819
C030,Burkholderia,R5,149.05,4.18,4.182303021588625
C030,Burkholderia,R5,150.05,4.14,4.134306208935979
C030,Burkholderia,R5,151.05,4.09,4.084668882203564
C030,Burkholderia,R5,152.05,4.03,4.033656414139515
C030,Burkholderia,R5,153.05,3.97,3.9815885982552133
C030,Burkholderia,R5,154.05,3.94,3.928255389015533
C030,Burkholderia,R5,155.05,3.87,3.8733516414441564
C030,Burkholderia,R5,156.05,3.82,3.8167216518464735
C030,Burkholderia,R5,157.05,3.76,3.758317126800124
C030,Burkholderia,R5,158.05,3.69,3.6983699726899775
C030,Burkholderia,R5,159.05,3.64,3.6370684557404487
C030,Burkholderia,R5,160.05,3.58,3.574146081726896
C030,Burkholderia,R5,161.05,3.51,3.5093873788871845
C030,Burkholderia,R5,162.05,3.44,3.443235725758284
C030,Burkholderia,R5,163.05,3.37,3.37616634908344
C030,Burkholderia,R5,164.05,3.31,3.3081230181318726
C030,Burkholderia,R5,165.05,3.24,3.2388861235292516
C030,Burkholderia,R5,166.05,3.17,3.168113998801042
C030,Burkholderia,R5,167.05,3.1,3.0955410031897337
C030,Burkholderia,R5,168.05,3.01,3.021327655906112
C030,Burkholderia,R5,169.05,2.95,2.945612545351811
C030,Burkholderia,R5,170.05,2.87,2.868020376723533
C030,Burkholderia,R5,171.05,2.79,2.7881538260620036
C030,Burkholderia,R5,172.05,2.71,2.7060413359889877
C030,Burkholderia,R5,173.05,2.62,2.6218814578201983
C030,Burkholderia,R5,174.05,2.53,2.536127411066151
C030,Burkholderia,R5,175.05,2.45,2.4491699517188814
C030,Burkholderia,R5,176.05,2.36,2.3608953135016773
C030,Burkholderia,R5,177.05,2.27,2.271036564949874
C030,Burkholderia,R5,178.05,2.18,2.179218636115721
C030,Burkholderia,R5,179.05,2.09,2.0850983691724108
C030,Burkholderia,R5,180.05,1.99,1.9885683932599512
C030,Burkholderia,R5,181.05,1.89,1.8896577996490813
C030,Burkholderia,R5,182.05,1.78,1.7887057411666594
C030,Burkholderia,R5,183.05,1.69,1.6860143358525392
C030,Burkholderia,R5,184.05,1.58,1.581427501042481
C030,Burkholderia,R5,185.05,1.47,1.4746263150181111
C030,Burkholderia,R5,186.05,1.37,1.3650987005485737
C030,Burkholderia,R5,187.05,1.26,1.2523930866955544
C030,Burkholderia,R5,188.05,1.13,1.1364930832033822
C030,Burkholderia,R5,189.05,1.02,1.0175086415673322
C030,Burkholderia,R5,190.05,0.91,0.8956198996038547
C031,Buttiauxella,R1,44.03,5.89,5.889479338081214
C031,Buttiauxella,R1,45.03,5.9,5.888377635909263
C031,Buttiauxella,R1,46.03,5.89,5.8848751555732886
C031,Buttiauxella,R1,47.03,5.88,5.879045079178112
C031,Buttiauxella,R1,48.03,5.87,5.872060781687634
C031,Buttiauxella,R1,49.03,5.85,5.865136690255466
C031,Buttiauxella,R1,50.05,5.86,5.858423298571672
C031,Buttiauxella,R1,51.05,5.85,5.8520935455362695
C031,Buttiauxella,R1,52.05,5.86,5.845379091785766
C031,Buttiauxella,R1,53.05,5.83,5.83768630545242
C031,Buttiauxella,R1,54.05,5.83,5.829121770379972
C031,Buttiauxella,R1,55.05,5.83,5.820022850718443
C031,Buttiauxella,R1,56.05,5.8,5.8109498161315525
C031,Buttiauxella,R1,57.05,5.8,5.802374230772653
C031,Buttiauxella,R1,58.05,5.79,5.794189931239984
C031,Buttiauxella,R1,59.05,5.8,5.786197913734165
C031,Buttiauxella,R1,60.05,5.77,5.778405540420483
C031,Buttiauxella,R1,61.05,5.76,5.77074621546863
C031,Buttiauxella,R1,62.05,5.77,5.762651145101254
C031,Buttiauxella,R1,63.05,5.76,5.753470141108209
C031,Buttiauxella,R1,64.05,5.75,5.742729635495245
C031,Buttiauxella,R1,65.05,5.73,5.730290868234581
C031,Buttiauxella,R1,66.05,5.72,5.717177690948436
C031,Buttiauxella,R1,67.05,5.69,5.704535398064387
C031,Buttiauxella,R1,68.05,5.68,5.692832443581432
C031,Buttiauxella,R1,69.05,5.69,5.682080599704126
C031,Buttiauxella,R1,70.05,5.69,5.671141751887811
C031,Buttiauxella,R1,71.05,5.65,5.658952351172233
C031,Buttiauxella,R1,72.05,5.64,5.6458969976839475
C031,Buttiauxella,R1,73.05,5.64,5.6325773869458855
C031,Buttiauxella,R1,74.05,5.62,5.619015446979644
C031,Buttiauxella,R1,75.05,5.6,5.6051549188679095
C031,Buttiauxella,R1,76.05,5.59,5.591206563439052
C031,Buttiauxella,R1,77.05,5.58,5.577375676665462
C031,Buttiauxella,R1,78.05,5.56,5.563578675349926
C031,Buttiauxella,R1,79.05,5.55,5.549618421521421
C031,Buttiauxella,R1,80.05,5.54,5.53513243728328
C031,Buttiauxella,R1,81.05,5.53,5.519927237064745
C031,Buttiauxella,R1,82.05,5.49,5.50465064452431
C031,Buttiauxella,R1,83.05,5.49,5.489968707685275
C031,Buttiauxella,R1,84.05,5.47,5.475779062800892
C031,Buttiauxella,R1,85.05,5.47,5.461780533249939
C031,Buttiauxella,R1,86.05,5.45,5.447645102683343
C031,Buttiauxella,R1,87.05,5.42,5.433026085298408
C031,Buttiauxella,R1,88.05,5.43,5.417528957205805
C031,Buttiauxella,R1,89.05,5.4,5.400843573638191
C031,Buttiauxella,R1,90.05,5.39,5.383045144402805
C031,Buttiauxella,R1,91.05,5.35,5.364288199339793
C031,Buttiauxella,R1,92.05,5.35,5.344659193846346
C031,Buttiauxella,R1,93.05,5.33,5.324222472300799
C031,Buttiauxella,R1,94.05,5.3,5.303022009448995
C031,Buttiauxella,R1,95.05,5.28,5.2811451022604174
C031,Buttiauxella,R1,96.05,5.26,5.258872706231587
C031,Buttiauxella,R1,97.05,5.23,5.236443944058808
C031,Buttiauxella,R1,98.05,5.22,5.213736948710464
C031,Buttiauxella,R1,99.05,5.19,5.190594246153457
C031,Buttiauxella,R1,100.05,5.17,5.167076924076678
C031,Buttiauxella,R1,101.05,5.14,5.1433320607695405
C031,Buttiauxella,R1,102.05,5.12,5.119632135201571
C031,Buttiauxella,R1,103.05,5.09,5.09620569319581
C031,Buttiauxella,R1,104.05,5.08,5.072980147309224
C031,Buttiauxella,R1,105.05,5.04,5.049745419030713
C031,Buttiauxella,R1,106.05,5.03,5.026042598842997
C031,Buttiauxella,R1,107.05,5.01,5.001428960407829
C031,Buttiauxella,R1,108.05,4.97,4.975775341109267
C031,Buttiauxella,R1,109.05,4.95,4.949030188785175
C031,Buttiauxella,R1,110.05,4.92,4.921138829366315
C031,Buttiauxella,R1,111.05,4.9,4.8921028980486465
C031,Buttiauxella,R1,112.05,4.86,4.862152388996012
C031,Buttiauxella,R1,113.05,4.83,4.8316131240257585
C031,Buttiauxella,R1,114.05,4.79,4.80096587660136
C031,Buttiauxella,R1,115.05,4.77,4.77046910156316
C031,Buttiauxella,R1,116.05,4.75,4.739337027612871
C031,Buttiauxella,R1,117.05,4.71,4.706760634522362
C031,Buttiauxella,R1,118.05,4.67,4.672882132482779
C031,Buttiauxella,R1,119.05,4.64,4.638098616476524
C031,Buttiauxella,R1,120.05,4.6,4.602875490231743
C031,Buttiauxella,R1,121.05,4.56,4.567581331932268
C031,Buttiauxella,R1,122.05,4.54,4.532129108838944
C031,Buttiauxella,R1,123.05,4.49,4.496310512518542
C031,Buttiauxella,R1,124.05,4.46,4.45988774268453
C031,Buttiauxella,R1,125.05,4.42,4.422542682045412
C031,Buttiauxella,R1,126.05,4.4,4.383665437143115
C031,Buttiauxella,R1,127.05,4.34,4.342831253476603
C031,Buttiauxella,R1,128.05,4.29,4.300647708539537
C031,Buttiauxella,R1,129.05,4.26,4.2577675847834575
C031,Buttiauxella,R1,130.05,4.22,4.213992152496702
C031,Buttiauxella,R1,131.05,4.17,4.169076322995011
C031,Buttiauxella,R1,132.05,4.12,4.123441083866931
C031,Buttiauxella,R1,133.05,4.07,4.077561829356926
C031,Buttiauxella,R1,134.05,4.04,4.031465504060313
C031,Buttiauxella,R1,135.05,3.97,3.9849666896115585
C031,Buttiauxella,R1,136.05,3.95,3.937478965450793
C031,Buttiauxella,R1,137.05,3.89,3.8884210844745226
C031,Buttiauxella,R1,138.05,3.84,3.8376334955990266
C031,Buttiauxella,R1,139.05,3.78,3.785142035592212
C031,Buttiauxella,R1,140.05,3.74,3.7312923966086715
C031,Buttiauxella,R1,141.05,3.66,3.6764022737117354
C031,Buttiauxella,R1,142.05,3.63,3.620357518212971
C031,Buttiauxella,R1,143.05,3.57,3.5630180786705057
C031,Buttiauxella,R1,144.05,3.49,3.50457213638047
C031,Buttiauxella,R1,145.05,3.45,3.4451774750414104
C031,Buttiauxella,R1,146.05,3.39,3.3845420552234957
C031,Buttiauxella,R1,147.05,3.32,3.3224057608084845
C031,Buttiauxella,R1,148.05,3.26,3.259085992052851
C031,Buttiauxella,R1,149.05,3.18,3.1948517874238167
C031,Buttiauxella,R1,150.05,3.15,3.1292012218568983
C031,Buttiauxella,R1,151.05,3.06,3.0616942978483017
C031,Buttiauxella,R1,152.05,2.99,2.992909691668674
C031,Buttiauxella,R1,153.05,2.91,2.9234635362783017
C031,Buttiauxella,R1,154.05,2.85,2.8531031176215813
C031,Buttiauxella,R1,155.05,2.79,2.78123738491161
C031,Buttiauxella,R1,156.05,2.72,2.7067907874522037
C031,Buttiauxella,R1,157.05,2.63,2.628966222865977
C031,Buttiauxella,R1,158.05,2.54,2.5485648819600164
C031,Buttiauxella,R1,159.05,2.47,2.466618006559133
C031,Buttiauxella,R1,160.05,2.37,2.3834787493745493
C031,Buttiauxella,R1,161.05,2.31,2.299236063921457
C031,Buttiauxella,R1,162.05,2.21,2.21360019604453
C031,Buttiauxella,R1,163.05,2.13,2.126258899772726
C031,Buttiauxella,R1,164.05,2.03,2.037188669542622
C031,Buttiauxella,R1,165.05,1.95,1.9463886810279514
C031,Buttiauxella,R1,166.05,1.86,1.8536600944434676
C031,Buttiauxella,R1,167.05,1.75,1.7587911864078907
C031,Buttiauxella,R1,168.05,1.66,1.6617167146148322
C031,Buttiauxella,R1,169.05,1.57,1.562368623274769
C031,Buttiauxella,R1,170.05,1.46,1.4605211215907254
C031,Buttiauxella,R1,171.05,1.35,1.3559401783837923
C031,Buttiauxella,R1,172.05,1.25,1.2485165359547938
C031,Buttiauxella,R1,173.05,1.14,1.1381193298094534
C031,Buttiauxella,R1,174.05,1.03,1.0244064947934042
C031,Buttiauxella,R1,175.05,0.91,0.9071748320802699
C031,Buttiauxella,R1,176.05,0.79,0.7869878088156999
C032,Buttiauxella,R2,46.03,5.82,5.814348468035316
C032,Buttiauxella,R2,47.03,5.82,5.813022537390513
C032,Buttiauxella,R2,48.03,5.81,5.808784583283709
C032,Buttiauxella,R2,49.03,5.81,5.8018584483665085
C032,Buttiauxella,R2,50.05,5.79,5.793223110503722
C032,Buttiauxella,R2,51.05,5.77,5.784493696353237
C032,Buttiauxella,R2,52.05,5.78,5.7762301580494855
C032,Buttiauxella,R2,53.05,5.76,5.7688123219412955
C032,Buttiauxella,R2,54.05,5.77,5.761798889938263
C032,Buttiauxella,R2,55.05,5.75,5.754604263003036
C032,Buttiauxella,R2,56.05,5.76,5.746886762749705
C032,Buttiauxella,R2,57.05,5.73,5.738485534384954
C032,Buttiauxella,R2,58.05,5.73,5.729719096834366
C032,Buttiauxella,R2,59.05,5.72,5.720909610314128
C032,Buttiauxella,R2,60.05,5.71,5.711914426483936
C032,Buttiauxella,R2,61.05,5.71,5.702543964141466
C032,Buttiauxella,R2,62.05,5.69,5.692885719192791
C032,Buttiauxella,R2,63.05,5.68,5.683072560956589
C032,Buttiauxella,R2,64.05,5.67,5.673141775293526
C032,Buttiauxella,R2,65.05,5.67,5.66307069059216
C032,Buttiauxella,R2,66.05,5.65,5.652692388810647
C032,Buttiauxella,R2,67.05,5.64,5.641849947003295
C032,Buttiauxella,R2,68.05,5.64,5.630570669039424
C032,Buttiauxella,R2,69.05,5.61,5.618945260509061
C032,Buttiauxella,R2,70.05,5.6,5.607133807070008
C032,Buttiauxella,R2,71.05,5.6,5.59516645740831
C032,Buttiauxella,R2,72.05,5.6,5.582484232255155
C032,Buttiauxella,R2,73.05,5.56,5.568669043538059
C032,Buttiauxella,R2,74.05,5.54,5.554455495924705
C032,Buttiauxella,R2,75.05,5.55,5.54058223385873
C032,Buttiauxella,R2,76.05,5.53,5.5266513681474745
C032,Buttiauxella,R2,77.05,5.51,5.5121660793521325
C032,Buttiauxella,R2,78.05,5.5,5.497370360685639
C032,Buttiauxella,R2,79.05,5.48,5.482640935563068
C032,Buttiauxella,R2,80.05,5.46,5.468144635556341
C032,Buttiauxella,R2,81.05,5.46,5.453902018241141
C032,Buttiauxella,R2,82.05,5.44,5.43955843705137
C032,Buttiauxella,R2,83.05,5.42,5.424701049262914
C032,Buttiauxella,R2,84.05,5.42,5.409059431661401
C032,Buttiauxella,R2,85.05,5.39,5.392502450969986
C032,Buttiauxella,R2,86.05,5.37,5.37531371415223
C032,Buttiauxella,R2,87.05,5.36,5.357799213462685
C032,Buttiauxella,R2,88.05,5.34,5.3399397420794825
C032,Buttiauxella,R2,89.05,5.32,5.321627341982066
C032,Buttiauxella,R2,90.05,5.3,5.302724249431528
C032,Buttiauxella,R2,91.05,5.29,5.283089139674209
C032,Buttiauxella,R2,92.05,5.26,5.262596249615784
C032,Buttiauxella,R2,93.05,5.24,5.241151782347942
C032,Buttiauxella,R2,94.05,5.23,5.218774244047095
C032,Buttiauxella,R2,95.05,5.19,5.195657774835766
C032,Buttiauxella,R2,96.05,5.17,5.172586747536197
C032,Buttiauxella,R2,97.05,5.14,5.150254063643809
C032,Buttiauxella,R2,98.05,5.13,5.128396506647008
C032,Buttiauxella,R2,99.05,5.11,5.106495118450029
C032,Buttiauxella,R2,100.05,5.09,5.083964092627418
C032,Buttiauxella,R2,101.05,5.05,5.06028584351916
C032,Buttiauxella,R2,102.05,5.05,5.035282516856657
C032,Buttiauxella,R2,103.05,5,5.0088947118628875
C032,Buttiauxella,R2,104.05,4.98,4.981197110335688
C032,Buttiauxella,R2,105.05,4.96,4.952270097943215
C032,Buttiauxella,R2,106.05,4.92,4.922082793260025
C032,Buttiauxella,R2,107.05,4.9,4.890737539599814
C032,Buttiauxella,R2,108.05,4.84,4.858980846326418
C032,Buttiauxella,R2,109.05,4.83,4.827479956946674
C032,Buttiauxella,R2,110.05,4.8,4.795940885489301
C032,Buttiauxella,R2,111.05,4.76,4.7638689370022655
C032,Buttiauxella,R2,112.05,4.74,4.730927810088663
C032,Buttiauxella,R2,113.05,4.7,4.696979461090973
C032,Buttiauxella,R2,114.05,4.65,4.6625204837540455
C032,Buttiauxella,R2,115.05,4.63,4.62803044422737
C032,Buttiauxella,R2,116.05,4.59,4.59328616087661
C032,Buttiauxella,R2,117.05,4.56,4.55785342506402
C032,Buttiauxella,R2,118.05,4.53,4.521156667922056
C032,Buttiauxella,R2,119.05,4.48,4.482806651937743
C032,Buttiauxella,R2,120.05,4.45,4.44330082524616
C032,Buttiauxella,R2,121.05,4.38,4.403164923619962
C032,Buttiauxella,R2,122.05,4.37,4.362151147734069
C032,Buttiauxella,R2,123.05,4.33,4.319800653191984
C032,Buttiauxella,R2,124.05,4.27,4.275583950409306
C032,Buttiauxella,R2,125.05,4.24,4.229145753497376
C032,Buttiauxella,R2,126.05,4.18,4.180898236538401
C032,Buttiauxella,R2,127.05,4.13,4.131502935665397
C032,Buttiauxella,R2,128.05,4.07,4.081851375243758
C032,Buttiauxella,R2,129.05,4.03,4.032601681403133
C032,Buttiauxella,R2,130.05,3.99,3.983248399097812
C032,Buttiauxella,R2,131.05,3.93,3.933095214860037
C032,Buttiauxella,R2,132.05,3.89,3.8818459627091983
C032,Buttiauxella,R2,133.05,3.82,3.8293032500606663
C032,Buttiauxella,R2,134.05,3.77,3.7752646304266024
C032,Buttiauxella,R2,135.05,3.73,3.7194209592541845
C032,Buttiauxella,R2,136.05,3.66,3.661041353633849
C032,Buttiauxella,R2,137.05,3.61,3.599532162970123
C032,Buttiauxella,R2,138.05,3.53,3.5352704042806367
C032,Buttiauxella,R2,139.05,3.47,3.468870628284216
C032,Buttiauxella,R2,140.05,3.4,3.4009268528913315
C032,Buttiauxella,R2,141.05,3.33,3.332023218465971
C032,Buttiauxella,R2,142.05,3.26,3.2627248879945387
C032,Buttiauxella,R2,143.05,3.18,3.1933363084978668
C032,Buttiauxella,R2,144.05,3.13,3.1231380405121354
C032,Buttiauxella,R2,145.05,3.06,3.0512636697517097
C032,Buttiauxella,R2,146.05,2.98,2.977282769128337
C032,Buttiauxella,R2,147.05,2.89,2.9009362608482703
C032,Buttiauxella,R2,148.05,2.83,2.822214477098389
C032,Buttiauxella,R2,149.05,2.74,2.7411451072108175
C032,Buttiauxella,R2,150.05,2.66,2.6576558591180466
C032,Buttiauxella,R2,151.05,2.57,2.57173165830904
C032,Buttiauxella,R2,152.05,2.49,2.4836862818982572
C032,Buttiauxella,R2,153.05,2.38,2.393844574713202
C032,Buttiauxella,R2,154.05,2.31,2.302246800808062
C032,Buttiauxella,R2,155.05,2.21,2.2088830562755812
C032,Buttiauxella,R2,156.05,2.11,2.113827346136055
C032,Buttiauxella,R2,157.05,2.01,2.0170818619839106
C032,Buttiauxella,R2,158.05,1.93,1.9182776327824997
C032,Buttiauxella,R2,159.05,1.81,1.8170036120782245
C032,Buttiauxella,R2,160.05,1.71,1.7130516143807584
C032,Buttiauxella,R2,161.05,1.61,1.6061572850696644
C032,Buttiauxella,R2,162.05,1.5,1.4956287320408346
C032,Buttiauxella,R2,163.05,1.39,1.3809479036247139
C032,Buttiauxella,R2,164.05,1.25,1.2627196473736042
C032,Buttiauxella,R2,165.05,1.13,1.1415149154936746
C032,Buttiauxella,R2,166.05,1.03,1.0166461795847184
C032,Buttiauxella,R2,167.05,0.9,0.8873546806239774
C032,Buttiauxella,R2,168.05,0.77,0.7538552177049013
C033,Buttiauxella,R3,49.03,5.9,5.891171925439397
C033,Buttiauxella,R3,50.05,5.9,5.889854410489502
C033,Buttiauxella,R3,51.05,5.88,5.88564692684023
C033,Buttiauxella,R3,52.05,5.87,5.879461341091318
C033,Buttiauxella,R3,53.05,5.87,5.872145277358565
C033,Buttiauxella,R3,54.05,5.87,5.863294871520251
C033,Buttiauxella,R3,55.05,5.86,5.8523963980796205
C033,Buttiauxella,R3,56.05,5.84,5.8397481742773
C033,Buttiauxella,R3,57.05,5.83,5.825988278687081
C033,Buttiauxella,R3,58.05,5.8,5.812301792478007
C033,Buttiauxella,R3,59.05,5.8,5.799808792597275
C033,Buttiauxella,R3,60.05,5.78,5.788822336509432
C033,Buttiauxella,R3,61.05,5.78,5.779266977351343
C033,Buttiauxella,R3,62.05,5.77,5.770320270431796
C033,Buttiauxella,R3,63.05,5.77,5.761084340027674
C033,Buttiauxella,R3,64.05,5.75,5.7511065841163145
C033,Buttiauxella,R3,65.05,5.74,5.7401051023754635
C033,Buttiauxella,R3,66.05,5.73,5.728035527584056
C033,Buttiauxella,R3,67.05,5.72,5.71500997952235
C033,Buttiauxella,R3,68.05,5.7,5.701528992874702
C033,Buttiauxella,R3,69.05,5.68,5.688114230449918
C033,Buttiauxella,R3,70.05,5.67,5.674983452650459
C033,Buttiauxella,R3,71.05,5.67,5.66215610333043
C033,Buttiauxella,R3,72.05,5.65,5.649162262556876
C033,Buttiauxella,R3,73.05,5.64,5.635586420675092
C033,Buttiauxella,R3,74.05,5.61,5.62172007293048
C033,Buttiauxella,R3,75.05,5.61,5.60785355138759
C033,Buttiauxella,R3,76.05,5.6,5.593565530487438
C033,Buttiauxella,R3,77.05,5.58,5.578415005610445
C033,Buttiauxella,R3,78.05,5.56,5.562593913518173
C033,Buttiauxella,R3,79.05,5.55,5.5464423297516525
C033,Buttiauxella,R3,80.05,5.52,5.530259943588645
C033,Buttiauxella,R3,81.05,5.52,5.514248450655285
C033,Buttiauxella,R3,82.05,5.5,5.49825795823448
C033,Buttiauxella,R3,83.05,5.48,5.4821204984069105
C033,Buttiauxella,R3,84.05,5.46,5.465947390787596
C033,Buttiauxella,R3,85.05,5.45,5.44976127396125
C033,Buttiauxella,R3,86.05,5.44,5.432950774857032
C033,Buttiauxella,R3,87.05,5.42,5.414943567874986
C033,Buttiauxella,R3,88.05,5.39,5.395957528954261
C033,Buttiauxella,R3,89.05,5.38,5.376385504979183
C033,Buttiauxella,R3,90.05,5.35,5.356530025075699
C033,Buttiauxella,R3,91.05,5.34,5.336603200512757
C033,Buttiauxella,R3,92.05,5.31,5.316545788889664
C033,Buttiauxella,R3,93.05,5.3,5.296191616742636
C033,Buttiauxella,R3,94.05,5.28,5.275218140025115
C033,Buttiauxella,R3,95.05,5.25,5.253349979986993
C033,Buttiauxella,R3,96.05,5.23,5.230656789646745
C033,Buttiauxella,R3,97.05,5.21,5.207257715489162
C033,Buttiauxella,R3,98.05,5.18,5.183124846095724
C033,Buttiauxella,R3,99.05,5.16,5.158215240142437
C033,Buttiauxella,R3,100.05,5.14,5.13257289458674
C033,Buttiauxella,R3,101.05,5.1,5.106329920304613
C033,Buttiauxella,R3,102.05,5.07,5.079883945564765
C033,Buttiauxella,R3,103.05,5.06,5.053504140978833
C033,Buttiauxella,R3,104.05,5.03,5.026680329137428
C033,Buttiauxella,R3,105.05,5,4.998883207983912
C033,Buttiauxella,R3,106.05,4.97,4.970286324893665
C033,Buttiauxella,R3,107.05,4.94,4.941193410193887
C033,Buttiauxella,R3,108.05,4.9,4.911726076587004
C033,Buttiauxella,R3,109.05,4.89,4.881814364339489
C033,Buttiauxella,R3,110.05,4.86,4.850804141598768
C033,Buttiauxella,R3,111.05,4.82,4.8181877544250655
C033,Buttiauxella,R3,112.05,4.78,4.784627632648835
C033,Buttiauxella,R3,113.05,4.75,4.7509940946936435
C033,Buttiauxella,R3,114.05,4.71,4.717818929585292
C033,Buttiauxella,R3,115.05,4.68,4.685318245933249
C033,Buttiauxella,R3,116.05,4.66,4.652783960079447
C033,Buttiauxella,R3,117.05,4.62,4.619392402314589
C033,Buttiauxella,R3,118.05,4.59,4.584781750992019
C033,Buttiauxella,R3,119.05,4.54,4.548696501812261
C033,Buttiauxella,R3,120.05,4.52,4.5108445718019015
C033,Buttiauxella,R3,121.05,4.48,4.471121990906323
C033,Buttiauxella,R3,122.05,4.42,4.43021381942001
C033,Buttiauxella,R3,123.05,4.38,4.388820486457672
C033,Buttiauxella,R3,124.05,4.35,4.346914866065828
C033,Buttiauxella,R3,125.05,4.31,4.304264484482631
C033,Buttiauxella,R3,126.05,4.26,4.26054303178095
C033,Buttiauxella,R3,127.05,4.22,4.2155685843858
C033,Buttiauxella,R3,128.05,4.17,4.169830600296064
C033,Buttiauxella,R3,129.05,4.11,4.123866345264256
C033,Buttiauxella,R3,130.05,4.08,4.0777329344835636
C033,Buttiauxella,R3,131.05,4.03,4.03121593487477
C033,Buttiauxella,R3,132.05,3.99,3.983494870828362
C033,Buttiauxella,R3,133.05,3.94,3.9338188132438967
C033,Buttiauxella,R3,134.05,3.88,3.8823210615875006
C033,Buttiauxella,R3,135.05,3.83,3.8293644366999047
C033,Buttiauxella,R3,136.05,3.76,3.775345616353676
C033,Buttiauxella,R3,137.05,3.73,3.7204630369311764
C033,Buttiauxella,R3,138.05,3.67,3.664088312322111
C033,Buttiauxella,R3,139.05,3.61,3.6056810129209627
C033,Buttiauxella,R3,140.05,3.54,3.54587935763397
C033,Buttiauxella,R3,141.05,3.48,3.485445079851076
C033,Buttiauxella,R3,142.05,3.42,3.424455322385285
C033,Buttiauxella,R3,143.05,3.37,3.3627599045884558
C033,Buttiauxella,R3,144.05,3.3,3.299983942544831
C033,Buttiauxella,R3,145.05,3.23,3.2357336393348595
C033,Buttiauxella,R3,146.05,3.18,3.169764249291398
C033,Buttiauxella,R3,147.05,3.1,3.101952915516716
C033,Buttiauxella,R3,148.05,3.03,3.032515284938291
C033,Buttiauxella,R3,149.05,2.96,2.961702951333675
C033,Buttiauxella,R3,150.05,2.89,2.8895727920555303
C033,Buttiauxella,R3,151.05,2.81,2.8160247368949887
C033,Buttiauxella,R3,152.05,2.75,2.74052564182192
C033,Buttiauxella,R3,153.05,2.67,2.662668099948528
C033,Buttiauxella,R3,154.05,2.58,2.582980726777613
C033,Buttiauxella,R3,155.05,2.49,2.5021165072396747
C033,Buttiauxella,R3,156.05,2.42,2.420289881585445
C033,Buttiauxella,R3,157.05,2.34,2.337484800307648
C033,Buttiauxella,R3,158.05,2.26,2.2532017995467215
C033,Buttiauxella,R3,159.05,2.16,2.1669356728613773
C033,Buttiauxella,R3,160.05,2.08,2.0786416578357145
C033,Buttiauxella,R3,161.05,1.99,1.9883245709039232
C033,Buttiauxella,R3,162.05,1.89,1.8957270998752103
C033,Buttiauxella,R3,163.05,1.81,1.800536336604823
C033,Buttiauxella,R3,164.05,1.7,1.7024791177571166
C033,Buttiauxella,R3,165.05,1.61,1.6014749556435144
C033,Buttiauxella,R3,166.05,1.49,1.4981743203545952
C033,Buttiauxella,R3,167.05,1.38,1.3931781706832036
C033,Buttiauxella,R3,168.05,1.29,1.286158462452118
C033,Buttiauxella,R3,169.05,1.18,1.1764737014286188
C033,Buttiauxella,R3,170.05,1.07,1.0631575961280277
C033,Buttiauxella,R3,171.05,0.96,0.9455112984092209
C033,Buttiauxella,R3,172.05,0.82,0.8242305307572566
C034,Buttiauxella,R4,52.05,5.95,5.951794584154758
C034,Buttiauxella,R4,53.05,5.95,5.951697400675635
C034,Buttiauxella,R4,54.05,5.94,5.951077103421781
C034,Buttiauxella,R4,55.05,5.96,5.949531830046929
C034,Buttiauxella,R4,56.05,5.95,5.9462226651689525
C034,Buttiauxella,R4,57.05,5.94,5.9404055705030885
C034,Buttiauxella,R4,58.05,5.94,5.932153069189894
C034,Buttiauxella,R4,59.05,5.92,5.921809630917463
C034,Buttiauxella,R4,60.05,5.9,5.909990950138733
C034,Buttiauxella,R4,61.05,5.91,5.897321269034156
C034,Buttiauxella,R4,62.05,5.88,5.884187795929386
C034,Buttiauxella,R4,63.05,5.87,5.8709869000521335
C034,Buttiauxella,R4,64.05,5.85,5.858388628093116
C034,Buttiauxella,R4,65.05,5.84,5.846868056948529
C034,Buttiauxella,R4,66.05,5.85,5.835846706873448
C034,Buttiauxella,R4,67.05,5.82,5.824600328233093
C034,Buttiauxella,R4,68.05,5.81,5.812875148474402
C034,Buttiauxella,R4,69.05,5.81,5.800586394527523
C034,Buttiauxella,R4,70.05,5.79,5.787854814173767
C034,Buttiauxella,R4,71.05,5.76,5.774834766229098
C034,Buttiauxella,R4,72.05,5.77,5.761609532796914
C034,Buttiauxella,R4,73.05,5.75,5.748228829123185
C034,Buttiauxella,R4,74.05,5.73,5.734679179736704
C034,Buttiauxella,R4,75.05,5.72,5.720907454670689
C034,Buttiauxella,R4,76.05,5.71,5.706765096693234
C034,Buttiauxella,R4,77.05,5.69,5.692062011311264
C034,Buttiauxella,R4,78.05,5.68,5.676537382252144
C034,Buttiauxella,R4,79.05,5.67,5.660095985210346
C034,Buttiauxella,R4,80.05,5.63,5.643375685528316
C034,Buttiauxella,R4,81.05,5.62,5.6269680706919685
C034,Buttiauxella,R4,82.05,5.62,5.610546527113117
C034,Buttiauxella,R4,83.05,5.6,5.5936820108959635
C034,Buttiauxella,R4,84.05,5.56,5.576453957988372
C034,Buttiauxella,R4,85.05,5.57,5.558958667043646
C034,Buttiauxella,R4,86.05,5.54,5.540851407693168
C034,Buttiauxella,R4,87.05,5.53,5.5218527771743124
C034,Buttiauxella,R4,88.05,5.49,5.502385712170328
C034,Buttiauxella,R4,89.05,5.49,5.482929487607882
C034,Buttiauxella,R4,90.05,5.45,5.46348639194144
C034,Buttiauxella,R4,91.05,5.46,5.443919064120399
C034,Buttiauxella,R4,92.05,5.42,5.424008531546104
C034,Buttiauxella,R4,93.05,5.41,5.40367831354327
C034,Buttiauxella,R4,94.05,5.37,5.383503508678156
C034,Buttiauxella,R4,95.05,5.36,5.36400946893872
C034,Buttiauxella,R4,96.05,5.36,5.344870980758144
C034,Buttiauxella,R4,97.05,5.31,5.325542886648403
C034,Buttiauxella,R4,98.05,5.3,5.305450818991411
C034,Buttiauxella,R4,99.05,5.31,5.28405166204776
C034,Buttiauxella,R4,100.05,5.26,5.260956517722794
C034,Buttiauxella,R4,101.05,5.23,5.2360709852439555
C034,Buttiauxella,R4,102.05,5.21,5.210324435482282
C034,Buttiauxella,R4,103.05,5.18,5.184704470166531
C034,Buttiauxella,R4,104.05,5.16,5.159407842812723
C034,Buttiauxella,R4,105.05,5.13,5.1343929718789445
C034,Buttiauxella,R4,106.05,5.11,5.10945578380428
C034,Buttiauxella,R4,107.05,5.08,5.08423559642096
C034,Buttiauxella,R4,108.05,5.07,5.057907785152781
C034,Buttiauxella,R4,109.05,5.04,5.029857570481776
C034,Buttiauxella,R4,110.05,4.99,5.000773495531354
C034,Buttiauxella,R4,111.05,4.97,4.9715273151633745
C034,Buttiauxella,R4,112.05,4.93,4.942420308552112
C034,Buttiauxella,R4,113.05,4.93,4.913526337824114
C034,Buttiauxella,R4,114.05,4.88,4.884580072602587
C034,Buttiauxella,R4,115.05,4.85,4.855301475803056
C034,Buttiauxella,R4,116.05,4.83,4.825690876013691
C034,Buttiauxella,R4,117.05,4.79,4.795715511343505
C034,Buttiauxella,R4,118.05,4.77,4.7649298923122325
C034,Buttiauxella,R4,119.05,4.74,4.732916167881995
C034,Buttiauxella,R4,120.05,4.69,4.6997797683737454
C034,Buttiauxella,R4,121.05,4.67,4.665694765796511
C034,Buttiauxella,R4,122.05,4.63,4.630586517552841
C034,Buttiauxella,R4,123.05,4.6,4.594398868784866
C034,Buttiauxella,R4,124.05,4.55,4.55739833019957
C034,Buttiauxella,R4,125.05,4.52,4.5198612589963245
C034,Buttiauxella,R4,126.05,4.49,4.481780732779185
C034,Buttiauxella,R4,127.05,4.44,4.443178999167517
C034,Buttiauxella,R4,128.05,4.39,4.404478265437219
C034,Buttiauxella,R4,129.05,4.37,4.36593915088308
C034,Buttiauxella,R4,130.05,4.34,4.326775963218901
C034,Buttiauxella,R4,131.05,4.28,4.286220596886537
C034,Buttiauxella,R4,132.05,4.25,4.244621604821051
C034,Buttiauxella,R4,133.05,4.19,4.202436988750932
C034,Buttiauxella,R4,134.05,4.16,4.1594458870852
C034,Buttiauxella,R4,135.05,4.13,4.115348974756318
C034,Buttiauxella,R4,136.05,4.07,4.07021193610998
C034,Buttiauxella,R4,137.05,4.01,4.024211754302786
C034,Buttiauxella,R4,138.05,3.98,3.977605598321774
C034,Buttiauxella,R4,139.05,3.93,3.930532834337292
C034,Buttiauxella,R4,140.05,3.9,3.8825814314224547
C034,Buttiauxella,R4,141.05,3.82,3.833435424028526
C034,Buttiauxella,R4,142.05,3.78,3.783714505216566
C034,Buttiauxella,R4,143.05,3.73,3.7339734036052996
C034,Buttiauxella,R4,144.05,3.69,3.6835713314343357
C034,Buttiauxella,R4,145.05,3.64,3.6317592113595762
C034,Buttiauxella,R4,146.05,3.57,3.578550324081224
C034,Buttiauxella,R4,147.05,3.53,3.5241613989518643
C034,Buttiauxella,R4,148.05,3.46,3.468860601889335
C034,Buttiauxella,R4,149.05,3.41,3.412744603905887
C034,Buttiauxella,R4,150.05,3.36,3.355172659826193
C034,Buttiauxella,R4,151.05,3.31,3.295517040551541
C034,Buttiauxella,R4,152.05,3.22,3.233939497477251
C034,Buttiauxella,R4,153.05,3.18,3.1708114322139793
C034,Buttiauxella,R4,154.05,3.1,3.106553366739702
C034,Buttiauxella,R4,155.05,3.04,3.0415438313590992
C034,Buttiauxella,R4,156.05,2.98,2.975944269316361
C034,Buttiauxella,R4,157.05,2.9,2.909806978401424
C034,Buttiauxella,R4,158.05,2.85,2.84296476164769
C034,Buttiauxella,R4,159.05,2.77,2.7751734011817026
C034,Buttiauxella,R4,160.05,2.71,2.706100090259111
C034,Buttiauxella,R4,161.05,2.63,2.6353830627618122
C034,Buttiauxella,R4,162.05,2.58,2.562633303947605
C034,Buttiauxella,R4,163.05,2.48,2.4876472693738108
C034,Buttiauxella,R4,164.05,2.41,2.4109905444199375
C034,Buttiauxella,R4,165.05,2.33,2.3333089101448636
C034,Buttiauxella,R4,166.05,2.26,2.254799800502778
C034,Buttiauxella,R4,167.05,2.17,2.175530390657999
C034,Buttiauxella,R4,168.05,2.08,2.0954951677200673
C034,Buttiauxella,R4,169.05,2.03,2.0144700677128107
C034,Buttiauxella,R4,170.05,1.93,1.931429510371954
C034,Buttiauxella,R4,171.05,1.85,1.8454040416160262
C034,Buttiauxella,R4,172.05,1.77,1.756450228382891
C034,Buttiauxella,R4,173.05,1.65,1.6649702808042899
C034,Buttiauxella,R4,174.05,1.57,1.5717229607681769
C034,Buttiauxella,R4,175.05,1.48,1.4773937073058208
C034,Buttiauxella,R4,176.05,1.38,1.3820181162655074
C034,Buttiauxella,R4,177.05,1.28,1.2854345508973934
C034,Buttiauxella,R4,178.05,1.19,1.1873422872420858
C034,Buttiauxella,R4,179.05,1.09,1.0873851682248665
C034,Buttiauxella,R4,180.05,0.98,0.985124391519223
C034,Buttiauxella,R4,181.05,0.89,0.880159050713222
C035,Buttiauxella,R5,55.05,5.69,5.688758471642384
C035,Buttiauxella,R5,56.05,5.7,5.6886595856338795
C035,Buttiauxella,R5,57.05,5.69,5.685833820742599
C035,Buttiauxella,R5,58.05,5.68,5.680534346953512
C035,Buttiauxella,R5,59.05,5.67,5.673297866924517
C035,Buttiauxella,R5,60.05,5.66,5.664576262622886
C035,Buttiauxella,R5,61.05,5.66,5.654731943997138
C035,Buttiauxella,R5,62.05,5.65,5.643854253611393
C035,Buttiauxella,R5,63.05,5.63,5.632128062642415
C035,Buttiauxella,R5,64.05,5.61,5.6203934241019216
C035,Buttiauxella,R5,65.05,5.61,5.609419499633348
C035,Buttiauxella,R5,66.05,5.6,5.599036703572033
C035,Buttiauxella,R5,67.05,5.59,5.588883402735352
C035,Buttiauxella,R5,68.05,5.58,5.578768521176905
C035,Buttiauxella,R5,69.05,5.57,5.568598302528129
C035,Buttiauxella,R5,70.05,5.55,5.55849771149558
C035,Buttiauxella,R5,71.05,5.55,5.548479358820904
C035,Buttiauxella,R5,72.05,5.54,5.537887718310997
C035,Buttiauxella,R5,73.05,5.54,5.5261218031864185
C035,Buttiauxella,R5,74.05,5.5,5.513466921257136
C035,Buttiauxella,R5,75.05,5.5,5.500304616574766
C035,Buttiauxella,R5,76.05,5.49,5.486515083568127
C035,Buttiauxella,R5,77.05,5.48,5.471977317001712
C035,Buttiauxella,R5,78.05,5.45,5.457066862605498
C035,Buttiauxella,R5,79.05,5.44,5.442240000290158
C035,Buttiauxella,R5,80.05,5.43,5.427779395723629
C035,Buttiauxella,R5,81.05,5.41,5.413849705619517
C035,Buttiauxella,R5,82.05,5.39,5.400317165116828
C035,Buttiauxella,R5,83.05,5.4,5.386867149415384
C035,Buttiauxella,R5,84.05,5.37,5.3727600155329
C035,Buttiauxella,R5,85.05,5.37,5.35738367672885
C035,Buttiauxella,R5,86.05,5.33,5.3410612894118845
C035,Buttiauxella,R5,87.05,5.33,5.324324384903004
C035,Buttiauxella,R5,88.05,5.3,5.307602751023468
C035,Buttiauxella,R5,89.05,5.29,5.291158381173861
C035,Buttiauxella,R5,90.05,5.27,5.274683834571881
C035,Buttiauxella,R5,91.05,5.27,5.257747147761466
C035,Buttiauxella,R5,92.05,5.23,5.239987700774435
C035,Buttiauxella,R5,93.05,5.23,5.221084076191991
C035,Buttiauxella,R5,94.05,5.2,5.200800323305008
C035,Buttiauxella,R5,95.05,5.19,5.179137253583976
C035,Buttiauxella,R5,96.05,5.15,5.156957260508186
C035,Buttiauxella,R5,97.05,5.12,5.135153562330626
C035,Buttiauxella,R5,98.05,5.12,5.113881094390269
C035,Buttiauxella,R5,99.05,5.09,5.09297817237291
C035,Buttiauxella,R5,100.05,5.07,5.071754916265697
C035,Buttiauxella,R5,101.05,5.06,5.049455797293183
C035,Buttiauxella,R5,102.05,5.03,5.0255908873282
C035,Buttiauxella,R5,103.05,5.01,5.000074860073356
C035,Buttiauxella,R5,104.05,4.96,4.9741751959020775
C035,Buttiauxella,R5,105.05,4.94,4.949212237038926
C035,Buttiauxella,R5,106.05,4.92,4.925364966442162
C035,Buttiauxella,R5,107.05,4.9,4.9022822652738505
C035,Buttiauxella,R5,108.05,4.9,4.878633966777535
C035,Buttiauxella,R5,109.05,4.85,4.853217067177981
C035,Buttiauxella,R5,110.05,4.82,4.826316262543373
C035,Buttiauxella,R5,111.05,4.8,4.798440918338732
C035,Buttiauxella,R5,112.05,4.77,4.76951137777303
C035,Buttiauxella,R5,113.05,4.74,4.739355641443626
C035,Buttiauxella,R5,114.05,4.72,4.708021361757467
C035,Buttiauxella,R5,115.05,4.67,4.675784853274969
C035,Buttiauxella,R5,116.05,4.63,4.643617427360819
C035,Buttiauxella,R5,117.05,4.61,4.612297461563261
C035,Buttiauxella,R5,118.05,4.59,4.581136601360513
C035,Buttiauxella,R5,119.05,4.55,4.549283325396396
C035,Buttiauxella,R5,120.05,4.52,4.516700177047156
C035,Buttiauxella,R5,121.05,4.47,4.483456336447118
C035,Buttiauxella,R5,122.05,4.46,4.449233466030475
C035,Buttiauxella,R5,123.05,4.42,4.413736002650932
C035,Buttiauxella,R5,124.05,4.37,4.377146998540369
C035,Buttiauxella,R5,125.05,4.34,4.339746036499661
C035,Buttiauxella,R5,126.05,4.3,4.301720206227469
C035,Buttiauxella,R5,127.05,4.26,4.263150945776052
C035,Buttiauxella,R5,128.05,4.23,4.223789579714242
C035,Buttiauxella,R5,129.05,4.18,4.183355087801678
C035,Buttiauxella,R5,130.05,4.14,4.141767184044624
C035,Buttiauxella,R5,131.05,4.1,4.098932031656316
C035,Buttiauxella,R5,132.05,4.06,4.054500856431247
C035,Buttiauxella,R5,133.05,4.01,4.008224821753156
C035,Buttiauxella,R5,134.05,3.96,3.9605097787815495
C035,Buttiauxella,R5,135.05,3.91,3.9118576456525127
C035,Buttiauxella,R5,136.05,3.85,3.8624999206327018
C035,Buttiauxella,R5,137.05,3.83,3.812573129048039
C035,Buttiauxella,R5,138.05,3.76,3.762104324330947
C035,Buttiauxella,R5,139.05,3.7,3.711097353645798
C035,Buttiauxella,R5,140.05,3.66,3.6595727109782508
C035,Buttiauxella,R5,141.05,3.62,3.607547292853228
C035,Buttiauxella,R5,142.05,3.54,3.555006959131437
C035,Buttiauxella,R5,143.05,3.5,3.5017738361306217
C035,Buttiauxella,R5,144.05,3.45,3.447046152660916
C035,Buttiauxella,R5,145.05,3.4,3.3899967716902113
C035,Buttiauxella,R5,146.05,3.34,3.3303209903249953
C035,Buttiauxella,R5,147.05,3.26,3.268067295209825
C035,Buttiauxella,R5,148.05,3.2,3.204174497002896
C035,Buttiauxella,R5,149.05,3.14,3.1396065700396165
C035,Buttiauxella,R5,150.05,3.07,3.0745378193506143
C035,Buttiauxella,R5,151.05,3.01,3.0088929965486226
C035,Buttiauxella,R5,152.05,2.94,2.9423883088795573
C035,Buttiauxella,R5,153.05,2.88,2.8746961098192423
C035,Buttiauxella,R5,154.05,2.8,2.805521882129965
C035,Buttiauxella,R5,155.05,2.74,2.7345897664064696
C035,Buttiauxella,R5,156.05,2.66,2.6616654052868927
C035,Buttiauxella,R5,157.05,2.59,2.5865752223932987
C035,Buttiauxella,R5,158.05,2.51,2.5093472632400387
C035,Buttiauxella,R5,159.05,2.43,2.430126428618956
C035,Buttiauxella,R5,160.05,2.35,2.349323418539577
C035,Buttiauxella,R5,161.05,2.26,2.2673079710234796
C035,Buttiauxella,R5,162.05,2.18,2.1840201769227945
C035,Buttiauxella,R5,163.05,2.11,2.099266767653836
C035,Buttiauxella,R5,164.05,2.01,2.0127506840590863
C035,Buttiauxella,R5,165.05,1.92,1.9241904912868026
C035,Buttiauxella,R5,166.05,1.84,1.8334710422822
C035,Buttiauxella,R5,167.05,1.74,1.740557549263957
C035,Buttiauxella,R5,168.05,1.64,1.645570373747694
C035,Buttiauxella,R5,169.05,1.55,1.5485807965404945
C035,Buttiauxella,R5,170.05,1.45,1.4493086263183053
C035,Buttiauxella,R5,171.05,1.35,1.3474526606435764
C035,Buttiauxella,R5,172.05,1.24,1.242979124755893
C035,Buttiauxella,R5,173.05,1.13,1.1358346073241883
C035,Buttiauxella,R5,174.05,1.04,1.0256197230576825
C035,Buttiauxella,R5,175.05,0.91,0.9120047786474085
C035,Buttiauxella,R5,176.05,0.79,0.7952848226713287
C036,Chromobacterium,R1,52.07,5.9,5.910042539193805
C036,Chromobacterium,R1,53.07,5.92,5.909912807061577
C036,Chromobacterium,R1,54.07,5.91,5.908147659724631
C036,Chromobacterium,R1,55.07,5.9,5.904407752546826
C036,Chromobacterium,R1,56.07,5.91,5.898479987688396
C036,Chromobacterium,R1,57.07,5.89,5.890445373794084
C036,Chromobacterium,R1,58.07,5.88,5.880560238417315
C036,Chromobacterium,R1,59.07,5.87,5.86948807826169
C036,Chromobacterium,R1,60.07,5.85,5.857901632729973
C036,Chromobacterium,R1,61.07,5.85,5.846103442871391
C036,Chromobacterium,R1,62.07,5.83,5.834303500146785
C036,Chromobacterium,R1,63.07,5.82,5.822624603374951
C036,Chromobacterium,R1,64.07,5.82,5.810840780806516
C036,Chromobacterium,R1,65.07,5.8,5.798782906720797
C036,Chromobacterium,R1,66.07,5.78,5.786858010080029
C036,Chromobacterium,R1,67.07,5.77,5.775463999850346
C036,Chromobacterium,R1,68.07,5.76,5.764386150330559
C036,Chromobacterium,R1,69.07,5.76,5.753195441314487
C036,Chromobacterium,R1,70.07,5.75,5.74121830924333
C036,Chromobacterium,R1,71.07,5.73,5.727942461862195
C036,Chromobacterium,R1,72.07,5.71,5.7137452354844225
C036,Chromobacterium,R1,73.07,5.7,5.699198102879269
C036,Chromobacterium,R1,74.07,5.68,5.684759454071402
C036,Chromobacterium,R1,75.07,5.67,5.670737303057891
C036,Chromobacterium,R1,76.07,5.65,5.656951242469975
C036,Chromobacterium,R1,77.07,5.65,5.643098759597438
C036,Chromobacterium,R1,78.07,5.63,5.628888794258373
C036,Chromobacterium,R1,79.07,5.61,5.61407609638412
C036,Chromobacterium,R1,80.07,5.6,5.598419811645497
C036,Chromobacterium,R1,81.07,5.59,5.581650858558011
C036,Chromobacterium,R1,82.07,5.56,5.563606842355434
C036,Chromobacterium,R1,83.07,5.55,5.544580342299946
C036,Chromobacterium,R1,84.07,5.52,5.524968111893656
C036,Chromobacterium,R1,85.07,5.5,5.505128627570029
C036,Chromobacterium,R1,86.07,5.49,5.485350966525916
C036,Chromobacterium,R1,87.07,5.46,5.46568488608041
C036,Chromobacterium,R1,88.07,5.44,5.4460165167606
C036,Chromobacterium,R1,89.07,5.44,5.425816801803318
C036,Chromobacterium,R1,90.07,5.41,5.404655724821597
C036,Chromobacterium,R1,91.07,5.38,5.382914618223555
C036,Chromobacterium,R1,92.07,5.34,5.36117765161607
C036,Chromobacterium,R1,93.07,5.35,5.339780155619385
C036,Chromobacterium,R1,94.07,5.32,5.318062104907166
C036,Chromobacterium,R1,95.07,5.3,5.295292882709987
C036,Chromobacterium,R1,96.07,5.27,5.271454862432609
C036,Chromobacterium,R1,97.07,5.24,5.2466511268968405
C036,Chromobacterium,R1,98.07,5.23,5.220754606418466
C036,Chromobacterium,R1,99.07,5.19,5.1936410872606285
C036,Chromobacterium,R1,100.07,5.17,5.165427931981941
C036,Chromobacterium,R1,101.07,5.13,5.136268099794234
C036,Chromobacterium,R1,102.07,5.11,5.106215360226748
C036,Chromobacterium,R1,103.07,5.08,5.075376775263704
C036,Chromobacterium,R1,104.07,5.04,5.044171766391845
C036,Chromobacterium,R1,105.07,5,5.012954203611392
C036,Chromobacterium,R1,106.07,4.99,4.98150339147402
C036,Chromobacterium,R1,107.07,4.95,4.94945499316925
C036,Chromobacterium,R1,108.07,4.92,4.91651062576679
C036,Chromobacterium,R1,109.07,4.88,4.882635721857051
C036,Chromobacterium,R1,110.07,4.85,4.847845221648356
C036,Chromobacterium,R1,111.07,4.8,4.812088280299945
C036,Chromobacterium,R1,112.07,4.79,4.775271545875036
C036,Chromobacterium,R1,113.07,4.74,4.737197423101848
C036,Chromobacterium,R1,114.07,4.69,4.697759854763038
C036,Chromobacterium,R1,115.07,4.66,4.65732317919403
C036,Chromobacterium,R1,116.07,4.61,4.616254109976195
C036,Chromobacterium,R1,117.07,4.58,4.574458466121965
C036,Chromobacterium,R1,118.07,4.53,4.531767224030844
C036,Chromobacterium,R1,119.07,4.49,4.488172884219602
C036,Chromobacterium,R1,120.07,4.44,4.443694803573601
C036,Chromobacterium,R1,121.07,4.4,4.398298240335315
C036,Chromobacterium,R1,122.07,4.35,4.351934928086501
C036,Chromobacterium,R1,123.07,4.3,4.304483099995431
C036,Chromobacterium,R1,124.08,4.26,4.255028174375087
C036,Chromobacterium,R1,125.08,4.21,4.204132188223063
C036,Chromobacterium,R1,126.08,4.15,4.151205002261097
C036,Chromobacterium,R1,127.08,4.1,4.096315734314652
C036,Chromobacterium,R1,128.08,4.04,4.03994098908669
C036,Chromobacterium,R1,129.08,3.97,3.982569771977418
C036,Chromobacterium,R1,130.08,3.93,3.9243332042985126
C036,Chromobacterium,R1,131.08,3.86,3.8652087131854493
C036,Chromobacterium,R1,132.08,3.81,3.8049168331574124
C036,Chromobacterium,R1,133.08,3.74,3.743102412550267
C036,Chromobacterium,R1,134.08,3.68,3.6793644475828744
C036,Chromobacterium,R1,135.08,3.62,3.613404342337223
C036,Chromobacterium,R1,136.08,3.55,3.5453789844647776
C036,Chromobacterium,R1,137.08,3.47,3.4755591325093818
C036,Chromobacterium,R1,138.08,3.4,3.404196597645144
C036,Chromobacterium,R1,139.08,3.33,3.331467401567268
C036,Chromobacterium,R1,140.08,3.26,3.2574685298477633
C036,Chromobacterium,R1,141.08,3.18,3.1820566130448142
C036,Chromobacterium,R1,142.08,3.1,3.1049783683494976
C036,Chromobacterium,R1,143.08,3.03,3.025781214498313
C036,Chromobacterium,R1,144.08,2.95,2.944032662965765
C036,Chromobacterium,R1,145.08,2.86,2.859579894632917
C036,Chromobacterium,R1,146.08,2.77,2.7723891898063893
C036,Chromobacterium,R1,147.08,2.68,2.6826235570884123
C036,Chromobacterium,R1,148.08,2.59,2.590427203570881
C036,Chromobacterium,R1,149.08,2.5,2.4956724020087004
C036,Chromobacterium,R1,150.08,2.4,2.398204260419512
C036,Chromobacterium,R1,151.08,2.29,2.2980311622088583
C036,Chromobacterium,R1,152.08,2.2,2.1952023096292645
C036,Chromobacterium,R1,153.08,2.09,2.089755630793065
C036,Chromobacterium,R1,154.08,1.99,1.981683957251812
C036,Chromobacterium,R1,155.08,1.86,1.8710526806362449
C036,Chromobacterium,R1,156.08,1.76,1.7582625294545722
C036,Chromobacterium,R1,157.08,1.63,1.6435791001176971
C036,Chromobacterium,R1,158.08,1.53,1.526392123769761
C036,Chromobacterium,R1,159.08,1.41,1.4058718257043383
C036,Chromobacterium,R1,160.08,1.29,1.281186273079412
C036,Chromobacterium,R1,161.08,1.15,1.1516660358232298
C036,Chromobacterium,R1,162.08,1.02,1.0172938530806437
C036,Chromobacterium,R1,163.08,0.9,0.8783290808977899
C036,Chromobacterium,R1,164.08,0.76,0.7354853737093906
C037,Chromobacterium,R2,57.07,6.25,6.240498974407693
C037,Chromobacterium,R2,58.07,6.25,6.24028166399694
C037,Chromobacterium,R2,59.07,6.25,6.237183473352648
C037,Chromobacterium,R2,60.07,6.23,6.230912140508802
C037,Chromobacterium,R2,61.07,6.22,6.222225152054845
C037,Chromobacterium,R2,62.07,6.21,6.212142431719082
C037,Chromobacterium,R2,63.07,6.2,6.201604484588804
C037,Chromobacterium,R2,64.07,6.19,6.191234141187254
C037,Chromobacterium,R2,65.07,6.17,6.181456418111354
C037,Chromobacterium,R2,66.07,6.18,6.172222750816799
C037,Chromobacterium,R2,67.07,6.16,6.163354884808943
C037,Chromobacterium,R2,68.07,6.16,6.154629386933009
C037,Chromobacterium,R2,69.07,6.14,6.145847881416718
C037,Chromobacterium,R2,70.07,6.14,6.136957400677904
C037,Chromobacterium,R2,71.07,6.12,6.127860365712839
C037,Chromobacterium,R2,72.07,6.13,6.118135343641428
C037,Chromobacterium,R2,73.07,6.11,6.107411214874962
C037,Chromobacterium,R2,74.07,6.09,6.095841966866626
C037,Chromobacterium,R2,75.07,6.09,6.083722624951599
C037,Chromobacterium,R2,76.07,6.07,6.071387258951102
C037,Chromobacterium,R2,77.07,6.05,6.059179699807878
C037,Chromobacterium,R2,78.07,6.05,6.047369683875518
C037,Chromobacterium,R2,79.07,6.04,6.035930569151037
C037,Chromobacterium,R2,80.07,6.01,6.024688790550217
C037,Chromobacterium,R2,81.07,6.02,6.013179469020514
C037,Chromobacterium,R2,82.07,6.01,6.000919098218612
C037,Chromobacterium,R2,83.07,5.99,5.987640976606426
C037,Chromobacterium,R2,84.07,5.97,5.973258393121647
C037,Chromobacterium,R2,85.07,5.96,5.958187793799827
C037,Chromobacterium,R2,86.07,5.94,5.942916739528781
C037,Chromobacterium,R2,87.07,5.92,5.927714093507464
C037,Chromobacterium,R2,88.07,5.91,5.91265488218137
C037,Chromobacterium,R2,89.07,5.91,5.89725748267097
C037,Chromobacterium,R2,90.07,5.88,5.881022974099337
C037,Chromobacterium,R2,91.07,5.86,5.863939892924968
C037,Chromobacterium,R2,92.07,5.84,5.846118639940214
C037,Chromobacterium,R2,93.07,5.84,5.827617516435933
C037,Chromobacterium,R2,94.07,5.81,5.808286425696995
C037,Chromobacterium,R2,95.07,5.79,5.788099704202748
C037,Chromobacterium,R2,96.07,5.75,5.767737819216429
C037,Chromobacterium,R2,97.07,5.75,5.747785063537053
C037,Chromobacterium,R2,98.07,5.73,5.727734901322878
C037,Chromobacterium,R2,99.07,5.71,5.706901349330559
C037,Chromobacterium,R2,100.07,5.69,5.68497146335114
C037,Chromobacterium,R2,101.07,5.66,5.661805242053041
C037,Chromobacterium,R2,102.07,5.64,5.637581416579844
C037,Chromobacterium,R2,103.07,5.61,5.612584944511167
C037,Chromobacterium,R2,104.07,5.59,5.587206956695642
C037,Chromobacterium,R2,105.07,5.55,5.561751215433659
C037,Chromobacterium,R2,106.07,5.54,5.5360658355636065
C037,Chromobacterium,R2,107.07,5.51,5.509885020058387
C037,Chromobacterium,R2,108.07,5.49,5.482960868319547
C037,Chromobacterium,R2,109.07,5.45,5.4551170654632655
C037,Chromobacterium,R2,110.07,5.44,5.4263186922513915
C037,Chromobacterium,R2,111.07,5.38,5.397024826313842
C037,Chromobacterium,R2,112.07,5.37,5.367680637567759
C037,Chromobacterium,R2,113.07,5.33,5.338181668211119
C037,Chromobacterium,R2,114.07,5.31,5.3081835175634575
C037,Chromobacterium,R2,115.07,5.29,5.276931641149712
C037,Chromobacterium,R2,116.07,5.24,5.243753297236455
C037,Chromobacterium,R2,117.07,5.21,5.208713098851411
C037,Chromobacterium,R2,118.07,5.17,5.172039801928512
C037,Chromobacterium,R2,119.07,5.14,5.133881379265371
C037,Chromobacterium,R2,120.07,5.1,5.094422310719709
C037,Chromobacterium,R2,121.07,5.04,5.054073887526022
C037,Chromobacterium,R2,122.07,5.01,5.013304103762991
C037,Chromobacterium,R2,123.07,4.98,4.972457228221224
C037,Chromobacterium,R2,124.08,4.93,4.93096980424619
C037,Chromobacterium,R2,125.08,4.88,4.889380937520205
C037,Chromobacterium,R2,126.08,4.85,4.8469782142003774
C037,Chromobacterium,R2,127.08,4.81,4.803454995348984
C037,Chromobacterium,R2,128.08,4.76,4.7585142111859575
C037,Chromobacterium,R2,129.08,4.71,4.711935821061628
C037,Chromobacterium,R2,130.08,4.66,4.663798331690213
C037,Chromobacterium,R2,131.08,4.62,4.614230983371309
C037,Chromobacterium,R2,132.08,4.57,4.563267403382163
C037,Chromobacterium,R2,133.08,4.5,4.510991641267615
C037,Chromobacterium,R2,134.08,4.46,4.457785048665224
C037,Chromobacterium,R2,135.08,4.4,4.403980434459009
C037,Chromobacterium,R2,136.08,4.35,4.349419134426037
C037,Chromobacterium,R2,137.08,4.29,4.293819616066655
C037,Chromobacterium,R2,138.08,4.24,4.236861993285694
C037,Chromobacterium,R2,139.08,4.18,4.178072965605954
C037,Chromobacterium,R2,140.08,4.12,4.117025072454822
C037,Chromobacterium,R2,141.08,4.05,4.05362762726006
C037,Chromobacterium,R2,142.08,3.99,3.987857019337148
C037,Chromobacterium,R2,143.08,3.92,3.919621167552
C037,Chromobacterium,R2,144.08,3.85,3.848841767379947
C037,Chromobacterium,R2,145.08,3.78,3.775564091183501
C037,Chromobacterium,R2,146.08,3.7,3.6999456247369906
C037,Chromobacterium,R2,147.08,3.62,3.622469130574797
C037,Chromobacterium,R2,148.08,3.54,3.543634799523183
C037,Chromobacterium,R2,149.08,3.46,3.4636872588158467
C037,Chromobacterium,R2,150.08,3.38,3.382683024070752
C037,Chromobacterium,R2,151.08,3.3,3.300181728035451
C037,Chromobacterium,R2,152.08,3.22,3.215618782739892
C037,Chromobacterium,R2,153.08,3.13,3.1284825329141412
C037,Chromobacterium,R2,154.08,3.04,3.0384730540886977
C037,Chromobacterium,R2,155.08,2.95,2.945446684169618
C037,Chromobacterium,R2,156.08,2.85,2.8496730797647065
C037,Chromobacterium,R2,157.08,2.74,2.7514761149691487
C037,Chromobacterium,R2,158.08,2.66,2.650983215125859
C037,Chromobacterium,R2,159.08,2.54,2.54822857836734
C037,Chromobacterium,R2,160.08,2.45,2.443069942736684
C037,Chromobacterium,R2,161.08,2.33,2.3353396325756575
C037,Chromobacterium,R2,162.08,2.22,2.2249447775101148
C037,Chromobacterium,R2,163.08,2.11,2.1116446198038474
C037,Chromobacterium,R2,164.08,2,1.9945320469883296
C037,Chromobacterium,R2,165.08,1.88,1.8727338324258656
C037,Chromobacterium,R2,166.08,1.75,1.7461786475344512
C037,Chromobacterium,R2,167.08,1.61,1.6149956382459936
C037,Chromobacterium,R2,168.08,1.48,1.479343800801514
C037,Chromobacterium,R2,169.08,1.36,1.3395015326784376
C037,Chromobacterium,R2,170.08,1.2,1.196067533070827
C038,Chromobacterium,R3,57.07,5.71,5.6986030979902225
C038,Chromobacterium,R3,58.07,5.7,5.697410354822869
C038,Chromobacterium,R3,59.07,5.69,5.69459724859366
C038,Chromobacterium,R3,60.07,5.69,5.690559306621545
C038,Chromobacterium,R3,61.07,5.68,5.68537579526231
C038,Chromobacterium,R3,62.07,5.69,5.679046915630941
C038,Chromobacterium,R3,63.07,5.67,5.671655184503743
C038,Chromobacterium,R3,64.07,5.66,5.6636123813022685
C038,Chromobacterium,R3,65.07,5.65,5.655311560369994
C038,Chromobacterium,R3,66.07,5.65,5.646741613092848
C038,Chromobacterium,R3,67.07,5.64,5.637807001440543
C038,Chromobacterium,R3,68.07,5.63,5.628478632675482
C038,Chromobacterium,R3,69.07,5.62,5.618808310362625
C038,Chromobacterium,R3,70.07,5.6,5.609104977984518
C038,Chromobacterium,R3,71.07,5.6,5.5996126571778
C038,Chromobacterium,R3,72.07,5.6,5.590058542277943
C038,Chromobacterium,R3,73.07,5.58,5.580181668299178
C038,Chromobacterium,R3,74.07,5.56,5.57028526027195
C038,Chromobacterium,R3,75.07,5.56,5.560689680601397
C038,Chromobacterium,R3,76.07,5.56,5.551219651175177
C038,Chromobacterium,R3,77.07,5.53,5.541575983751583
C038,Chromobacterium,R3,78.07,5.54,5.531465055160886
C038,Chromobacterium,R3,79.07,5.52,5.520615502521245
C038,Chromobacterium,R3,80.07,5.51,5.508817821374721
C038,Chromobacterium,R3,81.07,5.5,5.496087680671066
C038,Chromobacterium,R3,82.07,5.48,5.4825415932074
C038,Chromobacterium,R3,83.07,5.47,5.468474273762588
C038,Chromobacterium,R3,84.07,5.45,5.45419381278551
C038,Chromobacterium,R3,85.07,5.44,5.439883601423337
C038,Chromobacterium,R3,86.07,5.42,5.4256251907679305
C038,Chromobacterium,R3,87.07,5.42,5.411217470991626
C038,Chromobacterium,R3,88.07,5.39,5.396416153993454
C038,Chromobacterium,R3,89.07,5.39,5.381086899498784
C038,Chromobacterium,R3,90.07,5.37,5.3652349769608785
C038,Chromobacterium,R3,91.07,5.34,5.349314146918246
C038,Chromobacterium,R3,92.07,5.33,5.333890292680699
C038,Chromobacterium,R3,93.07,5.31,5.3192878506371715
C038,Chromobacterium,R3,94.07,5.31,5.304865469493064
C038,Chromobacterium,R3,95.07,5.3,5.289830251869823
C038,Chromobacterium,R3,96.07,5.27,5.273748903736607
C038,Chromobacterium,R3,97.07,5.26,5.256385324145687
C038,Chromobacterium,R3,98.07,5.24,5.237932581134048
C038,Chromobacterium,R3,99.07,5.21,5.218628152026807
C038,Chromobacterium,R3,100.07,5.2,5.198457982316868
C038,Chromobacterium,R3,101.07,5.19,5.177404006433948
C038,Chromobacterium,R3,102.07,5.15,5.155683646387189
C038,Chromobacterium,R3,103.07,5.13,5.13361584779432
C038,Chromobacterium,R3,104.07,5.11,5.111690163128001
C038,Chromobacterium,R3,105.07,5.08,5.090229331119706
C038,Chromobacterium,R3,106.07,5.07,5.068718228681237
C038,Chromobacterium,R3,107.07,5.06,5.046432267269483
C038,Chromobacterium,R3,108.07,5.02,5.022792699840469
C038,Chromobacterium,R3,109.07,5,4.997804145346751
C038,Chromobacterium,R3,110.07,4.97,4.971643122417884
C038,Chromobacterium,R3,111.07,4.95,4.944590382394863
C038,Chromobacterium,R3,112.07,4.91,4.916937580757769
C038,Chromobacterium,R3,113.07,4.88,4.888915756831572
C038,Chromobacterium,R3,114.07,4.87,4.8606379230981664
C038,Chromobacterium,R3,115.07,4.83,4.831805600822219
C038,Chromobacterium,R3,116.07,4.8,4.80205014860088
C038,Chromobacterium,R3,117.07,4.77,4.771133765578465
C038,Chromobacterium,R3,118.07,4.75,4.738889437157241
C038,Chromobacterium,R3,119.07,4.7,4.705302453224151
C038,Chromobacterium,R3,120.07,4.67,4.670443672583434
C038,Chromobacterium,R3,121.07,4.64,4.634573925223846
C038,Chromobacterium,R3,122.07,4.59,4.598001533930276
C038,Chromobacterium,R3,123.07,4.56,4.560967764239403
C038,Chromobacterium,R3,124.08,4.53,4.523067647334227
C038,Chromobacterium,R3,125.08,4.48,4.484993659336284
C038,Chromobacterium,R3,126.08,4.44,4.446463055074969
C038,Chromobacterium,R3,127.08,4.41,4.407478479865052
C038,Chromobacterium,R3,128.08,4.37,4.367546414274476
C038,Chromobacterium,R3,129.08,4.33,4.32615051913075
C038,Chromobacterium,R3,130.08,4.28,4.283179341046431
C038,Chromobacterium,R3,131.08,4.24,4.238620238993066
C038,Chromobacterium,R3,132.08,4.2,4.192450935593129
C038,Chromobacterium,R3,133.08,4.14,4.144740214329687
C038,Chromobacterium,R3,134.08,4.09,4.095930738477213
C038,Chromobacterium,R3,135.08,4.04,4.046361684633477
C038,Chromobacterium,R3,136.08,4,3.995584402897984
C038,Chromobacterium,R3,137.08,3.95,3.9429532867456807
C038,Chromobacterium,R3,138.08,3.89,3.8879928912403603
C038,Chromobacterium,R3,139.08,3.84,3.830908417801233
C038,Chromobacterium,R3,140.08,3.76,3.7721265788652345
C038,Chromobacterium,R3,141.08,3.71,3.712279484584842
C038,Chromobacterium,R3,142.08,3.65,3.651870934471796
C038,Chromobacterium,R3,143.08,3.59,3.590686087759363
C038,Chromobacterium,R3,144.08,3.53,3.5283730883640976
C038,Chromobacterium,R3,145.08,3.47,3.4647506592141464
C038,Chromobacterium,R3,146.08,3.39,3.3996406229940805
C038,Chromobacterium,R3,147.08,3.33,3.33270662240253
C038,Chromobacterium,R3,148.08,3.28,3.2636321372188934
C038,Chromobacterium,R3,149.08,3.19,3.19233817553157
C038,Chromobacterium,R3,150.08,3.12,3.118833567004525
C038,Chromobacterium,R3,151.08,3.03,3.0432408992949664
C038,Chromobacterium,R3,152.08,2.97,2.965711199558422
C038,Chromobacterium,R3,153.08,2.9,2.8863836501669233
C038,Chromobacterium,R3,154.08,2.79,2.8053500543585215
C038,Chromobacterium,R3,155.08,2.72,2.7226060880959193
C038,Chromobacterium,R3,156.08,2.64,2.63781029737438
C038,Chromobacterium,R3,157.08,2.56,2.550558493562291
C038,Chromobacterium,R3,158.08,2.45,2.4605326794879523
C038,Chromobacterium,R3,159.08,2.38,2.3675237383203878
C038,Chromobacterium,R3,160.08,2.27,2.2716718831315554
C038,Chromobacterium,R3,161.08,2.16,2.1731335132788465
C038,Chromobacterium,R3,162.08,2.08,2.071780443358396
C038,Chromobacterium,R3,163.08,1.97,1.9674653694814643
C038,Chromobacterium,R3,164.08,1.86,1.8602490985810973
C038,Chromobacterium,R3,165.08,1.75,1.7501794046894907
C038,Chromobacterium,R3,166.08,1.62,1.6370438194137067
C038,Chromobacterium,R3,167.08,1.54,1.5205648137545105
C038,Chromobacterium,R3,168.08,1.4,1.4005021734066816
C038,Chromobacterium,R3,169.08,1.26,1.2767649428409926
C038,Chromobacterium,R3,170.08,1.16,1.1491893091198593
C038,Chromobacterium,R3,171.08,1.03,1.017170770896195
C038,Chromobacterium,R3,172.08,0.89,0.88033672103290594
C038,Chromobacterium,R3,173.08,0.76,0.7396828176423131
C039,Chromobacterium,R4,62.07,5.92,5.922611359256466
C039,Chromobacterium,R4,63.07,5.93,5.921954809053758
C039,Chromobacterium,R4,64.07,5.93,5.918373758924024
C039,Chromobacterium,R4,65.07,5.92,5.911222742517658
C039,Chromobacterium,R4,66.07,5.9,5.901381190902481
C039,Chromobacterium,R4,67.07,5.88,5.890070573252997
C039,Chromobacterium,R4,68.07,5.87,5.878355613752975
C039,Chromobacterium,R4,69.07,5.86,5.866947216022993
C039,Chromobacterium,R4,70.07,5.87,5.855297746421595
C039,Chromobacterium,R4,71.07,5.85,5.842808629739013
C039,Chromobacterium,R4,72.07,5.82,5.829936061754275
C039,Chromobacterium,R4,73.07,5.81,5.8172631838988345
C039,Chromobacterium,R4,74.07,5.81,5.804826149225078
C039,Chromobacterium,R4,75.07,5.79,5.792485339948338
C039,Chromobacterium,R4,76.07,5.78,5.779945043314845
C039,Chromobacterium,R4,77.07,5.77,5.766870522828547
C039,Chromobacterium,R4,78.07,5.76,5.753040194237093
C039,Chromobacterium,R4,79.07,5.73,5.738685082262934
C039,Chromobacterium,R4,80.07,5.72,5.724031850304262
C039,Chromobacterium,R4,81.07,5.72,5.708837107487459
C039,Chromobacterium,R4,82.07,5.7,5.69292728283375
C039,Chromobacterium,R4,83.07,5.66,5.676878139215571
C039,Chromobacterium,R4,84.07,5.66,5.661261898717762
C039,Chromobacterium,R4,85.07,5.65,5.645887286423611
C039,Chromobacterium,R4,86.07,5.63,5.630391429256288
C039,Chromobacterium,R4,87.07,5.61,5.6144885585000885
C039,Chromobacterium,R4,88.07,5.61,5.59791437639726
C039,Chromobacterium,R4,89.07,5.57,5.580413364660719
C039,Chromobacterium,R4,90.07,5.57,5.561833356331267
C039,Chromobacterium,R4,91.07,5.55,5.542426810290582
C039,Chromobacterium,R4,92.07,5.51,5.52254734188056
C039,Chromobacterium,R4,93.07,5.5,5.502482297458969
C039,Chromobacterium,R4,94.07,5.49,5.482253947447074
C039,Chromobacterium,R4,95.07,5.46,5.461840562530402
C039,Chromobacterium,R4,96.07,5.43,5.4413094903880586
C039,Chromobacterium,R4,97.07,5.43,5.420653732887213
C039,Chromobacterium,R4,98.07,5.4,5.399479831653744
C039,Chromobacterium,R4,99.07,5.38,5.377424341083244
C039,Chromobacterium,R4,100.07,5.35,5.354630326891446
C039,Chromobacterium,R4,101.07,5.33,5.3312669293299155
C039,Chromobacterium,R4,102.07,5.31,5.307101075473404
C039,Chromobacterium,R4,103.07,5.29,5.281932687621939
C039,Chromobacterium,R4,104.07,5.25,5.256095882153501
C039,Chromobacterium,R4,105.07,5.22,5.229934707419214
C039,Chromobacterium,R4,106.07,5.21,5.203298745584857
C039,Chromobacterium,R4,107.07,5.18,5.1759139622698696
C039,Chromobacterium,R4,108.07,5.15,5.14762066927617
C039,Chromobacterium,R4,109.07,5.12,5.118716563135592
C039,Chromobacterium,R4,110.07,5.08,5.0895786838681705
C039,Chromobacterium,R4,111.07,5.06,5.060444060716832
C039,Chromobacterium,R4,112.07,5.03,5.031384633684043
C039,Chromobacterium,R4,113.07,5,5.0019519965875725
C039,Chromobacterium,R4,114.07,4.98,4.97162009219485
C039,Chromobacterium,R4,115.07,4.94,4.940072605256703
C039,Chromobacterium,R4,116.07,4.91,4.907134890842658
C039,Chromobacterium,R4,117.07,4.87,4.872989243313649
C039,Chromobacterium,R4,118.07,4.84,4.837916716253584
C039,Chromobacterium,R4,119.07,4.8,4.802236460846884
C039,Chromobacterium,R4,120.07,4.76,4.7661685999863765
C039,Chromobacterium,R4,121.07,4.73,4.729499045798011
C039,Chromobacterium,R4,122.07,4.69,4.691905157716029
C039,Chromobacterium,R4,123.07,4.66,4.653057872373924
C039,Chromobacterium,R4,124.08,4.62,4.612188537620141
C039,Chromobacterium,R4,125.08,4.57,4.569941547547621
C039,Chromobacterium,R4,126.08,4.52,4.526556200351496
C039,Chromobacterium,R4,127.08,4.48,4.4827499845341965
C039,Chromobacterium,R4,128.08,4.44,4.438772007208253
C039,Chromobacterium,R4,129.08,4.38,4.394623579594175
C039,Chromobacterium,R4,130.08,4.37,4.349783210734254
C039,Chromobacterium,R4,131.08,4.3,4.303747702711053
C039,Chromobacterium,R4,132.08,4.25,4.2566098319464585
C039,Chromobacterium,R4,133.08,4.21,4.208493890911384
C039,Chromobacterium,R4,134.08,4.16,4.159054261933536
C039,Chromobacterium,R4,135.08,4.11,4.107924303713219
C039,Chromobacterium,R4,136.08,4.06,4.055123190584319
C039,Chromobacterium,R4,137.08,4,4.000766550789123
C039,Chromobacterium,R4,138.08,3.94,3.9449795794684652
C039,Chromobacterium,R4,139.08,3.88,3.887925739357402
C039,Chromobacterium,R4,140.08,3.84,3.8296714564693772
C039,Chromobacterium,R4,141.08,3.77,3.7698567423371987
C039,Chromobacterium,R4,142.08,3.71,3.70816765759962
C039,Chromobacterium,R4,143.08,3.65,3.6449008737997852
C039,Chromobacterium,R4,144.08,3.57,3.5804765727822705
C039,Chromobacterium,R4,145.08,3.51,3.5151983666929105
C039,Chromobacterium,R4,146.08,3.45,3.4491795340771665
C039,Chromobacterium,R4,147.08,3.39,3.38188858877768
C039,Chromobacterium,R4,148.08,3.31,3.312759813062083
C039,Chromobacterium,R4,149.08,3.24,3.2417353276007415
C039,Chromobacterium,R4,150.08,3.17,3.1688285752762027
C039,Chromobacterium,R4,151.08,3.09,3.093830449416965
C039,Chromobacterium,R4,152.08,3.03,3.016476205963019
C039,Chromobacterium,R4,153.08,2.93,2.9366118268695245
C039,Chromobacterium,R4,154.08,2.86,2.854526198152299
C039,Chromobacterium,R4,155.08,2.77,2.7706601701314293
C039,Chromobacterium,R4,156.08,2.68,2.6856195462833776
C039,Chromobacterium,R4,157.08,2.59,2.59988539644234
C039,Chromobacterium,R4,158.08,2.52,2.5132749027170322
C039,Chromobacterium,R4,159.08,2.42,2.4254128533834076
C039,Chromobacterium,R4,160.08,2.34,2.3358183491117934
C039,Chromobacterium,R4,161.08,2.24,2.243961882734412
C039,Chromobacterium,R4,162.08,2.16,2.149225203336653
C039,Chromobacterium,R4,163.08,2.06,2.051192505339972
C039,Chromobacterium,R4,164.08,1.94,1.9503465082569489
C039,Chromobacterium,R4,165.08,1.84,1.8472731463620427
C039,Chromobacterium,R4,166.08,1.75,1.7420726878861654
C039,Chromobacterium,R4,167.08,1.63,1.6347239845493267
C039,Chromobacterium,R4,168.08,1.52,1.5251329732244323
C039,Chromobacterium,R4,169.08,1.41,1.4129139313959194
C039,Chromobacterium,R4,170.08,1.3,1.2975404293220065
C039,Chromobacterium,R4,171.08,1.19,1.1782148677444435
C039,Chromobacterium,R4,172.08,1.05,1.0542394200346217
C039,Chromobacterium,R4,173.08,0.94,0.9255865195989171
C039,Chromobacterium,R4,174.08,0.8,0.7926226559542939
C040,Chromobacterium,R5,55.07,5.64,5.632468892404413
C040,Chromobacterium,R5,56.07,5.64,5.6302153484442625
C040,Chromobacterium,R5,57.07,5.62,5.625195823290716
C040,Chromobacterium,R5,58.07,5.62,5.618023264717451
C040,Chromobacterium,R5,59.07,5.61,5.609388523063567
C040,Chromobacterium,R5,60.07,5.59,5.5999419350821515
C040,Chromobacterium,R5,61.07,5.6,5.59009388061683
C040,Chromobacterium,R5,62.07,5.57,5.580194750283851
C040,Chromobacterium,R5,63.07,5.57,5.57052156266383
C040,Chromobacterium,R5,64.07,5.57,5.561057848194816
C040,Chromobacterium,R5,65.07,5.54,5.551738206175926
C040,Chromobacterium,R5,66.07,5.55,5.542594999493121
C040,Chromobacterium,R5,67.07,5.53,5.5336443446262855
C040,Chromobacterium,R5,68.07,5.52,5.524739608844164
C040,Chromobacterium,R5,69.07,5.52,5.515678711804351
C040,Chromobacterium,R5,70.07,5.52,5.506200531930967
C040,Chromobacterium,R5,71.07,5.48,5.496139613550895
C040,Chromobacterium,R5,72.07,5.49,5.485772205835546
C040,Chromobacterium,R5,73.07,5.47,5.475360346357149
C040,Chromobacterium,R5,74.07,5.48,5.464667521446725
C040,Chromobacterium,R5,75.07,5.45,5.45349021328048
C040,Chromobacterium,R5,76.07,5.44,5.442255438656605
C040,Chromobacterium,R5,77.07,5.42,5.431547848028784
C040,Chromobacterium,R5,78.07,5.42,5.421728320173755
C040,Chromobacterium,R5,79.07,5.42,5.412262647160465
C040,Chromobacterium,R5,80.07,5.39,5.402397407540844
C040,Chromobacterium,R5,81.07,5.41,5.391397412506555
C040,Chromobacterium,R5,82.07,5.38,5.378708149089967
C040,Chromobacterium,R5,83.07,5.36,5.364479575046528
C040,Chromobacterium,R5,84.07,5.35,5.349032395686154
C040,Chromobacterium,R5,85.07,5.34,5.332665835813535
C040,Chromobacterium,R5,86.07,5.31,5.315707348978502
C040,Chromobacterium,R5,87.07,5.29,5.298618784216683
C040,Chromobacterium,R5,88.07,5.29,5.281825292709827
C040,Chromobacterium,R5,89.07,5.26,5.26547083873839
C040,Chromobacterium,R5,90.07,5.25,5.249527231880381
C040,Chromobacterium,R5,91.07,5.22,5.233558849805305
C040,Chromobacterium,R5,92.07,5.23,5.217028212205542
C040,Chromobacterium,R5,93.07,5.21,5.199492055601834
C040,Chromobacterium,R5,94.07,5.18,5.1808839838283625
C040,Chromobacterium,R5,95.07,5.16,5.1613630050973285
C040,Chromobacterium,R5,96.07,5.13,5.141612877819573
C040,Chromobacterium,R5,97.07,5.12,5.122204496281656
C040,Chromobacterium,R5,98.07,5.11,5.102732548074387
C040,Chromobacterium,R5,99.07,5.08,5.082631416980859
C040,Chromobacterium,R5,100.07,5.07,5.061670478249034
C040,Chromobacterium,R5,101.07,5.04,5.039793339447725
C040,Chromobacterium,R5,102.07,5.01,5.017305545964284
C040,Chromobacterium,R5,103.07,5,4.994569086579241
C040,Chromobacterium,R5,104.07,4.97,4.971809785827296
C040,Chromobacterium,R5,105.07,4.94,4.949146188342193
C040,Chromobacterium,R5,106.07,4.93,4.926403883399696
C040,Chromobacterium,R5,107.07,4.91,4.903335221436072
C040,Chromobacterium,R5,108.07,4.87,4.879695606381648
C040,Chromobacterium,R5,109.07,4.86,4.855252656142981
C040,Chromobacterium,R5,110.07,4.83,4.829780507044485
C040,Chromobacterium,R5,111.07,4.81,4.803067155105743
C040,Chromobacterium,R5,112.07,4.77,4.774980181388022
C040,Chromobacterium,R5,113.07,4.74,4.74569164742417
C040,Chromobacterium,R5,114.07,4.72,4.715334383692934
C040,Chromobacterium,R5,115.07,4.69,4.6835798159851025
C040,Chromobacterium,R5,116.07,4.66,4.65022853196947
C040,Chromobacterium,R5,117.07,4.6,4.616059171514829
C040,Chromobacterium,R5,118.07,4.58,4.581920209775032
C040,Chromobacterium,R5,119.07,4.55,4.547961410844202
C040,Chromobacterium,R5,120.07,4.51,4.514105476065855
C040,Chromobacterium,R5,121.07,4.48,4.480065566840808
C040,Chromobacterium,R5,122.07,4.45,4.445502459584207
C040,Chromobacterium,R5,123.07,4.41,4.410111990001824
C040,Chromobacterium,R5,124.08,4.37,4.373360971335443
C040,Chromobacterium,R5,125.08,4.34,4.335858008373705
C040,Chromobacterium,R5,126.08,4.3,4.297169565987757
C040,Chromobacterium,R5,127.08,4.25,4.257229231810681
C040,Chromobacterium,R5,128.08,4.22,4.2159610777967345
C040,Chromobacterium,R5,129.08,4.18,4.173346049241671
C040,Chromobacterium,R5,130.08,4.12,4.129602100486025
C040,Chromobacterium,R5,131.08,4.08,4.084889890952509
C040,Chromobacterium,R5,132.08,4.05,4.038903891347744
C040,Chromobacterium,R5,133.08,3.99,3.9913313618348876
C040,Chromobacterium,R5,134.08,3.94,3.942296909119295
C040,Chromobacterium,R5,135.08,3.89,3.8919590351476834
C040,Chromobacterium,R5,136.08,3.84,3.8401744762899765
C040,Chromobacterium,R5,137.08,3.79,3.786724527521914
C040,Chromobacterium,R5,138.08,3.74,3.7315078561986748
C040,Chromobacterium,R5,139.08,3.67,3.6748926191932507
C040,Chromobacterium,R5,140.08,3.61,3.6173106512698325
C040,Chromobacterium,R5,141.08,3.56,3.5589790092396325
C040,Chromobacterium,R5,142.08,3.5,3.4999841651567554
C040,Chromobacterium,R5,143.08,3.44,3.440105029999844
C040,Chromobacterium,R5,144.08,3.38,3.3790856426097227
C040,Chromobacterium,R5,145.08,3.31,3.31683811435135
C040,Chromobacterium,R5,146.08,3.25,3.253151034547229
C040,Chromobacterium,R5,147.08,3.2,3.187150831825874
C040,Chromobacterium,R5,148.08,3.13,3.1181160544637816
C040,Chromobacterium,R5,149.08,3.04,3.046595890023343
C040,Chromobacterium,R5,150.08,2.97,2.973353258662037
C040,Chromobacterium,R5,151.08,2.89,2.898735371631779
C040,Chromobacterium,R5,152.08,2.82,2.822985512958096
C040,Chromobacterium,R5,153.08,2.75,2.7461707772153092
C040,Chromobacterium,R5,154.08,2.67,2.66765350117291
C040,Chromobacterium,R5,155.08,2.59,2.5867648073971643
C040,Chromobacterium,R5,156.08,2.5,2.5034157194462323
C040,Chromobacterium,R5,157.08,2.42,2.417638311440202
C040,Chromobacterium,R5,158.08,2.33,2.329368958754933
C040,Chromobacterium,R5,159.08,2.24,2.2385637499057998
C040,Chromobacterium,R5,160.08,2.14,2.145353324710416
C040,Chromobacterium,R5,161.08,2.05,2.0498402209392905
C040,Chromobacterium,R5,162.08,1.96,1.9518400168722527
C040,Chromobacterium,R5,163.08,1.85,1.8512177346915852
C040,Chromobacterium,R5,164.08,1.74,1.748323131680096
C040,Chromobacterium,R5,165.08,1.64,1.6434575840864862
C040,Chromobacterium,R5,166.08,1.54,1.5362442089225588
C040,Chromobacterium,R5,167.08,1.42,1.4261365583908778
C040,Chromobacterium,R5,168.08,1.32,1.3125786321515944
C040,Chromobacterium,R5,169.08,1.2,1.1949762196951512
C040,Chromobacterium,R5,170.08,1.08,1.0729122955310517
C040,Chromobacterium,R5,171.08,0.94,0.9467167844146857
C040,Chromobacterium,R5,172.08,0.83,0.816958583537232
C041,Chryseobacterium,R1,53.07,6.15,6.139920640995751
C041,Chryseobacterium,R1,54.07,6.14,6.13873314796307
C041,Chryseobacterium,R1,55.07,6.14,6.135578502331435
C041,Chryseobacterium,R1,56.07,6.13,6.130971282989716
C041,Chryseobacterium,R1,57.07,6.12,6.125630954932152
C041,Chryseobacterium,R1,58.07,6.12,6.120219555243409
C041,Chryseobacterium,R1,59.07,6.11,6.114964523264507
C041,Chryseobacterium,R1,60.07,6.11,6.10994711571241
C041,Chryseobacterium,R1,61.07,6.11,6.105098456551496
C041,Chryseobacterium,R1,62.07,6.1,6.1003121365579895
C041,Chryseobacterium,R1,63.07,6.09,6.095495486702041
C041,Chryseobacterium,R1,64.07,6.09,6.090610798729509
C041,Chryseobacterium,R1,65.07,6.09,6.085576800719437
C041,Chryseobacterium,R1,66.07,6.08,6.080083005307925
C041,Chryseobacterium,R1,67.07,6.08,6.0738952171186185
C041,Chryseobacterium,R1,68.07,6.07,6.0673136241683014
C041,Chryseobacterium,R1,69.07,6.05,6.060757317025582
C041,Chryseobacterium,R1,70.07,6.05,6.054586613073244
C041,Chryseobacterium,R1,71.07,6.05,6.0489704116878
C041,Chryseobacterium,R1,72.07,6.05,6.043370713406518
C041,Chryseobacterium,R1,73.07,6.04,6.037240646333787
C041,Chryseobacterium,R1,74.07,6.03,6.030704747681692
C041,Chryseobacterium,R1,75.07,6.02,6.024027218048719
C041,Chryseobacterium,R1,76.07,6.02,6.017359502471261
C041,Chryseobacterium,R1,77.07,6.01,6.010824857095185
C041,Chryseobacterium,R1,78.07,6,6.004507744431955
C041,Chryseobacterium,R1,79.07,6,5.998337452455412
C041,Chryseobacterium,R1,80.07,5.99,5.992169436810291
C041,Chryseobacterium,R1,81.07,5.99,5.98571899836252
C041,Chryseobacterium,R1,82.07,5.98,5.9787166870514605
C041,Chryseobacterium,R1,83.07,5.97,5.971094203889044
C041,Chryseobacterium,R1,84.07,5.97,5.962905769032789
C041,Chryseobacterium,R1,85.07,5.95,5.95449452815001
C041,Chryseobacterium,R1,86.07,5.94,5.946221026533983
C041,Chryseobacterium,R1,87.07,5.94,5.938226482472013
C041,Chryseobacterium,R1,88.07,5.93,5.930517897659569
C041,Chryseobacterium,R1,89.07,5.92,5.922784734430734
C041,Chryseobacterium,R1,90.07,5.92,5.914709685874193
C041,Chryseobacterium,R1,91.07,5.91,5.906265907458436
C041,Chryseobacterium,R1,92.07,5.9,5.897499170246901
C041,Chryseobacterium,R1,93.07,5.88,5.888511677275838
C041,Chryseobacterium,R1,94.07,5.88,5.8796313594727385
C041,Chryseobacterium,R1,95.07,5.87,5.8711164843308215
C041,Chryseobacterium,R1,96.07,5.86,5.8627209377149505
C041,Chryseobacterium,R1,97.07,5.86,5.854110570261329
C041,Chryseobacterium,R1,98.07,5.85,5.845103473319851
C041,Chryseobacterium,R1,99.07,5.83,5.835627495873913
C041,Chryseobacterium,R1,100.07,5.82,5.825897276727255
C041,Chryseobacterium,R1,101.07,5.82,5.81606073314792
C041,Chryseobacterium,R1,102.07,5.81,5.8057121064408355
C041,Chryseobacterium,R1,103.07,5.8,5.794513398032246
C041,Chryseobacterium,R1,104.07,5.78,5.782951325796809
C041,Chryseobacterium,R1,105.07,5.77,5.771601796747292
C041,Chryseobacterium,R1,106.07,5.75,5.760572758000559
C041,Chryseobacterium,R1,107.07,5.75,5.749855166699478
C041,Chryseobacterium,R1,108.07,5.75,5.739386631385332
C041,Chryseobacterium,R1,109.07,5.73,5.728891366193008
C041,Chryseobacterium,R1,110.07,5.71,5.718119361408756
C041,Chryseobacterium,R1,111.07,5.71,5.707137106330604
C041,Chryseobacterium,R1,112.07,5.7,5.696069854898665
C041,Chryseobacterium,R1,113.07,5.68,5.6849614206095715
C041,Chryseobacterium,R1,114.07,5.67,5.673782130938737
C041,Chryseobacterium,R1,115.07,5.67,5.662289809720181
C041,Chryseobacterium,R1,116.07,5.65,5.650269288018513
C041,Chryseobacterium,R1,117.07,5.64,5.637825929462116
C041,Chryseobacterium,R1,118.07,5.62,5.625128632415115
C041,Chryseobacterium,R1,119.07,5.61,5.612279901620847
C041,Chryseobacterium,R1,120.07,5.6,5.599314824599328
C041,Chryseobacterium,R1,121.07,5.59,5.586065213598112
C041,Chryseobacterium,R1,122.07,5.57,5.572312062046635
C041,Chryseobacterium,R1,123.07,5.56,5.557898263274969
C041,Chryseobacterium,R1,124.08,5.55,5.542762107027162
C041,Chryseobacterium,R1,125.08,5.52,5.527392423844497
C041,Chryseobacterium,R1,126.08,5.51,5.511971532138487
C041,Chryseobacterium,R1,127.08,5.5,5.496810418304755
C041,Chryseobacterium,R1,128.08,5.48,5.482003898311038
C041,Chryseobacterium,R1,129.08,5.46,5.467535834229975
C041,Chryseobacterium,R1,130.08,5.46,5.453162442981704
C041,Chryseobacterium,R1,131.08,5.44,5.4386120386267125
C041,Chryseobacterium,R1,132.08,5.42,5.423728968939403
C041,Chryseobacterium,R1,133.08,5.41,5.408397612959039
C041,Chryseobacterium,R1,134.08,5.4,5.392546441070413
C041,Chryseobacterium,R1,135.08,5.37,5.3761507988364015
C041,Chryseobacterium,R1,136.08,5.36,5.35932944118669
C041,Chryseobacterium,R1,137.08,5.34,5.342236975392666
C041,Chryseobacterium,R1,138.08,5.33,5.325003044313073
C041,Chryseobacterium,R1,139.08,5.3,5.30765743315607
C041,Chryseobacterium,R1,140.08,5.29,5.290149504764637
C041,Chryseobacterium,R1,141.08,5.28,5.272206790171635
C041,Chryseobacterium,R1,142.08,5.25,5.253585966081353
C041,Chryseobacterium,R1,143.08,5.24,5.23438212369389
C041,Chryseobacterium,R1,144.08,5.21,5.214776148522567
C041,Chryseobacterium,R1,145.08,5.19,5.19495368883777
C041,Chryseobacterium,R1,146.08,5.18,5.175040990517923
C041,Chryseobacterium,R1,147.08,5.16,5.154921927116534
C041,Chryseobacterium,R1,148.08,5.13,5.134512601600173
C041,Chryseobacterium,R1,149.08,5.11,5.114100406912576
C041,Chryseobacterium,R1,150.08,5.09,5.093928559197338
C041,Chryseobacterium,R1,151.08,5.08,5.073692277420338
C041,Chryseobacterium,R1,152.08,5.05,5.052949781253025
C041,Chryseobacterium,R1,153.08,5.04,5.031363607027317
C041,Chryseobacterium,R1,154.08,5.01,5.0090135577170125
C041,Chryseobacterium,R1,155.08,4.98,4.98611376914845
C041,Chryseobacterium,R1,156.08,4.96,4.962998441916279
C041,Chryseobacterium,R1,157.08,4.94,4.939898583373317
C041,Chryseobacterium,R1,158.08,4.92,4.9165123631367464
C041,Chryseobacterium,R1,159.08,4.9,4.892555610539638
C041,Chryseobacterium,R1,160.08,4.86,4.868347631514206
C041,Chryseobacterium,R1,161.08,4.84,4.844243708280021
C041,Chryseobacterium,R1,162.08,4.82,4.820139551606908
C041,Chryseobacterium,R1,163.08,4.8,4.795811233318262
C041,Chryseobacterium,R1,164.08,4.77,4.771015840901498
C041,Chryseobacterium,R1,165.08,4.75,4.745527462898421
C041,Chryseobacterium,R1,166.08,4.71,4.719207176404416
C041,Chryseobacterium,R1,167.08,4.7,4.691937805653252
C041,Chryseobacterium,R1,168.08,4.67,4.663680551836712
C041,Chryseobacterium,R1,169.08,4.63,4.6347101239786355
C041,Chryseobacterium,R1,170.08,4.6,4.605357923428504
C041,Chryseobacterium,R1,171.08,4.58,4.575868613006306
C041,Chryseobacterium,R1,172.08,4.54,4.546396198634076
C041,Chryseobacterium,R1,173.08,4.52,4.516818797171534
C041,Chryseobacterium,R1,174.08,4.49,4.4869713619422775
C041,Chryseobacterium,R1,175.08,4.45,4.456792081187752
C041,Chryseobacterium,R1,176.08,4.43,4.426213855690237
C041,Chryseobacterium,R1,177.08,4.4,4.395045201477537
C041,Chryseobacterium,R1,178.08,4.36,4.3631519319272725
C041,Chryseobacterium,R1,179.1,4.33,4.330102425140453
C041,Chryseobacterium,R1,180.1,4.29,4.297402735352152
C041,Chryseobacterium,R1,181.1,4.27,4.264201918752752
C041,Chryseobacterium,R1,182.1,4.23,4.230190139646137
C041,Chryseobacterium,R1,183.1,4.2,4.195136661060472
C041,Chryseobacterium,R1,184.1,4.16,4.159127140921062
C041,Chryseobacterium,R1,185.1,4.12,4.122354222433862
C041,Chryseobacterium,R1,186.1,4.08,4.085122095030267
C041,Chryseobacterium,R1,187.1,4.05,4.04767735236141
C041,Chryseobacterium,R1,188.1,4.01,4.009924658731882
C041,Chryseobacterium,R1,189.1,3.97,3.9717005669269807
C041,Chryseobacterium,R1,190.1,3.94,3.9329111130013126
C041,Chryseobacterium,R1,191.1,3.89,3.89354692335839
C041,Chryseobacterium,R1,192.1,3.85,3.8538675025279976
C041,Chryseobacterium,R1,193.1,3.81,3.814056457293009
C041,Chryseobacterium,R1,194.1,3.78,3.773724925322382
C041,Chryseobacterium,R1,195.1,3.73,3.73244556306385
C041,Chryseobacterium,R1,196.1,3.7,3.690209571194209
C041,Chryseobacterium,R1,197.1,3.64,3.647112786447512
C041,Chryseobacterium,R1,198.1,3.6,3.603223785799748
C041,Chryseobacterium,R1,199.1,3.56,3.558502107194631
C041,Chryseobacterium,R1,200.1,3.52,3.512909157870992
C041,Chryseobacterium,R1,201.1,3.46,3.466522861280375
C041,Chryseobacterium,R1,202.1,3.42,3.419418843614136
C041,Chryseobacterium,R1,203.1,3.37,3.3715470258101545
C042,Chryseobacterium,R2,63.07,5.98,5.9705481166046
C042,Chryseobacterium,R2,64.07,5.97,5.970187639301491
C042,Chryseobacterium,R2,65.07,5.97,5.968247613800748
C042,Chryseobacterium,R2,66.07,5.97,5.965085480473408
C042,Chryseobacterium,R2,67.07,5.95,5.961176935175815
C042,Chryseobacterium,R2,68.07,5.96,5.956857307004898
C042,Chryseobacterium,R2,69.07,5.95,5.952358166872858
C042,Chryseobacterium,R2,70.07,5.95,5.947636419712376
C042,Chryseobacterium,R2,71.07,5.94,5.942594602183991
C042,Chryseobacterium,R2,72.07,5.94,5.9371924438391694
C042,Chryseobacterium,R2,73.07,5.93,5.931409347534416
C042,Chryseobacterium,R2,74.07,5.93,5.9252462164554665
C042,Chryseobacterium,R2,75.07,5.92,5.918778579875168
C042,Chryseobacterium,R2,76.07,5.91,5.912358971085606
C042,Chryseobacterium,R2,77.07,5.9,5.906409174383677
C042,Chryseobacterium,R2,78.07,5.9,5.901219546476381
C042,Chryseobacterium,R2,79.07,5.9,5.89655473371114
C042,Chryseobacterium,R2,80.07,5.89,5.892085837370993
C042,Chryseobacterium,R2,81.07,5.89,5.887635488841008
C042,Chryseobacterium,R2,82.07,5.88,5.88303851625966
C042,Chryseobacterium,R2,83.07,5.88,5.87802700467697
C042,Chryseobacterium,R2,84.07,5.88,5.872386400786842
C042,Chryseobacterium,R2,85.07,5.86,5.866218340947107
C042,Chryseobacterium,R2,86.07,5.86,5.859674799936185
C042,Chryseobacterium,R2,87.07,5.85,5.852792916550893
C042,Chryseobacterium,R2,88.07,5.85,5.845575129132893
C042,Chryseobacterium,R2,89.07,5.84,5.837999910184857
C042,Chryseobacterium,R2,90.07,5.83,5.830089867197345
C042,Chryseobacterium,R2,91.07,5.82,5.822068113451466
C042,Chryseobacterium,R2,92.07,5.81,5.8142078886759645
C042,Chryseobacterium,R2,93.07,5.81,5.806719538117618
C042,Chryseobacterium,R2,94.07,5.8,5.7995618290953415
C042,Chryseobacterium,R2,95.07,5.79,5.7926317649029855
C042,Chryseobacterium,R2,96.07,5.78,5.785830870662023
C042,Chryseobacterium,R2,97.07,5.79,5.779047540029905
C042,Chryseobacterium,R2,98.07,5.77,5.772113118980408
C042,Chryseobacterium,R2,99.07,5.76,5.764880818746113
C042,Chryseobacterium,R2,100.07,5.76,5.7573483592785175
C042,Chryseobacterium,R2,101.07,5.75,5.749505185974572
C042,Chryseobacterium,R2,102.07,5.74,5.741163137294129
C042,Chryseobacterium,R2,103.07,5.74,5.732185509187208
C042,Chryseobacterium,R2,104.07,5.72,5.722819034501639
C042,Chryseobacterium,R2,105.07,5.71,5.713359608116539
C042,Chryseobacterium,R2,106.07,5.7,5.703916336138437
C042,Chryseobacterium,R2,107.07,5.7,5.694551627480709
C042,Chryseobacterium,R2,108.07,5.68,5.685278795780147
C042,Chryseobacterium,R2,109.07,5.68,5.675914773567187
C042,Chryseobacterium,R2,110.07,5.67,5.666293822046579
C042,Chryseobacterium,R2,111.07,5.65,5.6565158982266315
C042,Chryseobacterium,R2,112.07,5.65,5.646712194537165
C042,Chryseobacterium,R2,113.07,5.63,5.636873149290461
C042,Chryseobacterium,R2,114.07,5.63,5.626889364481606
C042,Chryseobacterium,R2,115.07,5.62,5.616392850954422
C042,Chryseobacterium,R2,116.07,5.61,5.60507603007212
C042,Chryseobacterium,R2,117.07,5.59,5.5931315564266875
C042,Chryseobacterium,R2,118.07,5.58,5.580870728864091
C042,Chryseobacterium,R2,119.07,5.57,5.568579190017436
C042,Chryseobacterium,R2,120.07,5.55,5.556491543269153
C042,Chryseobacterium,R2,121.07,5.55,5.544663891211798
C042,Chryseobacterium,R2,122.07,5.53,5.5331077112404685
C042,Chryseobacterium,R2,123.07,5.52,5.521806081593503
C042,Chryseobacterium,R2,124.08,5.51,5.510516796568867
C042,Chryseobacterium,R2,125.08,5.5,5.499269839190548
C042,Chryseobacterium,R2,126.08,5.49,5.487627553476143
C042,Chryseobacterium,R2,127.08,5.48,5.475324728795511
C042,Chryseobacterium,R2,128.08,5.46,5.462470726201467
C042,Chryseobacterium,R2,129.08,5.45,5.449265309950703
C042,Chryseobacterium,R2,130.08,5.43,5.435895285432476
C042,Chryseobacterium,R2,131.08,5.43,5.4225122966701464
C042,Chryseobacterium,R2,132.08,5.4,5.409140301090946
C042,Chryseobacterium,R2,133.08,5.4,5.395741477873904
C042,Chryseobacterium,R2,134.08,5.38,5.382158579801391
C042,Chryseobacterium,R2,135.08,5.37,5.36819810358544
C042,Chryseobacterium,R2,136.08,5.35,5.353640948053389
C042,Chryseobacterium,R2,137.08,5.35,5.338261612561402
C042,Chryseobacterium,R2,138.08,5.32,5.321953207657783
C042,Chryseobacterium,R2,139.08,5.3,5.30508328865942
C042,Chryseobacterium,R2,140.08,5.29,5.288077116512852
C042,Chryseobacterium,R2,141.08,5.27,5.271116329914701
C042,Chryseobacterium,R2,142.08,5.25,5.25428265322057
C042,Chryseobacterium,R2,143.08,5.24,5.237501775671926
C042,Chryseobacterium,R2,144.08,5.22,5.220659194768948
C042,Chryseobacterium,R2,145.08,5.21,5.203635676160812
C042,Chryseobacterium,R2,146.08,5.18,5.1863618789120505
C042,Chryseobacterium,R2,147.08,5.17,5.168972767599648
C042,Chryseobacterium,R2,148.08,5.15,5.151575827843161
C042,Chryseobacterium,R2,149.08,5.13,5.133964323919958
C042,Chryseobacterium,R2,150.08,5.12,5.115859973068034
C042,Chryseobacterium,R2,151.08,5.1,5.097012525710039
C042,Chryseobacterium,R2,152.08,5.08,5.077178740564798
C042,Chryseobacterium,R2,153.08,5.06,5.056262060250848
C042,Chryseobacterium,R2,154.08,5.03,5.034752662985615
C042,Chryseobacterium,R2,155.08,5.01,5.013203249416135
C042,Chryseobacterium,R2,156.08,4.99,4.991829874308999
C042,Chryseobacterium,R2,157.08,4.97,4.9706915491669434
C042,Chryseobacterium,R2,158.08,4.95,4.94955575831774
C042,Chryseobacterium,R2,159.08,4.93,4.928151828604574
C042,Chryseobacterium,R2,160.08,4.91,4.9063479841072795
C042,Chryseobacterium,R2,161.08,4.88,4.884074019193723
C042,Chryseobacterium,R2,162.08,4.86,4.861367112147285
C042,Chryseobacterium,R2,163.08,4.84,4.83826349093213
C042,Chryseobacterium,R2,164.08,4.82,4.814688198320091
C042,Chryseobacterium,R2,165.08,4.79,4.7905925985755085
C042,Chryseobacterium,R2,166.08,4.76,4.7661445271251175
C042,Chryseobacterium,R2,167.08,4.74,4.741565937186247
C042,Chryseobacterium,R2,168.08,4.72,4.71698040176176
C042,Chryseobacterium,R2,169.08,4.69,4.692117972996624
C042,Chryseobacterium,R2,170.08,4.67,4.666670557963708
C042,Chryseobacterium,R2,171.08,4.64,4.6405710043053645
C042,Chryseobacterium,R2,172.08,4.61,4.613783880009564
C042,Chryseobacterium,R2,173.08,4.59,4.586159693877251
C042,Chryseobacterium,R2,174.08,4.56,4.5575557060264424
C042,Chryseobacterium,R2,175.08,4.53,4.527970241030437
C042,Chryseobacterium,R2,176.08,4.5,4.497535220650587
C042,Chryseobacterium,R2,177.08,4.46,4.466775890945157
C042,Chryseobacterium,R2,178.08,4.43,4.436166068971208
C042,Chryseobacterium,R2,179.1,4.41,4.404967179850648
C042,Chryseobacterium,R2,180.1,4.37,4.374134673913416
C042,Chryseobacterium,R2,181.1,4.35,4.342840281294829
C042,Chryseobacterium,R2,182.1,4.31,4.310878313813236
C042,Chryseobacterium,R2,183.1,4.28,4.27812581755302
C042,Chryseobacterium,R2,184.1,4.24,4.24479077566273
C042,Chryseobacterium,R2,185.1,4.21,4.211081736267997
C042,Chryseobacterium,R2,186.1,4.18,4.176878570338651
C042,Chryseobacterium,R2,187.1,4.14,4.142002217655071
C042,Chryseobacterium,R2,188.1,4.11,4.106366570395615
C042,Chryseobacterium,R2,189.1,4.07,4.069939811021983
C042,Chryseobacterium,R2,190.1,4.03,4.0328143307312185
C042,Chryseobacterium,R2,191.1,4,3.9951160888517374
C042,Chryseobacterium,R2,192.1,3.95,3.956981108502061
C042,Chryseobacterium,R2,193.1,3.92,3.9184998730632694
C042,Chryseobacterium,R2,194.1,3.88,3.879570643176558
C042,Chryseobacterium,R2,195.1,3.84,3.8400508701565927
C042,Chryseobacterium,R2,196.1,3.8,3.7998269907518374
C042,Chryseobacterium,R2,197.1,3.76,3.7587926880691973
C042,Chryseobacterium,R2,198.1,3.72,3.716888639713541
C042,Chryseobacterium,R2,199.1,3.67,3.6742435012815644
C042,Chryseobacterium,R2,200.1,3.63,3.630991760545211
C042,Chryseobacterium,R2,201.1,3.59,3.587103255985551
C042,Chryseobacterium,R2,202.1,3.54,3.5425163872748646
C042,Chryseobacterium,R2,203.1,3.5,3.497208448141081
C042,Chryseobacterium,R2,204.1,3.45,3.451173318650222
C043,Chryseobacterium,R3,66.07,5.94,5.932786853099555
C043,Chryseobacterium,R3,67.07,5.94,5.932617469822707
C043,Chryseobacterium,R3,68.07,5.93,5.930865987870586
C043,Chryseobacterium,R3,69.07,5.93,5.927583378644758
C043,Chryseobacterium,R3,70.07,5.92,5.923197874792279
C043,Chryseobacterium,R3,71.07,5.92,5.918217175657908
C043,Chryseobacterium,R3,72.07,5.91,5.913089586131733
C043,Chryseobacterium,R3,73.07,5.9,5.908140174692575
C043,Chryseobacterium,R3,74.07,5.91,5.903260458628827
C043,Chryseobacterium,R3,75.07,5.9,5.898271959287193
C043,Chryseobacterium,R3,76.07,5.89,5.89314976543803
C043,Chryseobacterium,R3,77.07,5.89,5.887907357707603
C043,Chryseobacterium,R3,78.07,5.88,5.882555156297529
C043,Chryseobacterium,R3,79.07,5.88,5.877091339710778
C043,Chryseobacterium,R3,80.07,5.87,5.871502650103707
C043,Chryseobacterium,R3,81.07,5.86,5.865742325944831
C043,Chryseobacterium,R3,82.07,5.87,5.85974450493778
C043,Chryseobacterium,R3,83.07,5.85,5.853400425414482
C043,Chryseobacterium,R3,84.07,5.85,5.846669417861186
C043,Chryseobacterium,R3,85.07,5.84,5.839826080753098
C043,Chryseobacterium,R3,86.07,5.83,5.833216867047693
C043,Chryseobacterium,R3,87.07,5.82,5.827160379642543
C043,Chryseobacterium,R3,88.07,5.82,5.821786878208077
C043,Chryseobacterium,R3,89.07,5.82,5.816501099566064
C043,Chryseobacterium,R3,90.07,5.82,5.810669781970544
C043,Chryseobacterium,R3,91.07,5.8,5.8042331922533235
C043,Chryseobacterium,R3,92.07,5.8,5.797274979390648
C043,Chryseobacterium,R3,93.07,5.79,5.789933076535468
C043,Chryseobacterium,R3,94.07,5.78,5.782562553547521
C043,Chryseobacterium,R3,95.07,5.77,5.775481343630359
C043,Chryseobacterium,R3,96.07,5.77,5.768641696655971
C043,Chryseobacterium,R3,97.07,5.76,5.761855327240476
C043,Chryseobacterium,R3,98.07,5.76,5.754737492308069
C043,Chryseobacterium,R3,99.07,5.75,5.746948426599634
C043,Chryseobacterium,R3,100.07,5.74,5.738524733814719
C043,Chryseobacterium,R3,101.07,5.73,5.72968101128726
C043,Chryseobacterium,R3,102.07,5.72,5.720967461930031
C043,Chryseobacterium,R3,103.07,5.7,5.7128668642599125
C043,Chryseobacterium,R3,104.07,5.71,5.70525669363135
C043,Chryseobacterium,R3,105.07,5.7,5.697863390846664
C043,Chryseobacterium,R3,106.07,5.69,5.690414561662128
C043,Chryseobacterium,R3,107.07,5.69,5.682638103072506
C043,Chryseobacterium,R3,108.07,5.67,5.674359074385836
C043,Chryseobacterium,R3,109.07,5.66,5.665791184163251
C043,Chryseobacterium,R3,110.07,5.66,5.657129266607481
C043,Chryseobacterium,R3,111.07,5.65,5.6481040092345225
C043,Chryseobacterium,R3,112.07,5.64,5.638404313118173
C043,Chryseobacterium,R3,113.07,5.63,5.628016080250162
C043,Chryseobacterium,R3,114.07,5.62,5.617072049016785
C043,Chryseobacterium,R3,115.07,5.6,5.605995302464661
C043,Chryseobacterium,R3,116.07,5.59,5.5951722186776935
C043,Chryseobacterium,R3,117.07,5.59,5.584552011228579
C043,Chryseobacterium,R3,118.07,5.57,5.573979761246078
C043,Chryseobacterium,R3,119.07,5.57,5.563321184594384
C043,Chryseobacterium,R3,120.07,5.55,5.552484260038483
C043,Chryseobacterium,R3,121.07,5.54,5.541525383211102
C043,Chryseobacterium,R3,122.07,5.53,5.5305380539619025
C043,Chryseobacterium,R3,123.07,5.52,5.5195704419263985
C043,Chryseobacterium,R3,124.08,5.51,5.508377408689417
C043,Chryseobacterium,R3,125.08,5.5,5.497074238721026
C043,Chryseobacterium,R3,126.08,5.48,5.485740559076992
C043,Chryseobacterium,R3,127.08,5.47,5.474537539086058
C043,Chryseobacterium,R3,128.08,5.47,5.4632182630667305
C043,Chryseobacterium,R3,129.08,5.45,5.451470000471715
C043,Chryseobacterium,R3,130.08,5.44,5.439124846300744
C043,Chryseobacterium,R3,131.08,5.43,5.426098541350439
C043,Chryseobacterium,R3,132.08,5.41,5.412496584057972
C043,Chryseobacterium,R3,133.08,5.4,5.398467850297159
C043,Chryseobacterium,R3,134.08,5.38,5.3841449680478695
C043,Chryseobacterium,R3,135.08,5.37,5.3696437336312615
C043,Chryseobacterium,R3,136.08,5.36,5.355028864627605
C043,Chryseobacterium,R3,137.08,5.34,5.34035230893195
C043,Chryseobacterium,R3,138.08,5.32,5.325678583279255
C043,Chryseobacterium,R3,139.08,5.31,5.311122479764104
C043,Chryseobacterium,R3,140.08,5.3,5.296746405824873
C043,Chryseobacterium,R3,141.08,5.28,5.282352954915443
C043,Chryseobacterium,R3,142.08,5.27,5.267710575154513
C043,Chryseobacterium,R3,143.08,5.25,5.252710947304525
C043,Chryseobacterium,R3,144.08,5.24,5.237254374420476
C043,Chryseobacterium,R3,145.08,5.22,5.2211524160838305
C043,Chryseobacterium,R3,146.08,5.21,5.204271318608368
C043,Chryseobacterium,R3,147.08,5.19,5.186784818710678
C043,Chryseobacterium,R3,148.08,5.16,5.168957695819274
C043,Chryseobacterium,R3,149.08,5.15,5.151111409807562
C043,Chryseobacterium,R3,150.08,5.13,5.13346019212207
C043,Chryseobacterium,R3,151.08,5.12,5.1157326800569045
C043,Chryseobacterium,R3,152.08,5.1,5.097536112368084
C043,Chryseobacterium,R3,153.08,5.08,5.0785750483139225
C043,Chryseobacterium,R3,154.08,5.06,5.0589433291619805
C043,Chryseobacterium,R3,155.08,5.04,5.038858983351277
C043,Chryseobacterium,R3,156.08,5.01,5.018647505997443
C043,Chryseobacterium,R3,157.08,5,4.998545333545365
C043,Chryseobacterium,R3,158.08,4.98,4.978325201080356
C043,Chryseobacterium,R3,159.08,4.96,4.957711536986124
C043,Chryseobacterium,R3,160.08,4.94,4.936699244199531
C043,Chryseobacterium,R3,161.08,4.91,4.915375159468476
C043,Chryseobacterium,R3,162.08,4.89,4.893923380231856
C043,Chryseobacterium,R3,163.08,4.87,4.8724178526476845
C043,Chryseobacterium,R3,164.08,4.86,4.850394657059428
C043,Chryseobacterium,R3,165.08,4.83,4.8273971066822154
C043,Chryseobacterium,R3,166.08,4.8,4.803535312032381
C043,Chryseobacterium,R3,167.08,4.78,4.7790610829515545
C043,Chryseobacterium,R3,168.08,4.76,4.754267684024015
C043,Chryseobacterium,R3,169.08,4.72,4.729614198804629
C043,Chryseobacterium,R3,170.08,4.7,4.705461647202482
C043,Chryseobacterium,R3,171.08,4.68,4.681612975572938
C043,Chryseobacterium,R3,172.08,4.66,4.65765769790846
C043,Chryseobacterium,R3,173.08,4.64,4.632889672303592
C043,Chryseobacterium,R3,174.08,4.61,4.606704988234298
C043,Chryseobacterium,R3,175.08,4.58,4.57920431660012
C043,Chryseobacterium,R3,176.08,4.55,4.550697762033561
C043,Chryseobacterium,R3,177.08,4.52,4.5216285826753975
C043,Chryseobacterium,R3,178.08,4.49,4.492412302418726
C043,Chryseobacterium,R3,179.1,4.46,4.462637522195058
C043,Chryseobacterium,R3,180.1,4.43,4.433518048105009
C043,Chryseobacterium,R3,181.1,4.41,4.404249392370101
C043,Chryseobacterium,R3,182.1,4.38,4.374545421865119
C043,Chryseobacterium,R3,183.1,4.34,4.344237986064107
C043,Chryseobacterium,R3,184.1,4.31,4.31363086483815
C043,Chryseobacterium,R3,185.1,4.28,4.2829859563222294
C043,Chryseobacterium,R3,186.1,4.25,4.251925701309885
C043,Chryseobacterium,R3,187.1,4.23,4.219969732860782
C043,Chryseobacterium,R3,188.1,4.19,4.186865910440543
C043,Chryseobacterium,R3,189.1,4.15,4.152523730338073
C043,Chryseobacterium,R3,190.1,4.11,4.117271009729433
C043,Chryseobacterium,R3,191.1,4.09,4.0814597229398775
C043,Chryseobacterium,R3,192.1,4.04,4.0451201520042614
C043,Chryseobacterium,R3,193.1,4.01,4.008229295626005
C043,Chryseobacterium,R3,194.1,3.97,3.9708727114731737
C043,Chryseobacterium,R3,195.1,3.93,3.93313482607077
C043,Chryseobacterium,R3,196.1,3.9,3.8949869824068677
C043,Chryseobacterium,R3,197.1,3.85,3.8563722525853077
C043,Chryseobacterium,R3,198.1,3.82,3.8172003294105723
C043,Chryseobacterium,R3,199.1,3.78,3.777247388489684
C043,Chryseobacterium,R3,200.1,3.74,3.7363541581403834
C043,Chryseobacterium,R3,201.1,3.69,3.6947530947207152
C043,Chryseobacterium,R3,202.1,3.65,3.6527031896097757
C043,Chryseobacterium,R3,203.1,3.61,3.6101778462305574
C043,Chryseobacterium,R3,204.1,3.57,3.5670658985231687
C044,Chryseobacterium,R4,64.07,5.76,5.7603353195276386
C044,Chryseobacterium,R4,65.07,5.76,5.758585181741173
C044,Chryseobacterium,R4,66.07,5.75,5.755476325496969
C044,Chryseobacterium,R4,67.07,5.75,5.751668411161015
C044,Chryseobacterium,R4,68.07,5.75,5.747371463670487
C044,Chryseobacterium,R4,69.07,5.74,5.742693226958898
C044,Chryseobacterium,R4,70.07,5.74,5.737781956373928
C044,Chryseobacterium,R4,71.07,5.73,5.73278421107105
C044,Chryseobacterium,R4,72.07,5.73,5.727799254022761
C044,Chryseobacterium,R4,73.07,5.72,5.722911302778757
C044,Chryseobacterium,R4,74.07,5.72,5.718191689380529
C044,Chryseobacterium,R4,75.07,5.71,5.71367046257587
C044,Chryseobacterium,R4,76.07,5.71,5.709225423445991
C044,Chryseobacterium,R4,77.07,5.71,5.704696311155458
C044,Chryseobacterium,R4,78.07,5.7,5.699995486636443
C044,Chryseobacterium,R4,79.07,5.69,5.695325797891567
C044,Chryseobacterium,R4,80.07,5.69,5.690879973825056
C044,Chryseobacterium,R4,81.07,5.69,5.6865197798771385
C044,Chryseobacterium,R4,82.07,5.68,5.682053580561806
C044,Chryseobacterium,R4,83.07,5.68,5.677407100152107
C044,Chryseobacterium,R4,84.07,5.67,5.6725385955342364
C044,Chryseobacterium,R4,85.07,5.67,5.667419094287897
C044,Chryseobacterium,R4,86.07,5.66,5.662024811452127
C044,Chryseobacterium,R4,87.07,5.66,5.656339941209761
C044,Chryseobacterium,R4,88.07,5.65,5.650387964082523
C044,Chryseobacterium,R4,89.07,5.64,5.6443415268038795
C044,Chryseobacterium,R4,90.07,5.64,5.638351408929901
C044,Chryseobacterium,R4,91.07,5.63,5.632331755095334
C044,Chryseobacterium,R4,92.07,5.63,5.626137551204586
C044,Chryseobacterium,R4,93.07,5.62,5.619657321943638
C044,Chryseobacterium,R4,94.07,5.61,5.612913747124734
C044,Chryseobacterium,R4,95.07,5.61,5.605966405002148
C044,Chryseobacterium,R4,96.07,5.6,5.598888312472004
C044,Chryseobacterium,R4,97.07,5.59,5.591791637556891
C044,Chryseobacterium,R4,98.07,5.58,5.584931714143396
C044,Chryseobacterium,R4,99.07,5.58,5.578503933964367
C044,Chryseobacterium,R4,100.07,5.57,5.572320754273662
C044,Chryseobacterium,R4,101.07,5.57,5.566125246403205
C044,Chryseobacterium,R4,102.07,5.56,5.559765872476153
C044,Chryseobacterium,R4,103.07,5.55,5.553121109857588
C044,Chryseobacterium,R4,104.07,5.55,5.546084106089033
C044,Chryseobacterium,R4,105.07,5.54,5.538589022778485
C044,Chryseobacterium,R4,106.07,5.53,5.530719407623353
C044,Chryseobacterium,R4,107.07,5.52,5.522596154843415
C044,Chryseobacterium,R4,108.07,5.52,5.514346534604619
C044,Chryseobacterium,R4,109.07,5.5,5.5061233208576565
C044,Chryseobacterium,R4,110.07,5.5,5.498067048781617
C044,Chryseobacterium,R4,111.07,5.49,5.490243794684467
C044,Chryseobacterium,R4,112.07,5.48,5.482675094019523
C044,Chryseobacterium,R4,113.07,5.47,5.475278777692625
C044,Chryseobacterium,R4,114.07,5.47,5.467860700166622
C044,Chryseobacterium,R4,115.07,5.47,5.4598825146798875
C044,Chryseobacterium,R4,116.07,5.45,5.450894461521781
C044,Chryseobacterium,R4,117.07,5.44,5.441145330410133
C044,Chryseobacterium,R4,118.07,5.43,5.431019329156793
C044,Chryseobacterium,R4,119.07,5.42,5.42074378852124
C044,Chryseobacterium,R4,120.07,5.41,5.410481884787292
C044,Chryseobacterium,R4,121.07,5.4,5.400297053388532
C044,Chryseobacterium,R4,122.07,5.39,5.390227794545976
C044,Chryseobacterium,R4,123.07,5.38,5.380299340845992
C044,Chryseobacterium,R4,124.08,5.37,5.370386130874816
C044,Chryseobacterium,R4,125.08,5.36,5.3606383691444845
C044,Chryseobacterium,R4,126.08,5.35,5.350893065233002
C044,Chryseobacterium,R4,127.08,5.34,5.341029183434075
C044,Chryseobacterium,R4,128.08,5.33,5.330717516131218
C044,Chryseobacterium,R4,129.08,5.33,5.319662752162813
C044,Chryseobacterium,R4,130.08,5.31,5.307913338096891
C044,Chryseobacterium,R4,131.08,5.29,5.295686363501385
C044,Chryseobacterium,R4,132.08,5.28,5.2835297322142045
C044,Chryseobacterium,R4,133.08,5.27,5.271921141858378
C044,Chryseobacterium,R4,134.08,5.26,5.260726650927441
C044,Chryseobacterium,R4,135.08,5.25,5.249667757627768
C044,Chryseobacterium,R4,136.08,5.24,5.238499358146568
C044,Chryseobacterium,R4,137.08,5.23,5.226984698166253
C044,Chryseobacterium,R4,138.08,5.21,5.214912842935975
C044,Chryseobacterium,R4,139.08,5.21,5.202176135971857
C044,Chryseobacterium,R4,140.08,5.19,5.188771289978474
C044,Chryseobacterium,R4,141.08,5.17,5.175009216147315
C044,Chryseobacterium,R4,142.08,5.16,5.161223018662842
C044,Chryseobacterium,R4,143.08,5.15,5.147520375194524
C044,Chryseobacterium,R4,144.08,5.13,5.133932465953092
C044,Chryseobacterium,R4,145.08,5.12,5.120409907829302
C044,Chryseobacterium,R4,146.08,5.11,5.106869573172216
C044,Chryseobacterium,R4,147.08,5.09,5.093173919484068
C044,Chryseobacterium,R4,148.08,5.08,5.07917411752382
C044,Chryseobacterium,R4,149.08,5.07,5.0647306059241615
C044,Chryseobacterium,R4,150.08,5.05,5.0497655567136235
C044,Chryseobacterium,R4,151.08,5.03,5.0344388076303845
C044,Chryseobacterium,R4,152.08,5.02,5.018969612840027
C044,Chryseobacterium,R4,153.08,5,5.003509537066123
C044,Chryseobacterium,R4,154.08,4.99,4.98793938726419
C044,Chryseobacterium,R4,155.08,4.97,4.972062978707747
C044,Chryseobacterium,R4,156.08,4.96,4.955646917710385
C044,Chryseobacterium,R4,157.08,4.94,4.938516965799794
C044,Chryseobacterium,R4,158.08,4.92,4.920772714319953
C044,Chryseobacterium,R4,159.08,4.9,4.902568619531437
C044,Chryseobacterium,R4,160.08,4.89,4.884004767544872
C044,Chryseobacterium,R4,161.08,4.86,4.865203017989439
C044,Chryseobacterium,R4,162.08,4.85,4.846426694718463
C044,Chryseobacterium,R4,163.08,4.82,4.827902917738885
C044,Chryseobacterium,R4,164.08,4.81,4.809572527447953
C044,Chryseobacterium,R4,165.08,4.79,4.791274087584741
C044,Chryseobacterium,R4,166.08,4.78,4.772723334865285
C044,Chryseobacterium,R4,167.08,4.75,4.753605299249862
C044,Chryseobacterium,R4,168.08,4.74,4.73370497987244
C044,Chryseobacterium,R4,169.08,4.71,4.7132072525617605
C044,Chryseobacterium,R4,170.08,4.69,4.692362005346785
C044,Chryseobacterium,R4,171.08,4.67,4.67127929836265
C044,Chryseobacterium,R4,172.08,4.65,4.64997769086618
C044,Chryseobacterium,R4,173.08,4.63,4.628249566494813
C044,Chryseobacterium,R4,174.08,4.61,4.605906749980131
C044,Chryseobacterium,R4,175.08,4.58,4.583065006049682
C044,Chryseobacterium,R4,176.08,4.56,4.559887979369228
C044,Chryseobacterium,R4,177.08,4.53,4.536426894361443
C044,Chryseobacterium,R4,178.08,4.52,4.512680292325028
C044,Chryseobacterium,R4,179.1,4.49,4.488060980539038
C044,Chryseobacterium,R4,180.1,4.46,4.463460260912375
C044,Chryseobacterium,R4,181.1,4.44,4.438536679242772
C044,Chryseobacterium,R4,182.1,4.41,4.413479497467641
C044,Chryseobacterium,R4,183.1,4.39,4.388423560163321
C044,Chryseobacterium,R4,184.1,4.36,4.363286042461861
C044,Chryseobacterium,R4,185.1,4.34,4.337912131589967
C044,Chryseobacterium,R4,186.1,4.31,4.312076732597233
C044,Chryseobacterium,R4,187.1,4.29,4.285558145826031
C044,Chryseobacterium,R4,188.1,4.26,4.258218534966939
C044,Chryseobacterium,R4,189.1,4.23,4.230015722285349
C044,Chryseobacterium,R4,190.1,4.2,4.2012063009977
C044,Chryseobacterium,R4,191.1,4.17,4.172057420096354
C044,Chryseobacterium,R4,192.1,4.14,4.142579680726351
C044,Chryseobacterium,R4,193.1,4.12,4.112745066629513
C044,Chryseobacterium,R4,194.1,4.08,4.082627639782119
C044,Chryseobacterium,R4,195.1,4.05,4.052307709889773
C044,Chryseobacterium,R4,196.1,4.02,4.021788499340929
C044,Chryseobacterium,R4,197.1,3.99,3.9910539586947555
C044,Chryseobacterium,R4,198.1,3.96,3.9600168518413406
C044,Chryseobacterium,R4,199.1,3.93,3.9283051959944637
C044,Chryseobacterium,R4,200.1,3.9,3.895549948353734
C044,Chryseobacterium,R4,201.1,3.86,3.861678572738404
C044,Chryseobacterium,R4,202.1,3.83,3.8267419577147237
C044,Chryseobacterium,R4,203.1,3.79,3.79098818421727
C045,Chryseobacterium,R5,72.07,5.96,5.969215625250414
C045,Chryseobacterium,R5,73.07,5.98,5.968798976484983
C045,Chryseobacterium,R5,74.07,5.97,5.967398025204727
C045,Chryseobacterium,R5,75.07,5.96,5.964911254009606
C045,Chryseobacterium,R5,76.07,5.96,5.961453480705419
C045,Chryseobacterium,R5,77.07,5.96,5.957193606899437
C045,Chryseobacterium,R5,78.07,5.95,5.95226212747265
C045,Chryseobacterium,R5,79.07,5.95,5.946635910400948
C045,Chryseobacterium,R5,80.07,5.94,5.9402964236245435
C045,Chryseobacterium,R5,81.07,5.93,5.933397161846055
C045,Chryseobacterium,R5,82.07,5.93,5.926110405310652
C045,Chryseobacterium,R5,83.07,5.92,5.918511549671293
C045,Chryseobacterium,R5,84.07,5.91,5.910724123495334
C045,Chryseobacterium,R5,85.07,5.9,5.903161071599915
C045,Chryseobacterium,R5,86.07,5.89,5.896161543760639
C045,Chryseobacterium,R5,87.07,5.89,5.889480093337153
C045,Chryseobacterium,R5,88.07,5.89,5.882789204699914
C045,Chryseobacterium,R5,89.07,5.88,5.876017682678581
C045,Chryseobacterium,R5,90.07,5.86,5.8691471840778275
C045,Chryseobacterium,R5,91.07,5.86,5.862114453143189
C045,Chryseobacterium,R5,92.07,5.86,5.854845005980418
C045,Chryseobacterium,R5,93.07,5.85,5.847266835391759
C045,Chryseobacterium,R5,94.07,5.84,5.839317840965429
C045,Chryseobacterium,R5,95.07,5.83,5.831009262166413
C045,Chryseobacterium,R5,96.07,5.82,5.822635791180824
C045,Chryseobacterium,R5,97.07,5.81,5.814453142213717
C045,Chryseobacterium,R5,98.07,5.81,5.806277664824797
C045,Chryseobacterium,R5,99.07,5.8,5.797856697567883
C045,Chryseobacterium,R5,100.07,5.79,5.789100899618621
C045,Chryseobacterium,R5,101.07,5.78,5.780006903788094
C045,Chryseobacterium,R5,102.07,5.77,5.770751916807359
C045,Chryseobacterium,R5,103.07,5.76,5.761521281965946
C045,Chryseobacterium,R5,104.07,5.75,5.752352314867359
C045,Chryseobacterium,R5,105.07,5.74,5.743198594517196
C045,Chryseobacterium,R5,106.07,5.74,5.733826781215491
C045,Chryseobacterium,R5,107.07,5.73,5.723956805585883
C045,Chryseobacterium,R5,108.07,5.71,5.7134371319167245
C045,Chryseobacterium,R5,109.07,5.7,5.702630359155222
C045,Chryseobacterium,R5,110.07,5.69,5.691941553525499
C045,Chryseobacterium,R5,111.07,5.69,5.681431515700509
C045,Chryseobacterium,R5,112.07,5.66,5.671099378258794
C045,Chryseobacterium,R5,113.07,5.66,5.661041866952433
C045,Chryseobacterium,R5,114.07,5.65,5.651253945536116
C045,Chryseobacterium,R5,115.07,5.65,5.641225936601433
C045,Chryseobacterium,R5,116.07,5.63,5.630452761036952
C045,Chryseobacterium,R5,117.07,5.62,5.618952374082259
C045,Chryseobacterium,R5,118.07,5.61,5.606926857060479
C045,Chryseobacterium,R5,119.07,5.59,5.594791761277889
C045,Chryseobacterium,R5,120.07,5.58,5.582917134718629
C045,Chryseobacterium,R5,121.07,5.57,5.571277542095171
C045,Chryseobacterium,R5,122.07,5.56,5.559748677302069
C045,Chryseobacterium,R5,123.07,5.55,5.548192512693386
C045,Chryseobacterium,R5,124.08,5.54,5.5362965594494185
C045,Chryseobacterium,R5,125.08,5.52,5.52413480605546
C045,Chryseobacterium,R5,126.08,5.51,5.511618216837324
C045,Chryseobacterium,R5,127.08,5.5,5.498763665158725
C045,Chryseobacterium,R5,128.08,5.49,5.485359199833652
C045,Chryseobacterium,R5,129.08,5.47,5.471218620765521
C045,Chryseobacterium,R5,130.08,5.46,5.456487556765188
C045,Chryseobacterium,R5,131.08,5.44,5.441425492094953
C045,Chryseobacterium,R5,132.08,5.42,5.426415503915483
C045,Chryseobacterium,R5,133.08,5.41,5.41173625408241
C045,Chryseobacterium,R5,134.08,5.4,5.397125150332853
C045,Chryseobacterium,R5,135.08,5.39,5.38227273951226
C045,Chryseobacterium,R5,136.08,5.36,5.3672233790178945
C045,Chryseobacterium,R5,137.08,5.35,5.352109878884983
C045,Chryseobacterium,R5,138.08,5.34,5.337002062257641
C045,Chryseobacterium,R5,139.08,5.32,5.321717804715586
C045,Chryseobacterium,R5,140.08,5.31,5.306064371075234
C045,Chryseobacterium,R5,141.08,5.29,5.290058530664209
C045,Chryseobacterium,R5,142.08,5.27,5.273764889145952
C045,Chryseobacterium,R5,143.08,5.26,5.257229893015974
C045,Chryseobacterium,R5,144.08,5.24,5.240486123408423
C045,Chryseobacterium,R5,145.08,5.22,5.223528859179952
C045,Chryseobacterium,R5,146.08,5.21,5.206327722368735
C045,Chryseobacterium,R5,147.08,5.19,5.188787010016544
C045,Chryseobacterium,R5,148.08,5.17,5.170845343848298
C045,Chryseobacterium,R5,149.08,5.15,5.152643969317931
C045,Chryseobacterium,R5,150.08,5.13,5.1342846085046805
C045,Chryseobacterium,R5,151.08,5.12,5.1155082662599805
C045,Chryseobacterium,R5,152.08,5.1,5.095965768128319
C045,Chryseobacterium,R5,153.08,5.08,5.075448526141989
C045,Chryseobacterium,R5,154.08,5.05,5.054310298284514
C045,Chryseobacterium,R5,155.08,5.03,5.032990764032294
C045,Chryseobacterium,R5,156.08,5.01,5.011710942882033
C045,Chryseobacterium,R5,157.08,4.99,4.990564488665493
C045,Chryseobacterium,R5,158.08,4.97,4.969354252534407
C045,Chryseobacterium,R5,159.08,4.95,4.947849246757261
C045,Chryseobacterium,R5,160.08,4.93,4.925973930749589
C045,Chryseobacterium,R5,161.08,4.9,4.903741787436721
C045,Chryseobacterium,R5,162.08,4.88,4.881366946636118
C045,Chryseobacterium,R5,163.08,4.86,4.859041678939904
C045,Chryseobacterium,R5,164.08,4.83,4.836670171146741
C045,Chryseobacterium,R5,165.08,4.82,4.814078647916019
C045,Chryseobacterium,R5,166.08,4.79,4.791069569143534
C045,Chryseobacterium,R5,167.08,4.77,4.767439453534179
C045,Chryseobacterium,R5,168.08,4.74,4.7430012512097015
C045,Chryseobacterium,R5,169.08,4.72,4.717633637959271
C045,Chryseobacterium,R5,170.08,4.7,4.691327968849207
C045,Chryseobacterium,R5,171.08,4.66,4.664460590386985
C045,Chryseobacterium,R5,172.08,4.63,4.637441536177721
C045,Chryseobacterium,R5,173.08,4.61,4.610430596775931
C045,Chryseobacterium,R5,174.08,4.59,4.583494871333941
C045,Chryseobacterium,R5,175.08,4.55,4.55658093644595
C045,Chryseobacterium,R5,176.08,4.53,4.529567894141858
C045,Chryseobacterium,R5,177.08,4.5,4.50218547075252
C045,Chryseobacterium,R5,178.08,4.48,4.474163307812153
C045,Chryseobacterium,R5,179.1,4.45,4.44479607870772
C045,Chryseobacterium,R5,180.1,4.41,4.4151846174325025
C045,Chryseobacterium,R5,181.1,4.38,4.384850172304707
C045,Chryseobacterium,R5,182.1,4.36,4.353916565057807
C045,Chryseobacterium,R5,183.1,4.32,4.322464289991173
C045,Chryseobacterium,R5,184.1,4.29,4.290400531667766
C045,Chryseobacterium,R5,185.1,4.26,4.257633227072827
C045,Chryseobacterium,R5,186.1,4.23,4.224246632617108
C045,Chryseobacterium,R5,187.1,4.18,4.190383327935463
C045,Chryseobacterium,R5,188.1,4.16,4.156242866133659
C045,Chryseobacterium,R5,189.1,4.12,4.121980687035671
C045,Chryseobacterium,R5,190.1,4.09,4.087518803867361
C045,Chryseobacterium,R5,191.1,4.05,4.052749827066498
C045,Chryseobacterium,R5,192.1,4.02,4.0176821825165225
C045,Chryseobacterium,R5,193.1,3.98,3.9823086337916833
C045,Chryseobacterium,R5,194.1,3.94,3.946443479783764
C045,Chryseobacterium,R5,195.1,3.92,3.909866067124725
C045,Chryseobacterium,R5,196.1,3.87,3.8723943980897397
C045,Chryseobacterium,R5,197.1,3.84,3.833856138864778
C045,Chryseobacterium,R5,198.1,3.79,3.79419974255555
C045,Chryseobacterium,R5,199.1,3.76,3.7538568099466936
C045,Chryseobacterium,R5,200.1,3.7,3.7132815763817844
C045,Chryseobacterium,R5,201.1,3.67,3.672535667761192
C045,Chryseobacterium,R5,202.1,3.64,3.6315057019776718
C045,Chryseobacterium,R5,203.1,3.59,3.589770874336706
C046,Flavobacterium_A,R1,40.05,6.07,6.058887542266685
C046,Flavobacterium_A,R1,41.05,6.06,6.058754672731259
C046,Flavobacterium_A,R1,42.07,6.06,6.055846555582393
C046,Flavobacterium_A,R1,43.07,6.05,6.050722684333874
C046,Flavobacterium_A,R1,44.07,6.04,6.044092237450188
C046,Flavobacterium_A,R1,45.07,6.03,6.036630659020578
C046,Flavobacterium_A,R1,46.07,6.03,6.02845190182396
C046,Flavobacterium_A,R1,47.07,6.03,6.019529545811659
C046,Flavobacterium_A,R1,48.07,6,6.009912859645265
C046,Flavobacterium_A,R1,49.07,6.01,5.999953866827411
C046,Flavobacterium_A,R1,50.07,5.98,5.990057162379266
C046,Flavobacterium_A,R1,51.07,5.98,5.980534872555066
C046,Flavobacterium_A,R1,52.07,5.97,5.971589370635792
C046,Flavobacterium_A,R1,53.07,5.96,5.96307648677629
C046,Flavobacterium_A,R1,54.07,5.95,5.954665627879722
C046,Flavobacterium_A,R1,55.07,5.96,5.945627050968611
C046,Flavobacterium_A,R1,56.07,5.94,5.935352573770592
C046,Flavobacterium_A,R1,57.07,5.92,5.924119406714372
C046,Flavobacterium_A,R1,58.07,5.91,5.912407710341025
C046,Flavobacterium_A,R1,59.07,5.9,5.9006240529400324
C046,Flavobacterium_A,R1,60.07,5.89,5.889075108445309
C046,Flavobacterium_A,R1,61.07,5.87,5.8777415656201235
C046,Flavobacterium_A,R1,62.07,5.87,5.8665226169350815
C046,Flavobacterium_A,R1,63.07,5.86,5.8553078753940655
C046,Flavobacterium_A,R1,64.07,5.84,5.843948636134095
C046,Flavobacterium_A,R1,65.07,5.84,5.832340877924189
C046,Flavobacterium_A,R1,66.07,5.81,5.820597631928239
C046,Flavobacterium_A,R1,67.07,5.82,5.808889927925916
C046,Flavobacterium_A,R1,68.07,5.79,5.797403737765124
C046,Flavobacterium_A,R1,69.07,5.78,5.786259955013006
C046,Flavobacterium_A,R1,70.07,5.78,5.775304218045421
C046,Flavobacterium_A,R1,71.07,5.76,5.764259010255099
C046,Flavobacterium_A,R1,72.07,5.76,5.752629450293524
C046,Flavobacterium_A,R1,73.07,5.75,5.7400157389382525
C046,Flavobacterium_A,R1,74.07,5.71,5.726615770212399
C046,Flavobacterium_A,R1,75.07,5.73,5.712776851242365
C046,Flavobacterium_A,R1,76.07,5.69,5.698846248322144
C046,Flavobacterium_A,R1,77.07,5.67,5.685171217537635
C046,Flavobacterium_A,R1,78.07,5.68,5.671898652174412
C046,Flavobacterium_A,R1,79.07,5.66,5.6583739943167455
C046,Flavobacterium_A,R1,80.07,5.65,5.6438986168825505
C046,Flavobacterium_A,R1,81.07,5.63,5.6283990673256
C046,Flavobacterium_A,R1,82.07,5.61,5.6120188808730855
C046,Flavobacterium_A,R1,83.07,5.6,5.5951443693100265
C046,Flavobacterium_A,R1,84.07,5.57,5.578202445799868
C046,Flavobacterium_A,R1,85.07,5.56,5.56153965246195
C046,Flavobacterium_A,R1,86.07,5.54,5.545351116363783
C046,Flavobacterium_A,R1,87.07,5.54,5.5293066754097016
C046,Flavobacterium_A,R1,88.07,5.51,5.51302438455819
C046,Flavobacterium_A,R1,89.07,5.49,5.496440456147535
C046,Flavobacterium_A,R1,90.07,5.48,5.479513265937564
C046,Flavobacterium_A,R1,91.07,5.47,5.461971685994467
C046,Flavobacterium_A,R1,92.07,5.45,5.443487212461018
C046,Flavobacterium_A,R1,93.07,5.42,5.423924559412079
C046,Flavobacterium_A,R1,94.07,5.4,5.403921312650835
C046,Flavobacterium_A,R1,95.07,5.38,5.384130151866214
C046,Flavobacterium_A,R1,96.07,5.36,5.36449126056176
C046,Flavobacterium_A,R1,97.07,5.35,5.344725710731479
C046,Flavobacterium_A,R1,98.07,5.33,5.324390624516603
C046,Flavobacterium_A,R1,99.07,5.3,5.303130548068668
C046,Flavobacterium_A,R1,100.07,5.29,5.28110367343321
C046,Flavobacterium_A,R1,101.07,5.25,5.258608304242645
C046,Flavobacterium_A,R1,102.07,5.24,5.2359895445828855
C046,Flavobacterium_A,R1,103.07,5.21,5.213608403295622
C046,Flavobacterium_A,R1,104.07,5.19,5.191842707792125
C046,Flavobacterium_A,R1,105.07,5.16,5.17086197998782
C046,Flavobacterium_A,R1,106.07,5.15,5.14998570124514
C046,Flavobacterium_A,R1,107.07,5.14,5.1283208427882725
C046,Flavobacterium_A,R1,108.07,5.12,5.105205313624169
C046,Flavobacterium_A,R1,109.07,5.06,5.080900773890821
C046,Flavobacterium_A,R1,110.07,5.06,5.055771197313873
C046,Flavobacterium_A,R1,111.07,5.03,5.029666060838536
C046,Flavobacterium_A,R1,112.07,5.01,5.002372185525647
C046,Flavobacterium_A,R1,113.07,4.97,4.973940265679004
C046,Flavobacterium_A,R1,114.07,4.95,4.944554043016804
C046,Flavobacterium_A,R1,115.07,4.91,4.914665575671893
C046,Flavobacterium_A,R1,116.07,4.88,4.884728445575807
C046,Flavobacterium_A,R1,117.07,4.86,4.854934013440214
C046,Flavobacterium_A,R1,118.07,4.82,4.825368952655506
C046,Flavobacterium_A,R1,119.07,4.79,4.7959634085468545
C046,Flavobacterium_A,R1,120.07,4.77,4.766539261054363
C046,Flavobacterium_A,R1,121.07,4.74,4.736641856643063
C046,Flavobacterium_A,R1,122.07,4.71,4.7057474084092314
C046,Flavobacterium_A,R1,123.07,4.68,4.67353818625052
C046,Flavobacterium_A,R1,124.08,4.63,4.640188841408514
C046,Flavobacterium_A,R1,125.08,4.6,4.606891210253946
C046,Flavobacterium_A,R1,126.08,4.58,4.573095233075093
C046,Flavobacterium_A,R1,127.08,4.54,4.538453503984375
C046,Flavobacterium_A,R1,128.08,4.51,4.50286798812885
C046,Flavobacterium_A,R1,129.08,4.46,4.466382560697648
C046,Flavobacterium_A,R1,130.08,4.43,4.429359366013521
C046,Flavobacterium_A,R1,131.08,4.39,4.392183767243602
C046,Flavobacterium_A,R1,132.08,4.35,4.355015733798925
C046,Flavobacterium_A,R1,133.08,4.31,4.317785433129319
C046,Flavobacterium_A,R1,134.08,4.29,4.279729218595904
C046,Flavobacterium_A,R1,135.08,4.25,4.240083062105993
C046,Flavobacterium_A,R1,136.08,4.19,4.198775223840372
C046,Flavobacterium_A,R1,137.08,4.16,4.155907036048204
C046,Flavobacterium_A,R1,138.08,4.11,4.111593915314899
C046,Flavobacterium_A,R1,139.08,4.08,4.066007615570892
C046,Flavobacterium_A,R1,140.08,4.01,4.019476246481639
C046,Flavobacterium_A,R1,141.08,3.97,3.9728970033076414
C046,Flavobacterium_A,R1,142.08,3.91,3.9270560050597427
C046,Flavobacterium_A,R1,143.08,3.9,3.881725980155073
C046,Flavobacterium_A,R1,144.08,3.82,3.836405222790608
C046,Flavobacterium_A,R1,145.08,3.8,3.7905076808763996
C046,Flavobacterium_A,R1,146.08,3.75,3.7435041806445577
C046,Flavobacterium_A,R1,147.08,3.69,3.695177407902305
C046,Flavobacterium_A,R1,148.08,3.65,3.645421197394149
C046,Flavobacterium_A,R1,149.08,3.59,3.5942621200385663
C046,Flavobacterium_A,R1,150.08,3.54,3.5417513079880747
C046,Flavobacterium_A,R1,151.08,3.5,3.4879054021573865
C046,Flavobacterium_A,R1,152.08,3.42,3.432732420651765
C046,Flavobacterium_A,R1,153.08,3.39,3.3763130436539206
C046,Flavobacterium_A,R1,154.08,3.31,3.3190185996563537
C046,Flavobacterium_A,R1,155.08,3.26,3.2612280127407023
C046,Flavobacterium_A,R1,156.08,3.2,3.2030599410353133
C046,Flavobacterium_A,R1,157.08,3.15,3.144531356202168
C046,Flavobacterium_A,R1,158.08,3.08,3.085512749991038
C046,Flavobacterium_A,R1,159.08,3.03,3.0258592716117625
C046,Flavobacterium_A,R1,160.08,2.96,2.965511180026636
C046,Flavobacterium_A,R1,161.08,2.9,2.904325072556859
C046,Flavobacterium_A,R1,162.08,2.85,2.841737790206775
C046,Flavobacterium_A,R1,163.08,2.78,2.7771896519825394
C046,Flavobacterium_A,R1,164.08,2.71,2.710554645214418
C046,Flavobacterium_A,R1,165.08,2.65,2.641873388105758
C046,Flavobacterium_A,R1,166.08,2.56,2.5714193540281656
C046,Flavobacterium_A,R1,167.08,2.5,2.4995242301452967
C046,Flavobacterium_A,R1,168.08,2.43,2.4264368255353324
C046,Flavobacterium_A,R1,169.08,2.35,2.352074436934506
C046,Flavobacterium_A,R1,170.08,2.28,2.2763509591261144
C046,Flavobacterium_A,R1,171.08,2.2,2.199498191423627
C046,Flavobacterium_A,R1,172.08,2.11,2.121760132648985
C046,Flavobacterium_A,R1,173.08,2.05,2.043111675127822
C046,Flavobacterium_A,R1,174.08,1.96,1.9633960046949948
C046,Flavobacterium_A,R1,175.08,1.88,1.8821985877185932
C046,Flavobacterium_A,R1,176.08,1.81,1.7991202850689214
C046,Flavobacterium_A,R1,177.08,1.71,1.7140812550919529
C046,Flavobacterium_A,R1,178.08,1.62,1.6270305948919677
C046,Flavobacterium_A,R1,179.1,1.55,1.535902313431944
C046,Flavobacterium_A,R1,180.1,1.44,1.4441347758933092
C046,Flavobacterium_A,R1,181.1,1.36,1.3505352777064703
C046,Flavobacterium_A,R1,182.1,1.25,1.2558493713520682
C046,Flavobacterium_A,R1,183.1,1.14,1.1606618945733034
C046,Flavobacterium_A,R1,184.1,1.06,1.0649148261636479
C046,Flavobacterium_A,R1,185.1,0.98,0.9681694002620027
C046,Flavobacterium_A,R1,186.1,0.87,0.8691067313387041
C047,Flavobacterium_A,R2,48.07,6.27,6.279340543510165
C047,Flavobacterium_A,R2,49.07,6.28,6.2785845075491125
C047,Flavobacterium_A,R2,50.07,6.29,6.275674603592453
C047,Flavobacterium_A,R2,51.07,6.27,6.269892491443943
C047,Flavobacterium_A,R2,52.07,6.27,6.260793076469252
C047,Flavobacterium_A,R2,53.07,6.25,6.248941629770941
C047,Flavobacterium_A,R2,54.07,6.23,6.23518459823824
C047,Flavobacterium_A,R2,55.07,6.22,6.2204827661701545
C047,Flavobacterium_A,R2,56.07,6.2,6.2057125029781455
C047,Flavobacterium_A,R2,57.07,6.19,6.191298181113708
C047,Flavobacterium_A,R2,58.07,6.18,6.177480871322918
C047,Flavobacterium_A,R2,59.07,6.15,6.164220434490116
C047,Flavobacterium_A,R2,60.07,6.16,6.151342579018023
C047,Flavobacterium_A,R2,61.07,6.14,6.138417613244632
C047,Flavobacterium_A,R2,62.07,6.13,6.1249519954917435
C047,Flavobacterium_A,R2,63.07,6.11,6.110605162228525
C047,Flavobacterium_A,R2,64.07,6.09,6.095648462513595
C047,Flavobacterium_A,R2,65.07,6.08,6.080358850615677
C047,Flavobacterium_A,R2,66.07,6.07,6.064423789054455
C047,Flavobacterium_A,R2,67.07,6.06,6.047598055372233
C047,Flavobacterium_A,R2,68.07,6.01,6.030495178950818
C047,Flavobacterium_A,R2,69.07,6.01,6.013699461151627
C047,Flavobacterium_A,R2,70.07,6.01,5.996819539415036
C047,Flavobacterium_A,R2,71.07,5.98,5.979391474171173
C047,Flavobacterium_A,R2,72.07,5.96,5.961636681730275
C047,Flavobacterium_A,R2,73.07,5.93,5.94383934780016
C047,Flavobacterium_A,R2,74.07,5.94,5.9258493797988825
C047,Flavobacterium_A,R2,75.07,5.9,5.907396835612654
C047,Flavobacterium_A,R2,76.07,5.89,5.8881666532900425
C047,Flavobacterium_A,R2,77.07,5.87,5.867832490920212
C047,Flavobacterium_A,R2,78.07,5.86,5.84622955818006
C047,Flavobacterium_A,R2,79.07,5.83,5.823839271097417
C047,Flavobacterium_A,R2,80.07,5.79,5.8014360150709186
C047,Flavobacterium_A,R2,81.07,5.76,5.780319846631465
C047,Flavobacterium_A,R2,82.07,5.76,5.761451455832219
C047,Flavobacterium_A,R2,83.07,5.75,5.743908395683119
C047,Flavobacterium_A,R2,84.07,5.73,5.726446389632837
C047,Flavobacterium_A,R2,85.07,5.71,5.708416979928189
C047,Flavobacterium_A,R2,86.07,5.69,5.68935609524825
C047,Flavobacterium_A,R2,87.07,5.67,5.668941391202965
C047,Flavobacterium_A,R2,88.07,5.66,5.64701056661359
C047,Flavobacterium_A,R2,89.07,5.61,5.623899766215762
C047,Flavobacterium_A,R2,90.07,5.6,5.600009093636571
C047,Flavobacterium_A,R2,91.07,5.58,5.575496042154543
C047,Flavobacterium_A,R2,92.07,5.56,5.550457452461052
C047,Flavobacterium_A,R2,93.07,5.51,5.5250687304740245
C047,Flavobacterium_A,R2,94.07,5.5,5.499819543017536
C047,Flavobacterium_A,R2,95.07,5.47,5.475068352448965
C047,Flavobacterium_A,R2,96.07,5.45,5.450334542352728
C047,Flavobacterium_A,R2,97.07,5.43,5.424961650465228
C047,Flavobacterium_A,R2,98.07,5.41,5.398428909903767
C047,Flavobacterium_A,R2,99.07,5.37,5.370452863823059
C047,Flavobacterium_A,R2,100.07,5.33,5.3415636001465785
C047,Flavobacterium_A,R2,101.07,5.32,5.312385587075994
C047,Flavobacterium_A,R2,102.07,5.28,5.2831072691569965
C047,Flavobacterium_A,R2,103.07,5.25,5.253777460952777
C047,Flavobacterium_A,R2,104.07,5.22,5.224322480752493
C047,Flavobacterium_A,R2,105.07,5.21,5.194637816608635
C047,Flavobacterium_A,R2,106.07,5.15,5.16461813190105
C047,Flavobacterium_A,R2,107.07,5.14,5.134157883841412
C047,Flavobacterium_A,R2,108.07,5.11,5.103181151620276
C047,Flavobacterium_A,R2,109.07,5.06,5.071730502343676
C047,Flavobacterium_A,R2,110.07,5.05,5.03989817174738
C047,Flavobacterium_A,R2,111.07,5.01,5.007856582170607
C047,Flavobacterium_A,R2,112.07,4.96,4.97576787804524
C047,Flavobacterium_A,R2,113.07,4.95,4.943672905570399
C047,Flavobacterium_A,R2,114.07,4.91,4.91149166295711
C047,Flavobacterium_A,R2,115.07,4.88,4.878782054696798
C047,Flavobacterium_A,R2,116.07,4.85,4.845109579328805
C047,Flavobacterium_A,R2,117.07,4.81,4.810432205303781
C047,Flavobacterium_A,R2,118.07,4.77,4.774781434438436
C047,Flavobacterium_A,R2,119.07,4.74,4.738090432102454
C047,Flavobacterium_A,R2,120.07,4.71,4.700313922278198
C047,Flavobacterium_A,R2,121.07,4.65,4.661591199845791
C047,Flavobacterium_A,R2,122.07,4.63,4.622107702409794
C047,Flavobacterium_A,R2,123.07,4.58,4.582050260124133
C047,Flavobacterium_A,R2,124.08,4.53,4.541205612370908
C047,Flavobacterium_A,R2,125.08,4.51,4.500483406520877
C047,Flavobacterium_A,R2,126.08,4.46,4.459201768262769
C047,Flavobacterium_A,R2,127.08,4.42,4.41711352453488
C047,Flavobacterium_A,R2,128.08,4.37,4.3744772849868125
C047,Flavobacterium_A,R2,129.08,4.33,4.331617545735409
C047,Flavobacterium_A,R2,130.08,4.29,4.288616566055153
C047,Flavobacterium_A,R2,131.08,4.24,4.245433299949243
C047,Flavobacterium_A,R2,132.08,4.2,4.20177571717814
C047,Flavobacterium_A,R2,133.08,4.17,4.157307145126699
C047,Flavobacterium_A,R2,134.08,4.1,4.111763325920089
C047,Flavobacterium_A,R2,135.08,4.07,4.064931405482883
C047,Flavobacterium_A,R2,136.08,4.02,4.016731730196964
C047,Flavobacterium_A,R2,137.08,3.98,3.9671179465585382
C047,Flavobacterium_A,R2,138.08,3.91,3.916236312062533
C047,Flavobacterium_A,R2,139.08,3.85,3.865003528198754
C047,Flavobacterium_A,R2,140.08,3.82,3.814291079997931
C047,Flavobacterium_A,R2,141.08,3.76,3.764019142659632
C047,Flavobacterium_A,R2,142.08,3.71,3.713803345462099
C047,Flavobacterium_A,R2,143.08,3.66,3.6629924438294412
C047,Flavobacterium_A,R2,144.08,3.63,3.6109574952429515
C047,Flavobacterium_A,R2,145.08,3.55,3.5574256392667647
C047,Flavobacterium_A,R2,146.08,3.5,3.502244908005487
C047,Flavobacterium_A,R2,147.08,3.45,3.445390821642738
C047,Flavobacterium_A,R2,148.08,3.39,3.3869637541566338
C047,Flavobacterium_A,R2,149.08,3.33,3.3274360066242172
C047,Flavobacterium_A,R2,150.08,3.25,3.2672407013317724
C047,Flavobacterium_A,R2,151.08,3.21,3.2062823183035754
C047,Flavobacterium_A,R2,152.08,3.15,3.144333176998407
C047,Flavobacterium_A,R2,153.08,3.08,3.081175847256615
C047,Flavobacterium_A,R2,154.08,3.02,3.016633900444814
C047,Flavobacterium_A,R2,155.08,2.95,2.9506118510982673
C047,Flavobacterium_A,R2,156.08,2.89,2.883296984900549
C047,Flavobacterium_A,R2,157.08,2.81,2.8150059754862293
C047,Flavobacterium_A,R2,158.08,2.74,2.7462902771455227
C047,Flavobacterium_A,R2,159.08,2.67,2.677557401024013
C047,Flavobacterium_A,R2,160.08,2.62,2.608404305033074
C047,Flavobacterium_A,R2,161.08,2.54,2.538316171525721
C047,Flavobacterium_A,R2,162.08,2.45,2.4671416338557233
C047,Flavobacterium_A,R2,163.08,2.41,2.394773308003091
C047,Flavobacterium_A,R2,164.08,2.33,2.3209162894520694
C047,Flavobacterium_A,R2,165.08,2.24,2.2453510165196637
C047,Flavobacterium_A,R2,166.08,2.16,2.1683468193497046
C047,Flavobacterium_A,R2,167.08,2.09,2.0902952510427224
C047,Flavobacterium_A,R2,168.08,2.02,2.011490554045346
C047,Flavobacterium_A,R2,169.08,1.92,1.9318377281885657
C047,Flavobacterium_A,R2,170.08,1.85,1.8510764252287946
C047,Flavobacterium_A,R2,171.08,1.78,1.7686741472397283
C047,Flavobacterium_A,R2,172.08,1.69,1.6842039981887926
C047,Flavobacterium_A,R2,173.08,1.59,1.5979336393010264
C047,Flavobacterium_A,R2,174.08,1.52,1.5103158582406075
C047,Flavobacterium_A,R2,175.08,1.4,1.4218493911706938
C047,Flavobacterium_A,R2,176.08,1.34,1.3328711800790565
C047,Flavobacterium_A,R2,177.08,1.24,1.2430250417529916
C047,Flavobacterium_A,R2,178.08,1.15,1.1517009673477419
C047,Flavobacterium_A,R2,179.1,1.06,1.0560605480776544
C047,Flavobacterium_A,R2,180.1,0.97,0.9590889691262134
C047,Flavobacterium_A,R2,181.1,0.87,0.8592470965105585
C048,Flavobacterium_A,R3,53.07,6.16,6.162701947965603
C048,Flavobacterium_A,R3,54.07,6.17,6.162100267290836
C048,Flavobacterium_A,R3,55.07,6.16,6.159452068157852
C048,Flavobacterium_A,R3,56.07,6.17,6.154553182392795
C048,Flavobacterium_A,R3,57.07,6.14,6.1482507507824575
C048,Flavobacterium_A,R3,58.07,6.13,6.14151523817719
C048,Flavobacterium_A,R3,59.07,6.13,6.13475909672088
C048,Flavobacterium_A,R3,60.07,6.13,6.128142035238047
C048,Flavobacterium_A,R3,61.07,6.13,6.121370801982158
C048,Flavobacterium_A,R3,62.07,6.11,6.114038905063928
C048,Flavobacterium_A,R3,63.07,6.11,6.105850580145938
C048,Flavobacterium_A,R3,64.07,6.1,6.096952973098297
C048,Flavobacterium_A,R3,65.07,6.09,6.087696579474781
C048,Flavobacterium_A,R3,66.07,6.07,6.078802383356362
C048,Flavobacterium_A,R3,67.07,6.06,6.070846729991926
C048,Flavobacterium_A,R3,68.07,6.06,6.063456920774857
C048,Flavobacterium_A,R3,69.07,6.07,6.055986492520588
C048,Flavobacterium_A,R3,70.07,6.05,6.047642967588285
C048,Flavobacterium_A,R3,71.07,6.04,6.037817163314041
C048,Flavobacterium_A,R3,72.07,6.03,6.026779091397922
C048,Flavobacterium_A,R3,73.07,6.01,6.015005018893079
C048,Flavobacterium_A,R3,74.07,6,6.002917039901027
C048,Flavobacterium_A,R3,75.07,5.99,5.99084256904576
C048,Flavobacterium_A,R3,76.07,5.98,5.978784475992831
C048,Flavobacterium_A,R3,77.07,5.97,5.966664494168196
C048,Flavobacterium_A,R3,78.07,5.95,5.954439528355011
C048,Flavobacterium_A,R3,79.07,5.94,5.9422071687652895
C048,Flavobacterium_A,R3,80.07,5.93,5.930002975189536
C048,Flavobacterium_A,R3,81.07,5.92,5.917473700303401
C048,Flavobacterium_A,R3,82.07,5.91,5.904288266434309
C048,Flavobacterium_A,R3,83.07,5.89,5.890593081631639
C048,Flavobacterium_A,R3,84.07,5.87,5.87661836240446
C048,Flavobacterium_A,R3,85.07,5.86,5.862452073378613
C048,Flavobacterium_A,R3,86.07,5.85,5.8480973366921045
C048,Flavobacterium_A,R3,87.07,5.85,5.833360156414801
C048,Flavobacterium_A,R3,88.07,5.8,5.8180930661724775
C048,Flavobacterium_A,R3,89.07,5.8,5.802531835882667
C048,Flavobacterium_A,R3,90.07,5.8,5.78691507729101
C048,Flavobacterium_A,R3,91.07,5.76,5.771109533163793
C048,Flavobacterium_A,R3,92.07,5.76,5.754888979022478
C048,Flavobacterium_A,R3,93.07,5.74,5.738086093140984
C048,Flavobacterium_A,R3,94.07,5.72,5.7207691648031025
C048,Flavobacterium_A,R3,95.07,5.7,5.703036275940358
C048,Flavobacterium_A,R3,96.07,5.69,5.684869068065334
C048,Flavobacterium_A,R3,97.07,5.67,5.666302651201922
C048,Flavobacterium_A,R3,98.07,5.64,5.647702449838172
C048,Flavobacterium_A,R3,99.07,5.63,5.629435464051124
C048,Flavobacterium_A,R3,100.07,5.6,5.6115446818096535
C048,Flavobacterium_A,R3,101.07,5.6,5.593854729983541
C048,Flavobacterium_A,R3,102.07,5.57,5.575640803154348
C048,Flavobacterium_A,R3,103.07,5.57,5.55608501707493
C048,Flavobacterium_A,R3,104.07,5.53,5.534546604471525
C048,Flavobacterium_A,R3,105.07,5.53,5.510699621318454
C048,Flavobacterium_A,R3,106.07,5.48,5.485300299608997
C048,Flavobacterium_A,R3,107.07,5.45,5.459375415341173
C048,Flavobacterium_A,R3,108.07,5.43,5.4338051575956134
C048,Flavobacterium_A,R3,109.07,5.4,5.408883367783404
C048,Flavobacterium_A,R3,110.07,5.39,5.384603366600449
C048,Flavobacterium_A,R3,111.07,5.36,5.360342739551454
C048,Flavobacterium_A,R3,112.07,5.34,5.3354304682422775
C048,Flavobacterium_A,R3,113.07,5.31,5.309616853874564
C048,Flavobacterium_A,R3,114.07,5.28,5.282767445020254
C048,Flavobacterium_A,R3,115.07,5.26,5.254787460136746
C048,Flavobacterium_A,R3,116.07,5.22,5.225624750619517
C048,Flavobacterium_A,R3,117.07,5.21,5.195358029730956
C048,Flavobacterium_A,R3,118.07,5.15,5.164120549421859
C048,Flavobacterium_A,R3,119.07,5.13,5.132132854529738
C048,Flavobacterium_A,R3,120.07,5.11,5.099597471366285
C048,Flavobacterium_A,R3,121.07,5.06,5.066557559253164
C048,Flavobacterium_A,R3,122.07,5.03,5.033016435764538
C048,Flavobacterium_A,R3,123.07,5,4.998915553284562
C048,Flavobacterium_A,R3,124.08,4.96,4.963593620113468
C048,Flavobacterium_A,R3,125.08,4.94,4.927429169406428
C048,Flavobacterium_A,R3,126.08,4.88,4.8899597309294816
C048,Flavobacterium_A,R3,127.08,4.86,4.851146172717918
C048,Flavobacterium_A,R3,128.08,4.8,4.811063507352685
C048,Flavobacterium_A,R3,129.08,4.78,4.7697822815076405
C048,Flavobacterium_A,R3,130.08,4.72,4.727241033682615
C048,Flavobacterium_A,R3,131.08,4.69,4.683383429198921
C048,Flavobacterium_A,R3,132.08,4.64,4.638305648837825
C048,Flavobacterium_A,R3,133.08,4.59,4.592190449237213
C048,Flavobacterium_A,R3,134.08,4.54,4.545414375001499
C048,Flavobacterium_A,R3,135.08,4.5,4.498301565178984
C048,Flavobacterium_A,R3,136.08,4.45,4.450772748626974
C048,Flavobacterium_A,R3,137.08,4.4,4.402647801655031
C048,Flavobacterium_A,R3,138.08,4.36,4.353772804755384
C048,Flavobacterium_A,R3,139.08,4.3,4.304098655150958
C048,Flavobacterium_A,R3,140.08,4.25,4.2535446187348684
C048,Flavobacterium_A,R3,141.08,4.2,4.201798619350307
C048,Flavobacterium_A,R3,142.08,4.16,4.148512472040831
C048,Flavobacterium_A,R3,143.08,4.09,4.093424898701352
C048,Flavobacterium_A,R3,144.08,4.04,4.036411165428959
C048,Flavobacterium_A,R3,145.08,3.98,3.9778058082780072
C048,Flavobacterium_A,R3,146.08,3.91,3.9180180625532577
C048,Flavobacterium_A,R3,147.08,3.85,3.8572966906037665
C048,Flavobacterium_A,R3,148.08,3.8,3.7957002309753376
C048,Flavobacterium_A,R3,149.08,3.73,3.732686799956468
C048,Flavobacterium_A,R3,150.08,3.67,3.6675968456149195
C048,Flavobacterium_A,R3,151.08,3.6,3.599900565392815
C048,Flavobacterium_A,R3,152.08,3.54,3.5291005940758686
C048,Flavobacterium_A,R3,153.08,3.46,3.454930247344411
C048,Flavobacterium_A,R3,154.08,3.38,3.3780455644572225
C048,Flavobacterium_A,R3,155.08,3.29,3.2993410208425886
C048,Flavobacterium_A,R3,156.08,3.22,3.2197421130283277
C048,Flavobacterium_A,R3,157.08,3.13,3.1400052851652887
C048,Flavobacterium_A,R3,158.08,3.05,3.060179750796865
C048,Flavobacterium_A,R3,159.08,2.98,2.9798797976447586
C048,Flavobacterium_A,R3,160.08,2.91,2.8976872407513157
C048,Flavobacterium_A,R3,161.08,2.83,2.8122786261029202
C048,Flavobacterium_A,R3,162.08,2.71,2.7237418961414197
C048,Flavobacterium_A,R3,163.08,2.64,2.632541594040332
C048,Flavobacterium_A,R3,164.08,2.53,2.5392372694444134
C048,Flavobacterium_A,R3,165.08,2.44,2.4442700537712376
C048,Flavobacterium_A,R3,166.08,2.35,2.347512399058444
C048,Flavobacterium_A,R3,167.08,2.25,2.24869458749868
C048,Flavobacterium_A,R3,168.08,2.14,2.147505689995789
C048,Flavobacterium_A,R3,169.08,2.05,2.0434699322983727
C048,Flavobacterium_A,R3,170.08,1.94,1.936117153032163
C048,Flavobacterium_A,R3,171.08,1.82,1.8251644874866189
C048,Flavobacterium_A,R3,172.08,1.72,1.710439392852852
C048,Flavobacterium_A,R3,173.08,1.59,1.5920233172648242
C048,Flavobacterium_A,R3,174.08,1.47,1.4700923562062624
C048,Flavobacterium_A,R3,175.08,1.34,1.3449472036171515
C048,Flavobacterium_A,R3,176.08,1.22,1.2168840047734062
C048,Flavobacterium_A,R3,177.08,1.08,1.086056111838477
C048,Flavobacterium_A,R3,178.08,0.96,0.9524321561738454
C048,Flavobacterium_A,R3,179.1,0.83,0.8126034767108826
C049,Flavobacterium_A,R4,59.07,5.24,5.229570974145633
C049,Flavobacterium_A,R4,60.07,5.25,5.228993305275519
C049,Flavobacterium_A,R4,61.07,5.23,5.225690485820811
C049,Flavobacterium_A,R4,62.07,5.21,5.2205485045664854
C049,Flavobacterium_A,R4,63.07,5.2,5.214348119871051
C049,Flavobacterium_A,R4,64.07,5.21,5.207449168387134
C049,Flavobacterium_A,R4,65.07,5.21,5.2000432363220055
C049,Flavobacterium_A,R4,66.07,5.19,5.19206982980739
C049,Flavobacterium_A,R4,67.07,5.18,5.183469624077569
C049,Flavobacterium_A,R4,68.07,5.17,5.174440050852627
C049,Flavobacterium_A,R4,69.07,5.17,5.1651618591681006
C049,Flavobacterium_A,R4,70.07,5.16,5.155492310835552
C049,Flavobacterium_A,R4,71.07,5.14,5.145300042525331
C049,Flavobacterium_A,R4,72.07,5.14,5.134822677566912
C049,Flavobacterium_A,R4,73.07,5.12,5.124356091772899
C049,Flavobacterium_A,R4,74.07,5.11,5.11406018422927
C049,Flavobacterium_A,R4,75.07,5.11,5.104023924977251
C049,Flavobacterium_A,R4,76.07,5.09,5.094188544605722
C049,Flavobacterium_A,R4,77.07,5.08,5.084458338840466
C049,Flavobacterium_A,R4,78.07,5.08,5.074689091011792
C049,Flavobacterium_A,R4,79.07,5.06,5.064542534868097
C049,Flavobacterium_A,R4,80.07,5.06,5.053660341993934
C049,Flavobacterium_A,R4,81.07,5.05,5.041797984900414
C049,Flavobacterium_A,R4,82.07,5.03,5.028955312970444
C049,Flavobacterium_A,R4,83.07,5.01,5.015995882147568
C049,Flavobacterium_A,R4,84.07,4.99,5.003761950150617
C049,Flavobacterium_A,R4,85.07,4.99,4.992146875238895
C049,Flavobacterium_A,R4,86.07,4.99,4.980729402999926
C049,Flavobacterium_A,R4,87.07,4.97,4.968778727793677
C049,Flavobacterium_A,R4,88.07,4.96,4.955639052248699
C049,Flavobacterium_A,R4,89.07,4.94,4.9412641632955046
C049,Flavobacterium_A,R4,90.07,4.93,4.9258237213508025
C049,Flavobacterium_A,R4,91.07,4.91,4.909741296474158
C049,Flavobacterium_A,R4,92.07,4.89,4.8935039361358506
C049,Flavobacterium_A,R4,93.07,4.87,4.877509145324811
C049,Flavobacterium_A,R4,94.07,4.86,4.861796259104588
C049,Flavobacterium_A,R4,95.07,4.85,4.8462229329187965
C049,Flavobacterium_A,R4,96.07,4.83,4.830278273656723
C049,Flavobacterium_A,R4,97.07,4.82,4.813483389135548
C049,Flavobacterium_A,R4,98.07,4.8,4.795855939438387
C049,Flavobacterium_A,R4,99.07,4.77,4.777579642469445
C049,Flavobacterium_A,R4,100.07,4.76,4.759005895151337
C049,Flavobacterium_A,R4,101.07,4.74,4.740461871194902
C049,Flavobacterium_A,R4,102.07,4.72,4.722010172445449
C049,Flavobacterium_A,R4,103.07,4.7,4.70361326948337
C049,Flavobacterium_A,R4,104.07,4.69,4.685097679694943
C049,Flavobacterium_A,R4,105.07,4.66,4.666224810948174
C049,Flavobacterium_A,R4,106.07,4.65,4.646631586232103
C049,Flavobacterium_A,R4,107.07,4.63,4.625923807316022
C049,Flavobacterium_A,R4,108.07,4.61,4.603843026884104
C049,Flavobacterium_A,R4,109.07,4.58,4.580673801280042
C049,Flavobacterium_A,R4,110.07,4.55,4.556827230771392
C049,Flavobacterium_A,R4,111.07,4.53,4.53267758766165
C049,Flavobacterium_A,R4,112.07,4.51,4.508459445173141
C049,Flavobacterium_A,R4,113.07,4.48,4.483885408167635
C049,Flavobacterium_A,R4,114.07,4.47,4.458632570572802
C049,Flavobacterium_A,R4,115.07,4.43,4.432757950940544
C049,Flavobacterium_A,R4,116.07,4.4,4.406387830735216
C049,Flavobacterium_A,R4,117.07,4.38,4.379545618446771
C049,Flavobacterium_A,R4,118.07,4.36,4.3522521817986695
C049,Flavobacterium_A,R4,119.07,4.32,4.324621098422801
C049,Flavobacterium_A,R4,120.07,4.29,4.296717721040941
C049,Flavobacterium_A,R4,121.07,4.27,4.268321792825969
C049,Flavobacterium_A,R4,122.07,4.24,4.239141654563538
C049,Flavobacterium_A,R4,123.07,4.21,4.208862653716433
C049,Flavobacterium_A,R4,124.08,4.18,4.1767512632304795
C049,Flavobacterium_A,R4,125.08,4.15,4.143151916380801
C049,Flavobacterium_A,R4,126.08,4.11,4.108034170391481
C049,Flavobacterium_A,R4,127.08,4.07,4.071889773506454
C049,Flavobacterium_A,R4,128.08,4.02,4.035493448478237
C049,Flavobacterium_A,R4,129.08,4,3.999421683134844
C049,Flavobacterium_A,R4,130.08,3.97,3.963175051097706
C049,Flavobacterium_A,R4,131.08,3.93,3.926132318782456
C049,Flavobacterium_A,R4,132.08,3.88,3.8882609379881647
C049,Flavobacterium_A,R4,133.08,3.85,3.849605667872478
C049,Flavobacterium_A,R4,134.08,3.82,3.8099318116439083
C049,Flavobacterium_A,R4,135.08,3.76,3.768994274987566
C049,Flavobacterium_A,R4,136.08,3.73,3.7267858294440677
C049,Flavobacterium_A,R4,137.08,3.69,3.6833587130179106
C049,Flavobacterium_A,R4,138.08,3.63,3.6387924098901583
C049,Flavobacterium_A,R4,139.08,3.6,3.5932753889481632
C049,Flavobacterium_A,R4,140.08,3.54,3.54699019433782
C049,Flavobacterium_A,R4,141.08,3.5,3.499986686532932
C049,Flavobacterium_A,R4,142.08,3.45,3.4522185636351757
C049,Flavobacterium_A,R4,143.08,3.41,3.40338755792981
C049,Flavobacterium_A,R4,144.08,3.35,3.3531926541586436
C049,Flavobacterium_A,R4,145.08,3.3,3.3015738127060645
C049,Flavobacterium_A,R4,146.08,3.25,3.248486884044396
C049,Flavobacterium_A,R4,147.08,3.2,3.193710303355092
C049,Flavobacterium_A,R4,148.08,3.14,3.1371233873430047
C049,Flavobacterium_A,R4,149.08,3.07,3.0791863940974213
C049,Flavobacterium_A,R4,150.08,3.02,3.020378880675412
C049,Flavobacterium_A,R4,151.08,2.96,2.9606766586207116
C049,Flavobacterium_A,R4,152.08,2.9,2.8999296030987245
C049,Flavobacterium_A,R4,153.08,2.84,2.8379508880545656
C049,Flavobacterium_A,R4,154.08,2.76,2.774406882552185
C049,Flavobacterium_A,R4,155.08,2.73,2.7089409991937954
C049,Flavobacterium_A,R4,156.08,2.64,2.6412516296157906
C049,Flavobacterium_A,R4,157.08,2.56,2.5711289666317168
C049,Flavobacterium_A,R4,158.08,2.51,2.4986754287295065
C049,Flavobacterium_A,R4,159.08,2.42,2.4240570646324957
C049,Flavobacterium_A,R4,160.08,2.35,2.3473822183311928
C049,Flavobacterium_A,R4,161.08,2.27,2.268813202643806
C049,Flavobacterium_A,R4,162.08,2.19,2.188785910432132
C049,Flavobacterium_A,R4,163.08,2.1,2.1077368737235234
C049,Flavobacterium_A,R4,164.08,2.02,2.0258316011639974
C049,Flavobacterium_A,R4,165.08,1.95,1.9430994691704868
C049,Flavobacterium_A,R4,166.08,1.86,1.859296348624974
C049,Flavobacterium_A,R4,167.08,1.76,1.774109734025695
C049,Flavobacterium_A,R4,168.08,1.7,1.6871554547971828
C049,Flavobacterium_A,R4,169.08,1.59,1.5977626800691167
C049,Flavobacterium_A,R4,170.08,1.52,1.5053047710885168
C049,Flavobacterium_A,R4,171.08,1.4,1.4096185178665543
C049,Flavobacterium_A,R4,172.08,1.31,1.3106227721580168
C049,Flavobacterium_A,R4,173.08,1.22,1.208101203927961
C049,Flavobacterium_A,R4,174.08,1.1,1.101937631154956
C049,Flavobacterium_A,R4,175.08,0.99,0.9925516456613888
C049,Flavobacterium_A,R4,176.08,0.88,0.8804551040159632
C049,Flavobacterium_A,R4,177.08,0.77,0.7659931479288927
C050,Flavobacterium_A,R5,63.07,6.25,6.239559984235876
C050,Flavobacterium_A,R5,64.07,6.24,6.238405952670765
C050,Flavobacterium_A,R5,65.07,6.24,6.2348646201332665
C050,Flavobacterium_A,R5,66.07,6.22,6.22936677830072
C050,Flavobacterium_A,R5,67.07,6.23,6.222497767645635
C050,Flavobacterium_A,R5,68.07,6.22,6.214737962411981
C050,Flavobacterium_A,R5,69.07,6.19,6.206541582239609
C050,Flavobacterium_A,R5,70.07,6.2,6.198363194580439
C050,Flavobacterium_A,R5,71.07,6.19,6.190497523874269
C050,Flavobacterium_A,R5,72.07,6.18,6.182599574700339
C050,Flavobacterium_A,R5,73.07,6.18,6.174216287079717
C050,Flavobacterium_A,R5,74.07,6.17,6.165102062661368
C050,Flavobacterium_A,R5,75.07,6.15,6.1551461232443865
C050,Flavobacterium_A,R5,76.07,6.15,6.144569509600524
C050,Flavobacterium_A,R5,77.07,6.13,6.13367621724469
C050,Flavobacterium_A,R5,78.07,6.12,6.122731875884372
C050,Flavobacterium_A,R5,79.07,6.11,6.11184865199737
C050,Flavobacterium_A,R5,80.07,6.1,6.101013388493438
C050,Flavobacterium_A,R5,81.07,6.09,6.089865097239861
C050,Flavobacterium_A,R5,82.07,6.09,6.078045176857699
C050,Flavobacterium_A,R5,83.07,6.06,6.065552404025541
C050,Flavobacterium_A,R5,84.07,6.06,6.052592556413449
C050,Flavobacterium_A,R5,85.07,6.03,6.039842037599806
C050,Flavobacterium_A,R5,86.07,6.02,6.027884281874577
C050,Flavobacterium_A,R5,87.07,6.01,6.016460220465733
C050,Flavobacterium_A,R5,88.07,6.02,6.005063362751439
C050,Flavobacterium_A,R5,89.07,6,5.993040033772614
C050,Flavobacterium_A,R5,90.07,5.97,5.979910437104306
C050,Flavobacterium_A,R5,91.07,5.98,5.9660374747953
C050,Flavobacterium_A,R5,92.07,5.94,5.951994723512817
C050,Flavobacterium_A,R5,93.07,5.93,5.938213656214291
C050,Flavobacterium_A,R5,94.07,5.93,5.924557331018027
C050,Flavobacterium_A,R5,95.07,5.91,5.910704385073503
C050,Flavobacterium_A,R5,96.07,5.9,5.8961641864940395
C050,Flavobacterium_A,R5,97.07,5.89,5.880580672630369
C050,Flavobacterium_A,R5,98.07,5.86,5.864305326819013
C050,Flavobacterium_A,R5,99.07,5.84,5.8478110239372425
C050,Flavobacterium_A,R5,100.07,5.83,5.831348659039569
C050,Flavobacterium_A,R5,101.07,5.81,5.8149917240282845
C050,Flavobacterium_A,R5,102.07,5.82,5.798326078019612
C050,Flavobacterium_A,R5,103.07,5.77,5.780972661714844
C050,Flavobacterium_A,R5,104.07,5.75,5.763180374941681
C050,Flavobacterium_A,R5,105.07,5.75,5.745209225047177
C050,Flavobacterium_A,R5,106.07,5.74,5.7267356903294795
C050,Flavobacterium_A,R5,107.07,5.71,5.707290366824498
C050,Flavobacterium_A,R5,108.07,5.69,5.68670855202438
C050,Flavobacterium_A,R5,109.07,5.65,5.666044349246186
C050,Flavobacterium_A,R5,110.07,5.64,5.646322444817447
C050,Flavobacterium_A,R5,111.07,5.63,5.6272310512826325
C050,Flavobacterium_A,R5,112.07,5.61,5.608105902978042
C050,Flavobacterium_A,R5,113.07,5.59,5.588209295190417
C050,Flavobacterium_A,R5,114.07,5.58,5.566979316283116
C050,Flavobacterium_A,R5,115.07,5.54,5.544630665975554
C050,Flavobacterium_A,R5,116.07,5.51,5.521522521809544
C050,Flavobacterium_A,R5,117.07,5.51,5.49781536126045
C050,Flavobacterium_A,R5,118.07,5.47,5.473616938756097
C050,Flavobacterium_A,R5,119.07,5.44,5.449022816600608
C050,Flavobacterium_A,R5,120.07,5.43,5.424077550735879
C050,Flavobacterium_A,R5,121.07,5.4,5.3986338637786515
C050,Flavobacterium_A,R5,122.07,5.38,5.3724965200143675
C050,Flavobacterium_A,R5,123.07,5.34,5.3456000891345585
C050,Flavobacterium_A,R5,124.08,5.31,5.3181267780440455
C050,Flavobacterium_A,R5,125.08,5.29,5.290991373461644
C050,Flavobacterium_A,R5,126.08,5.27,5.263417448502872
C050,Flavobacterium_A,R5,127.08,5.24,5.234842091972117
C050,Flavobacterium_A,R5,128.08,5.2,5.205341376955057
C050,Flavobacterium_A,R5,129.08,5.17,5.175093499601026
C050,Flavobacterium_A,R5,130.08,5.16,5.144046164032636
C050,Flavobacterium_A,R5,131.08,5.1,5.1121550921736025
C050,Flavobacterium_A,R5,132.08,5.08,5.079638569178808
C050,Flavobacterium_A,R5,133.08,5.05,5.046734654769791
C050,Flavobacterium_A,R5,134.08,5.01,5.01349794370355
C050,Flavobacterium_A,R5,135.08,4.98,4.979884949263183
C050,Flavobacterium_A,R5,136.08,4.94,4.945643323800674
C050,Flavobacterium_A,R5,137.08,4.92,4.910468504435235
C050,Flavobacterium_A,R5,138.08,4.88,4.874171166659303
C050,Flavobacterium_A,R5,139.08,4.82,4.837022939458232
C050,Flavobacterium_A,R5,140.08,4.8,4.7992129092799445
C050,Flavobacterium_A,R5,141.08,4.77,4.76013903892972
C050,Flavobacterium_A,R5,142.08,4.73,4.719244634380564
C050,Flavobacterium_A,R5,143.08,4.67,4.676945497919041
C050,Flavobacterium_A,R5,144.08,4.63,4.633880391442366
C050,Flavobacterium_A,R5,145.08,4.59,4.590607418976773
C050,Flavobacterium_A,R5,146.08,4.54,4.547507914181616
C050,Flavobacterium_A,R5,147.08,4.5,4.504336787119675
C050,Flavobacterium_A,R5,148.08,4.47,4.460661678760122
C050,Flavobacterium_A,R5,149.08,4.42,4.415927577294268
C050,Flavobacterium_A,R5,150.08,4.37,4.369694402155234
C050,Flavobacterium_A,R5,151.08,4.32,4.322104450521232
C050,Flavobacterium_A,R5,152.08,4.27,4.273445614006746
C050,Flavobacterium_A,R5,153.08,4.22,4.22387960462821
C050,Flavobacterium_A,R5,154.08,4.18,4.173063416009837
C050,Flavobacterium_A,R5,155.08,4.12,4.120609109636108
C050,Flavobacterium_A,R5,156.08,4.07,4.066453736824748
C050,Flavobacterium_A,R5,157.08,4.01,4.0106504406087335
C050,Flavobacterium_A,R5,158.08,3.95,3.9533917410487955
C050,Flavobacterium_A,R5,159.08,3.9,3.894903980552549
C050,Flavobacterium_A,R5,160.08,3.83,3.8354094138873998
C050,Flavobacterium_A,R5,161.08,3.77,3.775046922651164
C050,Flavobacterium_A,R5,162.08,3.72,3.713625983403524
C050,Flavobacterium_A,R5,163.08,3.65,3.650915592764969
C050,Flavobacterium_A,R5,164.08,3.59,3.5868522326373986
C050,Flavobacterium_A,R5,165.08,3.53,3.5214743001837197
C050,Flavobacterium_A,R5,166.08,3.44,3.4550603683295096
C050,Flavobacterium_A,R5,167.08,3.38,3.387949053941003
C050,Flavobacterium_A,R5,168.08,3.33,3.3202799601896853
C050,Flavobacterium_A,R5,169.08,3.25,3.2513966354680006
C050,Flavobacterium_A,R5,170.08,3.18,3.1805712516512568
C050,Flavobacterium_A,R5,171.08,3.12,3.1075865293252103
C050,Flavobacterium_A,R5,172.08,3.02,3.0323885477200943
C050,Flavobacterium_A,R5,173.08,2.96,2.9550662719335565
C050,Flavobacterium_A,R5,174.08,2.88,2.8757460060009707
C050,Flavobacterium_A,R5,175.08,2.79,2.794560523841206
C050,Flavobacterium_A,R5,176.08,2.71,2.7116623226103957
C050,Flavobacterium_A,R5,177.08,2.63,2.627276322530264
C050,Flavobacterium_A,R5,178.08,2.53,2.5414787073846417
C050,Flavobacterium_A,R5,179.1,2.45,2.451896649143279
C050,Flavobacterium_A,R5,180.1,2.38,2.3614118278419993
C050,Flavobacterium_A,R5,181.1,2.27,2.2682292096461825
C050,Flavobacterium_A,R5,182.1,2.17,2.1724269855424
C050,Flavobacterium_A,R5,183.1,2.08,2.07425417181322
C050,Flavobacterium_A,R5,184.1,1.96,1.9746430859252329
C050,Flavobacterium_A,R5,185.1,1.87,1.8744512002705491
C050,Flavobacterium_A,R5,186.1,1.78,1.773553305759335
C050,Flavobacterium_A,R5,187.1,1.66,1.6715377890465761
C050,Flavobacterium_A,R5,188.1,1.58,1.5678301012484306
C050,Flavobacterium_A,R5,189.1,1.46,1.461882300480623
C050,Flavobacterium_A,R5,190.1,1.35,1.3534158083959285
C050,Flavobacterium_A,R5,191.1,1.24,1.2421805941454624
C050,Flavobacterium_A,R5,192.1,1.13,1.1277714533365935
C050,Flavobacterium_A,R5,193.1,1.01,1.0096420449665875
C050,Flavobacterium_A,R5,194.1,0.9,0.8868366551359976
C051,Flavobacterium_B,R1,37.03,6.21,6.214085608540654
C051,Flavobacterium_B,R1,38.03,6.22,6.213260270862248
C051,Flavobacterium_B,R1,39.03,6.21,6.210095714616084
C051,Flavobacterium_B,R1,40.03,6.21,6.204651895047429
C051,Flavobacterium_B,R1,41.03,6.19,6.197089244197762
C051,Flavobacterium_B,R1,42.03,6.19,6.187525717821889
C051,Flavobacterium_B,R1,43.03,6.19,6.176213541724176
C051,Flavobacterium_B,R1,44.03,6.16,6.163984498193851
C051,Flavobacterium_B,R1,45.03,6.14,6.15180362222368
C051,Flavobacterium_B,R1,46.03,6.14,6.140589403135735
C051,Flavobacterium_B,R1,47.03,6.12,6.130947202411544
C051,Flavobacterium_B,R1,48.03,6.13,6.122276415841157
C051,Flavobacterium_B,R1,49.03,6.11,6.11368779807915
C051,Flavobacterium_B,R1,50.05,6.11,6.104143245119635
C051,Flavobacterium_B,R1,51.05,6.1,6.093302251326532
C051,Flavobacterium_B,R1,52.05,6.08,6.080783076306353
C051,Flavobacterium_B,R1,53.05,6.08,6.066749958098158
C051,Flavobacterium_B,R1,54.05,6.04,6.0523481351097335
C051,Flavobacterium_B,R1,55.05,6.03,6.038750174733585
C051,Flavobacterium_B,R1,56.05,6.02,6.0262569599323745
C051,Flavobacterium_B,R1,57.05,6.02,6.0147713462020285
C051,Flavobacterium_B,R1,58.05,6.01,6.003475763601351
C051,Flavobacterium_B,R1,59.05,5.99,5.991552465122428
C051,Flavobacterium_B,R1,60.05,5.98,5.9789034209275735
C051,Flavobacterium_B,R1,61.05,5.97,5.965665499103707
C051,Flavobacterium_B,R1,62.05,5.95,5.952195442265944
C051,Flavobacterium_B,R1,63.05,5.93,5.9388171116205895
C051,Flavobacterium_B,R1,64.05,5.93,5.925502968210536
C051,Flavobacterium_B,R1,65.05,5.91,5.912116551216046
C051,Flavobacterium_B,R1,66.05,5.91,5.898437112530309
C051,Flavobacterium_B,R1,67.05,5.87,5.884292830269208
C051,Flavobacterium_B,R1,68.05,5.88,5.869791874726533
C051,Flavobacterium_B,R1,69.05,5.85,5.85508480500129
C051,Flavobacterium_B,R1,70.05,5.84,5.840211743235482
C051,Flavobacterium_B,R1,71.05,5.83,5.825164311184008
C051,Flavobacterium_B,R1,72.05,5.8,5.809850566010349
C051,Flavobacterium_B,R1,73.05,5.81,5.794249011325689
C051,Flavobacterium_B,R1,74.05,5.77,5.778703501123452
C051,Flavobacterium_B,R1,75.05,5.75,5.763469498939324
C051,Flavobacterium_B,R1,76.05,5.76,5.7480835560958
C051,Flavobacterium_B,R1,77.05,5.74,5.732057258396165
C051,Flavobacterium_B,R1,78.05,5.71,5.715521241780037
C051,Flavobacterium_B,R1,79.05,5.69,5.698676283233115
C051,Flavobacterium_B,R1,80.05,5.69,5.681384673789106
C051,Flavobacterium_B,R1,81.05,5.67,5.663519981631002
C051,Flavobacterium_B,R1,82.05,5.63,5.645339369490958
C051,Flavobacterium_B,R1,83.05,5.63,5.627063557040285
C051,Flavobacterium_B,R1,84.05,5.62,5.60838389715775
C051,Flavobacterium_B,R1,85.05,5.58,5.588980068002994
C051,Flavobacterium_B,R1,86.05,5.57,5.569014415651699
C051,Flavobacterium_B,R1,87.05,5.55,5.548721651437664
C051,Flavobacterium_B,R1,88.05,5.53,5.528143279811114
C051,Flavobacterium_B,R1,89.05,5.5,5.507243684471651
C051,Flavobacterium_B,R1,90.05,5.49,5.485871972999941
C051,Flavobacterium_B,R1,91.05,5.47,5.463916508619123
C051,Flavobacterium_B,R1,92.05,5.44,5.441537953241208
C051,Flavobacterium_B,R1,93.05,5.41,5.418962284233888
C051,Flavobacterium_B,R1,94.05,5.41,5.396404442098756
C051,Flavobacterium_B,R1,95.05,5.36,5.374031706259403
C051,Flavobacterium_B,R1,96.05,5.35,5.351831748693503
C051,Flavobacterium_B,R1,97.05,5.34,5.3296795048694845
C051,Flavobacterium_B,R1,98.05,5.3,5.307178571664701
C051,Flavobacterium_B,R1,99.05,5.29,5.283951542694925
C051,Flavobacterium_B,R1,100.05,5.26,5.259968337120671
C051,Flavobacterium_B,R1,101.05,5.23,5.235277741191683
C051,Flavobacterium_B,R1,102.05,5.22,5.209896683969879
C051,Flavobacterium_B,R1,103.05,5.18,5.183895241823353
C051,Flavobacterium_B,R1,104.05,5.15,5.157587937532741
C051,Flavobacterium_B,R1,105.05,5.14,5.131274111723245
C051,Flavobacterium_B,R1,106.05,5.1,5.104947929985796
C051,Flavobacterium_B,R1,107.05,5.08,5.07854483909735
C051,Flavobacterium_B,R1,108.05,5.04,5.052070585613209
C051,Flavobacterium_B,R1,109.05,5.03,5.025361642623016
C051,Flavobacterium_B,R1,110.05,5.01,4.997507089575413
C051,Flavobacterium_B,R1,111.05,4.97,4.967718691101082
C051,Flavobacterium_B,R1,112.05,4.93,4.936446346199883
C051,Flavobacterium_B,R1,113.05,4.91,4.904401551718685
C051,Flavobacterium_B,R1,114.05,4.86,4.872104061523197
C051,Flavobacterium_B,R1,115.05,4.84,4.839866261877807
C051,Flavobacterium_B,R1,116.05,4.82,4.807362811622784
C051,Flavobacterium_B,R1,117.05,4.77,4.774295130837251
C051,Flavobacterium_B,R1,118.05,4.73,4.741109411979895
C051,Flavobacterium_B,R1,119.05,4.71,4.708166901275122
C051,Flavobacterium_B,R1,120.05,4.68,4.674744287630656
C051,Flavobacterium_B,R1,121.05,4.65,4.640122672723643
C051,Flavobacterium_B,R1,122.05,4.6,4.6046853666256
C051,Flavobacterium_B,R1,123.05,4.56,4.568976137750986
C051,Flavobacterium_B,R1,124.05,4.53,4.5330783794916565
C051,Flavobacterium_B,R1,125.05,4.51,4.496912098261119
C051,Flavobacterium_B,R1,126.05,4.45,4.460204127582083
C051,Flavobacterium_B,R1,127.05,4.43,4.42268742937414
C051,Flavobacterium_B,R1,128.05,4.38,4.3843126520352245
C051,Flavobacterium_B,R1,129.05,4.35,4.345106242573736
C051,Flavobacterium_B,R1,130.05,4.3,4.305180155961571
C051,Flavobacterium_B,R1,131.05,4.26,4.264595417539702
C051,Flavobacterium_B,R1,132.05,4.24,4.223123826161924
C051,Flavobacterium_B,R1,133.05,4.17,4.180584326924744
C051,Flavobacterium_B,R1,134.05,4.13,4.137273676382744
C051,Flavobacterium_B,R1,135.05,4.1,4.093449747908302
C051,Flavobacterium_B,R1,136.05,4.06,4.048737070686913
C051,Flavobacterium_B,R1,137.05,4,4.00285574304978
C051,Flavobacterium_B,R1,138.05,3.94,3.956541484097845
C051,Flavobacterium_B,R1,139.05,3.92,3.910536730427893
C051,Flavobacterium_B,R1,140.05,3.87,3.8645951678503336
C051,Flavobacterium_B,R1,141.05,3.81,3.8183670616373577
C051,Flavobacterium_B,R1,142.05,3.77,3.7720777456946393
C051,Flavobacterium_B,R1,143.05,3.72,3.725867031532349
C051,Flavobacterium_B,R1,144.05,3.69,3.67895757244518
C051,Flavobacterium_B,R1,145.05,3.63,3.6305072950669834
C051,Flavobacterium_B,R1,146.05,3.58,3.580332377603692
C051,Flavobacterium_B,R1,147.05,3.53,3.528418829350706
C051,Flavobacterium_B,R1,148.05,3.48,3.474773732389193
C051,Flavobacterium_B,R1,149.05,3.42,3.4195559029073617
C051,Flavobacterium_B,R1,150.05,3.36,3.3635100207358306
C051,Flavobacterium_B,R1,151.05,3.3,3.3073570434262534
C051,Flavobacterium_B,R1,152.05,3.25,3.251137175771985
C051,Flavobacterium_B,R1,153.05,3.2,3.1946983125642485
C051,Flavobacterium_B,R1,154.05,3.14,3.137799861344016
C051,Flavobacterium_B,R1,155.05,3.07,3.08018898112993
C051,Flavobacterium_B,R1,156.05,3.03,3.0216523241015683
C051,Flavobacterium_B,R1,157.05,2.96,2.961984328702275
C051,Flavobacterium_B,R1,158.05,2.9,2.900971085269484
C051,Flavobacterium_B,R1,159.05,2.84,2.838404303826633
C051,Flavobacterium_B,R1,160.05,2.78,2.7741065212470644
C051,Flavobacterium_B,R1,161.05,2.71,2.7080364905970518
C051,Flavobacterium_B,R1,162.05,2.63,2.6406670028646886
C051,Flavobacterium_B,R1,163.05,2.58,2.57251659453455
C051,Flavobacterium_B,R1,164.05,2.5,2.503772746155277
C051,Flavobacterium_B,R1,165.05,2.43,2.4344786099148354
C051,Flavobacterium_B,R1,166.05,2.36,2.364431080494416
C051,Flavobacterium_B,R1,167.05,2.3,2.2933020412403198
C051,Flavobacterium_B,R1,168.05,2.23,2.220509587666079
C051,Flavobacterium_B,R1,169.05,2.14,2.14561974225038
C051,Flavobacterium_B,R1,170.05,2.07,2.0690440231652523
C051,Flavobacterium_B,R1,171.05,1.99,1.9913312754819859
C051,Flavobacterium_B,R1,172.05,1.91,1.9127341561755653
C051,Flavobacterium_B,R1,173.05,1.83,1.8333432441263433
C051,Flavobacterium_B,R1,174.05,1.76,1.7528969939324839
C051,Flavobacterium_B,R1,175.05,1.67,1.6711424780065913
C051,Flavobacterium_B,R1,176.05,1.59,1.5882133643012022
C051,Flavobacterium_B,R1,177.05,1.5,1.5043078908395535
C051,Flavobacterium_B,R1,178.05,1.41,1.419495980387729
C051,Flavobacterium_B,R1,179.05,1.34,1.3336450373668849
C051,Flavobacterium_B,R1,180.05,1.25,1.2459407080755882
C051,Flavobacterium_B,R1,181.05,1.16,1.1556152996480933
C051,Flavobacterium_B,R1,182.05,1.06,1.062769520683995
C051,Flavobacterium_B,R1,183.05,0.97,0.9676880059961126
C052,Flavobacterium_B,R2,46.03,5.91,5.912433549347891
C052,Flavobacterium_B,R2,47.03,5.92,5.911127425094529
C052,Flavobacterium_B,R2,48.03,5.91,5.906908190931721
C052,Flavobacterium_B,R2,49.03,5.91,5.899540706889467
C052,Flavobacterium_B,R2,50.05,5.88,5.889709306224443
C052,Flavobacterium_B,R2,51.05,5.88,5.8789109368863635
C052,Flavobacterium_B,R2,52.05,5.86,5.867736169207582
C052,Flavobacterium_B,R2,53.05,5.86,5.85674244696017
C052,Flavobacterium_B,R2,54.05,5.84,5.845984524288828
C052,Flavobacterium_B,R2,55.05,5.84,5.835355569919422
C052,Flavobacterium_B,R2,56.05,5.82,5.824605100529852
C052,Flavobacterium_B,R2,57.05,5.82,5.813474283295387
C052,Flavobacterium_B,R2,58.05,5.8,5.801814539428721
C052,Flavobacterium_B,R2,59.05,5.79,5.789552525885484
C052,Flavobacterium_B,R2,60.05,5.78,5.776805588555656
C052,Flavobacterium_B,R2,61.05,5.76,5.763741010528079
C052,Flavobacterium_B,R2,62.05,5.75,5.750535134752699
C052,Flavobacterium_B,R2,63.05,5.74,5.737350171049667
C052,Flavobacterium_B,R2,64.05,5.72,5.7242827368588225
C052,Flavobacterium_B,R2,65.05,5.71,5.711352178497997
C052,Flavobacterium_B,R2,66.05,5.7,5.698334350177292
C052,Flavobacterium_B,R2,67.05,5.69,5.684971643464117
C052,Flavobacterium_B,R2,68.05,5.66,5.671116091462847
C052,Flavobacterium_B,R2,69.05,5.67,5.656672000346569
C052,Flavobacterium_B,R2,70.05,5.64,5.641643127026277
C052,Flavobacterium_B,R2,71.05,5.62,5.626073243174069
C052,Flavobacterium_B,R2,72.05,5.61,5.610066728768585
C052,Flavobacterium_B,R2,73.05,5.6,5.593744193709285
C052,Flavobacterium_B,R2,74.05,5.58,5.577230559272352
C052,Flavobacterium_B,R2,75.05,5.55,5.560665238006472
C052,Flavobacterium_B,R2,76.05,5.55,5.5442412961736025
C052,Flavobacterium_B,R2,77.05,5.53,5.528178799069657
C052,Flavobacterium_B,R2,78.05,5.51,5.512752154413058
C052,Flavobacterium_B,R2,79.05,5.49,5.498131828349558
C052,Flavobacterium_B,R2,80.05,5.48,5.484018178311698
C052,Flavobacterium_B,R2,81.05,5.48,5.469923118231939
C052,Flavobacterium_B,R2,82.05,5.46,5.455074896755602
C052,Flavobacterium_B,R2,83.05,5.44,5.4388792252262554
C052,Flavobacterium_B,R2,84.05,5.42,5.421735331067588
C052,Flavobacterium_B,R2,85.05,5.4,5.40422471465716
C052,Flavobacterium_B,R2,86.05,5.39,5.386664452107906
C052,Flavobacterium_B,R2,87.05,5.36,5.369177375784674
C052,Flavobacterium_B,R2,88.05,5.35,5.351373767324573
C052,Flavobacterium_B,R2,89.05,5.35,5.332815090827232
C052,Flavobacterium_B,R2,90.05,5.31,5.313380090970081
C052,Flavobacterium_B,R2,91.05,5.29,5.293155573546724
C052,Flavobacterium_B,R2,92.05,5.27,5.272743308237688
C052,Flavobacterium_B,R2,93.05,5.25,5.25268707710287
C052,Flavobacterium_B,R2,94.05,5.23,5.232783747832779
C052,Flavobacterium_B,R2,95.05,5.22,5.212668570126271
C052,Flavobacterium_B,R2,96.05,5.19,5.192077236084973
C052,Flavobacterium_B,R2,97.05,5.17,5.170797857735604
C052,Flavobacterium_B,R2,98.05,5.15,5.148727784402493
C052,Flavobacterium_B,R2,99.05,5.13,5.1258327490880955
C052,Flavobacterium_B,R2,100.05,5.1,5.10224278220975
C052,Flavobacterium_B,R2,101.05,5.08,5.078159930900106
C052,Flavobacterium_B,R2,102.05,5.05,5.053910011738149
C052,Flavobacterium_B,R2,103.05,5.03,5.029792266442417
C052,Flavobacterium_B,R2,104.05,5.01,5.005875867843312
C052,Flavobacterium_B,R2,105.05,4.98,4.982224907258884
C052,Flavobacterium_B,R2,106.05,4.95,4.9591132188459115
C052,Flavobacterium_B,R2,107.05,4.94,4.936683292845625
C052,Flavobacterium_B,R2,108.05,4.91,4.914342500998286
C052,Flavobacterium_B,R2,109.05,4.9,4.891374272281815
C052,Flavobacterium_B,R2,110.05,4.87,4.867301383125721
C052,Flavobacterium_B,R2,111.05,4.84,4.841843777099957
C052,Flavobacterium_B,R2,112.05,4.82,4.815270718884701
C052,Flavobacterium_B,R2,113.05,4.78,4.787957362795312
C052,Flavobacterium_B,R2,114.05,4.76,4.760153100577635
C052,Flavobacterium_B,R2,115.05,4.73,4.7319513755605485
C052,Flavobacterium_B,R2,116.05,4.71,4.702947599974556
C052,Flavobacterium_B,R2,117.05,4.68,4.672821963199793
C052,Flavobacterium_B,R2,118.05,4.63,4.642091794313297
C052,Flavobacterium_B,R2,119.05,4.61,4.611344474518779
C052,Flavobacterium_B,R2,120.05,4.59,4.580610453829715
C052,Flavobacterium_B,R2,121.05,4.54,4.549808764715699
C052,Flavobacterium_B,R2,122.05,4.52,4.518969700661017
C052,Flavobacterium_B,R2,123.05,4.49,4.488094822704055
C052,Flavobacterium_B,R2,124.05,4.46,4.456959501084882
C052,Flavobacterium_B,R2,125.05,4.42,4.425346131907509
C052,Flavobacterium_B,R2,126.05,4.4,4.393291405529989
C052,Flavobacterium_B,R2,127.05,4.35,4.360840745848814
C052,Flavobacterium_B,R2,128.05,4.34,4.327820216660178
C052,Flavobacterium_B,R2,129.05,4.29,4.294065210737436
C052,Flavobacterium_B,R2,130.05,4.25,4.2596677968628756
C052,Flavobacterium_B,R2,131.05,4.23,4.224638786313508
C052,Flavobacterium_B,R2,132.05,4.2,4.188407284336333
C052,Flavobacterium_B,R2,133.05,4.15,4.150531722820108
C052,Flavobacterium_B,R2,134.05,4.11,4.11166954625064
C052,Flavobacterium_B,R2,135.05,4.07,4.072722669174905
C052,Flavobacterium_B,R2,136.05,4.03,4.0344718737874885
C052,Flavobacterium_B,R2,137.05,3.98,3.997314478426351
C052,Flavobacterium_B,R2,138.05,3.97,3.960235078355339
C052,Flavobacterium_B,R2,139.05,3.94,3.9220555685791494
C052,Flavobacterium_B,R2,140.05,3.88,3.8823597661400204
C052,Flavobacterium_B,R2,141.05,3.84,3.841157703692102
C052,Flavobacterium_B,R2,142.05,3.8,3.799402354299659
C052,Flavobacterium_B,R2,143.05,3.74,3.7580086844042895
C052,Flavobacterium_B,R2,144.05,3.72,3.7167966935468053
C052,Flavobacterium_B,R2,145.05,3.68,3.6752302041819473
C052,Flavobacterium_B,R2,146.05,3.64,3.6324432973209237
C052,Flavobacterium_B,R2,147.05,3.59,3.587765522604548
C052,Flavobacterium_B,R2,148.05,3.54,3.5416380456355965
C052,Flavobacterium_B,R2,149.05,3.49,3.4946936513958398
C052,Flavobacterium_B,R2,150.05,3.45,3.447219986421083
C052,Flavobacterium_B,R2,151.05,3.4,3.3994344946160733
C052,Flavobacterium_B,R2,152.05,3.35,3.351618947807266
C052,Flavobacterium_B,R2,153.05,3.3,3.3040124366072323
C052,Flavobacterium_B,R2,154.05,3.25,3.2566189988513004
C052,Flavobacterium_B,R2,155.05,3.21,3.2092057649261085
C052,Flavobacterium_B,R2,156.05,3.17,3.160827288200786
C052,Flavobacterium_B,R2,157.05,3.11,3.110589890791186
C052,Flavobacterium_B,R2,158.05,3.07,3.0585195468175455
C052,Flavobacterium_B,R2,159.05,2.99,3.004894673182124
C052,Flavobacterium_B,R2,160.05,2.95,2.950083805910889
C052,Flavobacterium_B,R2,161.05,2.9,2.8943744259096467
C052,Flavobacterium_B,R2,162.05,2.84,2.837639674479875
C052,Flavobacterium_B,R2,163.05,2.78,2.7797872280499543
C052,Flavobacterium_B,R2,164.05,2.71,2.7212772431601975
C052,Flavobacterium_B,R2,165.05,2.67,2.6625275106475788
C052,Flavobacterium_B,R2,166.05,2.6,2.6032338784237914
C052,Flavobacterium_B,R2,167.05,2.55,2.543066233806689
C052,Flavobacterium_B,R2,168.05,2.48,2.4823125646640576
C052,Flavobacterium_B,R2,169.05,2.41,2.4212382745200807
C052,Flavobacterium_B,R2,170.05,2.36,2.3594003289745746
C052,Flavobacterium_B,R2,171.05,2.32,2.296340542601844
C052,Flavobacterium_B,R2,172.05,2.22,2.2322485637985143
C052,Flavobacterium_B,R2,173.05,2.16,2.167456659721164
C052,Flavobacterium_B,R2,174.05,2.1,2.1022197387438752
C052,Flavobacterium_B,R2,175.05,2.04,2.0365926486516113
C052,Flavobacterium_B,R2,176.05,1.97,1.9699073536553016
C052,Flavobacterium_B,R2,177.05,1.91,1.9015066768996736
C052,Flavobacterium_B,R2,178.05,1.83,1.831499760838636
C052,Flavobacterium_B,R2,179.05,1.75,1.7601526334848916
C052,Flavobacterium_B,R2,180.05,1.7,1.687592545777103
C052,Flavobacterium_B,R2,181.05,1.6,1.6138669337282343
C052,Flavobacterium_B,R2,182.05,1.55,1.5388427507224924
C052,Flavobacterium_B,R2,183.05,1.46,1.462384112802011
C052,Flavobacterium_B,R2,184.05,1.38,1.384524269269404
C052,Flavobacterium_B,R2,185.05,1.31,1.3053129940577173
C052,Flavobacterium_B,R2,186.05,1.23,1.2246970263612103
C052,Flavobacterium_B,R2,187.05,1.14,1.1427135113203764
C052,Flavobacterium_B,R2,188.05,1.05,1.0598642525994242
C053,Flavobacterium_B,R3,49.03,6.4,6.402268704258727
C053,Flavobacterium_B,R3,50.05,6.39,6.402128562920494
C053,Flavobacterium_B,R3,51.05,6.41,6.4011059608871586
C053,Flavobacterium_B,R3,52.05,6.4,6.3983141466444255
C053,Flavobacterium_B,R3,53.05,6.4,6.39292189558792
C053,Flavobacterium_B,R3,54.05,6.39,6.3850236299449215
C053,Flavobacterium_B,R3,55.05,6.37,6.375048001126023
C053,Flavobacterium_B,R3,56.05,6.36,6.363834930443457
C053,Flavobacterium_B,R3,57.05,6.35,6.352153380235268
C053,Flavobacterium_B,R3,58.05,6.34,6.340077207041118
C053,Flavobacterium_B,R3,59.05,6.33,6.327523478559492
C053,Flavobacterium_B,R3,60.05,6.32,6.3144772129224975
C053,Flavobacterium_B,R3,61.05,6.3,6.301075968584716
C053,Flavobacterium_B,R3,62.05,6.28,6.287999514856969
C053,Flavobacterium_B,R3,63.05,6.27,6.2758317836863595
C053,Flavobacterium_B,R3,64.05,6.27,6.26423114670889
C053,Flavobacterium_B,R3,65.05,6.25,6.252635042483089
C053,Flavobacterium_B,R3,66.05,6.25,6.24052273756871
C053,Flavobacterium_B,R3,67.05,6.23,6.227580895163408
C053,Flavobacterium_B,R3,68.05,6.21,6.214283937015272
C053,Flavobacterium_B,R3,69.05,6.2,6.201232549556401
C053,Flavobacterium_B,R3,70.05,6.18,6.1887447194045775
C053,Flavobacterium_B,R3,71.05,6.18,6.176905119774529
C053,Flavobacterium_B,R3,72.05,6.17,6.165147870083058
C053,Flavobacterium_B,R3,73.05,6.16,6.152930318509344
C053,Flavobacterium_B,R3,74.05,6.12,6.14045328208001
C053,Flavobacterium_B,R3,75.05,6.14,6.127922727374412
C053,Flavobacterium_B,R3,76.05,6.12,6.114821750335439
C053,Flavobacterium_B,R3,77.05,6.1,6.100673064769971
C053,Flavobacterium_B,R3,78.05,6.08,6.085880726577325
C053,Flavobacterium_B,R3,79.05,6.07,6.070905821975815
C053,Flavobacterium_B,R3,80.05,6.06,6.055556216367281
C053,Flavobacterium_B,R3,81.05,6.04,6.03958435927543
C053,Flavobacterium_B,R3,82.05,6.03,6.0231742575279
C053,Flavobacterium_B,R3,83.05,6,6.006664607170304
C053,Flavobacterium_B,R3,84.05,5.98,5.990581303816206
C053,Flavobacterium_B,R3,85.05,5.98,5.975272895327448
C053,Flavobacterium_B,R3,86.05,5.96,5.960191338991016
C053,Flavobacterium_B,R3,87.05,5.95,5.944635678193451
C053,Flavobacterium_B,R3,88.05,5.92,5.928189891294382
C053,Flavobacterium_B,R3,89.05,5.93,5.910660946078935
C053,Flavobacterium_B,R3,90.05,5.89,5.892462833061101
C053,Flavobacterium_B,R3,91.05,5.86,5.874143844534231
C053,Flavobacterium_B,R3,92.05,5.85,5.856182457180246
C053,Flavobacterium_B,R3,93.05,5.85,5.8388193731856894
C053,Flavobacterium_B,R3,94.05,5.82,5.8214140123669855
C053,Flavobacterium_B,R3,95.05,5.81,5.803353183526055
C053,Flavobacterium_B,R3,96.05,5.78,5.785014533776894
C053,Flavobacterium_B,R3,97.05,5.76,5.76686401085228
C053,Flavobacterium_B,R3,98.05,5.75,5.748729926648061
C053,Flavobacterium_B,R3,99.05,5.74,5.73032050635658
C053,Flavobacterium_B,R3,100.05,5.7,5.711501264193098
C053,Flavobacterium_B,R3,101.05,5.7,5.692150365066035
C053,Flavobacterium_B,R3,102.05,5.67,5.672039287633535
C053,Flavobacterium_B,R3,103.05,5.66,5.651054185316878
C053,Flavobacterium_B,R3,104.05,5.62,5.629646596840188
C053,Flavobacterium_B,R3,105.05,5.6,5.608239128569228
C053,Flavobacterium_B,R3,106.05,5.6,5.586573272133471
C053,Flavobacterium_B,R3,107.05,5.56,5.56428482030311
C053,Flavobacterium_B,R3,108.05,5.54,5.541267885147519
C053,Flavobacterium_B,R3,109.05,5.53,5.517574898155892
C053,Flavobacterium_B,R3,110.05,5.48,5.4936332491975275
C053,Flavobacterium_B,R3,111.05,5.47,5.469853192917285
C053,Flavobacterium_B,R3,112.05,5.45,5.44620148468215
C053,Flavobacterium_B,R3,113.05,5.42,5.422562545217949
C053,Flavobacterium_B,R3,114.05,5.4,5.3989349559637345
C053,Flavobacterium_B,R3,115.05,5.37,5.375277325475741
C053,Flavobacterium_B,R3,116.05,5.36,5.3512742100657125
C053,Flavobacterium_B,R3,117.05,5.33,5.3266844794952615
C053,Flavobacterium_B,R3,118.05,5.29,5.301838309569967
C053,Flavobacterium_B,R3,119.05,5.28,5.2770623935069425
C053,Flavobacterium_B,R3,120.05,5.25,5.252098188125468
C053,Flavobacterium_B,R3,121.05,5.23,5.226541772845143
C053,Flavobacterium_B,R3,122.05,5.2,5.199992953884678
C053,Flavobacterium_B,R3,123.05,5.18,5.172186548163562
C053,Flavobacterium_B,R3,124.05,5.14,5.143393688605282
C053,Flavobacterium_B,R3,125.05,5.11,5.113997063219811
C053,Flavobacterium_B,R3,126.05,5.09,5.0842892643590405
C053,Flavobacterium_B,R3,127.05,5.05,5.0545531090175695
C053,Flavobacterium_B,R3,128.05,5.02,5.025122408418911
C053,Flavobacterium_B,R3,129.05,4.99,4.996123179061993
C053,Flavobacterium_B,R3,130.05,4.98,4.966799264318467
C053,Flavobacterium_B,R3,131.05,4.94,4.936422078814945
C053,Flavobacterium_B,R3,132.05,4.9,4.905255495325137
C053,Flavobacterium_B,R3,133.05,4.87,4.8736947497244785
C053,Flavobacterium_B,R3,134.05,4.84,4.841668072148237
C053,Flavobacterium_B,R3,135.05,4.82,4.809027989189775
C053,Flavobacterium_B,R3,136.05,4.77,4.775791219014995
C053,Flavobacterium_B,R3,137.05,4.74,4.7420335786484555
C053,Flavobacterium_B,R3,138.05,4.71,4.7079030889767655
C053,Flavobacterium_B,R3,139.05,4.67,4.67349228124718
C053,Flavobacterium_B,R3,140.05,4.64,4.638599524287467
C053,Flavobacterium_B,R3,141.05,4.61,4.603040214094594
C053,Flavobacterium_B,R3,142.05,4.56,4.566992017761813
C053,Flavobacterium_B,R3,143.05,4.53,4.530633470155649
C053,Flavobacterium_B,R3,144.05,4.49,4.493784306139417
C053,Flavobacterium_B,R3,145.05,4.47,4.456233495496948
C053,Flavobacterium_B,R3,146.05,4.41,4.41800574769734
C053,Flavobacterium_B,R3,147.05,4.38,4.3792038159174735
C053,Flavobacterium_B,R3,148.05,4.34,4.340006888480098
C053,Flavobacterium_B,R3,149.05,4.3,4.300591051065897
C053,Flavobacterium_B,R3,150.05,4.26,4.261043543641434
C053,Flavobacterium_B,R3,151.05,4.22,4.221366097105293
C053,Flavobacterium_B,R3,152.05,4.18,4.181307251798264
C053,Flavobacterium_B,R3,153.05,4.15,4.140638462360646
C053,Flavobacterium_B,R3,154.05,4.09,4.099476031188578
C053,Flavobacterium_B,R3,155.05,4.05,4.057860270799531
C053,Flavobacterium_B,R3,156.05,4.03,4.015182686440462
C053,Flavobacterium_B,R3,157.05,3.97,3.9708436746089677
C053,Flavobacterium_B,R3,158.05,3.93,3.9249280040757073
C053,Flavobacterium_B,R3,159.05,3.87,3.8777464159662087
C053,Flavobacterium_B,R3,160.05,3.84,3.8298291685524117
C053,Flavobacterium_B,R3,161.05,3.77,3.7817184816130234
C053,Flavobacterium_B,R3,162.05,3.73,3.7337849038074227
C053,Flavobacterium_B,R3,163.05,3.69,3.6862116106598966
C053,Flavobacterium_B,R3,164.05,3.64,3.638603956273657
C053,Flavobacterium_B,R3,165.05,3.59,3.590517347127853
C053,Flavobacterium_B,R3,166.05,3.54,3.541885220626436
C053,Flavobacterium_B,R3,167.05,3.49,3.4926470539632497
C053,Flavobacterium_B,R3,168.05,3.45,3.4423884525669064
C053,Flavobacterium_B,R3,169.05,3.39,3.390726135236145
C053,Flavobacterium_B,R3,170.05,3.34,3.337755146015451
C053,Flavobacterium_B,R3,171.05,3.28,3.283695592131898
C053,Flavobacterium_B,R3,172.05,3.23,3.228789508297205
C053,Flavobacterium_B,R3,173.05,3.17,3.1732263151906945
C053,Flavobacterium_B,R3,174.05,3.12,3.1169630498774947
C053,Flavobacterium_B,R3,175.05,3.06,3.0599361576762254
C053,Flavobacterium_B,R3,176.05,3,3.0022321005336496
C053,Flavobacterium_B,R3,177.05,2.94,2.9439041220087487
C053,Flavobacterium_B,R3,178.05,2.89,2.8847225754812222
C053,Flavobacterium_B,R3,179.05,2.82,2.8243903459869184
C053,Flavobacterium_B,R3,180.05,2.77,2.7626233353655634
C053,Flavobacterium_B,R3,181.05,2.7,2.699246480361942
C053,Flavobacterium_B,R3,182.05,2.63,2.6345078405372124
C053,Flavobacterium_B,R3,183.05,2.57,2.5687092375587426
C053,Flavobacterium_B,R3,184.05,2.51,2.501944418702375
C053,Flavobacterium_B,R3,185.05,2.43,2.434398498705952
C053,Flavobacterium_B,R3,186.05,2.36,2.366830136546811
C053,Flavobacterium_B,R3,187.05,2.29,2.2998285623842736
C053,Flavobacterium_B,R3,188.05,2.24,2.2327317468661096
C054,Flavobacterium_B,R4,50.05,6.59,6.596023928385696
C054,Flavobacterium_B,R4,51.05,6.61,6.59551318333375
C054,Flavobacterium_B,R4,52.05,6.6,6.5917990354014435
C054,Flavobacterium_B,R4,53.05,6.59,6.584505599474557
C054,Flavobacterium_B,R4,54.05,6.56,6.574872299328
C054,Flavobacterium_B,R4,55.05,6.56,6.564233865414465
C054,Flavobacterium_B,R4,56.05,6.56,6.552690946008636
C054,Flavobacterium_B,R4,57.05,6.54,6.5401242292003
C054,Flavobacterium_B,R4,58.05,6.53,6.526768644517632
C054,Flavobacterium_B,R4,59.05,6.51,6.513005928781178
C054,Flavobacterium_B,R4,60.05,6.5,6.499450806542567
C054,Flavobacterium_B,R4,61.05,6.48,6.486654892570651
C054,Flavobacterium_B,R4,62.05,6.47,6.4746843747720915
C054,Flavobacterium_B,R4,63.05,6.47,6.463407933716023
C054,Flavobacterium_B,R4,64.05,6.45,6.452389647483601
C054,Flavobacterium_B,R4,65.05,6.44,6.441135283106077
C054,Flavobacterium_B,R4,66.05,6.43,6.429221965903007
C054,Flavobacterium_B,R4,67.05,6.42,6.416285185283521
C054,Flavobacterium_B,R4,68.05,6.41,6.402122528726722
C054,Flavobacterium_B,R4,69.05,6.38,6.3866989340533085
C054,Flavobacterium_B,R4,70.05,6.37,6.370486642380393
C054,Flavobacterium_B,R4,71.05,6.35,6.353970643000924
C054,Flavobacterium_B,R4,72.05,6.35,6.3371796146147945
C054,Flavobacterium_B,R4,73.05,6.31,6.320112760841594
C054,Flavobacterium_B,R4,74.05,6.3,6.3031076955727725
C054,Flavobacterium_B,R4,75.05,6.29,6.286493430490018
C054,Flavobacterium_B,R4,76.05,6.28,6.270226158164093
C054,Flavobacterium_B,R4,77.05,6.24,6.254243405862137
C054,Flavobacterium_B,R4,78.05,6.23,6.238780858747692
C054,Flavobacterium_B,R4,79.05,6.23,6.22386508496246
C054,Flavobacterium_B,R4,80.05,6.22,6.208388026664389
C054,Flavobacterium_B,R4,81.05,6.19,6.191310817783115
C054,Flavobacterium_B,R4,82.05,6.18,6.173005985318758
C054,Flavobacterium_B,R4,83.05,6.14,6.154127736100907
C054,Flavobacterium_B,R4,84.05,6.14,6.135045603206522
C054,Flavobacterium_B,R4,85.05,6.12,6.116016129405898
C054,Flavobacterium_B,R4,86.05,6.08,6.097128569995305
C054,Flavobacterium_B,R4,87.05,6.09,6.078320279303674
C054,Flavobacterium_B,R4,88.05,6.06,6.059088295264556
C054,Flavobacterium_B,R4,89.05,6.04,6.038932010901734
C054,Flavobacterium_B,R4,90.05,6.01,6.017800555995253
C054,Flavobacterium_B,R4,91.05,6.01,5.995754911315031
C054,Flavobacterium_B,R4,92.05,5.97,5.97285372483417
C054,Flavobacterium_B,R4,93.05,5.95,5.949282860660668
C054,Flavobacterium_B,R4,94.05,5.92,5.925739380238908
C054,Flavobacterium_B,R4,95.05,5.9,5.9028804067215095
C054,Flavobacterium_B,R4,96.05,5.88,5.880692112757666
C054,Flavobacterium_B,R4,97.05,5.86,5.858944397221784
C054,Flavobacterium_B,R4,98.05,5.84,5.837213014392521
C054,Flavobacterium_B,R4,99.05,5.82,5.815189805480134
C054,Flavobacterium_B,R4,100.05,5.79,5.793225104017007
C054,Flavobacterium_B,R4,101.05,5.76,5.771652268489975
C054,Flavobacterium_B,R4,102.05,5.75,5.750078264881573
C054,Flavobacterium_B,R4,103.05,5.74,5.72794787035185
C054,Flavobacterium_B,R4,104.05,5.71,5.704783499275207
C054,Flavobacterium_B,R4,105.05,5.67,5.680272225556613
C054,Flavobacterium_B,R4,106.05,5.66,5.6546821240089615
C054,Flavobacterium_B,R4,107.05,5.63,5.628401373450259
C054,Flavobacterium_B,R4,108.05,5.6,5.6017175678110265
C054,Flavobacterium_B,R4,109.05,5.57,5.574862209217287
C054,Flavobacterium_B,R4,110.05,5.55,5.54794301746455
C054,Flavobacterium_B,R4,111.05,5.52,5.520988463895729
C054,Flavobacterium_B,R4,112.05,5.49,5.493833808373863
C054,Flavobacterium_B,R4,113.05,5.47,5.466231720411612
C054,Flavobacterium_B,R4,114.05,5.44,5.437797719599946
C054,Flavobacterium_B,R4,115.05,5.41,5.408231653541696
C054,Flavobacterium_B,R4,116.05,5.38,5.3777078318088085
C054,Flavobacterium_B,R4,117.05,5.34,5.346506240441645
C054,Flavobacterium_B,R4,118.05,5.32,5.314855109385133
C054,Flavobacterium_B,R4,119.05,5.28,5.282960044964305
C054,Flavobacterium_B,R4,120.05,5.25,5.2509879151200245
C054,Flavobacterium_B,R4,121.05,5.22,5.219051918436477
C054,Flavobacterium_B,R4,122.05,5.18,5.187089314455322
C054,Flavobacterium_B,R4,123.05,5.16,5.1549514337922675
C054,Flavobacterium_B,R4,124.05,5.13,5.122321830401781
C054,Flavobacterium_B,R4,125.05,5.08,5.088940181361291
C054,Flavobacterium_B,R4,126.05,5.06,5.054938432901322
C054,Flavobacterium_B,R4,127.05,5.02,5.020533308085228
C054,Flavobacterium_B,R4,128.05,4.98,4.985888368154627
C054,Flavobacterium_B,R4,129.05,4.95,4.951018932378985
C054,Flavobacterium_B,R4,130.05,4.92,4.91540051396087
C054,Flavobacterium_B,R4,131.05,4.89,4.878579788026642
C054,Flavobacterium_B,R4,132.05,4.83,4.840927883464705
C054,Flavobacterium_B,R4,133.05,4.8,4.802929326128073
C054,Flavobacterium_B,R4,134.05,4.77,4.764697775966179
C054,Flavobacterium_B,R4,135.05,4.72,4.726220619498108
C054,Flavobacterium_B,R4,136.05,4.69,4.68735101542513
C054,Flavobacterium_B,R4,137.05,4.65,4.647911419863064
C054,Flavobacterium_B,R4,138.05,4.6,4.60773570640372
C054,Flavobacterium_B,R4,139.05,4.57,4.566612729250239
C054,Flavobacterium_B,R4,140.05,4.54,4.524139847575065
C054,Flavobacterium_B,R4,141.05,4.47,4.480078957802504
C054,Flavobacterium_B,R4,142.05,4.43,4.435041600394994
C054,Flavobacterium_B,R4,143.05,4.39,4.389659751243037
C054,Flavobacterium_B,R4,144.05,4.35,4.343797483911255
C054,Flavobacterium_B,R4,145.05,4.29,4.297171456891164
C054,Flavobacterium_B,R4,146.05,4.25,4.24967657070769
C054,Flavobacterium_B,R4,147.05,4.21,4.201271975765347
C054,Flavobacterium_B,R4,148.05,4.15,4.1519955799535575
C054,Flavobacterium_B,R4,149.05,4.1,4.101968929326691
C054,Flavobacterium_B,R4,150.05,4.05,4.051569365114008
C054,Flavobacterium_B,R4,151.05,4,4.0011388751029955
C054,Flavobacterium_B,R4,152.05,3.95,3.9506222381391534
C054,Flavobacterium_B,R4,153.05,3.9,3.8998769228998476
C054,Flavobacterium_B,R4,154.05,3.85,3.8488083663319204
C054,Flavobacterium_B,R4,155.05,3.79,3.7972526535667313
C054,Flavobacterium_B,R4,156.05,3.75,3.744720494204277
C054,Flavobacterium_B,R4,157.05,3.7,3.690761100536175
C054,Flavobacterium_B,R4,158.05,3.63,3.63540307115186
C054,Flavobacterium_B,R4,159.05,3.58,3.5788341971632796
C054,Flavobacterium_B,R4,160.05,3.52,3.5213996534745937
C054,Flavobacterium_B,R4,161.05,3.46,3.4634148159714777
C054,Flavobacterium_B,R4,162.05,3.41,3.404918480673469
C054,Flavobacterium_B,R4,163.05,3.34,3.345887663668157
C054,Flavobacterium_B,R4,164.05,3.29,3.2863288411814473
C054,Flavobacterium_B,R4,165.05,3.22,3.2262042030222204
C054,Flavobacterium_B,R4,166.05,3.17,3.1652693331929305
C054,Flavobacterium_B,R4,167.05,3.1,3.103214420072429
C054,Flavobacterium_B,R4,168.05,3.04,3.039674675351604
C054,Flavobacterium_B,R4,169.05,2.98,2.974297979013203
C054,Flavobacterium_B,R4,170.05,2.91,2.9068378608953505
C054,Flavobacterium_B,R4,171.05,2.84,2.837287167943296
C054,Flavobacterium_B,R4,172.05,2.77,2.7664903656754145
C054,Flavobacterium_B,R4,173.05,2.68,2.6953634033729994
C054,Flavobacterium_B,R4,174.05,2.61,2.6242565467959147
C054,Flavobacterium_B,R4,175.05,2.57,2.5531439454658824
C054,Flavobacterium_B,R4,176.05,2.49,2.481060967473468
C054,Flavobacterium_B,R4,177.05,2.4,2.4071041313087083
C054,Flavobacterium_B,R4,178.05,2.33,2.331553338490672
C054,Flavobacterium_B,R4,179.05,2.26,2.254932910265284
C054,Flavobacterium_B,R4,180.05,2.18,2.1775614637568395
C054,Flavobacterium_B,R4,181.05,2.08,2.099595628821064
C054,Flavobacterium_B,R4,182.05,2.03,2.0207497903610543
C054,Flavobacterium_B,R4,183.05,1.95,1.940660033354604
C054,Flavobacterium_B,R4,184.05,1.85,1.8590914880309544
C054,Flavobacterium_B,R4,185.05,1.78,1.7758619847622574
C054,Flavobacterium_B,R4,186.05,1.69,1.6908711092408393
C054,Flavobacterium_B,R4,187.05,1.61,1.6040983343800623
C054,Flavobacterium_B,R4,188.05,1.51,1.5157609266572614
C055,Flavobacterium_B,R5,65.05,6.31,6.318513682683246
C055,Flavobacterium_B,R5,66.05,6.33,6.318402273090879
C055,Flavobacterium_B,R5,67.05,6.33,6.315631376519931
C055,Flavobacterium_B,R5,68.05,6.31,6.310056294932267
C055,Flavobacterium_B,R5,69.05,6.3,6.301982225033308
C055,Flavobacterium_B,R5,70.05,6.29,6.2923912560940165
C055,Flavobacterium_B,R5,71.05,6.28,6.282306730175906
C055,Flavobacterium_B,R5,72.05,6.27,6.2722401079372165
C055,Flavobacterium_B,R5,73.05,6.26,6.262481427984567
C055,Flavobacterium_B,R5,74.05,6.25,6.252946922121331
C055,Flavobacterium_B,R5,75.05,6.25,6.243433864723617
C055,Flavobacterium_B,R5,76.05,6.23,6.233637507261631
C055,Flavobacterium_B,R5,77.05,6.23,6.223319890157338
C055,Flavobacterium_B,R5,78.05,6.21,6.21261223254561
C055,Flavobacterium_B,R5,79.05,6.2,6.201729408223122
C055,Flavobacterium_B,R5,80.05,6.19,6.190851730920852
C055,Flavobacterium_B,R5,81.05,6.18,6.180095026491405
C055,Flavobacterium_B,R5,82.05,6.17,6.169351729339554
C055,Flavobacterium_B,R5,83.05,6.16,6.158506160725162
C055,Flavobacterium_B,R5,84.05,6.15,6.147633580776257
C055,Flavobacterium_B,R5,85.05,6.13,6.136857510275804
C055,Flavobacterium_B,R5,86.05,6.13,6.126303573758308
C055,Flavobacterium_B,R5,87.05,6.11,6.116002684065114
C055,Flavobacterium_B,R5,88.05,6.11,6.105604803513381
C055,Flavobacterium_B,R5,89.05,6.1,6.09476480469083
C055,Flavobacterium_B,R5,90.05,6.08,6.083538151791628
C055,Flavobacterium_B,R5,91.05,6.07,6.072052265157296
C055,Flavobacterium_B,R5,92.05,6.06,6.060321798112342
C055,Flavobacterium_B,R5,93.05,6.05,6.048317391906157
C055,Flavobacterium_B,R5,94.05,6.04,6.0359464065047055
C055,Flavobacterium_B,R5,95.05,6.02,6.023161515228331
C055,Flavobacterium_B,R5,96.05,6.01,6.010159926098326
C055,Flavobacterium_B,R5,97.05,6,5.997193534795803
C055,Flavobacterium_B,R5,98.05,5.98,5.984488452940207
C055,Flavobacterium_B,R5,99.05,5.97,5.972187608411754
C055,Flavobacterium_B,R5,100.05,5.96,5.960126978195407
C055,Flavobacterium_B,R5,101.05,5.95,5.948060298243709
C055,Flavobacterium_B,R5,102.05,5.94,5.935719291274737
C055,Flavobacterium_B,R5,103.05,5.92,5.922901296818378
C055,Flavobacterium_B,R5,104.05,5.91,5.909688134886216
C055,Flavobacterium_B,R5,105.05,5.9,5.896236732125163
C055,Flavobacterium_B,R5,106.05,5.88,5.8827199612417855
C055,Flavobacterium_B,R5,107.05,5.87,5.869335070695815
C055,Flavobacterium_B,R5,108.05,5.85,5.856360865899997
C055,Flavobacterium_B,R5,109.05,5.84,5.843914594316792
C055,Flavobacterium_B,R5,110.05,5.84,5.831385714654512
C055,Flavobacterium_B,R5,111.05,5.82,5.818147429064359
C055,Flavobacterium_B,R5,112.05,5.81,5.804235702223243
C055,Flavobacterium_B,R5,113.05,5.78,5.789885896223409
C055,Flavobacterium_B,R5,114.05,5.78,5.7754682002927025
C055,Flavobacterium_B,R5,115.05,5.76,5.761324726819477
C055,Flavobacterium_B,R5,116.05,5.74,5.747550453698495
C055,Flavobacterium_B,R5,117.05,5.74,5.734105686014758
C055,Flavobacterium_B,R5,118.05,5.72,5.7206591721077835
C055,Flavobacterium_B,R5,119.05,5.71,5.706890551039107
C055,Flavobacterium_B,R5,120.05,5.69,5.6928145815037965
C055,Flavobacterium_B,R5,121.05,5.68,5.678515546965808
C055,Flavobacterium_B,R5,122.05,5.66,5.664020710331098
C055,Flavobacterium_B,R5,123.05,5.65,5.649279710103319
C055,Flavobacterium_B,R5,124.05,5.64,5.633988707734916
C055,Flavobacterium_B,R5,125.05,5.62,5.617934536004436
C055,Flavobacterium_B,R5,126.05,5.6,5.601520190046057
C055,Flavobacterium_B,R5,127.05,5.58,5.585250188796484
C055,Flavobacterium_B,R5,128.05,5.57,5.569418984046906
C055,Flavobacterium_B,R5,129.05,5.55,5.554150254083403
C055,Flavobacterium_B,R5,130.05,5.54,5.539094650317132
C055,Flavobacterium_B,R5,131.05,5.53,5.523843818950375
C055,Flavobacterium_B,R5,132.05,5.51,5.508226412224854
C055,Flavobacterium_B,R5,133.05,5.49,5.492219175694097
C055,Flavobacterium_B,R5,134.05,5.47,5.476154222119408
C055,Flavobacterium_B,R5,135.05,5.46,5.460280305732472
C055,Flavobacterium_B,R5,136.05,5.45,5.444157379438697
C055,Flavobacterium_B,R5,137.05,5.43,5.4273292991847315
C055,Flavobacterium_B,R5,138.05,5.41,5.409964334408481
C055,Flavobacterium_B,R5,139.05,5.39,5.392387211335879
C055,Flavobacterium_B,R5,140.05,5.37,5.3749240698537
C055,Flavobacterium_B,R5,141.05,5.36,5.357784429987009
C055,Flavobacterium_B,R5,142.05,5.34,5.3407099186531966
C055,Flavobacterium_B,R5,143.05,5.33,5.323414155574497
C055,Flavobacterium_B,R5,144.05,5.3,5.305966624800203
C055,Flavobacterium_B,R5,145.05,5.29,5.2885073208205275
C055,Flavobacterium_B,R5,146.05,5.27,5.2711024155622725
C055,Flavobacterium_B,R5,147.05,5.25,5.25373367918677
C055,Flavobacterium_B,R5,148.05,5.24,5.236119097356845
C055,Flavobacterium_B,R5,149.05,5.22,5.217965157497554
C055,Flavobacterium_B,R5,150.05,5.2,5.199196138581403
C055,Flavobacterium_B,R5,151.05,5.18,5.179841439933728
C055,Flavobacterium_B,R5,152.05,5.16,5.160133150743748
C055,Flavobacterium_B,R5,153.05,5.14,5.140341712824662
C055,Flavobacterium_B,R5,154.05,5.12,5.120688288621682
C055,Flavobacterium_B,R5,155.05,5.1,5.101363726130716
C055,Flavobacterium_B,R5,156.05,5.08,5.082486894918425
C055,Flavobacterium_B,R5,157.05,5.06,5.06403679475261
C055,Flavobacterium_B,R5,158.05,5.05,5.045504924634883
C055,Flavobacterium_B,R5,159.05,5.03,5.026358147189041
C055,Flavobacterium_B,R5,160.05,5.01,5.006452280293842
C055,Flavobacterium_B,R5,161.05,4.98,4.985800024821356
C055,Flavobacterium_B,R5,162.05,4.97,4.9646526583619615
C055,Flavobacterium_B,R5,163.05,4.94,4.943309648145208
C055,Flavobacterium_B,R5,164.05,4.92,4.922024643239005
C055,Flavobacterium_B,R5,165.05,4.9,4.900969532812499
C055,Flavobacterium_B,R5,166.05,4.88,4.88003498460145
C055,Flavobacterium_B,R5,167.05,4.86,4.85903284583816
C055,Flavobacterium_B,R5,168.05,4.84,4.8377409031745
C055,Flavobacterium_B,R5,169.05,4.82,4.8160359357436215
C055,Flavobacterium_B,R5,170.05,4.79,4.794224753184201
C055,Flavobacterium_B,R5,171.05,4.77,4.772655532773992
C055,Flavobacterium_B,R5,172.05,4.75,4.751411891841483
C055,Flavobacterium_B,R5,173.05,4.73,4.730433629173195
C055,Flavobacterium_B,R5,174.05,4.71,4.709349829337008
C055,Flavobacterium_B,R5,175.05,4.69,4.687756189599777
C055,Flavobacterium_B,R5,176.05,4.67,4.665425572242852
C055,Flavobacterium_B,R5,177.05,4.64,4.642274288491743
C055,Flavobacterium_B,R5,178.05,4.62,4.6186152803340885
C055,Flavobacterium_B,R5,179.05,4.59,4.594795872362494
C055,Flavobacterium_B,R5,180.05,4.57,4.570904288827313
C055,Flavobacterium_B,R5,181.05,4.55,4.5469230924631985
C055,Flavobacterium_B,R5,182.05,4.52,4.522671300284247
C055,Flavobacterium_B,R5,183.05,4.5,4.4979658606271
C055,Flavobacterium_B,R5,184.05,4.48,4.472778992839139
C055,Flavobacterium_B,R5,185.05,4.44,4.447176797034932
C056,Herbaspirillum,R1,48.03,5.94,5.931291563525203
C056,Herbaspirillum,R1,49.03,5.93,5.9300400345862645
C056,Herbaspirillum,R1,50.05,5.92,5.926433070517764
C056,Herbaspirillum,R1,51.05,5.93,5.921426481394113
C056,Herbaspirillum,R1,52.05,5.91,5.915671077114186
C056,Herbaspirillum,R1,53.05,5.9,5.909719874070458
C056,Herbaspirillum,R1,54.05,5.91,5.903629907039851
C056,Herbaspirillum,R1,55.05,5.9,5.897361563155334
C056,Herbaspirillum,R1,56.05,5.89,5.890984620589594
C056,Herbaspirillum,R1,57.05,5.88,5.884591296046156
C056,Herbaspirillum,R1,58.05,5.88,5.878254169312159
C056,Herbaspirillum,R1,59.05,5.87,5.871977652885497
C056,Herbaspirillum,R1,60.05,5.87,5.86551312702345
C056,Herbaspirillum,R1,61.05,5.86,5.8586546572791605
C056,Herbaspirillum,R1,62.05,5.85,5.85162008262982
C056,Herbaspirillum,R1,63.05,5.84,5.844662911735237
C056,Herbaspirillum,R1,64.05,5.84,5.837755558561647
C056,Herbaspirillum,R1,65.05,5.83,5.830790106359837
C056,Herbaspirillum,R1,66.05,5.83,5.82361841021237
C056,Herbaspirillum,R1,67.05,5.81,5.816144074635837
C056,Herbaspirillum,R1,68.05,5.81,5.808517930051171
C056,Herbaspirillum,R1,69.05,5.8,5.800881241737995
C056,Herbaspirillum,R1,70.05,5.79,5.793089788506325
C056,Herbaspirillum,R1,71.05,5.79,5.784950888739692
C056,Herbaspirillum,R1,72.05,5.78,5.776363505585284
C056,Herbaspirillum,R1,73.05,5.76,5.767288137813637
C056,Herbaspirillum,R1,74.05,5.76,5.7578397819250515
C056,Herbaspirillum,R1,75.05,5.75,5.748134869796041
C056,Herbaspirillum,R1,76.05,5.74,5.738141077078208
C056,Herbaspirillum,R1,77.05,5.73,5.727887864606779
C056,Herbaspirillum,R1,78.05,5.71,5.717800590176362
C056,Herbaspirillum,R1,79.05,5.71,5.708285937236903
C056,Herbaspirillum,R1,80.05,5.7,5.699279994900265
C056,Herbaspirillum,R1,81.05,5.69,5.690637062523434
C056,Herbaspirillum,R1,82.05,5.68,5.682354874781962
C056,Herbaspirillum,R1,83.05,5.67,5.674356315381078
C056,Herbaspirillum,R1,84.05,5.67,5.666121428826171
C056,Herbaspirillum,R1,85.05,5.66,5.657069288338039
C056,Herbaspirillum,R1,86.05,5.65,5.646817921198947
C056,Herbaspirillum,R1,87.05,5.64,5.635191741250943
C056,Herbaspirillum,R1,88.05,5.62,5.622641754513713
C056,Herbaspirillum,R1,89.05,5.61,5.609784370065925
C056,Herbaspirillum,R1,90.05,5.59,5.597271017044559
C056,Herbaspirillum,R1,91.05,5.58,5.5855599633883015
C056,Herbaspirillum,R1,92.05,5.58,5.574301812184375
C056,Herbaspirillum,R1,93.05,5.56,5.562953961677277
C056,Herbaspirillum,R1,94.05,5.56,5.5510086555921
C056,Herbaspirillum,R1,95.05,5.54,5.538139670860596
C056,Herbaspirillum,R1,96.05,5.52,5.52471207176056
C056,Herbaspirillum,R1,97.05,5.51,5.5111966917876645
C056,Herbaspirillum,R1,98.05,5.5,5.497796153963019
C056,Herbaspirillum,R1,99.05,5.48,5.484612555544981
C056,Herbaspirillum,R1,100.05,5.47,5.471614101215442
C056,Herbaspirillum,R1,101.05,5.46,5.458671683404539
C056,Herbaspirillum,R1,102.05,5.45,5.445400838111836
C056,Herbaspirillum,R1,103.05,5.43,5.431460888122968
C056,Herbaspirillum,R1,104.05,5.42,5.416941659798444
C056,Herbaspirillum,R1,105.05,5.4,5.402031775799699
C056,Herbaspirillum,R1,106.05,5.38,5.386884540417001
C056,Herbaspirillum,R1,107.05,5.38,5.371593516383712
C056,Herbaspirillum,R1,108.05,5.35,5.356048618576745
C056,Herbaspirillum,R1,109.05,5.34,5.340063551601497
C056,Herbaspirillum,R1,110.05,5.33,5.323350826833709
C056,Herbaspirillum,R1,111.05,5.31,5.305746279240578
C056,Herbaspirillum,R1,112.05,5.28,5.287680231384739
C056,Herbaspirillum,R1,113.05,5.27,5.269661980896832
C056,Herbaspirillum,R1,114.05,5.25,5.251922238084085
C056,Herbaspirillum,R1,115.05,5.23,5.234495449514154
C056,Herbaspirillum,R1,116.05,5.22,5.216909594119845
C056,Herbaspirillum,R1,117.05,5.21,5.198714042212786
C056,Herbaspirillum,R1,118.05,5.17,5.180050197254763
C056,Herbaspirillum,R1,119.05,5.16,5.161123044825479
C056,Herbaspirillum,R1,120.05,5.14,5.141799865826144
C056,Herbaspirillum,R1,121.05,5.13,5.121875389006619
C056,Herbaspirillum,R1,122.05,5.1,5.101191839189849
C056,Herbaspirillum,R1,123.05,5.08,5.079700411454827
C056,Herbaspirillum,R1,124.05,5.06,5.05774068583164
C056,Herbaspirillum,R1,125.05,5.03,5.03571497438578
C056,Herbaspirillum,R1,126.05,5.01,5.013888132373189
C056,Herbaspirillum,R1,127.05,4.99,4.992322239264287
C056,Herbaspirillum,R1,128.05,4.98,4.970405728196904
C056,Herbaspirillum,R1,129.05,4.95,4.947558131864115
C056,Herbaspirillum,R1,130.05,4.92,4.923997027512583
C056,Herbaspirillum,R1,131.05,4.9,4.900088545904585
C056,Herbaspirillum,R1,132.05,4.87,4.875994987311269
C056,Herbaspirillum,R1,133.05,4.85,4.851714127360067
C056,Herbaspirillum,R1,134.05,4.84,4.826789473594701
C056,Herbaspirillum,R1,135.05,4.79,4.800753140114223
C056,Herbaspirillum,R1,136.05,4.78,4.77354593532271
C056,Herbaspirillum,R1,137.05,4.75,4.745262186559895
C056,Herbaspirillum,R1,138.05,4.71,4.716201602603056
C056,Herbaspirillum,R1,139.05,4.69,4.6867093206554324
C056,Herbaspirillum,R1,140.05,4.65,4.6571068101865265
C056,Herbaspirillum,R1,141.05,4.63,4.62761635399414
C056,Herbaspirillum,R1,142.05,4.6,4.598087155923005
C056,Herbaspirillum,R1,143.05,4.57,4.568354375277757
C056,Herbaspirillum,R1,144.05,4.53,4.53857007215571
C056,Herbaspirillum,R1,145.05,4.51,4.508821650509955
C056,Herbaspirillum,R1,146.05,4.48,4.478620988924005
C056,Herbaspirillum,R1,147.05,4.45,4.44740487130616
C056,Herbaspirillum,R1,148.05,4.42,4.4148852282334845
C056,Herbaspirillum,R1,149.05,4.38,4.3809610491250535
C056,Herbaspirillum,R1,150.05,4.34,4.3460044120992585
C056,Herbaspirillum,R1,151.05,4.31,4.310360123374332
C056,Herbaspirillum,R1,152.05,4.28,4.2737908128685484
C056,Herbaspirillum,R1,153.05,4.24,4.236075681540981
C056,Herbaspirillum,R1,154.05,4.19,4.197642390813893
C056,Herbaspirillum,R1,155.05,4.16,4.158990143860628
C056,Herbaspirillum,R1,156.05,4.12,4.120255850395642
C056,Herbaspirillum,R1,157.05,4.08,4.081480906174044
C056,Herbaspirillum,R1,158.05,4.04,4.042686944572392
C056,Herbaspirillum,R1,159.05,4,4.0037581320228295
C056,Herbaspirillum,R1,160.05,3.97,3.964048529558431
C056,Herbaspirillum,R1,161.05,3.93,3.9229474479622373
C056,Herbaspirillum,R1,162.05,3.88,3.880515302416283
C056,Herbaspirillum,R1,163.05,3.83,3.8369990379951737
C056,Herbaspirillum,R1,164.05,3.8,3.7927206149448076
C056,Herbaspirillum,R1,165.05,3.74,3.7479668513841258
C056,Herbaspirillum,R1,166.05,3.7,3.702808981752939
C056,Herbaspirillum,R1,167.05,3.66,3.657154372419179
C056,Herbaspirillum,R1,168.05,3.61,3.610470501142404
C056,Herbaspirillum,R1,169.05,3.57,3.562242630958961
C056,Herbaspirillum,R1,170.05,3.51,3.5124670546206955
C056,Herbaspirillum,R1,171.05,3.46,3.461292572883635
C056,Herbaspirillum,R1,172.05,3.41,3.408966988805025
C056,Herbaspirillum,R1,173.05,3.35,3.355707168640583
C056,Herbaspirillum,R1,174.05,3.31,3.3015072291387106
C056,Herbaspirillum,R1,175.05,3.24,3.246315631237389
C056,Herbaspirillum,R1,176.05,3.19,3.1901209621402087
C056,Herbaspirillum,R1,177.05,3.14,3.132957356501773
C056,Herbaspirillum,R1,178.05,3.07,3.075001012515113
C056,Herbaspirillum,R1,179.05,3.01,3.0163806282290686
C056,Herbaspirillum,R1,180.05,2.96,2.9568928375772967
C056,Herbaspirillum,R1,181.05,2.9,2.8962513923603446
C056,Herbaspirillum,R1,182.05,2.84,2.8341705799615147
C056,Herbaspirillum,R1,183.05,2.77,2.7705716861119827
C056,Herbaspirillum,R1,184.05,2.7,2.706203454351688
C056,Herbaspirillum,R1,185.05,2.63,2.6417149155176203
C056,Herbaspirillum,R1,186.05,2.58,2.5765287918261905
C056,Herbaspirillum,R1,187.05,2.52,2.509837305066439
C056,Herbaspirillum,R1,188.05,2.45,2.441136983938497
C056,Herbaspirillum,R1,189.05,2.36,2.3702090573883816
C057,Herbaspirillum,R2,60.05,7.02,7.018261988702255
C057,Herbaspirillum,R2,61.05,7.02,7.016631027796773
C057,Herbaspirillum,R2,62.05,7.02,7.013207040446234
C057,Herbaspirillum,R2,63.05,7.01,7.008273491334543
C057,Herbaspirillum,R2,64.05,6.99,7.002719191456217
C057,Herbaspirillum,R2,65.05,7,6.997378726159133
C057,Herbaspirillum,R2,66.05,6.99,6.992264431893972
C057,Herbaspirillum,R2,67.05,6.99,6.987218421059333
C057,Herbaspirillum,R2,68.05,6.98,6.982224158742693
C057,Herbaspirillum,R2,69.05,6.97,6.977189942880101
C057,Herbaspirillum,R2,70.05,6.98,6.971582050113012
C057,Herbaspirillum,R2,71.05,6.97,6.964885049050965
C057,Herbaspirillum,R2,72.05,6.96,6.957098697470449
C057,Herbaspirillum,R2,73.05,6.95,6.948501879052938
C057,Herbaspirillum,R2,74.05,6.93,6.93997479193293
C057,Herbaspirillum,R2,75.05,6.93,6.93235302108605
C057,Herbaspirillum,R2,76.05,6.93,6.925692384399472
C057,Herbaspirillum,R2,77.05,6.91,6.919796958312261
C057,Herbaspirillum,R2,78.05,6.92,6.914243620559523
C057,Herbaspirillum,R2,79.05,6.91,6.9085614227841665
C057,Herbaspirillum,R2,80.05,6.9,6.902315310964279
C057,Herbaspirillum,R2,81.05,6.9,6.8951251500633886
C057,Herbaspirillum,R2,82.05,6.89,6.886794586651589
C057,Herbaspirillum,R2,83.05,6.88,6.877305679846002
C057,Herbaspirillum,R2,84.05,6.86,6.86717035734532
C057,Herbaspirillum,R2,85.05,6.86,6.856949865554735
C057,Herbaspirillum,R2,86.05,6.84,6.846872857123905
C057,Herbaspirillum,R2,87.05,6.84,6.836999767300555
C057,Herbaspirillum,R2,88.05,6.83,6.827050755480212
C057,Herbaspirillum,R2,89.05,6.82,6.8168233348504135
C057,Herbaspirillum,R2,90.05,6.81,6.806764709618958
C057,Herbaspirillum,R2,91.05,6.78,6.797383585475928
C057,Herbaspirillum,R2,92.05,6.79,6.788784983020343
C057,Herbaspirillum,R2,93.05,6.78,6.780764053212809
C057,Herbaspirillum,R2,94.05,6.78,6.772280153551369
C057,Herbaspirillum,R2,95.05,6.77,6.762347929025005
C057,Herbaspirillum,R2,96.05,6.75,6.751038968049056
C057,Herbaspirillum,R2,97.05,6.74,6.738778982284787
C057,Herbaspirillum,R2,98.05,6.72,6.7263532329508315
C057,Herbaspirillum,R2,99.05,6.71,6.714436574589284
C057,Herbaspirillum,R2,100.05,6.7,6.702902685478652
C057,Herbaspirillum,R2,101.05,6.7,6.691433884509303
C057,Herbaspirillum,R2,102.05,6.68,6.6797482292825485
C057,Herbaspirillum,R2,103.05,6.66,6.66761032080371
C057,Herbaspirillum,R2,104.05,6.66,6.654935194983203
C057,Herbaspirillum,R2,105.05,6.64,6.641615346877952
C057,Herbaspirillum,R2,106.05,6.63,6.627302673225854
C057,Herbaspirillum,R2,107.05,6.62,6.611767922977232
C057,Herbaspirillum,R2,108.05,6.59,6.595497852251127
C057,Herbaspirillum,R2,109.05,6.57,6.579026996365107
C057,Herbaspirillum,R2,110.05,6.57,6.562365000262073
C057,Herbaspirillum,R2,111.05,6.55,6.545474680573571
C057,Herbaspirillum,R2,112.05,6.52,6.528656431060388
C057,Herbaspirillum,R2,113.05,6.51,6.5121701019547835
C057,Herbaspirillum,R2,114.05,6.5,6.495775792245666
C057,Herbaspirillum,R2,115.05,6.48,6.479196714701188
C057,Herbaspirillum,R2,116.05,6.47,6.462508288449793
C057,Herbaspirillum,R2,117.05,6.43,6.445846574707865
C057,Herbaspirillum,R2,118.05,6.43,6.429237996683266
C057,Herbaspirillum,R2,119.05,6.42,6.412556656344561
C057,Herbaspirillum,R2,120.05,6.39,6.395177008711679
C057,Herbaspirillum,R2,121.05,6.39,6.376548511218095
C057,Herbaspirillum,R2,122.05,6.35,6.3569202779001435
C057,Herbaspirillum,R2,123.05,6.33,6.336650703042594
C057,Herbaspirillum,R2,124.05,6.32,6.315735645321119
C057,Herbaspirillum,R2,125.05,6.3,6.294100739996457
C057,Herbaspirillum,R2,126.05,6.26,6.271753264278701
C057,Herbaspirillum,R2,127.05,6.26,6.248717037419396
C057,Herbaspirillum,R2,128.05,6.22,6.225000404886566
C057,Herbaspirillum,R2,129.05,6.2,6.200617048736955
C057,Herbaspirillum,R2,130.05,6.18,6.175617471165696
C057,Herbaspirillum,R2,131.05,6.15,6.150105407779154
C057,Herbaspirillum,R2,132.05,6.12,6.124360707690244
C057,Herbaspirillum,R2,133.05,6.1,6.0986692282380925
C057,Herbaspirillum,R2,134.05,6.07,6.073164746160112
C057,Herbaspirillum,R2,135.05,6.04,6.04778740112547
C057,Herbaspirillum,R2,136.05,6.03,6.02185486513204
C057,Herbaspirillum,R2,137.05,6,5.994675178072053
C057,Herbaspirillum,R2,138.05,5.97,5.966140319086468
C057,Herbaspirillum,R2,139.05,5.93,5.936351026847762
C057,Herbaspirillum,R2,140.05,5.9,5.905659138905767
C057,Herbaspirillum,R2,141.05,5.88,5.874364383723177
C057,Herbaspirillum,R2,142.05,5.85,5.842306954536796
C057,Herbaspirillum,R2,143.05,5.8,5.809346424437238
C057,Herbaspirillum,R2,144.05,5.78,5.775879421156254
C057,Herbaspirillum,R2,145.05,5.74,5.742350773233449
C057,Herbaspirillum,R2,146.05,5.7,5.708861057798702
C057,Herbaspirillum,R2,147.05,5.68,5.675307918938286
C057,Herbaspirillum,R2,148.05,5.64,5.641121519973796
C057,Herbaspirillum,R2,149.05,5.61,5.605663172282192
C057,Herbaspirillum,R2,150.05,5.57,5.568486260226601
C057,Herbaspirillum,R2,151.05,5.54,5.529407609983555
C057,Herbaspirillum,R2,152.05,5.48,5.489105741997041
C057,Herbaspirillum,R2,153.05,5.44,5.448300459377003
C057,Herbaspirillum,R2,154.05,5.41,5.407015001629795
C057,Herbaspirillum,R2,155.05,5.37,5.365114697325781
C057,Herbaspirillum,R2,156.05,5.32,5.322529794895008
C057,Herbaspirillum,R2,157.05,5.27,5.279137577056411
C057,Herbaspirillum,R2,158.05,5.25,5.234538543824816
C057,Herbaspirillum,R2,159.05,5.19,5.188433010097229
C057,Herbaspirillum,R2,160.05,5.13,5.141197333003512
C057,Herbaspirillum,R2,161.05,5.1,5.093304141707098
C057,Herbaspirillum,R2,162.05,5.04,5.044935111272857
C057,Herbaspirillum,R2,163.05,4.99,4.996082737678168
C057,Herbaspirillum,R2,164.05,4.95,4.946273754649007
C057,Herbaspirillum,R2,165.05,4.9,4.8949842430580865
C057,Herbaspirillum,R2,166.05,4.85,4.841953434616487
C057,Herbaspirillum,R2,167.05,4.78,4.787125506127005
C057,Herbaspirillum,R2,168.05,4.72,4.731001263920955
C057,Herbaspirillum,R2,169.05,4.68,4.673960507355697
C057,Herbaspirillum,R2,170.05,4.62,4.6153423783641845
C057,Herbaspirillum,R2,171.05,4.56,4.554490591234766
C057,Herbaspirillum,R2,172.05,4.49,4.491807807101753
C057,Herbaspirillum,R2,173.05,4.42,4.427876813966113
C057,Herbaspirillum,R2,174.05,4.36,4.362941960449536
C057,Herbaspirillum,R2,175.05,4.3,4.297021420303064
C057,Herbaspirillum,R2,176.05,4.23,4.229567107174419
C057,Herbaspirillum,R2,177.05,4.17,4.160054453347419
C057,Herbaspirillum,R2,178.05,4.08,4.088619225753575
C057,Herbaspirillum,R2,179.05,4.02,4.0155602781822
C057,Herbaspirillum,R2,180.05,3.94,3.9411684772060966
C057,Herbaspirillum,R2,181.05,3.86,3.8656867061003677
C057,Herbaspirillum,R2,182.05,3.79,3.7891739021657913
C057,Herbaspirillum,R2,183.05,3.71,3.711541291597887
C057,Herbaspirillum,R2,184.05,3.63,3.6322932021454704
C057,Herbaspirillum,R2,185.05,3.56,3.5509155286710943
C057,Herbaspirillum,R2,186.05,3.47,3.4672273329389327
C057,Herbaspirillum,R2,187.05,3.37,3.381168579740393
C057,Herbaspirillum,R2,188.05,3.3,3.2928296790741927
C057,Herbaspirillum,R2,189.05,3.2,3.2022871377349396
C057,Herbaspirillum,R2,190.05,3.11,3.1094114044935335
C057,Herbaspirillum,R2,191.05,3.02,3.0140979628087403
C058,Herbaspirillum,R3,72.05,6.43,6.420230344844424
C058,Herbaspirillum,R3,73.05,6.42,6.419729759914234
C058,Herbaspirillum,R3,74.05,6.42,6.417358469858292
C058,Herbaspirillum,R3,75.05,6.41,6.413518533500853
C058,Herbaspirillum,R3,76.05,6.41,6.408675758258742
C058,Herbaspirillum,R3,77.05,6.4,6.40326288527881
C058,Herbaspirillum,R3,78.05,6.4,6.397516642035428
C058,Herbaspirillum,R3,79.05,6.39,6.391627313655654
C058,Herbaspirillum,R3,80.05,6.38,6.385795429549843
C058,Herbaspirillum,R3,81.05,6.38,6.380089697491289
C058,Herbaspirillum,R3,82.05,6.38,6.374041294421802
C058,Herbaspirillum,R3,83.05,6.37,6.3672026792698295
C058,Herbaspirillum,R3,84.05,6.36,6.359748969741832
C058,Herbaspirillum,R3,85.05,6.35,6.352014871565289
C058,Herbaspirillum,R3,86.05,6.34,6.344350783773747
C058,Herbaspirillum,R3,87.05,6.34,6.337039631754273
C058,Herbaspirillum,R3,88.05,6.33,6.33007875300199
C058,Herbaspirillum,R3,89.05,6.32,6.323395708906069
C058,Herbaspirillum,R3,90.05,6.32,6.316924544323833
C058,Herbaspirillum,R3,91.05,6.31,6.310605197452727
C058,Herbaspirillum,R3,92.05,6.3,6.304394696382538
C058,Herbaspirillum,R3,93.05,6.3,6.298176804755097
C058,Herbaspirillum,R3,94.05,6.29,6.29152513852811
C058,Herbaspirillum,R3,95.05,6.29,6.284007186549392
C058,Herbaspirillum,R3,96.05,6.28,6.2754760769113584
C058,Herbaspirillum,R3,97.05,6.26,6.265949208900199
C058,Herbaspirillum,R3,98.05,6.26,6.2558154273325846
C058,Herbaspirillum,R3,99.05,6.24,6.245505519171877
C058,Herbaspirillum,R3,100.05,6.24,6.235246594437719
C058,Herbaspirillum,R3,101.05,6.22,6.225194579558139
C058,Herbaspirillum,R3,102.05,6.21,6.215424343538436
C058,Herbaspirillum,R3,103.05,6.21,6.205869278151522
C058,Herbaspirillum,R3,104.05,6.2,6.1959779236635075
C058,Herbaspirillum,R3,105.05,6.19,6.18527355594821
C058,Herbaspirillum,R3,106.05,6.17,6.1740632448170585
C058,Herbaspirillum,R3,107.05,6.16,6.16278438162404
C058,Herbaspirillum,R3,108.05,6.15,6.151611849955742
C058,Herbaspirillum,R3,109.05,6.14,6.140571119810737
C058,Herbaspirillum,R3,110.05,6.13,6.129352514602937
C058,Herbaspirillum,R3,111.05,6.12,6.117605968185176
C058,Herbaspirillum,R3,112.05,6.11,6.105155002750619
C058,Herbaspirillum,R3,113.05,6.09,6.091977617193894
C058,Herbaspirillum,R3,114.05,6.08,6.078496128875137
C058,Herbaspirillum,R3,115.05,6.06,6.0651787969815425
C058,Herbaspirillum,R3,116.05,6.05,6.052233329543042
C058,Herbaspirillum,R3,117.05,6.04,6.039728699755837
C058,Herbaspirillum,R3,118.05,6.03,6.02743949263853
C058,Herbaspirillum,R3,119.05,6.01,6.015045317679179
C058,Herbaspirillum,R3,120.05,6,6.002140270421273
C058,Herbaspirillum,R3,121.05,6,5.988321100295351
C058,Herbaspirillum,R3,122.05,5.97,5.973280686224736
C058,Herbaspirillum,R3,123.05,5.96,5.956857021766492
C058,Herbaspirillum,R3,124.05,5.94,5.9393724295198735
C058,Herbaspirillum,R3,125.05,5.92,5.921283724471057
C058,Herbaspirillum,R3,126.05,5.9,5.903101362111682
C058,Herbaspirillum,R3,127.05,5.88,5.885218305263729
C058,Herbaspirillum,R3,128.05,5.87,5.867503905565041
C058,Herbaspirillum,R3,129.05,5.85,5.849678116231491
C058,Herbaspirillum,R3,130.05,5.83,5.831386907975186
C058,Herbaspirillum,R3,131.05,5.82,5.81231350307108
C058,Herbaspirillum,R3,132.05,5.79,5.792364112549295
C058,Herbaspirillum,R3,133.05,5.78,5.77164139152195
C058,Herbaspirillum,R3,134.05,5.74,5.750810782673998
C058,Herbaspirillum,R3,135.05,5.73,5.730529518539746
C058,Herbaspirillum,R3,136.05,5.7,5.710859203478038
C058,Herbaspirillum,R3,137.05,5.7,5.691554355493876
C058,Herbaspirillum,R3,138.05,5.67,5.671736775352302
C058,Herbaspirillum,R3,139.05,5.66,5.6505564979842875
C058,Herbaspirillum,R3,140.05,5.63,5.627909212224444
C058,Herbaspirillum,R3,141.05,5.6,5.603964594084591
C058,Herbaspirillum,R3,142.05,5.58,5.579242614381733
C058,Herbaspirillum,R3,143.05,5.55,5.554267947509825
C058,Herbaspirillum,R3,144.05,5.53,5.529233787365448
C058,Herbaspirillum,R3,145.05,5.5,5.504165667138925
C058,Herbaspirillum,R3,146.05,5.48,5.478749957692888
C058,Herbaspirillum,R3,147.05,5.46,5.4526503747663
C058,Herbaspirillum,R3,148.05,5.42,5.425779175931127
C058,Herbaspirillum,R3,149.05,5.4,5.398116993445927
C058,Herbaspirillum,R3,150.05,5.37,5.369669416482624
C058,Herbaspirillum,R3,151.05,5.34,5.340446066293623
C058,Herbaspirillum,R3,152.05,5.31,5.310447735539861
C058,Herbaspirillum,R3,153.05,5.28,5.279679121793757
C058,Herbaspirillum,R3,154.05,5.25,5.248169370865103
C058,Herbaspirillum,R3,155.05,5.21,5.215922107822674
C058,Herbaspirillum,R3,156.05,5.19,5.182814426533841
C058,Herbaspirillum,R3,157.05,5.15,5.148774588251476
C058,Herbaspirillum,R3,158.05,5.11,5.114062054971857
C058,Herbaspirillum,R3,159.05,5.08,5.078972696635332
C058,Herbaspirillum,R3,160.05,5.04,5.043616814215126
C058,Herbaspirillum,R3,161.05,5.01,5.008032351095462
C058,Herbaspirillum,R3,162.05,4.97,4.972153389271701
C058,Herbaspirillum,R3,163.05,4.93,4.935796002286543
C058,Herbaspirillum,R3,164.05,4.91,4.898408091260916
C058,Herbaspirillum,R3,165.05,4.86,4.8595192831607115
C058,Herbaspirillum,R3,166.05,4.82,4.819354280753475
C058,Herbaspirillum,R3,167.05,4.77,4.77826165233232
C058,Herbaspirillum,R3,168.05,4.74,4.736390352490986
C058,Herbaspirillum,R3,169.05,4.69,4.6937540648593385
C058,Herbaspirillum,R3,170.05,4.65,4.65002500291112
C058,Herbaspirillum,R3,171.05,4.61,4.604820962125943
C058,Herbaspirillum,R3,172.05,4.56,4.557883536163041
C058,Herbaspirillum,R3,173.05,4.51,4.509115646279466
C058,Herbaspirillum,R3,174.05,4.46,4.458941725943932
C058,Herbaspirillum,R3,175.05,4.4,4.4078533589053945
C058,Herbaspirillum,R3,176.05,4.36,4.356089217822077
C058,Herbaspirillum,R3,177.05,4.3,4.303762816476839
C058,Herbaspirillum,R3,178.05,4.25,4.2507399442418174
C058,Herbaspirillum,R3,179.05,4.2,4.196810724694157
C058,Herbaspirillum,R3,180.05,4.14,4.141710342641717
C058,Herbaspirillum,R3,181.05,4.09,4.085223500489617
C058,Herbaspirillum,R3,182.05,4.02,4.027387909801289
C058,Herbaspirillum,R3,183.05,3.97,3.9682131087828867
C058,Herbaspirillum,R3,184.05,3.91,3.9073429330531644
C058,Herbaspirillum,R3,185.05,3.85,3.844465695921097
C058,Herbaspirillum,R3,186.05,3.78,3.779813324043901
C058,Herbaspirillum,R3,187.05,3.71,3.7137739240363397
C058,Herbaspirillum,R3,188.05,3.64,3.6468167089951002
C058,Herbaspirillum,R3,189.05,3.58,3.5792520102385597
C058,Herbaspirillum,R3,190.05,3.51,3.510673525489953
C058,Herbaspirillum,R3,191.05,3.44,3.4405043571092113
C059,Herbaspirillum,R4,55.05,5.68,5.674815924730845
C059,Herbaspirillum,R4,56.05,5.68,5.673360612215428
C059,Herbaspirillum,R4,57.05,5.67,5.669107425350043
C059,Herbaspirillum,R4,58.05,5.66,5.663092184297033
C059,Herbaspirillum,R4,59.05,5.65,5.6564362877279475
C059,Herbaspirillum,R4,60.05,5.65,5.6497825349513375
C059,Herbaspirillum,R4,61.05,5.64,5.643519461333091
C059,Herbaspirillum,R4,62.05,5.63,5.637497145831454
C059,Herbaspirillum,R4,63.05,5.64,5.631376477903961
C059,Herbaspirillum,R4,64.05,5.64,5.624600045412953
C059,Herbaspirillum,R4,65.05,5.61,5.616882059647536
C059,Herbaspirillum,R4,66.05,5.6,5.609241527199082
C059,Herbaspirillum,R4,67.05,5.6,5.602716845681589
C059,Herbaspirillum,R4,68.05,5.6,5.597119181497306
C059,Herbaspirillum,R4,69.05,5.59,5.591980345437055
C059,Herbaspirillum,R4,70.05,5.59,5.5869419570577215
C059,Herbaspirillum,R4,71.05,5.58,5.5816936358744496
C059,Herbaspirillum,R4,72.05,5.58,5.576007192469367
C059,Herbaspirillum,R4,73.05,5.57,5.569723257519609
C059,Herbaspirillum,R4,74.05,5.56,5.56287555101535
C059,Herbaspirillum,R4,75.05,5.56,5.555570069784644
C059,Herbaspirillum,R4,76.05,5.55,5.548008828694033
C059,Herbaspirillum,R4,77.05,5.53,5.540398285982148
C059,Herbaspirillum,R4,78.05,5.54,5.532866655337486
C059,Herbaspirillum,R4,79.05,5.52,5.525469690599131
C059,Herbaspirillum,R4,80.05,5.52,5.51805155075863
C059,Herbaspirillum,R4,81.05,5.51,5.510392048844081
C059,Herbaspirillum,R4,82.05,5.5,5.50222520887736
C059,Herbaspirillum,R4,83.05,5.5,5.493283910927311
C059,Herbaspirillum,R4,84.05,5.48,5.48334224825691
C059,Herbaspirillum,R4,85.05,5.48,5.472311233392633
C059,Herbaspirillum,R4,86.05,5.46,5.460608342720834
C059,Herbaspirillum,R4,87.05,5.44,5.448723134262968
C059,Herbaspirillum,R4,88.05,5.44,5.436927028721019
C059,Herbaspirillum,R4,89.05,5.43,5.425446100707667
C059,Herbaspirillum,R4,90.05,5.41,5.414543177797872
C059,Herbaspirillum,R4,91.05,5.4,5.404423228061712
C059,Herbaspirillum,R4,92.05,5.39,5.395023028587452
C059,Herbaspirillum,R4,93.05,5.39,5.386081073697625
C059,Herbaspirillum,R4,94.05,5.38,5.376810917633664
C059,Herbaspirillum,R4,95.05,5.37,5.366466434059438
C059,Herbaspirillum,R4,96.05,5.36,5.354987714409681
C059,Herbaspirillum,R4,97.05,5.34,5.342570755434653
C059,Herbaspirillum,R4,98.05,5.32,5.329748957375866
C059,Herbaspirillum,R4,99.05,5.32,5.3169599230363715
C059,Herbaspirillum,R4,100.05,5.31,5.303920661974112
C059,Herbaspirillum,R4,101.05,5.29,5.290301615715776
C059,Herbaspirillum,R4,102.05,5.27,5.276307546908153
C059,Herbaspirillum,R4,103.05,5.27,5.262245415746982
C059,Herbaspirillum,R4,104.05,5.24,5.248296651503718
C059,Herbaspirillum,R4,105.05,5.23,5.234484199167698
C059,Herbaspirillum,R4,106.05,5.23,5.2203225975240795
C059,Herbaspirillum,R4,107.05,5.21,5.205357223424183
C059,Herbaspirillum,R4,108.05,5.18,5.189765212188138
C059,Herbaspirillum,R4,109.05,5.18,5.173816124245582
C059,Herbaspirillum,R4,110.05,5.15,5.157517461995377
C059,Herbaspirillum,R4,111.05,5.15,5.14081527809356
C059,Herbaspirillum,R4,112.05,5.12,5.123671884255628
C059,Herbaspirillum,R4,113.05,5.11,5.106136283877905
C059,Herbaspirillum,R4,114.05,5.08,5.088587988020547
C059,Herbaspirillum,R4,115.05,5.07,5.071295884760173
C059,Herbaspirillum,R4,116.05,5.05,5.053755862575418
C059,Herbaspirillum,R4,117.05,5.05,5.03535729203102
C059,Herbaspirillum,R4,118.05,5.02,5.015836471634077
C059,Herbaspirillum,R4,119.05,4.99,4.995222733311379
C059,Herbaspirillum,R4,120.05,4.97,4.974370614726102
C059,Herbaspirillum,R4,121.05,4.95,4.9541001227422035
C059,Herbaspirillum,R4,122.05,4.93,4.9342679352903644
C059,Herbaspirillum,R4,123.05,4.92,4.914442781767278
C059,Herbaspirillum,R4,124.05,4.9,4.8940049263669545
C059,Herbaspirillum,R4,125.05,4.87,4.872482346230777
C059,Herbaspirillum,R4,126.05,4.86,4.850182335492302
C059,Herbaspirillum,R4,127.05,4.81,4.8275597036511515
C059,Herbaspirillum,R4,128.05,4.81,4.80488000467905
C059,Herbaspirillum,R4,129.05,4.78,4.782224836167539
C059,Herbaspirillum,R4,130.05,4.76,4.759129225715366
C059,Herbaspirillum,R4,131.05,4.74,4.735097489066206
C059,Herbaspirillum,R4,132.05,4.71,4.710057664536248
C059,Herbaspirillum,R4,133.05,4.68,4.684017179835358
C059,Herbaspirillum,R4,134.05,4.66,4.656877297675566
C059,Herbaspirillum,R4,135.05,4.64,4.628655206624425
C059,Herbaspirillum,R4,136.05,4.58,4.599937963669381
C059,Herbaspirillum,R4,137.05,4.57,4.571181938626131
C059,Herbaspirillum,R4,138.05,4.55,4.541750884203514
C059,Herbaspirillum,R4,139.05,4.52,4.510944808689142
C059,Herbaspirillum,R4,140.05,4.47,4.478901359792572
C059,Herbaspirillum,R4,141.05,4.45,4.445955224265735
C059,Herbaspirillum,R4,142.05,4.41,4.412391605608103
C059,Herbaspirillum,R4,143.05,4.38,4.378475557012414
C059,Herbaspirillum,R4,144.05,4.34,4.344441013696936
C059,Herbaspirillum,R4,145.05,4.31,4.310446115356975
C059,Herbaspirillum,R4,146.05,4.28,4.276376937570465
C059,Herbaspirillum,R4,147.05,4.24,4.242078189761563
C059,Herbaspirillum,R4,148.05,4.2,4.2075011808567355
C059,Herbaspirillum,R4,149.05,4.18,4.172517060628653
C059,Herbaspirillum,R4,150.05,4.13,4.136569742732522
C059,Herbaspirillum,R4,151.05,4.11,4.099087414589851
C059,Herbaspirillum,R4,152.05,4.06,4.059862594804838
C059,Herbaspirillum,R4,153.05,4.02,4.018888460859485
C059,Herbaspirillum,R4,154.05,3.97,3.976596494564351
C059,Herbaspirillum,R4,155.05,3.94,3.933453398513181
C059,Herbaspirillum,R4,156.05,3.88,3.889628454103924
C059,Herbaspirillum,R4,157.05,3.85,3.8451759249029824
C059,Herbaspirillum,R4,158.05,3.8,3.7999874243463836
C059,Herbaspirillum,R4,159.05,3.75,3.7539062762634825
C059,Herbaspirillum,R4,160.05,3.71,3.7067452961873384
C059,Herbaspirillum,R4,161.05,3.66,3.6583298863643536
C059,Herbaspirillum,R4,162.05,3.61,3.608566304190605
C059,Herbaspirillum,R4,163.05,3.56,3.5574794101233485
C059,Herbaspirillum,R4,164.05,3.5,3.5054876217148667
C059,Herbaspirillum,R4,165.05,3.45,3.452976302900048
C059,Herbaspirillum,R4,166.05,3.4,3.3998050460491966
C059,Herbaspirillum,R4,167.05,3.35,3.345728007588973
C059,Herbaspirillum,R4,168.05,3.29,3.2906033717360637
C059,Herbaspirillum,R4,169.05,3.23,3.2343084230894372
C059,Herbaspirillum,R4,170.05,3.18,3.1766928199871227
C059,Herbaspirillum,R4,171.05,3.12,3.1176182594969744
C059,Herbaspirillum,R4,172.05,3.05,3.0570222198670653
C059,Herbaspirillum,R4,173.05,3,2.9948163218237873
C059,Herbaspirillum,R4,174.05,2.93,2.9307329748266016
C059,Herbaspirillum,R4,175.05,2.87,2.864550204175984
C059,Herbaspirillum,R4,176.05,2.79,2.7964077098033715
C059,Herbaspirillum,R4,177.05,2.73,2.7265058339079484
C059,Herbaspirillum,R4,178.05,2.66,2.6549258131289215
C059,Herbaspirillum,R4,179.05,2.58,2.581840113478473
C059,Herbaspirillum,R4,180.05,2.5,2.5079052240206527
C059,Herbaspirillum,R4,181.05,2.43,2.433655673108227
C059,Herbaspirillum,R4,182.05,2.36,2.358654123196954
C059,Herbaspirillum,R4,183.05,2.29,2.282310250918987
C059,Herbaspirillum,R4,184.05,2.2,2.2043936555090657
C059,Herbaspirillum,R4,185.05,2.12,2.1247219599442952
C059,Herbaspirillum,R4,186.05,2.05,2.042944959568625
C059,Herbaspirillum,R4,187.05,1.96,1.9587298561069892
C059,Herbaspirillum,R4,188.05,1.87,1.8719813044414215
C059,Herbaspirillum,R4,189.05,1.79,1.7827324824733877
C059,Herbaspirillum,R4,190.05,1.68,1.6912932070250122
C060,Herbaspirillum,R5,55.05,6.1,6.090278954766359
C060,Herbaspirillum,R5,56.05,6.09,6.088533471939689
C060,Herbaspirillum,R5,57.05,6.08,6.084734348599836
C060,Herbaspirillum,R5,58.05,6.08,6.079707278524699
C060,Herbaspirillum,R5,59.05,6.07,6.0742646764728425
C060,Herbaspirillum,R5,60.05,6.07,6.06874612233028
C060,Herbaspirillum,R5,61.05,6.06,6.063334062403597
C060,Herbaspirillum,R5,62.05,6.06,6.058055243554221
C060,Herbaspirillum,R5,63.05,6.05,6.0528734249514775
C060,Herbaspirillum,R5,64.05,6.05,6.047656114441467
C060,Herbaspirillum,R5,65.05,6.04,6.042242253088683
C060,Herbaspirillum,R5,66.05,6.04,6.036452766154424
C060,Herbaspirillum,R5,67.05,6.03,6.030140847770432
C060,Herbaspirillum,R5,68.05,6.02,6.023306783353408
C060,Herbaspirillum,R5,69.05,6.02,6.015970255029203
C060,Herbaspirillum,R5,70.05,6.01,6.008081440475317
C060,Herbaspirillum,R5,71.05,6,5.99966653934369
C060,Herbaspirillum,R5,72.05,5.99,5.991125343632395
C060,Herbaspirillum,R5,73.05,5.98,5.98289082870339
C060,Herbaspirillum,R5,74.05,5.97,5.975155111028054
C060,Herbaspirillum,R5,75.05,5.97,5.967922626892231
C060,Herbaspirillum,R5,76.05,5.96,5.9606879507301995
C060,Herbaspirillum,R5,77.05,5.96,5.9529303311017445
C060,Herbaspirillum,R5,78.05,5.95,5.944577574920229
C060,Herbaspirillum,R5,79.05,5.93,5.935784887150747
C060,Herbaspirillum,R5,80.05,5.92,5.927168506611729
C060,Herbaspirillum,R5,81.05,5.92,5.91923039916358
C060,Herbaspirillum,R5,82.05,5.91,5.9115544049812625
C060,Herbaspirillum,R5,83.05,5.91,5.903576502157242
C060,Herbaspirillum,R5,84.05,5.9,5.895059346139424
C060,Herbaspirillum,R5,85.05,5.88,5.885957163075545
C060,Herbaspirillum,R5,86.05,5.88,5.876663784557207
C060,Herbaspirillum,R5,87.05,5.86,5.867584681318579
C060,Herbaspirillum,R5,88.05,5.86,5.858732275220233
C060,Herbaspirillum,R5,89.05,5.85,5.849947283077203
C060,Herbaspirillum,R5,90.05,5.84,5.840776650395952
C060,Herbaspirillum,R5,91.05,5.84,5.830824328441722
C060,Herbaspirillum,R5,92.05,5.82,5.820216062823406
C060,Herbaspirillum,R5,93.05,5.8,5.809189589234376
C060,Herbaspirillum,R5,94.05,5.8,5.7979088093622
C060,Herbaspirillum,R5,95.05,5.79,5.786478733402751
C060,Herbaspirillum,R5,96.05,5.78,5.774842639590906
C060,Herbaspirillum,R5,97.05,5.76,5.763040524140762
C060,Herbaspirillum,R5,98.05,5.74,5.751660987144273
C060,Herbaspirillum,R5,99.05,5.74,5.741136671220597
C060,Herbaspirillum,R5,100.05,5.74,5.730727785219882
C060,Herbaspirillum,R5,101.05,5.72,5.719596188964346
C060,Herbaspirillum,R5,102.05,5.71,5.707682779933497
C060,Herbaspirillum,R5,103.05,5.69,5.695110807346089
C060,Herbaspirillum,R5,104.05,5.68,5.681953889720558
C060,Herbaspirillum,R5,105.05,5.67,5.6681880382326
C060,Herbaspirillum,R5,106.05,5.66,5.653448465387256
C060,Herbaspirillum,R5,107.05,5.64,5.6374829963576225
C060,Herbaspirillum,R5,108.05,5.62,5.620830705659628
C060,Herbaspirillum,R5,109.05,5.6,5.604189018484398
C060,Herbaspirillum,R5,110.05,5.58,5.5880975133809905
C060,Herbaspirillum,R5,111.05,5.57,5.5728282507598275
C060,Herbaspirillum,R5,112.05,5.57,5.55774106511883
C060,Herbaspirillum,R5,113.05,5.54,5.542130301380363
C060,Herbaspirillum,R5,114.05,5.52,5.525940572077048
C060,Herbaspirillum,R5,115.05,5.52,5.5092714170442445
C060,Herbaspirillum,R5,116.05,5.49,5.492191817717985
C060,Herbaspirillum,R5,117.05,5.47,5.4748237157933275
C060,Herbaspirillum,R5,118.05,5.46,5.457531452400767
C060,Herbaspirillum,R5,119.05,5.43,5.440566225094075
C060,Herbaspirillum,R5,120.05,5.43,5.423484257684713
C060,Herbaspirillum,R5,121.05,5.41,5.405761041153956
C060,Herbaspirillum,R5,122.05,5.39,5.387244108904669
C060,Herbaspirillum,R5,123.05,5.36,5.367897042299205
C060,Herbaspirillum,R5,124.05,5.35,5.347775572116258
C060,Herbaspirillum,R5,125.05,5.33,5.326932616501761
C060,Herbaspirillum,R5,126.05,5.31,5.305317693654239
C060,Herbaspirillum,R5,127.05,5.28,5.282984429131252
C060,Herbaspirillum,R5,128.05,5.26,5.260506277873912
C060,Herbaspirillum,R5,129.05,5.23,5.238451026932435
C060,Herbaspirillum,R5,130.05,5.22,5.216843962409891
C060,Herbaspirillum,R5,131.05,5.19,5.195461961149772
C060,Herbaspirillum,R5,132.05,5.18,5.173630763904413
C060,Herbaspirillum,R5,133.05,5.16,5.150751988850396
C060,Herbaspirillum,R5,134.05,5.12,5.126981899952483
C060,Herbaspirillum,R5,135.05,5.1,5.102622038142427
C060,Herbaspirillum,R5,136.05,5.08,5.077800406431767
C060,Herbaspirillum,R5,137.05,5.05,5.052560870690538
C060,Herbaspirillum,R5,138.05,5.03,5.0267842861429495
C060,Herbaspirillum,R5,139.05,5,5.000349074676388
C060,Herbaspirillum,R5,140.05,4.97,4.973286935476723
C060,Herbaspirillum,R5,141.05,4.95,4.9456252676543295
C060,Herbaspirillum,R5,142.05,4.91,4.9172209927191
C060,Herbaspirillum,R5,143.05,4.9,4.8879360139117765
C060,Herbaspirillum,R5,144.05,4.85,4.857822638996999
C060,Herbaspirillum,R5,145.05,4.83,4.82697905246592
C060,Herbaspirillum,R5,146.05,4.79,4.7954965411918495
C060,Herbaspirillum,R5,147.05,4.77,4.763437880577144
C060,Herbaspirillum,R5,148.05,4.73,4.730758697758194
C060,Herbaspirillum,R5,149.05,4.7,4.697473563582909
C060,Herbaspirillum,R5,150.05,4.66,4.6639399720112245
C060,Herbaspirillum,R5,151.05,4.63,4.630553349190378
C060,Herbaspirillum,R5,152.05,4.59,4.597517926904749
C060,Herbaspirillum,R5,153.05,4.56,4.56474790175022
C060,Herbaspirillum,R5,154.05,4.54,4.53118852393153
C060,Herbaspirillum,R5,155.05,4.51,4.495822603405408
C060,Herbaspirillum,R5,156.05,4.45,4.458752135527677
C060,Herbaspirillum,R5,157.05,4.42,4.4203651537674356
C060,Herbaspirillum,R5,158.05,4.38,4.381074658647779
C060,Herbaspirillum,R5,159.05,4.34,4.341218989736719
C060,Herbaspirillum,R5,160.05,4.3,4.300812875727945
C060,Herbaspirillum,R5,161.05,4.26,4.259788461852742
C060,Herbaspirillum,R5,162.05,4.22,4.218071170367104
C060,Herbaspirillum,R5,163.05,4.17,4.175556862949221
C060,Herbaspirillum,R5,164.05,4.14,4.132029881941346
C060,Herbaspirillum,R5,165.05,4.09,4.087353492620437
C060,Herbaspirillum,R5,166.05,4.03,4.041818171338218
C060,Herbaspirillum,R5,167.05,4,3.9956946992979008
C060,Herbaspirillum,R5,168.05,3.95,3.9487478660338926
C060,Herbaspirillum,R5,169.05,3.9,3.9006530523979364
C060,Herbaspirillum,R5,170.05,3.85,3.8512339961799014
C060,Herbaspirillum,R5,171.05,3.81,3.800406409349361
C060,Herbaspirillum,R5,172.05,3.74,3.748305543656597
C060,Herbaspirillum,R5,173.05,3.7,3.695149953168167
C060,Herbaspirillum,R5,174.05,3.64,3.641271861435037
C060,Herbaspirillum,R5,175.05,3.58,3.586956447854276
C060,Herbaspirillum,R5,176.05,3.53,3.5321870457229303
C060,Herbaspirillum,R5,177.05,3.48,3.4767606610039214
C060,Herbaspirillum,R5,178.05,3.42,3.420030836423693
C060,Herbaspirillum,R5,179.05,3.37,3.3613931418795744
C060,Herbaspirillum,R5,180.05,3.3,3.3008547191888833
C060,Herbaspirillum,R5,181.05,3.24,3.2386545626184473
C060,Herbaspirillum,R5,182.05,3.17,3.1753475043131414
C060,Herbaspirillum,R5,183.05,3.11,3.1114830056111202
C060,Herbaspirillum,R5,184.05,3.05,3.0472732067456185
C060,Herbaspirillum,R5,185.05,2.97,2.982712322197497
C060,Herbaspirillum,R5,186.05,2.92,2.917260184543002
C060,Herbaspirillum,R5,187.05,2.86,2.8502644015997514
C060,Herbaspirillum,R5,188.05,2.78,2.781158064055465
C060,Herbaspirillum,R5,189.05,2.71,2.7095175885108915
C060,Herbaspirillum,R5,190.05,2.64,2.635407212348816
C061,Pseudomonas,R1,46.07,6.39,6.380841901054162
C061,Pseudomonas,R1,47.07,6.38,6.380789183486565
C061,Pseudomonas,R1,48.07,6.37,6.3794892164309935
C061,Pseudomonas,R1,49.07,6.37,6.377271771935211
C061,Pseudomonas,R1,50.07,6.38,6.374317380831272
C061,Pseudomonas,R1,51.07,6.38,6.3700990913181545
C061,Pseudomonas,R1,52.07,6.36,6.364102555765301
C061,Pseudomonas,R1,53.07,6.37,6.356571325857054
C061,Pseudomonas,R1,54.07,6.35,6.34811820536117
C061,Pseudomonas,R1,55.07,6.32,6.340075107064146
C061,Pseudomonas,R1,56.07,6.33,6.333622327274561
C061,Pseudomonas,R1,57.07,6.32,6.328614587370625
C061,Pseudomonas,R1,58.07,6.34,6.324501813478156
C061,Pseudomonas,R1,59.07,6.31,6.320440325643829
C061,Pseudomonas,R1,60.07,6.33,6.3156783857603775
C061,Pseudomonas,R1,61.07,6.31,6.31012562918393
C061,Pseudomonas,R1,62.07,6.3,6.30385703463646
C061,Pseudomonas,R1,63.07,6.3,6.2969879963332245
C061,Pseudomonas,R1,64.07,6.29,6.289795570462576
C061,Pseudomonas,R1,65.07,6.28,6.282576310699145
C061,Pseudomonas,R1,66.07,6.27,6.275543098689564
C061,Pseudomonas,R1,67.07,6.27,6.26879979514966
C061,Pseudomonas,R1,68.07,6.27,6.262097849100038
C061,Pseudomonas,R1,69.07,6.25,6.255191696470546
C061,Pseudomonas,R1,70.07,6.24,6.248200132523283
C061,Pseudomonas,R1,71.07,6.24,6.241148930513208
C061,Pseudomonas,R1,72.07,6.25,6.233327416334509
C061,Pseudomonas,R1,73.07,6.22,6.22407182900038
C061,Pseudomonas,R1,74.07,6.22,6.213642507360825
C061,Pseudomonas,R1,75.07,6.2,6.2025505073482
C061,Pseudomonas,R1,76.07,6.19,6.191385653387458
C061,Pseudomonas,R1,77.07,6.17,6.180757462026699
C061,Pseudomonas,R1,78.07,6.17,6.171078272857971
C061,Pseudomonas,R1,79.07,6.17,6.161971717649126
C061,Pseudomonas,R1,80.07,6.15,6.152947504687218
C061,Pseudomonas,R1,81.07,6.14,6.143848356160358
C061,Pseudomonas,R1,82.07,6.14,6.134570352726643
C061,Pseudomonas,R1,83.07,6.13,6.12488999502305
C061,Pseudomonas,R1,84.07,6.11,6.114653864978577
C061,Pseudomonas,R1,85.07,6.1,6.104108449711398
C061,Pseudomonas,R1,86.07,6.09,6.0934452632715
C061,Pseudomonas,R1,87.07,6.09,6.082236022246929
C061,Pseudomonas,R1,88.07,6.07,6.070013265066162
C061,Pseudomonas,R1,89.07,6.06,6.05677261498136
C061,Pseudomonas,R1,90.07,6.05,6.042662672546129
C061,Pseudomonas,R1,91.07,6.01,6.02798086269622
C061,Pseudomonas,R1,92.07,6.02,6.013061816462919
C061,Pseudomonas,R1,93.07,6,5.9981497327580495
C061,Pseudomonas,R1,94.07,5.98,5.9831270820155895
C061,Pseudomonas,R1,95.07,5.97,5.96786591971734
C061,Pseudomonas,R1,96.07,5.96,5.952558370014232
C061,Pseudomonas,R1,97.07,5.92,5.937400188053734
C061,Pseudomonas,R1,98.07,5.92,5.922281584300308
C061,Pseudomonas,R1,99.07,5.92,5.906969378510304
C061,Pseudomonas,R1,100.07,5.9,5.8910423722905945
C061,Pseudomonas,R1,101.07,5.86,5.874191738527336
C061,Pseudomonas,R1,102.07,5.86,5.85674615337327
C061,Pseudomonas,R1,103.07,5.84,5.839087746559109
C061,Pseudomonas,R1,104.07,5.82,5.821174958860846
C061,Pseudomonas,R1,105.07,5.8,5.802873442928201
C061,Pseudomonas,R1,106.07,5.79,5.784101387860545
C061,Pseudomonas,R1,107.07,5.76,5.764790116869661
C061,Pseudomonas,R1,108.07,5.75,5.744898939405005
C061,Pseudomonas,R1,109.07,5.72,5.724499109866728
C061,Pseudomonas,R1,110.07,5.7,5.703629490202787
C061,Pseudomonas,R1,111.07,5.69,5.682087427601684
C061,Pseudomonas,R1,112.07,5.66,5.659673201051689
C061,Pseudomonas,R1,113.07,5.63,5.6364403314996085
C061,Pseudomonas,R1,114.07,5.62,5.6125101175460435
C061,Pseudomonas,R1,115.07,5.59,5.588021726448236
C061,Pseudomonas,R1,116.07,5.55,5.56310699138873
C061,Pseudomonas,R1,117.07,5.55,5.537850540594635
C061,Pseudomonas,R1,118.07,5.5,5.512305943762524
C061,Pseudomonas,R1,119.07,5.5,5.4864497414222315
C061,Pseudomonas,R1,120.07,5.45,5.4602086488440476
C061,Pseudomonas,R1,121.07,5.43,5.433387109426792
C061,Pseudomonas,R1,122.07,5.41,5.405758998601422
C061,Pseudomonas,R1,123.07,5.38,5.377075592833399
C061,Pseudomonas,R1,124.08,5.35,5.346688728858669
C061,Pseudomonas,R1,125.08,5.32,5.315002284967389
C061,Pseudomonas,R1,126.08,5.28,5.282195754359921
C061,Pseudomonas,R1,127.08,5.24,5.248850935563058
C061,Pseudomonas,R1,128.08,5.22,5.215318168536517
C061,Pseudomonas,R1,129.08,5.17,5.181754071395823
C061,Pseudomonas,R1,130.08,5.15,5.147771833446781
C061,Pseudomonas,R1,131.08,5.12,5.11284962668995
C061,Pseudomonas,R1,132.08,5.08,5.07646898271464
C061,Pseudomonas,R1,133.08,5.04,5.038290846548039
C061,Pseudomonas,R1,134.08,5,4.998690457380104
C061,Pseudomonas,R1,135.08,4.96,4.958176806313825
C061,Pseudomonas,R1,136.08,4.9,4.917079597941512
C061,Pseudomonas,R1,137.08,4.89,4.875683715227814
C061,Pseudomonas,R1,138.08,4.82,4.834134249799543
C061,Pseudomonas,R1,139.08,4.79,4.79201712793219
C061,Pseudomonas,R1,140.08,4.76,4.74878668644072
C061,Pseudomonas,R1,141.08,4.71,4.7039300696493624
C061,Pseudomonas,R1,142.08,4.65,4.657082152999029
C061,Pseudomonas,R1,143.08,4.61,4.608435928888109
C061,Pseudomonas,R1,144.08,4.56,4.558284173374525
C061,Pseudomonas,R1,145.08,4.51,4.506760680196833
C061,Pseudomonas,R1,146.08,4.45,4.4539944546758115
C061,Pseudomonas,R1,147.08,4.39,4.4002543307805055
C061,Pseudomonas,R1,148.08,4.35,4.345703977159835
C061,Pseudomonas,R1,149.08,4.3,4.289946572533956
C061,Pseudomonas,R1,150.08,4.23,4.232575020088666
C061,Pseudomonas,R1,151.08,4.17,4.173701610801063
C061,Pseudomonas,R1,152.08,4.11,4.113568482596086
C061,Pseudomonas,R1,153.08,4.06,4.05235695816628
C061,Pseudomonas,R1,154.08,3.99,3.9900050992746614
C061,Pseudomonas,R1,155.08,3.92,3.9264503602416045
C061,Pseudomonas,R1,156.08,3.86,3.8618710265464613
C061,Pseudomonas,R1,157.08,3.79,3.79629536675885
C061,Pseudomonas,R1,158.08,3.73,3.7289107506504533
C061,Pseudomonas,R1,159.08,3.68,3.6588662054373224
C061,Pseudomonas,R1,160.08,3.58,3.5859982869108884
C061,Pseudomonas,R1,161.08,3.51,3.510428672354568
C061,Pseudomonas,R1,162.08,3.43,3.4327319964443217
C061,Pseudomonas,R1,163.08,3.35,3.353474783418502
C061,Pseudomonas,R1,164.08,3.27,3.2727381583725115
C061,Pseudomonas,R1,165.08,3.2,3.1904532904401215
C061,Pseudomonas,R1,166.08,3.09,3.106436924051574
C061,Pseudomonas,R1,167.08,3.03,3.0204771974612163
C061,Pseudomonas,R1,168.08,2.93,2.9323080115997135
C061,Pseudomonas,R1,169.08,2.84,2.8414463181029483
C061,Pseudomonas,R1,170.08,2.76,2.7474606393365675
C061,Pseudomonas,R1,171.08,2.65,2.650342729879985
C061,Pseudomonas,R1,172.08,2.55,2.550298482032716
C061,Pseudomonas,R1,173.08,2.44,2.447967106760859
C061,Pseudomonas,R1,174.08,2.34,2.3439214968324364
C061,Pseudomonas,R1,175.08,2.24,2.2380359535566203
C061,Pseudomonas,R1,176.08,2.13,2.1299710802974627
C061,Pseudomonas,R1,177.08,2.01,2.0192312800974457
C061,Pseudomonas,R1,178.08,1.92,1.9053235734463516
C061,Pseudomonas,R1,179.1,1.79,1.785536016572704
C061,Pseudomonas,R1,180.1,1.66,1.6643509110948855
C061,Pseudomonas,R1,181.1,1.53,1.5395415446705012
C061,Pseudomonas,R1,182.1,1.42,1.4112682069126015
C061,Pseudomonas,R1,183.1,1.28,1.2796153551789258
C061,Pseudomonas,R1,184.1,1.17,1.1443641178060269
C062,Pseudomonas,R2,52.07,5.93,5.923237646308941
C062,Pseudomonas,R2,53.07,5.93,5.921603753352544
C062,Pseudomonas,R2,54.07,5.92,5.917352969093031
C062,Pseudomonas,R2,55.07,5.91,5.911157048216709
C062,Pseudomonas,R2,56.07,5.9,5.903847449541334
C062,Pseudomonas,R2,57.07,5.89,5.896014621789068
C062,Pseudomonas,R2,58.07,5.89,5.888138088377755
C062,Pseudomonas,R2,59.07,5.89,5.880494681603509
C062,Pseudomonas,R2,60.07,5.86,5.873260839523307
C062,Pseudomonas,R2,61.07,5.86,5.866414114359291
C062,Pseudomonas,R2,62.07,5.87,5.859882336874892
C062,Pseudomonas,R2,63.07,5.85,5.8535465301809815
C062,Pseudomonas,R2,64.07,5.85,5.84710048677817
C062,Pseudomonas,R2,65.07,5.84,5.840241565895994
C062,Pseudomonas,R2,66.07,5.83,5.832868624289932
C062,Pseudomonas,R2,67.07,5.83,5.824938741838193
C062,Pseudomonas,R2,68.07,5.82,5.816440393383978
C062,Pseudomonas,R2,69.07,5.8,5.807403078846448
C062,Pseudomonas,R2,70.07,5.8,5.7979890034836155
C062,Pseudomonas,R2,71.07,5.79,5.7883582618558265
C062,Pseudomonas,R2,72.07,5.78,5.778529800393918
C062,Pseudomonas,R2,73.07,5.77,5.76855368853578
C062,Pseudomonas,R2,74.07,5.75,5.75874563587702
C062,Pseudomonas,R2,75.07,5.75,5.749367197993764
C062,Pseudomonas,R2,76.07,5.74,5.740197674226514
C062,Pseudomonas,R2,77.07,5.74,5.730895799856852
C062,Pseudomonas,R2,78.07,5.72,5.721249375694298
C062,Pseudomonas,R2,79.07,5.7,5.711562464660083
C062,Pseudomonas,R2,80.07,5.7,5.7020823324456495
C062,Pseudomonas,R2,81.07,5.71,5.692312793711552
C062,Pseudomonas,R2,82.07,5.67,5.681713123358803
C062,Pseudomonas,R2,83.07,5.67,5.670307888281116
C062,Pseudomonas,R2,84.07,5.66,5.658181689747885
C062,Pseudomonas,R2,85.07,5.66,5.645093974538564
C062,Pseudomonas,R2,86.07,5.62,5.6309255567481635
C062,Pseudomonas,R2,87.07,5.62,5.616367874223871
C062,Pseudomonas,R2,88.07,5.59,5.602107420100956
C062,Pseudomonas,R2,89.07,5.59,5.588000284914817
C062,Pseudomonas,R2,90.07,5.59,5.573808361385547
C062,Pseudomonas,R2,91.07,5.55,5.55974715357187
C062,Pseudomonas,R2,92.07,5.54,5.54614556836716
C062,Pseudomonas,R2,93.07,5.53,5.533196884577078
C062,Pseudomonas,R2,94.07,5.52,5.520551868656411
C062,Pseudomonas,R2,95.07,5.51,5.507670413044135
C062,Pseudomonas,R2,96.07,5.5,5.493791426466855
C062,Pseudomonas,R2,97.07,5.49,5.478360860789545
C062,Pseudomonas,R2,98.07,5.46,5.461873824143028
C062,Pseudomonas,R2,99.07,5.43,5.4450236094651325
C062,Pseudomonas,R2,100.07,5.43,5.428247092655859
C062,Pseudomonas,R2,101.07,5.41,5.411769093686441
C062,Pseudomonas,R2,102.07,5.4,5.395222625850894
C062,Pseudomonas,R2,103.07,5.38,5.378183095925991
C062,Pseudomonas,R2,104.07,5.35,5.3605872912967465
C062,Pseudomonas,R2,105.07,5.35,5.342390756862707
C062,Pseudomonas,R2,106.07,5.32,5.323262686973278
C062,Pseudomonas,R2,107.07,5.32,5.3028006883403265
C062,Pseudomonas,R2,108.07,5.28,5.280873242019089
C062,Pseudomonas,R2,109.07,5.25,5.258432326438247
C062,Pseudomonas,R2,110.07,5.23,5.23650435929123
C062,Pseudomonas,R2,111.07,5.21,5.215330017957003
C062,Pseudomonas,R2,112.07,5.19,5.194777754226971
C062,Pseudomonas,R2,113.07,5.19,5.17401285785679
C062,Pseudomonas,R2,114.07,5.15,5.15220629641043
C062,Pseudomonas,R2,115.07,5.13,5.129254910720869
C062,Pseudomonas,R2,116.07,5.11,5.105289450465301
C062,Pseudomonas,R2,117.07,5.08,5.080650427428799
C062,Pseudomonas,R2,118.07,5.05,5.055712226953168
C062,Pseudomonas,R2,119.07,5.03,5.030774966499297
C062,Pseudomonas,R2,120.07,5,5.006028271226247
C062,Pseudomonas,R2,121.07,4.99,4.981294064966706
C062,Pseudomonas,R2,122.07,4.95,4.956302346221769
C062,Pseudomonas,R2,123.07,4.93,4.930762407008031
C062,Pseudomonas,R2,124.08,4.91,4.904030107695997
C062,Pseudomonas,R2,125.08,4.88,4.876334345357355
C062,Pseudomonas,R2,126.08,4.84,4.847506866952701
C062,Pseudomonas,R2,127.08,4.82,4.817667067521121
C062,Pseudomonas,R2,128.08,4.79,4.786659037721692
C062,Pseudomonas,R2,129.08,4.76,4.754391588526795
C062,Pseudomonas,R2,130.08,4.72,4.721307716542083
C062,Pseudomonas,R2,131.08,4.68,4.6879328422076005
C062,Pseudomonas,R2,132.08,4.65,4.654587895667735
C062,Pseudomonas,R2,133.08,4.62,4.621412509135812
C062,Pseudomonas,R2,134.08,4.6,4.588025613396564
C062,Pseudomonas,R2,135.08,4.55,4.55398821470667
C062,Pseudomonas,R2,136.08,4.51,4.519150322639171
C062,Pseudomonas,R2,137.08,4.49,4.483434197596199
C062,Pseudomonas,R2,138.08,4.45,4.446732880198637
C062,Pseudomonas,R2,139.08,4.41,4.408822531942399
C062,Pseudomonas,R2,140.08,4.37,4.369565819678937
C062,Pseudomonas,R2,141.08,4.33,4.329288310806851
C062,Pseudomonas,R2,142.08,4.28,4.288340172423727
C062,Pseudomonas,R2,143.08,4.25,4.246707069875906
C062,Pseudomonas,R2,144.08,4.21,4.204311545332151
C062,Pseudomonas,R2,145.08,4.15,4.161188150002158
C062,Pseudomonas,R2,146.08,4.12,4.117309143866536
C062,Pseudomonas,R2,147.08,4.08,4.0722856129485825
C062,Pseudomonas,R2,148.08,4.03,4.025814066704034
C062,Pseudomonas,R2,149.08,3.97,3.978293882275634
C062,Pseudomonas,R2,150.08,3.93,3.9301873356664085
C062,Pseudomonas,R2,151.08,3.88,3.881505430633445
C062,Pseudomonas,R2,152.08,3.83,3.83214635287235
C062,Pseudomonas,R2,153.08,3.79,3.781994694933044
C062,Pseudomonas,R2,154.08,3.72,3.7308806767827005
C062,Pseudomonas,R2,155.08,3.69,3.6786452398419
C062,Pseudomonas,R2,156.08,3.62,3.625226583927593
C062,Pseudomonas,R2,157.08,3.57,3.570580488166995
C062,Pseudomonas,R2,158.08,3.51,3.514635790531976
C062,Pseudomonas,R2,159.08,3.46,3.457254079183826
C062,Pseudomonas,R2,160.08,3.41,3.3980548841968106
C062,Pseudomonas,R2,161.08,3.33,3.3367680460055134
C062,Pseudomonas,R2,162.08,3.28,3.2738067045727806
C062,Pseudomonas,R2,163.08,3.2,3.2096949298906035
C062,Pseudomonas,R2,164.08,3.14,3.144717212539314
C062,Pseudomonas,R2,165.08,3.08,3.0789449904543975
C062,Pseudomonas,R2,166.08,3.01,3.0118370704036415
C062,Pseudomonas,R2,167.08,2.95,2.942699101362899
C062,Pseudomonas,R2,168.08,2.88,2.8710357682706555
C062,Pseudomonas,R2,169.08,2.8,2.7971478999158705
C062,Pseudomonas,R2,170.08,2.71,2.721556653661694
C062,Pseudomonas,R2,171.08,2.64,2.6448683573174994
C062,Pseudomonas,R2,172.08,2.57,2.567526783553044
C062,Pseudomonas,R2,173.08,2.49,2.4892403140333683
C062,Pseudomonas,R2,174.08,2.41,2.409618162827434
C062,Pseudomonas,R2,175.08,2.33,2.328608264624643
C062,Pseudomonas,R2,176.08,2.24,2.2461747392630254
C062,Pseudomonas,R2,177.08,2.16,2.1620077265547257
C062,Pseudomonas,R2,178.08,2.09,2.075759710396815
C062,Pseudomonas,R2,179.1,1.98,1.9854106270743999
C062,Pseudomonas,R2,180.1,1.9,1.8944330071609912
C062,Pseudomonas,R2,181.1,1.8,1.8015156252247024
C062,Pseudomonas,R2,182.1,1.7,1.7072210694883792
C062,Pseudomonas,R2,183.1,1.6,1.6118906087185871
C062,Pseudomonas,R2,184.1,1.52,1.514980233856808
C062,Pseudomonas,R2,185.1,1.42,1.4157228271125875
C062,Pseudomonas,R2,186.1,1.32,1.3133441135928086
C062,Pseudomonas,R2,187.1,1.21,1.2072572145622147
C062,Pseudomonas,R2,188.1,1.09,1.0976319930195937
C062,Pseudomonas,R2,189.1,0.99,0.9847413191920297
C062,Pseudomonas,R2,190.1,0.87,0.8685133504856819
C063,Pseudomonas,R3,62.07,6.14,6.130160532795049
C063,Pseudomonas,R3,63.07,6.12,6.1295630421815765
C063,Pseudomonas,R3,64.07,6.13,6.127837480855252
C063,Pseudomonas,R3,65.07,6.12,6.125223301527655
C063,Pseudomonas,R3,66.07,6.13,6.121459346561879
C063,Pseudomonas,R3,67.07,6.12,6.1163093736451115
C063,Pseudomonas,R3,68.07,6.11,6.110137412109408
C063,Pseudomonas,R3,69.07,6.1,6.103447713845315
C063,Pseudomonas,R3,70.07,6.08,6.0967051493324895
C063,Pseudomonas,R3,71.07,6.1,6.090139647026654
C063,Pseudomonas,R3,72.07,6.09,6.083080748698688
C063,Pseudomonas,R3,73.07,6.08,6.074917867714746
C063,Pseudomonas,R3,74.07,6.06,6.066180290506932
C063,Pseudomonas,R3,75.07,6.05,6.057501752620784
C063,Pseudomonas,R3,76.07,6.05,6.04879391298961
C063,Pseudomonas,R3,77.07,6.04,6.03978791139367
C063,Pseudomonas,R3,78.07,6.04,6.030269322644305
C063,Pseudomonas,R3,79.07,6.02,6.020241461677191
C063,Pseudomonas,R3,80.07,6.01,6.009845535105271
C063,Pseudomonas,R3,81.07,5.99,5.9995565761262135
C063,Pseudomonas,R3,82.07,6,5.989866223995099
C063,Pseudomonas,R3,83.07,5.97,5.980998715611966
C063,Pseudomonas,R3,84.07,5.97,5.973001837929071
C063,Pseudomonas,R3,85.07,5.97,5.965484980462638
C063,Pseudomonas,R3,86.07,5.96,5.958017440816834
C063,Pseudomonas,R3,87.07,5.95,5.950446546383643
C063,Pseudomonas,R3,88.07,5.93,5.942573475250485
C063,Pseudomonas,R3,89.07,5.95,5.933736778498681
C063,Pseudomonas,R3,90.07,5.93,5.9233720832993635
C063,Pseudomonas,R3,91.07,5.91,5.911765948188962
C063,Pseudomonas,R3,92.07,5.89,5.899417664545235
C063,Pseudomonas,R3,93.07,5.89,5.886758674259721
C063,Pseudomonas,R3,94.07,5.88,5.873949021279092
C063,Pseudomonas,R3,95.07,5.85,5.861105000319582
C063,Pseudomonas,R3,96.07,5.85,5.848439307120584
C063,Pseudomonas,R3,97.07,5.83,5.83603142779482
C063,Pseudomonas,R3,98.07,5.83,5.823331608925225
C063,Pseudomonas,R3,99.07,5.82,5.809796089591497
C063,Pseudomonas,R3,100.07,5.79,5.795534318390216
C063,Pseudomonas,R3,101.07,5.78,5.780835431314745
C063,Pseudomonas,R3,102.07,5.76,5.766054104428687
C063,Pseudomonas,R3,103.07,5.75,5.751401644149979
C063,Pseudomonas,R3,104.07,5.74,5.736450338243641
C063,Pseudomonas,R3,105.07,5.73,5.720761820650385
C063,Pseudomonas,R3,106.07,5.7,5.704494128666656
C063,Pseudomonas,R3,107.07,5.68,5.687954400427823
C063,Pseudomonas,R3,108.07,5.67,5.6713129533524285
C063,Pseudomonas,R3,109.07,5.66,5.654192821991714
C063,Pseudomonas,R3,110.07,5.64,5.636166635166642
C063,Pseudomonas,R3,111.07,5.61,5.61715268164439
C063,Pseudomonas,R3,112.07,5.61,5.5971862177003775
C063,Pseudomonas,R3,113.07,5.57,5.576424709696785
C063,Pseudomonas,R3,114.07,5.56,5.5551411051959665
C063,Pseudomonas,R3,115.07,5.53,5.533948066474211
C063,Pseudomonas,R3,116.07,5.5,5.513370932099593
C063,Pseudomonas,R3,117.07,5.49,5.493246031093413
C063,Pseudomonas,R3,118.07,5.48,5.473109819258923
C063,Pseudomonas,R3,119.07,5.46,5.451988269073947
C063,Pseudomonas,R3,120.07,5.43,5.429036676737112
C063,Pseudomonas,R3,121.07,5.41,5.404438116655636
C063,Pseudomonas,R3,122.07,5.38,5.3786326077889015
C063,Pseudomonas,R3,123.07,5.35,5.35212836696277
C063,Pseudomonas,R3,124.08,5.31,5.3254454716086315
C063,Pseudomonas,R3,125.08,5.3,5.299709200760637
C063,Pseudomonas,R3,126.08,5.28,5.274205757657248
C063,Pseudomonas,R3,127.08,5.24,5.248262422998543
C063,Pseudomonas,R3,128.08,5.24,5.221344187515628
C063,Pseudomonas,R3,129.08,5.19,5.193116052998014
C063,Pseudomonas,R3,130.08,5.15,5.163905355437764
C063,Pseudomonas,R3,131.08,5.14,5.13404172706236
C063,Pseudomonas,R3,132.08,5.11,5.103201650838419
C063,Pseudomonas,R3,133.08,5.07,5.0710280104431895
C063,Pseudomonas,R3,134.08,5.03,5.037682441657347
C063,Pseudomonas,R3,135.08,5,5.003364567896188
C063,Pseudomonas,R3,136.08,4.98,4.967907211010056
C063,Pseudomonas,R3,137.08,4.94,4.931051492458064
C063,Pseudomonas,R3,138.08,4.88,4.892728912867792
C063,Pseudomonas,R3,139.08,4.85,4.853632489540724
C063,Pseudomonas,R3,140.08,4.81,4.814375827560987
C063,Pseudomonas,R3,141.08,4.78,4.774493366469424
C063,Pseudomonas,R3,142.08,4.74,4.733394310244097
C063,Pseudomonas,R3,143.08,4.69,4.691066086155217
C063,Pseudomonas,R3,144.08,4.65,4.647678842618125
C063,Pseudomonas,R3,145.08,4.59,4.603555389336503
C063,Pseudomonas,R3,146.08,4.57,4.558977921976128
C063,Pseudomonas,R3,147.08,4.51,4.513913518762822
C063,Pseudomonas,R3,148.08,4.46,4.46820312057751
C063,Pseudomonas,R3,149.08,4.43,4.421498236361464
C063,Pseudomonas,R3,150.08,4.37,4.373455099259332
C063,Pseudomonas,R3,151.08,4.33,4.323938271168914
C063,Pseudomonas,R3,152.08,4.27,4.2728643961762955
C063,Pseudomonas,R3,153.08,4.21,4.220083112952638
C063,Pseudomonas,R3,154.08,4.18,4.165176038509383
C063,Pseudomonas,R3,155.08,4.11,4.107832363387496
C063,Pseudomonas,R3,156.08,4.06,4.048439593905722
C063,Pseudomonas,R3,157.08,3.97,3.9875890552260533
C063,Pseudomonas,R3,158.08,3.91,3.9259890321056563
C063,Pseudomonas,R3,159.08,3.88,3.8641083935902087
C063,Pseudomonas,R3,160.08,3.8,3.8013413862842027
C063,Pseudomonas,R3,161.08,3.74,3.7369648240541844
C063,Pseudomonas,R3,162.08,3.66,3.670860412256058
C063,Pseudomonas,R3,163.08,3.62,3.603066597512582
C063,Pseudomonas,R3,164.08,3.53,3.53364390002459
C063,Pseudomonas,R3,165.08,3.45,3.462637029540368
C063,Pseudomonas,R3,166.08,3.4,3.390005380419958
C063,Pseudomonas,R3,167.08,3.31,3.3156870181763347
C063,Pseudomonas,R3,168.08,3.24,3.2395753221042356
C063,Pseudomonas,R3,169.08,3.16,3.161384926625417
C063,Pseudomonas,R3,170.08,3.08,3.080740309499638
C063,Pseudomonas,R3,171.08,3,2.9970840667116105
C063,Pseudomonas,R3,172.08,2.92,2.909958704642817
C063,Pseudomonas,R3,173.08,2.82,2.819488253036837
C063,Pseudomonas,R3,174.08,2.72,2.7259739928241404
C063,Pseudomonas,R3,175.08,2.63,2.6298446863206895
C063,Pseudomonas,R3,176.08,2.54,2.531561668881776
C063,Pseudomonas,R3,177.08,2.42,2.431589086634562
C063,Pseudomonas,R3,178.08,2.33,2.3303238384176677
C063,Pseudomonas,R3,179.1,2.22,2.2258308501531325
C063,Pseudomonas,R3,180.1,2.12,2.1220922885691693
C063,Pseudomonas,R3,181.1,2.01,2.0162593843248273
C063,Pseudomonas,R3,182.1,1.93,1.907347069907014
C063,Pseudomonas,R3,183.1,1.79,1.79458514137162
C063,Pseudomonas,R3,184.1,1.67,1.6780628490505094
C063,Pseudomonas,R3,185.1,1.56,1.5579532306076627
C063,Pseudomonas,R3,186.1,1.43,1.4339050187595475
C063,Pseudomonas,R3,187.1,1.31,1.305432332034028
C063,Pseudomonas,R3,188.1,1.18,1.1720351371520021
C063,Pseudomonas,R3,189.1,1.04,1.0334095977078313
C063,Pseudomonas,R3,190.1,0.9,0.8900508165966362
C064,Pseudomonas,R4,57.07,6.24,6.248693223687863
C064,Pseudomonas,R4,58.07,6.25,6.248395016642095
C064,Pseudomonas,R4,59.07,6.26,6.246684076990292
C064,Pseudomonas,R4,60.07,6.25,6.2428189615327145
C064,Pseudomonas,R4,61.07,6.23,6.237219500528106
C064,Pseudomonas,R4,62.07,6.23,6.230595842599821
C064,Pseudomonas,R4,63.07,6.22,6.2235591307467955
C064,Pseudomonas,R4,64.07,6.21,6.216324485470266
C064,Pseudomonas,R4,65.07,6.21,6.208901338304091
C064,Pseudomonas,R4,66.07,6.21,6.2008723874103255
C064,Pseudomonas,R4,67.07,6.19,6.191851905843696
C064,Pseudomonas,R4,68.07,6.18,6.182007199601427
C064,Pseudomonas,R4,69.07,6.17,6.1715890667385045
C064,Pseudomonas,R4,70.07,6.17,6.160629240598465
C064,Pseudomonas,R4,71.07,6.14,6.149178181302152
C064,Pseudomonas,R4,72.07,6.14,6.1375803207910815
C064,Pseudomonas,R4,73.07,6.12,6.126106630045038
C064,Pseudomonas,R4,74.07,6.11,6.114440264376224
C064,Pseudomonas,R4,75.07,6.12,6.102197922945571
C064,Pseudomonas,R4,76.07,6.08,6.089318295976559
C064,Pseudomonas,R4,77.07,6.08,6.075820571458305
C064,Pseudomonas,R4,78.07,6.06,6.061771292312856
C064,Pseudomonas,R4,79.07,6.05,6.047426421193996
C064,Pseudomonas,R4,80.07,6.03,6.0330735366885415
C064,Pseudomonas,R4,81.07,6.02,6.018937261383714
C064,Pseudomonas,R4,82.07,6,6.005211971918703
C064,Pseudomonas,R4,83.07,6,5.992034017140153
C064,Pseudomonas,R4,84.07,5.96,5.979419325379096
C064,Pseudomonas,R4,85.07,5.98,5.966960170696616
C064,Pseudomonas,R4,86.07,5.96,5.954203121412895
C064,Pseudomonas,R4,87.07,5.93,5.940935577154441
C064,Pseudomonas,R4,88.07,5.93,5.927020744652549
C064,Pseudomonas,R4,89.07,5.93,5.9123842277513505
C064,Pseudomonas,R4,90.07,5.88,5.896998114992946
C064,Pseudomonas,R4,91.07,5.88,5.880958036598455
C064,Pseudomonas,R4,92.07,5.87,5.8643905082087535
C064,Pseudomonas,R4,93.07,5.85,5.847434356564644
C064,Pseudomonas,R4,94.07,5.83,5.830277652806654
C064,Pseudomonas,R4,95.07,5.8,5.813042556711868
C064,Pseudomonas,R4,96.07,5.8,5.795538338203918
C064,Pseudomonas,R4,97.07,5.79,5.777535955704422
C064,Pseudomonas,R4,98.07,5.75,5.758966011480398
C064,Pseudomonas,R4,99.07,5.74,5.739829994150814
C064,Pseudomonas,R4,100.07,5.73,5.7202532938970405
C064,Pseudomonas,R4,101.07,5.69,5.700409211238115
C064,Pseudomonas,R4,102.07,5.68,5.680538786481347
C064,Pseudomonas,R4,103.07,5.67,5.660843701216013
C064,Pseudomonas,R4,104.07,5.62,5.641300462370977
C064,Pseudomonas,R4,105.07,5.63,5.62175834227449
C064,Pseudomonas,R4,106.07,5.61,5.60178284951276
C064,Pseudomonas,R4,107.07,5.58,5.580868551736487
C064,Pseudomonas,R4,108.07,5.56,5.558648948061675
C064,Pseudomonas,R4,109.07,5.53,5.535313263465509
C064,Pseudomonas,R4,110.07,5.52,5.5111360093991175
C064,Pseudomonas,R4,111.07,5.48,5.486177117348171
C064,Pseudomonas,R4,112.07,5.47,5.460541774961868
C064,Pseudomonas,R4,113.07,5.43,5.434730774509008
C064,Pseudomonas,R4,114.07,5.4,5.409263319819085
C064,Pseudomonas,R4,115.07,5.38,5.3843366563447965
C064,Pseudomonas,R4,116.07,5.36,5.359863098563496
C064,Pseudomonas,R4,117.07,5.34,5.33493719542795
C064,Pseudomonas,R4,118.07,5.32,5.308719911927775
C064,Pseudomonas,R4,119.07,5.29,5.281455642724548
C064,Pseudomonas,R4,120.07,5.24,5.25365961811518
C064,Pseudomonas,R4,121.07,5.22,5.225846981265953
C064,Pseudomonas,R4,122.07,5.19,5.198532853560488
C064,Pseudomonas,R4,123.07,5.17,5.171894210112995
C064,Pseudomonas,R4,124.08,5.16,5.144476405839498
C064,Pseudomonas,R4,125.08,5.12,5.115624124873774
C064,Pseudomonas,R4,126.08,5.08,5.085197988657779
C064,Pseudomonas,R4,127.08,5.05,5.0535634947904615
C064,Pseudomonas,R4,128.08,5.03,5.020727474265222
C064,Pseudomonas,R4,129.08,4.99,4.986736434888039
C064,Pseudomonas,R4,130.08,4.94,4.952154258320771
C064,Pseudomonas,R4,131.08,4.92,4.917551237486424
C064,Pseudomonas,R4,132.08,4.88,4.8830059364966765
C064,Pseudomonas,R4,133.08,4.85,4.848432563956939
C064,Pseudomonas,R4,134.08,4.81,4.813579635258835
C064,Pseudomonas,R4,135.08,4.78,4.7781833817761585
C064,Pseudomonas,R4,136.08,4.75,4.742096592025165
C064,Pseudomonas,R4,137.08,4.69,4.705201193807729
C064,Pseudomonas,R4,138.08,4.67,4.667280142590095
C064,Pseudomonas,R4,139.08,4.64,4.627720504496029
C064,Pseudomonas,R4,140.08,4.59,4.586023408518095
C064,Pseudomonas,R4,141.08,4.54,4.54254212446657
C064,Pseudomonas,R4,142.08,4.5,4.497873012915193
C064,Pseudomonas,R4,143.08,4.45,4.452732656673822
C064,Pseudomonas,R4,144.08,4.4,4.407785216773221
C064,Pseudomonas,R4,145.08,4.36,4.363364944891651
C064,Pseudomonas,R4,146.08,4.31,4.319503043685197
C064,Pseudomonas,R4,147.08,4.29,4.275348429073709
C064,Pseudomonas,R4,148.08,4.23,4.230008017373006
C064,Pseudomonas,R4,149.08,4.19,4.183303013218954
C064,Pseudomonas,R4,150.08,4.13,4.135260931698202
C064,Pseudomonas,R4,151.08,4.08,4.086020241380415
C064,Pseudomonas,R4,152.08,4.05,4.035747149206024
C064,Pseudomonas,R4,153.08,3.97,3.984566240439513
C064,Pseudomonas,R4,154.08,3.93,3.9324356136415872
C064,Pseudomonas,R4,155.08,3.89,3.879242438430042
C064,Pseudomonas,R4,156.08,3.83,3.8247566553547867
C064,Pseudomonas,R4,157.08,3.76,3.7688472255436243
C064,Pseudomonas,R4,158.08,3.71,3.7118964215037646
C064,Pseudomonas,R4,159.08,3.65,3.65423644129838
C064,Pseudomonas,R4,160.08,3.6,3.595485873835028
C064,Pseudomonas,R4,161.08,3.54,3.5351532651004263
C064,Pseudomonas,R4,162.08,3.47,3.473020598553523
C064,Pseudomonas,R4,163.08,3.42,3.4090769083138466
C064,Pseudomonas,R4,164.08,3.34,3.343865993671044
C064,Pseudomonas,R4,165.08,3.27,3.277969822998413
C064,Pseudomonas,R4,166.08,3.21,3.2115682758337623
C064,Pseudomonas,R4,167.08,3.14,3.1447407095060242
C064,Pseudomonas,R4,168.08,3.08,3.0774324978610075
C064,Pseudomonas,R4,169.08,3.01,3.0090530808120017
C064,Pseudomonas,R4,170.08,2.94,2.9389364472322868
C064,Pseudomonas,R4,171.08,2.87,2.8666507157675873
C064,Pseudomonas,R4,172.08,2.8,2.7919608471683266
C064,Pseudomonas,R4,173.08,2.72,2.7151850408312574
C064,Pseudomonas,R4,174.08,2.63,2.6368581517324423
C064,Pseudomonas,R4,175.08,2.54,2.5578284185189055
C064,Pseudomonas,R4,176.08,2.48,2.478701873064689
C064,Pseudomonas,R4,177.08,2.41,2.398802336481009
C064,Pseudomonas,R4,178.08,2.31,2.317239468765077
C064,Pseudomonas,R4,179.1,2.24,2.231850508732438
C064,Pseudomonas,R4,180.1,2.15,2.1457638370434937
C064,Pseudomonas,R4,181.1,2.06,2.057690166880357
C064,Pseudomonas,R4,182.1,1.96,1.9681361543586327
C064,Pseudomonas,R4,183.1,1.87,1.8774794869568696
C064,Pseudomonas,R4,184.1,1.78,1.7855819776054505
C064,Pseudomonas,R4,185.1,1.7,1.6920577861465247
C064,Pseudomonas,R4,186.1,1.6,1.5960463346174845
C064,Pseudomonas,R4,187.1,1.5,1.4967719082834416
C064,Pseudomonas,R4,188.1,1.4,1.3942729831251017
C064,Pseudomonas,R4,189.1,1.28,1.288806120519042
C064,Pseudomonas,R4,190.1,1.19,1.1806860327096804
C065,Pseudomonas,R5,62.07,6.01,6.002997348386449
C065,Pseudomonas,R5,63.07,6.01,6.002625500434475
C065,Pseudomonas,R5,64.07,6.01,5.999445594163444
C065,Pseudomonas,R5,65.07,5.99,5.9934366995884645
C065,Pseudomonas,R5,66.07,5.98,5.985422871008174
C065,Pseudomonas,R5,67.07,5.98,5.976360455055492
C065,Pseudomonas,R5,68.07,5.96,5.966889983416886
C065,Pseudomonas,R5,69.07,5.95,5.957408482437423
C065,Pseudomonas,R5,70.07,5.95,5.947654772043
C065,Pseudomonas,R5,71.07,5.95,5.93731863366761
C065,Pseudomonas,R5,72.07,5.93,5.926551901196821
C065,Pseudomonas,R5,73.07,5.9,5.915627055000982
C065,Pseudomonas,R5,74.07,5.9,5.904837108937996
C065,Pseudomonas,R5,75.07,5.9,5.894357332446741
C065,Pseudomonas,R5,76.07,5.89,5.883871483802478
C065,Pseudomonas,R5,77.07,5.87,5.872940443489561
C065,Pseudomonas,R5,78.07,5.87,5.861289496352915
C065,Pseudomonas,R5,79.07,5.84,5.8493015446797365
C065,Pseudomonas,R5,80.07,5.84,5.837457315869113
C065,Pseudomonas,R5,81.07,5.82,5.825971220325409
C065,Pseudomonas,R5,82.07,5.81,5.814850005646353
C065,Pseudomonas,R5,83.07,5.81,5.803536085197843
C065,Pseudomonas,R5,84.07,5.8,5.791480438295531
C065,Pseudomonas,R5,85.07,5.78,5.778732642285928
C065,Pseudomonas,R5,86.07,5.76,5.765517737089859
C065,Pseudomonas,R5,87.07,5.74,5.7521640148945865
C065,Pseudomonas,R5,88.07,5.75,5.738907932952477
C065,Pseudomonas,R5,89.07,5.73,5.725515356509911
C065,Pseudomonas,R5,90.07,5.7,5.711675036619276
C065,Pseudomonas,R5,91.07,5.7,5.697237859563004
C065,Pseudomonas,R5,92.07,5.69,5.682095245431041
C065,Pseudomonas,R5,93.07,5.66,5.666158501550241
C065,Pseudomonas,R5,94.07,5.66,5.649418484195106
C065,Pseudomonas,R5,95.07,5.63,5.631994209426525
C065,Pseudomonas,R5,96.07,5.6,5.614437783503245
C065,Pseudomonas,R5,97.07,5.6,5.597186184948435
C065,Pseudomonas,R5,98.07,5.59,5.579782791145061
C065,Pseudomonas,R5,99.07,5.57,5.561802414280864
C065,Pseudomonas,R5,100.07,5.52,5.543839206902912
C065,Pseudomonas,R5,101.07,5.53,5.526478613712397
C065,Pseudomonas,R5,102.07,5.51,5.509251907667668
C065,Pseudomonas,R5,103.07,5.49,5.491446383540984
C065,Pseudomonas,R5,104.07,5.49,5.472427595103045
C065,Pseudomonas,R5,105.07,5.45,5.451818685063304
C065,Pseudomonas,R5,106.07,5.43,5.430194892887769
C065,Pseudomonas,R5,107.07,5.4,5.408369482231581
C065,Pseudomonas,R5,108.07,5.38,5.386962955662345
C065,Pseudomonas,R5,109.07,5.37,5.365824771397498
C065,Pseudomonas,R5,110.07,5.34,5.344577352952487
C065,Pseudomonas,R5,111.07,5.33,5.322706029384969
C065,Pseudomonas,R5,112.07,5.3,5.299723027362456
C065,Pseudomonas,R5,113.07,5.28,5.275385258449716
C065,Pseudomonas,R5,114.07,5.26,5.2497010385664815
C065,Pseudomonas,R5,115.07,5.21,5.223439616155108
C065,Pseudomonas,R5,116.07,5.19,5.19737427161294
C065,Pseudomonas,R5,117.07,5.17,5.1715334806346736
C065,Pseudomonas,R5,118.07,5.15,5.145671044993883
C065,Pseudomonas,R5,119.07,5.12,5.119186875482322
C065,Pseudomonas,R5,120.07,5.09,5.091504696995257
C065,Pseudomonas,R5,121.07,5.07,5.062497381823813
C065,Pseudomonas,R5,122.07,5.04,5.032150089108093
C065,Pseudomonas,R5,123.07,4.99,5.00053851111722
C065,Pseudomonas,R5,124.08,4.96,4.9677737063251435
C065,Pseudomonas,R5,125.08,4.95,4.93493722655331
C065,Pseudomonas,R5,126.08,4.89,4.901736130316752
C065,Pseudomonas,R5,127.08,4.87,4.868076777191803
C065,Pseudomonas,R5,128.08,4.83,4.833778154932923
C065,Pseudomonas,R5,129.08,4.81,4.798678447666136
C065,Pseudomonas,R5,130.08,4.76,4.762779996825615
C065,Pseudomonas,R5,131.08,4.72,4.726131394394322
C065,Pseudomonas,R5,132.08,4.69,4.688802077242232
C065,Pseudomonas,R5,133.08,4.65,4.650825754167395
C065,Pseudomonas,R5,134.08,4.62,4.612072376793148
C065,Pseudomonas,R5,135.08,4.56,4.572379609638165
C065,Pseudomonas,R5,136.08,4.54,4.531619725977193
C065,Pseudomonas,R5,137.08,4.49,4.4896736512740025
C065,Pseudomonas,R5,138.08,4.45,4.446504698228743
C065,Pseudomonas,R5,139.08,4.4,4.402405728487112
C065,Pseudomonas,R5,140.08,4.35,4.357665942191208
C065,Pseudomonas,R5,141.08,4.31,4.3122303445232095
C065,Pseudomonas,R5,142.08,4.27,4.2658979831974255
C065,Pseudomonas,R5,143.08,4.23,4.218228271016587
C065,Pseudomonas,R5,144.08,4.16,4.168884674035541
C065,Pseudomonas,R5,145.08,4.12,4.118186506229144
C065,Pseudomonas,R5,146.08,4.06,4.06650182238658
C065,Pseudomonas,R5,147.08,4.03,4.013737792634334
C065,Pseudomonas,R5,148.08,3.95,3.95983336408618
C065,Pseudomonas,R5,149.08,3.9,3.9053154764677647
C065,Pseudomonas,R5,150.08,3.84,3.850581321604208
C065,Pseudomonas,R5,151.08,3.8,3.7949211071066626
C065,Pseudomonas,R5,152.08,3.75,3.73734829453279
C065,Pseudomonas,R5,153.08,3.68,3.6771252099684593
C065,Pseudomonas,R5,154.08,3.62,3.614509637612354
C065,Pseudomonas,R5,155.08,3.54,3.5500299972221008
C065,Pseudomonas,R5,156.08,3.48,3.484301792678233
C065,Pseudomonas,R5,157.08,3.42,3.417801720293732
C065,Pseudomonas,R5,158.08,3.34,3.3503641619884337
C065,Pseudomonas,R5,159.08,3.29,3.281617717652143
C065,Pseudomonas,R5,160.08,3.22,3.2110101734476673
C065,Pseudomonas,R5,161.08,3.14,3.1381716151289654
C065,Pseudomonas,R5,162.08,3.05,3.063642140541584
C065,Pseudomonas,R5,163.08,2.99,2.98797029702539
C065,Pseudomonas,R5,164.08,2.91,2.9108284178059676
C065,Pseudomonas,R5,165.08,2.84,2.831789099789296
C065,Pseudomonas,R5,166.08,2.75,2.750902208717261
C065,Pseudomonas,R5,167.08,2.67,2.6683369275407185
C065,Pseudomonas,R5,168.08,2.58,2.5842750827293637
C065,Pseudomonas,R5,169.08,2.49,2.4989490748282255
C065,Pseudomonas,R5,170.08,2.42,2.4124903490923657
C065,Pseudomonas,R5,171.08,2.32,2.3245759555415972
C065,Pseudomonas,R5,172.08,2.23,2.234728470769244
C065,Pseudomonas,R5,173.08,2.15,2.1423069728978907
C065,Pseudomonas,R5,174.08,2.05,2.046726612250091
C065,Pseudomonas,R5,175.08,1.96,1.9477903264190568
C065,Pseudomonas,R5,176.08,1.84,1.8455819454945903
C065,Pseudomonas,R5,177.08,1.73,1.7409210822822614
C065,Pseudomonas,R5,178.08,1.63,1.6345617455207089
C065,Pseudomonas,R5,179.1,1.53,1.524070498777073
C065,Pseudomonas,R5,180.1,1.42,1.4133017201555647
C065,Pseudomonas,R5,181.1,1.28,1.2997332626129419
C065,Pseudomonas,R5,182.1,1.19,1.1830117258125916
C065,Pseudomonas,R5,183.1,1.07,1.0627169904397666
C065,Pseudomonas,R5,184.1,0.95,0.9381620612672339
C065,Pseudomonas,R5,185.1,0.82,0.8089708921683949
C066,Serratia,R1,46.07,5.83,5.8443801068008945
C066,Serratia,R1,47.07,5.86,5.843751865642309
C066,Serratia,R1,48.07,5.85,5.840969714434477
C066,Serratia,R1,49.07,5.83,5.836039120881263
C066,Serratia,R1,50.07,5.83,5.829133722317154
C066,Serratia,R1,51.07,5.82,5.820680314746733
C066,Serratia,R1,52.07,5.81,5.811124051406796
C066,Serratia,R1,53.07,5.8,5.800730355792913
C066,Serratia,R1,54.07,5.79,5.789696292019085
C066,Serratia,R1,55.07,5.77,5.7781252164142325
C066,Serratia,R1,56.07,5.77,5.76602822207149
C066,Serratia,R1,57.07,5.77,5.75314105692592
C066,Serratia,R1,58.07,5.73,5.739345752559305
C066,Serratia,R1,59.07,5.72,5.725384820298394
C066,Serratia,R1,60.07,5.71,5.712016972408286
C066,Serratia,R1,61.07,5.7,5.699205245162515
C066,Serratia,R1,62.07,5.68,5.686713755836729
C066,Serratia,R1,63.07,5.68,5.674271007369544
C066,Serratia,R1,64.07,5.67,5.661463045351482
C066,Serratia,R1,65.07,5.64,5.647969257379936
C066,Serratia,R1,66.07,5.64,5.633984856427909
C066,Serratia,R1,67.07,5.61,5.619752709655384
C066,Serratia,R1,68.07,5.61,5.6051904755946635
C066,Serratia,R1,69.07,5.59,5.590132378633908
C066,Serratia,R1,70.07,5.58,5.574404115212358
C066,Serratia,R1,71.07,5.56,5.557945032623694
C066,Serratia,R1,72.07,5.53,5.541157609528215
C066,Serratia,R1,73.07,5.53,5.524423888704113
C066,Serratia,R1,74.07,5.5,5.507581038034501
C066,Serratia,R1,75.07,5.5,5.490382063482748
C066,Serratia,R1,76.07,5.47,5.472788198228348
C066,Serratia,R1,77.07,5.46,5.454812732254821
C066,Serratia,R1,78.07,5.43,5.436494600871556
C066,Serratia,R1,79.07,5.41,5.417975320691404
C066,Serratia,R1,80.07,5.41,5.399323341113887
C066,Serratia,R1,81.07,5.38,5.380212261381724
C066,Serratia,R1,82.07,5.36,5.360332440268175
C066,Serratia,R1,83.07,5.34,5.339836124825457
C066,Serratia,R1,84.07,5.32,5.3189427778203315
C066,Serratia,R1,85.07,5.29,5.297678836598829
C066,Serratia,R1,86.07,5.29,5.27606755423629
C066,Serratia,R1,87.07,5.24,5.254312472146072
C066,Serratia,R1,88.07,5.23,5.232498089695444
C066,Serratia,R1,89.07,5.21,5.210052449729303
C066,Serratia,R1,90.07,5.2,5.186364310356684
C066,Serratia,R1,91.07,5.16,5.161321747265564
C066,Serratia,R1,92.07,5.14,5.134937665538652
C066,Serratia,R1,93.07,5.11,5.107428797237922
C066,Serratia,R1,94.07,5.07,5.079827182342435
C066,Serratia,R1,95.07,5.04,5.053073442832455
C066,Serratia,R1,96.07,5.03,5.026927220776011
C066,Serratia,R1,97.07,5.01,5.000868597259685
C066,Serratia,R1,98.07,4.97,4.974440389356482
C066,Serratia,R1,99.07,4.95,4.947239468661084
C066,Serratia,R1,100.07,4.92,4.919016188868421
C066,Serratia,R1,101.07,4.9,4.889700080104604
C066,Serratia,R1,102.07,4.85,4.859783896120221
C066,Serratia,R1,103.07,4.82,4.829719137600595
C066,Serratia,R1,104.07,4.8,4.799229069345508
C066,Serratia,R1,105.07,4.77,4.76786960646911
C066,Serratia,R1,106.07,4.75,4.735255501228532
C066,Serratia,R1,107.07,4.69,4.701016215166653
C066,Serratia,R1,108.07,4.68,4.664986506126515
C066,Serratia,R1,109.07,4.62,4.62782231715179
C066,Serratia,R1,110.07,4.58,4.590242309325317
C066,Serratia,R1,111.07,4.55,4.552394830685955
C066,Serratia,R1,112.07,4.52,4.514180619376652
C066,Serratia,R1,113.07,4.48,4.475080287000708
C066,Serratia,R1,114.07,4.44,4.434682633879149
C066,Serratia,R1,115.07,4.39,4.393429341743561
C066,Serratia,R1,116.07,4.35,4.351911723684921
C066,Serratia,R1,117.07,4.29,4.3104667368212235
C066,Serratia,R1,118.07,4.28,4.269140867149981
C066,Serratia,R1,119.07,4.24,4.227073072159769
C066,Serratia,R1,120.07,4.18,4.183435966876502
C066,Serratia,R1,121.07,4.14,4.138444324984404
C066,Serratia,R1,122.07,4.09,4.092573459832281
C066,Serratia,R1,123.07,4.04,4.046215107637265
C066,Serratia,R1,124.08,4,3.998956551697979
C066,Serratia,R1,125.08,3.94,3.9515486008623335
C066,Serratia,R1,126.08,3.92,3.902706212185737
C066,Serratia,R1,127.08,3.86,3.85170465387947
C066,Serratia,R1,128.08,3.79,3.798832137211502
C066,Serratia,R1,129.08,3.74,3.7445582219680538
C066,Serratia,R1,130.08,3.7,3.689064918951615
C066,Serratia,R1,131.08,3.63,3.6325247819855244
C066,Serratia,R1,132.08,3.56,3.5753600859602606
C066,Serratia,R1,133.08,3.53,3.5179050896019737
C066,Serratia,R1,134.08,3.45,3.4598922659124045
C066,Serratia,R1,135.08,3.4,3.400907303311507
C066,Serratia,R1,136.08,3.35,3.3405505376165094
C066,Serratia,R1,137.08,3.28,3.278425966493959
C066,Serratia,R1,138.08,3.21,3.214229403296977
C066,Serratia,R1,139.08,3.15,3.1480239241250065
C066,Serratia,R1,140.08,3.08,3.0799502062223643
C066,Serratia,R1,141.08,3.02,3.010092068666588
C066,Serratia,R1,142.08,2.93,2.9385896079841807
C066,Serratia,R1,143.08,2.86,2.865864888664272
C066,Serratia,R1,144.08,2.8,2.792322186214088
C066,Serratia,R1,145.08,2.71,2.71801265225056
C066,Serratia,R1,146.08,2.64,2.642803711096112
C066,Serratia,R1,147.08,2.57,2.566181001785386
C066,Serratia,R1,148.08,2.5,2.4877020852825793
C066,Serratia,R1,149.08,2.4,2.407593995557855
C066,Serratia,R1,150.08,2.32,2.3261270900936992
C066,Serratia,R1,151.08,2.24,2.2430755474159056
C066,Serratia,R1,152.08,2.16,2.1580895013111014
C066,Serratia,R1,153.08,2.08,2.0708398968089763
C066,Serratia,R1,154.08,1.99,1.981080923911479
C066,Serratia,R1,155.08,1.88,1.8887675299942823
C066,Serratia,R1,156.08,1.79,1.794574446955656
C066,Serratia,R1,157.08,1.7,1.699170627268164
C066,Serratia,R1,158.08,1.6,1.6024821211789055
C066,Serratia,R1,159.08,1.51,1.504305451765951
C066,Serratia,R1,160.08,1.39,1.4046619356566763
C066,Serratia,R1,161.08,1.3,1.3034073237976573
C066,Serratia,R1,162.08,1.21,1.1995103108629315
C066,Serratia,R1,163.08,1.1,1.0918859490776447
C066,Serratia,R1,164.08,0.98,0.9801217771439594
C066,Serratia,R1,165.08,0.87,0.8641559434631384
C066,Serratia,R1,166.08,0.75,0.7446565487558924
C067,Serratia,R2,44.07,5.77,5.7521463415993175
C067,Serratia,R2,45.07,5.74,5.7511067489491845
C067,Serratia,R2,46.07,5.75,5.748028093254911
C067,Serratia,R2,47.07,5.75,5.7435052921303535
C067,Serratia,R2,48.07,5.73,5.7381011265675665
C067,Serratia,R2,49.07,5.73,5.73224983107141
C067,Serratia,R2,50.07,5.73,5.726304780748673
C067,Serratia,R2,51.07,5.72,5.720424459601075
C067,Serratia,R2,52.07,5.71,5.714724477332833
C067,Serratia,R2,53.07,5.71,5.709343837563228
C067,Serratia,R2,54.07,5.7,5.704332831719776
C067,Serratia,R2,55.07,5.7,5.699363508547886
C067,Serratia,R2,56.07,5.7,5.694046527593988
C067,Serratia,R2,57.07,5.69,5.688125234290704
C067,Serratia,R2,58.07,5.68,5.68147614913537
C067,Serratia,R2,59.07,5.68,5.674375806998014
C067,Serratia,R2,60.07,5.66,5.667166821321116
C067,Serratia,R2,61.07,5.66,5.660056105464281
C067,Serratia,R2,62.07,5.65,5.6532166477664045
C067,Serratia,R2,63.07,5.65,5.646729019721566
C067,Serratia,R2,64.07,5.63,5.6403041254446045
C067,Serratia,R2,65.07,5.65,5.633594681391903
C067,Serratia,R2,66.07,5.62,5.626390320765278
C067,Serratia,R2,67.07,5.62,5.618575855611914
C067,Serratia,R2,68.07,5.61,5.6102798966151015
C067,Serratia,R2,69.07,5.6,5.601650126166821
C067,Serratia,R2,70.07,5.59,5.592666714857756
C067,Serratia,R2,71.07,5.59,5.583252099806826
C067,Serratia,R2,72.07,5.57,5.573265296047243
C067,Serratia,R2,73.07,5.57,5.562678201156891
C067,Serratia,R2,74.07,5.55,5.551977664978076
C067,Serratia,R2,75.07,5.53,5.54163100592237
C067,Serratia,R2,76.07,5.53,5.531512464413988
C067,Serratia,R2,77.07,5.53,5.521348011380307
C067,Serratia,R2,78.07,5.51,5.510881077385795
C067,Serratia,R2,79.07,5.5,5.4999249315432825
C067,Serratia,R2,80.07,5.49,5.488367280134984
C067,Serratia,R2,81.07,5.48,5.476323739572259
C067,Serratia,R2,82.07,5.46,5.463970680194719
C067,Serratia,R2,83.07,5.44,5.451499577925784
C067,Serratia,R2,84.07,5.45,5.439000198381387
C067,Serratia,R2,85.07,5.43,5.42614036036366
C067,Serratia,R2,86.07,5.41,5.412616856093187
C067,Serratia,R2,87.07,5.39,5.398664318278128
C067,Serratia,R2,88.07,5.39,5.384521792886751
C067,Serratia,R2,89.07,5.37,5.369908138440179
C067,Serratia,R2,90.07,5.36,5.354493330887952
C067,Serratia,R2,91.07,5.33,5.33827200334043
C067,Serratia,R2,92.07,5.33,5.321319953198181
C067,Serratia,R2,93.07,5.3,5.303741303124091
C067,Serratia,R2,94.07,5.29,5.285753476830353
C067,Serratia,R2,95.07,5.26,5.267586548149354
C067,Serratia,R2,96.07,5.25,5.249407890344955
C067,Serratia,R2,97.07,5.23,5.231293831311464
C067,Serratia,R2,98.07,5.21,5.213019218033496
C067,Serratia,R2,99.07,5.2,5.194266465472384
C067,Serratia,R2,100.07,5.17,5.174649741406001
C067,Serratia,R2,101.07,5.17,5.153874168974203
C067,Serratia,R2,102.07,5.12,5.13207693994821
C067,Serratia,R2,103.07,5.11,5.109535995036144
C067,Serratia,R2,104.07,5.1,5.086660202062352
C067,Serratia,R2,105.07,5.05,5.063811568621613
C067,Serratia,R2,106.07,5.03,5.041033734274208
C067,Serratia,R2,107.07,5.02,5.018290746571795
C067,Serratia,R2,108.07,5,4.995367704848685
C067,Serratia,R2,109.07,4.98,4.97133391556979
C067,Serratia,R2,110.07,4.95,4.945371524410203
C067,Serratia,R2,111.07,4.91,4.917829826755107
C067,Serratia,R2,112.07,4.89,4.889243616827441
C067,Serratia,R2,113.07,4.86,4.8597225344910875
C067,Serratia,R2,114.07,4.83,4.829306293412277
C067,Serratia,R2,115.07,4.8,4.798180056825682
C067,Serratia,R2,116.07,4.76,4.766511771054539
C067,Serratia,R2,117.07,4.73,4.7342550652078526
C067,Serratia,R2,118.07,4.71,4.701299135361748
C067,Serratia,R2,119.07,4.67,4.667489762675055
C067,Serratia,R2,120.07,4.63,4.63268833767506
C067,Serratia,R2,121.07,4.59,4.59686210328017
C067,Serratia,R2,122.07,4.56,4.560004765506577
C067,Serratia,R2,123.07,4.53,4.522074074235283
C067,Serratia,R2,124.08,4.49,4.482484942258873
C067,Serratia,R2,125.08,4.43,4.441907687842305
C067,Serratia,R2,126.08,4.4,4.4002862822278805
C067,Serratia,R2,127.08,4.36,4.357957357393495
C067,Serratia,R2,128.08,4.32,4.3148459609787935
C067,Serratia,R2,129.08,4.26,4.270809206567831
C067,Serratia,R2,130.08,4.23,4.225844055860523
C067,Serratia,R2,131.08,4.18,4.179912154263591
C067,Serratia,R2,132.08,4.13,4.132694033895143
C067,Serratia,R2,133.08,4.09,4.083880495601075
C067,Serratia,R2,134.08,4.04,4.033484528427063
C067,Serratia,R2,135.08,3.97,3.981597212923058
C067,Serratia,R2,136.08,3.93,3.9282998074563267
C067,Serratia,R2,137.08,3.87,3.8736711148484635
C067,Serratia,R2,138.08,3.82,3.817681133877925
C067,Serratia,R2,139.08,3.76,3.7598646471506103
C067,Serratia,R2,140.08,3.71,3.6997709199542084
C067,Serratia,R2,141.08,3.63,3.637442364476123
C067,Serratia,R2,142.08,3.58,3.5730970910102946
C067,Serratia,R2,143.08,3.5,3.5071628553770675
C067,Serratia,R2,144.08,3.43,3.4399643014571573
C067,Serratia,R2,145.08,3.38,3.3712039798463316
C067,Serratia,R2,146.08,3.3,3.300460664600242
C067,Serratia,R2,147.08,3.23,3.2274401168990114
C067,Serratia,R2,148.08,3.15,3.1519276849682645
C067,Serratia,R2,149.08,3.08,3.073900078091142
C067,Serratia,R2,150.08,2.99,2.9934155583036186
C067,Serratia,R2,151.08,2.91,2.910667237595455
C067,Serratia,R2,152.08,2.83,2.8258819404448667
C067,Serratia,R2,153.08,2.73,2.7392497323889864
C067,Serratia,R2,154.08,2.65,2.650813643200621
C067,Serratia,R2,155.08,2.56,2.560468324086722
C067,Serratia,R2,156.08,2.47,2.467661947755094
C067,Serratia,R2,157.08,2.38,2.371851183212708
C067,Serratia,R2,158.08,2.27,2.2729731631622885
C067,Serratia,R2,159.08,2.17,2.1711227299357834
C067,Serratia,R2,160.08,2.07,2.0665451006862243
C067,Serratia,R2,161.08,1.95,1.959450708322998
C067,Serratia,R2,162.08,1.85,1.8497604739597864
C067,Serratia,R2,163.08,1.74,1.7372980062563965
C067,Serratia,R2,164.08,1.62,1.6217871758528797
C067,Serratia,R2,165.08,1.49,1.5028196368079794
C067,Serratia,R2,166.08,1.39,1.3795579148750368
C067,Serratia,R2,167.08,1.26,1.2510572537310274
C067,Serratia,R2,168.08,1.13,1.1166334310206845
C067,Serratia,R2,169.08,0.97,0.9766443602597114
C067,Serratia,R2,170.08,0.86,0.8319607317600564
C068,Serratia,R3,44.07,5.86,5.861238908812725
C068,Serratia,R3,45.07,5.87,5.858840410039767
C068,Serratia,R3,46.07,5.85,5.854157314231384
C068,Serratia,R3,47.07,5.85,5.847791994708802
C068,Serratia,R3,48.07,5.83,5.840275653637777
C068,Serratia,R3,49.07,5.83,5.831854808562219
C068,Serratia,R3,50.07,5.84,5.822712852473441
C068,Serratia,R3,51.07,5.8,5.813065364774237
C068,Serratia,R3,52.07,5.81,5.803189973773059
C068,Serratia,R3,53.07,5.79,5.793580316989519
C068,Serratia,R3,54.07,5.78,5.784709860160674
C068,Serratia,R3,55.07,5.77,5.776755372682182
C068,Serratia,R3,56.07,5.77,5.769663160946888
C068,Serratia,R3,57.07,5.77,5.762754375677785
C068,Serratia,R3,58.07,5.76,5.755361115626358
C068,Serratia,R3,59.07,5.74,5.747484427327924
C068,Serratia,R3,60.07,5.74,5.739221641912639
C068,Serratia,R3,61.07,5.73,5.730386281106224
C068,Serratia,R3,62.07,5.73,5.720720914283285
C068,Serratia,R3,63.07,5.71,5.7101003606752885
C068,Serratia,R3,64.07,5.69,5.698928438941153
C068,Serratia,R3,65.07,5.69,5.687628322049605
C068,Serratia,R3,66.07,5.68,5.676171600781143
C068,Serratia,R3,67.07,5.66,5.66447955286196
C068,Serratia,R3,68.07,5.66,5.652723785989239
C068,Serratia,R3,69.07,5.63,5.641097122183935
C068,Serratia,R3,70.07,5.63,5.629626910791115
C068,Serratia,R3,71.07,5.62,5.618233085498198
C068,Serratia,R3,72.07,5.61,5.606571390037885
C068,Serratia,R3,73.07,5.59,5.594294613416189
C068,Serratia,R3,74.07,5.59,5.581307915687085
C068,Serratia,R3,75.07,5.56,5.567598188043152
C068,Serratia,R3,76.07,5.56,5.553226875183406
C068,Serratia,R3,77.07,5.53,5.538274060183483
C068,Serratia,R3,78.07,5.53,5.522817399801304
C068,Serratia,R3,79.07,5.51,5.506924845523983
C068,Serratia,R3,80.07,5.48,5.490684075314628
C068,Serratia,R3,81.07,5.48,5.4742713783111405
C068,Serratia,R3,82.07,5.45,5.457798323866609
C068,Serratia,R3,83.07,5.45,5.441028991020055
C068,Serratia,R3,84.07,5.42,5.423692223190302
C068,Serratia,R3,85.07,5.41,5.40572341162943
C068,Serratia,R3,86.07,5.39,5.387172995185659
C068,Serratia,R3,87.07,5.36,5.368345055258509
C068,Serratia,R3,88.07,5.35,5.349522808388689
C068,Serratia,R3,89.07,5.33,5.330652369130389
C068,Serratia,R3,90.07,5.31,5.311552651237233
C068,Serratia,R3,91.07,5.29,5.291870867247131
C068,Serratia,R3,92.07,5.28,5.271211304394054
C068,Serratia,R3,93.07,5.25,5.249267580676935
C068,Serratia,R3,94.07,5.22,5.226090637154496
C068,Serratia,R3,95.07,5.21,5.201833274883709
C068,Serratia,R3,96.07,5.18,5.1766984118547015
C068,Serratia,R3,97.07,5.14,5.150947808254789
C068,Serratia,R3,98.07,5.13,5.125028476126877
C068,Serratia,R3,99.07,5.09,5.099282974074278
C068,Serratia,R3,100.07,5.07,5.073450795086329
C068,Serratia,R3,101.07,5.06,5.047125427181151
C068,Serratia,R3,102.07,5.02,5.0199194041059645
C068,Serratia,R3,103.07,4.99,4.991581930433895
C068,Serratia,R3,104.07,4.96,4.962389848312607
C068,Serratia,R3,105.07,4.93,4.932622426127398
C068,Serratia,R3,106.07,4.9,4.902040999639614
C068,Serratia,R3,107.07,4.88,4.870277421454608
C068,Serratia,R3,108.07,4.84,4.83710930983977
C068,Serratia,R3,109.07,4.8,4.802897345710642
C068,Serratia,R3,110.07,4.76,4.7680856768899105
C068,Serratia,R3,111.07,4.74,4.73286925618065
C068,Serratia,R3,112.07,4.69,4.697324597405465
C068,Serratia,R3,113.07,4.66,4.661303653484688
C068,Serratia,R3,114.07,4.63,4.624597229317049
C068,Serratia,R3,115.07,4.59,4.586976098617169
C068,Serratia,R3,116.07,4.54,4.548241775206329
C068,Serratia,R3,117.07,4.52,4.508338764516645
C068,Serratia,R3,118.07,4.46,4.467301315570339
C068,Serratia,R3,119.07,4.43,4.425379660139309
C068,Serratia,R3,120.07,4.38,4.38280493180596
C068,Serratia,R3,121.07,4.33,4.339515888645056
C068,Serratia,R3,122.07,4.3,4.295378194854455
C068,Serratia,R3,123.07,4.25,4.250191539383317
C068,Serratia,R3,124.08,4.21,4.20301527647801
C068,Serratia,R3,125.08,4.15,4.15435774577098
C068,Serratia,R3,126.08,4.11,4.10377398827707
C068,Serratia,R3,127.08,4.05,4.0514130701669675
C068,Serratia,R3,128.08,3.99,3.997530577867872
C068,Serratia,R3,129.08,3.95,3.9423273004290635
C068,Serratia,R3,130.08,3.87,3.885678317131612
C068,Serratia,R3,131.08,3.84,3.827359643958945
C068,Serratia,R3,132.08,3.78,3.767076753472159
C068,Serratia,R3,133.08,3.69,3.7046549623919907
C068,Serratia,R3,134.08,3.64,3.6404695075000424
C068,Serratia,R3,135.08,3.58,3.5749648551315807
C068,Serratia,R3,136.08,3.51,3.5083124697756136
C068,Serratia,R3,137.08,3.43,3.4406155654595896
C068,Serratia,R3,138.08,3.37,3.371893353994994
C068,Serratia,R3,139.08,3.31,3.3018290383294784
C068,Serratia,R3,140.08,3.22,3.230009440500644
C068,Serratia,R3,141.08,3.17,3.1559718677697646
C068,Serratia,R3,142.08,3.08,3.0793829427254495
C068,Serratia,R3,143.08,3,3.0004760640419645
C068,Serratia,R3,144.08,2.92,2.919636361551912
C068,Serratia,R3,145.08,2.82,2.837289113635545
C068,Serratia,R3,146.08,2.76,2.753644839130576
C068,Serratia,R3,147.08,2.67,2.6680148701568585
C068,Serratia,R3,148.08,2.59,2.579650431749936
C068,Serratia,R3,149.08,2.48,2.4884615073259297
C068,Serratia,R3,150.08,2.4,2.3945549905305668
C068,Serratia,R3,151.08,2.3,2.2981666575473816
C068,Serratia,R3,152.08,2.19,2.1995645051943686
C068,Serratia,R3,153.08,2.1,2.098912054988198
C068,Serratia,R3,154.08,1.99,1.995954927240232
C068,Serratia,R3,155.08,1.9,1.8903212525109596
C068,Serratia,R3,156.08,1.78,1.7815871035626136
C068,Serratia,R3,157.08,1.67,1.669404041475368
C068,Serratia,R3,158.08,1.55,1.5537776383993416
C068,Serratia,R3,159.08,1.43,1.4346620254964921
C068,Serratia,R3,160.08,1.32,1.3114515589061098
C068,Serratia,R3,161.08,1.19,1.18359622085903
C068,Serratia,R3,162.08,1.06,1.0513282729748994
C068,Serratia,R3,163.08,0.91,0.9151046301441079
C068,Serratia,R3,164.08,0.8,0.7754985409512668
C069,Serratia,R4,49.07,5.92,5.920386665205392
C069,Serratia,R4,50.07,5.92,5.918838380660176
C069,Serratia,R4,51.07,5.92,5.915248373871214
C069,Serratia,R4,52.07,5.91,5.910086003952126
C069,Serratia,R4,53.07,5.9,5.904100463891179
C069,Serratia,R4,54.07,5.89,5.897986991697929
C069,Serratia,R4,55.07,5.9,5.891945171592456
C069,Serratia,R4,56.07,5.88,5.886053494685866
C069,Serratia,R4,57.07,5.88,5.880401733442837
C069,Serratia,R4,58.07,5.87,5.874990975070441
C069,Serratia,R4,59.07,5.88,5.869456284391775
C069,Serratia,R4,60.07,5.86,5.863448583117541
C069,Serratia,R4,61.07,5.86,5.857048242892876
C069,Serratia,R4,62.07,5.85,5.8504429978465184
C069,Serratia,R4,63.07,5.84,5.8437918762789645
C069,Serratia,R4,64.07,5.83,5.837139083177734
C069,Serratia,R4,65.07,5.84,5.83042447839688
C069,Serratia,R4,66.07,5.82,5.82328536456959
C069,Serratia,R4,67.07,5.82,5.815385618561559
C069,Serratia,R4,68.07,5.81,5.806797971389436
C069,Serratia,R4,69.07,5.79,5.797707816828898
C069,Serratia,R4,70.07,5.79,5.788342345540832
C069,Serratia,R4,71.07,5.78,5.778851063675435
C069,Serratia,R4,72.07,5.76,5.769030942454973
C069,Serratia,R4,73.07,5.78,5.758704125513529
C069,Serratia,R4,74.07,5.74,5.748145981060394
C069,Serratia,R4,75.07,5.73,5.737703583832705
C069,Serratia,R4,76.07,5.73,5.7275576101037435
C069,Serratia,R4,77.07,5.71,5.717847136530835
C069,Serratia,R4,78.07,5.71,5.708538141439789
C069,Serratia,R4,79.07,5.7,5.698904209830362
C069,Serratia,R4,80.07,5.7,5.688211618296162
C069,Serratia,R4,81.07,5.68,5.676389803132257
C069,Serratia,R4,82.07,5.66,5.663656380316328
C069,Serratia,R4,83.07,5.64,5.650718524855047
C069,Serratia,R4,84.07,5.64,5.638191593129776
C069,Serratia,R4,85.07,5.62,5.625834107991656
C069,Serratia,R4,86.07,5.62,5.6131831992245775
C069,Serratia,R4,87.07,5.6,5.599747257873651
C069,Serratia,R4,88.07,5.59,5.5851342733671245
C069,Serratia,R4,89.07,5.57,5.5693793674045695
C069,Serratia,R4,90.07,5.55,5.552653440315422
C069,Serratia,R4,91.07,5.54,5.535243374677256
C069,Serratia,R4,92.07,5.51,5.517465048629684
C069,Serratia,R4,93.07,5.5,5.499590799951788
C069,Serratia,R4,94.07,5.49,5.481718804980544
C069,Serratia,R4,95.07,5.45,5.46389504943355
C069,Serratia,R4,96.07,5.45,5.44613091799299
C069,Serratia,R4,97.07,5.43,5.428378856502133
C069,Serratia,R4,98.07,5.41,5.4103901564839845
C069,Serratia,R4,99.07,5.39,5.391888970011806
C069,Serratia,R4,100.07,5.38,5.3726920456801555
C069,Serratia,R4,101.07,5.35,5.352701332923607
C069,Serratia,R4,102.07,5.33,5.332066988015504
C069,Serratia,R4,103.07,5.31,5.310940598367147
C069,Serratia,R4,104.07,5.29,5.289231269102867
C069,Serratia,R4,105.07,5.27,5.26681040927579
C069,Serratia,R4,106.07,5.24,5.243641125941174
C069,Serratia,R4,107.07,5.22,5.21970945065481
C069,Serratia,R4,108.07,5.2,5.195008641054863
C069,Serratia,R4,109.07,5.16,5.169560859108968
C069,Serratia,R4,110.07,5.15,5.143357125937721
C069,Serratia,R4,111.07,5.12,5.116234994944078
C069,Serratia,R4,112.07,5.09,5.0881249456886435
C069,Serratia,R4,113.07,5.05,5.059482630080255
C069,Serratia,R4,114.07,5.03,5.030733108524472
C069,Serratia,R4,115.07,5,5.001653903065562
C069,Serratia,R4,116.07,4.98,4.9719031979499135
C069,Serratia,R4,117.07,4.94,4.941309364593747
C069,Serratia,R4,118.07,4.91,4.909797356789171
C069,Serratia,R4,119.07,4.87,4.877508270662047
C069,Serratia,R4,120.07,4.84,4.844503094616474
C069,Serratia,R4,121.07,4.82,4.8103062438357576
C069,Serratia,R4,122.07,4.78,4.774307990198005
C069,Serratia,R4,123.07,4.74,4.736132823196213
C069,Serratia,R4,124.08,4.69,4.695938728870794
C069,Serratia,R4,125.08,4.65,4.655199446815477
C069,Serratia,R4,126.08,4.62,4.613697300021328
C069,Serratia,R4,127.08,4.57,4.571513193321833
C069,Serratia,R4,128.08,4.52,4.5288550295663965
C069,Serratia,R4,129.08,4.49,4.485839014257764
C069,Serratia,R4,130.08,4.43,4.442087565496107
C069,Serratia,R4,131.08,4.41,4.39705877521936
C069,Serratia,R4,132.08,4.35,4.350047218119098
C069,Serratia,R4,133.08,4.31,4.30048419449369
C069,Serratia,R4,134.08,4.24,4.248511424315055
C069,Serratia,R4,135.08,4.2,4.1944611772068106
C069,Serratia,R4,136.08,4.14,4.138717501725778
C069,Serratia,R4,137.08,4.08,4.081677391162088
C069,Serratia,R4,138.08,4.02,4.023742559455739
C069,Serratia,R4,139.08,3.96,3.9653336031462336
C069,Serratia,R4,140.08,3.9,3.9066610396520414
C069,Serratia,R4,141.08,3.85,3.8470761873080304
C069,Serratia,R4,142.08,3.8,3.7858174177534134
C069,Serratia,R4,143.08,3.71,3.7225305149283607
C069,Serratia,R4,144.08,3.67,3.6570270064799906
C069,Serratia,R4,145.08,3.58,3.5893739825822286
C069,Serratia,R4,146.08,3.52,3.5196640739073253
C069,Serratia,R4,147.08,3.45,3.44783651059402
C069,Serratia,R4,148.08,3.37,3.3737537119631176
C069,Serratia,R4,149.08,3.3,3.297124254597177
C069,Serratia,R4,150.08,3.22,3.2177023360622843
C069,Serratia,R4,151.08,3.14,3.135578480596857
C069,Serratia,R4,152.08,3.05,3.0509272941074026
C069,Serratia,R4,153.08,2.96,2.9639436318971963
C069,Serratia,R4,154.08,2.87,2.8749033468566
C069,Serratia,R4,155.08,2.79,2.784028530282865
C069,Serratia,R4,156.08,2.69,2.6912452295136857
C069,Serratia,R4,157.08,2.59,2.5964140339886486
C069,Serratia,R4,158.08,2.51,2.4994297455144125
C069,Serratia,R4,159.08,2.39,2.4001994353544323
C069,Serratia,R4,160.08,2.3,2.29864504023222
C069,Serratia,R4,161.08,2.19,2.1945889136237153
C069,Serratia,R4,162.08,2.09,2.087440210554472
C069,Serratia,R4,163.08,1.98,1.97653899487018
C069,Serratia,R4,164.08,1.86,1.861362164147482
C069,Serratia,R4,165.08,1.75,1.7414975277867688
C069,Serratia,R4,166.08,1.61,1.6168397087525137
C069,Serratia,R4,167.08,1.49,1.4873600334001982
C069,Serratia,R4,168.08,1.36,1.3530757270279374
C069,Serratia,R4,169.08,1.23,1.2141876107043188
C069,Serratia,R4,170.08,1.08,1.0713109245903525
C070,Serratia,R5,46.07,5.66,5.65135217950867
C070,Serratia,R5,47.07,5.65,5.649669668611082
C070,Serratia,R5,48.07,5.65,5.646197345701913
C070,Serratia,R5,49.07,5.64,5.641692145884232
C070,Serratia,R5,50.07,5.63,5.637043263180281
C070,Serratia,R5,51.07,5.63,5.632810948137446
C070,Serratia,R5,52.07,5.62,5.629268367546998
C070,Serratia,R5,53.07,5.63,5.6258692966506265
C070,Serratia,R5,54.07,5.63,5.621928531829106
C070,Serratia,R5,55.07,5.62,5.617024345569153
C070,Serratia,R5,56.07,5.61,5.610931314571016
C070,Serratia,R5,57.07,5.61,5.603945756283121
C070,Serratia,R5,58.07,5.59,5.5965330110369855
C070,Serratia,R5,59.07,5.59,5.5893127699483465
C070,Serratia,R5,60.07,5.57,5.582758835737987
C070,Serratia,R5,61.07,5.58,5.576607106762675
C070,Serratia,R5,62.07,5.58,5.570409005288175
C070,Serratia,R5,63.07,5.56,5.563800110656168
C070,Serratia,R5,64.07,5.56,5.5567526305120065
C070,Serratia,R5,65.07,5.55,5.549366933780025
C070,Serratia,R5,66.07,5.54,5.541919406196805
C070,Serratia,R5,67.07,5.53,5.534663667336886
C070,Serratia,R5,68.07,5.53,5.5275862553144
C070,Serratia,R5,69.07,5.52,5.520611640705762
C070,Serratia,R5,70.07,5.52,5.513683105396933
C070,Serratia,R5,71.07,5.5,5.506767740690279
C070,Serratia,R5,72.07,5.49,5.499909064244208
C070,Serratia,R5,73.07,5.5,5.493040285712909
C070,Serratia,R5,74.07,5.5,5.4855769563776065
C070,Serratia,R5,75.07,5.47,5.477016229606642
C070,Serratia,R5,76.07,5.47,5.4676993254897415
C070,Serratia,R5,77.07,5.45,5.458178480796983
C070,Serratia,R5,78.07,5.45,5.448858058274134
C070,Serratia,R5,79.07,5.44,5.439550924569748
C070,Serratia,R5,80.07,5.43,5.4299774505346745
C070,Serratia,R5,81.07,5.43,5.420079519926192
C070,Serratia,R5,82.07,5.4,5.409890427846243
C070,Serratia,R5,83.07,5.39,5.39958760186901
C070,Serratia,R5,84.07,5.4,5.389241689044391
C070,Serratia,R5,85.07,5.38,5.378352081852898
C070,Serratia,R5,86.07,5.37,5.36644246351781
C070,Serratia,R5,87.07,5.35,5.353704934802851
C070,Serratia,R5,88.07,5.34,5.3404847666348045
C070,Serratia,R5,89.07,5.33,5.327071493052251
C070,Serratia,R5,90.07,5.31,5.313655860627961
C070,Serratia,R5,91.07,5.29,5.300089202959706
C070,Serratia,R5,92.07,5.29,5.286138000401506
C070,Serratia,R5,93.07,5.28,5.2715384191492065
C070,Serratia,R5,94.07,5.26,5.25590536876596
C070,Serratia,R5,95.07,5.24,5.239011125021761
C070,Serratia,R5,96.07,5.21,5.221378685146627
C070,Serratia,R5,97.07,5.21,5.203576574295517
C070,Serratia,R5,98.07,5.18,5.185604707863116
C070,Serratia,R5,99.07,5.17,5.167326242332394
C070,Serratia,R5,100.07,5.15,5.148625908299753
C070,Serratia,R5,101.07,5.13,5.12942113093959
C070,Serratia,R5,102.07,5.11,5.109738539624881
C070,Serratia,R5,103.07,5.09,5.089676837175587
C070,Serratia,R5,104.07,5.07,5.06951381600104
C070,Serratia,R5,105.07,5.04,5.049454323029827
C070,Serratia,R5,106.07,5.03,5.029232333678176
C070,Serratia,R5,107.07,5.01,5.008464105484221
C070,Serratia,R5,108.07,4.99,4.986759482725761
C070,Serratia,R5,109.07,4.97,4.9637026566392235
C070,Serratia,R5,110.07,4.94,4.939047198296425
C070,Serratia,R5,111.07,4.91,4.913249851152071
C070,Serratia,R5,112.07,4.88,4.886804054507708
C070,Serratia,R5,113.07,4.86,4.859646858669364
C070,Serratia,R5,114.07,4.84,4.8316213311802825
C070,Serratia,R5,115.07,4.81,4.802750997528122
C070,Serratia,R5,116.07,4.76,4.773192917926334
C070,Serratia,R5,117.07,4.74,4.743457833547164
C070,Serratia,R5,118.07,4.71,4.713911793632423
C070,Serratia,R5,119.07,4.69,4.683988398743432
C070,Serratia,R5,120.07,4.66,4.6530050884674425
C070,Serratia,R5,121.07,4.61,4.62074710717596
C070,Serratia,R5,122.07,4.6,4.587116650436558
C070,Serratia,R5,123.07,4.55,4.552091956993217
C070,Serratia,R5,124.08,4.51,4.515589671222314
C070,Serratia,R5,125.08,4.48,4.478626198083113
C070,Serratia,R5,126.08,4.44,4.440864231670331
C070,Serratia,R5,127.08,4.4,4.402236206928988
C070,Serratia,R5,128.08,4.37,4.362599127350703
C070,Serratia,R5,129.08,4.32,4.321863235073664
C070,Serratia,R5,130.08,4.27,4.280227158275717
C070,Serratia,R5,131.08,4.24,4.237803197534347
C070,Serratia,R5,132.08,4.2,4.194069956985963
C070,Serratia,R5,133.08,4.15,4.148496785752739
C070,Serratia,R5,134.08,4.1,4.101149709340988
C070,Serratia,R5,135.08,4.05,4.052171801637131
C070,Serratia,R5,136.08,4,4.001417653663858
C070,Serratia,R5,137.08,3.95,3.948669735727931
C070,Serratia,R5,138.08,3.91,3.893845074813065
C070,Serratia,R5,139.08,3.83,3.8373989246108193
C070,Serratia,R5,140.08,3.77,3.7798929845405023
C070,Serratia,R5,141.08,3.72,3.7217765102245988
C070,Serratia,R5,142.08,3.66,3.6632693821823135
C070,Serratia,R5,143.08,3.6,3.6037864243165405
C070,Serratia,R5,144.08,3.55,3.5425545372308185
C070,Serratia,R5,145.08,3.49,3.4788539849475493
C070,Serratia,R5,146.08,3.41,3.4121989561501085
C070,Serratia,R5,147.08,3.34,3.3429859747468997
C070,Serratia,R5,148.08,3.27,3.2717424784195552
C070,Serratia,R5,149.08,3.2,3.1986372247175634
C070,Serratia,R5,150.08,3.12,3.1237288060553197
C070,Serratia,R5,151.08,3.05,3.046993834438947
C070,Serratia,R5,152.08,2.96,2.9683884267725067
C070,Serratia,R5,153.08,2.89,2.8877751841430017
C070,Serratia,R5,154.08,2.81,2.804642644369187
C070,Serratia,R5,155.08,2.72,2.718491940692254
C070,Serratia,R5,156.08,2.63,2.629248651311332
C070,Serratia,R5,157.08,2.54,2.5370068841274476
C070,Serratia,R5,158.08,2.44,2.442110420891222
C070,Serratia,R5,159.08,2.34,2.34490028058056
C070,Serratia,R5,160.08,2.24,2.245456757232863
C070,Serratia,R5,161.08,2.15,2.1437211070177282
C070,Serratia,R5,162.08,2.04,2.0393391595740096
C070,Serratia,R5,163.08,1.93,1.9319477802837661
C070,Serratia,R5,164.08,1.82,1.8214434040326657
C070,Serratia,R5,165.08,1.7,1.7076939240507225
C070,Serratia,R5,166.08,1.6,1.5901934974417808
C070,Serratia,R5,167.08,1.47,1.4683428472781288
C070,Serratia,R5,168.08,1.34,1.341652818951483
C070,Serratia,R5,169.08,1.22,1.210074747131214
C070,Serratia,R5,170.08,1.07,1.0737436804715297
C070,Serratia,R5,171.08,0.95,0.9330890342882557
C070,Serratia,R5,172.08,0.8,0.7889047674640023
C071,Yersinia,R1,46.07,6.23,6.213372245319939
C071,Yersinia,R1,47.07,6.21,6.212564637976018
C071,Yersinia,R1,48.07,6.2,6.210439697866144
C071,Yersinia,R1,49.07,6.21,6.207739667932685
C071,Yersinia,R1,50.07,6.2,6.205154833778544
C071,Yersinia,R1,51.07,6.2,6.202530358309498
C071,Yersinia,R1,52.07,6.21,6.199558973591098
C071,Yersinia,R1,53.07,6.2,6.196168811025144
C071,Yersinia,R1,54.07,6.19,6.192470283623528
C071,Yersinia,R1,55.07,6.18,6.189067531502266
C071,Yersinia,R1,56.07,6.19,6.186543260201486
C071,Yersinia,R1,57.07,6.18,6.184900709853645
C071,Yersinia,R1,58.07,6.18,6.183934738482625
C071,Yersinia,R1,59.07,6.19,6.183186141085663
C071,Yersinia,R1,60.07,6.18,6.1821661163787205
C071,Yersinia,R1,61.07,6.18,6.1805215409792815
C071,Yersinia,R1,62.07,6.19,6.177933210980209
C071,Yersinia,R1,63.07,6.17,6.174230728372813
C071,Yersinia,R1,64.07,6.17,6.169838918742214
C071,Yersinia,R1,65.07,6.16,6.16523566175074
C071,Yersinia,R1,66.07,6.16,6.160515829775786
C071,Yersinia,R1,67.07,6.16,6.155689633149158
C071,Yersinia,R1,68.07,6.15,6.150811641305235
C071,Yersinia,R1,69.07,6.14,6.1458969822449365
C071,Yersinia,R1,70.07,6.14,6.14075865913276
C071,Yersinia,R1,71.07,6.15,6.1352282970608965
C071,Yersinia,R1,72.07,6.12,6.129414133668756
C071,Yersinia,R1,73.07,6.12,6.1234582919180855
C071,Yersinia,R1,74.07,6.12,6.117361823512799
C071,Yersinia,R1,75.07,6.11,6.111087990585674
C071,Yersinia,R1,76.07,6.11,6.1045899682427835
C071,Yersinia,R1,77.07,6.09,6.097818409833518
C071,Yersinia,R1,78.07,6.1,6.090728592861031
C071,Yersinia,R1,79.07,6.07,6.083294291443481
C071,Yersinia,R1,80.07,6.09,6.075506863088565
C071,Yersinia,R1,81.07,6.06,6.06740950224708
C071,Yersinia,R1,82.07,6.05,6.058983796597704
C071,Yersinia,R1,83.07,6.06,6.049913069787535
C071,Yersinia,R1,84.07,6.04,6.039847217546909
C071,Yersinia,R1,85.07,6.03,6.028600687970725
C071,Yersinia,R1,86.07,6.02,6.016112422062232
C071,Yersinia,R1,87.07,6,6.002654780093539
C071,Yersinia,R1,88.07,5.99,5.988574193765584
C071,Yersinia,R1,89.07,5.97,5.974179961225752
C071,Yersinia,R1,90.07,5.96,5.9597455987191505
C071,Yersinia,R1,91.07,5.95,5.945438628435317
C071,Yersinia,R1,92.07,5.92,5.931400074049902
C071,Yersinia,R1,93.07,5.92,5.917672319415955
C071,Yersinia,R1,94.07,5.9,5.9039031890961535
C071,Yersinia,R1,95.07,5.89,5.889610814653352
C071,Yersinia,R1,96.07,5.89,5.874189114941529
C071,Yersinia,R1,97.07,5.85,5.857158676549378
C071,Yersinia,R1,98.07,5.83,5.838670969713388
C071,Yersinia,R1,99.07,5.83,5.818942607784882
C071,Yersinia,R1,100.07,5.8,5.7978198929267775
C071,Yersinia,R1,101.07,5.77,5.775174547872486
C071,Yersinia,R1,102.07,5.75,5.75135028882582
C071,Yersinia,R1,103.07,5.72,5.726644268465707
C071,Yersinia,R1,104.07,5.71,5.700695391901126
C071,Yersinia,R1,105.07,5.68,5.673127551741886
C071,Yersinia,R1,106.07,5.64,5.644162838171042
C071,Yersinia,R1,107.07,5.6,5.61417289076496
C071,Yersinia,R1,108.07,5.6,5.583440214583532
C071,Yersinia,R1,109.07,5.54,5.5518907766207475
C071,Yersinia,R1,110.07,5.52,5.519338810451623
C071,Yersinia,R1,111.07,5.49,5.485508154041196
C071,Yersinia,R1,112.07,5.45,5.45014795598864
C071,Yersinia,R1,113.07,5.41,5.413199003039669
C071,Yersinia,R1,114.07,5.37,5.374571465539846
C071,Yersinia,R1,115.07,5.34,5.33386141008764
C071,Yersinia,R1,116.07,5.29,5.290609901954926
C071,Yersinia,R1,117.07,5.25,5.2444521048543455
C071,Yersinia,R1,118.07,5.2,5.195224849129311
C071,Yersinia,R1,119.07,5.14,5.14347753320557
C071,Yersinia,R1,120.07,5.08,5.089768137328688
C071,Yersinia,R1,121.07,5.03,5.033976400941194
C071,Yersinia,R1,122.07,4.99,4.9758125032848595
C071,Yersinia,R1,123.07,4.91,4.915047418633281
C071,Yersinia,R1,124.08,4.85,4.851048969291733
C071,Yersinia,R1,125.08,4.78,4.78509536219958
C071,Yersinia,R1,126.08,4.72,4.71631738478662
C071,Yersinia,R1,127.08,4.64,4.64437560912793
C071,Yersinia,R1,128.08,4.58,4.568825042213148
C071,Yersinia,R1,129.08,4.49,4.489319484757217
C071,Yersinia,R1,130.08,4.39,4.406013477461658
C071,Yersinia,R1,131.08,4.33,4.319059352628035
C071,Yersinia,R1,132.08,4.23,4.228099868971488
C071,Yersinia,R1,133.08,4.13,4.132749548672123
C071,Yersinia,R1,134.08,4.03,4.03301954135632
C071,Yersinia,R1,135.08,3.93,3.9289406383207255
C071,Yersinia,R1,136.08,3.82,3.8202255700967296
C071,Yersinia,R1,137.08,3.7,3.706507552024424
C071,Yersinia,R1,138.08,3.59,3.5873606124630006
C071,Yersinia,R1,139.08,3.47,3.4621220318481103
C071,Yersinia,R1,140.08,3.33,3.330176764992797
C071,Yersinia,R1,141.08,3.18,3.1913372121432673
C071,Yersinia,R1,142.08,3.06,3.0454978713321683
C071,Yersinia,R1,143.08,2.89,2.892454186304727
C071,Yersinia,R1,144.08,2.72,2.7319701784350547
C071,Yersinia,R1,145.08,2.57,2.5637832339001423
C071,Yersinia,R1,146.08,2.38,2.3875428682336537
C071,Yersinia,R1,147.08,2.2,2.202573749592986
C071,Yersinia,R1,148.08,2.01,2.0079243936278415
C071,Yersinia,R1,149.08,1.82,1.8018635533333143
C071,Yersinia,R1,150.08,1.61,1.58324662748461
C071,Yersinia,R1,151.08,1.38,1.3540553606318622
C071,Yersinia,R1,152.08,1.16,1.1170530837689572
C071,Yersinia,R1,153.08,0.92,0.8765413040946022
C072,Yersinia,R2,44.07,6.13,6.1339832197277415
C072,Yersinia,R2,45.07,6.13,6.133607749454655
C072,Yersinia,R2,46.07,6.12,6.132631713195317
C072,Yersinia,R2,47.07,6.14,6.131191271419495
C072,Yersinia,R2,48.07,6.13,6.129372501868968
C072,Yersinia,R2,49.07,6.13,6.127061151373582
C072,Yersinia,R2,50.07,6.12,6.1241615539937815
C072,Yersinia,R2,51.07,6.12,6.12085272362437
C072,Yersinia,R2,52.07,6.12,6.11731866131768
C072,Yersinia,R2,53.07,6.11,6.113488636921805
C072,Yersinia,R2,54.07,6.12,6.1093089982683395
C072,Yersinia,R2,55.07,6.1,6.105049136327088
C072,Yersinia,R2,56.07,6.1,6.101076457307392
C072,Yersinia,R2,57.07,6.09,6.097827385238506
C072,Yersinia,R2,58.07,6.09,6.095541039660505
C072,Yersinia,R2,59.07,6.1,6.093598304336843
C072,Yersinia,R2,60.07,6.1,6.091289990341445
C072,Yersinia,R2,61.07,6.08,6.088404853766756
C072,Yersinia,R2,62.07,6.09,6.084856136959851
C072,Yersinia,R2,63.07,6.08,6.080578933773715
C072,Yersinia,R2,64.07,6.08,6.075595744084956
C072,Yersinia,R2,65.07,6.07,6.07001978954014
C072,Yersinia,R2,66.07,6.06,6.064239772842034
C072,Yersinia,R2,67.07,6.06,6.058653424169416
C072,Yersinia,R2,68.07,6.05,6.053419102548888
C072,Yersinia,R2,69.07,6.05,6.048619759485351
C072,Yersinia,R2,70.07,6.04,6.044276087549028
C072,Yersinia,R2,71.07,6.04,6.040293928894277
C072,Yersinia,R2,72.07,6.03,6.036181982946641
C072,Yersinia,R2,73.07,6.05,6.03143697679089
C072,Yersinia,R2,74.07,6.02,6.02590489087751
C072,Yersinia,R2,75.07,6.01,6.019522363748987
C072,Yersinia,R2,76.07,6.02,6.012239412950105
C072,Yersinia,R2,77.07,6.02,6.004009400776225
C072,Yersinia,R2,78.07,5.98,5.99492581800078
C072,Yersinia,R2,79.07,5.98,5.985642669309521
C072,Yersinia,R2,80.07,5.98,5.976748260024799
C072,Yersinia,R2,81.07,5.97,5.968007584103079
C072,Yersinia,R2,82.07,5.96,5.959104123458744
C072,Yersinia,R2,83.07,5.95,5.950218623203746
C072,Yersinia,R2,84.07,5.93,5.941531049369822
C072,Yersinia,R2,85.07,5.94,5.932720988470256
C072,Yersinia,R2,86.07,5.93,5.923395543207404
C072,Yersinia,R2,87.07,5.91,5.913372260558359
C072,Yersinia,R2,88.07,5.91,5.902627085437733
C072,Yersinia,R2,89.07,5.88,5.891559110235437
C072,Yersinia,R2,90.07,5.88,5.880526500304792
C072,Yersinia,R2,91.07,5.87,5.8693005653774595
C072,Yersinia,R2,92.07,5.86,5.857505901279686
C072,Yersinia,R2,93.07,5.85,5.844867377363981
C072,Yersinia,R2,94.07,5.83,5.831510957087927
C072,Yersinia,R2,95.07,5.81,5.817595003151791
C072,Yersinia,R2,96.07,5.8,5.8030063811215395
C072,Yersinia,R2,97.07,5.8,5.787556130629818
C072,Yersinia,R2,98.07,5.77,5.7710234847103266
C072,Yersinia,R2,99.07,5.75,5.7532733612240134
C072,Yersinia,R2,100.07,5.74,5.734545223939794
C072,Yersinia,R2,101.07,5.71,5.715162128149978
C072,Yersinia,R2,102.07,5.7,5.6954069493325035
C072,Yersinia,R2,103.07,5.67,5.675529694715101
C072,Yersinia,R2,104.07,5.65,5.655689078339046
C072,Yersinia,R2,105.07,5.63,5.635892742333627
C072,Yersinia,R2,106.07,5.63,5.615635334366602
C072,Yersinia,R2,107.07,5.59,5.594283253490355
C072,Yersinia,R2,108.07,5.58,5.571378489484937
C072,Yersinia,R2,109.07,5.54,5.547165395041107
C072,Yersinia,R2,110.07,5.52,5.521967977039929
C072,Yersinia,R2,111.07,5.5,5.495726496213008
C072,Yersinia,R2,112.07,5.47,5.468364957069849
C072,Yersinia,R2,113.07,5.44,5.44012608538108
C072,Yersinia,R2,114.07,5.4,5.41124137499077
C072,Yersinia,R2,115.07,5.39,5.381578670775666
C072,Yersinia,R2,116.07,5.35,5.350955047989847
C072,Yersinia,R2,117.07,5.32,5.319348152364056
C072,Yersinia,R2,118.07,5.28,5.286683774727649
C072,Yersinia,R2,119.07,5.25,5.252519715827765
C072,Yersinia,R2,120.07,5.23,5.216417000836925
C072,Yersinia,R2,121.07,5.18,5.178317542711391
C072,Yersinia,R2,122.07,5.13,5.138258476353362
C072,Yersinia,R2,123.07,5.1,5.096292985274696
C072,Yersinia,R2,124.08,5.05,5.052092318809992
C072,Yersinia,R2,125.08,5.01,5.006665242235574
C072,Yersinia,R2,126.08,4.96,4.959711089570769
C072,Yersinia,R2,127.08,4.91,4.91136840633696
C072,Yersinia,R2,128.08,4.85,4.861821080725144
C072,Yersinia,R2,129.08,4.82,4.811135102517038
C072,Yersinia,R2,130.08,4.75,4.758859525187601
C072,Yersinia,R2,131.08,4.71,4.704408146851926
C072,Yersinia,R2,132.08,4.65,4.647170680492421
C072,Yersinia,R2,133.08,4.59,4.586643823094478
C072,Yersinia,R2,134.08,4.53,4.52277629278811
C072,Yersinia,R2,135.08,4.45,4.455728756934265
C072,Yersinia,R2,136.08,4.39,4.386057658672985
C072,Yersinia,R2,137.08,4.31,4.314418385089089
C072,Yersinia,R2,138.08,4.23,4.241302119100546
C072,Yersinia,R2,139.08,4.16,4.166543226957927
C072,Yersinia,R2,140.08,4.1,4.0896899552801615
C072,Yersinia,R2,141.08,4.01,4.009802888827059
C072,Yersinia,R2,142.08,3.93,3.9259778407073114
C072,Yersinia,R2,143.08,3.84,3.8379391992842873
C072,Yersinia,R2,144.08,3.75,3.7456269462070564
C072,Yersinia,R2,145.08,3.64,3.649214861012763
C072,Yersinia,R2,146.08,3.56,3.548945043493041
C072,Yersinia,R2,147.08,3.44,3.4450990765693597
C072,Yersinia,R2,148.08,3.33,3.3379316044296226
C072,Yersinia,R2,149.08,3.23,3.227550033197576
C072,Yersinia,R2,150.08,3.11,3.113895832919279
C072,Yersinia,R2,151.08,2.99,2.996393967394141
C072,Yersinia,R2,152.08,2.89,2.8743402738599197
C072,Yersinia,R2,153.08,2.74,2.7471067708847285
C072,Yersinia,R2,154.08,2.61,2.614370202358099
C072,Yersinia,R2,155.08,2.48,2.4758147396282797
C072,Yersinia,R2,156.08,2.33,2.330849538556913
C072,Yersinia,R2,157.08,2.18,2.1788428801812114
C072,Yersinia,R2,158.08,2.02,2.0192745617272054
C072,Yersinia,R2,159.08,1.86,1.8517398690069742
C072,Yersinia,R2,160.08,1.68,1.6761845259878838
C072,Yersinia,R2,161.08,1.5,1.492792803313639
C072,Yersinia,R2,162.08,1.33,1.3023527201779657
C072,Yersinia,R2,163.08,1.14,1.1065343324549808
C072,Yersinia,R2,164.08,0.94,0.9099320941904249
C073,Yersinia,R3,47.07,6.16,6.1559133104878745
C073,Yersinia,R3,48.07,6.15,6.153945920100207
C073,Yersinia,R3,49.07,6.14,6.151145815561406
C073,Yersinia,R3,50.07,6.14,6.148616906877177
C073,Yersinia,R3,51.07,6.16,6.146099231797339
C073,Yersinia,R3,52.07,6.14,6.1431087312788755
C073,Yersinia,R3,53.07,6.14,6.139628831363354
C073,Yersinia,R3,54.07,6.14,6.135806058323046
C073,Yersinia,R3,55.07,6.13,6.131971854268434
C073,Yersinia,R3,56.07,6.12,6.128424035510165
C073,Yersinia,R3,57.07,6.13,6.125140999321314
C073,Yersinia,R3,58.07,6.12,6.122055837561277
C073,Yersinia,R3,59.07,6.13,6.119239839472332
C073,Yersinia,R3,60.07,6.11,6.116760528265796
C073,Yersinia,R3,61.07,6.1,6.114532165646281
C073,Yersinia,R3,62.07,6.12,6.112430697941721
C073,Yersinia,R3,63.07,6.12,6.110311424460123
C073,Yersinia,R3,64.07,6.11,6.107947056429778
C073,Yersinia,R3,65.07,6.09,6.105147282154198
C073,Yersinia,R3,66.07,6.11,6.101952286317499
C073,Yersinia,R3,67.07,6.1,6.098397826449829
C073,Yersinia,R3,68.07,6.09,6.094271455084859
C073,Yersinia,R3,69.07,6.1,6.0893896451357765
C073,Yersinia,R3,70.07,6.08,6.083932756030322
C073,Yersinia,R3,71.07,6.08,6.078186047280591
C073,Yersinia,R3,72.07,6.06,6.072490492221565
C073,Yersinia,R3,73.07,6.08,6.067131871905126
C073,Yersinia,R3,74.07,6.05,6.062119484427851
C073,Yersinia,R3,75.07,6.06,6.057325680825862
C073,Yersinia,R3,76.07,6.05,6.0523515068487
C073,Yersinia,R3,77.07,6.05,6.046730181924264
C073,Yersinia,R3,78.07,6.05,6.040082189224072
C073,Yersinia,R3,79.07,6.03,6.0323770668941075
C073,Yersinia,R3,80.07,6.03,6.023810624776332
C073,Yersinia,R3,81.07,6,6.015134704522141
C073,Yersinia,R3,82.07,6,6.006972812825148
C073,Yersinia,R3,83.07,6.01,5.998879084738376
C073,Yersinia,R3,84.07,5.99,5.990255339123828
C073,Yersinia,R3,85.07,5.99,5.9809635017200105
C073,Yersinia,R3,86.07,5.96,5.971050378078492
C073,Yersinia,R3,87.07,5.97,5.960842186126592
C073,Yersinia,R3,88.07,5.94,5.950675147175428
C073,Yersinia,R3,89.07,5.94,5.9406460836955555
C073,Yersinia,R3,90.07,5.93,5.930693791662244
C073,Yersinia,R3,91.07,5.92,5.920364359910162
C073,Yersinia,R3,92.07,5.92,5.909105700488829
C073,Yersinia,R3,93.07,5.9,5.896577141763698
C073,Yersinia,R3,94.07,5.88,5.883283677363981
C073,Yersinia,R3,95.07,5.86,5.869842019422701
C073,Yersinia,R3,96.07,5.86,5.85647008882441
C073,Yersinia,R3,97.07,5.84,5.84320122161896
C073,Yersinia,R3,98.07,5.83,5.829729205765935
C073,Yersinia,R3,99.07,5.82,5.815710339683521
C073,Yersinia,R3,100.07,5.8,5.800990511714652
C073,Yersinia,R3,101.07,5.78,5.785433299671811
C073,Yersinia,R3,102.07,5.78,5.76878344932096
C073,Yersinia,R3,103.07,5.75,5.750884355018899
C073,Yersinia,R3,104.07,5.73,5.7320928375323215
C073,Yersinia,R3,105.07,5.71,5.712795871499082
C073,Yersinia,R3,106.07,5.69,5.692987620631783
C073,Yersinia,R3,107.07,5.67,5.672564045911707
C073,Yersinia,R3,108.07,5.66,5.65139950813352
C073,Yersinia,R3,109.07,5.63,5.629281967345393
C073,Yersinia,R3,110.07,5.6,5.606049992596503
C073,Yersinia,R3,111.07,5.59,5.58183098968653
C073,Yersinia,R3,112.07,5.55,5.556798372864277
C073,Yersinia,R3,113.07,5.53,5.53102075342455
C073,Yersinia,R3,114.07,5.51,5.504529680634602
C073,Yersinia,R3,115.07,5.47,5.477313258605455
C073,Yersinia,R3,116.07,5.45,5.449299681122561
C073,Yersinia,R3,117.07,5.42,5.420220945825334
C073,Yersinia,R3,118.07,5.39,5.389757846128202
C073,Yersinia,R3,119.07,5.37,5.3575825546916676
C073,Yersinia,R3,120.07,5.32,5.32353149943351
C073,Yersinia,R3,121.07,5.29,5.288106750054531
C073,Yersinia,R3,122.07,5.24,5.251976786701286
C073,Yersinia,R3,123.07,5.21,5.215582741544818
C073,Yersinia,R3,124.08,5.18,5.17807903907378
C073,Yersinia,R3,125.08,5.14,5.139478458711725
C073,Yersinia,R3,126.08,5.11,5.098576652609812
C073,Yersinia,R3,127.08,5.06,5.0547516066939
C073,Yersinia,R3,128.08,5,5.008358532281379
C073,Yersinia,R3,129.08,4.96,4.959899259257038
C073,Yersinia,R3,130.08,4.91,4.909484866383697
C073,Yersinia,R3,131.08,4.86,4.857186411478337
C073,Yersinia,R3,132.08,4.8,4.803305619696552
C073,Yersinia,R3,133.08,4.74,4.748045393574835
C073,Yersinia,R3,134.08,4.69,4.690982677834621
C073,Yersinia,R3,135.08,4.64,4.63163523866838
C073,Yersinia,R3,136.08,4.58,4.569910085967748
C073,Yersinia,R3,137.08,4.49,4.505811540549147
C073,Yersinia,R3,138.08,4.44,4.4392802751111224
C073,Yersinia,R3,139.08,4.37,4.3700023698806865
C073,Yersinia,R3,140.08,4.31,4.297692795757421
C073,Yersinia,R3,141.08,4.22,4.222436678802736
C073,Yersinia,R3,142.08,4.13,4.144349152526802
C073,Yersinia,R3,143.08,4.06,4.063295225073037
C073,Yersinia,R3,144.08,3.99,3.9789660732716676
C073,Yersinia,R3,145.08,3.9,3.8906076740668976
C073,Yersinia,R3,146.08,3.8,3.797647092887411
C073,Yersinia,R3,147.08,3.69,3.700680948985811
C073,Yersinia,R3,148.08,3.6,3.600469192263842
C073,Yersinia,R3,149.08,3.5,3.4972555413958437
C073,Yersinia,R3,150.08,3.38,3.3910209298842773
C073,Yersinia,R3,151.08,3.28,3.281211381771433
C073,Yersinia,R3,152.08,3.17,3.1671391937345716
C073,Yersinia,R3,153.08,3.06,3.048180576239026
C073,Yersinia,R3,154.08,2.92,2.923967394902417
C073,Yersinia,R3,155.08,2.79,2.7942303817538687
C073,Yersinia,R3,156.08,2.66,2.6588400793161417
C073,Yersinia,R3,157.08,2.52,2.5176863469214097
C073,Yersinia,R3,158.08,2.37,2.370596500645768
C073,Yersinia,R3,159.08,2.21,2.2173347081803385
C073,Yersinia,R3,160.08,2.06,2.057475086932346
C073,Yersinia,R3,161.08,1.89,1.890538288119908
C073,Yersinia,R3,162.08,1.72,1.7160211484885646
C073,Yersinia,R3,163.08,1.54,1.5333623264648206
C073,Yersinia,R3,164.08,1.36,1.3417915816716879
C073,Yersinia,R3,165.08,1.17,1.1414467983212226
C073,Yersinia,R3,166.08,0.98,0.9363072577852622
C073,Yersinia,R3,167.08,0.76,0.7313125907255648
C074,Yersinia,R4,51.07,6.29,6.27859190234558
C074,Yersinia,R4,52.07,6.29,6.278173397437222
C074,Yersinia,R4,53.07,6.27,6.276212079014229
C074,Yersinia,R4,54.07,6.28,6.272999117633453
C074,Yersinia,R4,55.07,6.26,6.269266375055758
C074,Yersinia,R4,56.07,6.26,6.265676057969568
C074,Yersinia,R4,57.07,6.26,6.262171061569515
C074,Yersinia,R4,58.07,6.27,6.258526207105022
C074,Yersinia,R4,59.07,6.25,6.254563331538472
C074,Yersinia,R4,60.07,6.25,6.250171191688343
C074,Yersinia,R4,61.07,6.25,6.245459208084545
C074,Yersinia,R4,62.07,6.23,6.2405919671848435
C074,Yersinia,R4,63.07,6.24,6.235662417453169
C074,Yersinia,R4,64.07,6.24,6.230476955378113
C074,Yersinia,R4,65.07,6.22,6.224890436396474
C074,Yersinia,R4,66.07,6.21,6.21923810371326
C074,Yersinia,R4,67.07,6.22,6.213847808201347
C074,Yersinia,R4,68.07,6.21,6.208537443636894
C074,Yersinia,R4,69.07,6.2,6.203044880508449
C074,Yersinia,R4,70.07,6.19,6.197297853250816
C074,Yersinia,R4,71.07,6.2,6.1911903545608435
C074,Yersinia,R4,72.07,6.19,6.184291546237303
C074,Yersinia,R4,73.07,6.18,6.176300986191853
C074,Yersinia,R4,74.07,6.16,6.167764647685803
C074,Yersinia,R4,75.07,6.16,6.159342882066075
C074,Yersinia,R4,76.07,6.15,6.1513071376724096
C074,Yersinia,R4,77.07,6.14,6.1438316370927515
C074,Yersinia,R4,78.07,6.13,6.136959887220754
C074,Yersinia,R4,79.07,6.14,6.13021253217291
C074,Yersinia,R4,80.07,6.12,6.123057321096662
C074,Yersinia,R4,81.07,6.12,6.115273286040415
C074,Yersinia,R4,82.07,6.1,6.106693815336462
C074,Yersinia,R4,83.07,6.1,6.0970584395517164
C074,Yersinia,R4,84.07,6.1,6.086167537065269
C074,Yersinia,R4,85.07,6.06,6.0741587352703625
C074,Yersinia,R4,86.07,6.07,6.061303354598729
C074,Yersinia,R4,87.07,6.05,6.04807023862195
C074,Yersinia,R4,88.07,6.02,6.034854891878793
C074,Yersinia,R4,89.07,6.02,6.021561939636939
C074,Yersinia,R4,90.07,6.02,6.00802442133666
C074,Yersinia,R4,91.07,6,5.994279912379739
C074,Yersinia,R4,92.07,5.97,5.980417122158332
C074,Yersinia,R4,93.07,5.96,5.9665004030006275
C074,Yersinia,R4,94.07,5.96,5.952496678978943
C074,Yersinia,R4,95.07,5.93,5.938268501649006
C074,Yersinia,R4,96.07,5.93,5.923358360756056
C074,Yersinia,R4,97.07,5.91,5.907290012432467
C074,Yersinia,R4,98.07,5.89,5.889832340169651
C074,Yersinia,R4,99.07,5.88,5.870936659517994
C074,Yersinia,R4,100.07,5.84,5.851038886904776
C074,Yersinia,R4,101.07,5.83,5.830597589178733
C074,Yersinia,R4,102.07,5.81,5.809677333997545
C074,Yersinia,R4,103.07,5.79,5.788227430207039
C074,Yersinia,R4,104.07,5.76,5.7661301505967275
C074,Yersinia,R4,105.07,5.75,5.743251933726656
C074,Yersinia,R4,106.07,5.72,5.719462917295306
C074,Yersinia,R4,107.07,5.69,5.694634163785773
C074,Yersinia,R4,108.07,5.68,5.668732388985682
C074,Yersinia,R4,109.07,5.64,5.642106921900763
C074,Yersinia,R4,110.07,5.6,5.61512341406929
C074,Yersinia,R4,111.07,5.59,5.587830193941563
C074,Yersinia,R4,112.07,5.56,5.560071352495728
C074,Yersinia,R4,113.07,5.54,5.531191353909295
C074,Yersinia,R4,114.07,5.5,5.5005727366613995
C074,Yersinia,R4,115.07,5.46,5.468249963238361
C074,Yersinia,R4,116.07,5.44,5.434296950646649
C074,Yersinia,R4,117.07,5.4,5.398293509966183
C074,Yersinia,R4,118.07,5.37,5.359925902189723
C074,Yersinia,R4,119.07,5.32,5.3198002938879965
C074,Yersinia,R4,120.07,5.27,5.278657998092453
C074,Yersinia,R4,121.07,5.23,5.236861008099499
C074,Yersinia,R4,122.07,5.19,5.194676487271778
C074,Yersinia,R4,123.07,5.16,5.1521953945983565
C074,Yersinia,R4,124.08,5.1,5.108362685492747
C074,Yersinia,R4,125.08,5.07,5.063296794084156
C074,Yersinia,R4,126.08,5.02,5.01601516351011
C074,Yersinia,R4,127.08,4.97,4.966147252878391
C074,Yersinia,R4,128.08,4.91,4.913869738955663
C074,Yersinia,R4,129.08,4.86,4.8594421011215525
C074,Yersinia,R4,130.08,4.79,4.802907811548666
C074,Yersinia,R4,131.08,4.76,4.744197979532309
C074,Yersinia,R4,132.08,4.68,4.683010270065634
C074,Yersinia,R4,133.08,4.62,4.619103466940199
C074,Yersinia,R4,134.08,4.55,4.552714273443326
C074,Yersinia,R4,135.08,4.49,4.484126747268192
C074,Yersinia,R4,136.08,4.4,4.413336444235599
C074,Yersinia,R4,137.08,4.34,4.34026679469826
C074,Yersinia,R4,138.08,4.27,4.264730882126287
C074,Yersinia,R4,139.08,4.19,4.186100402459412
C074,Yersinia,R4,140.08,4.11,4.103834046560579
C074,Yersinia,R4,141.08,4.01,4.018179872515999
C074,Yersinia,R4,142.08,3.93,3.929506743136617
C074,Yersinia,R4,143.08,3.84,3.837877372909103
C074,Yersinia,R4,144.08,3.74,3.743273589443444
C074,Yersinia,R4,145.08,3.64,3.6456598211671656
C074,Yersinia,R4,146.08,3.55,3.5449065884647535
C074,Yersinia,R4,147.08,3.43,3.440526178730957
C074,Yersinia,R4,148.08,3.34,3.331922589004129
C074,Yersinia,R4,149.08,3.23,3.218424887886732
C074,Yersinia,R4,150.08,3.1,3.09954453902305
C074,Yersinia,R4,151.08,2.97,2.975597514660495
C074,Yersinia,R4,152.08,2.84,2.8471009141972754
C074,Yersinia,R4,153.08,2.72,2.7144136144724462
C074,Yersinia,R4,154.08,2.57,2.5772616020884587
C074,Yersinia,R4,155.08,2.44,2.4352413809566054
C074,Yersinia,R4,156.08,2.28,2.288064414460079
C074,Yersinia,R4,157.08,2.13,2.1352857651956745
C074,Yersinia,R4,158.08,1.98,1.9757199331426096
C074,Yersinia,R4,159.08,1.83,1.8081935965723845
C074,Yersinia,R4,160.08,1.64,1.6323227095431116
C074,Yersinia,R4,161.08,1.47,1.4483567015758918
C074,Yersinia,R4,162.08,1.29,1.2582896282571128
C074,Yersinia,R4,163.08,1.09,1.0655968389518324
C075,Yersinia,R5,45.07,5.94,5.932595796390519
C075,Yersinia,R5,46.07,5.93,5.9323235516169275
C075,Yersinia,R5,47.07,5.93,5.93058713393518
C075,Yersinia,R5,48.07,5.93,5.928080758062991
C075,Yersinia,R5,49.07,5.91,5.925618478465516
C075,Yersinia,R5,50.07,5.92,5.923757651307666
C075,Yersinia,R5,51.07,5.93,5.921908999805835
C075,Yersinia,R5,52.07,5.93,5.9193909859721145
C075,Yersinia,R5,53.07,5.91,5.916299659949875
C075,Yersinia,R5,54.07,5.91,5.912898287349906
C075,Yersinia,R5,55.07,5.91,5.9093414075213975
C075,Yersinia,R5,56.07,5.91,5.905759214756209
C075,Yersinia,R5,57.07,5.9,5.902293249378493
C075,Yersinia,R5,58.07,5.89,5.899074446871821
C075,Yersinia,R5,59.07,5.91,5.896179977325164
C075,Yersinia,R5,60.07,5.88,5.893591492819596
C075,Yersinia,R5,61.07,5.89,5.89096233879922
C075,Yersinia,R5,62.07,5.89,5.887863784048898
C075,Yersinia,R5,63.07,5.9,5.883932832710271
C075,Yersinia,R5,64.07,5.87,5.879069430352107
C075,Yersinia,R5,65.07,5.88,5.873352529232028
C075,Yersinia,R5,66.07,5.86,5.867314166935928
C075,Yersinia,R5,67.07,5.86,5.861475610609518
C075,Yersinia,R5,68.07,5.85,5.85586196030951
C075,Yersinia,R5,69.07,5.86,5.850354456884827
C075,Yersinia,R5,70.07,5.84,5.844755071442249
C075,Yersinia,R5,71.07,5.84,5.838879080229863
C075,Yersinia,R5,72.07,5.84,5.832674249803143
C075,Yersinia,R5,73.07,5.82,5.826200356834584
C075,Yersinia,R5,74.07,5.82,5.819832728157354
C075,Yersinia,R5,75.07,5.81,5.813869766713246
C075,Yersinia,R5,76.07,5.8,5.80798662971785
C075,Yersinia,R5,77.07,5.81,5.8017026629552095
C075,Yersinia,R5,78.07,5.8,5.794574080151313
C075,Yersinia,R5,79.07,5.79,5.786304566799949
C075,Yersinia,R5,80.07,5.78,5.77682475225714
C075,Yersinia,R5,81.07,5.76,5.766825569560017
C075,Yersinia,R5,82.07,5.75,5.757014952688198
C075,Yersinia,R5,83.07,5.75,5.747408535710148
C075,Yersinia,R5,84.07,5.74,5.737870870950007
C075,Yersinia,R5,85.07,5.73,5.728354483665836
C075,Yersinia,R5,86.07,5.71,5.718772313333647
C075,Yersinia,R5,87.07,5.71,5.7087909833673915
C075,Yersinia,R5,88.07,5.71,5.698114508079953
C075,Yersinia,R5,89.07,5.69,5.68684278144201
C075,Yersinia,R5,90.07,5.67,5.6751717199207095
C075,Yersinia,R5,91.07,5.65,5.663285450311256
C075,Yersinia,R5,92.07,5.65,5.651365151990866
C075,Yersinia,R5,93.07,5.65,5.639410988611877
C075,Yersinia,R5,94.07,5.63,5.626699060927101
C075,Yersinia,R5,95.07,5.62,5.612619109263533
C075,Yersinia,R5,96.07,5.59,5.597739495144409
C075,Yersinia,R5,97.07,5.58,5.582803007129404
C075,Yersinia,R5,98.07,5.56,5.568071520727691
C075,Yersinia,R5,99.07,5.56,5.553557369372797
C075,Yersinia,R5,100.07,5.53,5.538755631246172
C075,Yersinia,R5,101.07,5.54,5.523125674819291
C075,Yersinia,R5,102.07,5.5,5.506501284975816
C075,Yersinia,R5,103.07,5.49,5.4888307942847225
C075,Yersinia,R5,104.07,5.46,5.4701463096440746
C075,Yersinia,R5,105.07,5.46,5.450448949275605
C075,Yersinia,R5,106.07,5.43,5.429532102366677
C075,Yersinia,R5,107.07,5.41,5.407137225846054
C075,Yersinia,R5,108.07,5.39,5.383200368797407
C075,Yersinia,R5,109.07,5.36,5.358435948924024
C075,Yersinia,R5,110.07,5.32,5.3336960428529805
C075,Yersinia,R5,111.07,5.3,5.309604994286873
C075,Yersinia,R5,112.07,5.29,5.286437849779269
C075,Yersinia,R5,113.07,5.25,5.2633002002121145
C075,Yersinia,R5,114.07,5.26,5.239062758089149
C075,Yersinia,R5,115.07,5.22,5.212826178072914
C075,Yersinia,R5,116.07,5.18,5.184005234048916
C075,Yersinia,R5,117.07,5.15,5.153041234635762
C075,Yersinia,R5,118.07,5.12,5.1204951408758355
C075,Yersinia,R5,119.07,5.09,5.086379988773526
C075,Yersinia,R5,120.07,5.05,5.050668851080448
C075,Yersinia,R5,121.07,5.02,5.013722872575036
C075,Yersinia,R5,122.07,4.96,4.976000216042442
C075,Yersinia,R5,123.07,4.94,4.9378051997361645
C075,Yersinia,R5,124.08,4.9,4.898431450150333
C075,Yersinia,R5,125.08,4.86,4.858236039985499
C075,Yersinia,R5,126.08,4.82,4.816599837404983
C075,Yersinia,R5,127.08,4.77,4.773380330100841
C075,Yersinia,R5,128.08,4.73,4.728616233814004
C075,Yersinia,R5,129.08,4.68,4.682347363639005
C075,Yersinia,R5,130.08,4.63,4.634436704035904
C075,Yersinia,R5,131.08,4.59,4.5846637118128255
C075,Yersinia,R5,132.08,4.54,4.53265056380463
C075,Yersinia,R5,133.08,4.48,4.478171689464347
C075,Yersinia,R5,134.08,4.41,4.4217678086909435
C075,Yersinia,R5,135.08,4.36,4.363957693814837
C075,Yersinia,R5,136.08,4.31,4.304406036446263
C075,Yersinia,R5,137.08,4.24,4.242564008015419
C075,Yersinia,R5,138.08,4.19,4.17801318180588
C075,Yersinia,R5,139.08,4.11,4.110856738514747
C075,Yersinia,R5,140.08,4.03,4.041314043131346
C075,Yersinia,R5,141.08,3.97,3.9695475904004045
C075,Yersinia,R5,142.08,3.9,3.8956007768206264
C075,Yersinia,R5,143.08,3.81,3.8190974761511955
C075,Yersinia,R5,144.08,3.75,3.7396014383078677
C075,Yersinia,R5,145.08,3.66,3.656855440572131
C075,Yersinia,R5,146.08,3.56,3.570681015455777
C075,Yersinia,R5,147.08,3.49,3.481035689026038
C075,Yersinia,R5,148.08,3.39,3.3879218845723287
C075,Yersinia,R5,149.08,3.28,3.291385620717301
C075,Yersinia,R5,150.08,3.19,3.191432355490974
C075,Yersinia,R5,151.08,3.1,3.087861709219537
C075,Yersinia,R5,152.08,2.99,2.9804218428032367
C075,Yersinia,R5,153.08,2.85,2.8689904634911607
C075,Yersinia,R5,154.08,2.75,2.753963463927761
C075,Yersinia,R5,155.08,2.64,2.6356373241799327
C075,Yersinia,R5,156.08,2.52,2.513392688608913
C075,Yersinia,R5,157.08,2.38,2.3865111362583784
C075,Yersinia,R5,158.08,2.25,2.2547938206073614
C075,Yersinia,R5,159.08,2.12,2.1180267133431157
C075,Yersinia,R5,160.08,1.98,1.9754154845503784
C075,Yersinia,R5,161.08,1.83,1.8261619307744572
C075,Yersinia,R5,162.08,1.66,1.6700326560054068
C075,Yersinia,R5,163.08,1.52,1.506840963586475
C075,Yersinia,R5,164.08,1.35,1.336022146828985
C075,Yersinia,R5,165.08,1.17,1.1575400208512234
C075,Yersinia,R5,166.08,1,0.9738504980313378
C075,Yersinia,R5,167.08,0.83,0.7880325150624211
