Time,Taxon,Replicate,Oxygen,series_id
0.03,Acinetobacter,R1,4.95,Acinetobacter | R1
1.03,Acinetobacter,R1,4.94,Acinetobacter | R1
2.03,Acinetobacter,R1,5.02,Acinetobacter | R1
3.03,Acinetobacter,R1,5.08,Acinetobacter | R1
4.03,Acinetobacter,R1,5.16,Acinetobacter | R1
5.03,Acinetobacter,R1,5.23,Acinetobacter | R1
6.03,Acinetobacter,R1,5.3,Acinetobacter | R1
7.03,Acinetobacter,R1,5.36,Acinetobacter | R1
8.03,Acinetobacter,R1,5.43,Acinetobacter | R1
9.03,Acinetobacter,R1,5.47,Acinetobacter | R1
10.03,Acinetobacter,R1,5.52,Acinetobacter | R1
11.03,Acinetobacter,R1,5.59,Acinetobacter | R1
12.03,Acinetobacter,R1,5.63,Acinetobacter | R1
13.03,Acinetobacter,R1,5.68,Acinetobacter | R1
14.03,Acinetobacter,R1,5.72,Acinetobacter | R1
15.03,Acinetobacter,R1,5.75,Acinetobacter | R1
16.03,Acinetobacter,R1,5.76,Acinetobacter | R1
17.03,Acinetobacter,R1,5.83,Acinetobacter | R1
18.03,Acinetobacter,R1,5.84,Acinetobacter | R1
19.03,Acinetobacter,R1,5.87,Acinetobacter | R1
20.03,Acinetobacter,R1,5.9,Acinetobacter | R1
21.03,Acinetobacter,R1,5.93,Acinetobacter | R1
22.03,Acinetobacter,R1,5.96,Acinetobacter | R1
23.03,Acinetobacter,R1,5.97,Acinetobacter | R1
24.03,Acinetobacter,R1,6,Acinetobacter | R1
25.03,Acinetobacter,R1,6.02,Acinetobacter | R1
26.03,Acinetobacter,R1,6.04,Acinetobacter | R1
27.03,Acinetobacter,R1,6.06,Acinetobacter | R1
28.03,Acinetobacter,R1,6.07,Acinetobacter | R1
29.03,Acinetobacter,R1,6.11,Acinetobacter | R1
30.03,Acinetobacter,R1,6.09,Acinetobacter | R1
31.03,Acinetobacter,R1,6.11,Acinetobacter | R1
32.03,Acinetobacter,R1,6.13,Acinetobacter | R1
33.03,Acinetobacter,R1,6.14,Acinetobacter | R1
34.03,Acinetobacter,R1,6.14,Acinetobacter | R1
35.03,Acinetobacter,R1,6.16,Acinetobacter | R1
36.03,Acinetobacter,R1,6.17,Acinetobacter | R1
37.03,Acinetobacter,R1,6.17,Acinetobacter | R1
38.03,Acinetobacter,R1,6.17,Acinetobacter | R1
39.03,Acinetobacter,R1,6.18,Acinetobacter | R1
40.03,Acinetobacter,R1,6.17,Acinetobacter | R1
41.03,Acinetobacter,R1,6.18,Acinetobacter | R1
42.03,Acinetobacter,R1,6.18,Acinetobacter | R1
43.03,Acinetobacter,R1,6.2,Acinetobacter | R1
44.03,Acinetobacter,R1,6.19,Acinetobacter | R1
45.03,Acinetobacter,R1,6.19,Acinetobacter | R1
46.03,Acinetobacter,R1,6.17,Acinetobacter | R1
47.03,Acinetobacter,R1,6.16,Acinetobacter | R1
48.03,Acinetobacter,R1,6.14,Acinetobacter | R1
49.03,Acinetobacter,R1,6.14,Acinetobacter | R1
50.05,Acinetobacter,R1,6.14,Acinetobacter | R1
51.05,Acinetobacter,R1,6.14,Acinetobacter | R1
52.05,Acinetobacter,R1,6.1,Acinetobacter | R1
53.05,Acinetobacter,R1,6.1,Acinetobacter | R1
54.05,Acinetobacter,R1,6.08,Acinetobacter | R1
55.05,Acinetobacter,R1,6.06,Acinetobacter | R1
56.05,Acinetobacter,R1,6.05,Acinetobacter | R1
57.05,Acinetobacter,R1,6.04,Acinetobacter | R1
58.05,Acinetobacter,R1,6.04,Acinetobacter | R1
59.05,Acinetobacter,R1,6,Acinetobacter | R1
60.05,Acinetobacter,R1,5.99,Acinetobacter | R1
61.05,Acinetobacter,R1,5.99,Acinetobacter | R1
62.05,Acinetobacter,R1,5.98,Acinetobacter | R1
63.05,Acinetobacter,R1,5.95,Acinetobacter | R1
64.05,Acinetobacter,R1,5.96,Acinetobacter | R1
65.05,Acinetobacter,R1,5.93,Acinetobacter | R1
66.05,Acinetobacter,R1,5.92,Acinetobacter | R1
67.05,Acinetobacter,R1,5.91,Acinetobacter | R1
68.05,Acinetobacter,R1,5.89,Acinetobacter | R1
69.05,Acinetobacter,R1,5.87,Acinetobacter | R1
70.05,Acinetobacter,R1,5.87,Acinetobacter | R1
71.05,Acinetobacter,R1,5.85,Acinetobacter | R1
72.05,Acinetobacter,R1,5.82,Acinetobacter | R1
73.05,Acinetobacter,R1,5.81,Acinetobacter | R1
74.05,Acinetobacter,R1,5.8,Acinetobacter | R1
75.05,Acinetobacter,R1,5.77,Acinetobacter | R1
76.05,Acinetobacter,R1,5.74,Acinetobacter | R1
77.05,Acinetobacter,R1,5.73,Acinetobacter | R1
78.05,Acinetobacter,R1,5.72,Acinetobacter | R1
79.05,Acinetobacter,R1,5.69,Acinetobacter | R1
80.05,Acinetobacter,R1,5.67,Acinetobacter | R1
81.05,Acinetobacter,R1,5.64,Acinetobacter | R1
82.05,Acinetobacter,R1,5.64,Acinetobacter | R1
83.05,Acinetobacter,R1,5.61,Acinetobacter | R1
84.05,Acinetobacter,R1,5.58,Acinetobacter | R1
85.05,Acinetobacter,R1,5.56,Acinetobacter | R1
86.05,Acinetobacter,R1,5.56,Acinetobacter | R1
87.05,Acinetobacter,R1,5.53,Acinetobacter | R1
88.05,Acinetobacter,R1,5.5,Acinetobacter | R1
89.05,Acinetobacter,R1,5.49,Acinetobacter | R1
90.05,Acinetobacter,R1,5.44,Acinetobacter | R1
91.05,Acinetobacter,R1,5.43,Acinetobacter | R1
92.05,Acinetobacter,R1,5.42,Acinetobacter | R1
93.05,Acinetobacter,R1,5.38,Acinetobacter | R1
94.05,Acinetobacter,R1,5.36,Acinetobacter | R1
95.05,Acinetobacter,R1,5.34,Acinetobacter | R1
96.05,Acinetobacter,R1,5.3,Acinetobacter | R1
97.05,Acinetobacter,R1,5.29,Acinetobacter | R1
98.05,Acinetobacter,R1,5.25,Acinetobacter | R1
99.05,Acinetobacter,R1,5.22,Acinetobacter | R1
100.05,Acinetobacter,R1,5.18,Acinetobacter | R1
101.05,Acinetobacter,R1,5.18,Acinetobacter | R1
102.05,Acinetobacter,R1,5.13,Acinetobacter | R1
103.05,Acinetobacter,R1,5.11,Acinetobacter | R1
104.05,Acinetobacter,R1,5.07,Acinetobacter | R1
105.05,Acinetobacter,R1,5.04,Acinetobacter | R1
106.05,Acinetobacter,R1,5.01,Acinetobacter | R1
107.05,Acinetobacter,R1,4.95,Acinetobacter | R1
108.05,Acinetobacter,R1,4.94,Acinetobacter | R1
109.05,Acinetobacter,R1,4.9,Acinetobacter | R1
110.05,Acinetobacter,R1,4.87,Acinetobacter | R1
111.05,Acinetobacter,R1,4.82,Acinetobacter | R1
112.05,Acinetobacter,R1,4.79,Acinetobacter | R1
113.05,Acinetobacter,R1,4.75,Acinetobacter | R1
114.05,Acinetobacter,R1,4.71,Acinetobacter | R1
115.05,Acinetobacter,R1,4.69,Acinetobacter | R1
116.05,Acinetobacter,R1,4.64,Acinetobacter | R1
117.05,Acinetobacter,R1,4.6,Acinetobacter | R1
118.05,Acinetobacter,R1,4.56,Acinetobacter | R1
119.05,Acinetobacter,R1,4.53,Acinetobacter | R1
120.05,Acinetobacter,R1,4.46,Acinetobacter | R1
121.05,Acinetobacter,R1,4.43,Acinetobacter | R1
122.05,Acinetobacter,R1,4.38,Acinetobacter | R1
123.05,Acinetobacter,R1,4.34,Acinetobacter | R1
124.05,Acinetobacter,R1,4.29,Acinetobacter | R1
125.05,Acinetobacter,R1,4.25,Acinetobacter | R1
126.05,Acinetobacter,R1,4.21,Acinetobacter | R1
127.05,Acinetobacter,R1,4.14,Acinetobacter | R1
128.05,Acinetobacter,R1,4.11,Acinetobacter | R1
129.05,Acinetobacter,R1,4.06,Acinetobacter | R1
130.05,Acinetobacter,R1,4,Acinetobacter | R1
131.05,Acinetobacter,R1,3.95,Acinetobacter | R1
132.05,Acinetobacter,R1,3.89,Acinetobacter | R1
133.05,Acinetobacter,R1,3.82,Acinetobacter | R1
134.05,Acinetobacter,R1,3.78,Acinetobacter | R1
135.05,Acinetobacter,R1,3.71,Acinetobacter | R1
136.05,Acinetobacter,R1,3.67,Acinetobacter | R1
137.05,Acinetobacter,R1,3.61,Acinetobacter | R1
138.05,Acinetobacter,R1,3.56,Acinetobacter | R1
139.05,Acinetobacter,R1,3.48,Acinetobacter | R1
140.05,Acinetobacter,R1,3.41,Acinetobacter | R1
141.05,Acinetobacter,R1,3.35,Acinetobacter | R1
142.05,Acinetobacter,R1,3.29,Acinetobacter | R1
143.05,Acinetobacter,R1,3.23,Acinetobacter | R1
144.05,Acinetobacter,R1,3.15,Acinetobacter | R1
145.05,Acinetobacter,R1,3.08,Acinetobacter | R1
146.05,Acinetobacter,R1,3,Acinetobacter | R1
147.05,Acinetobacter,R1,2.95,Acinetobacter | R1
148.05,Acinetobacter,R1,2.88,Acinetobacter | R1
149.05,Acinetobacter,R1,2.79,Acinetobacter | R1
150.05,Acinetobacter,R1,2.71,Acinetobacter | R1
151.05,Acinetobacter,R1,2.63,Acinetobacter | R1
152.05,Acinetobacter,R1,2.56,Acinetobacter | R1
153.05,Acinetobacter,R1,2.48,Acinetobacter | R1
154.05,Acinetobacter,R1,2.39,Acinetobacter | R1
155.05,Acinetobacter,R1,2.3,Acinetobacter | R1
156.05,Acinetobacter,R1,2.22,Acinetobacter | R1
157.05,Acinetobacter,R1,2.13,Acinetobacter | R1
158.05,Acinetobacter,R1,2.04,Acinetobacter | R1
159.05,Acinetobacter,R1,1.96,Acinetobacter | R1
160.05,Acinetobacter,R1,1.86,Acinetobacter | R1
161.05,Acinetobacter,R1,1.76,Acinetobacter | R1
162.05,Acinetobacter,R1,1.67,Acinetobacter | R1
163.05,Acinetobacter,R1,1.58,Acinetobacter | R1
164.05,Acinetobacter,R1,1.46,Acinetobacter | R1
165.05,Acinetobacter,R1,1.35,Acinetobacter | R1
166.05,Acinetobacter,R1,1.26,Acinetobacter | R1
167.05,Acinetobacter,R1,1.15,Acinetobacter | R1
168.05,Acinetobacter,R1,1.03,Acinetobacter | R1
169.05,Acinetobacter,R1,0.93,Acinetobacter | R1
170.05,Acinetobacter,R1,0.8,Acinetobacter | R1
171.05,Acinetobacter,R1,0.7,Acinetobacter | R1
172.05,Acinetobacter,R1,0.59,Acinetobacter | R1
173.05,Acinetobacter,R1,0.46,Acinetobacter | R1
174.05,Acinetobacter,R1,0.39,Acinetobacter | R1
175.05,Acinetobacter,R1,0.36,Acinetobacter | R1
176.05,Acinetobacter,R1,0.33,Acinetobacter | R1
177.05,Acinetobacter,R1,0.33,Acinetobacter | R1
178.05,Acinetobacter,R1,0.32,Acinetobacter | R1
179.05,Acinetobacter,R1,0.31,Acinetobacter | R1
180.05,Acinetobacter,R1,0.3,Acinetobacter | R1
181.05,Acinetobacter,R1,0.29,Acinetobacter | R1
182.05,Acinetobacter,R1,0.28,Acinetobacter | R1
183.05,Acinetobacter,R1,0.26,Acinetobacter | R1
184.05,Acinetobacter,R1,0.26,Acinetobacter | R1
185.05,Acinetobacter,R1,0.26,Acinetobacter | R1
186.05,Acinetobacter,R1,0.25,Acinetobacter | R1
187.05,Acinetobacter,R1,0.26,Acinetobacter | R1
188.05,Acinetobacter,R1,0.24,Acinetobacter | R1
189.05,Acinetobacter,R1,0.25,Acinetobacter | R1
190.05,Acinetobacter,R1,0.25,Acinetobacter | R1
191.05,Acinetobacter,R1,0.25,Acinetobacter | R1
192.05,Acinetobacter,R1,0.24,Acinetobacter | R1
193.05,Acinetobacter,R1,0.24,Acinetobacter | R1
194.05,Acinetobacter,R1,0.24,Acinetobacter | R1
195.05,Acinetobacter,R1,0.24,Acinetobacter | R1
196.05,Acinetobacter,R1,0.24,Acinetobacter | R1
197.05,Acinetobacter,R1,0.24,Acinetobacter | R1
0.03,Acinetobacter,R2,4.85,Acinetobacter | R2
1.03,Acinetobacter,R2,4.81,Acinetobacter | R2
2.03,Acinetobacter,R2,4.84,Acinetobacter | R2
3.03,Acinetobacter,R2,4.88,Acinetobacter | R2
4.03,Acinetobacter,R2,4.94,Acinetobacter | R2
5.03,Acinetobacter,R2,4.97,Acinetobacter | R2
6.03,Acinetobacter,R2,5.02,Acinetobacter | R2
7.03,Acinetobacter,R2,5.07,Acinetobacter | R2
8.03,Acinetobacter,R2,5.11,Acinetobacter | R2
9.03,Acinetobacter,R2,5.16,Acinetobacter | R2
10.03,Acinetobacter,R2,5.21,Acinetobacter | R2
11.03,Acinetobacter,R2,5.27,Acinetobacter | R2
12.03,Acinetobacter,R2,5.3,Acinetobacter | R2
13.03,Acinetobacter,R2,5.33,Acinetobacter | R2
14.03,Acinetobacter,R2,5.37,Acinetobacter | R2
15.03,Acinetobacter,R2,5.41,Acinetobacter | R2
16.03,Acinetobacter,R2,5.44,Acinetobacter | R2
17.03,Acinetobacter,R2,5.48,Acinetobacter | R2
18.03,Acinetobacter,R2,5.49,Acinetobacter | R2
19.03,Acinetobacter,R2,5.52,Acinetobacter | R2
20.03,Acinetobacter,R2,5.57,Acinetobacter | R2
21.03,Acinetobacter,R2,5.59,Acinetobacter | R2
22.03,Acinetobacter,R2,5.62,Acinetobacter | R2
23.03,Acinetobacter,R2,5.65,Acinetobacter | R2
24.03,Acinetobacter,R2,5.67,Acinetobacter | R2
25.03,Acinetobacter,R2,5.7,Acinetobacter | R2
26.03,Acinetobacter,R2,5.72,Acinetobacter | R2
27.03,Acinetobacter,R2,5.75,Acinetobacter | R2
28.03,Acinetobacter,R2,5.75,Acinetobacter | R2
29.03,Acinetobacter,R2,5.78,Acinetobacter | R2
30.03,Acinetobacter,R2,5.8,Acinetobacter | R2
31.03,Acinetobacter,R2,5.82,Acinetobacter | R2
32.03,Acinetobacter,R2,5.83,Acinetobacter | R2
33.03,Acinetobacter,R2,5.85,Acinetobacter | R2
34.03,Acinetobacter,R2,5.86,Acinetobacter | R2
35.03,Acinetobacter,R2,5.88,Acinetobacter | R2
36.03,Acinetobacter,R2,5.88,Acinetobacter | R2
37.03,Acinetobacter,R2,5.89,Acinetobacter | R2
38.03,Acinetobacter,R2,5.91,Acinetobacter | R2
39.03,Acinetobacter,R2,5.91,Acinetobacter | R2
40.03,Acinetobacter,R2,5.92,Acinetobacter | R2
41.03,Acinetobacter,R2,5.93,Acinetobacter | R2
42.03,Acinetobacter,R2,5.93,Acinetobacter | R2
43.03,Acinetobacter,R2,5.95,Acinetobacter | R2
44.03,Acinetobacter,R2,5.96,Acinetobacter | R2
45.03,Acinetobacter,R2,5.95,Acinetobacter | R2
46.03,Acinetobacter,R2,5.94,Acinetobacter | R2
47.03,Acinetobacter,R2,5.94,Acinetobacter | R2
48.03,Acinetobacter,R2,5.91,Acinetobacter | R2
49.03,Acinetobacter,R2,5.9,Acinetobacter | R2
50.05,Acinetobacter,R2,5.9,Acinetobacter | R2
51.05,Acinetobacter,R2,5.87,Acinetobacter | R2
52.05,Acinetobacter,R2,5.86,Acinetobacter | R2
53.05,Acinetobacter,R2,5.84,Acinetobacter | R2
54.05,Acinetobacter,R2,5.83,Acinetobacter | R2
55.05,Acinetobacter,R2,5.82,Acinetobacter | R2
56.05,Acinetobacter,R2,5.8,Acinetobacter | R2
57.05,Acinetobacter,R2,5.79,Acinetobacter | R2
58.05,Acinetobacter,R2,5.76,Acinetobacter | R2
59.05,Acinetobacter,R2,5.77,Acinetobacter | R2
60.05,Acinetobacter,R2,5.74,Acinetobacter | R2
61.05,Acinetobacter,R2,5.74,Acinetobacter | R2
62.05,Acinetobacter,R2,5.72,Acinetobacter | R2
63.05,Acinetobacter,R2,5.7,Acinetobacter | R2
64.05,Acinetobacter,R2,5.69,Acinetobacter | R2
65.05,Acinetobacter,R2,5.67,Acinetobacter | R2
66.05,Acinetobacter,R2,5.66,Acinetobacter | R2
67.05,Acinetobacter,R2,5.64,Acinetobacter | R2
68.05,Acinetobacter,R2,5.62,Acinetobacter | R2
69.05,Acinetobacter,R2,5.6,Acinetobacter | R2
70.05,Acinetobacter,R2,5.59,Acinetobacter | R2
71.05,Acinetobacter,R2,5.57,Acinetobacter | R2
72.05,Acinetobacter,R2,5.56,Acinetobacter | R2
73.05,Acinetobacter,R2,5.55,Acinetobacter | R2
74.05,Acinetobacter,R2,5.51,Acinetobacter | R2
75.05,Acinetobacter,R2,5.49,Acinetobacter | R2
76.05,Acinetobacter,R2,5.48,Acinetobacter | R2
77.05,Acinetobacter,R2,5.47,Acinetobacter | R2
78.05,Acinetobacter,R2,5.45,Acinetobacter | R2
79.05,Acinetobacter,R2,5.42,Acinetobacter | R2
80.05,Acinetobacter,R2,5.41,Acinetobacter | R2
81.05,Acinetobacter,R2,5.39,Acinetobacter | R2
82.05,Acinetobacter,R2,5.38,Acinetobacter | R2
83.05,Acinetobacter,R2,5.35,Acinetobacter | R2
84.05,Acinetobacter,R2,5.33,Acinetobacter | R2
85.05,Acinetobacter,R2,5.3,Acinetobacter | R2
86.05,Acinetobacter,R2,5.28,Acinetobacter | R2
87.05,Acinetobacter,R2,5.26,Acinetobacter | R2
88.05,Acinetobacter,R2,5.24,Acinetobacter | R2
89.05,Acinetobacter,R2,5.23,Acinetobacter | R2
90.05,Acinetobacter,R2,5.19,Acinetobacter | R2
91.05,Acinetobacter,R2,5.17,Acinetobacter | R2
92.05,Acinetobacter,R2,5.15,Acinetobacter | R2
93.05,Acinetobacter,R2,5.12,Acinetobacter | R2
94.05,Acinetobacter,R2,5.1,Acinetobacter | R2
95.05,Acinetobacter,R2,5.09,Acinetobacter | R2
96.05,Acinetobacter,R2,5.04,Acinetobacter | R2
97.05,Acinetobacter,R2,5.03,Acinetobacter | R2
98.05,Acinetobacter,R2,5,Acinetobacter | R2
99.05,Acinetobacter,R2,4.97,Acinetobacter | R2
100.05,Acinetobacter,R2,4.95,Acinetobacter | R2
101.05,Acinetobacter,R2,4.93,Acinetobacter | R2
102.05,Acinetobacter,R2,4.89,Acinetobacter | R2
103.05,Acinetobacter,R2,4.88,Acinetobacter | R2
104.05,Acinetobacter,R2,4.85,Acinetobacter | R2
105.05,Acinetobacter,R2,4.82,Acinetobacter | R2
106.05,Acinetobacter,R2,4.79,Acinetobacter | R2
107.05,Acinetobacter,R2,4.77,Acinetobacter | R2
108.05,Acinetobacter,R2,4.73,Acinetobacter | R2
109.05,Acinetobacter,R2,4.72,Acinetobacter | R2
110.05,Acinetobacter,R2,4.67,Acinetobacter | R2
111.05,Acinetobacter,R2,4.65,Acinetobacter | R2
112.05,Acinetobacter,R2,4.6,Acinetobacter | R2
113.05,Acinetobacter,R2,4.57,Acinetobacter | R2
114.05,Acinetobacter,R2,4.54,Acinetobacter | R2
115.05,Acinetobacter,R2,4.52,Acinetobacter | R2
116.05,Acinetobacter,R2,4.48,Acinetobacter | R2
117.05,Acinetobacter,R2,4.46,Acinetobacter | R2
118.05,Acinetobacter,R2,4.43,Acinetobacter | R2
119.05,Acinetobacter,R2,4.4,Acinetobacter | R2
120.05,Acinetobacter,R2,4.35,Acinetobacter | R2
121.05,Acinetobacter,R2,4.31,Acinetobacter | R2
122.05,Acinetobacter,R2,4.27,Acinetobacter | R2
123.05,Acinetobacter,R2,4.26,Acinetobacter | R2
124.05,Acinetobacter,R2,4.22,Acinetobacter | R2
125.05,Acinetobacter,R2,4.17,Acinetobacter | R2
126.05,Acinetobacter,R2,4.14,Acinetobacter | R2
127.05,Acinetobacter,R2,4.1,Acinetobacter | R2
128.05,Acinetobacter,R2,4.07,Acinetobacter | R2
129.05,Acinetobacter,R2,4.02,Acinetobacter | R2
130.05,Acinetobacter,R2,3.98,Acinetobacter | R2
131.05,Acinetobacter,R2,3.94,Acinetobacter | R2
132.05,Acinetobacter,R2,3.9,Acinetobacter | R2
133.05,Acinetobacter,R2,3.85,Acinetobacter | R2
134.05,Acinetobacter,R2,3.83,Acinetobacter | R2
135.05,Acinetobacter,R2,3.77,Acinetobacter | R2
136.05,Acinetobacter,R2,3.74,Acinetobacter | R2
137.05,Acinetobacter,R2,3.7,Acinetobacter | R2
138.05,Acinetobacter,R2,3.65,Acinetobacter | R2
139.05,Acinetobacter,R2,3.58,Acinetobacter | R2
140.05,Acinetobacter,R2,3.55,Acinetobacter | R2
141.05,Acinetobacter,R2,3.51,Acinetobacter | R2
142.05,Acinetobacter,R2,3.46,Acinetobacter | R2
143.05,Acinetobacter,R2,3.41,Acinetobacter | R2
144.05,Acinetobacter,R2,3.36,Acinetobacter | R2
145.05,Acinetobacter,R2,3.3,Acinetobacter | R2
146.05,Acinetobacter,R2,3.26,Acinetobacter | R2
147.05,Acinetobacter,R2,3.21,Acinetobacter | R2
148.05,Acinetobacter,R2,3.15,Acinetobacter | R2
149.05,Acinetobacter,R2,3.1,Acinetobacter | R2
150.05,Acinetobacter,R2,3.05,Acinetobacter | R2
151.05,Acinetobacter,R2,3.01,Acinetobacter | R2
152.05,Acinetobacter,R2,2.96,Acinetobacter | R2
153.05,Acinetobacter,R2,2.89,Acinetobacter | R2
154.05,Acinetobacter,R2,2.84,Acinetobacter | R2
155.05,Acinetobacter,R2,2.78,Acinetobacter | R2
156.05,Acinetobacter,R2,2.73,Acinetobacter | R2
157.05,Acinetobacter,R2,2.66,Acinetobacter | R2
158.05,Acinetobacter,R2,2.6,Acinetobacter | R2
159.05,Acinetobacter,R2,2.56,Acinetobacter | R2
160.05,Acinetobacter,R2,2.5,Acinetobacter | R2
161.05,Acinetobacter,R2,2.44,Acinetobacter | R2
162.05,Acinetobacter,R2,2.37,Acinetobacter | R2
163.05,Acinetobacter,R2,2.31,Acinetobacter | R2
164.05,Acinetobacter,R2,2.23,Acinetobacter | R2
165.05,Acinetobacter,R2,2.18,Acinetobacter | R2
166.05,Acinetobacter,R2,2.11,Acinetobacter | R2
167.05,Acinetobacter,R2,2.04,Acinetobacter | R2
168.05,Acinetobacter,R2,1.97,Acinetobacter | R2
169.05,Acinetobacter,R2,1.9,Acinetobacter | R2
170.05,Acinetobacter,R2,1.83,Acinetobacter | R2
171.05,Acinetobacter,R2,1.75,Acinetobacter | R2
172.05,Acinetobacter,R2,1.67,Acinetobacter | R2
173.05,Acinetobacter,R2,1.61,Acinetobacter | R2
174.05,Acinetobacter,R2,1.55,Acinetobacter | R2
175.05,Acinetobacter,R2,1.47,Acinetobacter | R2
176.05,Acinetobacter,R2,1.4,Acinetobacter | R2
177.05,Acinetobacter,R2,1.31,Acinetobacter | R2
178.05,Acinetobacter,R2,1.22,Acinetobacter | R2
179.05,Acinetobacter,R2,1.15,Acinetobacter | R2
180.05,Acinetobacter,R2,1.09,Acinetobacter | R2
181.05,Acinetobacter,R2,1.02,Acinetobacter | R2
182.05,Acinetobacter,R2,0.91,Acinetobacter | R2
183.05,Acinetobacter,R2,0.83,Acinetobacter | R2
184.05,Acinetobacter,R2,0.74,Acinetobacter | R2
185.05,Acinetobacter,R2,0.64,Acinetobacter | R2
186.05,Acinetobacter,R2,0.58,Acinetobacter | R2
187.05,Acinetobacter,R2,0.49,Acinetobacter | R2
188.05,Acinetobacter,R2,0.4,Acinetobacter | R2
189.05,Acinetobacter,R2,0.3,Acinetobacter | R2
190.05,Acinetobacter,R2,0.25,Acinetobacter | R2
191.05,Acinetobacter,R2,0.21,Acinetobacter | R2
192.05,Acinetobacter,R2,0.17,Acinetobacter | R2
193.05,Acinetobacter,R2,0.16,Acinetobacter | R2
194.05,Acinetobacter,R2,0.15,Acinetobacter | R2
195.05,Acinetobacter,R2,0.13,Acinetobacter | R2
196.05,Acinetobacter,R2,0.13,Acinetobacter | R2
197.05,Acinetobacter,R2,0.12,Acinetobacter | R2
0.03,Acinetobacter,R3,4.83,Acinetobacter | R3
1.03,Acinetobacter,R3,4.77,Acinetobacter | R3
2.03,Acinetobacter,R3,4.8,Acinetobacter | R3
3.03,Acinetobacter,R3,4.83,Acinetobacter | R3
4.03,Acinetobacter,R3,4.88,Acinetobacter | R3
5.03,Acinetobacter,R3,4.91,Acinetobacter | R3
6.03,Acinetobacter,R3,4.95,Acinetobacter | R3
7.03,Acinetobacter,R3,4.99,Acinetobacter | R3
8.03,Acinetobacter,R3,5.03,Acinetobacter | R3
9.03,Acinetobacter,R3,5.08,Acinetobacter | R3
10.03,Acinetobacter,R3,5.11,Acinetobacter | R3
11.03,Acinetobacter,R3,5.16,Acinetobacter | R3
12.03,Acinetobacter,R3,5.19,Acinetobacter | R3
13.03,Acinetobacter,R3,5.23,Acinetobacter | R3
14.03,Acinetobacter,R3,5.26,Acinetobacter | R3
15.03,Acinetobacter,R3,5.29,Acinetobacter | R3
16.03,Acinetobacter,R3,5.33,Acinetobacter | R3
17.03,Acinetobacter,R3,5.37,Acinetobacter | R3
18.03,Acinetobacter,R3,5.38,Acinetobacter | R3
19.03,Acinetobacter,R3,5.42,Acinetobacter | R3
20.03,Acinetobacter,R3,5.46,Acinetobacter | R3
21.03,Acinetobacter,R3,5.49,Acinetobacter | R3
22.03,Acinetobacter,R3,5.52,Acinetobacter | R3
23.03,Acinetobacter,R3,5.54,Acinetobacter | R3
24.03,Acinetobacter,R3,5.56,Acinetobacter | R3
25.03,Acinetobacter,R3,5.6,Acinetobacter | R3
26.03,Acinetobacter,R3,5.61,Acinetobacter | R3
27.03,Acinetobacter,R3,5.63,Acinetobacter | R3
28.03,Acinetobacter,R3,5.66,Acinetobacter | R3
29.03,Acinetobacter,R3,5.68,Acinetobacter | R3
30.03,Acinetobacter,R3,5.69,Acinetobacter | R3
31.03,Acinetobacter,R3,5.7,Acinetobacter | R3
32.03,Acinetobacter,R3,5.73,Acinetobacter | R3
33.03,Acinetobacter,R3,5.74,Acinetobacter | R3
34.03,Acinetobacter,R3,5.75,Acinetobacter | R3
35.03,Acinetobacter,R3,5.78,Acinetobacter | R3
36.03,Acinetobacter,R3,5.78,Acinetobacter | R3
37.03,Acinetobacter,R3,5.79,Acinetobacter | R3
38.03,Acinetobacter,R3,5.81,Acinetobacter | R3
39.03,Acinetobacter,R3,5.83,Acinetobacter | R3
40.03,Acinetobacter,R3,5.84,Acinetobacter | R3
41.03,Acinetobacter,R3,5.85,Acinetobacter | R3
42.03,Acinetobacter,R3,5.84,Acinetobacter | R3
43.03,Acinetobacter,R3,5.86,Acinetobacter | R3
44.03,Acinetobacter,R3,5.86,Acinetobacter | R3
45.03,Acinetobacter,R3,5.87,Acinetobacter | R3
46.03,Acinetobacter,R3,5.87,Acinetobacter | R3
47.03,Acinetobacter,R3,5.87,Acinetobacter | R3
48.03,Acinetobacter,R3,5.87,Acinetobacter | R3
49.03,Acinetobacter,R3,5.87,Acinetobacter | R3
50.05,Acinetobacter,R3,5.87,Acinetobacter | R3
51.05,Acinetobacter,R3,5.88,Acinetobacter | R3
52.05,Acinetobacter,R3,5.9,Acinetobacter | R3
53.05,Acinetobacter,R3,5.89,Acinetobacter | R3
54.05,Acinetobacter,R3,5.87,Acinetobacter | R3
55.05,Acinetobacter,R3,5.86,Acinetobacter | R3
56.05,Acinetobacter,R3,5.86,Acinetobacter | R3
57.05,Acinetobacter,R3,5.84,Acinetobacter | R3
58.05,Acinetobacter,R3,5.83,Acinetobacter | R3
59.05,Acinetobacter,R3,5.81,Acinetobacter | R3
60.05,Acinetobacter,R3,5.8,Acinetobacter | R3
61.05,Acinetobacter,R3,5.79,Acinetobacter | R3
62.05,Acinetobacter,R3,5.79,Acinetobacter | R3
63.05,Acinetobacter,R3,5.76,Acinetobacter | R3
64.05,Acinetobacter,R3,5.74,Acinetobacter | R3
65.05,Acinetobacter,R3,5.73,Acinetobacter | R3
66.05,Acinetobacter,R3,5.72,Acinetobacter | R3
67.05,Acinetobacter,R3,5.7,Acinetobacter | R3
68.05,Acinetobacter,R3,5.69,Acinetobacter | R3
69.05,Acinetobacter,R3,5.67,Acinetobacter | R3
70.05,Acinetobacter,R3,5.67,Acinetobacter | R3
71.05,Acinetobacter,R3,5.65,Acinetobacter | R3
72.05,Acinetobacter,R3,5.65,Acinetobacter | R3
73.05,Acinetobacter,R3,5.63,Acinetobacter | R3
74.05,Acinetobacter,R3,5.6,Acinetobacter | R3
75.05,Acinetobacter,R3,5.59,Acinetobacter | R3
76.05,Acinetobacter,R3,5.56,Acinetobacter | R3
77.05,Acinetobacter,R3,5.55,Acinetobacter | R3
78.05,Acinetobacter,R3,5.54,Acinetobacter | R3
79.05,Acinetobacter,R3,5.51,Acinetobacter | R3
80.05,Acinetobacter,R3,5.5,Acinetobacter | R3
81.05,Acinetobacter,R3,5.47,Acinetobacter | R3
82.05,Acinetobacter,R3,5.46,Acinetobacter | R3
83.05,Acinetobacter,R3,5.43,Acinetobacter | R3
84.05,Acinetobacter,R3,5.42,Acinetobacter | R3
85.05,Acinetobacter,R3,5.4,Acinetobacter | R3
86.05,Acinetobacter,R3,5.38,Acinetobacter | R3
87.05,Acinetobacter,R3,5.38,Acinetobacter | R3
88.05,Acinetobacter,R3,5.36,Acinetobacter | R3
89.05,Acinetobacter,R3,5.33,Acinetobacter | R3
90.05,Acinetobacter,R3,5.31,Acinetobacter | R3
91.05,Acinetobacter,R3,5.3,Acinetobacter | R3
92.05,Acinetobacter,R3,5.27,Acinetobacter | R3
93.05,Acinetobacter,R3,5.25,Acinetobacter | R3
94.05,Acinetobacter,R3,5.22,Acinetobacter | R3
95.05,Acinetobacter,R3,5.21,Acinetobacter | R3
96.05,Acinetobacter,R3,5.17,Acinetobacter | R3
97.05,Acinetobacter,R3,5.15,Acinetobacter | R3
98.05,Acinetobacter,R3,5.13,Acinetobacter | R3
99.05,Acinetobacter,R3,5.11,Acinetobacter | R3
100.05,Acinetobacter,R3,5.08,Acinetobacter | R3
101.05,Acinetobacter,R3,5.07,Acinetobacter | R3
102.05,Acinetobacter,R3,5.04,Acinetobacter | R3
103.05,Acinetobacter,R3,5.02,Acinetobacter | R3
104.05,Acinetobacter,R3,4.99,Acinetobacter | R3
105.05,Acinetobacter,R3,4.96,Acinetobacter | R3
106.05,Acinetobacter,R3,4.94,Acinetobacter | R3
107.05,Acinetobacter,R3,4.91,Acinetobacter | R3
108.05,Acinetobacter,R3,4.89,Acinetobacter | R3
109.05,Acinetobacter,R3,4.88,Acinetobacter | R3
110.05,Acinetobacter,R3,4.83,Acinetobacter | R3
111.05,Acinetobacter,R3,4.8,Acinetobacter | R3
112.05,Acinetobacter,R3,4.77,Acinetobacter | R3
113.05,Acinetobacter,R3,4.77,Acinetobacter | R3
114.05,Acinetobacter,R3,4.72,Acinetobacter | R3
115.05,Acinetobacter,R3,4.7,Acinetobacter | R3
116.05,Acinetobacter,R3,4.66,Acinetobacter | R3
117.05,Acinetobacter,R3,4.63,Acinetobacter | R3
118.05,Acinetobacter,R3,4.61,Acinetobacter | R3
119.05,Acinetobacter,R3,4.57,Acinetobacter | R3
120.05,Acinetobacter,R3,4.55,Acinetobacter | R3
121.05,Acinetobacter,R3,4.51,Acinetobacter | R3
122.05,Acinetobacter,R3,4.49,Acinetobacter | R3
123.05,Acinetobacter,R3,4.43,Acinetobacter | R3
124.05,Acinetobacter,R3,4.43,Acinetobacter | R3
125.05,Acinetobacter,R3,4.36,Acinetobacter | R3
126.05,Acinetobacter,R3,4.35,Acinetobacter | R3
127.05,Acinetobacter,R3,4.29,Acinetobacter | R3
128.05,Acinetobacter,R3,4.28,Acinetobacter | R3
129.05,Acinetobacter,R3,4.23,Acinetobacter | R3
130.05,Acinetobacter,R3,4.19,Acinetobacter | R3
131.05,Acinetobacter,R3,4.16,Acinetobacter | R3
132.05,Acinetobacter,R3,4.12,Acinetobacter | R3
133.05,Acinetobacter,R3,4.08,Acinetobacter | R3
134.05,Acinetobacter,R3,4.04,Acinetobacter | R3
135.05,Acinetobacter,R3,3.99,Acinetobacter | R3
136.05,Acinetobacter,R3,3.96,Acinetobacter | R3
137.05,Acinetobacter,R3,3.93,Acinetobacter | R3
138.05,Acinetobacter,R3,3.88,Acinetobacter | R3
139.05,Acinetobacter,R3,3.84,Acinetobacter | R3
140.05,Acinetobacter,R3,3.81,Acinetobacter | R3
141.05,Acinetobacter,R3,3.77,Acinetobacter | R3
142.05,Acinetobacter,R3,3.7,Acinetobacter | R3
143.05,Acinetobacter,R3,3.66,Acinetobacter | R3
144.05,Acinetobacter,R3,3.62,Acinetobacter | R3
145.05,Acinetobacter,R3,3.57,Acinetobacter | R3
146.05,Acinetobacter,R3,3.53,Acinetobacter | R3
147.05,Acinetobacter,R3,3.49,Acinetobacter | R3
148.05,Acinetobacter,R3,3.43,Acinetobacter | R3
149.05,Acinetobacter,R3,3.39,Acinetobacter | R3
150.05,Acinetobacter,R3,3.33,Acinetobacter | R3
151.05,Acinetobacter,R3,3.28,Acinetobacter | R3
152.05,Acinetobacter,R3,3.23,Acinetobacter | R3
153.05,Acinetobacter,R3,3.18,Acinetobacter | R3
154.05,Acinetobacter,R3,3.12,Acinetobacter | R3
155.05,Acinetobacter,R3,3.07,Acinetobacter | R3
156.05,Acinetobacter,R3,3.01,Acinetobacter | R3
157.05,Acinetobacter,R3,2.96,Acinetobacter | R3
158.05,Acinetobacter,R3,2.9,Acinetobacter | R3
159.05,Acinetobacter,R3,2.85,Acinetobacter | R3
160.05,Acinetobacter,R3,2.78,Acinetobacter | R3
161.05,Acinetobacter,R3,2.73,Acinetobacter | R3
162.05,Acinetobacter,R3,2.67,Acinetobacter | R3
163.05,Acinetobacter,R3,2.61,Acinetobacter | R3
164.05,Acinetobacter,R3,2.54,Acinetobacter | R3
165.05,Acinetobacter,R3,2.49,Acinetobacter | R3
166.05,Acinetobacter,R3,2.43,Acinetobacter | R3
167.05,Acinetobacter,R3,2.36,Acinetobacter | R3
168.05,Acinetobacter,R3,2.28,Acinetobacter | R3
169.05,Acinetobacter,R3,2.23,Acinetobacter | R3
170.05,Acinetobacter,R3,2.17,Acinetobacter | R3
171.05,Acinetobacter,R3,2.09,Acinetobacter | R3
172.05,Acinetobacter,R3,2.03,Acinetobacter | R3
173.05,Acinetobacter,R3,1.96,Acinetobacter | R3
174.05,Acinetobacter,R3,1.88,Acinetobacter | R3
175.05,Acinetobacter,R3,1.81,Acinetobacter | R3
176.05,Acinetobacter,R3,1.73,Acinetobacter | R3
177.05,Acinetobacter,R3,1.66,Acinetobacter | R3
178.05,Acinetobacter,R3,1.59,Acinetobacter | R3
179.05,Acinetobacter,R3,1.52,Acinetobacter | R3
180.05,Acinetobacter,R3,1.43,Acinetobacter | R3
181.05,Acinetobacter,R3,1.36,Acinetobacter | R3
182.05,Acinetobacter,R3,1.27,Acinetobacter | R3
183.05,Acinetobacter,R3,1.19,Acinetobacter | R3
184.05,Acinetobacter,R3,1.11,Acinetobacter | R3
185.05,Acinetobacter,R3,1.02,Acinetobacter | R3
186.05,Acinetobacter,R3,0.94,Acinetobacter | R3
187.05,Acinetobacter,R3,0.84,Acinetobacter | R3
188.05,Acinetobacter,R3,0.78,Acinetobacter | R3
189.05,Acinetobacter,R3,0.67,Acinetobacter | R3
190.05,Acinetobacter,R3,0.6,Acinetobacter | R3
191.05,Acinetobacter,R3,0.49,Acinetobacter | R3
192.05,Acinetobacter,R3,0.4,Acinetobacter | R3
193.05,Acinetobacter,R3,0.33,Acinetobacter | R3
194.05,Acinetobacter,R3,0.29,Acinetobacter | R3
195.05,Acinetobacter,R3,0.25,Acinetobacter | R3
196.05,Acinetobacter,R3,0.21,Acinetobacter | R3
197.05,Acinetobacter,R3,0.19,Acinetobacter | R3
0.03,Acinetobacter,R4,4.92,Acinetobacter | R4
1.03,Acinetobacter,R4,4.86,Acinetobacter | R4
2.03,Acinetobacter,R4,4.89,Acinetobacter | R4
3.03,Acinetobacter,R4,4.87,Acinetobacter | R4
4.03,Acinetobacter,R4,4.91,Acinetobacter | R4
5.03,Acinetobacter,R4,4.95,Acinetobacter | R4
6.03,Acinetobacter,R4,5,Acinetobacter | R4
7.03,Acinetobacter,R4,5.04,Acinetobacter | R4
8.03,Acinetobacter,R4,5.07,Acinetobacter | R4
9.03,Acinetobacter,R4,5.11,Acinetobacter | R4
10.03,Acinetobacter,R4,5.16,Acinetobacter | R4
11.03,Acinetobacter,R4,5.21,Acinetobacter | R4
12.03,Acinetobacter,R4,5.26,Acinetobacter | R4
13.03,Acinetobacter,R4,5.3,Acinetobacter | R4
14.03,Acinetobacter,R4,5.33,Acinetobacter | R4
15.03,Acinetobacter,R4,5.38,Acinetobacter | R4
16.03,Acinetobacter,R4,5.41,Acinetobacter | R4
17.03,Acinetobacter,R4,5.45,Acinetobacter | R4
18.03,Acinetobacter,R4,5.48,Acinetobacter | R4
19.03,Acinetobacter,R4,5.51,Acinetobacter | R4
20.03,Acinetobacter,R4,5.54,Acinetobacter | R4
21.03,Acinetobacter,R4,5.56,Acinetobacter | R4
22.03,Acinetobacter,R4,5.6,Acinetobacter | R4
23.03,Acinetobacter,R4,5.63,Acinetobacter | R4
24.03,Acinetobacter,R4,5.66,Acinetobacter | R4
25.03,Acinetobacter,R4,5.69,Acinetobacter | R4
26.03,Acinetobacter,R4,5.72,Acinetobacter | R4
27.03,Acinetobacter,R4,5.74,Acinetobacter | R4
28.03,Acinetobacter,R4,5.76,Acinetobacter | R4
29.03,Acinetobacter,R4,5.79,Acinetobacter | R4
30.03,Acinetobacter,R4,5.81,Acinetobacter | R4
31.03,Acinetobacter,R4,5.84,Acinetobacter | R4
32.03,Acinetobacter,R4,5.87,Acinetobacter | R4
33.03,Acinetobacter,R4,5.88,Acinetobacter | R4
34.03,Acinetobacter,R4,5.9,Acinetobacter | R4
35.03,Acinetobacter,R4,5.94,Acinetobacter | R4
36.03,Acinetobacter,R4,5.94,Acinetobacter | R4
37.03,Acinetobacter,R4,5.97,Acinetobacter | R4
38.03,Acinetobacter,R4,6,Acinetobacter | R4
39.03,Acinetobacter,R4,6.01,Acinetobacter | R4
40.03,Acinetobacter,R4,6.02,Acinetobacter | R4
41.03,Acinetobacter,R4,6.04,Acinetobacter | R4
42.03,Acinetobacter,R4,6.05,Acinetobacter | R4
43.03,Acinetobacter,R4,6.08,Acinetobacter | R4
44.03,Acinetobacter,R4,6.09,Acinetobacter | R4
45.03,Acinetobacter,R4,6.11,Acinetobacter | R4
46.03,Acinetobacter,R4,6.13,Acinetobacter | R4
47.03,Acinetobacter,R4,6.14,Acinetobacter | R4
48.03,Acinetobacter,R4,6.16,Acinetobacter | R4
49.03,Acinetobacter,R4,6.16,Acinetobacter | R4
50.05,Acinetobacter,R4,6.17,Acinetobacter | R4
51.05,Acinetobacter,R4,6.2,Acinetobacter | R4
52.05,Acinetobacter,R4,6.21,Acinetobacter | R4
53.05,Acinetobacter,R4,6.21,Acinetobacter | R4
54.05,Acinetobacter,R4,6.22,Acinetobacter | R4
55.05,Acinetobacter,R4,6.22,Acinetobacter | R4
56.05,Acinetobacter,R4,6.24,Acinetobacter | R4
57.05,Acinetobacter,R4,6.25,Acinetobacter | R4
58.05,Acinetobacter,R4,6.24,Acinetobacter | R4
59.05,Acinetobacter,R4,6.26,Acinetobacter | R4
60.05,Acinetobacter,R4,6.25,Acinetobacter | R4
61.05,Acinetobacter,R4,6.26,Acinetobacter | R4
62.05,Acinetobacter,R4,6.25,Acinetobacter | R4
63.05,Acinetobacter,R4,6.27,Acinetobacter | R4
64.05,Acinetobacter,R4,6.27,Acinetobacter | R4
65.05,Acinetobacter,R4,6.26,Acinetobacter | R4
66.05,Acinetobacter,R4,6.28,Acinetobacter | R4
67.05,Acinetobacter,R4,6.26,Acinetobacter | R4
68.05,Acinetobacter,R4,6.24,Acinetobacter | R4
69.05,Acinetobacter,R4,6.22,Acinetobacter | R4
70.05,Acinetobacter,R4,6.22,Acinetobacter | R4
71.05,Acinetobacter,R4,6.19,Acinetobacter | R4
72.05,Acinetobacter,R4,6.16,Acinetobacter | R4
73.05,Acinetobacter,R4,6.14,Acinetobacter | R4
74.05,Acinetobacter,R4,6.12,Acinetobacter | R4
75.05,Acinetobacter,R4,6.11,Acinetobacter | R4
76.05,Acinetobacter,R4,6.1,Acinetobacter | R4
77.05,Acinetobacter,R4,6.08,Acinetobacter | R4
78.05,Acinetobacter,R4,6.05,Acinetobacter | R4
79.05,Acinetobacter,R4,6.04,Acinetobacter | R4
80.05,Acinetobacter,R4,6.02,Acinetobacter | R4
81.05,Acinetobacter,R4,5.98,Acinetobacter | R4
82.05,Acinetobacter,R4,5.96,Acinetobacter | R4
83.05,Acinetobacter,R4,5.94,Acinetobacter | R4
84.05,Acinetobacter,R4,5.93,Acinetobacter | R4
85.05,Acinetobacter,R4,5.91,Acinetobacter | R4
86.05,Acinetobacter,R4,5.88,Acinetobacter | R4
87.05,Acinetobacter,R4,5.86,Acinetobacter | R4
88.05,Acinetobacter,R4,5.83,Acinetobacter | R4
89.05,Acinetobacter,R4,5.82,Acinetobacter | R4
90.05,Acinetobacter,R4,5.79,Acinetobacter | R4
91.05,Acinetobacter,R4,5.76,Acinetobacter | R4
92.05,Acinetobacter,R4,5.74,Acinetobacter | R4
93.05,Acinetobacter,R4,5.72,Acinetobacter | R4
94.05,Acinetobacter,R4,5.7,Acinetobacter | R4
95.05,Acinetobacter,R4,5.66,Acinetobacter | R4
96.05,Acinetobacter,R4,5.63,Acinetobacter | R4
97.05,Acinetobacter,R4,5.61,Acinetobacter | R4
98.05,Acinetobacter,R4,5.59,Acinetobacter | R4
99.05,Acinetobacter,R4,5.56,Acinetobacter | R4
100.05,Acinetobacter,R4,5.53,Acinetobacter | R4
101.05,Acinetobacter,R4,5.5,Acinetobacter | R4
102.05,Acinetobacter,R4,5.47,Acinetobacter | R4
103.05,Acinetobacter,R4,5.47,Acinetobacter | R4
104.05,Acinetobacter,R4,5.43,Acinetobacter | R4
105.05,Acinetobacter,R4,5.39,Acinetobacter | R4
106.05,Acinetobacter,R4,5.35,Acinetobacter | R4
107.05,Acinetobacter,R4,5.32,Acinetobacter | R4
108.05,Acinetobacter,R4,5.3,Acinetobacter | R4
109.05,Acinetobacter,R4,5.27,Acinetobacter | R4
110.05,Acinetobacter,R4,5.22,Acinetobacter | R4
111.05,Acinetobacter,R4,5.19,Acinetobacter | R4
112.05,Acinetobacter,R4,5.16,Acinetobacter | R4
113.05,Acinetobacter,R4,5.13,Acinetobacter | R4
114.05,Acinetobacter,R4,5.1,Acinetobacter | R4
115.05,Acinetobacter,R4,5.08,Acinetobacter | R4
116.05,Acinetobacter,R4,5.04,Acinetobacter | R4
117.05,Acinetobacter,R4,4.99,Acinetobacter | R4
118.05,Acinetobacter,R4,4.97,Acinetobacter | R4
119.05,Acinetobacter,R4,4.91,Acinetobacter | R4
120.05,Acinetobacter,R4,4.9,Acinetobacter | R4
121.05,Acinetobacter,R4,4.85,Acinetobacter | R4
122.05,Acinetobacter,R4,4.83,Acinetobacter | R4
123.05,Acinetobacter,R4,4.78,Acinetobacter | R4
124.05,Acinetobacter,R4,4.75,Acinetobacter | R4
125.05,Acinetobacter,R4,4.71,Acinetobacter | R4
126.05,Acinetobacter,R4,4.67,Acinetobacter | R4
127.05,Acinetobacter,R4,4.62,Acinetobacter | R4
128.05,Acinetobacter,R4,4.59,Acinetobacter | R4
129.05,Acinetobacter,R4,4.55,Acinetobacter | R4
130.05,Acinetobacter,R4,4.51,Acinetobacter | R4
131.05,Acinetobacter,R4,4.46,Acinetobacter | R4
132.05,Acinetobacter,R4,4.43,Acinetobacter | R4
133.05,Acinetobacter,R4,4.38,Acinetobacter | R4
134.05,Acinetobacter,R4,4.32,Acinetobacter | R4
135.05,Acinetobacter,R4,4.29,Acinetobacter | R4
136.05,Acinetobacter,R4,4.25,Acinetobacter | R4
137.05,Acinetobacter,R4,4.2,Acinetobacter | R4
138.05,Acinetobacter,R4,4.16,Acinetobacter | R4
139.05,Acinetobacter,R4,4.1,Acinetobacter | R4
140.05,Acinetobacter,R4,4.07,Acinetobacter | R4
141.05,Acinetobacter,R4,4.02,Acinetobacter | R4
142.05,Acinetobacter,R4,3.95,Acinetobacter | R4
143.05,Acinetobacter,R4,3.93,Acinetobacter | R4
144.05,Acinetobacter,R4,3.86,Acinetobacter | R4
145.05,Acinetobacter,R4,3.82,Acinetobacter | R4
146.05,Acinetobacter,R4,3.77,Acinetobacter | R4
147.05,Acinetobacter,R4,3.71,Acinetobacter | R4
148.05,Acinetobacter,R4,3.67,Acinetobacter | R4
149.05,Acinetobacter,R4,3.61,Acinetobacter | R4
150.05,Acinetobacter,R4,3.55,Acinetobacter | R4
151.05,Acinetobacter,R4,3.5,Acinetobacter | R4
152.05,Acinetobacter,R4,3.44,Acinetobacter | R4
153.05,Acinetobacter,R4,3.38,Acinetobacter | R4
154.05,Acinetobacter,R4,3.33,Acinetobacter | R4
155.05,Acinetobacter,R4,3.28,Acinetobacter | R4
156.05,Acinetobacter,R4,3.22,Acinetobacter | R4
157.05,Acinetobacter,R4,3.16,Acinetobacter | R4
158.05,Acinetobacter,R4,3.1,Acinetobacter | R4
159.05,Acinetobacter,R4,3.04,Acinetobacter | R4
160.05,Acinetobacter,R4,2.96,Acinetobacter | R4
161.05,Acinetobacter,R4,2.91,Acinetobacter | R4
162.05,Acinetobacter,R4,2.84,Acinetobacter | R4
163.05,Acinetobacter,R4,2.8,Acinetobacter | R4
164.05,Acinetobacter,R4,2.72,Acinetobacter | R4
165.05,Acinetobacter,R4,2.64,Acinetobacter | R4
166.05,Acinetobacter,R4,2.59,Acinetobacter | R4
167.05,Acinetobacter,R4,2.53,Acinetobacter | R4
168.05,Acinetobacter,R4,2.44,Acinetobacter | R4
169.05,Acinetobacter,R4,2.36,Acinetobacter | R4
170.05,Acinetobacter,R4,2.31,Acinetobacter | R4
171.05,Acinetobacter,R4,2.23,Acinetobacter | R4
172.05,Acinetobacter,R4,2.16,Acinetobacter | R4
173.05,Acinetobacter,R4,2.08,Acinetobacter | R4
174.05,Acinetobacter,R4,2.02,Acinetobacter | R4
175.05,Acinetobacter,R4,1.95,Acinetobacter | R4
176.05,Acinetobacter,R4,1.86,Acinetobacter | R4
177.05,Acinetobacter,R4,1.79,Acinetobacter | R4
178.05,Acinetobacter,R4,1.72,Acinetobacter | R4
179.05,Acinetobacter,R4,1.63,Acinetobacter | R4
180.05,Acinetobacter,R4,1.55,Acinetobacter | R4
181.05,Acinetobacter,R4,1.47,Acinetobacter | R4
182.05,Acinetobacter,R4,1.37,Acinetobacter | R4
183.05,Acinetobacter,R4,1.3,Acinetobacter | R4
184.05,Acinetobacter,R4,1.21,Acinetobacter | R4
185.05,Acinetobacter,R4,1.14,Acinetobacter | R4
186.05,Acinetobacter,R4,1.05,Acinetobacter | R4
187.05,Acinetobacter,R4,0.95,Acinetobacter | R4
188.05,Acinetobacter,R4,0.84,Acinetobacter | R4
189.05,Acinetobacter,R4,0.76,Acinetobacter | R4
190.05,Acinetobacter,R4,0.68,Acinetobacter | R4
191.05,Acinetobacter,R4,0.58,Acinetobacter | R4
192.05,Acinetobacter,R4,0.48,Acinetobacter | R4
193.05,Acinetobacter,R4,0.43,Acinetobacter | R4
194.05,Acinetobacter,R4,0.38,Acinetobacter | R4
195.05,Acinetobacter,R4,0.34,Acinetobacter | R4
196.05,Acinetobacter,R4,0.31,Acinetobacter | R4
197.05,Acinetobacter,R4,0.3,Acinetobacter | R4
0.03,Acinetobacter,R5,4.67,Acinetobacter | R5
1.03,Acinetobacter,R5,4.65,Acinetobacter | R5
2.03,Acinetobacter,R5,4.69,Acinetobacter | R5
3.03,Acinetobacter,R5,4.73,Acinetobacter | R5
4.03,Acinetobacter,R5,4.79,Acinetobacter | R5
5.03,Acinetobacter,R5,4.83,Acinetobacter | R5
6.03,Acinetobacter,R5,4.88,Acinetobacter | R5
7.03,Acinetobacter,R5,4.91,Acinetobacter | R5
8.03,Acinetobacter,R5,4.97,Acinetobacter | R5
9.03,Acinetobacter,R5,5.01,Acinetobacter | R5
10.03,Acinetobacter,R5,5.04,Acinetobacter | R5
11.03,Acinetobacter,R5,5.11,Acinetobacter | R5
12.03,Acinetobacter,R5,5.13,Acinetobacter | R5
13.03,Acinetobacter,R5,5.17,Acinetobacter | R5
14.03,Acinetobacter,R5,5.19,Acinetobacter | R5
15.03,Acinetobacter,R5,5.25,Acinetobacter | R5
16.03,Acinetobacter,R5,5.27,Acinetobacter | R5
17.03,Acinetobacter,R5,5.3,Acinetobacter | R5
18.03,Acinetobacter,R5,5.33,Acinetobacter | R5
19.03,Acinetobacter,R5,5.35,Acinetobacter | R5
20.03,Acinetobacter,R5,5.38,Acinetobacter | R5
21.03,Acinetobacter,R5,5.4,Acinetobacter | R5
22.03,Acinetobacter,R5,5.44,Acinetobacter | R5
23.03,Acinetobacter,R5,5.46,Acinetobacter | R5
24.03,Acinetobacter,R5,5.48,Acinetobacter | R5
25.03,Acinetobacter,R5,5.5,Acinetobacter | R5
26.03,Acinetobacter,R5,5.53,Acinetobacter | R5
27.03,Acinetobacter,R5,5.55,Acinetobacter | R5
28.03,Acinetobacter,R5,5.56,Acinetobacter | R5
29.03,Acinetobacter,R5,5.59,Acinetobacter | R5
30.03,Acinetobacter,R5,5.6,Acinetobacter | R5
31.03,Acinetobacter,R5,5.6,Acinetobacter | R5
32.03,Acinetobacter,R5,5.64,Acinetobacter | R5
33.03,Acinetobacter,R5,5.65,Acinetobacter | R5
34.03,Acinetobacter,R5,5.67,Acinetobacter | R5
35.03,Acinetobacter,R5,5.68,Acinetobacter | R5
36.03,Acinetobacter,R5,5.69,Acinetobacter | R5
37.03,Acinetobacter,R5,5.7,Acinetobacter | R5
38.03,Acinetobacter,R5,5.72,Acinetobacter | R5
39.03,Acinetobacter,R5,5.72,Acinetobacter | R5
40.03,Acinetobacter,R5,5.73,Acinetobacter | R5
41.03,Acinetobacter,R5,5.73,Acinetobacter | R5
42.03,Acinetobacter,R5,5.74,Acinetobacter | R5
43.03,Acinetobacter,R5,5.75,Acinetobacter | R5
44.03,Acinetobacter,R5,5.75,Acinetobacter | R5
45.03,Acinetobacter,R5,5.75,Acinetobacter | R5
46.03,Acinetobacter,R5,5.76,Acinetobacter | R5
47.03,Acinetobacter,R5,5.76,Acinetobacter | R5
48.03,Acinetobacter,R5,5.77,Acinetobacter | R5
49.03,Acinetobacter,R5,5.77,Acinetobacter | R5
50.05,Acinetobacter,R5,5.77,Acinetobacter | R5
51.05,Acinetobacter,R5,5.77,Acinetobacter | R5
52.05,Acinetobacter,R5,5.78,Acinetobacter | R5
53.05,Acinetobacter,R5,5.75,Acinetobacter | R5
54.05,Acinetobacter,R5,5.75,Acinetobacter | R5
55.05,Acinetobacter,R5,5.74,Acinetobacter | R5
56.05,Acinetobacter,R5,5.72,Acinetobacter | R5
57.05,Acinetobacter,R5,5.71,Acinetobacter | R5
58.05,Acinetobacter,R5,5.68,Acinetobacter | R5
59.05,Acinetobacter,R5,5.64,Acinetobacter | R5
60.05,Acinetobacter,R5,5.65,Acinetobacter | R5
61.05,Acinetobacter,R5,5.62,Acinetobacter | R5
62.05,Acinetobacter,R5,5.6,Acinetobacter | R5
63.05,Acinetobacter,R5,5.59,Acinetobacter | R5
64.05,Acinetobacter,R5,5.56,Acinetobacter | R5
65.05,Acinetobacter,R5,5.55,Acinetobacter | R5
66.05,Acinetobacter,R5,5.54,Acinetobacter | R5
67.05,Acinetobacter,R5,5.51,Acinetobacter | R5
68.05,Acinetobacter,R5,5.49,Acinetobacter | R5
69.05,Acinetobacter,R5,5.48,Acinetobacter | R5
70.05,Acinetobacter,R5,5.45,Acinetobacter | R5
71.05,Acinetobacter,R5,5.44,Acinetobacter | R5
72.05,Acinetobacter,R5,5.42,Acinetobacter | R5
73.05,Acinetobacter,R5,5.4,Acinetobacter | R5
74.05,Acinetobacter,R5,5.37,Acinetobacter | R5
75.05,Acinetobacter,R5,5.36,Acinetobacter | R5
76.05,Acinetobacter,R5,5.35,Acinetobacter | R5
77.05,Acinetobacter,R5,5.31,Acinetobacter | R5
78.05,Acinetobacter,R5,5.29,Acinetobacter | R5
79.05,Acinetobacter,R5,5.28,Acinetobacter | R5
80.05,Acinetobacter,R5,5.26,Acinetobacter | R5
81.05,Acinetobacter,R5,5.23,Acinetobacter | R5
82.05,Acinetobacter,R5,5.22,Acinetobacter | R5
83.05,Acinetobacter,R5,5.18,Acinetobacter | R5
84.05,Acinetobacter,R5,5.16,Acinetobacter | R5
85.05,Acinetobacter,R5,5.15,Acinetobacter | R5
86.05,Acinetobacter,R5,5.11,Acinetobacter | R5
87.05,Acinetobacter,R5,5.1,Acinetobacter | R5
88.05,Acinetobacter,R5,5.06,Acinetobacter | R5
89.05,Acinetobacter,R5,5.04,Acinetobacter | R5
90.05,Acinetobacter,R5,5.03,Acinetobacter | R5
91.05,Acinetobacter,R5,5.01,Acinetobacter | R5
92.05,Acinetobacter,R5,4.98,Acinetobacter | R5
93.05,Acinetobacter,R5,4.94,Acinetobacter | R5
94.05,Acinetobacter,R5,4.91,Acinetobacter | R5
95.05,Acinetobacter,R5,4.9,Acinetobacter | R5
96.05,Acinetobacter,R5,4.88,Acinetobacter | R5
97.05,Acinetobacter,R5,4.84,Acinetobacter | R5
98.05,Acinetobacter,R5,4.81,Acinetobacter | R5
99.05,Acinetobacter,R5,4.79,Acinetobacter | R5
100.05,Acinetobacter,R5,4.78,Acinetobacter | R5
101.05,Acinetobacter,R5,4.74,Acinetobacter | R5
102.05,Acinetobacter,R5,4.72,Acinetobacter | R5
103.05,Acinetobacter,R5,4.69,Acinetobacter | R5
104.05,Acinetobacter,R5,4.65,Acinetobacter | R5
105.05,Acinetobacter,R5,4.63,Acinetobacter | R5
106.05,Acinetobacter,R5,4.61,Acinetobacter | R5
107.05,Acinetobacter,R5,4.58,Acinetobacter | R5
108.05,Acinetobacter,R5,4.55,Acinetobacter | R5
109.05,Acinetobacter,R5,4.51,Acinetobacter | R5
110.05,Acinetobacter,R5,4.49,Acinetobacter | R5
111.05,Acinetobacter,R5,4.46,Acinetobacter | R5
112.05,Acinetobacter,R5,4.43,Acinetobacter | R5
113.05,Acinetobacter,R5,4.4,Acinetobacter | R5
114.05,Acinetobacter,R5,4.37,Acinetobacter | R5
115.05,Acinetobacter,R5,4.34,Acinetobacter | R5
116.05,Acinetobacter,R5,4.31,Acinetobacter | R5
117.05,Acinetobacter,R5,4.26,Acinetobacter | R5
118.05,Acinetobacter,R5,4.23,Acinetobacter | R5
119.05,Acinetobacter,R5,4.21,Acinetobacter | R5
120.05,Acinetobacter,R5,4.17,Acinetobacter | R5
121.05,Acinetobacter,R5,4.15,Acinetobacter | R5
122.05,Acinetobacter,R5,4.13,Acinetobacter | R5
123.05,Acinetobacter,R5,4.08,Acinetobacter | R5
124.05,Acinetobacter,R5,4.05,Acinetobacter | R5
125.05,Acinetobacter,R5,4.01,Acinetobacter | R5
126.05,Acinetobacter,R5,3.96,Acinetobacter | R5
127.05,Acinetobacter,R5,3.94,Acinetobacter | R5
128.05,Acinetobacter,R5,3.91,Acinetobacter | R5
129.05,Acinetobacter,R5,3.86,Acinetobacter | R5
130.05,Acinetobacter,R5,3.83,Acinetobacter | R5
131.05,Acinetobacter,R5,3.8,Acinetobacter | R5
132.05,Acinetobacter,R5,3.76,Acinetobacter | R5
133.05,Acinetobacter,R5,3.73,Acinetobacter | R5
134.05,Acinetobacter,R5,3.68,Acinetobacter | R5
135.05,Acinetobacter,R5,3.66,Acinetobacter | R5
136.05,Acinetobacter,R5,3.62,Acinetobacter | R5
137.05,Acinetobacter,R5,3.57,Acinetobacter | R5
138.05,Acinetobacter,R5,3.53,Acinetobacter | R5
139.05,Acinetobacter,R5,3.48,Acinetobacter | R5
140.05,Acinetobacter,R5,3.46,Acinetobacter | R5
141.05,Acinetobacter,R5,3.41,Acinetobacter | R5
142.05,Acinetobacter,R5,3.38,Acinetobacter | R5
143.05,Acinetobacter,R5,3.33,Acinetobacter | R5
144.05,Acinetobacter,R5,3.29,Acinetobacter | R5
145.05,Acinetobacter,R5,3.25,Acinetobacter | R5
146.05,Acinetobacter,R5,3.21,Acinetobacter | R5
147.05,Acinetobacter,R5,3.16,Acinetobacter | R5
148.05,Acinetobacter,R5,3.12,Acinetobacter | R5
149.05,Acinetobacter,R5,3.09,Acinetobacter | R5
150.05,Acinetobacter,R5,3.04,Acinetobacter | R5
151.05,Acinetobacter,R5,2.98,Acinetobacter | R5
152.05,Acinetobacter,R5,2.95,Acinetobacter | R5
153.05,Acinetobacter,R5,2.89,Acinetobacter | R5
154.05,Acinetobacter,R5,2.86,Acinetobacter | R5
155.05,Acinetobacter,R5,2.79,Acinetobacter | R5
156.05,Acinetobacter,R5,2.75,Acinetobacter | R5
157.05,Acinetobacter,R5,2.72,Acinetobacter | R5
158.05,Acinetobacter,R5,2.66,Acinetobacter | R5
159.05,Acinetobacter,R5,2.6,Acinetobacter | R5
160.05,Acinetobacter,R5,2.56,Acinetobacter | R5
161.05,Acinetobacter,R5,2.51,Acinetobacter | R5
162.05,Acinetobacter,R5,2.47,Acinetobacter | R5
163.05,Acinetobacter,R5,2.4,Acinetobacter | R5
164.05,Acinetobacter,R5,2.38,Acinetobacter | R5
165.05,Acinetobacter,R5,2.31,Acinetobacter | R5
166.05,Acinetobacter,R5,2.27,Acinetobacter | R5
167.05,Acinetobacter,R5,2.22,Acinetobacter | R5
168.05,Acinetobacter,R5,2.16,Acinetobacter | R5
169.05,Acinetobacter,R5,2.11,Acinetobacter | R5
170.05,Acinetobacter,R5,2.05,Acinetobacter | R5
171.05,Acinetobacter,R5,2,Acinetobacter | R5
172.05,Acinetobacter,R5,1.94,Acinetobacter | R5
173.05,Acinetobacter,R5,1.88,Acinetobacter | R5
174.05,Acinetobacter,R5,1.84,Acinetobacter | R5
175.05,Acinetobacter,R5,1.77,Acinetobacter | R5
176.05,Acinetobacter,R5,1.72,Acinetobacter | R5
177.05,Acinetobacter,R5,1.65,Acinetobacter | R5
178.05,Acinetobacter,R5,1.58,Acinetobacter | R5
179.05,Acinetobacter,R5,1.54,Acinetobacter | R5
180.05,Acinetobacter,R5,1.48,Acinetobacter | R5
181.05,Acinetobacter,R5,1.42,Acinetobacter | R5
182.05,Acinetobacter,R5,1.35,Acinetobacter | R5
183.05,Acinetobacter,R5,1.3,Acinetobacter | R5
184.05,Acinetobacter,R5,1.23,Acinetobacter | R5
185.05,Acinetobacter,R5,1.16,Acinetobacter | R5
186.05,Acinetobacter,R5,1.1,Acinetobacter | R5
187.05,Acinetobacter,R5,1.03,Acinetobacter | R5
188.05,Acinetobacter,R5,0.98,Acinetobacter | R5
189.05,Acinetobacter,R5,0.92,Acinetobacter | R5
190.05,Acinetobacter,R5,0.85,Acinetobacter | R5
191.05,Acinetobacter,R5,0.77,Acinetobacter | R5
192.05,Acinetobacter,R5,0.71,Acinetobacter | R5
193.05,Acinetobacter,R5,0.64,Acinetobacter | R5
194.05,Acinetobacter,R5,0.58,Acinetobacter | R5
195.05,Acinetobacter,R5,0.5,Acinetobacter | R5
196.05,Acinetobacter,R5,0.44,Acinetobacter | R5
197.05,Acinetobacter,R5,0.38,Acinetobacter | R5
0.03,Aeromonas_A,R1,5.08,Aeromonas_A | R1
1.05,Aeromonas_A,R1,5.04,Aeromonas_A | R1
2.05,Aeromonas_A,R1,5.13,Aeromonas_A | R1
3.05,Aeromonas_A,R1,5.2,Aeromonas_A | R1
4.05,Aeromonas_A,R1,5.3,Aeromonas_A | R1
5.05,Aeromonas_A,R1,5.38,Aeromonas_A | R1
6.05,Aeromonas_A,R1,5.45,Aeromonas_A | R1
7.05,Aeromonas_A,R1,5.54,Aeromonas_A | R1
8.05,Aeromonas_A,R1,5.6,Aeromonas_A | R1
9.05,Aeromonas_A,R1,5.66,Aeromonas_A | R1
10.05,Aeromonas_A,R1,5.72,Aeromonas_A | R1
11.05,Aeromonas_A,R1,5.77,Aeromonas_A | R1
12.05,Aeromonas_A,R1,5.81,Aeromonas_A | R1
13.05,Aeromonas_A,R1,5.85,Aeromonas_A | R1
14.05,Aeromonas_A,R1,5.88,Aeromonas_A | R1
15.05,Aeromonas_A,R1,5.93,Aeromonas_A | R1
16.05,Aeromonas_A,R1,5.96,Aeromonas_A | R1
17.05,Aeromonas_A,R1,5.97,Aeromonas_A | R1
18.05,Aeromonas_A,R1,6,Aeromonas_A | R1
19.05,Aeromonas_A,R1,6.03,Aeromonas_A | R1
20.05,Aeromonas_A,R1,6.04,Aeromonas_A | R1
21.05,Aeromonas_A,R1,6.07,Aeromonas_A | R1
22.05,Aeromonas_A,R1,6.09,Aeromonas_A | R1
23.05,Aeromonas_A,R1,6.12,Aeromonas_A | R1
24.05,Aeromonas_A,R1,6.13,Aeromonas_A | R1
25.05,Aeromonas_A,R1,6.14,Aeromonas_A | R1
26.05,Aeromonas_A,R1,6.16,Aeromonas_A | R1
27.05,Aeromonas_A,R1,6.18,Aeromonas_A | R1
28.05,Aeromonas_A,R1,6.19,Aeromonas_A | R1
29.05,Aeromonas_A,R1,6.21,Aeromonas_A | R1
30.05,Aeromonas_A,R1,6.21,Aeromonas_A | R1
31.05,Aeromonas_A,R1,6.21,Aeromonas_A | R1
32.05,Aeromonas_A,R1,6.24,Aeromonas_A | R1
33.05,Aeromonas_A,R1,6.25,Aeromonas_A | R1
34.05,Aeromonas_A,R1,6.24,Aeromonas_A | R1
35.05,Aeromonas_A,R1,6.26,Aeromonas_A | R1
36.05,Aeromonas_A,R1,6.26,Aeromonas_A | R1
37.05,Aeromonas_A,R1,6.27,Aeromonas_A | R1
38.05,Aeromonas_A,R1,6.28,Aeromonas_A | R1
39.05,Aeromonas_A,R1,6.28,Aeromonas_A | R1
40.05,Aeromonas_A,R1,6.28,Aeromonas_A | R1
41.05,Aeromonas_A,R1,6.28,Aeromonas_A | R1
42.07,Aeromonas_A,R1,6.28,Aeromonas_A | R1
43.07,Aeromonas_A,R1,6.28,Aeromonas_A | R1
44.07,Aeromonas_A,R1,6.29,Aeromonas_A | R1
45.07,Aeromonas_A,R1,6.28,Aeromonas_A | R1
46.07,Aeromonas_A,R1,6.3,Aeromonas_A | R1
47.07,Aeromonas_A,R1,6.29,Aeromonas_A | R1
48.07,Aeromonas_A,R1,6.29,Aeromonas_A | R1
49.07,Aeromonas_A,R1,6.29,Aeromonas_A | R1
50.07,Aeromonas_A,R1,6.26,Aeromonas_A | R1
51.07,Aeromonas_A,R1,6.26,Aeromonas_A | R1
52.07,Aeromonas_A,R1,6.25,Aeromonas_A | R1
53.07,Aeromonas_A,R1,6.25,Aeromonas_A | R1
54.07,Aeromonas_A,R1,6.24,Aeromonas_A | R1
55.07,Aeromonas_A,R1,6.23,Aeromonas_A | R1
56.07,Aeromonas_A,R1,6.21,Aeromonas_A | R1
57.07,Aeromonas_A,R1,6.22,Aeromonas_A | R1
58.07,Aeromonas_A,R1,6.21,Aeromonas_A | R1
59.07,Aeromonas_A,R1,6.2,Aeromonas_A | R1
60.07,Aeromonas_A,R1,6.18,Aeromonas_A | R1
61.07,Aeromonas_A,R1,6.16,Aeromonas_A | R1
62.07,Aeromonas_A,R1,6.18,Aeromonas_A | R1
63.07,Aeromonas_A,R1,6.15,Aeromonas_A | R1
64.07,Aeromonas_A,R1,6.15,Aeromonas_A | R1
65.07,Aeromonas_A,R1,6.14,Aeromonas_A | R1
66.07,Aeromonas_A,R1,6.13,Aeromonas_A | R1
67.07,Aeromonas_A,R1,6.13,Aeromonas_A | R1
68.07,Aeromonas_A,R1,6.11,Aeromonas_A | R1
69.07,Aeromonas_A,R1,6.1,Aeromonas_A | R1
70.07,Aeromonas_A,R1,6.09,Aeromonas_A | R1
71.07,Aeromonas_A,R1,6.05,Aeromonas_A | R1
72.07,Aeromonas_A,R1,6.06,Aeromonas_A | R1
73.07,Aeromonas_A,R1,6.05,Aeromonas_A | R1
74.07,Aeromonas_A,R1,6.03,Aeromonas_A | R1
75.07,Aeromonas_A,R1,6.03,Aeromonas_A | R1
76.07,Aeromonas_A,R1,5.99,Aeromonas_A | R1
77.07,Aeromonas_A,R1,6,Aeromonas_A | R1
78.07,Aeromonas_A,R1,5.99,Aeromonas_A | R1
79.07,Aeromonas_A,R1,5.97,Aeromonas_A | R1
80.07,Aeromonas_A,R1,5.95,Aeromonas_A | R1
81.07,Aeromonas_A,R1,5.93,Aeromonas_A | R1
82.07,Aeromonas_A,R1,5.92,Aeromonas_A | R1
83.07,Aeromonas_A,R1,5.91,Aeromonas_A | R1
84.07,Aeromonas_A,R1,5.88,Aeromonas_A | R1
85.07,Aeromonas_A,R1,5.86,Aeromonas_A | R1
86.07,Aeromonas_A,R1,5.86,Aeromonas_A | R1
87.07,Aeromonas_A,R1,5.84,Aeromonas_A | R1
88.07,Aeromonas_A,R1,5.83,Aeromonas_A | R1
89.07,Aeromonas_A,R1,5.81,Aeromonas_A | R1
90.07,Aeromonas_A,R1,5.77,Aeromonas_A | R1
91.07,Aeromonas_A,R1,5.78,Aeromonas_A | R1
92.07,Aeromonas_A,R1,5.75,Aeromonas_A | R1
93.07,Aeromonas_A,R1,5.74,Aeromonas_A | R1
94.07,Aeromonas_A,R1,5.72,Aeromonas_A | R1
95.07,Aeromonas_A,R1,5.69,Aeromonas_A | R1
96.07,Aeromonas_A,R1,5.67,Aeromonas_A | R1
97.07,Aeromonas_A,R1,5.66,Aeromonas_A | R1
98.07,Aeromonas_A,R1,5.65,Aeromonas_A | R1
99.07,Aeromonas_A,R1,5.61,Aeromonas_A | R1
100.07,Aeromonas_A,R1,5.59,Aeromonas_A | R1
101.07,Aeromonas_A,R1,5.56,Aeromonas_A | R1
102.07,Aeromonas_A,R1,5.55,Aeromonas_A | R1
103.07,Aeromonas_A,R1,5.52,Aeromonas_A | R1
104.07,Aeromonas_A,R1,5.5,Aeromonas_A | R1
105.07,Aeromonas_A,R1,5.47,Aeromonas_A | R1
106.07,Aeromonas_A,R1,5.44,Aeromonas_A | R1
107.07,Aeromonas_A,R1,5.42,Aeromonas_A | R1
108.07,Aeromonas_A,R1,5.4,Aeromonas_A | R1
109.07,Aeromonas_A,R1,5.36,Aeromonas_A | R1
110.07,Aeromonas_A,R1,5.33,Aeromonas_A | R1
111.07,Aeromonas_A,R1,5.31,Aeromonas_A | R1
112.07,Aeromonas_A,R1,5.28,Aeromonas_A | R1
113.07,Aeromonas_A,R1,5.26,Aeromonas_A | R1
114.07,Aeromonas_A,R1,5.24,Aeromonas_A | R1
115.07,Aeromonas_A,R1,5.19,Aeromonas_A | R1
116.07,Aeromonas_A,R1,5.17,Aeromonas_A | R1
117.07,Aeromonas_A,R1,5.13,Aeromonas_A | R1
118.07,Aeromonas_A,R1,5.1,Aeromonas_A | R1
119.07,Aeromonas_A,R1,5.07,Aeromonas_A | R1
120.07,Aeromonas_A,R1,5.04,Aeromonas_A | R1
121.07,Aeromonas_A,R1,4.99,Aeromonas_A | R1
122.07,Aeromonas_A,R1,4.98,Aeromonas_A | R1
123.07,Aeromonas_A,R1,4.92,Aeromonas_A | R1
124.08,Aeromonas_A,R1,4.9,Aeromonas_A | R1
125.08,Aeromonas_A,R1,4.85,Aeromonas_A | R1
126.08,Aeromonas_A,R1,4.82,Aeromonas_A | R1
127.08,Aeromonas_A,R1,4.78,Aeromonas_A | R1
128.08,Aeromonas_A,R1,4.73,Aeromonas_A | R1
129.08,Aeromonas_A,R1,4.69,Aeromonas_A | R1
130.08,Aeromonas_A,R1,4.67,Aeromonas_A | R1
131.08,Aeromonas_A,R1,4.61,Aeromonas_A | R1
132.08,Aeromonas_A,R1,4.55,Aeromonas_A | R1
133.08,Aeromonas_A,R1,4.51,Aeromonas_A | R1
134.08,Aeromonas_A,R1,4.47,Aeromonas_A | R1
135.08,Aeromonas_A,R1,4.43,Aeromonas_A | R1
136.08,Aeromonas_A,R1,4.39,Aeromonas_A | R1
137.08,Aeromonas_A,R1,4.34,Aeromonas_A | R1
138.08,Aeromonas_A,R1,4.28,Aeromonas_A | R1
139.08,Aeromonas_A,R1,4.22,Aeromonas_A | R1
140.08,Aeromonas_A,R1,4.18,Aeromonas_A | R1
141.08,Aeromonas_A,R1,4.12,Aeromonas_A | R1
142.08,Aeromonas_A,R1,4.06,Aeromonas_A | R1
143.08,Aeromonas_A,R1,4.02,Aeromonas_A | R1
144.08,Aeromonas_A,R1,3.97,Aeromonas_A | R1
145.08,Aeromonas_A,R1,3.9,Aeromonas_A | R1
146.08,Aeromonas_A,R1,3.84,Aeromonas_A | R1
147.08,Aeromonas_A,R1,3.78,Aeromonas_A | R1
148.08,Aeromonas_A,R1,3.72,Aeromonas_A | R1
149.08,Aeromonas_A,R1,3.66,Aeromonas_A | R1
150.08,Aeromonas_A,R1,3.6,Aeromonas_A | R1
151.08,Aeromonas_A,R1,3.52,Aeromonas_A | R1
152.08,Aeromonas_A,R1,3.45,Aeromonas_A | R1
153.08,Aeromonas_A,R1,3.39,Aeromonas_A | R1
154.08,Aeromonas_A,R1,3.33,Aeromonas_A | R1
155.08,Aeromonas_A,R1,3.24,Aeromonas_A | R1
156.08,Aeromonas_A,R1,3.17,Aeromonas_A | R1
157.08,Aeromonas_A,R1,3.1,Aeromonas_A | R1
158.08,Aeromonas_A,R1,3.02,Aeromonas_A | R1
159.08,Aeromonas_A,R1,2.95,Aeromonas_A | R1
160.08,Aeromonas_A,R1,2.85,Aeromonas_A | R1
161.08,Aeromonas_A,R1,2.78,Aeromonas_A | R1
162.08,Aeromonas_A,R1,2.71,Aeromonas_A | R1
163.08,Aeromonas_A,R1,2.62,Aeromonas_A | R1
164.08,Aeromonas_A,R1,2.53,Aeromonas_A | R1
165.08,Aeromonas_A,R1,2.42,Aeromonas_A | R1
166.08,Aeromonas_A,R1,2.36,Aeromonas_A | R1
167.08,Aeromonas_A,R1,2.25,Aeromonas_A | R1
168.08,Aeromonas_A,R1,2.15,Aeromonas_A | R1
169.08,Aeromonas_A,R1,2.06,Aeromonas_A | R1
170.08,Aeromonas_A,R1,1.96,Aeromonas_A | R1
171.08,Aeromonas_A,R1,1.86,Aeromonas_A | R1
172.08,Aeromonas_A,R1,1.75,Aeromonas_A | R1
173.08,Aeromonas_A,R1,1.65,Aeromonas_A | R1
174.08,Aeromonas_A,R1,1.54,Aeromonas_A | R1
175.08,Aeromonas_A,R1,1.42,Aeromonas_A | R1
176.08,Aeromonas_A,R1,1.32,Aeromonas_A | R1
177.08,Aeromonas_A,R1,1.2,Aeromonas_A | R1
178.08,Aeromonas_A,R1,1.09,Aeromonas_A | R1
179.1,Aeromonas_A,R1,0.97,Aeromonas_A | R1
180.1,Aeromonas_A,R1,0.83,Aeromonas_A | R1
181.1,Aeromonas_A,R1,0.71,Aeromonas_A | R1
182.1,Aeromonas_A,R1,0.58,Aeromonas_A | R1
183.1,Aeromonas_A,R1,0.45,Aeromonas_A | R1
184.1,Aeromonas_A,R1,0.33,Aeromonas_A | R1
185.1,Aeromonas_A,R1,0.18,Aeromonas_A | R1
186.1,Aeromonas_A,R1,0.06,Aeromonas_A | R1
187.1,Aeromonas_A,R1,0,Aeromonas_A | R1
188.1,Aeromonas_A,R1,0,Aeromonas_A | R1
189.1,Aeromonas_A,R1,0,Aeromonas_A | R1
190.1,Aeromonas_A,R1,0,Aeromonas_A | R1
191.1,Aeromonas_A,R1,0,Aeromonas_A | R1
192.1,Aeromonas_A,R1,0,Aeromonas_A | R1
193.1,Aeromonas_A,R1,0,Aeromonas_A | R1
194.1,Aeromonas_A,R1,0,Aeromonas_A | R1
195.1,Aeromonas_A,R1,0,Aeromonas_A | R1
196.1,Aeromonas_A,R1,0,Aeromonas_A | R1
197.1,Aeromonas_A,R1,0,Aeromonas_A | R1
198.1,Aeromonas_A,R1,0,Aeromonas_A | R1
199.1,Aeromonas_A,R1,0,Aeromonas_A | R1
200.1,Aeromonas_A,R1,0,Aeromonas_A | R1
201.1,Aeromonas_A,R1,0,Aeromonas_A | R1
202.1,Aeromonas_A,R1,0,Aeromonas_A | R1
203.1,Aeromonas_A,R1,0,Aeromonas_A | R1
204.1,Aeromonas_A,R1,0,Aeromonas_A | R1
205.1,Aeromonas_A,R1,0,Aeromonas_A | R1
206.1,Aeromonas_A,R1,0,Aeromonas_A | R1
207.1,Aeromonas_A,R1,0,Aeromonas_A | R1
208.1,Aeromonas_A,R1,0,Aeromonas_A | R1
209.1,Aeromonas_A,R1,0,Aeromonas_A | R1
210.1,Aeromonas_A,R1,0,Aeromonas_A | R1
211.1,Aeromonas_A,R1,0,Aeromonas_A | R1
212.1,Aeromonas_A,R1,0,Aeromonas_A | R1
0.03,Aeromonas_A,R2,5.23,Aeromonas_A | R2
1.05,Aeromonas_A,R2,5.05,Aeromonas_A | R2
2.05,Aeromonas_A,R2,5,Aeromonas_A | R2
3.05,Aeromonas_A,R2,5.02,Aeromonas_A | R2
4.05,Aeromonas_A,R2,5.07,Aeromonas_A | R2
5.05,Aeromonas_A,R2,5.13,Aeromonas_A | R2
6.05,Aeromonas_A,R2,5.17,Aeromonas_A | R2
7.05,Aeromonas_A,R2,5.25,Aeromonas_A | R2
8.05,Aeromonas_A,R2,5.29,Aeromonas_A | R2
9.05,Aeromonas_A,R2,5.35,Aeromonas_A | R2
10.05,Aeromonas_A,R2,5.39,Aeromonas_A | R2
11.05,Aeromonas_A,R2,5.45,Aeromonas_A | R2
12.05,Aeromonas_A,R2,5.49,Aeromonas_A | R2
13.05,Aeromonas_A,R2,5.53,Aeromonas_A | R2
14.05,Aeromonas_A,R2,5.58,Aeromonas_A | R2
15.05,Aeromonas_A,R2,5.62,Aeromonas_A | R2
16.05,Aeromonas_A,R2,5.66,Aeromonas_A | R2
17.05,Aeromonas_A,R2,5.69,Aeromonas_A | R2
18.05,Aeromonas_A,R2,5.72,Aeromonas_A | R2
19.05,Aeromonas_A,R2,5.76,Aeromonas_A | R2
20.05,Aeromonas_A,R2,5.77,Aeromonas_A | R2
21.05,Aeromonas_A,R2,5.8,Aeromonas_A | R2
22.05,Aeromonas_A,R2,5.84,Aeromonas_A | R2
23.05,Aeromonas_A,R2,5.86,Aeromonas_A | R2
24.05,Aeromonas_A,R2,5.87,Aeromonas_A | R2
25.05,Aeromonas_A,R2,5.88,Aeromonas_A | R2
26.05,Aeromonas_A,R2,5.91,Aeromonas_A | R2
27.05,Aeromonas_A,R2,5.93,Aeromonas_A | R2
28.05,Aeromonas_A,R2,5.96,Aeromonas_A | R2
29.05,Aeromonas_A,R2,5.98,Aeromonas_A | R2
30.05,Aeromonas_A,R2,6,Aeromonas_A | R2
31.05,Aeromonas_A,R2,6,Aeromonas_A | R2
32.05,Aeromonas_A,R2,6.03,Aeromonas_A | R2
33.05,Aeromonas_A,R2,6.02,Aeromonas_A | R2
34.05,Aeromonas_A,R2,6.04,Aeromonas_A | R2
35.05,Aeromonas_A,R2,6.04,Aeromonas_A | R2
36.05,Aeromonas_A,R2,6.05,Aeromonas_A | R2
37.05,Aeromonas_A,R2,6.08,Aeromonas_A | R2
38.05,Aeromonas_A,R2,6.09,Aeromonas_A | R2
39.05,Aeromonas_A,R2,6.09,Aeromonas_A | R2
40.05,Aeromonas_A,R2,6.1,Aeromonas_A | R2
41.05,Aeromonas_A,R2,6.09,Aeromonas_A | R2
42.07,Aeromonas_A,R2,6.11,Aeromonas_A | R2
43.07,Aeromonas_A,R2,6.1,Aeromonas_A | R2
44.07,Aeromonas_A,R2,6.11,Aeromonas_A | R2
45.07,Aeromonas_A,R2,6.12,Aeromonas_A | R2
46.07,Aeromonas_A,R2,6.12,Aeromonas_A | R2
47.07,Aeromonas_A,R2,6.12,Aeromonas_A | R2
48.07,Aeromonas_A,R2,6.11,Aeromonas_A | R2
49.07,Aeromonas_A,R2,6.12,Aeromonas_A | R2
50.07,Aeromonas_A,R2,6.12,Aeromonas_A | R2
51.07,Aeromonas_A,R2,6.12,Aeromonas_A | R2
52.07,Aeromonas_A,R2,6.12,Aeromonas_A | R2
53.07,Aeromonas_A,R2,6.12,Aeromonas_A | R2
54.07,Aeromonas_A,R2,6.13,Aeromonas_A | R2
55.07,Aeromonas_A,R2,6.13,Aeromonas_A | R2
56.07,Aeromonas_A,R2,6.12,Aeromonas_A | R2
57.07,Aeromonas_A,R2,6.1,Aeromonas_A | R2
58.07,Aeromonas_A,R2,6.1,Aeromonas_A | R2
59.07,Aeromonas_A,R2,6.09,Aeromonas_A | R2
60.07,Aeromonas_A,R2,6.08,Aeromonas_A | R2
61.07,Aeromonas_A,R2,6.08,Aeromonas_A | R2
62.07,Aeromonas_A,R2,6.06,Aeromonas_A | R2
63.07,Aeromonas_A,R2,6.05,Aeromonas_A | R2
64.07,Aeromonas_A,R2,6.06,Aeromonas_A | R2
65.07,Aeromonas_A,R2,6.03,Aeromonas_A | R2
66.07,Aeromonas_A,R2,6.02,Aeromonas_A | R2
67.07,Aeromonas_A,R2,6.03,Aeromonas_A | R2
68.07,Aeromonas_A,R2,6.01,Aeromonas_A | R2
69.07,Aeromonas_A,R2,5.99,Aeromonas_A | R2
70.07,Aeromonas_A,R2,5.99,Aeromonas_A | R2
71.07,Aeromonas_A,R2,5.97,Aeromonas_A | R2
72.07,Aeromonas_A,R2,5.97,Aeromonas_A | R2
73.07,Aeromonas_A,R2,5.96,Aeromonas_A | R2
74.07,Aeromonas_A,R2,5.94,Aeromonas_A | R2
75.07,Aeromonas_A,R2,5.93,Aeromonas_A | R2
76.07,Aeromonas_A,R2,5.91,Aeromonas_A | R2
77.07,Aeromonas_A,R2,5.9,Aeromonas_A | R2
78.07,Aeromonas_A,R2,5.88,Aeromonas_A | R2
79.07,Aeromonas_A,R2,5.88,Aeromonas_A | R2
80.07,Aeromonas_A,R2,5.85,Aeromonas_A | R2
81.07,Aeromonas_A,R2,5.84,Aeromonas_A | R2
82.07,Aeromonas_A,R2,5.83,Aeromonas_A | R2
83.07,Aeromonas_A,R2,5.81,Aeromonas_A | R2
84.07,Aeromonas_A,R2,5.81,Aeromonas_A | R2
85.07,Aeromonas_A,R2,5.78,Aeromonas_A | R2
86.07,Aeromonas_A,R2,5.76,Aeromonas_A | R2
87.07,Aeromonas_A,R2,5.73,Aeromonas_A | R2
88.07,Aeromonas_A,R2,5.72,Aeromonas_A | R2
89.07,Aeromonas_A,R2,5.74,Aeromonas_A | R2
90.07,Aeromonas_A,R2,5.71,Aeromonas_A | R2
91.07,Aeromonas_A,R2,5.71,Aeromonas_A | R2
92.07,Aeromonas_A,R2,5.69,Aeromonas_A | R2
93.07,Aeromonas_A,R2,5.66,Aeromonas_A | R2
94.07,Aeromonas_A,R2,5.64,Aeromonas_A | R2
95.07,Aeromonas_A,R2,5.62,Aeromonas_A | R2
96.07,Aeromonas_A,R2,5.6,Aeromonas_A | R2
97.07,Aeromonas_A,R2,5.58,Aeromonas_A | R2
98.07,Aeromonas_A,R2,5.58,Aeromonas_A | R2
99.07,Aeromonas_A,R2,5.56,Aeromonas_A | R2
100.07,Aeromonas_A,R2,5.53,Aeromonas_A | R2
101.07,Aeromonas_A,R2,5.5,Aeromonas_A | R2
102.07,Aeromonas_A,R2,5.48,Aeromonas_A | R2
103.07,Aeromonas_A,R2,5.47,Aeromonas_A | R2
104.07,Aeromonas_A,R2,5.45,Aeromonas_A | R2
105.07,Aeromonas_A,R2,5.43,Aeromonas_A | R2
106.07,Aeromonas_A,R2,5.4,Aeromonas_A | R2
107.07,Aeromonas_A,R2,5.38,Aeromonas_A | R2
108.07,Aeromonas_A,R2,5.36,Aeromonas_A | R2
109.07,Aeromonas_A,R2,5.33,Aeromonas_A | R2
110.07,Aeromonas_A,R2,5.29,Aeromonas_A | R2
111.07,Aeromonas_A,R2,5.29,Aeromonas_A | R2
112.07,Aeromonas_A,R2,5.25,Aeromonas_A | R2
113.07,Aeromonas_A,R2,5.23,Aeromonas_A | R2
114.07,Aeromonas_A,R2,5.19,Aeromonas_A | R2
115.07,Aeromonas_A,R2,5.17,Aeromonas_A | R2
116.07,Aeromonas_A,R2,5.14,Aeromonas_A | R2
117.07,Aeromonas_A,R2,5.11,Aeromonas_A | R2
118.07,Aeromonas_A,R2,5.09,Aeromonas_A | R2
119.07,Aeromonas_A,R2,5.06,Aeromonas_A | R2
120.07,Aeromonas_A,R2,5.03,Aeromonas_A | R2
121.07,Aeromonas_A,R2,5.01,Aeromonas_A | R2
122.07,Aeromonas_A,R2,4.97,Aeromonas_A | R2
123.07,Aeromonas_A,R2,4.95,Aeromonas_A | R2
124.08,Aeromonas_A,R2,4.92,Aeromonas_A | R2
125.08,Aeromonas_A,R2,4.87,Aeromonas_A | R2
126.08,Aeromonas_A,R2,4.83,Aeromonas_A | R2
127.08,Aeromonas_A,R2,4.81,Aeromonas_A | R2
128.08,Aeromonas_A,R2,4.79,Aeromonas_A | R2
129.08,Aeromonas_A,R2,4.73,Aeromonas_A | R2
130.08,Aeromonas_A,R2,4.7,Aeromonas_A | R2
131.08,Aeromonas_A,R2,4.67,Aeromonas_A | R2
132.08,Aeromonas_A,R2,4.62,Aeromonas_A | R2
133.08,Aeromonas_A,R2,4.59,Aeromonas_A | R2
134.08,Aeromonas_A,R2,4.57,Aeromonas_A | R2
135.08,Aeromonas_A,R2,4.49,Aeromonas_A | R2
136.08,Aeromonas_A,R2,4.47,Aeromonas_A | R2
137.08,Aeromonas_A,R2,4.43,Aeromonas_A | R2
138.08,Aeromonas_A,R2,4.39,Aeromonas_A | R2
139.08,Aeromonas_A,R2,4.34,Aeromonas_A | R2
140.08,Aeromonas_A,R2,4.3,Aeromonas_A | R2
141.08,Aeromonas_A,R2,4.24,Aeromonas_A | R2
142.08,Aeromonas_A,R2,4.2,Aeromonas_A | R2
143.08,Aeromonas_A,R2,4.15,Aeromonas_A | R2
144.08,Aeromonas_A,R2,4.11,Aeromonas_A | R2
145.08,Aeromonas_A,R2,4.07,Aeromonas_A | R2
146.08,Aeromonas_A,R2,4.01,Aeromonas_A | R2
147.08,Aeromonas_A,R2,3.96,Aeromonas_A | R2
148.08,Aeromonas_A,R2,3.89,Aeromonas_A | R2
149.08,Aeromonas_A,R2,3.87,Aeromonas_A | R2
150.08,Aeromonas_A,R2,3.8,Aeromonas_A | R2
151.08,Aeromonas_A,R2,3.74,Aeromonas_A | R2
152.08,Aeromonas_A,R2,3.7,Aeromonas_A | R2
153.08,Aeromonas_A,R2,3.62,Aeromonas_A | R2
154.08,Aeromonas_A,R2,3.58,Aeromonas_A | R2
155.08,Aeromonas_A,R2,3.54,Aeromonas_A | R2
156.08,Aeromonas_A,R2,3.46,Aeromonas_A | R2
157.08,Aeromonas_A,R2,3.39,Aeromonas_A | R2
158.08,Aeromonas_A,R2,3.33,Aeromonas_A | R2
159.08,Aeromonas_A,R2,3.27,Aeromonas_A | R2
160.08,Aeromonas_A,R2,3.2,Aeromonas_A | R2
161.08,Aeromonas_A,R2,3.13,Aeromonas_A | R2
162.08,Aeromonas_A,R2,3.05,Aeromonas_A | R2
163.08,Aeromonas_A,R2,2.99,Aeromonas_A | R2
164.08,Aeromonas_A,R2,2.92,Aeromonas_A | R2
165.08,Aeromonas_A,R2,2.85,Aeromonas_A | R2
166.08,Aeromonas_A,R2,2.77,Aeromonas_A | R2
167.08,Aeromonas_A,R2,2.7,Aeromonas_A | R2
168.08,Aeromonas_A,R2,2.62,Aeromonas_A | R2
169.08,Aeromonas_A,R2,2.54,Aeromonas_A | R2
170.08,Aeromonas_A,R2,2.44,Aeromonas_A | R2
171.08,Aeromonas_A,R2,2.38,Aeromonas_A | R2
172.08,Aeromonas_A,R2,2.29,Aeromonas_A | R2
173.08,Aeromonas_A,R2,2.23,Aeromonas_A | R2
174.08,Aeromonas_A,R2,2.12,Aeromonas_A | R2
175.08,Aeromonas_A,R2,2.04,Aeromonas_A | R2
176.08,Aeromonas_A,R2,1.93,Aeromonas_A | R2
177.08,Aeromonas_A,R2,1.85,Aeromonas_A | R2
178.08,Aeromonas_A,R2,1.75,Aeromonas_A | R2
179.1,Aeromonas_A,R2,1.65,Aeromonas_A | R2
180.1,Aeromonas_A,R2,1.57,Aeromonas_A | R2
181.1,Aeromonas_A,R2,1.46,Aeromonas_A | R2
182.1,Aeromonas_A,R2,1.35,Aeromonas_A | R2
183.1,Aeromonas_A,R2,1.24,Aeromonas_A | R2
184.1,Aeromonas_A,R2,1.15,Aeromonas_A | R2
185.1,Aeromonas_A,R2,1.04,Aeromonas_A | R2
186.1,Aeromonas_A,R2,0.92,Aeromonas_A | R2
187.1,Aeromonas_A,R2,0.81,Aeromonas_A | R2
188.1,Aeromonas_A,R2,0.7,Aeromonas_A | R2
189.1,Aeromonas_A,R2,0.58,Aeromonas_A | R2
190.1,Aeromonas_A,R2,0.46,Aeromonas_A | R2
191.1,Aeromonas_A,R2,0.35,Aeromonas_A | R2
192.1,Aeromonas_A,R2,0.21,Aeromonas_A | R2
193.1,Aeromonas_A,R2,0.08,Aeromonas_A | R2
194.1,Aeromonas_A,R2,0,Aeromonas_A | R2
195.1,Aeromonas_A,R2,0,Aeromonas_A | R2
196.1,Aeromonas_A,R2,0,Aeromonas_A | R2
197.1,Aeromonas_A,R2,0,Aeromonas_A | R2
198.1,Aeromonas_A,R2,0,Aeromonas_A | R2
199.1,Aeromonas_A,R2,0,Aeromonas_A | R2
200.1,Aeromonas_A,R2,0,Aeromonas_A | R2
201.1,Aeromonas_A,R2,0,Aeromonas_A | R2
202.1,Aeromonas_A,R2,0,Aeromonas_A | R2
203.1,Aeromonas_A,R2,0,Aeromonas_A | R2
204.1,Aeromonas_A,R2,0,Aeromonas_A | R2
205.1,Aeromonas_A,R2,0,Aeromonas_A | R2
206.1,Aeromonas_A,R2,0,Aeromonas_A | R2
207.1,Aeromonas_A,R2,0,Aeromonas_A | R2
208.1,Aeromonas_A,R2,0,Aeromonas_A | R2
209.1,Aeromonas_A,R2,0,Aeromonas_A | R2
210.1,Aeromonas_A,R2,0,Aeromonas_A | R2
211.1,Aeromonas_A,R2,0,Aeromonas_A | R2
212.1,Aeromonas_A,R2,0,Aeromonas_A | R2
0.03,Aeromonas_A,R3,4.92,Aeromonas_A | R3
1.05,Aeromonas_A,R3,4.83,Aeromonas_A | R3
2.05,Aeromonas_A,R3,4.88,Aeromonas_A | R3
3.05,Aeromonas_A,R3,4.92,Aeromonas_A | R3
4.05,Aeromonas_A,R3,5,Aeromonas_A | R3
5.05,Aeromonas_A,R3,5.07,Aeromonas_A | R3
6.05,Aeromonas_A,R3,5.1,Aeromonas_A | R3
7.05,Aeromonas_A,R3,5.18,Aeromonas_A | R3
8.05,Aeromonas_A,R3,5.24,Aeromonas_A | R3
9.05,Aeromonas_A,R3,5.29,Aeromonas_A | R3
10.05,Aeromonas_A,R3,5.34,Aeromonas_A | R3
11.05,Aeromonas_A,R3,5.38,Aeromonas_A | R3
12.05,Aeromonas_A,R3,5.42,Aeromonas_A | R3
13.05,Aeromonas_A,R3,5.46,Aeromonas_A | R3
14.05,Aeromonas_A,R3,5.5,Aeromonas_A | R3
15.05,Aeromonas_A,R3,5.55,Aeromonas_A | R3
16.05,Aeromonas_A,R3,5.58,Aeromonas_A | R3
17.05,Aeromonas_A,R3,5.61,Aeromonas_A | R3
18.05,Aeromonas_A,R3,5.65,Aeromonas_A | R3
19.05,Aeromonas_A,R3,5.68,Aeromonas_A | R3
20.05,Aeromonas_A,R3,5.7,Aeromonas_A | R3
21.05,Aeromonas_A,R3,5.73,Aeromonas_A | R3
22.05,Aeromonas_A,R3,5.75,Aeromonas_A | R3
23.05,Aeromonas_A,R3,5.78,Aeromonas_A | R3
24.05,Aeromonas_A,R3,5.8,Aeromonas_A | R3
25.05,Aeromonas_A,R3,5.81,Aeromonas_A | R3
26.05,Aeromonas_A,R3,5.84,Aeromonas_A | R3
27.05,Aeromonas_A,R3,5.84,Aeromonas_A | R3
28.05,Aeromonas_A,R3,5.87,Aeromonas_A | R3
29.05,Aeromonas_A,R3,5.88,Aeromonas_A | R3
30.05,Aeromonas_A,R3,5.9,Aeromonas_A | R3
31.05,Aeromonas_A,R3,5.9,Aeromonas_A | R3
32.05,Aeromonas_A,R3,5.94,Aeromonas_A | R3
33.05,Aeromonas_A,R3,5.95,Aeromonas_A | R3
34.05,Aeromonas_A,R3,5.96,Aeromonas_A | R3
35.05,Aeromonas_A,R3,5.97,Aeromonas_A | R3
36.05,Aeromonas_A,R3,5.98,Aeromonas_A | R3
37.05,Aeromonas_A,R3,5.99,Aeromonas_A | R3
38.05,Aeromonas_A,R3,6.01,Aeromonas_A | R3
39.05,Aeromonas_A,R3,6.02,Aeromonas_A | R3
40.05,Aeromonas_A,R3,6.02,Aeromonas_A | R3
41.05,Aeromonas_A,R3,6.03,Aeromonas_A | R3
42.07,Aeromonas_A,R3,6.03,Aeromonas_A | R3
43.07,Aeromonas_A,R3,6.03,Aeromonas_A | R3
44.07,Aeromonas_A,R3,6.04,Aeromonas_A | R3
45.07,Aeromonas_A,R3,6.03,Aeromonas_A | R3
46.07,Aeromonas_A,R3,6.05,Aeromonas_A | R3
47.07,Aeromonas_A,R3,6.04,Aeromonas_A | R3
48.07,Aeromonas_A,R3,6.04,Aeromonas_A | R3
49.07,Aeromonas_A,R3,6.04,Aeromonas_A | R3
50.07,Aeromonas_A,R3,6.05,Aeromonas_A | R3
51.07,Aeromonas_A,R3,6.04,Aeromonas_A | R3
52.07,Aeromonas_A,R3,6.06,Aeromonas_A | R3
53.07,Aeromonas_A,R3,6.05,Aeromonas_A | R3
54.07,Aeromonas_A,R3,6.05,Aeromonas_A | R3
55.07,Aeromonas_A,R3,6.06,Aeromonas_A | R3
56.07,Aeromonas_A,R3,6.04,Aeromonas_A | R3
57.07,Aeromonas_A,R3,6.03,Aeromonas_A | R3
58.07,Aeromonas_A,R3,6.03,Aeromonas_A | R3
59.07,Aeromonas_A,R3,6.03,Aeromonas_A | R3
60.07,Aeromonas_A,R3,6.01,Aeromonas_A | R3
61.07,Aeromonas_A,R3,6,Aeromonas_A | R3
62.07,Aeromonas_A,R3,6,Aeromonas_A | R3
63.07,Aeromonas_A,R3,6,Aeromonas_A | R3
64.07,Aeromonas_A,R3,6,Aeromonas_A | R3
65.07,Aeromonas_A,R3,5.98,Aeromonas_A | R3
66.07,Aeromonas_A,R3,5.99,Aeromonas_A | R3
67.07,Aeromonas_A,R3,5.97,Aeromonas_A | R3
68.07,Aeromonas_A,R3,5.97,Aeromonas_A | R3
69.07,Aeromonas_A,R3,5.96,Aeromonas_A | R3
70.07,Aeromonas_A,R3,5.96,Aeromonas_A | R3
71.07,Aeromonas_A,R3,5.97,Aeromonas_A | R3
72.07,Aeromonas_A,R3,5.95,Aeromonas_A | R3
73.07,Aeromonas_A,R3,5.96,Aeromonas_A | R3
74.07,Aeromonas_A,R3,5.92,Aeromonas_A | R3
75.07,Aeromonas_A,R3,5.92,Aeromonas_A | R3
76.07,Aeromonas_A,R3,5.9,Aeromonas_A | R3
77.07,Aeromonas_A,R3,5.91,Aeromonas_A | R3
78.07,Aeromonas_A,R3,5.89,Aeromonas_A | R3
79.07,Aeromonas_A,R3,5.88,Aeromonas_A | R3
80.07,Aeromonas_A,R3,5.88,Aeromonas_A | R3
81.07,Aeromonas_A,R3,5.87,Aeromonas_A | R3
82.07,Aeromonas_A,R3,5.87,Aeromonas_A | R3
83.07,Aeromonas_A,R3,5.85,Aeromonas_A | R3
84.07,Aeromonas_A,R3,5.84,Aeromonas_A | R3
85.07,Aeromonas_A,R3,5.83,Aeromonas_A | R3
86.07,Aeromonas_A,R3,5.82,Aeromonas_A | R3
87.07,Aeromonas_A,R3,5.79,Aeromonas_A | R3
88.07,Aeromonas_A,R3,5.81,Aeromonas_A | R3
89.07,Aeromonas_A,R3,5.79,Aeromonas_A | R3
90.07,Aeromonas_A,R3,5.77,Aeromonas_A | R3
91.07,Aeromonas_A,R3,5.75,Aeromonas_A | R3
92.07,Aeromonas_A,R3,5.74,Aeromonas_A | R3
93.07,Aeromonas_A,R3,5.75,Aeromonas_A | R3
94.07,Aeromonas_A,R3,5.74,Aeromonas_A | R3
95.07,Aeromonas_A,R3,5.69,Aeromonas_A | R3
96.07,Aeromonas_A,R3,5.7,Aeromonas_A | R3
97.07,Aeromonas_A,R3,5.67,Aeromonas_A | R3
98.07,Aeromonas_A,R3,5.67,Aeromonas_A | R3
99.07,Aeromonas_A,R3,5.65,Aeromonas_A | R3
100.07,Aeromonas_A,R3,5.65,Aeromonas_A | R3
101.07,Aeromonas_A,R3,5.61,Aeromonas_A | R3
102.07,Aeromonas_A,R3,5.61,Aeromonas_A | R3
103.07,Aeromonas_A,R3,5.57,Aeromonas_A | R3
104.07,Aeromonas_A,R3,5.57,Aeromonas_A | R3
105.07,Aeromonas_A,R3,5.55,Aeromonas_A | R3
106.07,Aeromonas_A,R3,5.54,Aeromonas_A | R3
107.07,Aeromonas_A,R3,5.53,Aeromonas_A | R3
108.07,Aeromonas_A,R3,5.5,Aeromonas_A | R3
109.07,Aeromonas_A,R3,5.47,Aeromonas_A | R3
110.07,Aeromonas_A,R3,5.45,Aeromonas_A | R3
111.07,Aeromonas_A,R3,5.44,Aeromonas_A | R3
112.07,Aeromonas_A,R3,5.43,Aeromonas_A | R3
113.07,Aeromonas_A,R3,5.39,Aeromonas_A | R3
114.07,Aeromonas_A,R3,5.4,Aeromonas_A | R3
115.07,Aeromonas_A,R3,5.38,Aeromonas_A | R3
116.07,Aeromonas_A,R3,5.33,Aeromonas_A | R3
117.07,Aeromonas_A,R3,5.3,Aeromonas_A | R3
118.07,Aeromonas_A,R3,5.3,Aeromonas_A | R3
119.07,Aeromonas_A,R3,5.27,Aeromonas_A | R3
120.07,Aeromonas_A,R3,5.25,Aeromonas_A | R3
121.07,Aeromonas_A,R3,5.23,Aeromonas_A | R3
122.07,Aeromonas_A,R3,5.19,Aeromonas_A | R3
123.07,Aeromonas_A,R3,5.17,Aeromonas_A | R3
124.08,Aeromonas_A,R3,5.13,Aeromonas_A | R3
125.08,Aeromonas_A,R3,5.12,Aeromonas_A | R3
126.08,Aeromonas_A,R3,5.07,Aeromonas_A | R3
127.08,Aeromonas_A,R3,5.06,Aeromonas_A | R3
128.08,Aeromonas_A,R3,5.02,Aeromonas_A | R3
129.08,Aeromonas_A,R3,5,Aeromonas_A | R3
130.08,Aeromonas_A,R3,4.97,Aeromonas_A | R3
131.08,Aeromonas_A,R3,4.92,Aeromonas_A | R3
132.08,Aeromonas_A,R3,4.9,Aeromonas_A | R3
133.08,Aeromonas_A,R3,4.86,Aeromonas_A | R3
134.08,Aeromonas_A,R3,4.83,Aeromonas_A | R3
135.08,Aeromonas_A,R3,4.79,Aeromonas_A | R3
136.08,Aeromonas_A,R3,4.75,Aeromonas_A | R3
137.08,Aeromonas_A,R3,4.73,Aeromonas_A | R3
138.08,Aeromonas_A,R3,4.69,Aeromonas_A | R3
139.08,Aeromonas_A,R3,4.65,Aeromonas_A | R3
140.08,Aeromonas_A,R3,4.61,Aeromonas_A | R3
141.08,Aeromonas_A,R3,4.56,Aeromonas_A | R3
142.08,Aeromonas_A,R3,4.52,Aeromonas_A | R3
143.08,Aeromonas_A,R3,4.46,Aeromonas_A | R3
144.08,Aeromonas_A,R3,4.42,Aeromonas_A | R3
145.08,Aeromonas_A,R3,4.38,Aeromonas_A | R3
146.08,Aeromonas_A,R3,4.35,Aeromonas_A | R3
147.08,Aeromonas_A,R3,4.3,Aeromonas_A | R3
148.08,Aeromonas_A,R3,4.22,Aeromonas_A | R3
149.08,Aeromonas_A,R3,4.19,Aeromonas_A | R3
150.08,Aeromonas_A,R3,4.15,Aeromonas_A | R3
151.08,Aeromonas_A,R3,4.09,Aeromonas_A | R3
152.08,Aeromonas_A,R3,4.03,Aeromonas_A | R3
153.08,Aeromonas_A,R3,3.97,Aeromonas_A | R3
154.08,Aeromonas_A,R3,3.93,Aeromonas_A | R3
155.08,Aeromonas_A,R3,3.86,Aeromonas_A | R3
156.08,Aeromonas_A,R3,3.8,Aeromonas_A | R3
157.08,Aeromonas_A,R3,3.75,Aeromonas_A | R3
158.08,Aeromonas_A,R3,3.67,Aeromonas_A | R3
159.08,Aeromonas_A,R3,3.61,Aeromonas_A | R3
160.08,Aeromonas_A,R3,3.55,Aeromonas_A | R3
161.08,Aeromonas_A,R3,3.48,Aeromonas_A | R3
162.08,Aeromonas_A,R3,3.4,Aeromonas_A | R3
163.08,Aeromonas_A,R3,3.36,Aeromonas_A | R3
164.08,Aeromonas_A,R3,3.25,Aeromonas_A | R3
165.08,Aeromonas_A,R3,3.21,Aeromonas_A | R3
166.08,Aeromonas_A,R3,3.11,Aeromonas_A | R3
167.08,Aeromonas_A,R3,3.05,Aeromonas_A | R3
168.08,Aeromonas_A,R3,2.97,Aeromonas_A | R3
169.08,Aeromonas_A,R3,2.88,Aeromonas_A | R3
170.08,Aeromonas_A,R3,2.8,Aeromonas_A | R3
171.08,Aeromonas_A,R3,2.72,Aeromonas_A | R3
172.08,Aeromonas_A,R3,2.63,Aeromonas_A | R3
173.08,Aeromonas_A,R3,2.53,Aeromonas_A | R3
174.08,Aeromonas_A,R3,2.44,Aeromonas_A | R3
175.08,Aeromonas_A,R3,2.34,Aeromonas_A | R3
176.08,Aeromonas_A,R3,2.25,Aeromonas_A | R3
177.08,Aeromonas_A,R3,2.15,Aeromonas_A | R3
178.08,Aeromonas_A,R3,2.03,Aeromonas_A | R3
179.1,Aeromonas_A,R3,1.92,Aeromonas_A | R3
180.1,Aeromonas_A,R3,1.84,Aeromonas_A | R3
181.1,Aeromonas_A,R3,1.72,Aeromonas_A | R3
182.1,Aeromonas_A,R3,1.61,Aeromonas_A | R3
183.1,Aeromonas_A,R3,1.48,Aeromonas_A | R3
184.1,Aeromonas_A,R3,1.36,Aeromonas_A | R3
185.1,Aeromonas_A,R3,1.25,Aeromonas_A | R3
186.1,Aeromonas_A,R3,1.13,Aeromonas_A | R3
187.1,Aeromonas_A,R3,1,Aeromonas_A | R3
188.1,Aeromonas_A,R3,0.86,Aeromonas_A | R3
189.1,Aeromonas_A,R3,0.75,Aeromonas_A | R3
190.1,Aeromonas_A,R3,0.59,Aeromonas_A | R3
191.1,Aeromonas_A,R3,0.44,Aeromonas_A | R3
192.1,Aeromonas_A,R3,0.31,Aeromonas_A | R3
193.1,Aeromonas_A,R3,0.16,Aeromonas_A | R3
194.1,Aeromonas_A,R3,0.04,Aeromonas_A | R3
195.1,Aeromonas_A,R3,0,Aeromonas_A | R3
196.1,Aeromonas_A,R3,0,Aeromonas_A | R3
197.1,Aeromonas_A,R3,0,Aeromonas_A | R3
198.1,Aeromonas_A,R3,0,Aeromonas_A | R3
199.1,Aeromonas_A,R3,0,Aeromonas_A | R3
200.1,Aeromonas_A,R3,0,Aeromonas_A | R3
201.1,Aeromonas_A,R3,0,Aeromonas_A | R3
202.1,Aeromonas_A,R3,0,Aeromonas_A | R3
203.1,Aeromonas_A,R3,0,Aeromonas_A | R3
204.1,Aeromonas_A,R3,0,Aeromonas_A | R3
205.1,Aeromonas_A,R3,0,Aeromonas_A | R3
206.1,Aeromonas_A,R3,0,Aeromonas_A | R3
207.1,Aeromonas_A,R3,0,Aeromonas_A | R3
208.1,Aeromonas_A,R3,0,Aeromonas_A | R3
209.1,Aeromonas_A,R3,0,Aeromonas_A | R3
210.1,Aeromonas_A,R3,0,Aeromonas_A | R3
211.1,Aeromonas_A,R3,0,Aeromonas_A | R3
212.1,Aeromonas_A,R3,0,Aeromonas_A | R3
0.03,Aeromonas_A,R4,4.87,Aeromonas_A | R4
1.05,Aeromonas_A,R4,4.86,Aeromonas_A | R4
2.05,Aeromonas_A,R4,4.91,Aeromonas_A | R4
3.05,Aeromonas_A,R4,4.95,Aeromonas_A | R4
4.05,Aeromonas_A,R4,5.03,Aeromonas_A | R4
5.05,Aeromonas_A,R4,5.09,Aeromonas_A | R4
6.05,Aeromonas_A,R4,5.13,Aeromonas_A | R4
7.05,Aeromonas_A,R4,5.22,Aeromonas_A | R4
8.05,Aeromonas_A,R4,5.27,Aeromonas_A | R4
9.05,Aeromonas_A,R4,5.32,Aeromonas_A | R4
10.05,Aeromonas_A,R4,5.38,Aeromonas_A | R4
11.05,Aeromonas_A,R4,5.43,Aeromonas_A | R4
12.05,Aeromonas_A,R4,5.47,Aeromonas_A | R4
13.05,Aeromonas_A,R4,5.5,Aeromonas_A | R4
14.05,Aeromonas_A,R4,5.55,Aeromonas_A | R4
15.05,Aeromonas_A,R4,5.6,Aeromonas_A | R4
16.05,Aeromonas_A,R4,5.63,Aeromonas_A | R4
17.05,Aeromonas_A,R4,5.66,Aeromonas_A | R4
18.05,Aeromonas_A,R4,5.71,Aeromonas_A | R4
19.05,Aeromonas_A,R4,5.73,Aeromonas_A | R4
20.05,Aeromonas_A,R4,5.75,Aeromonas_A | R4
21.05,Aeromonas_A,R4,5.78,Aeromonas_A | R4
22.05,Aeromonas_A,R4,5.82,Aeromonas_A | R4
23.05,Aeromonas_A,R4,5.85,Aeromonas_A | R4
24.05,Aeromonas_A,R4,5.86,Aeromonas_A | R4
25.05,Aeromonas_A,R4,5.87,Aeromonas_A | R4
26.05,Aeromonas_A,R4,5.89,Aeromonas_A | R4
27.05,Aeromonas_A,R4,5.9,Aeromonas_A | R4
28.05,Aeromonas_A,R4,5.94,Aeromonas_A | R4
29.05,Aeromonas_A,R4,5.95,Aeromonas_A | R4
30.05,Aeromonas_A,R4,5.97,Aeromonas_A | R4
31.05,Aeromonas_A,R4,5.98,Aeromonas_A | R4
32.05,Aeromonas_A,R4,6.01,Aeromonas_A | R4
33.05,Aeromonas_A,R4,6.01,Aeromonas_A | R4
34.05,Aeromonas_A,R4,6.03,Aeromonas_A | R4
35.05,Aeromonas_A,R4,6.03,Aeromonas_A | R4
36.05,Aeromonas_A,R4,6.04,Aeromonas_A | R4
37.05,Aeromonas_A,R4,6.05,Aeromonas_A | R4
38.05,Aeromonas_A,R4,6.06,Aeromonas_A | R4
39.05,Aeromonas_A,R4,6.08,Aeromonas_A | R4
40.05,Aeromonas_A,R4,6.08,Aeromonas_A | R4
41.05,Aeromonas_A,R4,6.08,Aeromonas_A | R4
42.07,Aeromonas_A,R4,6.1,Aeromonas_A | R4
43.07,Aeromonas_A,R4,6.1,Aeromonas_A | R4
44.07,Aeromonas_A,R4,6.1,Aeromonas_A | R4
45.07,Aeromonas_A,R4,6.11,Aeromonas_A | R4
46.07,Aeromonas_A,R4,6.12,Aeromonas_A | R4
47.07,Aeromonas_A,R4,6.11,Aeromonas_A | R4
48.07,Aeromonas_A,R4,6.12,Aeromonas_A | R4
49.07,Aeromonas_A,R4,6.12,Aeromonas_A | R4
50.07,Aeromonas_A,R4,6.12,Aeromonas_A | R4
51.07,Aeromonas_A,R4,6.11,Aeromonas_A | R4
52.07,Aeromonas_A,R4,6.13,Aeromonas_A | R4
53.07,Aeromonas_A,R4,6.11,Aeromonas_A | R4
54.07,Aeromonas_A,R4,6.11,Aeromonas_A | R4
55.07,Aeromonas_A,R4,6.11,Aeromonas_A | R4
56.07,Aeromonas_A,R4,6.09,Aeromonas_A | R4
57.07,Aeromonas_A,R4,6.1,Aeromonas_A | R4
58.07,Aeromonas_A,R4,6.07,Aeromonas_A | R4
59.07,Aeromonas_A,R4,6.07,Aeromonas_A | R4
60.07,Aeromonas_A,R4,6.06,Aeromonas_A | R4
61.07,Aeromonas_A,R4,6.05,Aeromonas_A | R4
62.07,Aeromonas_A,R4,6.07,Aeromonas_A | R4
63.07,Aeromonas_A,R4,6.06,Aeromonas_A | R4
64.07,Aeromonas_A,R4,6.04,Aeromonas_A | R4
65.07,Aeromonas_A,R4,6.03,Aeromonas_A | R4
66.07,Aeromonas_A,R4,6.01,Aeromonas_A | R4
67.07,Aeromonas_A,R4,6.01,Aeromonas_A | R4
68.07,Aeromonas_A,R4,5.99,Aeromonas_A | R4
69.07,Aeromonas_A,R4,5.98,Aeromonas_A | R4
70.07,Aeromonas_A,R4,5.97,Aeromonas_A | R4
71.07,Aeromonas_A,R4,5.98,Aeromonas_A | R4
72.07,Aeromonas_A,R4,5.95,Aeromonas_A | R4
73.07,Aeromonas_A,R4,5.95,Aeromonas_A | R4
74.07,Aeromonas_A,R4,5.93,Aeromonas_A | R4
75.07,Aeromonas_A,R4,5.92,Aeromonas_A | R4
76.07,Aeromonas_A,R4,5.9,Aeromonas_A | R4
77.07,Aeromonas_A,R4,5.89,Aeromonas_A | R4
78.07,Aeromonas_A,R4,5.89,Aeromonas_A | R4
79.07,Aeromonas_A,R4,5.87,Aeromonas_A | R4
80.07,Aeromonas_A,R4,5.86,Aeromonas_A | R4
81.07,Aeromonas_A,R4,5.84,Aeromonas_A | R4
82.07,Aeromonas_A,R4,5.84,Aeromonas_A | R4
83.07,Aeromonas_A,R4,5.81,Aeromonas_A | R4
84.07,Aeromonas_A,R4,5.8,Aeromonas_A | R4
85.07,Aeromonas_A,R4,5.79,Aeromonas_A | R4
86.07,Aeromonas_A,R4,5.77,Aeromonas_A | R4
87.07,Aeromonas_A,R4,5.76,Aeromonas_A | R4
88.07,Aeromonas_A,R4,5.76,Aeromonas_A | R4
89.07,Aeromonas_A,R4,5.74,Aeromonas_A | R4
90.07,Aeromonas_A,R4,5.71,Aeromonas_A | R4
91.07,Aeromonas_A,R4,5.68,Aeromonas_A | R4
92.07,Aeromonas_A,R4,5.68,Aeromonas_A | R4
93.07,Aeromonas_A,R4,5.67,Aeromonas_A | R4
94.07,Aeromonas_A,R4,5.65,Aeromonas_A | R4
95.07,Aeromonas_A,R4,5.62,Aeromonas_A | R4
96.07,Aeromonas_A,R4,5.61,Aeromonas_A | R4
97.07,Aeromonas_A,R4,5.59,Aeromonas_A | R4
98.07,Aeromonas_A,R4,5.58,Aeromonas_A | R4
99.07,Aeromonas_A,R4,5.54,Aeromonas_A | R4
100.07,Aeromonas_A,R4,5.53,Aeromonas_A | R4
101.07,Aeromonas_A,R4,5.51,Aeromonas_A | R4
102.07,Aeromonas_A,R4,5.49,Aeromonas_A | R4
103.07,Aeromonas_A,R4,5.48,Aeromonas_A | R4
104.07,Aeromonas_A,R4,5.45,Aeromonas_A | R4
105.07,Aeromonas_A,R4,5.42,Aeromonas_A | R4
106.07,Aeromonas_A,R4,5.4,Aeromonas_A | R4
107.07,Aeromonas_A,R4,5.38,Aeromonas_A | R4
108.07,Aeromonas_A,R4,5.34,Aeromonas_A | R4
109.07,Aeromonas_A,R4,5.33,Aeromonas_A | R4
110.07,Aeromonas_A,R4,5.31,Aeromonas_A | R4
111.07,Aeromonas_A,R4,5.28,Aeromonas_A | R4
112.07,Aeromonas_A,R4,5.26,Aeromonas_A | R4
113.07,Aeromonas_A,R4,5.22,Aeromonas_A | R4
114.07,Aeromonas_A,R4,5.21,Aeromonas_A | R4
115.07,Aeromonas_A,R4,5.17,Aeromonas_A | R4
116.07,Aeromonas_A,R4,5.14,Aeromonas_A | R4
117.07,Aeromonas_A,R4,5.12,Aeromonas_A | R4
118.07,Aeromonas_A,R4,5.1,Aeromonas_A | R4
119.07,Aeromonas_A,R4,5.06,Aeromonas_A | R4
120.07,Aeromonas_A,R4,5.03,Aeromonas_A | R4
121.07,Aeromonas_A,R4,4.98,Aeromonas_A | R4
122.07,Aeromonas_A,R4,4.96,Aeromonas_A | R4
123.07,Aeromonas_A,R4,4.94,Aeromonas_A | R4
124.08,Aeromonas_A,R4,4.9,Aeromonas_A | R4
125.08,Aeromonas_A,R4,4.86,Aeromonas_A | R4
126.08,Aeromonas_A,R4,4.83,Aeromonas_A | R4
127.08,Aeromonas_A,R4,4.79,Aeromonas_A | R4
128.08,Aeromonas_A,R4,4.76,Aeromonas_A | R4
129.08,Aeromonas_A,R4,4.71,Aeromonas_A | R4
130.08,Aeromonas_A,R4,4.66,Aeromonas_A | R4
131.08,Aeromonas_A,R4,4.62,Aeromonas_A | R4
132.08,Aeromonas_A,R4,4.6,Aeromonas_A | R4
133.08,Aeromonas_A,R4,4.55,Aeromonas_A | R4
134.08,Aeromonas_A,R4,4.52,Aeromonas_A | R4
135.08,Aeromonas_A,R4,4.46,Aeromonas_A | R4
136.08,Aeromonas_A,R4,4.42,Aeromonas_A | R4
137.08,Aeromonas_A,R4,4.38,Aeromonas_A | R4
138.08,Aeromonas_A,R4,4.35,Aeromonas_A | R4
139.08,Aeromonas_A,R4,4.29,Aeromonas_A | R4
140.08,Aeromonas_A,R4,4.25,Aeromonas_A | R4
141.08,Aeromonas_A,R4,4.19,Aeromonas_A | R4
142.08,Aeromonas_A,R4,4.13,Aeromonas_A | R4
143.08,Aeromonas_A,R4,4.09,Aeromonas_A | R4
144.08,Aeromonas_A,R4,4.05,Aeromonas_A | R4
145.08,Aeromonas_A,R4,4,Aeromonas_A | R4
146.08,Aeromonas_A,R4,3.93,Aeromonas_A | R4
147.08,Aeromonas_A,R4,3.88,Aeromonas_A | R4
148.08,Aeromonas_A,R4,3.84,Aeromonas_A | R4
149.08,Aeromonas_A,R4,3.77,Aeromonas_A | R4
150.08,Aeromonas_A,R4,3.7,Aeromonas_A | R4
151.08,Aeromonas_A,R4,3.66,Aeromonas_A | R4
152.08,Aeromonas_A,R4,3.61,Aeromonas_A | R4
153.08,Aeromonas_A,R4,3.52,Aeromonas_A | R4
154.08,Aeromonas_A,R4,3.47,Aeromonas_A | R4
155.08,Aeromonas_A,R4,3.41,Aeromonas_A | R4
156.08,Aeromonas_A,R4,3.32,Aeromonas_A | R4
157.08,Aeromonas_A,R4,3.26,Aeromonas_A | R4
158.08,Aeromonas_A,R4,3.19,Aeromonas_A | R4
159.08,Aeromonas_A,R4,3.11,Aeromonas_A | R4
160.08,Aeromonas_A,R4,3.05,Aeromonas_A | R4
161.08,Aeromonas_A,R4,2.98,Aeromonas_A | R4
162.08,Aeromonas_A,R4,2.9,Aeromonas_A | R4
163.08,Aeromonas_A,R4,2.82,Aeromonas_A | R4
164.08,Aeromonas_A,R4,2.74,Aeromonas_A | R4
165.08,Aeromonas_A,R4,2.66,Aeromonas_A | R4
166.08,Aeromonas_A,R4,2.57,Aeromonas_A | R4
167.08,Aeromonas_A,R4,2.49,Aeromonas_A | R4
168.08,Aeromonas_A,R4,2.4,Aeromonas_A | R4
169.08,Aeromonas_A,R4,2.31,Aeromonas_A | R4
170.08,Aeromonas_A,R4,2.22,Aeromonas_A | R4
171.08,Aeromonas_A,R4,2.13,Aeromonas_A | R4
172.08,Aeromonas_A,R4,2.04,Aeromonas_A | R4
173.08,Aeromonas_A,R4,1.93,Aeromonas_A | R4
174.08,Aeromonas_A,R4,1.82,Aeromonas_A | R4
175.08,Aeromonas_A,R4,1.73,Aeromonas_A | R4
176.08,Aeromonas_A,R4,1.62,Aeromonas_A | R4
177.08,Aeromonas_A,R4,1.52,Aeromonas_A | R4
178.08,Aeromonas_A,R4,1.42,Aeromonas_A | R4
179.1,Aeromonas_A,R4,1.3,Aeromonas_A | R4
180.1,Aeromonas_A,R4,1.19,Aeromonas_A | R4
181.1,Aeromonas_A,R4,1.07,Aeromonas_A | R4
182.1,Aeromonas_A,R4,0.96,Aeromonas_A | R4
183.1,Aeromonas_A,R4,0.82,Aeromonas_A | R4
184.1,Aeromonas_A,R4,0.72,Aeromonas_A | R4
185.1,Aeromonas_A,R4,0.58,Aeromonas_A | R4
186.1,Aeromonas_A,R4,0.45,Aeromonas_A | R4
187.1,Aeromonas_A,R4,0.31,Aeromonas_A | R4
188.1,Aeromonas_A,R4,0.2,Aeromonas_A | R4
189.1,Aeromonas_A,R4,0.05,Aeromonas_A | R4
190.1,Aeromonas_A,R4,0,Aeromonas_A | R4
191.1,Aeromonas_A,R4,0,Aeromonas_A | R4
192.1,Aeromonas_A,R4,0,Aeromonas_A | R4
193.1,Aeromonas_A,R4,0,Aeromonas_A | R4
194.1,Aeromonas_A,R4,0,Aeromonas_A | R4
195.1,Aeromonas_A,R4,0,Aeromonas_A | R4
196.1,Aeromonas_A,R4,0,Aeromonas_A | R4
197.1,Aeromonas_A,R4,0,Aeromonas_A | R4
198.1,Aeromonas_A,R4,0,Aeromonas_A | R4
199.1,Aeromonas_A,R4,0,Aeromonas_A | R4
200.1,Aeromonas_A,R4,0,Aeromonas_A | R4
201.1,Aeromonas_A,R4,0,Aeromonas_A | R4
202.1,Aeromonas_A,R4,0,Aeromonas_A | R4
203.1,Aeromonas_A,R4,0,Aeromonas_A | R4
204.1,Aeromonas_A,R4,0,Aeromonas_A | R4
205.1,Aeromonas_A,R4,0,Aeromonas_A | R4
206.1,Aeromonas_A,R4,0,Aeromonas_A | R4
207.1,Aeromonas_A,R4,0,Aeromonas_A | R4
208.1,Aeromonas_A,R4,0,Aeromonas_A | R4
209.1,Aeromonas_A,R4,0,Aeromonas_A | R4
210.1,Aeromonas_A,R4,0,Aeromonas_A | R4
211.1,Aeromonas_A,R4,0,Aeromonas_A | R4
212.1,Aeromonas_A,R4,0,Aeromonas_A | R4
0.03,Aeromonas_A,R5,4.99,Aeromonas_A | R5
1.05,Aeromonas_A,R5,4.95,Aeromonas_A | R5
2.05,Aeromonas_A,R5,5.01,Aeromonas_A | R5
3.05,Aeromonas_A,R5,5.05,Aeromonas_A | R5
4.05,Aeromonas_A,R5,5.14,Aeromonas_A | R5
5.05,Aeromonas_A,R5,5.2,Aeromonas_A | R5
6.05,Aeromonas_A,R5,5.27,Aeromonas_A | R5
7.05,Aeromonas_A,R5,5.35,Aeromonas_A | R5
8.05,Aeromonas_A,R5,5.4,Aeromonas_A | R5
9.05,Aeromonas_A,R5,5.48,Aeromonas_A | R5
10.05,Aeromonas_A,R5,5.57,Aeromonas_A | R5
11.05,Aeromonas_A,R5,5.62,Aeromonas_A | R5
12.05,Aeromonas_A,R5,5.65,Aeromonas_A | R5
13.05,Aeromonas_A,R5,5.68,Aeromonas_A | R5
14.05,Aeromonas_A,R5,5.74,Aeromonas_A | R5
15.05,Aeromonas_A,R5,5.78,Aeromonas_A | R5
16.05,Aeromonas_A,R5,5.81,Aeromonas_A | R5
17.05,Aeromonas_A,R5,5.86,Aeromonas_A | R5
18.05,Aeromonas_A,R5,5.88,Aeromonas_A | R5
19.05,Aeromonas_A,R5,5.89,Aeromonas_A | R5
20.05,Aeromonas_A,R5,5.92,Aeromonas_A | R5
21.05,Aeromonas_A,R5,5.97,Aeromonas_A | R5
22.05,Aeromonas_A,R5,5.99,Aeromonas_A | R5
23.05,Aeromonas_A,R5,6.03,Aeromonas_A | R5
24.05,Aeromonas_A,R5,6.03,Aeromonas_A | R5
25.05,Aeromonas_A,R5,6.04,Aeromonas_A | R5
26.05,Aeromonas_A,R5,6.07,Aeromonas_A | R5
27.05,Aeromonas_A,R5,6.1,Aeromonas_A | R5
28.05,Aeromonas_A,R5,6.13,Aeromonas_A | R5
29.05,Aeromonas_A,R5,6.16,Aeromonas_A | R5
30.05,Aeromonas_A,R5,6.18,Aeromonas_A | R5
31.05,Aeromonas_A,R5,6.19,Aeromonas_A | R5
32.05,Aeromonas_A,R5,6.22,Aeromonas_A | R5
33.05,Aeromonas_A,R5,6.23,Aeromonas_A | R5
34.05,Aeromonas_A,R5,6.25,Aeromonas_A | R5
35.05,Aeromonas_A,R5,6.25,Aeromonas_A | R5
36.05,Aeromonas_A,R5,6.27,Aeromonas_A | R5
37.05,Aeromonas_A,R5,6.3,Aeromonas_A | R5
38.05,Aeromonas_A,R5,6.31,Aeromonas_A | R5
39.05,Aeromonas_A,R5,6.33,Aeromonas_A | R5
40.05,Aeromonas_A,R5,6.36,Aeromonas_A | R5
41.05,Aeromonas_A,R5,6.36,Aeromonas_A | R5
42.07,Aeromonas_A,R5,6.39,Aeromonas_A | R5
43.07,Aeromonas_A,R5,6.39,Aeromonas_A | R5
44.07,Aeromonas_A,R5,6.4,Aeromonas_A | R5
45.07,Aeromonas_A,R5,6.39,Aeromonas_A | R5
46.07,Aeromonas_A,R5,6.42,Aeromonas_A | R5
47.07,Aeromonas_A,R5,6.42,Aeromonas_A | R5
48.07,Aeromonas_A,R5,6.42,Aeromonas_A | R5
49.07,Aeromonas_A,R5,6.41,Aeromonas_A | R5
50.07,Aeromonas_A,R5,6.43,Aeromonas_A | R5
51.07,Aeromonas_A,R5,6.43,Aeromonas_A | R5
52.07,Aeromonas_A,R5,6.44,Aeromonas_A | R5
53.07,Aeromonas_A,R5,6.44,Aeromonas_A | R5
54.07,Aeromonas_A,R5,6.45,Aeromonas_A | R5
55.07,Aeromonas_A,R5,6.45,Aeromonas_A | R5
56.07,Aeromonas_A,R5,6.43,Aeromonas_A | R5
57.07,Aeromonas_A,R5,6.45,Aeromonas_A | R5
58.07,Aeromonas_A,R5,6.44,Aeromonas_A | R5
59.07,Aeromonas_A,R5,6.44,Aeromonas_A | R5
60.07,Aeromonas_A,R5,6.45,Aeromonas_A | R5
61.07,Aeromonas_A,R5,6.45,Aeromonas_A | R5
62.07,Aeromonas_A,R5,6.47,Aeromonas_A | R5
63.07,Aeromonas_A,R5,6.48,Aeromonas_A | R5
64.07,Aeromonas_A,R5,6.49,Aeromonas_A | R5
65.07,Aeromonas_A,R5,6.47,Aeromonas_A | R5
66.07,Aeromonas_A,R5,6.46,Aeromonas_A | R5
67.07,Aeromonas_A,R5,6.44,Aeromonas_A | R5
68.07,Aeromonas_A,R5,6.43,Aeromonas_A | R5
69.07,Aeromonas_A,R5,6.42,Aeromonas_A | R5
70.07,Aeromonas_A,R5,6.42,Aeromonas_A | R5
71.07,Aeromonas_A,R5,6.38,Aeromonas_A | R5
72.07,Aeromonas_A,R5,6.4,Aeromonas_A | R5
73.07,Aeromonas_A,R5,6.36,Aeromonas_A | R5
74.07,Aeromonas_A,R5,6.36,Aeromonas_A | R5
75.07,Aeromonas_A,R5,6.35,Aeromonas_A | R5
76.07,Aeromonas_A,R5,6.34,Aeromonas_A | R5
77.07,Aeromonas_A,R5,6.32,Aeromonas_A | R5
78.07,Aeromonas_A,R5,6.3,Aeromonas_A | R5
79.07,Aeromonas_A,R5,6.29,Aeromonas_A | R5
80.07,Aeromonas_A,R5,6.28,Aeromonas_A | R5
81.07,Aeromonas_A,R5,6.27,Aeromonas_A | R5
82.07,Aeromonas_A,R5,6.26,Aeromonas_A | R5
83.07,Aeromonas_A,R5,6.26,Aeromonas_A | R5
84.07,Aeromonas_A,R5,6.22,Aeromonas_A | R5
85.07,Aeromonas_A,R5,6.2,Aeromonas_A | R5
86.07,Aeromonas_A,R5,6.18,Aeromonas_A | R5
87.07,Aeromonas_A,R5,6.19,Aeromonas_A | R5
88.07,Aeromonas_A,R5,6.17,Aeromonas_A | R5
89.07,Aeromonas_A,R5,6.14,Aeromonas_A | R5
90.07,Aeromonas_A,R5,6.13,Aeromonas_A | R5
91.07,Aeromonas_A,R5,6.1,Aeromonas_A | R5
92.07,Aeromonas_A,R5,6.1,Aeromonas_A | R5
93.07,Aeromonas_A,R5,6.08,Aeromonas_A | R5
94.07,Aeromonas_A,R5,6.06,Aeromonas_A | R5
95.07,Aeromonas_A,R5,6.04,Aeromonas_A | R5
96.07,Aeromonas_A,R5,6.01,Aeromonas_A | R5
97.07,Aeromonas_A,R5,6.01,Aeromonas_A | R5
98.07,Aeromonas_A,R5,5.99,Aeromonas_A | R5
99.07,Aeromonas_A,R5,5.97,Aeromonas_A | R5
100.07,Aeromonas_A,R5,5.95,Aeromonas_A | R5
101.07,Aeromonas_A,R5,5.95,Aeromonas_A | R5
102.07,Aeromonas_A,R5,5.91,Aeromonas_A | R5
103.07,Aeromonas_A,R5,5.87,Aeromonas_A | R5
104.07,Aeromonas_A,R5,5.88,Aeromonas_A | R5
105.07,Aeromonas_A,R5,5.87,Aeromonas_A | R5
106.07,Aeromonas_A,R5,5.83,Aeromonas_A | R5
107.07,Aeromonas_A,R5,5.82,Aeromonas_A | R5
108.07,Aeromonas_A,R5,5.79,Aeromonas_A | R5
109.07,Aeromonas_A,R5,5.76,Aeromonas_A | R5
110.07,Aeromonas_A,R5,5.74,Aeromonas_A | R5
111.07,Aeromonas_A,R5,5.73,Aeromonas_A | R5
112.07,Aeromonas_A,R5,5.7,Aeromonas_A | R5
113.07,Aeromonas_A,R5,5.66,Aeromonas_A | R5
114.07,Aeromonas_A,R5,5.63,Aeromonas_A | R5
115.07,Aeromonas_A,R5,5.63,Aeromonas_A | R5
116.07,Aeromonas_A,R5,5.58,Aeromonas_A | R5
117.07,Aeromonas_A,R5,5.56,Aeromonas_A | R5
118.07,Aeromonas_A,R5,5.55,Aeromonas_A | R5
119.07,Aeromonas_A,R5,5.52,Aeromonas_A | R5
120.07,Aeromonas_A,R5,5.49,Aeromonas_A | R5
121.07,Aeromonas_A,R5,5.46,Aeromonas_A | R5
122.07,Aeromonas_A,R5,5.43,Aeromonas_A | R5
123.07,Aeromonas_A,R5,5.41,Aeromonas_A | R5
124.08,Aeromonas_A,R5,5.36,Aeromonas_A | R5
125.08,Aeromonas_A,R5,5.35,Aeromonas_A | R5
126.08,Aeromonas_A,R5,5.31,Aeromonas_A | R5
127.08,Aeromonas_A,R5,5.29,Aeromonas_A | R5
128.08,Aeromonas_A,R5,5.25,Aeromonas_A | R5
129.08,Aeromonas_A,R5,5.22,Aeromonas_A | R5
130.08,Aeromonas_A,R5,5.19,Aeromonas_A | R5
131.08,Aeromonas_A,R5,5.14,Aeromonas_A | R5
132.08,Aeromonas_A,R5,5.14,Aeromonas_A | R5
133.08,Aeromonas_A,R5,5.08,Aeromonas_A | R5
134.08,Aeromonas_A,R5,5.05,Aeromonas_A | R5
135.08,Aeromonas_A,R5,5.01,Aeromonas_A | R5
136.08,Aeromonas_A,R5,4.98,Aeromonas_A | R5
137.08,Aeromonas_A,R5,4.93,Aeromonas_A | R5
138.08,Aeromonas_A,R5,4.9,Aeromonas_A | R5
139.08,Aeromonas_A,R5,4.89,Aeromonas_A | R5
140.08,Aeromonas_A,R5,4.81,Aeromonas_A | R5
141.08,Aeromonas_A,R5,4.78,Aeromonas_A | R5
142.08,Aeromonas_A,R5,4.76,Aeromonas_A | R5
143.08,Aeromonas_A,R5,4.71,Aeromonas_A | R5
144.08,Aeromonas_A,R5,4.67,Aeromonas_A | R5
145.08,Aeromonas_A,R5,4.63,Aeromonas_A | R5
146.08,Aeromonas_A,R5,4.58,Aeromonas_A | R5
147.08,Aeromonas_A,R5,4.55,Aeromonas_A | R5
148.08,Aeromonas_A,R5,4.51,Aeromonas_A | R5
149.08,Aeromonas_A,R5,4.44,Aeromonas_A | R5
150.08,Aeromonas_A,R5,4.42,Aeromonas_A | R5
151.08,Aeromonas_A,R5,4.37,Aeromonas_A | R5
152.08,Aeromonas_A,R5,4.32,Aeromonas_A | R5
153.08,Aeromonas_A,R5,4.26,Aeromonas_A | R5
154.08,Aeromonas_A,R5,4.22,Aeromonas_A | R5
155.08,Aeromonas_A,R5,4.17,Aeromonas_A | R5
156.08,Aeromonas_A,R5,4.13,Aeromonas_A | R5
157.08,Aeromonas_A,R5,4.07,Aeromonas_A | R5
158.08,Aeromonas_A,R5,4.01,Aeromonas_A | R5
159.08,Aeromonas_A,R5,3.95,Aeromonas_A | R5
160.08,Aeromonas_A,R5,3.91,Aeromonas_A | R5
161.08,Aeromonas_A,R5,3.85,Aeromonas_A | R5
162.08,Aeromonas_A,R5,3.79,Aeromonas_A | R5
163.08,Aeromonas_A,R5,3.73,Aeromonas_A | R5
164.08,Aeromonas_A,R5,3.67,Aeromonas_A | R5
165.08,Aeromonas_A,R5,3.6,Aeromonas_A | R5
166.08,Aeromonas_A,R5,3.54,Aeromonas_A | R5
167.08,Aeromonas_A,R5,3.5,Aeromonas_A | R5
168.08,Aeromonas_A,R5,3.41,Aeromonas_A | R5
169.08,Aeromonas_A,R5,3.37,Aeromonas_A | R5
170.08,Aeromonas_A,R5,3.3,Aeromonas_A | R5
171.08,Aeromonas_A,R5,3.22,Aeromonas_A | R5
172.08,Aeromonas_A,R5,3.15,Aeromonas_A | R5
173.08,Aeromonas_A,R5,3.09,Aeromonas_A | R5
174.08,Aeromonas_A,R5,3.02,Aeromonas_A | R5
175.08,Aeromonas_A,R5,2.95,Aeromonas_A | R5
176.08,Aeromonas_A,R5,2.87,Aeromonas_A | R5
177.08,Aeromonas_A,R5,2.81,Aeromonas_A | R5
178.08,Aeromonas_A,R5,2.71,Aeromonas_A | R5
179.1,Aeromonas_A,R5,2.67,Aeromonas_A | R5
180.1,Aeromonas_A,R5,2.57,Aeromonas_A | R5
181.1,Aeromonas_A,R5,2.48,Aeromonas_A | R5
182.1,Aeromonas_A,R5,2.4,Aeromonas_A | R5
183.1,Aeromonas_A,R5,2.33,Aeromonas_A | R5
184.1,Aeromonas_A,R5,2.25,Aeromonas_A | R5
185.1,Aeromonas_A,R5,2.16,Aeromonas_A | R5
186.1,Aeromonas_A,R5,2.08,Aeromonas_A | R5
187.1,Aeromonas_A,R5,2,Aeromonas_A | R5
188.1,Aeromonas_A,R5,1.91,Aeromonas_A | R5
189.1,Aeromonas_A,R5,1.79,Aeromonas_A | R5
190.1,Aeromonas_A,R5,1.71,Aeromonas_A | R5
191.1,Aeromonas_A,R5,1.62,Aeromonas_A | R5
192.1,Aeromonas_A,R5,1.53,Aeromonas_A | R5
193.1,Aeromonas_A,R5,1.42,Aeromonas_A | R5
194.1,Aeromonas_A,R5,1.33,Aeromonas_A | R5
195.1,Aeromonas_A,R5,1.22,Aeromonas_A | R5
196.1,Aeromonas_A,R5,1.13,Aeromonas_A | R5
197.1,Aeromonas_A,R5,1.01,Aeromonas_A | R5
198.1,Aeromonas_A,R5,0.91,Aeromonas_A | R5
199.1,Aeromonas_A,R5,0.8,Aeromonas_A | R5
200.1,Aeromonas_A,R5,0.71,Aeromonas_A | R5
201.1,Aeromonas_A,R5,0.58,Aeromonas_A | R5
202.1,Aeromonas_A,R5,0.46,Aeromonas_A | R5
203.1,Aeromonas_A,R5,0.34,Aeromonas_A | R5
204.1,Aeromonas_A,R5,0.23,Aeromonas_A | R5
205.1,Aeromonas_A,R5,0.11,Aeromonas_A | R5
206.1,Aeromonas_A,R5,0.02,Aeromonas_A | R5
207.1,Aeromonas_A,R5,0,Aeromonas_A | R5
208.1,Aeromonas_A,R5,0,Aeromonas_A | R5
209.1,Aeromonas_A,R5,0,Aeromonas_A | R5
210.1,Aeromonas_A,R5,0,Aeromonas_A | R5
211.1,Aeromonas_A,R5,0,Aeromonas_A | R5
212.1,Aeromonas_A,R5,0,Aeromonas_A | R5
0.03,Aeromonas_B,R1,4.75,Aeromonas_B | R1
1.03,Aeromonas_B,R1,4.76,Aeromonas_B | R1
2.03,Aeromonas_B,R1,4.83,Aeromonas_B | R1
3.03,Aeromonas_B,R1,4.91,Aeromonas_B | R1
4.03,Aeromonas_B,R1,5,Aeromonas_B | R1
5.03,Aeromonas_B,R1,5.07,Aeromonas_B | R1
6.03,Aeromonas_B,R1,5.15,Aeromonas_B | R1
7.03,Aeromonas_B,R1,5.22,Aeromonas_B | R1
8.03,Aeromonas_B,R1,5.27,Aeromonas_B | R1
9.03,Aeromonas_B,R1,5.34,Aeromonas_B | R1
10.03,Aeromonas_B,R1,5.39,Aeromonas_B | R1
11.03,Aeromonas_B,R1,5.45,Aeromonas_B | R1
12.03,Aeromonas_B,R1,5.5,Aeromonas_B | R1
13.03,Aeromonas_B,R1,5.56,Aeromonas_B | R1
14.03,Aeromonas_B,R1,5.6,Aeromonas_B | R1
15.03,Aeromonas_B,R1,5.63,Aeromonas_B | R1
16.03,Aeromonas_B,R1,5.67,Aeromonas_B | R1
17.03,Aeromonas_B,R1,5.72,Aeromonas_B | R1
18.03,Aeromonas_B,R1,5.74,Aeromonas_B | R1
19.03,Aeromonas_B,R1,5.78,Aeromonas_B | R1
20.03,Aeromonas_B,R1,5.79,Aeromonas_B | R1
21.03,Aeromonas_B,R1,5.82,Aeromonas_B | R1
22.03,Aeromonas_B,R1,5.85,Aeromonas_B | R1
23.03,Aeromonas_B,R1,5.87,Aeromonas_B | R1
24.03,Aeromonas_B,R1,5.87,Aeromonas_B | R1
25.03,Aeromonas_B,R1,5.9,Aeromonas_B | R1
26.03,Aeromonas_B,R1,5.92,Aeromonas_B | R1
27.03,Aeromonas_B,R1,5.92,Aeromonas_B | R1
28.03,Aeromonas_B,R1,5.96,Aeromonas_B | R1
29.03,Aeromonas_B,R1,5.97,Aeromonas_B | R1
30.03,Aeromonas_B,R1,5.98,Aeromonas_B | R1
31.03,Aeromonas_B,R1,5.98,Aeromonas_B | R1
32.03,Aeromonas_B,R1,6,Aeromonas_B | R1
33.03,Aeromonas_B,R1,6,Aeromonas_B | R1
34.03,Aeromonas_B,R1,6.02,Aeromonas_B | R1
35.03,Aeromonas_B,R1,6.03,Aeromonas_B | R1
36.03,Aeromonas_B,R1,6.03,Aeromonas_B | R1
37.03,Aeromonas_B,R1,6.03,Aeromonas_B | R1
38.03,Aeromonas_B,R1,6.03,Aeromonas_B | R1
39.03,Aeromonas_B,R1,6.03,Aeromonas_B | R1
40.03,Aeromonas_B,R1,6.04,Aeromonas_B | R1
41.03,Aeromonas_B,R1,6.05,Aeromonas_B | R1
42.03,Aeromonas_B,R1,6.04,Aeromonas_B | R1
43.03,Aeromonas_B,R1,6.01,Aeromonas_B | R1
44.03,Aeromonas_B,R1,6.02,Aeromonas_B | R1
45.03,Aeromonas_B,R1,6.02,Aeromonas_B | R1
46.03,Aeromonas_B,R1,6.02,Aeromonas_B | R1
47.03,Aeromonas_B,R1,6.01,Aeromonas_B | R1
48.03,Aeromonas_B,R1,6.01,Aeromonas_B | R1
49.03,Aeromonas_B,R1,5.99,Aeromonas_B | R1
50.05,Aeromonas_B,R1,5.98,Aeromonas_B | R1
51.05,Aeromonas_B,R1,5.99,Aeromonas_B | R1
52.05,Aeromonas_B,R1,5.99,Aeromonas_B | R1
53.05,Aeromonas_B,R1,5.96,Aeromonas_B | R1
54.05,Aeromonas_B,R1,5.98,Aeromonas_B | R1
55.05,Aeromonas_B,R1,5.96,Aeromonas_B | R1
56.05,Aeromonas_B,R1,5.97,Aeromonas_B | R1
57.05,Aeromonas_B,R1,5.96,Aeromonas_B | R1
58.05,Aeromonas_B,R1,5.96,Aeromonas_B | R1
59.05,Aeromonas_B,R1,5.94,Aeromonas_B | R1
60.05,Aeromonas_B,R1,5.95,Aeromonas_B | R1
61.05,Aeromonas_B,R1,5.93,Aeromonas_B | R1
62.05,Aeromonas_B,R1,5.92,Aeromonas_B | R1
63.05,Aeromonas_B,R1,5.91,Aeromonas_B | R1
64.05,Aeromonas_B,R1,5.9,Aeromonas_B | R1
65.05,Aeromonas_B,R1,5.91,Aeromonas_B | R1
66.05,Aeromonas_B,R1,5.89,Aeromonas_B | R1
67.05,Aeromonas_B,R1,5.88,Aeromonas_B | R1
68.05,Aeromonas_B,R1,5.91,Aeromonas_B | R1
69.05,Aeromonas_B,R1,5.87,Aeromonas_B | R1
70.05,Aeromonas_B,R1,5.85,Aeromonas_B | R1
71.05,Aeromonas_B,R1,5.84,Aeromonas_B | R1
72.05,Aeromonas_B,R1,5.83,Aeromonas_B | R1
73.05,Aeromonas_B,R1,5.83,Aeromonas_B | R1
74.05,Aeromonas_B,R1,5.82,Aeromonas_B | R1
75.05,Aeromonas_B,R1,5.82,Aeromonas_B | R1
76.05,Aeromonas_B,R1,5.8,Aeromonas_B | R1
77.05,Aeromonas_B,R1,5.78,Aeromonas_B | R1
78.05,Aeromonas_B,R1,5.78,Aeromonas_B | R1
79.05,Aeromonas_B,R1,5.75,Aeromonas_B | R1
80.05,Aeromonas_B,R1,5.75,Aeromonas_B | R1
81.05,Aeromonas_B,R1,5.73,Aeromonas_B | R1
82.05,Aeromonas_B,R1,5.72,Aeromonas_B | R1
83.05,Aeromonas_B,R1,5.71,Aeromonas_B | R1
84.05,Aeromonas_B,R1,5.68,Aeromonas_B | R1
85.05,Aeromonas_B,R1,5.68,Aeromonas_B | R1
86.05,Aeromonas_B,R1,5.66,Aeromonas_B | R1
87.05,Aeromonas_B,R1,5.65,Aeromonas_B | R1
88.05,Aeromonas_B,R1,5.64,Aeromonas_B | R1
89.05,Aeromonas_B,R1,5.61,Aeromonas_B | R1
90.05,Aeromonas_B,R1,5.61,Aeromonas_B | R1
91.05,Aeromonas_B,R1,5.58,Aeromonas_B | R1
92.05,Aeromonas_B,R1,5.57,Aeromonas_B | R1
93.05,Aeromonas_B,R1,5.53,Aeromonas_B | R1
94.05,Aeromonas_B,R1,5.52,Aeromonas_B | R1
95.05,Aeromonas_B,R1,5.5,Aeromonas_B | R1
96.05,Aeromonas_B,R1,5.5,Aeromonas_B | R1
97.05,Aeromonas_B,R1,5.45,Aeromonas_B | R1
98.05,Aeromonas_B,R1,5.44,Aeromonas_B | R1
99.05,Aeromonas_B,R1,5.42,Aeromonas_B | R1
100.05,Aeromonas_B,R1,5.41,Aeromonas_B | R1
101.05,Aeromonas_B,R1,5.36,Aeromonas_B | R1
102.05,Aeromonas_B,R1,5.35,Aeromonas_B | R1
103.05,Aeromonas_B,R1,5.32,Aeromonas_B | R1
104.05,Aeromonas_B,R1,5.31,Aeromonas_B | R1
105.05,Aeromonas_B,R1,5.27,Aeromonas_B | R1
106.05,Aeromonas_B,R1,5.26,Aeromonas_B | R1
107.05,Aeromonas_B,R1,5.21,Aeromonas_B | R1
108.05,Aeromonas_B,R1,5.18,Aeromonas_B | R1
109.05,Aeromonas_B,R1,5.16,Aeromonas_B | R1
110.05,Aeromonas_B,R1,5.12,Aeromonas_B | R1
111.05,Aeromonas_B,R1,5.1,Aeromonas_B | R1
112.05,Aeromonas_B,R1,5.07,Aeromonas_B | R1
113.05,Aeromonas_B,R1,5.03,Aeromonas_B | R1
114.05,Aeromonas_B,R1,4.98,Aeromonas_B | R1
115.05,Aeromonas_B,R1,4.95,Aeromonas_B | R1
116.05,Aeromonas_B,R1,4.91,Aeromonas_B | R1
117.05,Aeromonas_B,R1,4.88,Aeromonas_B | R1
118.05,Aeromonas_B,R1,4.84,Aeromonas_B | R1
119.05,Aeromonas_B,R1,4.79,Aeromonas_B | R1
120.05,Aeromonas_B,R1,4.75,Aeromonas_B | R1
121.05,Aeromonas_B,R1,4.71,Aeromonas_B | R1
122.05,Aeromonas_B,R1,4.67,Aeromonas_B | R1
123.05,Aeromonas_B,R1,4.63,Aeromonas_B | R1
124.05,Aeromonas_B,R1,4.57,Aeromonas_B | R1
125.05,Aeromonas_B,R1,4.52,Aeromonas_B | R1
126.05,Aeromonas_B,R1,4.48,Aeromonas_B | R1
127.05,Aeromonas_B,R1,4.42,Aeromonas_B | R1
128.05,Aeromonas_B,R1,4.37,Aeromonas_B | R1
129.05,Aeromonas_B,R1,4.31,Aeromonas_B | R1
130.05,Aeromonas_B,R1,4.25,Aeromonas_B | R1
131.05,Aeromonas_B,R1,4.19,Aeromonas_B | R1
132.05,Aeromonas_B,R1,4.14,Aeromonas_B | R1
133.05,Aeromonas_B,R1,4.07,Aeromonas_B | R1
134.05,Aeromonas_B,R1,4,Aeromonas_B | R1
135.05,Aeromonas_B,R1,3.94,Aeromonas_B | R1
136.05,Aeromonas_B,R1,3.88,Aeromonas_B | R1
137.05,Aeromonas_B,R1,3.78,Aeromonas_B | R1
138.05,Aeromonas_B,R1,3.72,Aeromonas_B | R1
139.05,Aeromonas_B,R1,3.65,Aeromonas_B | R1
140.05,Aeromonas_B,R1,3.57,Aeromonas_B | R1
141.05,Aeromonas_B,R1,3.49,Aeromonas_B | R1
142.05,Aeromonas_B,R1,3.41,Aeromonas_B | R1
143.05,Aeromonas_B,R1,3.32,Aeromonas_B | R1
144.05,Aeromonas_B,R1,3.23,Aeromonas_B | R1
145.05,Aeromonas_B,R1,3.14,Aeromonas_B | R1
146.05,Aeromonas_B,R1,3.05,Aeromonas_B | R1
147.05,Aeromonas_B,R1,2.94,Aeromonas_B | R1
148.05,Aeromonas_B,R1,2.85,Aeromonas_B | R1
149.05,Aeromonas_B,R1,2.75,Aeromonas_B | R1
150.05,Aeromonas_B,R1,2.64,Aeromonas_B | R1
151.05,Aeromonas_B,R1,2.54,Aeromonas_B | R1
152.05,Aeromonas_B,R1,2.42,Aeromonas_B | R1
153.05,Aeromonas_B,R1,2.32,Aeromonas_B | R1
154.05,Aeromonas_B,R1,2.2,Aeromonas_B | R1
155.05,Aeromonas_B,R1,2.07,Aeromonas_B | R1
156.05,Aeromonas_B,R1,1.93,Aeromonas_B | R1
157.05,Aeromonas_B,R1,1.8,Aeromonas_B | R1
158.05,Aeromonas_B,R1,1.67,Aeromonas_B | R1
159.05,Aeromonas_B,R1,1.52,Aeromonas_B | R1
160.05,Aeromonas_B,R1,1.39,Aeromonas_B | R1
161.05,Aeromonas_B,R1,1.25,Aeromonas_B | R1
162.05,Aeromonas_B,R1,1.09,Aeromonas_B | R1
163.05,Aeromonas_B,R1,0.94,Aeromonas_B | R1
164.05,Aeromonas_B,R1,0.78,Aeromonas_B | R1
165.05,Aeromonas_B,R1,0.61,Aeromonas_B | R1
166.05,Aeromonas_B,R1,0.44,Aeromonas_B | R1
167.05,Aeromonas_B,R1,0.25,Aeromonas_B | R1
168.05,Aeromonas_B,R1,0.17,Aeromonas_B | R1
169.05,Aeromonas_B,R1,0.13,Aeromonas_B | R1
170.05,Aeromonas_B,R1,0.12,Aeromonas_B | R1
171.05,Aeromonas_B,R1,0.12,Aeromonas_B | R1
172.05,Aeromonas_B,R1,0.12,Aeromonas_B | R1
173.05,Aeromonas_B,R1,0.12,Aeromonas_B | R1
174.05,Aeromonas_B,R1,0.12,Aeromonas_B | R1
175.05,Aeromonas_B,R1,0.12,Aeromonas_B | R1
176.05,Aeromonas_B,R1,0.12,Aeromonas_B | R1
177.05,Aeromonas_B,R1,0.12,Aeromonas_B | R1
178.05,Aeromonas_B,R1,0.12,Aeromonas_B | R1
179.05,Aeromonas_B,R1,0.12,Aeromonas_B | R1
180.05,Aeromonas_B,R1,0.13,Aeromonas_B | R1
181.05,Aeromonas_B,R1,0.12,Aeromonas_B | R1
182.05,Aeromonas_B,R1,0.12,Aeromonas_B | R1
183.05,Aeromonas_B,R1,0.12,Aeromonas_B | R1
184.05,Aeromonas_B,R1,0.12,Aeromonas_B | R1
185.05,Aeromonas_B,R1,0.12,Aeromonas_B | R1
186.05,Aeromonas_B,R1,0.12,Aeromonas_B | R1
187.05,Aeromonas_B,R1,0.12,Aeromonas_B | R1
188.05,Aeromonas_B,R1,0.12,Aeromonas_B | R1
189.05,Aeromonas_B,R1,0.12,Aeromonas_B | R1
190.05,Aeromonas_B,R1,0.12,Aeromonas_B | R1
191.05,Aeromonas_B,R1,0.12,Aeromonas_B | R1
192.05,Aeromonas_B,R1,0.12,Aeromonas_B | R1
193.05,Aeromonas_B,R1,0.12,Aeromonas_B | R1
194.05,Aeromonas_B,R1,0.12,Aeromonas_B | R1
195.05,Aeromonas_B,R1,0.12,Aeromonas_B | R1
196.05,Aeromonas_B,R1,0.12,Aeromonas_B | R1
197.05,Aeromonas_B,R1,0.12,Aeromonas_B | R1
0.03,Aeromonas_B,R2,4.6,Aeromonas_B | R2
1.03,Aeromonas_B,R2,4.59,Aeromonas_B | R2
2.03,Aeromonas_B,R2,4.64,Aeromonas_B | R2
3.03,Aeromonas_B,R2,4.7,Aeromonas_B | R2
4.03,Aeromonas_B,R2,4.76,Aeromonas_B | R2
5.03,Aeromonas_B,R2,4.83,Aeromonas_B | R2
6.03,Aeromonas_B,R2,4.89,Aeromonas_B | R2
7.03,Aeromonas_B,R2,4.95,Aeromonas_B | R2
8.03,Aeromonas_B,R2,5,Aeromonas_B | R2
9.03,Aeromonas_B,R2,5.06,Aeromonas_B | R2
10.03,Aeromonas_B,R2,5.11,Aeromonas_B | R2
11.03,Aeromonas_B,R2,5.16,Aeromonas_B | R2
12.03,Aeromonas_B,R2,5.21,Aeromonas_B | R2
13.03,Aeromonas_B,R2,5.25,Aeromonas_B | R2
14.03,Aeromonas_B,R2,5.31,Aeromonas_B | R2
15.03,Aeromonas_B,R2,5.34,Aeromonas_B | R2
16.03,Aeromonas_B,R2,5.38,Aeromonas_B | R2
17.03,Aeromonas_B,R2,5.42,Aeromonas_B | R2
18.03,Aeromonas_B,R2,5.45,Aeromonas_B | R2
19.03,Aeromonas_B,R2,5.48,Aeromonas_B | R2
20.03,Aeromonas_B,R2,5.5,Aeromonas_B | R2
21.03,Aeromonas_B,R2,5.53,Aeromonas_B | R2
22.03,Aeromonas_B,R2,5.57,Aeromonas_B | R2
23.03,Aeromonas_B,R2,5.6,Aeromonas_B | R2
24.03,Aeromonas_B,R2,5.61,Aeromonas_B | R2
25.03,Aeromonas_B,R2,5.63,Aeromonas_B | R2
26.03,Aeromonas_B,R2,5.66,Aeromonas_B | R2
27.03,Aeromonas_B,R2,5.67,Aeromonas_B | R2
28.03,Aeromonas_B,R2,5.69,Aeromonas_B | R2
29.03,Aeromonas_B,R2,5.71,Aeromonas_B | R2
30.03,Aeromonas_B,R2,5.72,Aeromonas_B | R2
31.03,Aeromonas_B,R2,5.73,Aeromonas_B | R2
32.03,Aeromonas_B,R2,5.74,Aeromonas_B | R2
33.03,Aeromonas_B,R2,5.75,Aeromonas_B | R2
34.03,Aeromonas_B,R2,5.77,Aeromonas_B | R2
35.03,Aeromonas_B,R2,5.78,Aeromonas_B | R2
36.03,Aeromonas_B,R2,5.79,Aeromonas_B | R2
37.03,Aeromonas_B,R2,5.8,Aeromonas_B | R2
38.03,Aeromonas_B,R2,5.8,Aeromonas_B | R2
39.03,Aeromonas_B,R2,5.81,Aeromonas_B | R2
40.03,Aeromonas_B,R2,5.82,Aeromonas_B | R2
41.03,Aeromonas_B,R2,5.83,Aeromonas_B | R2
42.03,Aeromonas_B,R2,5.83,Aeromonas_B | R2
43.03,Aeromonas_B,R2,5.83,Aeromonas_B | R2
44.03,Aeromonas_B,R2,5.84,Aeromonas_B | R2
45.03,Aeromonas_B,R2,5.84,Aeromonas_B | R2
46.03,Aeromonas_B,R2,5.84,Aeromonas_B | R2
47.03,Aeromonas_B,R2,5.86,Aeromonas_B | R2
48.03,Aeromonas_B,R2,5.86,Aeromonas_B | R2
49.03,Aeromonas_B,R2,5.84,Aeromonas_B | R2
50.05,Aeromonas_B,R2,5.85,Aeromonas_B | R2
51.05,Aeromonas_B,R2,5.85,Aeromonas_B | R2
52.05,Aeromonas_B,R2,5.84,Aeromonas_B | R2
53.05,Aeromonas_B,R2,5.83,Aeromonas_B | R2
54.05,Aeromonas_B,R2,5.8,Aeromonas_B | R2
55.05,Aeromonas_B,R2,5.84,Aeromonas_B | R2
56.05,Aeromonas_B,R2,5.81,Aeromonas_B | R2
57.05,Aeromonas_B,R2,5.81,Aeromonas_B | R2
58.05,Aeromonas_B,R2,5.79,Aeromonas_B | R2
59.05,Aeromonas_B,R2,5.79,Aeromonas_B | R2
60.05,Aeromonas_B,R2,5.79,Aeromonas_B | R2
61.05,Aeromonas_B,R2,5.79,Aeromonas_B | R2
62.05,Aeromonas_B,R2,5.77,Aeromonas_B | R2
63.05,Aeromonas_B,R2,5.75,Aeromonas_B | R2
64.05,Aeromonas_B,R2,5.75,Aeromonas_B | R2
65.05,Aeromonas_B,R2,5.75,Aeromonas_B | R2
66.05,Aeromonas_B,R2,5.73,Aeromonas_B | R2
67.05,Aeromonas_B,R2,5.73,Aeromonas_B | R2
68.05,Aeromonas_B,R2,5.7,Aeromonas_B | R2
69.05,Aeromonas_B,R2,5.72,Aeromonas_B | R2
70.05,Aeromonas_B,R2,5.69,Aeromonas_B | R2
71.05,Aeromonas_B,R2,5.68,Aeromonas_B | R2
72.05,Aeromonas_B,R2,5.67,Aeromonas_B | R2
73.05,Aeromonas_B,R2,5.66,Aeromonas_B | R2
74.05,Aeromonas_B,R2,5.67,Aeromonas_B | R2
75.05,Aeromonas_B,R2,5.65,Aeromonas_B | R2
76.05,Aeromonas_B,R2,5.64,Aeromonas_B | R2
77.05,Aeromonas_B,R2,5.64,Aeromonas_B | R2
78.05,Aeromonas_B,R2,5.62,Aeromonas_B | R2
79.05,Aeromonas_B,R2,5.62,Aeromonas_B | R2
80.05,Aeromonas_B,R2,5.59,Aeromonas_B | R2
81.05,Aeromonas_B,R2,5.6,Aeromonas_B | R2
82.05,Aeromonas_B,R2,5.57,Aeromonas_B | R2
83.05,Aeromonas_B,R2,5.57,Aeromonas_B | R2
84.05,Aeromonas_B,R2,5.56,Aeromonas_B | R2
85.05,Aeromonas_B,R2,5.53,Aeromonas_B | R2
86.05,Aeromonas_B,R2,5.5,Aeromonas_B | R2
87.05,Aeromonas_B,R2,5.5,Aeromonas_B | R2
88.05,Aeromonas_B,R2,5.49,Aeromonas_B | R2
89.05,Aeromonas_B,R2,5.46,Aeromonas_B | R2
90.05,Aeromonas_B,R2,5.46,Aeromonas_B | R2
91.05,Aeromonas_B,R2,5.45,Aeromonas_B | R2
92.05,Aeromonas_B,R2,5.41,Aeromonas_B | R2
93.05,Aeromonas_B,R2,5.4,Aeromonas_B | R2
94.05,Aeromonas_B,R2,5.39,Aeromonas_B | R2
95.05,Aeromonas_B,R2,5.35,Aeromonas_B | R2
96.05,Aeromonas_B,R2,5.35,Aeromonas_B | R2
97.05,Aeromonas_B,R2,5.32,Aeromonas_B | R2
98.05,Aeromonas_B,R2,5.3,Aeromonas_B | R2
99.05,Aeromonas_B,R2,5.28,Aeromonas_B | R2
100.05,Aeromonas_B,R2,5.26,Aeromonas_B | R2
101.05,Aeromonas_B,R2,5.24,Aeromonas_B | R2
102.05,Aeromonas_B,R2,5.21,Aeromonas_B | R2
103.05,Aeromonas_B,R2,5.19,Aeromonas_B | R2
104.05,Aeromonas_B,R2,5.16,Aeromonas_B | R2
105.05,Aeromonas_B,R2,5.13,Aeromonas_B | R2
106.05,Aeromonas_B,R2,5.1,Aeromonas_B | R2
107.05,Aeromonas_B,R2,5.08,Aeromonas_B | R2
108.05,Aeromonas_B,R2,5.06,Aeromonas_B | R2
109.05,Aeromonas_B,R2,5.02,Aeromonas_B | R2
110.05,Aeromonas_B,R2,5,Aeromonas_B | R2
111.05,Aeromonas_B,R2,4.99,Aeromonas_B | R2
112.05,Aeromonas_B,R2,4.94,Aeromonas_B | R2
113.05,Aeromonas_B,R2,4.9,Aeromonas_B | R2
114.05,Aeromonas_B,R2,4.87,Aeromonas_B | R2
115.05,Aeromonas_B,R2,4.83,Aeromonas_B | R2
116.05,Aeromonas_B,R2,4.81,Aeromonas_B | R2
117.05,Aeromonas_B,R2,4.77,Aeromonas_B | R2
118.05,Aeromonas_B,R2,4.74,Aeromonas_B | R2
119.05,Aeromonas_B,R2,4.71,Aeromonas_B | R2
120.05,Aeromonas_B,R2,4.67,Aeromonas_B | R2
121.05,Aeromonas_B,R2,4.62,Aeromonas_B | R2
122.05,Aeromonas_B,R2,4.59,Aeromonas_B | R2
123.05,Aeromonas_B,R2,4.55,Aeromonas_B | R2
124.05,Aeromonas_B,R2,4.5,Aeromonas_B | R2
125.05,Aeromonas_B,R2,4.46,Aeromonas_B | R2
126.05,Aeromonas_B,R2,4.4,Aeromonas_B | R2
127.05,Aeromonas_B,R2,4.36,Aeromonas_B | R2
128.05,Aeromonas_B,R2,4.31,Aeromonas_B | R2
129.05,Aeromonas_B,R2,4.26,Aeromonas_B | R2
130.05,Aeromonas_B,R2,4.21,Aeromonas_B | R2
131.05,Aeromonas_B,R2,4.17,Aeromonas_B | R2
132.05,Aeromonas_B,R2,4.11,Aeromonas_B | R2
133.05,Aeromonas_B,R2,4.03,Aeromonas_B | R2
134.05,Aeromonas_B,R2,3.98,Aeromonas_B | R2
135.05,Aeromonas_B,R2,3.93,Aeromonas_B | R2
136.05,Aeromonas_B,R2,3.86,Aeromonas_B | R2
137.05,Aeromonas_B,R2,3.81,Aeromonas_B | R2
138.05,Aeromonas_B,R2,3.74,Aeromonas_B | R2
139.05,Aeromonas_B,R2,3.67,Aeromonas_B | R2
140.05,Aeromonas_B,R2,3.6,Aeromonas_B | R2
141.05,Aeromonas_B,R2,3.53,Aeromonas_B | R2
142.05,Aeromonas_B,R2,3.47,Aeromonas_B | R2
143.05,Aeromonas_B,R2,3.38,Aeromonas_B | R2
144.05,Aeromonas_B,R2,3.31,Aeromonas_B | R2
145.05,Aeromonas_B,R2,3.24,Aeromonas_B | R2
146.05,Aeromonas_B,R2,3.15,Aeromonas_B | R2
147.05,Aeromonas_B,R2,3.08,Aeromonas_B | R2
148.05,Aeromonas_B,R2,2.98,Aeromonas_B | R2
149.05,Aeromonas_B,R2,2.9,Aeromonas_B | R2
150.05,Aeromonas_B,R2,2.81,Aeromonas_B | R2
151.05,Aeromonas_B,R2,2.71,Aeromonas_B | R2
152.05,Aeromonas_B,R2,2.61,Aeromonas_B | R2
153.05,Aeromonas_B,R2,2.51,Aeromonas_B | R2
154.05,Aeromonas_B,R2,2.4,Aeromonas_B | R2
155.05,Aeromonas_B,R2,2.3,Aeromonas_B | R2
156.05,Aeromonas_B,R2,2.19,Aeromonas_B | R2
157.05,Aeromonas_B,R2,2.09,Aeromonas_B | R2
158.05,Aeromonas_B,R2,1.98,Aeromonas_B | R2
159.05,Aeromonas_B,R2,1.85,Aeromonas_B | R2
160.05,Aeromonas_B,R2,1.74,Aeromonas_B | R2
161.05,Aeromonas_B,R2,1.6,Aeromonas_B | R2
162.05,Aeromonas_B,R2,1.48,Aeromonas_B | R2
163.05,Aeromonas_B,R2,1.34,Aeromonas_B | R2
164.05,Aeromonas_B,R2,1.21,Aeromonas_B | R2
165.05,Aeromonas_B,R2,1.08,Aeromonas_B | R2
166.05,Aeromonas_B,R2,0.92,Aeromonas_B | R2
167.05,Aeromonas_B,R2,0.78,Aeromonas_B | R2
168.05,Aeromonas_B,R2,0.63,Aeromonas_B | R2
169.05,Aeromonas_B,R2,0.46,Aeromonas_B | R2
170.05,Aeromonas_B,R2,0.3,Aeromonas_B | R2
171.05,Aeromonas_B,R2,0.14,Aeromonas_B | R2
172.05,Aeromonas_B,R2,0.03,Aeromonas_B | R2
173.05,Aeromonas_B,R2,0,Aeromonas_B | R2
174.05,Aeromonas_B,R2,0,Aeromonas_B | R2
175.05,Aeromonas_B,R2,0,Aeromonas_B | R2
176.05,Aeromonas_B,R2,0,Aeromonas_B | R2
177.05,Aeromonas_B,R2,0,Aeromonas_B | R2
178.05,Aeromonas_B,R2,0,Aeromonas_B | R2
179.05,Aeromonas_B,R2,0,Aeromonas_B | R2
180.05,Aeromonas_B,R2,0,Aeromonas_B | R2
181.05,Aeromonas_B,R2,0,Aeromonas_B | R2
182.05,Aeromonas_B,R2,0,Aeromonas_B | R2
183.05,Aeromonas_B,R2,0,Aeromonas_B | R2
184.05,Aeromonas_B,R2,0,Aeromonas_B | R2
185.05,Aeromonas_B,R2,0,Aeromonas_B | R2
186.05,Aeromonas_B,R2,0,Aeromonas_B | R2
187.05,Aeromonas_B,R2,0,Aeromonas_B | R2
188.05,Aeromonas_B,R2,0,Aeromonas_B | R2
189.05,Aeromonas_B,R2,0,Aeromonas_B | R2
190.05,Aeromonas_B,R2,0,Aeromonas_B | R2
191.05,Aeromonas_B,R2,0,Aeromonas_B | R2
192.05,Aeromonas_B,R2,0,Aeromonas_B | R2
193.05,Aeromonas_B,R2,0,Aeromonas_B | R2
194.05,Aeromonas_B,R2,0,Aeromonas_B | R2
195.05,Aeromonas_B,R2,0,Aeromonas_B | R2
196.05,Aeromonas_B,R2,0,Aeromonas_B | R2
197.05,Aeromonas_B,R2,0,Aeromonas_B | R2
0.03,Aeromonas_B,R3,4.83,Aeromonas_B | R3
1.03,Aeromonas_B,R3,4.72,Aeromonas_B | R3
2.03,Aeromonas_B,R3,4.71,Aeromonas_B | R3
3.03,Aeromonas_B,R3,4.71,Aeromonas_B | R3
4.03,Aeromonas_B,R3,4.75,Aeromonas_B | R3
5.03,Aeromonas_B,R3,4.79,Aeromonas_B | R3
6.03,Aeromonas_B,R3,4.84,Aeromonas_B | R3
7.03,Aeromonas_B,R3,4.91,Aeromonas_B | R3
8.03,Aeromonas_B,R3,4.96,Aeromonas_B | R3
9.03,Aeromonas_B,R3,5.02,Aeromonas_B | R3
10.03,Aeromonas_B,R3,5.07,Aeromonas_B | R3
11.03,Aeromonas_B,R3,5.11,Aeromonas_B | R3
12.03,Aeromonas_B,R3,5.16,Aeromonas_B | R3
13.03,Aeromonas_B,R3,5.19,Aeromonas_B | R3
14.03,Aeromonas_B,R3,5.26,Aeromonas_B | R3
15.03,Aeromonas_B,R3,5.28,Aeromonas_B | R3
16.03,Aeromonas_B,R3,5.32,Aeromonas_B | R3
17.03,Aeromonas_B,R3,5.36,Aeromonas_B | R3
18.03,Aeromonas_B,R3,5.38,Aeromonas_B | R3
19.03,Aeromonas_B,R3,5.41,Aeromonas_B | R3
20.03,Aeromonas_B,R3,5.43,Aeromonas_B | R3
21.03,Aeromonas_B,R3,5.46,Aeromonas_B | R3
22.03,Aeromonas_B,R3,5.49,Aeromonas_B | R3
23.03,Aeromonas_B,R3,5.51,Aeromonas_B | R3
24.03,Aeromonas_B,R3,5.53,Aeromonas_B | R3
25.03,Aeromonas_B,R3,5.55,Aeromonas_B | R3
26.03,Aeromonas_B,R3,5.57,Aeromonas_B | R3
27.03,Aeromonas_B,R3,5.58,Aeromonas_B | R3
28.03,Aeromonas_B,R3,5.6,Aeromonas_B | R3
29.03,Aeromonas_B,R3,5.61,Aeromonas_B | R3
30.03,Aeromonas_B,R3,5.63,Aeromonas_B | R3
31.03,Aeromonas_B,R3,5.64,Aeromonas_B | R3
32.03,Aeromonas_B,R3,5.65,Aeromonas_B | R3
33.03,Aeromonas_B,R3,5.66,Aeromonas_B | R3
34.03,Aeromonas_B,R3,5.67,Aeromonas_B | R3
35.03,Aeromonas_B,R3,5.69,Aeromonas_B | R3
36.03,Aeromonas_B,R3,5.7,Aeromonas_B | R3
37.03,Aeromonas_B,R3,5.71,Aeromonas_B | R3
38.03,Aeromonas_B,R3,5.71,Aeromonas_B | R3
39.03,Aeromonas_B,R3,5.71,Aeromonas_B | R3
40.03,Aeromonas_B,R3,5.73,Aeromonas_B | R3
41.03,Aeromonas_B,R3,5.73,Aeromonas_B | R3
42.03,Aeromonas_B,R3,5.73,Aeromonas_B | R3
43.03,Aeromonas_B,R3,5.72,Aeromonas_B | R3
44.03,Aeromonas_B,R3,5.73,Aeromonas_B | R3
45.03,Aeromonas_B,R3,5.73,Aeromonas_B | R3
46.03,Aeromonas_B,R3,5.73,Aeromonas_B | R3
47.03,Aeromonas_B,R3,5.74,Aeromonas_B | R3
48.03,Aeromonas_B,R3,5.74,Aeromonas_B | R3
49.03,Aeromonas_B,R3,5.73,Aeromonas_B | R3
50.05,Aeromonas_B,R3,5.73,Aeromonas_B | R3
51.05,Aeromonas_B,R3,5.74,Aeromonas_B | R3
52.05,Aeromonas_B,R3,5.71,Aeromonas_B | R3
53.05,Aeromonas_B,R3,5.71,Aeromonas_B | R3
54.05,Aeromonas_B,R3,5.71,Aeromonas_B | R3
55.05,Aeromonas_B,R3,5.71,Aeromonas_B | R3
56.05,Aeromonas_B,R3,5.7,Aeromonas_B | R3
57.05,Aeromonas_B,R3,5.71,Aeromonas_B | R3
58.05,Aeromonas_B,R3,5.69,Aeromonas_B | R3
59.05,Aeromonas_B,R3,5.69,Aeromonas_B | R3
60.05,Aeromonas_B,R3,5.68,Aeromonas_B | R3
61.05,Aeromonas_B,R3,5.68,Aeromonas_B | R3
62.05,Aeromonas_B,R3,5.66,Aeromonas_B | R3
63.05,Aeromonas_B,R3,5.66,Aeromonas_B | R3
64.05,Aeromonas_B,R3,5.64,Aeromonas_B | R3
65.05,Aeromonas_B,R3,5.65,Aeromonas_B | R3
66.05,Aeromonas_B,R3,5.64,Aeromonas_B | R3
67.05,Aeromonas_B,R3,5.64,Aeromonas_B | R3
68.05,Aeromonas_B,R3,5.61,Aeromonas_B | R3
69.05,Aeromonas_B,R3,5.61,Aeromonas_B | R3
70.05,Aeromonas_B,R3,5.6,Aeromonas_B | R3
71.05,Aeromonas_B,R3,5.59,Aeromonas_B | R3
72.05,Aeromonas_B,R3,5.59,Aeromonas_B | R3
73.05,Aeromonas_B,R3,5.57,Aeromonas_B | R3
74.05,Aeromonas_B,R3,5.57,Aeromonas_B | R3
75.05,Aeromonas_B,R3,5.57,Aeromonas_B | R3
76.05,Aeromonas_B,R3,5.55,Aeromonas_B | R3
77.05,Aeromonas_B,R3,5.54,Aeromonas_B | R3
78.05,Aeromonas_B,R3,5.53,Aeromonas_B | R3
79.05,Aeromonas_B,R3,5.52,Aeromonas_B | R3
80.05,Aeromonas_B,R3,5.51,Aeromonas_B | R3
81.05,Aeromonas_B,R3,5.49,Aeromonas_B | R3
82.05,Aeromonas_B,R3,5.49,Aeromonas_B | R3
83.05,Aeromonas_B,R3,5.47,Aeromonas_B | R3
84.05,Aeromonas_B,R3,5.46,Aeromonas_B | R3
85.05,Aeromonas_B,R3,5.44,Aeromonas_B | R3
86.05,Aeromonas_B,R3,5.43,Aeromonas_B | R3
87.05,Aeromonas_B,R3,5.4,Aeromonas_B | R3
88.05,Aeromonas_B,R3,5.39,Aeromonas_B | R3
89.05,Aeromonas_B,R3,5.38,Aeromonas_B | R3
90.05,Aeromonas_B,R3,5.36,Aeromonas_B | R3
91.05,Aeromonas_B,R3,5.35,Aeromonas_B | R3
92.05,Aeromonas_B,R3,5.32,Aeromonas_B | R3
93.05,Aeromonas_B,R3,5.3,Aeromonas_B | R3
94.05,Aeromonas_B,R3,5.29,Aeromonas_B | R3
95.05,Aeromonas_B,R3,5.27,Aeromonas_B | R3
96.05,Aeromonas_B,R3,5.24,Aeromonas_B | R3
97.05,Aeromonas_B,R3,5.24,Aeromonas_B | R3
98.05,Aeromonas_B,R3,5.2,Aeromonas_B | R3
99.05,Aeromonas_B,R3,5.21,Aeromonas_B | R3
100.05,Aeromonas_B,R3,5.17,Aeromonas_B | R3
101.05,Aeromonas_B,R3,5.15,Aeromonas_B | R3
102.05,Aeromonas_B,R3,5.11,Aeromonas_B | R3
103.05,Aeromonas_B,R3,5.08,Aeromonas_B | R3
104.05,Aeromonas_B,R3,5.06,Aeromonas_B | R3
105.05,Aeromonas_B,R3,5.03,Aeromonas_B | R3
106.05,Aeromonas_B,R3,5,Aeromonas_B | R3
107.05,Aeromonas_B,R3,4.97,Aeromonas_B | R3
108.05,Aeromonas_B,R3,4.94,Aeromonas_B | R3
109.05,Aeromonas_B,R3,4.92,Aeromonas_B | R3
110.05,Aeromonas_B,R3,4.9,Aeromonas_B | R3
111.05,Aeromonas_B,R3,4.87,Aeromonas_B | R3
112.05,Aeromonas_B,R3,4.82,Aeromonas_B | R3
113.05,Aeromonas_B,R3,4.79,Aeromonas_B | R3
114.05,Aeromonas_B,R3,4.74,Aeromonas_B | R3
115.05,Aeromonas_B,R3,4.7,Aeromonas_B | R3
116.05,Aeromonas_B,R3,4.66,Aeromonas_B | R3
117.05,Aeromonas_B,R3,4.63,Aeromonas_B | R3
118.05,Aeromonas_B,R3,4.58,Aeromonas_B | R3
119.05,Aeromonas_B,R3,4.53,Aeromonas_B | R3
120.05,Aeromonas_B,R3,4.5,Aeromonas_B | R3
121.05,Aeromonas_B,R3,4.44,Aeromonas_B | R3
122.05,Aeromonas_B,R3,4.4,Aeromonas_B | R3
123.05,Aeromonas_B,R3,4.33,Aeromonas_B | R3
124.05,Aeromonas_B,R3,4.27,Aeromonas_B | R3
125.05,Aeromonas_B,R3,4.23,Aeromonas_B | R3
126.05,Aeromonas_B,R3,4.18,Aeromonas_B | R3
127.05,Aeromonas_B,R3,4.11,Aeromonas_B | R3
128.05,Aeromonas_B,R3,4.05,Aeromonas_B | R3
129.05,Aeromonas_B,R3,4.01,Aeromonas_B | R3
130.05,Aeromonas_B,R3,3.95,Aeromonas_B | R3
131.05,Aeromonas_B,R3,3.88,Aeromonas_B | R3
132.05,Aeromonas_B,R3,3.81,Aeromonas_B | R3
133.05,Aeromonas_B,R3,3.73,Aeromonas_B | R3
134.05,Aeromonas_B,R3,3.66,Aeromonas_B | R3
135.05,Aeromonas_B,R3,3.58,Aeromonas_B | R3
136.05,Aeromonas_B,R3,3.5,Aeromonas_B | R3
137.05,Aeromonas_B,R3,3.43,Aeromonas_B | R3
138.05,Aeromonas_B,R3,3.33,Aeromonas_B | R3
139.05,Aeromonas_B,R3,3.24,Aeromonas_B | R3
140.05,Aeromonas_B,R3,3.16,Aeromonas_B | R3
141.05,Aeromonas_B,R3,3.06,Aeromonas_B | R3
142.05,Aeromonas_B,R3,2.96,Aeromonas_B | R3
143.05,Aeromonas_B,R3,2.87,Aeromonas_B | R3
144.05,Aeromonas_B,R3,2.79,Aeromonas_B | R3
145.05,Aeromonas_B,R3,2.65,Aeromonas_B | R3
146.05,Aeromonas_B,R3,2.55,Aeromonas_B | R3
147.05,Aeromonas_B,R3,2.43,Aeromonas_B | R3
148.05,Aeromonas_B,R3,2.31,Aeromonas_B | R3
149.05,Aeromonas_B,R3,2.19,Aeromonas_B | R3
150.05,Aeromonas_B,R3,2.05,Aeromonas_B | R3
151.05,Aeromonas_B,R3,1.93,Aeromonas_B | R3
152.05,Aeromonas_B,R3,1.79,Aeromonas_B | R3
153.05,Aeromonas_B,R3,1.66,Aeromonas_B | R3
154.05,Aeromonas_B,R3,1.51,Aeromonas_B | R3
155.05,Aeromonas_B,R3,1.36,Aeromonas_B | R3
156.05,Aeromonas_B,R3,1.2,Aeromonas_B | R3
157.05,Aeromonas_B,R3,1.03,Aeromonas_B | R3
158.05,Aeromonas_B,R3,0.88,Aeromonas_B | R3
159.05,Aeromonas_B,R3,0.71,Aeromonas_B | R3
160.05,Aeromonas_B,R3,0.52,Aeromonas_B | R3
161.05,Aeromonas_B,R3,0.34,Aeromonas_B | R3
162.05,Aeromonas_B,R3,0.15,Aeromonas_B | R3
163.05,Aeromonas_B,R3,0,Aeromonas_B | R3
164.05,Aeromonas_B,R3,0,Aeromonas_B | R3
165.05,Aeromonas_B,R3,0,Aeromonas_B | R3
166.05,Aeromonas_B,R3,0,Aeromonas_B | R3
167.05,Aeromonas_B,R3,0,Aeromonas_B | R3
168.05,Aeromonas_B,R3,0,Aeromonas_B | R3
169.05,Aeromonas_B,R3,0,Aeromonas_B | R3
170.05,Aeromonas_B,R3,0,Aeromonas_B | R3
171.05,Aeromonas_B,R3,0,Aeromonas_B | R3
172.05,Aeromonas_B,R3,0,Aeromonas_B | R3
173.05,Aeromonas_B,R3,0,Aeromonas_B | R3
174.05,Aeromonas_B,R3,0,Aeromonas_B | R3
175.05,Aeromonas_B,R3,0,Aeromonas_B | R3
176.05,Aeromonas_B,R3,0,Aeromonas_B | R3
177.05,Aeromonas_B,R3,0,Aeromonas_B | R3
178.05,Aeromonas_B,R3,0,Aeromonas_B | R3
179.05,Aeromonas_B,R3,0,Aeromonas_B | R3
180.05,Aeromonas_B,R3,0,Aeromonas_B | R3
181.05,Aeromonas_B,R3,0,Aeromonas_B | R3
182.05,Aeromonas_B,R3,0,Aeromonas_B | R3
183.05,Aeromonas_B,R3,0,Aeromonas_B | R3
184.05,Aeromonas_B,R3,0,Aeromonas_B | R3
185.05,Aeromonas_B,R3,0,Aeromonas_B | R3
186.05,Aeromonas_B,R3,0,Aeromonas_B | R3
187.05,Aeromonas_B,R3,0,Aeromonas_B | R3
188.05,Aeromonas_B,R3,0,Aeromonas_B | R3
189.05,Aeromonas_B,R3,0,Aeromonas_B | R3
190.05,Aeromonas_B,R3,0,Aeromonas_B | R3
191.05,Aeromonas_B,R3,0,Aeromonas_B | R3
192.05,Aeromonas_B,R3,0,Aeromonas_B | R3
193.05,Aeromonas_B,R3,0,Aeromonas_B | R3
194.05,Aeromonas_B,R3,0,Aeromonas_B | R3
195.05,Aeromonas_B,R3,0,Aeromonas_B | R3
196.05,Aeromonas_B,R3,0,Aeromonas_B | R3
197.05,Aeromonas_B,R3,0,Aeromonas_B | R3
0.03,Aeromonas_B,R4,4.54,Aeromonas_B | R4
1.03,Aeromonas_B,R4,4.53,Aeromonas_B | R4
2.03,Aeromonas_B,R4,4.59,Aeromonas_B | R4
3.03,Aeromonas_B,R4,4.65,Aeromonas_B | R4
4.03,Aeromonas_B,R4,4.71,Aeromonas_B | R4
5.03,Aeromonas_B,R4,4.77,Aeromonas_B | R4
6.03,Aeromonas_B,R4,4.83,Aeromonas_B | R4
7.03,Aeromonas_B,R4,4.91,Aeromonas_B | R4
8.03,Aeromonas_B,R4,4.95,Aeromonas_B | R4
9.03,Aeromonas_B,R4,5.02,Aeromonas_B | R4
10.03,Aeromonas_B,R4,5.07,Aeromonas_B | R4
11.03,Aeromonas_B,R4,5.11,Aeromonas_B | R4
12.03,Aeromonas_B,R4,5.17,Aeromonas_B | R4
13.03,Aeromonas_B,R4,5.2,Aeromonas_B | R4
14.03,Aeromonas_B,R4,5.25,Aeromonas_B | R4
15.03,Aeromonas_B,R4,5.29,Aeromonas_B | R4
16.03,Aeromonas_B,R4,5.34,Aeromonas_B | R4
17.03,Aeromonas_B,R4,5.38,Aeromonas_B | R4
18.03,Aeromonas_B,R4,5.42,Aeromonas_B | R4
19.03,Aeromonas_B,R4,5.47,Aeromonas_B | R4
20.03,Aeromonas_B,R4,5.49,Aeromonas_B | R4
21.03,Aeromonas_B,R4,5.54,Aeromonas_B | R4
22.03,Aeromonas_B,R4,5.57,Aeromonas_B | R4
23.03,Aeromonas_B,R4,5.61,Aeromonas_B | R4
24.03,Aeromonas_B,R4,5.65,Aeromonas_B | R4
25.03,Aeromonas_B,R4,5.7,Aeromonas_B | R4
26.03,Aeromonas_B,R4,5.74,Aeromonas_B | R4
27.03,Aeromonas_B,R4,5.76,Aeromonas_B | R4
28.03,Aeromonas_B,R4,5.81,Aeromonas_B | R4
29.03,Aeromonas_B,R4,5.85,Aeromonas_B | R4
30.03,Aeromonas_B,R4,5.87,Aeromonas_B | R4
31.03,Aeromonas_B,R4,5.91,Aeromonas_B | R4
32.03,Aeromonas_B,R4,5.95,Aeromonas_B | R4
33.03,Aeromonas_B,R4,5.98,Aeromonas_B | R4
34.03,Aeromonas_B,R4,6.01,Aeromonas_B | R4
35.03,Aeromonas_B,R4,6.03,Aeromonas_B | R4
36.03,Aeromonas_B,R4,6.06,Aeromonas_B | R4
37.03,Aeromonas_B,R4,6.08,Aeromonas_B | R4
38.03,Aeromonas_B,R4,6.1,Aeromonas_B | R4
39.03,Aeromonas_B,R4,6.12,Aeromonas_B | R4
40.03,Aeromonas_B,R4,6.14,Aeromonas_B | R4
41.03,Aeromonas_B,R4,6.16,Aeromonas_B | R4
42.03,Aeromonas_B,R4,6.15,Aeromonas_B | R4
43.03,Aeromonas_B,R4,6.17,Aeromonas_B | R4
44.03,Aeromonas_B,R4,6.18,Aeromonas_B | R4
45.03,Aeromonas_B,R4,6.2,Aeromonas_B | R4
46.03,Aeromonas_B,R4,6.2,Aeromonas_B | R4
47.03,Aeromonas_B,R4,6.21,Aeromonas_B | R4
48.03,Aeromonas_B,R4,6.21,Aeromonas_B | R4
49.03,Aeromonas_B,R4,6.21,Aeromonas_B | R4
50.05,Aeromonas_B,R4,6.21,Aeromonas_B | R4
51.05,Aeromonas_B,R4,6.21,Aeromonas_B | R4
52.05,Aeromonas_B,R4,6.22,Aeromonas_B | R4
53.05,Aeromonas_B,R4,6.23,Aeromonas_B | R4
54.05,Aeromonas_B,R4,6.24,Aeromonas_B | R4
55.05,Aeromonas_B,R4,6.22,Aeromonas_B | R4
56.05,Aeromonas_B,R4,6.23,Aeromonas_B | R4
57.05,Aeromonas_B,R4,6.21,Aeromonas_B | R4
58.05,Aeromonas_B,R4,6.22,Aeromonas_B | R4
59.05,Aeromonas_B,R4,6.2,Aeromonas_B | R4
60.05,Aeromonas_B,R4,6.19,Aeromonas_B | R4
61.05,Aeromonas_B,R4,6.2,Aeromonas_B | R4
62.05,Aeromonas_B,R4,6.17,Aeromonas_B | R4
63.05,Aeromonas_B,R4,6.16,Aeromonas_B | R4
64.05,Aeromonas_B,R4,6.17,Aeromonas_B | R4
65.05,Aeromonas_B,R4,6.16,Aeromonas_B | R4
66.05,Aeromonas_B,R4,6.15,Aeromonas_B | R4
67.05,Aeromonas_B,R4,6.14,Aeromonas_B | R4
68.05,Aeromonas_B,R4,6.15,Aeromonas_B | R4
69.05,Aeromonas_B,R4,6.13,Aeromonas_B | R4
70.05,Aeromonas_B,R4,6.12,Aeromonas_B | R4
71.05,Aeromonas_B,R4,6.11,Aeromonas_B | R4
72.05,Aeromonas_B,R4,6.11,Aeromonas_B | R4
73.05,Aeromonas_B,R4,6.1,Aeromonas_B | R4
74.05,Aeromonas_B,R4,6.09,Aeromonas_B | R4
75.05,Aeromonas_B,R4,6.09,Aeromonas_B | R4
76.05,Aeromonas_B,R4,6.07,Aeromonas_B | R4
77.05,Aeromonas_B,R4,6.06,Aeromonas_B | R4
78.05,Aeromonas_B,R4,6.05,Aeromonas_B | R4
79.05,Aeromonas_B,R4,6.04,Aeromonas_B | R4
80.05,Aeromonas_B,R4,6.01,Aeromonas_B | R4
81.05,Aeromonas_B,R4,6.01,Aeromonas_B | R4
82.05,Aeromonas_B,R4,6,Aeromonas_B | R4
83.05,Aeromonas_B,R4,5.97,Aeromonas_B | R4
84.05,Aeromonas_B,R4,5.96,Aeromonas_B | R4
85.05,Aeromonas_B,R4,5.97,Aeromonas_B | R4
86.05,Aeromonas_B,R4,5.94,Aeromonas_B | R4
87.05,Aeromonas_B,R4,5.93,Aeromonas_B | R4
88.05,Aeromonas_B,R4,5.91,Aeromonas_B | R4
89.05,Aeromonas_B,R4,5.88,Aeromonas_B | R4
90.05,Aeromonas_B,R4,5.87,Aeromonas_B | R4
91.05,Aeromonas_B,R4,5.86,Aeromonas_B | R4
92.05,Aeromonas_B,R4,5.83,Aeromonas_B | R4
93.05,Aeromonas_B,R4,5.82,Aeromonas_B | R4
94.05,Aeromonas_B,R4,5.81,Aeromonas_B | R4
95.05,Aeromonas_B,R4,5.79,Aeromonas_B | R4
96.05,Aeromonas_B,R4,5.75,Aeromonas_B | R4
97.05,Aeromonas_B,R4,5.74,Aeromonas_B | R4
98.05,Aeromonas_B,R4,5.71,Aeromonas_B | R4
99.05,Aeromonas_B,R4,5.69,Aeromonas_B | R4
100.05,Aeromonas_B,R4,5.68,Aeromonas_B | R4
101.05,Aeromonas_B,R4,5.65,Aeromonas_B | R4
102.05,Aeromonas_B,R4,5.61,Aeromonas_B | R4
103.05,Aeromonas_B,R4,5.59,Aeromonas_B | R4
104.05,Aeromonas_B,R4,5.57,Aeromonas_B | R4
105.05,Aeromonas_B,R4,5.53,Aeromonas_B | R4
106.05,Aeromonas_B,R4,5.51,Aeromonas_B | R4
107.05,Aeromonas_B,R4,5.47,Aeromonas_B | R4
108.05,Aeromonas_B,R4,5.44,Aeromonas_B | R4
109.05,Aeromonas_B,R4,5.4,Aeromonas_B | R4
110.05,Aeromonas_B,R4,5.37,Aeromonas_B | R4
111.05,Aeromonas_B,R4,5.35,Aeromonas_B | R4
112.05,Aeromonas_B,R4,5.3,Aeromonas_B | R4
113.05,Aeromonas_B,R4,5.27,Aeromonas_B | R4
114.05,Aeromonas_B,R4,5.21,Aeromonas_B | R4
115.05,Aeromonas_B,R4,5.17,Aeromonas_B | R4
116.05,Aeromonas_B,R4,5.14,Aeromonas_B | R4
117.05,Aeromonas_B,R4,5.1,Aeromonas_B | R4
118.05,Aeromonas_B,R4,5.04,Aeromonas_B | R4
119.05,Aeromonas_B,R4,5.01,Aeromonas_B | R4
120.05,Aeromonas_B,R4,4.95,Aeromonas_B | R4
121.05,Aeromonas_B,R4,4.87,Aeromonas_B | R4
122.05,Aeromonas_B,R4,4.84,Aeromonas_B | R4
123.05,Aeromonas_B,R4,4.79,Aeromonas_B | R4
124.05,Aeromonas_B,R4,4.73,Aeromonas_B | R4
125.05,Aeromonas_B,R4,4.66,Aeromonas_B | R4
126.05,Aeromonas_B,R4,4.62,Aeromonas_B | R4
127.05,Aeromonas_B,R4,4.54,Aeromonas_B | R4
128.05,Aeromonas_B,R4,4.48,Aeromonas_B | R4
129.05,Aeromonas_B,R4,4.4,Aeromonas_B | R4
130.05,Aeromonas_B,R4,4.33,Aeromonas_B | R4
131.05,Aeromonas_B,R4,4.27,Aeromonas_B | R4
132.05,Aeromonas_B,R4,4.19,Aeromonas_B | R4
133.05,Aeromonas_B,R4,4.12,Aeromonas_B | R4
134.05,Aeromonas_B,R4,4.04,Aeromonas_B | R4
135.05,Aeromonas_B,R4,3.94,Aeromonas_B | R4
136.05,Aeromonas_B,R4,3.86,Aeromonas_B | R4
137.05,Aeromonas_B,R4,3.76,Aeromonas_B | R4
138.05,Aeromonas_B,R4,3.67,Aeromonas_B | R4
139.05,Aeromonas_B,R4,3.56,Aeromonas_B | R4
140.05,Aeromonas_B,R4,3.46,Aeromonas_B | R4
141.05,Aeromonas_B,R4,3.35,Aeromonas_B | R4
142.05,Aeromonas_B,R4,3.26,Aeromonas_B | R4
143.05,Aeromonas_B,R4,3.13,Aeromonas_B | R4
144.05,Aeromonas_B,R4,3.02,Aeromonas_B | R4
145.05,Aeromonas_B,R4,2.89,Aeromonas_B | R4
146.05,Aeromonas_B,R4,2.76,Aeromonas_B | R4
147.05,Aeromonas_B,R4,2.64,Aeromonas_B | R4
148.05,Aeromonas_B,R4,2.5,Aeromonas_B | R4
149.05,Aeromonas_B,R4,2.35,Aeromonas_B | R4
150.05,Aeromonas_B,R4,2.21,Aeromonas_B | R4
151.05,Aeromonas_B,R4,2.04,Aeromonas_B | R4
152.05,Aeromonas_B,R4,1.9,Aeromonas_B | R4
153.05,Aeromonas_B,R4,1.73,Aeromonas_B | R4
154.05,Aeromonas_B,R4,1.57,Aeromonas_B | R4
155.05,Aeromonas_B,R4,1.39,Aeromonas_B | R4
156.05,Aeromonas_B,R4,1.21,Aeromonas_B | R4
157.05,Aeromonas_B,R4,1.03,Aeromonas_B | R4
158.05,Aeromonas_B,R4,0.83,Aeromonas_B | R4
159.05,Aeromonas_B,R4,0.62,Aeromonas_B | R4
160.05,Aeromonas_B,R4,0.41,Aeromonas_B | R4
161.05,Aeromonas_B,R4,0.2,Aeromonas_B | R4
162.05,Aeromonas_B,R4,0.02,Aeromonas_B | R4
163.05,Aeromonas_B,R4,0,Aeromonas_B | R4
164.05,Aeromonas_B,R4,0,Aeromonas_B | R4
165.05,Aeromonas_B,R4,0,Aeromonas_B | R4
166.05,Aeromonas_B,R4,0,Aeromonas_B | R4
167.05,Aeromonas_B,R4,0,Aeromonas_B | R4
168.05,Aeromonas_B,R4,0,Aeromonas_B | R4
169.05,Aeromonas_B,R4,0,Aeromonas_B | R4
170.05,Aeromonas_B,R4,0,Aeromonas_B | R4
171.05,Aeromonas_B,R4,0,Aeromonas_B | R4
172.05,Aeromonas_B,R4,0,Aeromonas_B | R4
173.05,Aeromonas_B,R4,0,Aeromonas_B | R4
174.05,Aeromonas_B,R4,0,Aeromonas_B | R4
175.05,Aeromonas_B,R4,0,Aeromonas_B | R4
176.05,Aeromonas_B,R4,0,Aeromonas_B | R4
177.05,Aeromonas_B,R4,0,Aeromonas_B | R4
178.05,Aeromonas_B,R4,0,Aeromonas_B | R4
179.05,Aeromonas_B,R4,0,Aeromonas_B | R4
180.05,Aeromonas_B,R4,0,Aeromonas_B | R4
181.05,Aeromonas_B,R4,0,Aeromonas_B | R4
182.05,Aeromonas_B,R4,0,Aeromonas_B | R4
183.05,Aeromonas_B,R4,0,Aeromonas_B | R4
184.05,Aeromonas_B,R4,0,Aeromonas_B | R4
185.05,Aeromonas_B,R4,0,Aeromonas_B | R4
186.05,Aeromonas_B,R4,0,Aeromonas_B | R4
187.05,Aeromonas_B,R4,0,Aeromonas_B | R4
188.05,Aeromonas_B,R4,0,Aeromonas_B | R4
189.05,Aeromonas_B,R4,0,Aeromonas_B | R4
190.05,Aeromonas_B,R4,0,Aeromonas_B | R4
191.05,Aeromonas_B,R4,0,Aeromonas_B | R4
192.05,Aeromonas_B,R4,0,Aeromonas_B | R4
193.05,Aeromonas_B,R4,0,Aeromonas_B | R4
194.05,Aeromonas_B,R4,0,Aeromonas_B | R4
195.05,Aeromonas_B,R4,0,Aeromonas_B | R4
196.05,Aeromonas_B,R4,0,Aeromonas_B | R4
197.05,Aeromonas_B,R4,0,Aeromonas_B | R4
0.03,Aeromonas_B,R5,4.57,Aeromonas_B | R5
1.03,Aeromonas_B,R5,4.6,Aeromonas_B | R5
2.03,Aeromonas_B,R5,4.67,Aeromonas_B | R5
3.03,Aeromonas_B,R5,4.74,Aeromonas_B | R5
4.03,Aeromonas_B,R5,4.8,Aeromonas_B | R5
5.03,Aeromonas_B,R5,4.87,Aeromonas_B | R5
6.03,Aeromonas_B,R5,4.93,Aeromonas_B | R5
7.03,Aeromonas_B,R5,5,Aeromonas_B | R5
8.03,Aeromonas_B,R5,5.05,Aeromonas_B | R5
9.03,Aeromonas_B,R5,5.11,Aeromonas_B | R5
10.03,Aeromonas_B,R5,5.17,Aeromonas_B | R5
11.03,Aeromonas_B,R5,5.21,Aeromonas_B | R5
12.03,Aeromonas_B,R5,5.26,Aeromonas_B | R5
13.03,Aeromonas_B,R5,5.29,Aeromonas_B | R5
14.03,Aeromonas_B,R5,5.34,Aeromonas_B | R5
15.03,Aeromonas_B,R5,5.38,Aeromonas_B | R5
16.03,Aeromonas_B,R5,5.4,Aeromonas_B | R5
17.03,Aeromonas_B,R5,5.44,Aeromonas_B | R5
18.03,Aeromonas_B,R5,5.47,Aeromonas_B | R5
19.03,Aeromonas_B,R5,5.5,Aeromonas_B | R5
20.03,Aeromonas_B,R5,5.52,Aeromonas_B | R5
21.03,Aeromonas_B,R5,5.55,Aeromonas_B | R5
22.03,Aeromonas_B,R5,5.57,Aeromonas_B | R5
23.03,Aeromonas_B,R5,5.6,Aeromonas_B | R5
24.03,Aeromonas_B,R5,5.6,Aeromonas_B | R5
25.03,Aeromonas_B,R5,5.62,Aeromonas_B | R5
26.03,Aeromonas_B,R5,5.64,Aeromonas_B | R5
27.03,Aeromonas_B,R5,5.66,Aeromonas_B | R5
28.03,Aeromonas_B,R5,5.68,Aeromonas_B | R5
29.03,Aeromonas_B,R5,5.7,Aeromonas_B | R5
30.03,Aeromonas_B,R5,5.7,Aeromonas_B | R5
31.03,Aeromonas_B,R5,5.71,Aeromonas_B | R5
32.03,Aeromonas_B,R5,5.72,Aeromonas_B | R5
33.03,Aeromonas_B,R5,5.73,Aeromonas_B | R5
34.03,Aeromonas_B,R5,5.74,Aeromonas_B | R5
35.03,Aeromonas_B,R5,5.74,Aeromonas_B | R5
36.03,Aeromonas_B,R5,5.75,Aeromonas_B | R5
37.03,Aeromonas_B,R5,5.75,Aeromonas_B | R5
38.03,Aeromonas_B,R5,5.75,Aeromonas_B | R5
39.03,Aeromonas_B,R5,5.76,Aeromonas_B | R5
40.03,Aeromonas_B,R5,5.77,Aeromonas_B | R5
41.03,Aeromonas_B,R5,5.76,Aeromonas_B | R5
42.03,Aeromonas_B,R5,5.76,Aeromonas_B | R5
43.03,Aeromonas_B,R5,5.75,Aeromonas_B | R5
44.03,Aeromonas_B,R5,5.76,Aeromonas_B | R5
45.03,Aeromonas_B,R5,5.76,Aeromonas_B | R5
46.03,Aeromonas_B,R5,5.76,Aeromonas_B | R5
47.03,Aeromonas_B,R5,5.78,Aeromonas_B | R5
48.03,Aeromonas_B,R5,5.77,Aeromonas_B | R5
49.03,Aeromonas_B,R5,5.78,Aeromonas_B | R5
50.05,Aeromonas_B,R5,5.77,Aeromonas_B | R5
51.05,Aeromonas_B,R5,5.77,Aeromonas_B | R5
52.05,Aeromonas_B,R5,5.76,Aeromonas_B | R5
53.05,Aeromonas_B,R5,5.76,Aeromonas_B | R5
54.05,Aeromonas_B,R5,5.75,Aeromonas_B | R5
55.05,Aeromonas_B,R5,5.75,Aeromonas_B | R5
56.05,Aeromonas_B,R5,5.75,Aeromonas_B | R5
57.05,Aeromonas_B,R5,5.75,Aeromonas_B | R5
58.05,Aeromonas_B,R5,5.74,Aeromonas_B | R5
59.05,Aeromonas_B,R5,5.74,Aeromonas_B | R5
60.05,Aeromonas_B,R5,5.72,Aeromonas_B | R5
61.05,Aeromonas_B,R5,5.73,Aeromonas_B | R5
62.05,Aeromonas_B,R5,5.73,Aeromonas_B | R5
63.05,Aeromonas_B,R5,5.73,Aeromonas_B | R5
64.05,Aeromonas_B,R5,5.72,Aeromonas_B | R5
65.05,Aeromonas_B,R5,5.72,Aeromonas_B | R5
66.05,Aeromonas_B,R5,5.71,Aeromonas_B | R5
67.05,Aeromonas_B,R5,5.71,Aeromonas_B | R5
68.05,Aeromonas_B,R5,5.69,Aeromonas_B | R5
69.05,Aeromonas_B,R5,5.7,Aeromonas_B | R5
70.05,Aeromonas_B,R5,5.69,Aeromonas_B | R5
71.05,Aeromonas_B,R5,5.68,Aeromonas_B | R5
72.05,Aeromonas_B,R5,5.67,Aeromonas_B | R5
73.05,Aeromonas_B,R5,5.66,Aeromonas_B | R5
74.05,Aeromonas_B,R5,5.67,Aeromonas_B | R5
75.05,Aeromonas_B,R5,5.65,Aeromonas_B | R5
76.05,Aeromonas_B,R5,5.66,Aeromonas_B | R5
77.05,Aeromonas_B,R5,5.64,Aeromonas_B | R5
78.05,Aeromonas_B,R5,5.63,Aeromonas_B | R5
79.05,Aeromonas_B,R5,5.61,Aeromonas_B | R5
80.05,Aeromonas_B,R5,5.62,Aeromonas_B | R5
81.05,Aeromonas_B,R5,5.6,Aeromonas_B | R5
82.05,Aeromonas_B,R5,5.58,Aeromonas_B | R5
83.05,Aeromonas_B,R5,5.58,Aeromonas_B | R5
84.05,Aeromonas_B,R5,5.57,Aeromonas_B | R5
85.05,Aeromonas_B,R5,5.57,Aeromonas_B | R5
86.05,Aeromonas_B,R5,5.56,Aeromonas_B | R5
87.05,Aeromonas_B,R5,5.55,Aeromonas_B | R5
88.05,Aeromonas_B,R5,5.54,Aeromonas_B | R5
89.05,Aeromonas_B,R5,5.52,Aeromonas_B | R5
90.05,Aeromonas_B,R5,5.51,Aeromonas_B | R5
91.05,Aeromonas_B,R5,5.5,Aeromonas_B | R5
92.05,Aeromonas_B,R5,5.48,Aeromonas_B | R5
93.05,Aeromonas_B,R5,5.47,Aeromonas_B | R5
94.05,Aeromonas_B,R5,5.45,Aeromonas_B | R5
95.05,Aeromonas_B,R5,5.43,Aeromonas_B | R5
96.05,Aeromonas_B,R5,5.43,Aeromonas_B | R5
97.05,Aeromonas_B,R5,5.41,Aeromonas_B | R5
98.05,Aeromonas_B,R5,5.4,Aeromonas_B | R5
99.05,Aeromonas_B,R5,5.39,Aeromonas_B | R5
100.05,Aeromonas_B,R5,5.35,Aeromonas_B | R5
101.05,Aeromonas_B,R5,5.33,Aeromonas_B | R5
102.05,Aeromonas_B,R5,5.32,Aeromonas_B | R5
103.05,Aeromonas_B,R5,5.29,Aeromonas_B | R5
104.05,Aeromonas_B,R5,5.28,Aeromonas_B | R5
105.05,Aeromonas_B,R5,5.26,Aeromonas_B | R5
106.05,Aeromonas_B,R5,5.25,Aeromonas_B | R5
107.05,Aeromonas_B,R5,5.22,Aeromonas_B | R5
108.05,Aeromonas_B,R5,5.19,Aeromonas_B | R5
109.05,Aeromonas_B,R5,5.18,Aeromonas_B | R5
110.05,Aeromonas_B,R5,5.14,Aeromonas_B | R5
111.05,Aeromonas_B,R5,5.12,Aeromonas_B | R5
112.05,Aeromonas_B,R5,5.11,Aeromonas_B | R5
113.05,Aeromonas_B,R5,5.06,Aeromonas_B | R5
114.05,Aeromonas_B,R5,5.05,Aeromonas_B | R5
115.05,Aeromonas_B,R5,5.01,Aeromonas_B | R5
116.05,Aeromonas_B,R5,4.97,Aeromonas_B | R5
117.05,Aeromonas_B,R5,4.95,Aeromonas_B | R5
118.05,Aeromonas_B,R5,4.92,Aeromonas_B | R5
119.05,Aeromonas_B,R5,4.87,Aeromonas_B | R5
120.05,Aeromonas_B,R5,4.85,Aeromonas_B | R5
121.05,Aeromonas_B,R5,4.8,Aeromonas_B | R5
122.05,Aeromonas_B,R5,4.77,Aeromonas_B | R5
123.05,Aeromonas_B,R5,4.72,Aeromonas_B | R5
124.05,Aeromonas_B,R5,4.7,Aeromonas_B | R5
125.05,Aeromonas_B,R5,4.65,Aeromonas_B | R5
126.05,Aeromonas_B,R5,4.6,Aeromonas_B | R5
127.05,Aeromonas_B,R5,4.57,Aeromonas_B | R5
128.05,Aeromonas_B,R5,4.51,Aeromonas_B | R5
129.05,Aeromonas_B,R5,4.46,Aeromonas_B | R5
130.05,Aeromonas_B,R5,4.42,Aeromonas_B | R5
131.05,Aeromonas_B,R5,4.35,Aeromonas_B | R5
132.05,Aeromonas_B,R5,4.3,Aeromonas_B | R5
133.05,Aeromonas_B,R5,4.25,Aeromonas_B | R5
134.05,Aeromonas_B,R5,4.19,Aeromonas_B | R5
135.05,Aeromonas_B,R5,4.12,Aeromonas_B | R5
136.05,Aeromonas_B,R5,4.06,Aeromonas_B | R5
137.05,Aeromonas_B,R5,3.99,Aeromonas_B | R5
138.05,Aeromonas_B,R5,3.91,Aeromonas_B | R5
139.05,Aeromonas_B,R5,3.85,Aeromonas_B | R5
140.05,Aeromonas_B,R5,3.77,Aeromonas_B | R5
141.05,Aeromonas_B,R5,3.71,Aeromonas_B | R5
142.05,Aeromonas_B,R5,3.63,Aeromonas_B | R5
143.05,Aeromonas_B,R5,3.55,Aeromonas_B | R5
144.05,Aeromonas_B,R5,3.45,Aeromonas_B | R5
145.05,Aeromonas_B,R5,3.38,Aeromonas_B | R5
146.05,Aeromonas_B,R5,3.29,Aeromonas_B | R5
147.05,Aeromonas_B,R5,3.18,Aeromonas_B | R5
148.05,Aeromonas_B,R5,3.1,Aeromonas_B | R5
149.05,Aeromonas_B,R5,2.98,Aeromonas_B | R5
150.05,Aeromonas_B,R5,2.89,Aeromonas_B | R5
151.05,Aeromonas_B,R5,2.78,Aeromonas_B | R5
152.05,Aeromonas_B,R5,2.67,Aeromonas_B | R5
153.05,Aeromonas_B,R5,2.56,Aeromonas_B | R5
154.05,Aeromonas_B,R5,2.43,Aeromonas_B | R5
155.05,Aeromonas_B,R5,2.32,Aeromonas_B | R5
156.05,Aeromonas_B,R5,2.18,Aeromonas_B | R5
157.05,Aeromonas_B,R5,2.05,Aeromonas_B | R5
158.05,Aeromonas_B,R5,1.9,Aeromonas_B | R5
159.05,Aeromonas_B,R5,1.76,Aeromonas_B | R5
160.05,Aeromonas_B,R5,1.62,Aeromonas_B | R5
161.05,Aeromonas_B,R5,1.46,Aeromonas_B | R5
162.05,Aeromonas_B,R5,1.3,Aeromonas_B | R5
163.05,Aeromonas_B,R5,1.14,Aeromonas_B | R5
164.05,Aeromonas_B,R5,0.94,Aeromonas_B | R5
165.05,Aeromonas_B,R5,0.78,Aeromonas_B | R5
166.05,Aeromonas_B,R5,0.6,Aeromonas_B | R5
167.05,Aeromonas_B,R5,0.41,Aeromonas_B | R5
168.05,Aeromonas_B,R5,0.2,Aeromonas_B | R5
169.05,Aeromonas_B,R5,0.08,Aeromonas_B | R5
170.05,Aeromonas_B,R5,0.04,Aeromonas_B | R5
171.05,Aeromonas_B,R5,0.03,Aeromonas_B | R5
172.05,Aeromonas_B,R5,0.02,Aeromonas_B | R5
173.05,Aeromonas_B,R5,0.01,Aeromonas_B | R5
174.05,Aeromonas_B,R5,0.02,Aeromonas_B | R5
175.05,Aeromonas_B,R5,0.01,Aeromonas_B | R5
176.05,Aeromonas_B,R5,0.01,Aeromonas_B | R5
177.05,Aeromonas_B,R5,0.01,Aeromonas_B | R5
178.05,Aeromonas_B,R5,0,Aeromonas_B | R5
179.05,Aeromonas_B,R5,0,Aeromonas_B | R5
180.05,Aeromonas_B,R5,0.01,Aeromonas_B | R5
181.05,Aeromonas_B,R5,0.01,Aeromonas_B | R5
182.05,Aeromonas_B,R5,0.01,Aeromonas_B | R5
183.05,Aeromonas_B,R5,0.01,Aeromonas_B | R5
184.05,Aeromonas_B,R5,0.01,Aeromonas_B | R5
185.05,Aeromonas_B,R5,0,Aeromonas_B | R5
186.05,Aeromonas_B,R5,0.01,Aeromonas_B | R5
187.05,Aeromonas_B,R5,0.01,Aeromonas_B | R5
188.05,Aeromonas_B,R5,0.01,Aeromonas_B | R5
189.05,Aeromonas_B,R5,0,Aeromonas_B | R5
190.05,Aeromonas_B,R5,0,Aeromonas_B | R5
191.05,Aeromonas_B,R5,0,Aeromonas_B | R5
192.05,Aeromonas_B,R5,0.01,Aeromonas_B | R5
193.05,Aeromonas_B,R5,0.01,Aeromonas_B | R5
194.05,Aeromonas_B,R5,0.01,Aeromonas_B | R5
195.05,Aeromonas_B,R5,0.01,Aeromonas_B | R5
196.05,Aeromonas_B,R5,0,Aeromonas_B | R5
197.05,Aeromonas_B,R5,0,Aeromonas_B | R5
0.03,Arthrobacter,R1,4.82,Arthrobacter | R1
1.03,Arthrobacter,R1,4.8,Arthrobacter | R1
2.03,Arthrobacter,R1,4.85,Arthrobacter | R1
3.03,Arthrobacter,R1,4.91,Arthrobacter | R1
4.03,Arthrobacter,R1,4.99,Arthrobacter | R1
5.03,Arthrobacter,R1,5.05,Arthrobacter | R1
6.03,Arthrobacter,R1,5.11,Arthrobacter | R1
7.03,Arthrobacter,R1,5.18,Arthrobacter | R1
8.03,Arthrobacter,R1,5.23,Arthrobacter | R1
9.03,Arthrobacter,R1,5.29,Arthrobacter | R1
10.03,Arthrobacter,R1,5.35,Arthrobacter | R1
11.03,Arthrobacter,R1,5.4,Arthrobacter | R1
12.03,Arthrobacter,R1,5.46,Arthrobacter | R1
13.03,Arthrobacter,R1,5.49,Arthrobacter | R1
14.03,Arthrobacter,R1,5.53,Arthrobacter | R1
15.03,Arthrobacter,R1,5.56,Arthrobacter | R1
16.03,Arthrobacter,R1,5.6,Arthrobacter | R1
17.03,Arthrobacter,R1,5.63,Arthrobacter | R1
18.03,Arthrobacter,R1,5.66,Arthrobacter | R1
19.03,Arthrobacter,R1,5.7,Arthrobacter | R1
20.03,Arthrobacter,R1,5.72,Arthrobacter | R1
21.03,Arthrobacter,R1,5.73,Arthrobacter | R1
22.03,Arthrobacter,R1,5.77,Arthrobacter | R1
23.03,Arthrobacter,R1,5.8,Arthrobacter | R1
24.03,Arthrobacter,R1,5.81,Arthrobacter | R1
25.03,Arthrobacter,R1,5.84,Arthrobacter | R1
26.03,Arthrobacter,R1,5.86,Arthrobacter | R1
27.03,Arthrobacter,R1,5.87,Arthrobacter | R1
28.03,Arthrobacter,R1,5.88,Arthrobacter | R1
29.03,Arthrobacter,R1,5.9,Arthrobacter | R1
30.03,Arthrobacter,R1,5.93,Arthrobacter | R1
31.03,Arthrobacter,R1,5.93,Arthrobacter | R1
32.03,Arthrobacter,R1,5.95,Arthrobacter | R1
33.03,Arthrobacter,R1,5.97,Arthrobacter | R1
34.03,Arthrobacter,R1,5.98,Arthrobacter | R1
35.03,Arthrobacter,R1,5.99,Arthrobacter | R1
36.03,Arthrobacter,R1,6.01,Arthrobacter | R1
37.03,Arthrobacter,R1,6.02,Arthrobacter | R1
38.03,Arthrobacter,R1,6.01,Arthrobacter | R1
39.03,Arthrobacter,R1,6.03,Arthrobacter | R1
40.03,Arthrobacter,R1,6.03,Arthrobacter | R1
41.03,Arthrobacter,R1,6.04,Arthrobacter | R1
42.03,Arthrobacter,R1,6.04,Arthrobacter | R1
43.03,Arthrobacter,R1,6.04,Arthrobacter | R1
44.03,Arthrobacter,R1,6.03,Arthrobacter | R1
45.03,Arthrobacter,R1,6.04,Arthrobacter | R1
46.03,Arthrobacter,R1,6.04,Arthrobacter | R1
47.03,Arthrobacter,R1,6.05,Arthrobacter | R1
48.03,Arthrobacter,R1,6.05,Arthrobacter | R1
49.03,Arthrobacter,R1,6.04,Arthrobacter | R1
50.05,Arthrobacter,R1,6.02,Arthrobacter | R1
51.05,Arthrobacter,R1,6.02,Arthrobacter | R1
52.05,Arthrobacter,R1,5.99,Arthrobacter | R1
53.05,Arthrobacter,R1,5.97,Arthrobacter | R1
54.05,Arthrobacter,R1,5.98,Arthrobacter | R1
55.05,Arthrobacter,R1,5.96,Arthrobacter | R1
56.05,Arthrobacter,R1,5.95,Arthrobacter | R1
57.05,Arthrobacter,R1,5.95,Arthrobacter | R1
58.05,Arthrobacter,R1,5.94,Arthrobacter | R1
59.05,Arthrobacter,R1,5.93,Arthrobacter | R1
60.05,Arthrobacter,R1,5.92,Arthrobacter | R1
61.05,Arthrobacter,R1,5.89,Arthrobacter | R1
62.05,Arthrobacter,R1,5.89,Arthrobacter | R1
63.05,Arthrobacter,R1,5.86,Arthrobacter | R1
64.05,Arthrobacter,R1,5.86,Arthrobacter | R1
65.05,Arthrobacter,R1,5.85,Arthrobacter | R1
66.05,Arthrobacter,R1,5.83,Arthrobacter | R1
67.05,Arthrobacter,R1,5.8,Arthrobacter | R1
68.05,Arthrobacter,R1,5.81,Arthrobacter | R1
69.05,Arthrobacter,R1,5.79,Arthrobacter | R1
70.05,Arthrobacter,R1,5.77,Arthrobacter | R1
71.05,Arthrobacter,R1,5.75,Arthrobacter | R1
72.05,Arthrobacter,R1,5.73,Arthrobacter | R1
73.05,Arthrobacter,R1,5.72,Arthrobacter | R1
74.05,Arthrobacter,R1,5.71,Arthrobacter | R1
75.05,Arthrobacter,R1,5.67,Arthrobacter | R1
76.05,Arthrobacter,R1,5.67,Arthrobacter | R1
77.05,Arthrobacter,R1,5.65,Arthrobacter | R1
78.05,Arthrobacter,R1,5.62,Arthrobacter | R1
79.05,Arthrobacter,R1,5.62,Arthrobacter | R1
80.05,Arthrobacter,R1,5.59,Arthrobacter | R1
81.05,Arthrobacter,R1,5.57,Arthrobacter | R1
82.05,Arthrobacter,R1,5.54,Arthrobacter | R1
83.05,Arthrobacter,R1,5.53,Arthrobacter | R1
84.05,Arthrobacter,R1,5.51,Arthrobacter | R1
85.05,Arthrobacter,R1,5.49,Arthrobacter | R1
86.05,Arthrobacter,R1,5.47,Arthrobacter | R1
87.05,Arthrobacter,R1,5.44,Arthrobacter | R1
88.05,Arthrobacter,R1,5.41,Arthrobacter | R1
89.05,Arthrobacter,R1,5.39,Arthrobacter | R1
90.05,Arthrobacter,R1,5.35,Arthrobacter | R1
91.05,Arthrobacter,R1,5.32,Arthrobacter | R1
92.05,Arthrobacter,R1,5.3,Arthrobacter | R1
93.05,Arthrobacter,R1,5.28,Arthrobacter | R1
94.05,Arthrobacter,R1,5.25,Arthrobacter | R1
95.05,Arthrobacter,R1,5.22,Arthrobacter | R1
96.05,Arthrobacter,R1,5.19,Arthrobacter | R1
97.05,Arthrobacter,R1,5.16,Arthrobacter | R1
98.05,Arthrobacter,R1,5.12,Arthrobacter | R1
99.05,Arthrobacter,R1,5.09,Arthrobacter | R1
100.05,Arthrobacter,R1,5.06,Arthrobacter | R1
101.05,Arthrobacter,R1,5.01,Arthrobacter | R1
102.05,Arthrobacter,R1,4.99,Arthrobacter | R1
103.05,Arthrobacter,R1,4.94,Arthrobacter | R1
104.05,Arthrobacter,R1,4.9,Arthrobacter | R1
105.05,Arthrobacter,R1,4.87,Arthrobacter | R1
106.05,Arthrobacter,R1,4.82,Arthrobacter | R1
107.05,Arthrobacter,R1,4.8,Arthrobacter | R1
108.05,Arthrobacter,R1,4.75,Arthrobacter | R1
109.05,Arthrobacter,R1,4.72,Arthrobacter | R1
110.05,Arthrobacter,R1,4.67,Arthrobacter | R1
111.05,Arthrobacter,R1,4.62,Arthrobacter | R1
112.05,Arthrobacter,R1,4.59,Arthrobacter | R1
113.05,Arthrobacter,R1,4.54,Arthrobacter | R1
114.05,Arthrobacter,R1,4.48,Arthrobacter | R1
115.05,Arthrobacter,R1,4.43,Arthrobacter | R1
116.05,Arthrobacter,R1,4.38,Arthrobacter | R1
117.05,Arthrobacter,R1,4.32,Arthrobacter | R1
118.05,Arthrobacter,R1,4.3,Arthrobacter | R1
119.05,Arthrobacter,R1,4.23,Arthrobacter | R1
120.05,Arthrobacter,R1,4.16,Arthrobacter | R1
121.05,Arthrobacter,R1,4.11,Arthrobacter | R1
122.05,Arthrobacter,R1,4.06,Arthrobacter | R1
123.05,Arthrobacter,R1,3.98,Arthrobacter | R1
124.05,Arthrobacter,R1,3.92,Arthrobacter | R1
125.05,Arthrobacter,R1,3.86,Arthrobacter | R1
126.05,Arthrobacter,R1,3.81,Arthrobacter | R1
127.05,Arthrobacter,R1,3.75,Arthrobacter | R1
128.05,Arthrobacter,R1,3.67,Arthrobacter | R1
129.05,Arthrobacter,R1,3.6,Arthrobacter | R1
130.05,Arthrobacter,R1,3.53,Arthrobacter | R1
131.05,Arthrobacter,R1,3.47,Arthrobacter | R1
132.05,Arthrobacter,R1,3.38,Arthrobacter | R1
133.05,Arthrobacter,R1,3.32,Arthrobacter | R1
134.05,Arthrobacter,R1,3.24,Arthrobacter | R1
135.05,Arthrobacter,R1,3.14,Arthrobacter | R1
136.05,Arthrobacter,R1,3.07,Arthrobacter | R1
137.05,Arthrobacter,R1,2.98,Arthrobacter | R1
138.05,Arthrobacter,R1,2.89,Arthrobacter | R1
139.05,Arthrobacter,R1,2.79,Arthrobacter | R1
140.05,Arthrobacter,R1,2.71,Arthrobacter | R1
141.05,Arthrobacter,R1,2.62,Arthrobacter | R1
142.05,Arthrobacter,R1,2.53,Arthrobacter | R1
143.05,Arthrobacter,R1,2.42,Arthrobacter | R1
144.05,Arthrobacter,R1,2.33,Arthrobacter | R1
145.05,Arthrobacter,R1,2.22,Arthrobacter | R1
146.05,Arthrobacter,R1,2.11,Arthrobacter | R1
147.05,Arthrobacter,R1,2.02,Arthrobacter | R1
148.05,Arthrobacter,R1,1.9,Arthrobacter | R1
149.05,Arthrobacter,R1,1.79,Arthrobacter | R1
150.05,Arthrobacter,R1,1.65,Arthrobacter | R1
151.05,Arthrobacter,R1,1.54,Arthrobacter | R1
152.05,Arthrobacter,R1,1.41,Arthrobacter | R1
153.05,Arthrobacter,R1,1.28,Arthrobacter | R1
154.05,Arthrobacter,R1,1.15,Arthrobacter | R1
155.05,Arthrobacter,R1,1.03,Arthrobacter | R1
156.05,Arthrobacter,R1,0.88,Arthrobacter | R1
157.05,Arthrobacter,R1,0.74,Arthrobacter | R1
158.05,Arthrobacter,R1,0.6,Arthrobacter | R1
159.05,Arthrobacter,R1,0.45,Arthrobacter | R1
160.05,Arthrobacter,R1,0.32,Arthrobacter | R1
161.05,Arthrobacter,R1,0.15,Arthrobacter | R1
162.05,Arthrobacter,R1,0.03,Arthrobacter | R1
163.05,Arthrobacter,R1,0,Arthrobacter | R1
164.05,Arthrobacter,R1,0,Arthrobacter | R1
165.05,Arthrobacter,R1,0,Arthrobacter | R1
166.05,Arthrobacter,R1,0,Arthrobacter | R1
167.05,Arthrobacter,R1,0,Arthrobacter | R1
168.05,Arthrobacter,R1,0,Arthrobacter | R1
169.05,Arthrobacter,R1,0,Arthrobacter | R1
170.05,Arthrobacter,R1,0,Arthrobacter | R1
171.05,Arthrobacter,R1,0,Arthrobacter | R1
172.05,Arthrobacter,R1,0,Arthrobacter | R1
173.05,Arthrobacter,R1,0,Arthrobacter | R1
174.05,Arthrobacter,R1,0,Arthrobacter | R1
175.05,Arthrobacter,R1,0,Arthrobacter | R1
176.05,Arthrobacter,R1,0,Arthrobacter | R1
177.05,Arthrobacter,R1,0,Arthrobacter | R1
178.05,Arthrobacter,R1,0,Arthrobacter | R1
179.05,Arthrobacter,R1,0,Arthrobacter | R1
180.05,Arthrobacter,R1,0,Arthrobacter | R1
181.05,Arthrobacter,R1,0,Arthrobacter | R1
182.05,Arthrobacter,R1,0,Arthrobacter | R1
183.05,Arthrobacter,R1,0,Arthrobacter | R1
184.05,Arthrobacter,R1,0,Arthrobacter | R1
185.05,Arthrobacter,R1,0,Arthrobacter | R1
186.05,Arthrobacter,R1,0,Arthrobacter | R1
187.05,Arthrobacter,R1,0,Arthrobacter | R1
188.05,Arthrobacter,R1,0,Arthrobacter | R1
189.05,Arthrobacter,R1,0,Arthrobacter | R1
190.05,Arthrobacter,R1,0,Arthrobacter | R1
191.05,Arthrobacter,R1,0,Arthrobacter | R1
192.05,Arthrobacter,R1,0,Arthrobacter | R1
193.05,Arthrobacter,R1,0,Arthrobacter | R1
194.05,Arthrobacter,R1,0,Arthrobacter | R1
195.05,Arthrobacter,R1,0,Arthrobacter | R1
196.05,Arthrobacter,R1,0,Arthrobacter | R1
197.05,Arthrobacter,R1,0,Arthrobacter | R1
0.03,Arthrobacter,R2,4.7,Arthrobacter | R2
1.03,Arthrobacter,R2,4.72,Arthrobacter | R2
2.03,Arthrobacter,R2,4.76,Arthrobacter | R2
3.03,Arthrobacter,R2,4.82,Arthrobacter | R2
4.03,Arthrobacter,R2,4.87,Arthrobacter | R2
5.03,Arthrobacter,R2,4.91,Arthrobacter | R2
6.03,Arthrobacter,R2,4.95,Arthrobacter | R2
7.03,Arthrobacter,R2,5,Arthrobacter | R2
8.03,Arthrobacter,R2,5.05,Arthrobacter | R2
9.03,Arthrobacter,R2,5.09,Arthrobacter | R2
10.03,Arthrobacter,R2,5.14,Arthrobacter | R2
11.03,Arthrobacter,R2,5.17,Arthrobacter | R2
12.03,Arthrobacter,R2,5.21,Arthrobacter | R2
13.03,Arthrobacter,R2,5.25,Arthrobacter | R2
14.03,Arthrobacter,R2,5.29,Arthrobacter | R2
15.03,Arthrobacter,R2,5.32,Arthrobacter | R2
16.03,Arthrobacter,R2,5.36,Arthrobacter | R2
17.03,Arthrobacter,R2,5.39,Arthrobacter | R2
18.03,Arthrobacter,R2,5.43,Arthrobacter | R2
19.03,Arthrobacter,R2,5.46,Arthrobacter | R2
20.03,Arthrobacter,R2,5.47,Arthrobacter | R2
21.03,Arthrobacter,R2,5.5,Arthrobacter | R2
22.03,Arthrobacter,R2,5.53,Arthrobacter | R2
23.03,Arthrobacter,R2,5.56,Arthrobacter | R2
24.03,Arthrobacter,R2,5.58,Arthrobacter | R2
25.03,Arthrobacter,R2,5.6,Arthrobacter | R2
26.03,Arthrobacter,R2,5.62,Arthrobacter | R2
27.03,Arthrobacter,R2,5.62,Arthrobacter | R2
28.03,Arthrobacter,R2,5.66,Arthrobacter | R2
29.03,Arthrobacter,R2,5.66,Arthrobacter | R2
30.03,Arthrobacter,R2,5.69,Arthrobacter | R2
31.03,Arthrobacter,R2,5.71,Arthrobacter | R2
32.03,Arthrobacter,R2,5.74,Arthrobacter | R2
33.03,Arthrobacter,R2,5.74,Arthrobacter | R2
34.03,Arthrobacter,R2,5.78,Arthrobacter | R2
35.03,Arthrobacter,R2,5.8,Arthrobacter | R2
36.03,Arthrobacter,R2,5.79,Arthrobacter | R2
37.03,Arthrobacter,R2,5.81,Arthrobacter | R2
38.03,Arthrobacter,R2,5.82,Arthrobacter | R2
39.03,Arthrobacter,R2,5.83,Arthrobacter | R2
40.03,Arthrobacter,R2,5.84,Arthrobacter | R2
41.03,Arthrobacter,R2,5.85,Arthrobacter | R2
42.03,Arthrobacter,R2,5.85,Arthrobacter | R2
43.03,Arthrobacter,R2,5.86,Arthrobacter | R2
44.03,Arthrobacter,R2,5.87,Arthrobacter | R2
45.03,Arthrobacter,R2,5.87,Arthrobacter | R2
46.03,Arthrobacter,R2,5.88,Arthrobacter | R2
47.03,Arthrobacter,R2,5.89,Arthrobacter | R2
48.03,Arthrobacter,R2,5.89,Arthrobacter | R2
49.03,Arthrobacter,R2,5.88,Arthrobacter | R2
50.05,Arthrobacter,R2,5.89,Arthrobacter | R2
51.05,Arthrobacter,R2,5.9,Arthrobacter | R2
52.05,Arthrobacter,R2,5.9,Arthrobacter | R2
53.05,Arthrobacter,R2,5.89,Arthrobacter | R2
54.05,Arthrobacter,R2,5.91,Arthrobacter | R2
55.05,Arthrobacter,R2,5.9,Arthrobacter | R2
56.05,Arthrobacter,R2,5.9,Arthrobacter | R2
57.05,Arthrobacter,R2,5.88,Arthrobacter | R2
58.05,Arthrobacter,R2,5.86,Arthrobacter | R2
59.05,Arthrobacter,R2,5.87,Arthrobacter | R2
60.05,Arthrobacter,R2,5.85,Arthrobacter | R2
61.05,Arthrobacter,R2,5.85,Arthrobacter | R2
62.05,Arthrobacter,R2,5.84,Arthrobacter | R2
63.05,Arthrobacter,R2,5.82,Arthrobacter | R2
64.05,Arthrobacter,R2,5.82,Arthrobacter | R2
65.05,Arthrobacter,R2,5.8,Arthrobacter | R2
66.05,Arthrobacter,R2,5.79,Arthrobacter | R2
67.05,Arthrobacter,R2,5.79,Arthrobacter | R2
68.05,Arthrobacter,R2,5.77,Arthrobacter | R2
69.05,Arthrobacter,R2,5.77,Arthrobacter | R2
70.05,Arthrobacter,R2,5.75,Arthrobacter | R2
71.05,Arthrobacter,R2,5.73,Arthrobacter | R2
72.05,Arthrobacter,R2,5.74,Arthrobacter | R2
73.05,Arthrobacter,R2,5.72,Arthrobacter | R2
74.05,Arthrobacter,R2,5.71,Arthrobacter | R2
75.05,Arthrobacter,R2,5.69,Arthrobacter | R2
76.05,Arthrobacter,R2,5.67,Arthrobacter | R2
77.05,Arthrobacter,R2,5.65,Arthrobacter | R2
78.05,Arthrobacter,R2,5.65,Arthrobacter | R2
79.05,Arthrobacter,R2,5.62,Arthrobacter | R2
80.05,Arthrobacter,R2,5.6,Arthrobacter | R2
81.05,Arthrobacter,R2,5.59,Arthrobacter | R2
82.05,Arthrobacter,R2,5.57,Arthrobacter | R2
83.05,Arthrobacter,R2,5.55,Arthrobacter | R2
84.05,Arthrobacter,R2,5.55,Arthrobacter | R2
85.05,Arthrobacter,R2,5.53,Arthrobacter | R2
86.05,Arthrobacter,R2,5.52,Arthrobacter | R2
87.05,Arthrobacter,R2,5.5,Arthrobacter | R2
88.05,Arthrobacter,R2,5.47,Arthrobacter | R2
89.05,Arthrobacter,R2,5.45,Arthrobacter | R2
90.05,Arthrobacter,R2,5.42,Arthrobacter | R2
91.05,Arthrobacter,R2,5.41,Arthrobacter | R2
92.05,Arthrobacter,R2,5.38,Arthrobacter | R2
93.05,Arthrobacter,R2,5.35,Arthrobacter | R2
94.05,Arthrobacter,R2,5.35,Arthrobacter | R2
95.05,Arthrobacter,R2,5.32,Arthrobacter | R2
96.05,Arthrobacter,R2,5.3,Arthrobacter | R2
97.05,Arthrobacter,R2,5.28,Arthrobacter | R2
98.05,Arthrobacter,R2,5.23,Arthrobacter | R2
99.05,Arthrobacter,R2,5.24,Arthrobacter | R2
100.05,Arthrobacter,R2,5.19,Arthrobacter | R2
101.05,Arthrobacter,R2,5.17,Arthrobacter | R2
102.05,Arthrobacter,R2,5.13,Arthrobacter | R2
103.05,Arthrobacter,R2,5.12,Arthrobacter | R2
104.05,Arthrobacter,R2,5.09,Arthrobacter | R2
105.05,Arthrobacter,R2,5.05,Arthrobacter | R2
106.05,Arthrobacter,R2,5.01,Arthrobacter | R2
107.05,Arthrobacter,R2,5,Arthrobacter | R2
108.05,Arthrobacter,R2,4.96,Arthrobacter | R2
109.05,Arthrobacter,R2,4.92,Arthrobacter | R2
110.05,Arthrobacter,R2,4.9,Arthrobacter | R2
111.05,Arthrobacter,R2,4.86,Arthrobacter | R2
112.05,Arthrobacter,R2,4.82,Arthrobacter | R2
113.05,Arthrobacter,R2,4.81,Arthrobacter | R2
114.05,Arthrobacter,R2,4.76,Arthrobacter | R2
115.05,Arthrobacter,R2,4.7,Arthrobacter | R2
116.05,Arthrobacter,R2,4.68,Arthrobacter | R2
117.05,Arthrobacter,R2,4.63,Arthrobacter | R2
118.05,Arthrobacter,R2,4.59,Arthrobacter | R2
119.05,Arthrobacter,R2,4.55,Arthrobacter | R2
120.05,Arthrobacter,R2,4.51,Arthrobacter | R2
121.05,Arthrobacter,R2,4.46,Arthrobacter | R2
122.05,Arthrobacter,R2,4.41,Arthrobacter | R2
123.05,Arthrobacter,R2,4.37,Arthrobacter | R2
124.05,Arthrobacter,R2,4.32,Arthrobacter | R2
125.05,Arthrobacter,R2,4.26,Arthrobacter | R2
126.05,Arthrobacter,R2,4.21,Arthrobacter | R2
127.05,Arthrobacter,R2,4.15,Arthrobacter | R2
128.05,Arthrobacter,R2,4.1,Arthrobacter | R2
129.05,Arthrobacter,R2,4.06,Arthrobacter | R2
130.05,Arthrobacter,R2,3.99,Arthrobacter | R2
131.05,Arthrobacter,R2,3.94,Arthrobacter | R2
132.05,Arthrobacter,R2,3.87,Arthrobacter | R2
133.05,Arthrobacter,R2,3.82,Arthrobacter | R2
134.05,Arthrobacter,R2,3.77,Arthrobacter | R2
135.05,Arthrobacter,R2,3.68,Arthrobacter | R2
136.05,Arthrobacter,R2,3.63,Arthrobacter | R2
137.05,Arthrobacter,R2,3.55,Arthrobacter | R2
138.05,Arthrobacter,R2,3.48,Arthrobacter | R2
139.05,Arthrobacter,R2,3.42,Arthrobacter | R2
140.05,Arthrobacter,R2,3.34,Arthrobacter | R2
141.05,Arthrobacter,R2,3.25,Arthrobacter | R2
142.05,Arthrobacter,R2,3.19,Arthrobacter | R2
143.05,Arthrobacter,R2,3.1,Arthrobacter | R2
144.05,Arthrobacter,R2,3.03,Arthrobacter | R2
145.05,Arthrobacter,R2,2.94,Arthrobacter | R2
146.05,Arthrobacter,R2,2.85,Arthrobacter | R2
147.05,Arthrobacter,R2,2.77,Arthrobacter | R2
148.05,Arthrobacter,R2,2.68,Arthrobacter | R2
149.05,Arthrobacter,R2,2.58,Arthrobacter | R2
150.05,Arthrobacter,R2,2.48,Arthrobacter | R2
151.05,Arthrobacter,R2,2.38,Arthrobacter | R2
152.05,Arthrobacter,R2,2.29,Arthrobacter | R2
153.05,Arthrobacter,R2,2.19,Arthrobacter | R2
154.05,Arthrobacter,R2,2.08,Arthrobacter | R2
155.05,Arthrobacter,R2,1.97,Arthrobacter | R2
156.05,Arthrobacter,R2,1.87,Arthrobacter | R2
157.05,Arthrobacter,R2,1.74,Arthrobacter | R2
158.05,Arthrobacter,R2,1.63,Arthrobacter | R2
159.05,Arthrobacter,R2,1.51,Arthrobacter | R2
160.05,Arthrobacter,R2,1.39,Arthrobacter | R2
161.05,Arthrobacter,R2,1.26,Arthrobacter | R2
162.05,Arthrobacter,R2,1.11,Arthrobacter | R2
163.05,Arthrobacter,R2,1.01,Arthrobacter | R2
164.05,Arthrobacter,R2,0.86,Arthrobacter | R2
165.05,Arthrobacter,R2,0.72,Arthrobacter | R2
166.05,Arthrobacter,R2,0.58,Arthrobacter | R2
167.05,Arthrobacter,R2,0.41,Arthrobacter | R2
168.05,Arthrobacter,R2,0.27,Arthrobacter | R2
169.05,Arthrobacter,R2,0.12,Arthrobacter | R2
170.05,Arthrobacter,R2,0.03,Arthrobacter | R2
171.05,Arthrobacter,R2,0,Arthrobacter | R2
172.05,Arthrobacter,R2,0,Arthrobacter | R2
173.05,Arthrobacter,R2,0,Arthrobacter | R2
174.05,Arthrobacter,R2,0,Arthrobacter | R2
175.05,Arthrobacter,R2,0,Arthrobacter | R2
176.05,Arthrobacter,R2,0,Arthrobacter | R2
177.05,Arthrobacter,R2,0,Arthrobacter | R2
178.05,Arthrobacter,R2,0,Arthrobacter | R2
179.05,Arthrobacter,R2,0,Arthrobacter | R2
180.05,Arthrobacter,R2,0,Arthrobacter | R2
181.05,Arthrobacter,R2,0,Arthrobacter | R2
182.05,Arthrobacter,R2,0,Arthrobacter | R2
183.05,Arthrobacter,R2,0,Arthrobacter | R2
184.05,Arthrobacter,R2,0,Arthrobacter | R2
185.05,Arthrobacter,R2,0,Arthrobacter | R2
186.05,Arthrobacter,R2,0,Arthrobacter | R2
187.05,Arthrobacter,R2,0,Arthrobacter | R2
188.05,Arthrobacter,R2,0,Arthrobacter | R2
189.05,Arthrobacter,R2,0,Arthrobacter | R2
190.05,Arthrobacter,R2,0,Arthrobacter | R2
191.05,Arthrobacter,R2,0,Arthrobacter | R2
192.05,Arthrobacter,R2,0,Arthrobacter | R2
193.05,Arthrobacter,R2,0,Arthrobacter | R2
194.05,Arthrobacter,R2,0,Arthrobacter | R2
195.05,Arthrobacter,R2,0,Arthrobacter | R2
196.05,Arthrobacter,R2,0,Arthrobacter | R2
197.05,Arthrobacter,R2,0,Arthrobacter | R2
0.03,Arthrobacter,R3,4.98,Arthrobacter | R3
1.03,Arthrobacter,R3,4.91,Arthrobacter | R3
2.03,Arthrobacter,R3,4.94,Arthrobacter | R3
3.03,Arthrobacter,R3,4.98,Arthrobacter | R3
4.03,Arthrobacter,R3,5.01,Arthrobacter | R3
5.03,Arthrobacter,R3,5.05,Arthrobacter | R3
6.03,Arthrobacter,R3,5.11,Arthrobacter | R3
7.03,Arthrobacter,R3,5.15,Arthrobacter | R3
8.03,Arthrobacter,R3,5.18,Arthrobacter | R3
9.03,Arthrobacter,R3,5.24,Arthrobacter | R3
10.03,Arthrobacter,R3,5.27,Arthrobacter | R3
11.03,Arthrobacter,R3,5.32,Arthrobacter | R3
12.03,Arthrobacter,R3,5.38,Arthrobacter | R3
13.03,Arthrobacter,R3,5.41,Arthrobacter | R3
14.03,Arthrobacter,R3,5.47,Arthrobacter | R3
15.03,Arthrobacter,R3,5.49,Arthrobacter | R3
16.03,Arthrobacter,R3,5.52,Arthrobacter | R3
17.03,Arthrobacter,R3,5.54,Arthrobacter | R3
18.03,Arthrobacter,R3,5.59,Arthrobacter | R3
19.03,Arthrobacter,R3,5.61,Arthrobacter | R3
20.03,Arthrobacter,R3,5.63,Arthrobacter | R3
21.03,Arthrobacter,R3,5.66,Arthrobacter | R3
22.03,Arthrobacter,R3,5.68,Arthrobacter | R3
23.03,Arthrobacter,R3,5.72,Arthrobacter | R3
24.03,Arthrobacter,R3,5.73,Arthrobacter | R3
25.03,Arthrobacter,R3,5.75,Arthrobacter | R3
26.03,Arthrobacter,R3,5.77,Arthrobacter | R3
27.03,Arthrobacter,R3,5.78,Arthrobacter | R3
28.03,Arthrobacter,R3,5.82,Arthrobacter | R3
29.03,Arthrobacter,R3,5.84,Arthrobacter | R3
30.03,Arthrobacter,R3,5.83,Arthrobacter | R3
31.03,Arthrobacter,R3,5.87,Arthrobacter | R3
32.03,Arthrobacter,R3,5.88,Arthrobacter | R3
33.03,Arthrobacter,R3,5.88,Arthrobacter | R3
34.03,Arthrobacter,R3,5.92,Arthrobacter | R3
35.03,Arthrobacter,R3,5.92,Arthrobacter | R3
36.03,Arthrobacter,R3,5.94,Arthrobacter | R3
37.03,Arthrobacter,R3,5.95,Arthrobacter | R3
38.03,Arthrobacter,R3,5.96,Arthrobacter | R3
39.03,Arthrobacter,R3,5.97,Arthrobacter | R3
40.03,Arthrobacter,R3,5.97,Arthrobacter | R3
41.03,Arthrobacter,R3,5.99,Arthrobacter | R3
42.03,Arthrobacter,R3,5.99,Arthrobacter | R3
43.03,Arthrobacter,R3,6,Arthrobacter | R3
44.03,Arthrobacter,R3,6.01,Arthrobacter | R3
45.03,Arthrobacter,R3,6.02,Arthrobacter | R3
46.03,Arthrobacter,R3,6.03,Arthrobacter | R3
47.03,Arthrobacter,R3,6.04,Arthrobacter | R3
48.03,Arthrobacter,R3,6.04,Arthrobacter | R3
49.03,Arthrobacter,R3,6.03,Arthrobacter | R3
50.05,Arthrobacter,R3,6.03,Arthrobacter | R3
51.05,Arthrobacter,R3,6.03,Arthrobacter | R3
52.05,Arthrobacter,R3,6.04,Arthrobacter | R3
53.05,Arthrobacter,R3,6.03,Arthrobacter | R3
54.05,Arthrobacter,R3,6.05,Arthrobacter | R3
55.05,Arthrobacter,R3,6.04,Arthrobacter | R3
56.05,Arthrobacter,R3,6.04,Arthrobacter | R3
57.05,Arthrobacter,R3,6.02,Arthrobacter | R3
58.05,Arthrobacter,R3,6,Arthrobacter | R3
59.05,Arthrobacter,R3,5.98,Arthrobacter | R3
60.05,Arthrobacter,R3,5.99,Arthrobacter | R3
61.05,Arthrobacter,R3,5.97,Arthrobacter | R3
62.05,Arthrobacter,R3,5.95,Arthrobacter | R3
63.05,Arthrobacter,R3,5.93,Arthrobacter | R3
64.05,Arthrobacter,R3,5.93,Arthrobacter | R3
65.05,Arthrobacter,R3,5.91,Arthrobacter | R3
66.05,Arthrobacter,R3,5.9,Arthrobacter | R3
67.05,Arthrobacter,R3,5.87,Arthrobacter | R3
68.05,Arthrobacter,R3,5.87,Arthrobacter | R3
69.05,Arthrobacter,R3,5.85,Arthrobacter | R3
70.05,Arthrobacter,R3,5.85,Arthrobacter | R3
71.05,Arthrobacter,R3,5.82,Arthrobacter | R3
72.05,Arthrobacter,R3,5.81,Arthrobacter | R3
73.05,Arthrobacter,R3,5.79,Arthrobacter | R3
74.05,Arthrobacter,R3,5.79,Arthrobacter | R3
75.05,Arthrobacter,R3,5.76,Arthrobacter | R3
76.05,Arthrobacter,R3,5.73,Arthrobacter | R3
77.05,Arthrobacter,R3,5.72,Arthrobacter | R3
78.05,Arthrobacter,R3,5.69,Arthrobacter | R3
79.05,Arthrobacter,R3,5.68,Arthrobacter | R3
80.05,Arthrobacter,R3,5.66,Arthrobacter | R3
81.05,Arthrobacter,R3,5.64,Arthrobacter | R3
82.05,Arthrobacter,R3,5.62,Arthrobacter | R3
83.05,Arthrobacter,R3,5.61,Arthrobacter | R3
84.05,Arthrobacter,R3,5.57,Arthrobacter | R3
85.05,Arthrobacter,R3,5.57,Arthrobacter | R3
86.05,Arthrobacter,R3,5.53,Arthrobacter | R3
87.05,Arthrobacter,R3,5.52,Arthrobacter | R3
88.05,Arthrobacter,R3,5.48,Arthrobacter | R3
89.05,Arthrobacter,R3,5.46,Arthrobacter | R3
90.05,Arthrobacter,R3,5.44,Arthrobacter | R3
91.05,Arthrobacter,R3,5.42,Arthrobacter | R3
92.05,Arthrobacter,R3,5.4,Arthrobacter | R3
93.05,Arthrobacter,R3,5.36,Arthrobacter | R3
94.05,Arthrobacter,R3,5.33,Arthrobacter | R3
95.05,Arthrobacter,R3,5.31,Arthrobacter | R3
96.05,Arthrobacter,R3,5.29,Arthrobacter | R3
97.05,Arthrobacter,R3,5.25,Arthrobacter | R3
98.05,Arthrobacter,R3,5.22,Arthrobacter | R3
99.05,Arthrobacter,R3,5.21,Arthrobacter | R3
100.05,Arthrobacter,R3,5.18,Arthrobacter | R3
101.05,Arthrobacter,R3,5.13,Arthrobacter | R3
102.05,Arthrobacter,R3,5.1,Arthrobacter | R3
103.05,Arthrobacter,R3,5.07,Arthrobacter | R3
104.05,Arthrobacter,R3,5.04,Arthrobacter | R3
105.05,Arthrobacter,R3,5.02,Arthrobacter | R3
106.05,Arthrobacter,R3,4.97,Arthrobacter | R3
107.05,Arthrobacter,R3,4.95,Arthrobacter | R3
108.05,Arthrobacter,R3,4.91,Arthrobacter | R3
109.05,Arthrobacter,R3,4.87,Arthrobacter | R3
110.05,Arthrobacter,R3,4.85,Arthrobacter | R3
111.05,Arthrobacter,R3,4.79,Arthrobacter | R3
112.05,Arthrobacter,R3,4.76,Arthrobacter | R3
113.05,Arthrobacter,R3,4.72,Arthrobacter | R3
114.05,Arthrobacter,R3,4.69,Arthrobacter | R3
115.05,Arthrobacter,R3,4.64,Arthrobacter | R3
116.05,Arthrobacter,R3,4.6,Arthrobacter | R3
117.05,Arthrobacter,R3,4.55,Arthrobacter | R3
118.05,Arthrobacter,R3,4.51,Arthrobacter | R3
119.05,Arthrobacter,R3,4.46,Arthrobacter | R3
120.05,Arthrobacter,R3,4.41,Arthrobacter | R3
121.05,Arthrobacter,R3,4.36,Arthrobacter | R3
122.05,Arthrobacter,R3,4.32,Arthrobacter | R3
123.05,Arthrobacter,R3,4.27,Arthrobacter | R3
124.05,Arthrobacter,R3,4.21,Arthrobacter | R3
125.05,Arthrobacter,R3,4.17,Arthrobacter | R3
126.05,Arthrobacter,R3,4.13,Arthrobacter | R3
127.05,Arthrobacter,R3,4.07,Arthrobacter | R3
128.05,Arthrobacter,R3,4.01,Arthrobacter | R3
129.05,Arthrobacter,R3,3.96,Arthrobacter | R3
130.05,Arthrobacter,R3,3.9,Arthrobacter | R3
131.05,Arthrobacter,R3,3.84,Arthrobacter | R3
132.05,Arthrobacter,R3,3.78,Arthrobacter | R3
133.05,Arthrobacter,R3,3.73,Arthrobacter | R3
134.05,Arthrobacter,R3,3.67,Arthrobacter | R3
135.05,Arthrobacter,R3,3.59,Arthrobacter | R3
136.05,Arthrobacter,R3,3.54,Arthrobacter | R3
137.05,Arthrobacter,R3,3.49,Arthrobacter | R3
138.05,Arthrobacter,R3,3.4,Arthrobacter | R3
139.05,Arthrobacter,R3,3.32,Arthrobacter | R3
140.05,Arthrobacter,R3,3.27,Arthrobacter | R3
141.05,Arthrobacter,R3,3.19,Arthrobacter | R3
142.05,Arthrobacter,R3,3.13,Arthrobacter | R3
143.05,Arthrobacter,R3,3.03,Arthrobacter | R3
144.05,Arthrobacter,R3,2.95,Arthrobacter | R3
145.05,Arthrobacter,R3,2.88,Arthrobacter | R3
146.05,Arthrobacter,R3,2.79,Arthrobacter | R3
147.05,Arthrobacter,R3,2.7,Arthrobacter | R3
148.05,Arthrobacter,R3,2.63,Arthrobacter | R3
149.05,Arthrobacter,R3,2.55,Arthrobacter | R3
150.05,Arthrobacter,R3,2.46,Arthrobacter | R3
151.05,Arthrobacter,R3,2.38,Arthrobacter | R3
152.05,Arthrobacter,R3,2.29,Arthrobacter | R3
153.05,Arthrobacter,R3,2.18,Arthrobacter | R3
154.05,Arthrobacter,R3,2.1,Arthrobacter | R3
155.05,Arthrobacter,R3,1.99,Arthrobacter | R3
156.05,Arthrobacter,R3,1.89,Arthrobacter | R3
157.05,Arthrobacter,R3,1.77,Arthrobacter | R3
158.05,Arthrobacter,R3,1.68,Arthrobacter | R3
159.05,Arthrobacter,R3,1.58,Arthrobacter | R3
160.05,Arthrobacter,R3,1.45,Arthrobacter | R3
161.05,Arthrobacter,R3,1.37,Arthrobacter | R3
162.05,Arthrobacter,R3,1.23,Arthrobacter | R3
163.05,Arthrobacter,R3,1.12,Arthrobacter | R3
164.05,Arthrobacter,R3,1.01,Arthrobacter | R3
165.05,Arthrobacter,R3,0.89,Arthrobacter | R3
166.05,Arthrobacter,R3,0.77,Arthrobacter | R3
167.05,Arthrobacter,R3,0.66,Arthrobacter | R3
168.05,Arthrobacter,R3,0.51,Arthrobacter | R3
169.05,Arthrobacter,R3,0.37,Arthrobacter | R3
170.05,Arthrobacter,R3,0.24,Arthrobacter | R3
171.05,Arthrobacter,R3,0.15,Arthrobacter | R3
172.05,Arthrobacter,R3,0.11,Arthrobacter | R3
173.05,Arthrobacter,R3,0.11,Arthrobacter | R3
174.05,Arthrobacter,R3,0.1,Arthrobacter | R3
175.05,Arthrobacter,R3,0.09,Arthrobacter | R3
176.05,Arthrobacter,R3,0.1,Arthrobacter | R3
177.05,Arthrobacter,R3,0.1,Arthrobacter | R3
178.05,Arthrobacter,R3,0.08,Arthrobacter | R3
179.05,Arthrobacter,R3,0.1,Arthrobacter | R3
180.05,Arthrobacter,R3,0.08,Arthrobacter | R3
181.05,Arthrobacter,R3,0.08,Arthrobacter | R3
182.05,Arthrobacter,R3,0.09,Arthrobacter | R3
183.05,Arthrobacter,R3,0.09,Arthrobacter | R3
184.05,Arthrobacter,R3,0.09,Arthrobacter | R3
185.05,Arthrobacter,R3,0.09,Arthrobacter | R3
186.05,Arthrobacter,R3,0.09,Arthrobacter | R3
187.05,Arthrobacter,R3,0.09,Arthrobacter | R3
188.05,Arthrobacter,R3,0.09,Arthrobacter | R3
189.05,Arthrobacter,R3,0.08,Arthrobacter | R3
190.05,Arthrobacter,R3,0.09,Arthrobacter | R3
191.05,Arthrobacter,R3,0.08,Arthrobacter | R3
192.05,Arthrobacter,R3,0.08,Arthrobacter | R3
193.05,Arthrobacter,R3,0.09,Arthrobacter | R3
194.05,Arthrobacter,R3,0.08,Arthrobacter | R3
195.05,Arthrobacter,R3,0.08,Arthrobacter | R3
196.05,Arthrobacter,R3,0.08,Arthrobacter | R3
197.05,Arthrobacter,R3,0.08,Arthrobacter | R3
0.03,Arthrobacter,R4,5,Arthrobacter | R4
1.03,Arthrobacter,R4,4.91,Arthrobacter | R4
2.03,Arthrobacter,R4,4.91,Arthrobacter | R4
3.03,Arthrobacter,R4,4.95,Arthrobacter | R4
4.03,Arthrobacter,R4,5.01,Arthrobacter | R4
5.03,Arthrobacter,R4,5.06,Arthrobacter | R4
6.03,Arthrobacter,R4,5.09,Arthrobacter | R4
7.03,Arthrobacter,R4,5.13,Arthrobacter | R4
8.03,Arthrobacter,R4,5.18,Arthrobacter | R4
9.03,Arthrobacter,R4,5.21,Arthrobacter | R4
10.03,Arthrobacter,R4,5.26,Arthrobacter | R4
11.03,Arthrobacter,R4,5.29,Arthrobacter | R4
12.03,Arthrobacter,R4,5.34,Arthrobacter | R4
13.03,Arthrobacter,R4,5.38,Arthrobacter | R4
14.03,Arthrobacter,R4,5.43,Arthrobacter | R4
15.03,Arthrobacter,R4,5.45,Arthrobacter | R4
16.03,Arthrobacter,R4,5.49,Arthrobacter | R4
17.03,Arthrobacter,R4,5.49,Arthrobacter | R4
18.03,Arthrobacter,R4,5.53,Arthrobacter | R4
19.03,Arthrobacter,R4,5.56,Arthrobacter | R4
20.03,Arthrobacter,R4,5.59,Arthrobacter | R4
21.03,Arthrobacter,R4,5.6,Arthrobacter | R4
22.03,Arthrobacter,R4,5.63,Arthrobacter | R4
23.03,Arthrobacter,R4,5.65,Arthrobacter | R4
24.03,Arthrobacter,R4,5.67,Arthrobacter | R4
25.03,Arthrobacter,R4,5.69,Arthrobacter | R4
26.03,Arthrobacter,R4,5.72,Arthrobacter | R4
27.03,Arthrobacter,R4,5.73,Arthrobacter | R4
28.03,Arthrobacter,R4,5.74,Arthrobacter | R4
29.03,Arthrobacter,R4,5.76,Arthrobacter | R4
30.03,Arthrobacter,R4,5.77,Arthrobacter | R4
31.03,Arthrobacter,R4,5.79,Arthrobacter | R4
32.03,Arthrobacter,R4,5.82,Arthrobacter | R4
33.03,Arthrobacter,R4,5.83,Arthrobacter | R4
34.03,Arthrobacter,R4,5.85,Arthrobacter | R4
35.03,Arthrobacter,R4,5.86,Arthrobacter | R4
36.03,Arthrobacter,R4,5.87,Arthrobacter | R4
37.03,Arthrobacter,R4,5.87,Arthrobacter | R4
38.03,Arthrobacter,R4,5.88,Arthrobacter | R4
39.03,Arthrobacter,R4,5.9,Arthrobacter | R4
40.03,Arthrobacter,R4,5.91,Arthrobacter | R4
41.03,Arthrobacter,R4,5.93,Arthrobacter | R4
42.03,Arthrobacter,R4,5.93,Arthrobacter | R4
43.03,Arthrobacter,R4,5.94,Arthrobacter | R4
44.03,Arthrobacter,R4,5.95,Arthrobacter | R4
45.03,Arthrobacter,R4,5.97,Arthrobacter | R4
46.03,Arthrobacter,R4,5.96,Arthrobacter | R4
47.03,Arthrobacter,R4,5.98,Arthrobacter | R4
48.03,Arthrobacter,R4,5.98,Arthrobacter | R4
49.03,Arthrobacter,R4,5.98,Arthrobacter | R4
50.05,Arthrobacter,R4,5.99,Arthrobacter | R4
51.05,Arthrobacter,R4,5.99,Arthrobacter | R4
52.05,Arthrobacter,R4,6,Arthrobacter | R4
53.05,Arthrobacter,R4,5.99,Arthrobacter | R4
54.05,Arthrobacter,R4,6,Arthrobacter | R4
55.05,Arthrobacter,R4,5.99,Arthrobacter | R4
56.05,Arthrobacter,R4,5.99,Arthrobacter | R4
57.05,Arthrobacter,R4,6.01,Arthrobacter | R4
58.05,Arthrobacter,R4,6,Arthrobacter | R4
59.05,Arthrobacter,R4,5.99,Arthrobacter | R4
60.05,Arthrobacter,R4,5.98,Arthrobacter | R4
61.05,Arthrobacter,R4,5.97,Arthrobacter | R4
62.05,Arthrobacter,R4,5.96,Arthrobacter | R4
63.05,Arthrobacter,R4,5.94,Arthrobacter | R4
64.05,Arthrobacter,R4,5.94,Arthrobacter | R4
65.05,Arthrobacter,R4,5.92,Arthrobacter | R4
66.05,Arthrobacter,R4,5.92,Arthrobacter | R4
67.05,Arthrobacter,R4,5.91,Arthrobacter | R4
68.05,Arthrobacter,R4,5.87,Arthrobacter | R4
69.05,Arthrobacter,R4,5.88,Arthrobacter | R4
70.05,Arthrobacter,R4,5.86,Arthrobacter | R4
71.05,Arthrobacter,R4,5.85,Arthrobacter | R4
72.05,Arthrobacter,R4,5.82,Arthrobacter | R4
73.05,Arthrobacter,R4,5.83,Arthrobacter | R4
74.05,Arthrobacter,R4,5.81,Arthrobacter | R4
75.05,Arthrobacter,R4,5.79,Arthrobacter | R4
76.05,Arthrobacter,R4,5.78,Arthrobacter | R4
77.05,Arthrobacter,R4,5.77,Arthrobacter | R4
78.05,Arthrobacter,R4,5.76,Arthrobacter | R4
79.05,Arthrobacter,R4,5.72,Arthrobacter | R4
80.05,Arthrobacter,R4,5.72,Arthrobacter | R4
81.05,Arthrobacter,R4,5.7,Arthrobacter | R4
82.05,Arthrobacter,R4,5.66,Arthrobacter | R4
83.05,Arthrobacter,R4,5.66,Arthrobacter | R4
84.05,Arthrobacter,R4,5.65,Arthrobacter | R4
85.05,Arthrobacter,R4,5.63,Arthrobacter | R4
86.05,Arthrobacter,R4,5.61,Arthrobacter | R4
87.05,Arthrobacter,R4,5.59,Arthrobacter | R4
88.05,Arthrobacter,R4,5.57,Arthrobacter | R4
89.05,Arthrobacter,R4,5.55,Arthrobacter | R4
90.05,Arthrobacter,R4,5.53,Arthrobacter | R4
91.05,Arthrobacter,R4,5.5,Arthrobacter | R4
92.05,Arthrobacter,R4,5.48,Arthrobacter | R4
93.05,Arthrobacter,R4,5.44,Arthrobacter | R4
94.05,Arthrobacter,R4,5.43,Arthrobacter | R4
95.05,Arthrobacter,R4,5.41,Arthrobacter | R4
96.05,Arthrobacter,R4,5.38,Arthrobacter | R4
97.05,Arthrobacter,R4,5.35,Arthrobacter | R4
98.05,Arthrobacter,R4,5.33,Arthrobacter | R4
99.05,Arthrobacter,R4,5.31,Arthrobacter | R4
100.05,Arthrobacter,R4,5.29,Arthrobacter | R4
101.05,Arthrobacter,R4,5.27,Arthrobacter | R4
102.05,Arthrobacter,R4,5.24,Arthrobacter | R4
103.05,Arthrobacter,R4,5.21,Arthrobacter | R4
104.05,Arthrobacter,R4,5.17,Arthrobacter | R4
105.05,Arthrobacter,R4,5.14,Arthrobacter | R4
106.05,Arthrobacter,R4,5.1,Arthrobacter | R4
107.05,Arthrobacter,R4,5.07,Arthrobacter | R4
108.05,Arthrobacter,R4,5.04,Arthrobacter | R4
109.05,Arthrobacter,R4,5.01,Arthrobacter | R4
110.05,Arthrobacter,R4,4.97,Arthrobacter | R4
111.05,Arthrobacter,R4,4.95,Arthrobacter | R4
112.05,Arthrobacter,R4,4.9,Arthrobacter | R4
113.05,Arthrobacter,R4,4.88,Arthrobacter | R4
114.05,Arthrobacter,R4,4.82,Arthrobacter | R4
115.05,Arthrobacter,R4,4.77,Arthrobacter | R4
116.05,Arthrobacter,R4,4.75,Arthrobacter | R4
117.05,Arthrobacter,R4,4.7,Arthrobacter | R4
118.05,Arthrobacter,R4,4.66,Arthrobacter | R4
119.05,Arthrobacter,R4,4.63,Arthrobacter | R4
120.05,Arthrobacter,R4,4.57,Arthrobacter | R4
121.05,Arthrobacter,R4,4.54,Arthrobacter | R4
122.05,Arthrobacter,R4,4.49,Arthrobacter | R4
123.05,Arthrobacter,R4,4.45,Arthrobacter | R4
124.05,Arthrobacter,R4,4.4,Arthrobacter | R4
125.05,Arthrobacter,R4,4.35,Arthrobacter | R4
126.05,Arthrobacter,R4,4.29,Arthrobacter | R4
127.05,Arthrobacter,R4,4.25,Arthrobacter | R4
128.05,Arthrobacter,R4,4.2,Arthrobacter | R4
129.05,Arthrobacter,R4,4.14,Arthrobacter | R4
130.05,Arthrobacter,R4,4.08,Arthrobacter | R4
131.05,Arthrobacter,R4,4.01,Arthrobacter | R4
132.05,Arthrobacter,R4,3.96,Arthrobacter | R4
133.05,Arthrobacter,R4,3.91,Arthrobacter | R4
134.05,Arthrobacter,R4,3.84,Arthrobacter | R4
135.05,Arthrobacter,R4,3.78,Arthrobacter | R4
136.05,Arthrobacter,R4,3.72,Arthrobacter | R4
137.05,Arthrobacter,R4,3.65,Arthrobacter | R4
138.05,Arthrobacter,R4,3.59,Arthrobacter | R4
139.05,Arthrobacter,R4,3.51,Arthrobacter | R4
140.05,Arthrobacter,R4,3.44,Arthrobacter | R4
141.05,Arthrobacter,R4,3.36,Arthrobacter | R4
142.05,Arthrobacter,R4,3.29,Arthrobacter | R4
143.05,Arthrobacter,R4,3.2,Arthrobacter | R4
144.05,Arthrobacter,R4,3.14,Arthrobacter | R4
145.05,Arthrobacter,R4,3.06,Arthrobacter | R4
146.05,Arthrobacter,R4,2.97,Arthrobacter | R4
147.05,Arthrobacter,R4,2.88,Arthrobacter | R4
148.05,Arthrobacter,R4,2.79,Arthrobacter | R4
149.05,Arthrobacter,R4,2.72,Arthrobacter | R4
150.05,Arthrobacter,R4,2.62,Arthrobacter | R4
151.05,Arthrobacter,R4,2.52,Arthrobacter | R4
152.05,Arthrobacter,R4,2.43,Arthrobacter | R4
153.05,Arthrobacter,R4,2.34,Arthrobacter | R4
154.05,Arthrobacter,R4,2.23,Arthrobacter | R4
155.05,Arthrobacter,R4,2.13,Arthrobacter | R4
156.05,Arthrobacter,R4,2.02,Arthrobacter | R4
157.05,Arthrobacter,R4,1.91,Arthrobacter | R4
158.05,Arthrobacter,R4,1.81,Arthrobacter | R4
159.05,Arthrobacter,R4,1.69,Arthrobacter | R4
160.05,Arthrobacter,R4,1.57,Arthrobacter | R4
161.05,Arthrobacter,R4,1.45,Arthrobacter | R4
162.05,Arthrobacter,R4,1.32,Arthrobacter | R4
163.05,Arthrobacter,R4,1.21,Arthrobacter | R4
164.05,Arthrobacter,R4,1.07,Arthrobacter | R4
165.05,Arthrobacter,R4,0.95,Arthrobacter | R4
166.05,Arthrobacter,R4,0.8,Arthrobacter | R4
167.05,Arthrobacter,R4,0.67,Arthrobacter | R4
168.05,Arthrobacter,R4,0.52,Arthrobacter | R4
169.05,Arthrobacter,R4,0.38,Arthrobacter | R4
170.05,Arthrobacter,R4,0.29,Arthrobacter | R4
171.05,Arthrobacter,R4,0.29,Arthrobacter | R4
172.05,Arthrobacter,R4,0.28,Arthrobacter | R4
173.05,Arthrobacter,R4,0.29,Arthrobacter | R4
174.05,Arthrobacter,R4,0.28,Arthrobacter | R4
175.05,Arthrobacter,R4,0.28,Arthrobacter | R4
176.05,Arthrobacter,R4,0.28,Arthrobacter | R4
177.05,Arthrobacter,R4,0.28,Arthrobacter | R4
178.05,Arthrobacter,R4,0.27,Arthrobacter | R4
179.05,Arthrobacter,R4,0.29,Arthrobacter | R4
180.05,Arthrobacter,R4,0.29,Arthrobacter | R4
181.05,Arthrobacter,R4,0.28,Arthrobacter | R4
182.05,Arthrobacter,R4,0.29,Arthrobacter | R4
183.05,Arthrobacter,R4,0.29,Arthrobacter | R4
184.05,Arthrobacter,R4,0.27,Arthrobacter | R4
185.05,Arthrobacter,R4,0.27,Arthrobacter | R4
186.05,Arthrobacter,R4,0.28,Arthrobacter | R4
187.05,Arthrobacter,R4,0.28,Arthrobacter | R4
188.05,Arthrobacter,R4,0.28,Arthrobacter | R4
189.05,Arthrobacter,R4,0.28,Arthrobacter | R4
190.05,Arthrobacter,R4,0.28,Arthrobacter | R4
191.05,Arthrobacter,R4,0.28,Arthrobacter | R4
192.05,Arthrobacter,R4,0.28,Arthrobacter | R4
193.05,Arthrobacter,R4,0.27,Arthrobacter | R4
194.05,Arthrobacter,R4,0.28,Arthrobacter | R4
195.05,Arthrobacter,R4,0.28,Arthrobacter | R4
196.05,Arthrobacter,R4,0.27,Arthrobacter | R4
197.05,Arthrobacter,R4,0.27,Arthrobacter | R4
0.03,Arthrobacter,R5,5.73,Arthrobacter | R5
1.03,Arthrobacter,R5,5.73,Arthrobacter | R5
2.03,Arthrobacter,R5,5.76,Arthrobacter | R5
3.03,Arthrobacter,R5,5.81,Arthrobacter | R5
4.03,Arthrobacter,R5,5.87,Arthrobacter | R5
5.03,Arthrobacter,R5,5.92,Arthrobacter | R5
6.03,Arthrobacter,R5,5.98,Arthrobacter | R5
7.03,Arthrobacter,R5,6.04,Arthrobacter | R5
8.03,Arthrobacter,R5,6.09,Arthrobacter | R5
9.03,Arthrobacter,R5,6.16,Arthrobacter | R5
10.03,Arthrobacter,R5,6.19,Arthrobacter | R5
11.03,Arthrobacter,R5,6.23,Arthrobacter | R5
12.03,Arthrobacter,R5,6.26,Arthrobacter | R5
13.03,Arthrobacter,R5,6.3,Arthrobacter | R5
14.03,Arthrobacter,R5,6.36,Arthrobacter | R5
15.03,Arthrobacter,R5,6.39,Arthrobacter | R5
16.03,Arthrobacter,R5,6.44,Arthrobacter | R5
17.03,Arthrobacter,R5,6.47,Arthrobacter | R5
18.03,Arthrobacter,R5,6.52,Arthrobacter | R5
19.03,Arthrobacter,R5,6.55,Arthrobacter | R5
20.03,Arthrobacter,R5,6.58,Arthrobacter | R5
21.03,Arthrobacter,R5,6.61,Arthrobacter | R5
22.03,Arthrobacter,R5,6.65,Arthrobacter | R5
23.03,Arthrobacter,R5,6.67,Arthrobacter | R5
24.03,Arthrobacter,R5,6.69,Arthrobacter | R5
25.03,Arthrobacter,R5,6.72,Arthrobacter | R5
26.03,Arthrobacter,R5,6.76,Arthrobacter | R5
27.03,Arthrobacter,R5,6.76,Arthrobacter | R5
28.03,Arthrobacter,R5,6.79,Arthrobacter | R5
29.03,Arthrobacter,R5,6.8,Arthrobacter | R5
30.03,Arthrobacter,R5,6.82,Arthrobacter | R5
31.03,Arthrobacter,R5,6.82,Arthrobacter | R5
32.03,Arthrobacter,R5,6.86,Arthrobacter | R5
33.03,Arthrobacter,R5,6.88,Arthrobacter | R5
34.03,Arthrobacter,R5,6.9,Arthrobacter | R5
35.03,Arthrobacter,R5,6.91,Arthrobacter | R5
36.03,Arthrobacter,R5,6.93,Arthrobacter | R5
37.03,Arthrobacter,R5,6.95,Arthrobacter | R5
38.03,Arthrobacter,R5,6.96,Arthrobacter | R5
39.03,Arthrobacter,R5,6.96,Arthrobacter | R5
40.03,Arthrobacter,R5,6.98,Arthrobacter | R5
41.03,Arthrobacter,R5,6.98,Arthrobacter | R5
42.03,Arthrobacter,R5,6.99,Arthrobacter | R5
43.03,Arthrobacter,R5,7.01,Arthrobacter | R5
44.03,Arthrobacter,R5,7.02,Arthrobacter | R5
45.03,Arthrobacter,R5,7.03,Arthrobacter | R5
46.03,Arthrobacter,R5,7.04,Arthrobacter | R5
47.03,Arthrobacter,R5,7.05,Arthrobacter | R5
48.03,Arthrobacter,R5,7.06,Arthrobacter | R5
49.03,Arthrobacter,R5,7.06,Arthrobacter | R5
50.05,Arthrobacter,R5,7.06,Arthrobacter | R5
51.05,Arthrobacter,R5,7.07,Arthrobacter | R5
52.05,Arthrobacter,R5,7.09,Arthrobacter | R5
53.05,Arthrobacter,R5,7.08,Arthrobacter | R5
54.05,Arthrobacter,R5,7.09,Arthrobacter | R5
55.05,Arthrobacter,R5,7.09,Arthrobacter | R5
56.05,Arthrobacter,R5,7.08,Arthrobacter | R5
57.05,Arthrobacter,R5,7.09,Arthrobacter | R5
58.05,Arthrobacter,R5,7.09,Arthrobacter | R5
59.05,Arthrobacter,R5,7.09,Arthrobacter | R5
60.05,Arthrobacter,R5,7.09,Arthrobacter | R5
61.05,Arthrobacter,R5,7.09,Arthrobacter | R5
62.05,Arthrobacter,R5,7.1,Arthrobacter | R5
63.05,Arthrobacter,R5,7.09,Arthrobacter | R5
64.05,Arthrobacter,R5,7.06,Arthrobacter | R5
65.05,Arthrobacter,R5,7.06,Arthrobacter | R5
66.05,Arthrobacter,R5,7.05,Arthrobacter | R5
67.05,Arthrobacter,R5,7.04,Arthrobacter | R5
68.05,Arthrobacter,R5,7.02,Arthrobacter | R5
69.05,Arthrobacter,R5,7.01,Arthrobacter | R5
70.05,Arthrobacter,R5,6.98,Arthrobacter | R5
71.05,Arthrobacter,R5,6.98,Arthrobacter | R5
72.05,Arthrobacter,R5,6.94,Arthrobacter | R5
73.05,Arthrobacter,R5,6.93,Arthrobacter | R5
74.05,Arthrobacter,R5,6.93,Arthrobacter | R5
75.05,Arthrobacter,R5,6.91,Arthrobacter | R5
76.05,Arthrobacter,R5,6.89,Arthrobacter | R5
77.05,Arthrobacter,R5,6.87,Arthrobacter | R5
78.05,Arthrobacter,R5,6.85,Arthrobacter | R5
79.05,Arthrobacter,R5,6.83,Arthrobacter | R5
80.05,Arthrobacter,R5,6.83,Arthrobacter | R5
81.05,Arthrobacter,R5,6.79,Arthrobacter | R5
82.05,Arthrobacter,R5,6.77,Arthrobacter | R5
83.05,Arthrobacter,R5,6.75,Arthrobacter | R5
84.05,Arthrobacter,R5,6.73,Arthrobacter | R5
85.05,Arthrobacter,R5,6.7,Arthrobacter | R5
86.05,Arthrobacter,R5,6.7,Arthrobacter | R5
87.05,Arthrobacter,R5,6.68,Arthrobacter | R5
88.05,Arthrobacter,R5,6.64,Arthrobacter | R5
89.05,Arthrobacter,R5,6.62,Arthrobacter | R5
90.05,Arthrobacter,R5,6.59,Arthrobacter | R5
91.05,Arthrobacter,R5,6.57,Arthrobacter | R5
92.05,Arthrobacter,R5,6.56,Arthrobacter | R5
93.05,Arthrobacter,R5,6.51,Arthrobacter | R5
94.05,Arthrobacter,R5,6.5,Arthrobacter | R5
95.05,Arthrobacter,R5,6.48,Arthrobacter | R5
96.05,Arthrobacter,R5,6.43,Arthrobacter | R5
97.05,Arthrobacter,R5,6.41,Arthrobacter | R5
98.05,Arthrobacter,R5,6.38,Arthrobacter | R5
99.05,Arthrobacter,R5,6.35,Arthrobacter | R5
100.05,Arthrobacter,R5,6.33,Arthrobacter | R5
101.05,Arthrobacter,R5,6.29,Arthrobacter | R5
102.05,Arthrobacter,R5,6.25,Arthrobacter | R5
103.05,Arthrobacter,R5,6.23,Arthrobacter | R5
104.05,Arthrobacter,R5,6.19,Arthrobacter | R5
105.05,Arthrobacter,R5,6.15,Arthrobacter | R5
106.05,Arthrobacter,R5,6.13,Arthrobacter | R5
107.05,Arthrobacter,R5,6.09,Arthrobacter | R5
108.05,Arthrobacter,R5,6.06,Arthrobacter | R5
109.05,Arthrobacter,R5,6.02,Arthrobacter | R5
110.05,Arthrobacter,R5,5.98,Arthrobacter | R5
111.05,Arthrobacter,R5,5.95,Arthrobacter | R5
112.05,Arthrobacter,R5,5.88,Arthrobacter | R5
113.05,Arthrobacter,R5,5.86,Arthrobacter | R5
114.05,Arthrobacter,R5,5.8,Arthrobacter | R5
115.05,Arthrobacter,R5,5.78,Arthrobacter | R5
116.05,Arthrobacter,R5,5.71,Arthrobacter | R5
117.05,Arthrobacter,R5,5.67,Arthrobacter | R5
118.05,Arthrobacter,R5,5.62,Arthrobacter | R5
119.05,Arthrobacter,R5,5.57,Arthrobacter | R5
120.05,Arthrobacter,R5,5.52,Arthrobacter | R5
121.05,Arthrobacter,R5,5.48,Arthrobacter | R5
122.05,Arthrobacter,R5,5.42,Arthrobacter | R5
123.05,Arthrobacter,R5,5.38,Arthrobacter | R5
124.05,Arthrobacter,R5,5.32,Arthrobacter | R5
125.05,Arthrobacter,R5,5.27,Arthrobacter | R5
126.05,Arthrobacter,R5,5.2,Arthrobacter | R5
127.05,Arthrobacter,R5,5.15,Arthrobacter | R5
128.05,Arthrobacter,R5,5.09,Arthrobacter | R5
129.05,Arthrobacter,R5,5.03,Arthrobacter | R5
130.05,Arthrobacter,R5,4.95,Arthrobacter | R5
131.05,Arthrobacter,R5,4.9,Arthrobacter | R5
132.05,Arthrobacter,R5,4.83,Arthrobacter | R5
133.05,Arthrobacter,R5,4.77,Arthrobacter | R5
134.05,Arthrobacter,R5,4.69,Arthrobacter | R5
135.05,Arthrobacter,R5,4.63,Arthrobacter | R5
136.05,Arthrobacter,R5,4.54,Arthrobacter | R5
137.05,Arthrobacter,R5,4.49,Arthrobacter | R5
138.05,Arthrobacter,R5,4.4,Arthrobacter | R5
139.05,Arthrobacter,R5,4.31,Arthrobacter | R5
140.05,Arthrobacter,R5,4.25,Arthrobacter | R5
141.05,Arthrobacter,R5,4.17,Arthrobacter | R5
142.05,Arthrobacter,R5,4.08,Arthrobacter | R5
143.05,Arthrobacter,R5,3.99,Arthrobacter | R5
144.05,Arthrobacter,R5,3.9,Arthrobacter | R5
145.05,Arthrobacter,R5,3.8,Arthrobacter | R5
146.05,Arthrobacter,R5,3.73,Arthrobacter | R5
147.05,Arthrobacter,R5,3.62,Arthrobacter | R5
148.05,Arthrobacter,R5,3.52,Arthrobacter | R5
149.05,Arthrobacter,R5,3.43,Arthrobacter | R5
150.05,Arthrobacter,R5,3.33,Arthrobacter | R5
151.05,Arthrobacter,R5,3.23,Arthrobacter | R5
152.05,Arthrobacter,R5,3.12,Arthrobacter | R5
153.05,Arthrobacter,R5,3,Arthrobacter | R5
154.05,Arthrobacter,R5,2.87,Arthrobacter | R5
155.05,Arthrobacter,R5,2.79,Arthrobacter | R5
156.05,Arthrobacter,R5,2.65,Arthrobacter | R5
157.05,Arthrobacter,R5,2.56,Arthrobacter | R5
158.05,Arthrobacter,R5,2.43,Arthrobacter | R5
159.05,Arthrobacter,R5,2.3,Arthrobacter | R5
160.05,Arthrobacter,R5,2.2,Arthrobacter | R5
161.05,Arthrobacter,R5,2.04,Arthrobacter | R5
162.05,Arthrobacter,R5,1.91,Arthrobacter | R5
163.05,Arthrobacter,R5,1.76,Arthrobacter | R5
164.05,Arthrobacter,R5,1.63,Arthrobacter | R5
165.05,Arthrobacter,R5,1.47,Arthrobacter | R5
166.05,Arthrobacter,R5,1.34,Arthrobacter | R5
167.05,Arthrobacter,R5,1.17,Arthrobacter | R5
168.05,Arthrobacter,R5,1.02,Arthrobacter | R5
169.05,Arthrobacter,R5,0.86,Arthrobacter | R5
170.05,Arthrobacter,R5,0.7,Arthrobacter | R5
171.05,Arthrobacter,R5,0.53,Arthrobacter | R5
172.05,Arthrobacter,R5,0.43,Arthrobacter | R5
173.05,Arthrobacter,R5,0.39,Arthrobacter | R5
174.05,Arthrobacter,R5,0.39,Arthrobacter | R5
175.05,Arthrobacter,R5,0.38,Arthrobacter | R5
176.05,Arthrobacter,R5,0.39,Arthrobacter | R5
177.05,Arthrobacter,R5,0.39,Arthrobacter | R5
178.05,Arthrobacter,R5,0.38,Arthrobacter | R5
179.05,Arthrobacter,R5,0.38,Arthrobacter | R5
180.05,Arthrobacter,R5,0.39,Arthrobacter | R5
181.05,Arthrobacter,R5,0.38,Arthrobacter | R5
182.05,Arthrobacter,R5,0.38,Arthrobacter | R5
183.05,Arthrobacter,R5,0.39,Arthrobacter | R5
184.05,Arthrobacter,R5,0.38,Arthrobacter | R5
185.05,Arthrobacter,R5,0.38,Arthrobacter | R5
186.05,Arthrobacter,R5,0.39,Arthrobacter | R5
187.05,Arthrobacter,R5,0.38,Arthrobacter | R5
188.05,Arthrobacter,R5,0.38,Arthrobacter | R5
189.05,Arthrobacter,R5,0.38,Arthrobacter | R5
190.05,Arthrobacter,R5,0.38,Arthrobacter | R5
191.05,Arthrobacter,R5,0.38,Arthrobacter | R5
192.05,Arthrobacter,R5,0.38,Arthrobacter | R5
193.05,Arthrobacter,R5,0.38,Arthrobacter | R5
194.05,Arthrobacter,R5,0.39,Arthrobacter | R5
195.05,Arthrobacter,R5,0.39,Arthrobacter | R5
196.05,Arthrobacter,R5,0.37,Arthrobacter | R5
197.05,Arthrobacter,R5,0.38,Arthrobacter | R5
0.03,Bacillus,R1,4.72,Bacillus | R1
1.05,Bacillus,R1,4.69,Bacillus | R1
2.05,Bacillus,R1,4.77,Bacillus | R1
3.05,Bacillus,R1,4.83,Bacillus | R1
4.05,Bacillus,R1,4.91,Bacillus | R1
5.05,Bacillus,R1,4.97,Bacillus | R1
6.05,Bacillus,R1,5.04,Bacillus | R1
7.05,Bacillus,R1,5.12,Bacillus | R1
8.05,Bacillus,R1,5.17,Bacillus | R1
9.05,Bacillus,R1,5.23,Bacillus | R1
10.05,Bacillus,R1,5.29,Bacillus | R1
11.05,Bacillus,R1,5.35,Bacillus | R1
12.05,Bacillus,R1,5.39,Bacillus | R1
13.05,Bacillus,R1,5.44,Bacillus | R1
14.05,Bacillus,R1,5.48,Bacillus | R1
15.05,Bacillus,R1,5.52,Bacillus | R1
16.05,Bacillus,R1,5.56,Bacillus | R1
17.05,Bacillus,R1,5.57,Bacillus | R1
18.05,Bacillus,R1,5.61,Bacillus | R1
19.05,Bacillus,R1,5.64,Bacillus | R1
20.05,Bacillus,R1,5.66,Bacillus | R1
21.05,Bacillus,R1,5.69,Bacillus | R1
22.05,Bacillus,R1,5.72,Bacillus | R1
23.05,Bacillus,R1,5.75,Bacillus | R1
24.05,Bacillus,R1,5.76,Bacillus | R1
25.05,Bacillus,R1,5.8,Bacillus | R1
26.05,Bacillus,R1,5.83,Bacillus | R1
27.05,Bacillus,R1,5.86,Bacillus | R1
28.05,Bacillus,R1,5.87,Bacillus | R1
29.05,Bacillus,R1,5.88,Bacillus | R1
30.05,Bacillus,R1,5.91,Bacillus | R1
31.05,Bacillus,R1,5.94,Bacillus | R1
32.05,Bacillus,R1,5.95,Bacillus | R1
33.05,Bacillus,R1,5.97,Bacillus | R1
34.05,Bacillus,R1,5.98,Bacillus | R1
35.05,Bacillus,R1,5.98,Bacillus | R1
36.05,Bacillus,R1,6.02,Bacillus | R1
37.05,Bacillus,R1,6.03,Bacillus | R1
38.05,Bacillus,R1,6.03,Bacillus | R1
39.05,Bacillus,R1,6.03,Bacillus | R1
40.05,Bacillus,R1,6.03,Bacillus | R1
41.05,Bacillus,R1,6.06,Bacillus | R1
42.07,Bacillus,R1,6.06,Bacillus | R1
43.07,Bacillus,R1,6.07,Bacillus | R1
44.07,Bacillus,R1,6.08,Bacillus | R1
45.07,Bacillus,R1,6.08,Bacillus | R1
46.07,Bacillus,R1,6.08,Bacillus | R1
47.07,Bacillus,R1,6.06,Bacillus | R1
48.07,Bacillus,R1,6.07,Bacillus | R1
49.07,Bacillus,R1,6.06,Bacillus | R1
50.07,Bacillus,R1,6.05,Bacillus | R1
51.07,Bacillus,R1,6.06,Bacillus | R1
52.07,Bacillus,R1,6.04,Bacillus | R1
53.07,Bacillus,R1,6.04,Bacillus | R1
54.07,Bacillus,R1,6.03,Bacillus | R1
55.07,Bacillus,R1,6.03,Bacillus | R1
56.07,Bacillus,R1,6.03,Bacillus | R1
57.07,Bacillus,R1,6.02,Bacillus | R1
58.07,Bacillus,R1,6.02,Bacillus | R1
59.07,Bacillus,R1,6.02,Bacillus | R1
60.07,Bacillus,R1,6.02,Bacillus | R1
61.07,Bacillus,R1,6.01,Bacillus | R1
62.07,Bacillus,R1,6,Bacillus | R1
63.07,Bacillus,R1,6,Bacillus | R1
64.07,Bacillus,R1,5.99,Bacillus | R1
65.07,Bacillus,R1,5.99,Bacillus | R1
66.07,Bacillus,R1,5.97,Bacillus | R1
67.07,Bacillus,R1,5.97,Bacillus | R1
68.07,Bacillus,R1,5.96,Bacillus | R1
69.07,Bacillus,R1,5.95,Bacillus | R1
70.07,Bacillus,R1,5.95,Bacillus | R1
71.07,Bacillus,R1,5.94,Bacillus | R1
72.07,Bacillus,R1,5.93,Bacillus | R1
73.07,Bacillus,R1,5.91,Bacillus | R1
74.07,Bacillus,R1,5.91,Bacillus | R1
75.07,Bacillus,R1,5.89,Bacillus | R1
76.07,Bacillus,R1,5.88,Bacillus | R1
77.07,Bacillus,R1,5.87,Bacillus | R1
78.07,Bacillus,R1,5.85,Bacillus | R1
79.07,Bacillus,R1,5.85,Bacillus | R1
80.07,Bacillus,R1,5.84,Bacillus | R1
81.07,Bacillus,R1,5.83,Bacillus | R1
82.07,Bacillus,R1,5.81,Bacillus | R1
83.07,Bacillus,R1,5.8,Bacillus | R1
84.07,Bacillus,R1,5.78,Bacillus | R1
85.07,Bacillus,R1,5.76,Bacillus | R1
86.07,Bacillus,R1,5.75,Bacillus | R1
87.07,Bacillus,R1,5.73,Bacillus | R1
88.07,Bacillus,R1,5.71,Bacillus | R1
89.07,Bacillus,R1,5.69,Bacillus | R1
90.07,Bacillus,R1,5.66,Bacillus | R1
91.07,Bacillus,R1,5.65,Bacillus | R1
92.07,Bacillus,R1,5.63,Bacillus | R1
93.07,Bacillus,R1,5.61,Bacillus | R1
94.07,Bacillus,R1,5.57,Bacillus | R1
95.07,Bacillus,R1,5.57,Bacillus | R1
96.07,Bacillus,R1,5.53,Bacillus | R1
97.07,Bacillus,R1,5.51,Bacillus | R1
98.07,Bacillus,R1,5.49,Bacillus | R1
99.07,Bacillus,R1,5.45,Bacillus | R1
100.07,Bacillus,R1,5.42,Bacillus | R1
101.07,Bacillus,R1,5.4,Bacillus | R1
102.07,Bacillus,R1,5.36,Bacillus | R1
103.07,Bacillus,R1,5.33,Bacillus | R1
104.07,Bacillus,R1,5.3,Bacillus | R1
105.07,Bacillus,R1,5.25,Bacillus | R1
106.07,Bacillus,R1,5.23,Bacillus | R1
107.07,Bacillus,R1,5.18,Bacillus | R1
108.07,Bacillus,R1,5.15,Bacillus | R1
109.07,Bacillus,R1,5.11,Bacillus | R1
110.07,Bacillus,R1,5.06,Bacillus | R1
111.07,Bacillus,R1,5.01,Bacillus | R1
112.07,Bacillus,R1,4.98,Bacillus | R1
113.07,Bacillus,R1,4.92,Bacillus | R1
114.07,Bacillus,R1,4.86,Bacillus | R1
115.07,Bacillus,R1,4.81,Bacillus | R1
116.07,Bacillus,R1,4.75,Bacillus | R1
117.07,Bacillus,R1,4.69,Bacillus | R1
118.07,Bacillus,R1,4.63,Bacillus | R1
119.07,Bacillus,R1,4.57,Bacillus | R1
120.07,Bacillus,R1,4.51,Bacillus | R1
121.07,Bacillus,R1,4.45,Bacillus | R1
122.07,Bacillus,R1,4.38,Bacillus | R1
123.07,Bacillus,R1,4.28,Bacillus | R1
124.08,Bacillus,R1,4.22,Bacillus | R1
125.08,Bacillus,R1,4.14,Bacillus | R1
126.08,Bacillus,R1,4.05,Bacillus | R1
127.08,Bacillus,R1,3.96,Bacillus | R1
128.08,Bacillus,R1,3.88,Bacillus | R1
129.08,Bacillus,R1,3.78,Bacillus | R1
130.08,Bacillus,R1,3.68,Bacillus | R1
131.08,Bacillus,R1,3.57,Bacillus | R1
132.08,Bacillus,R1,3.48,Bacillus | R1
133.08,Bacillus,R1,3.35,Bacillus | R1
134.08,Bacillus,R1,3.25,Bacillus | R1
135.08,Bacillus,R1,3.12,Bacillus | R1
136.08,Bacillus,R1,3,Bacillus | R1
137.08,Bacillus,R1,2.86,Bacillus | R1
138.08,Bacillus,R1,2.73,Bacillus | R1
139.08,Bacillus,R1,2.58,Bacillus | R1
140.08,Bacillus,R1,2.43,Bacillus | R1
141.08,Bacillus,R1,2.27,Bacillus | R1
142.08,Bacillus,R1,2.12,Bacillus | R1
143.08,Bacillus,R1,1.95,Bacillus | R1
144.08,Bacillus,R1,1.78,Bacillus | R1
145.08,Bacillus,R1,1.58,Bacillus | R1
146.08,Bacillus,R1,1.39,Bacillus | R1
147.08,Bacillus,R1,1.2,Bacillus | R1
148.08,Bacillus,R1,0.99,Bacillus | R1
149.08,Bacillus,R1,0.78,Bacillus | R1
150.08,Bacillus,R1,0.55,Bacillus | R1
151.08,Bacillus,R1,0.32,Bacillus | R1
152.08,Bacillus,R1,0.09,Bacillus | R1
153.08,Bacillus,R1,0.05,Bacillus | R1
154.08,Bacillus,R1,0.01,Bacillus | R1
155.08,Bacillus,R1,0,Bacillus | R1
156.08,Bacillus,R1,0,Bacillus | R1
157.08,Bacillus,R1,0,Bacillus | R1
158.08,Bacillus,R1,0,Bacillus | R1
159.08,Bacillus,R1,0,Bacillus | R1
160.08,Bacillus,R1,0,Bacillus | R1
161.08,Bacillus,R1,0,Bacillus | R1
162.08,Bacillus,R1,0,Bacillus | R1
163.08,Bacillus,R1,0,Bacillus | R1
164.08,Bacillus,R1,0,Bacillus | R1
165.08,Bacillus,R1,0,Bacillus | R1
166.08,Bacillus,R1,0,Bacillus | R1
167.08,Bacillus,R1,0,Bacillus | R1
168.08,Bacillus,R1,0,Bacillus | R1
169.08,Bacillus,R1,0,Bacillus | R1
170.08,Bacillus,R1,0,Bacillus | R1
171.08,Bacillus,R1,0,Bacillus | R1
172.08,Bacillus,R1,0,Bacillus | R1
173.08,Bacillus,R1,0,Bacillus | R1
174.08,Bacillus,R1,0,Bacillus | R1
175.08,Bacillus,R1,0,Bacillus | R1
176.08,Bacillus,R1,0,Bacillus | R1
177.08,Bacillus,R1,0,Bacillus | R1
178.08,Bacillus,R1,0,Bacillus | R1
179.1,Bacillus,R1,0,Bacillus | R1
180.1,Bacillus,R1,0,Bacillus | R1
181.1,Bacillus,R1,0,Bacillus | R1
182.1,Bacillus,R1,0,Bacillus | R1
183.1,Bacillus,R1,0,Bacillus | R1
184.1,Bacillus,R1,0,Bacillus | R1
185.1,Bacillus,R1,0,Bacillus | R1
186.1,Bacillus,R1,0,Bacillus | R1
187.1,Bacillus,R1,0,Bacillus | R1
188.1,Bacillus,R1,0,Bacillus | R1
189.1,Bacillus,R1,0,Bacillus | R1
190.1,Bacillus,R1,0,Bacillus | R1
191.1,Bacillus,R1,0,Bacillus | R1
192.1,Bacillus,R1,0,Bacillus | R1
193.1,Bacillus,R1,0,Bacillus | R1
194.1,Bacillus,R1,0,Bacillus | R1
195.1,Bacillus,R1,0,Bacillus | R1
196.1,Bacillus,R1,0,Bacillus | R1
197.1,Bacillus,R1,0,Bacillus | R1
198.1,Bacillus,R1,0,Bacillus | R1
199.1,Bacillus,R1,0,Bacillus | R1
200.1,Bacillus,R1,0,Bacillus | R1
201.1,Bacillus,R1,0,Bacillus | R1
202.1,Bacillus,R1,0,Bacillus | R1
203.1,Bacillus,R1,0,Bacillus | R1
204.1,Bacillus,R1,0,Bacillus | R1
205.1,Bacillus,R1,0,Bacillus | R1
206.1,Bacillus,R1,0,Bacillus | R1
207.1,Bacillus,R1,0,Bacillus | R1
208.1,Bacillus,R1,0,Bacillus | R1
209.1,Bacillus,R1,0,Bacillus | R1
210.1,Bacillus,R1,0,Bacillus | R1
211.1,Bacillus,R1,0,Bacillus | R1
212.1,Bacillus,R1,0,Bacillus | R1
0.03,Bacillus,R2,4.91,Bacillus | R2
1.05,Bacillus,R2,4.88,Bacillus | R2
2.05,Bacillus,R2,4.91,Bacillus | R2
3.05,Bacillus,R2,4.94,Bacillus | R2
4.05,Bacillus,R2,4.99,Bacillus | R2
5.05,Bacillus,R2,5,Bacillus | R2
6.05,Bacillus,R2,5.08,Bacillus | R2
7.05,Bacillus,R2,5.12,Bacillus | R2
8.05,Bacillus,R2,5.17,Bacillus | R2
9.05,Bacillus,R2,5.2,Bacillus | R2
10.05,Bacillus,R2,5.25,Bacillus | R2
11.05,Bacillus,R2,5.28,Bacillus | R2
12.05,Bacillus,R2,5.33,Bacillus | R2
13.05,Bacillus,R2,5.36,Bacillus | R2
14.05,Bacillus,R2,5.39,Bacillus | R2
15.05,Bacillus,R2,5.44,Bacillus | R2
16.05,Bacillus,R2,5.48,Bacillus | R2
17.05,Bacillus,R2,5.5,Bacillus | R2
18.05,Bacillus,R2,5.54,Bacillus | R2
19.05,Bacillus,R2,5.57,Bacillus | R2
20.05,Bacillus,R2,5.6,Bacillus | R2
21.05,Bacillus,R2,5.62,Bacillus | R2
22.05,Bacillus,R2,5.66,Bacillus | R2
23.05,Bacillus,R2,5.68,Bacillus | R2
24.05,Bacillus,R2,5.69,Bacillus | R2
25.05,Bacillus,R2,5.73,Bacillus | R2
26.05,Bacillus,R2,5.73,Bacillus | R2
27.05,Bacillus,R2,5.76,Bacillus | R2
28.05,Bacillus,R2,5.79,Bacillus | R2
29.05,Bacillus,R2,5.8,Bacillus | R2
30.05,Bacillus,R2,5.82,Bacillus | R2
31.05,Bacillus,R2,5.85,Bacillus | R2
32.05,Bacillus,R2,5.85,Bacillus | R2
33.05,Bacillus,R2,5.87,Bacillus | R2
34.05,Bacillus,R2,5.89,Bacillus | R2
35.05,Bacillus,R2,5.89,Bacillus | R2
36.05,Bacillus,R2,5.92,Bacillus | R2
37.05,Bacillus,R2,5.93,Bacillus | R2
38.05,Bacillus,R2,5.94,Bacillus | R2
39.05,Bacillus,R2,5.95,Bacillus | R2
40.05,Bacillus,R2,5.95,Bacillus | R2
41.05,Bacillus,R2,5.97,Bacillus | R2
42.07,Bacillus,R2,5.97,Bacillus | R2
43.07,Bacillus,R2,5.97,Bacillus | R2
44.07,Bacillus,R2,5.98,Bacillus | R2
45.07,Bacillus,R2,5.99,Bacillus | R2
46.07,Bacillus,R2,5.98,Bacillus | R2
47.07,Bacillus,R2,6,Bacillus | R2
48.07,Bacillus,R2,6,Bacillus | R2
49.07,Bacillus,R2,6.01,Bacillus | R2
50.07,Bacillus,R2,6,Bacillus | R2
51.07,Bacillus,R2,6,Bacillus | R2
52.07,Bacillus,R2,5.98,Bacillus | R2
53.07,Bacillus,R2,5.98,Bacillus | R2
54.07,Bacillus,R2,5.98,Bacillus | R2
55.07,Bacillus,R2,5.97,Bacillus | R2
56.07,Bacillus,R2,5.95,Bacillus | R2
57.07,Bacillus,R2,5.96,Bacillus | R2
58.07,Bacillus,R2,5.95,Bacillus | R2
59.07,Bacillus,R2,5.95,Bacillus | R2
60.07,Bacillus,R2,5.92,Bacillus | R2
61.07,Bacillus,R2,5.91,Bacillus | R2
62.07,Bacillus,R2,5.92,Bacillus | R2
63.07,Bacillus,R2,5.89,Bacillus | R2
64.07,Bacillus,R2,5.89,Bacillus | R2
65.07,Bacillus,R2,5.87,Bacillus | R2
66.07,Bacillus,R2,5.84,Bacillus | R2
67.07,Bacillus,R2,5.86,Bacillus | R2
68.07,Bacillus,R2,5.84,Bacillus | R2
69.07,Bacillus,R2,5.84,Bacillus | R2
70.07,Bacillus,R2,5.83,Bacillus | R2
71.07,Bacillus,R2,5.8,Bacillus | R2
72.07,Bacillus,R2,5.81,Bacillus | R2
73.07,Bacillus,R2,5.78,Bacillus | R2
74.07,Bacillus,R2,5.75,Bacillus | R2
75.07,Bacillus,R2,5.75,Bacillus | R2
76.07,Bacillus,R2,5.75,Bacillus | R2
77.07,Bacillus,R2,5.72,Bacillus | R2
78.07,Bacillus,R2,5.71,Bacillus | R2
79.07,Bacillus,R2,5.71,Bacillus | R2
80.07,Bacillus,R2,5.69,Bacillus | R2
81.07,Bacillus,R2,5.68,Bacillus | R2
82.07,Bacillus,R2,5.64,Bacillus | R2
83.07,Bacillus,R2,5.64,Bacillus | R2
84.07,Bacillus,R2,5.64,Bacillus | R2
85.07,Bacillus,R2,5.59,Bacillus | R2
86.07,Bacillus,R2,5.61,Bacillus | R2
87.07,Bacillus,R2,5.56,Bacillus | R2
88.07,Bacillus,R2,5.54,Bacillus | R2
89.07,Bacillus,R2,5.54,Bacillus | R2
90.07,Bacillus,R2,5.51,Bacillus | R2
91.07,Bacillus,R2,5.49,Bacillus | R2
92.07,Bacillus,R2,5.47,Bacillus | R2
93.07,Bacillus,R2,5.45,Bacillus | R2
94.07,Bacillus,R2,5.43,Bacillus | R2
95.07,Bacillus,R2,5.4,Bacillus | R2
96.07,Bacillus,R2,5.38,Bacillus | R2
97.07,Bacillus,R2,5.37,Bacillus | R2
98.07,Bacillus,R2,5.35,Bacillus | R2
99.07,Bacillus,R2,5.31,Bacillus | R2
100.07,Bacillus,R2,5.29,Bacillus | R2
101.07,Bacillus,R2,5.24,Bacillus | R2
102.07,Bacillus,R2,5.23,Bacillus | R2
103.07,Bacillus,R2,5.21,Bacillus | R2
104.07,Bacillus,R2,5.18,Bacillus | R2
105.07,Bacillus,R2,5.12,Bacillus | R2
106.07,Bacillus,R2,5.11,Bacillus | R2
107.07,Bacillus,R2,5.08,Bacillus | R2
108.07,Bacillus,R2,5.06,Bacillus | R2
109.07,Bacillus,R2,5.03,Bacillus | R2
110.07,Bacillus,R2,4.98,Bacillus | R2
111.07,Bacillus,R2,4.97,Bacillus | R2
112.07,Bacillus,R2,4.91,Bacillus | R2
113.07,Bacillus,R2,4.88,Bacillus | R2
114.07,Bacillus,R2,4.83,Bacillus | R2
115.07,Bacillus,R2,4.8,Bacillus | R2
116.07,Bacillus,R2,4.77,Bacillus | R2
117.07,Bacillus,R2,4.72,Bacillus | R2
118.07,Bacillus,R2,4.67,Bacillus | R2
119.07,Bacillus,R2,4.64,Bacillus | R2
120.07,Bacillus,R2,4.59,Bacillus | R2
121.07,Bacillus,R2,4.54,Bacillus | R2
122.07,Bacillus,R2,4.51,Bacillus | R2
123.07,Bacillus,R2,4.46,Bacillus | R2
124.08,Bacillus,R2,4.4,Bacillus | R2
125.08,Bacillus,R2,4.38,Bacillus | R2
126.08,Bacillus,R2,4.31,Bacillus | R2
127.08,Bacillus,R2,4.23,Bacillus | R2
128.08,Bacillus,R2,4.19,Bacillus | R2
129.08,Bacillus,R2,4.14,Bacillus | R2
130.08,Bacillus,R2,4.09,Bacillus | R2
131.08,Bacillus,R2,4.03,Bacillus | R2
132.08,Bacillus,R2,3.97,Bacillus | R2
133.08,Bacillus,R2,3.9,Bacillus | R2
134.08,Bacillus,R2,3.84,Bacillus | R2
135.08,Bacillus,R2,3.78,Bacillus | R2
136.08,Bacillus,R2,3.71,Bacillus | R2
137.08,Bacillus,R2,3.63,Bacillus | R2
138.08,Bacillus,R2,3.57,Bacillus | R2
139.08,Bacillus,R2,3.5,Bacillus | R2
140.08,Bacillus,R2,3.42,Bacillus | R2
141.08,Bacillus,R2,3.34,Bacillus | R2
142.08,Bacillus,R2,3.28,Bacillus | R2
143.08,Bacillus,R2,3.18,Bacillus | R2
144.08,Bacillus,R2,3.09,Bacillus | R2
145.08,Bacillus,R2,3.01,Bacillus | R2
146.08,Bacillus,R2,2.93,Bacillus | R2
147.08,Bacillus,R2,2.83,Bacillus | R2
148.08,Bacillus,R2,2.75,Bacillus | R2
149.08,Bacillus,R2,2.64,Bacillus | R2
150.08,Bacillus,R2,2.54,Bacillus | R2
151.08,Bacillus,R2,2.44,Bacillus | R2
152.08,Bacillus,R2,2.34,Bacillus | R2
153.08,Bacillus,R2,2.23,Bacillus | R2
154.08,Bacillus,R2,2.13,Bacillus | R2
155.08,Bacillus,R2,2.02,Bacillus | R2
156.08,Bacillus,R2,1.91,Bacillus | R2
157.08,Bacillus,R2,1.79,Bacillus | R2
158.08,Bacillus,R2,1.65,Bacillus | R2
159.08,Bacillus,R2,1.54,Bacillus | R2
160.08,Bacillus,R2,1.41,Bacillus | R2
161.08,Bacillus,R2,1.27,Bacillus | R2
162.08,Bacillus,R2,1.16,Bacillus | R2
163.08,Bacillus,R2,1,Bacillus | R2
164.08,Bacillus,R2,0.88,Bacillus | R2
165.08,Bacillus,R2,0.7,Bacillus | R2
166.08,Bacillus,R2,0.56,Bacillus | R2
167.08,Bacillus,R2,0.41,Bacillus | R2
168.08,Bacillus,R2,0.25,Bacillus | R2
169.08,Bacillus,R2,0.19,Bacillus | R2
170.08,Bacillus,R2,0.12,Bacillus | R2
171.08,Bacillus,R2,0.07,Bacillus | R2
172.08,Bacillus,R2,0.05,Bacillus | R2
173.08,Bacillus,R2,0.03,Bacillus | R2
174.08,Bacillus,R2,0,Bacillus | R2
175.08,Bacillus,R2,0,Bacillus | R2
176.08,Bacillus,R2,0,Bacillus | R2
177.08,Bacillus,R2,0,Bacillus | R2
178.08,Bacillus,R2,0,Bacillus | R2
179.1,Bacillus,R2,0,Bacillus | R2
180.1,Bacillus,R2,0,Bacillus | R2
181.1,Bacillus,R2,0,Bacillus | R2
182.1,Bacillus,R2,0,Bacillus | R2
183.1,Bacillus,R2,0,Bacillus | R2
184.1,Bacillus,R2,0,Bacillus | R2
185.1,Bacillus,R2,0,Bacillus | R2
186.1,Bacillus,R2,0,Bacillus | R2
187.1,Bacillus,R2,0,Bacillus | R2
188.1,Bacillus,R2,0,Bacillus | R2
189.1,Bacillus,R2,0,Bacillus | R2
190.1,Bacillus,R2,0,Bacillus | R2
191.1,Bacillus,R2,0,Bacillus | R2
192.1,Bacillus,R2,0,Bacillus | R2
193.1,Bacillus,R2,0,Bacillus | R2
194.1,Bacillus,R2,0,Bacillus | R2
195.1,Bacillus,R2,0,Bacillus | R2
196.1,Bacillus,R2,0,Bacillus | R2
197.1,Bacillus,R2,0,Bacillus | R2
198.1,Bacillus,R2,0,Bacillus | R2
199.1,Bacillus,R2,0,Bacillus | R2
200.1,Bacillus,R2,0,Bacillus | R2
201.1,Bacillus,R2,0,Bacillus | R2
202.1,Bacillus,R2,0,Bacillus | R2
203.1,Bacillus,R2,0,Bacillus | R2
204.1,Bacillus,R2,0,Bacillus | R2
205.1,Bacillus,R2,0,Bacillus | R2
206.1,Bacillus,R2,0,Bacillus | R2
207.1,Bacillus,R2,0,Bacillus | R2
208.1,Bacillus,R2,0,Bacillus | R2
209.1,Bacillus,R2,0,Bacillus | R2
210.1,Bacillus,R2,0,Bacillus | R2
211.1,Bacillus,R2,0,Bacillus | R2
212.1,Bacillus,R2,0,Bacillus | R2
0.03,Bacillus,R3,5.04,Bacillus | R3
1.05,Bacillus,R3,4.93,Bacillus | R3
2.05,Bacillus,R3,4.91,Bacillus | R3
3.05,Bacillus,R3,4.94,Bacillus | R3
4.05,Bacillus,R3,4.96,Bacillus | R3
5.05,Bacillus,R3,4.99,Bacillus | R3
6.05,Bacillus,R3,5.04,Bacillus | R3
7.05,Bacillus,R3,5.07,Bacillus | R3
8.05,Bacillus,R3,5.11,Bacillus | R3
9.05,Bacillus,R3,5.15,Bacillus | R3
10.05,Bacillus,R3,5.18,Bacillus | R3
11.05,Bacillus,R3,5.22,Bacillus | R3
12.05,Bacillus,R3,5.26,Bacillus | R3
13.05,Bacillus,R3,5.28,Bacillus | R3
14.05,Bacillus,R3,5.31,Bacillus | R3
15.05,Bacillus,R3,5.36,Bacillus | R3
16.05,Bacillus,R3,5.38,Bacillus | R3
17.05,Bacillus,R3,5.41,Bacillus | R3
18.05,Bacillus,R3,5.44,Bacillus | R3
19.05,Bacillus,R3,5.47,Bacillus | R3
20.05,Bacillus,R3,5.5,Bacillus | R3
21.05,Bacillus,R3,5.52,Bacillus | R3
22.05,Bacillus,R3,5.55,Bacillus | R3
23.05,Bacillus,R3,5.57,Bacillus | R3
24.05,Bacillus,R3,5.59,Bacillus | R3
25.05,Bacillus,R3,5.61,Bacillus | R3
26.05,Bacillus,R3,5.63,Bacillus | R3
27.05,Bacillus,R3,5.66,Bacillus | R3
28.05,Bacillus,R3,5.69,Bacillus | R3
29.05,Bacillus,R3,5.69,Bacillus | R3
30.05,Bacillus,R3,5.71,Bacillus | R3
31.05,Bacillus,R3,5.73,Bacillus | R3
32.05,Bacillus,R3,5.74,Bacillus | R3
33.05,Bacillus,R3,5.77,Bacillus | R3
34.05,Bacillus,R3,5.78,Bacillus | R3
35.05,Bacillus,R3,5.78,Bacillus | R3
36.05,Bacillus,R3,5.82,Bacillus | R3
37.05,Bacillus,R3,5.82,Bacillus | R3
38.05,Bacillus,R3,5.84,Bacillus | R3
39.05,Bacillus,R3,5.85,Bacillus | R3
40.05,Bacillus,R3,5.85,Bacillus | R3
41.05,Bacillus,R3,5.87,Bacillus | R3
42.07,Bacillus,R3,5.87,Bacillus | R3
43.07,Bacillus,R3,5.88,Bacillus | R3
44.07,Bacillus,R3,5.89,Bacillus | R3
45.07,Bacillus,R3,5.89,Bacillus | R3
46.07,Bacillus,R3,5.9,Bacillus | R3
47.07,Bacillus,R3,5.91,Bacillus | R3
48.07,Bacillus,R3,5.91,Bacillus | R3
49.07,Bacillus,R3,5.91,Bacillus | R3
50.07,Bacillus,R3,5.92,Bacillus | R3
51.07,Bacillus,R3,5.92,Bacillus | R3
52.07,Bacillus,R3,5.92,Bacillus | R3
53.07,Bacillus,R3,5.93,Bacillus | R3
54.07,Bacillus,R3,5.93,Bacillus | R3
55.07,Bacillus,R3,5.93,Bacillus | R3
56.07,Bacillus,R3,5.92,Bacillus | R3
57.07,Bacillus,R3,5.95,Bacillus | R3
58.07,Bacillus,R3,5.94,Bacillus | R3
59.07,Bacillus,R3,5.93,Bacillus | R3
60.07,Bacillus,R3,5.92,Bacillus | R3
61.07,Bacillus,R3,5.91,Bacillus | R3
62.07,Bacillus,R3,5.9,Bacillus | R3
63.07,Bacillus,R3,5.91,Bacillus | R3
64.07,Bacillus,R3,5.89,Bacillus | R3
65.07,Bacillus,R3,5.88,Bacillus | R3
66.07,Bacillus,R3,5.87,Bacillus | R3
67.07,Bacillus,R3,5.86,Bacillus | R3
68.07,Bacillus,R3,5.85,Bacillus | R3
69.07,Bacillus,R3,5.85,Bacillus | R3
70.07,Bacillus,R3,5.85,Bacillus | R3
71.07,Bacillus,R3,5.84,Bacillus | R3
72.07,Bacillus,R3,5.82,Bacillus | R3
73.07,Bacillus,R3,5.81,Bacillus | R3
74.07,Bacillus,R3,5.79,Bacillus | R3
75.07,Bacillus,R3,5.77,Bacillus | R3
76.07,Bacillus,R3,5.77,Bacillus | R3
77.07,Bacillus,R3,5.77,Bacillus | R3
78.07,Bacillus,R3,5.74,Bacillus | R3
79.07,Bacillus,R3,5.72,Bacillus | R3
80.07,Bacillus,R3,5.72,Bacillus | R3
81.07,Bacillus,R3,5.71,Bacillus | R3
82.07,Bacillus,R3,5.69,Bacillus | R3
83.07,Bacillus,R3,5.68,Bacillus | R3
84.07,Bacillus,R3,5.67,Bacillus | R3
85.07,Bacillus,R3,5.67,Bacillus | R3
86.07,Bacillus,R3,5.65,Bacillus | R3
87.07,Bacillus,R3,5.63,Bacillus | R3
88.07,Bacillus,R3,5.6,Bacillus | R3
89.07,Bacillus,R3,5.59,Bacillus | R3
90.07,Bacillus,R3,5.58,Bacillus | R3
91.07,Bacillus,R3,5.56,Bacillus | R3
92.07,Bacillus,R3,5.55,Bacillus | R3
93.07,Bacillus,R3,5.53,Bacillus | R3
94.07,Bacillus,R3,5.51,Bacillus | R3
95.07,Bacillus,R3,5.49,Bacillus | R3
96.07,Bacillus,R3,5.48,Bacillus | R3
97.07,Bacillus,R3,5.44,Bacillus | R3
98.07,Bacillus,R3,5.43,Bacillus | R3
99.07,Bacillus,R3,5.41,Bacillus | R3
100.07,Bacillus,R3,5.4,Bacillus | R3
101.07,Bacillus,R3,5.36,Bacillus | R3
102.07,Bacillus,R3,5.34,Bacillus | R3
103.07,Bacillus,R3,5.32,Bacillus | R3
104.07,Bacillus,R3,5.31,Bacillus | R3
105.07,Bacillus,R3,5.28,Bacillus | R3
106.07,Bacillus,R3,5.26,Bacillus | R3
107.07,Bacillus,R3,5.23,Bacillus | R3
108.07,Bacillus,R3,5.21,Bacillus | R3
109.07,Bacillus,R3,5.19,Bacillus | R3
110.07,Bacillus,R3,5.15,Bacillus | R3
111.07,Bacillus,R3,5.13,Bacillus | R3
112.07,Bacillus,R3,5.09,Bacillus | R3
113.07,Bacillus,R3,5.07,Bacillus | R3
114.07,Bacillus,R3,5.03,Bacillus | R3
115.07,Bacillus,R3,4.99,Bacillus | R3
116.07,Bacillus,R3,4.98,Bacillus | R3
117.07,Bacillus,R3,4.94,Bacillus | R3
118.07,Bacillus,R3,4.91,Bacillus | R3
119.07,Bacillus,R3,4.88,Bacillus | R3
120.07,Bacillus,R3,4.85,Bacillus | R3
121.07,Bacillus,R3,4.79,Bacillus | R3
122.07,Bacillus,R3,4.77,Bacillus | R3
123.07,Bacillus,R3,4.73,Bacillus | R3
124.08,Bacillus,R3,4.69,Bacillus | R3
125.08,Bacillus,R3,4.65,Bacillus | R3
126.08,Bacillus,R3,4.61,Bacillus | R3
127.08,Bacillus,R3,4.56,Bacillus | R3
128.08,Bacillus,R3,4.55,Bacillus | R3
129.08,Bacillus,R3,4.48,Bacillus | R3
130.08,Bacillus,R3,4.46,Bacillus | R3
131.08,Bacillus,R3,4.39,Bacillus | R3
132.08,Bacillus,R3,4.35,Bacillus | R3
133.08,Bacillus,R3,4.3,Bacillus | R3
134.08,Bacillus,R3,4.25,Bacillus | R3
135.08,Bacillus,R3,4.21,Bacillus | R3
136.08,Bacillus,R3,4.14,Bacillus | R3
137.08,Bacillus,R3,4.11,Bacillus | R3
138.08,Bacillus,R3,4.04,Bacillus | R3
139.08,Bacillus,R3,3.99,Bacillus | R3
140.08,Bacillus,R3,3.93,Bacillus | R3
141.08,Bacillus,R3,3.88,Bacillus | R3
142.08,Bacillus,R3,3.8,Bacillus | R3
143.08,Bacillus,R3,3.75,Bacillus | R3
144.08,Bacillus,R3,3.68,Bacillus | R3
145.08,Bacillus,R3,3.63,Bacillus | R3
146.08,Bacillus,R3,3.55,Bacillus | R3
147.08,Bacillus,R3,3.5,Bacillus | R3
148.08,Bacillus,R3,3.43,Bacillus | R3
149.08,Bacillus,R3,3.35,Bacillus | R3
150.08,Bacillus,R3,3.27,Bacillus | R3
151.08,Bacillus,R3,3.19,Bacillus | R3
152.08,Bacillus,R3,3.12,Bacillus | R3
153.08,Bacillus,R3,3.05,Bacillus | R3
154.08,Bacillus,R3,2.97,Bacillus | R3
155.08,Bacillus,R3,2.88,Bacillus | R3
156.08,Bacillus,R3,2.79,Bacillus | R3
157.08,Bacillus,R3,2.7,Bacillus | R3
158.08,Bacillus,R3,2.62,Bacillus | R3
159.08,Bacillus,R3,2.53,Bacillus | R3
160.08,Bacillus,R3,2.43,Bacillus | R3
161.08,Bacillus,R3,2.32,Bacillus | R3
162.08,Bacillus,R3,2.25,Bacillus | R3
163.08,Bacillus,R3,2.14,Bacillus | R3
164.08,Bacillus,R3,2.04,Bacillus | R3
165.08,Bacillus,R3,1.94,Bacillus | R3
166.08,Bacillus,R3,1.81,Bacillus | R3
167.08,Bacillus,R3,1.72,Bacillus | R3
168.08,Bacillus,R3,1.59,Bacillus | R3
169.08,Bacillus,R3,1.48,Bacillus | R3
170.08,Bacillus,R3,1.34,Bacillus | R3
171.08,Bacillus,R3,1.23,Bacillus | R3
172.08,Bacillus,R3,1.1,Bacillus | R3
173.08,Bacillus,R3,0.98,Bacillus | R3
174.08,Bacillus,R3,0.84,Bacillus | R3
175.08,Bacillus,R3,0.69,Bacillus | R3
176.08,Bacillus,R3,0.55,Bacillus | R3
177.08,Bacillus,R3,0.41,Bacillus | R3
178.08,Bacillus,R3,0.27,Bacillus | R3
179.1,Bacillus,R3,0.18,Bacillus | R3
180.1,Bacillus,R3,0.11,Bacillus | R3
181.1,Bacillus,R3,0.06,Bacillus | R3
182.1,Bacillus,R3,0.03,Bacillus | R3
183.1,Bacillus,R3,0.01,Bacillus | R3
184.1,Bacillus,R3,0,Bacillus | R3
185.1,Bacillus,R3,0,Bacillus | R3
186.1,Bacillus,R3,0,Bacillus | R3
187.1,Bacillus,R3,0,Bacillus | R3
188.1,Bacillus,R3,0,Bacillus | R3
189.1,Bacillus,R3,0,Bacillus | R3
190.1,Bacillus,R3,0,Bacillus | R3
191.1,Bacillus,R3,0,Bacillus | R3
192.1,Bacillus,R3,0,Bacillus | R3
193.1,Bacillus,R3,0,Bacillus | R3
194.1,Bacillus,R3,0,Bacillus | R3
195.1,Bacillus,R3,0,Bacillus | R3
196.1,Bacillus,R3,0,Bacillus | R3
197.1,Bacillus,R3,0,Bacillus | R3
198.1,Bacillus,R3,0,Bacillus | R3
199.1,Bacillus,R3,0,Bacillus | R3
200.1,Bacillus,R3,0,Bacillus | R3
201.1,Bacillus,R3,0,Bacillus | R3
202.1,Bacillus,R3,0,Bacillus | R3
203.1,Bacillus,R3,0,Bacillus | R3
204.1,Bacillus,R3,0,Bacillus | R3
205.1,Bacillus,R3,0,Bacillus | R3
206.1,Bacillus,R3,0,Bacillus | R3
207.1,Bacillus,R3,0,Bacillus | R3
208.1,Bacillus,R3,0,Bacillus | R3
209.1,Bacillus,R3,0,Bacillus | R3
210.1,Bacillus,R3,0,Bacillus | R3
211.1,Bacillus,R3,0,Bacillus | R3
212.1,Bacillus,R3,0,Bacillus | R3
0.03,Bacillus,R4,4.86,Bacillus | R4
1.05,Bacillus,R4,4.85,Bacillus | R4
2.05,Bacillus,R4,4.84,Bacillus | R4
3.05,Bacillus,R4,4.87,Bacillus | R4
4.05,Bacillus,R4,4.92,Bacillus | R4
5.05,Bacillus,R4,4.95,Bacillus | R4
6.05,Bacillus,R4,5.01,Bacillus | R4
7.05,Bacillus,R4,5.04,Bacillus | R4
8.05,Bacillus,R4,5.08,Bacillus | R4
9.05,Bacillus,R4,5.11,Bacillus | R4
10.05,Bacillus,R4,5.17,Bacillus | R4
11.05,Bacillus,R4,5.21,Bacillus | R4
12.05,Bacillus,R4,5.26,Bacillus | R4
13.05,Bacillus,R4,5.28,Bacillus | R4
14.05,Bacillus,R4,5.32,Bacillus | R4
15.05,Bacillus,R4,5.38,Bacillus | R4
16.05,Bacillus,R4,5.43,Bacillus | R4
17.05,Bacillus,R4,5.49,Bacillus | R4
18.05,Bacillus,R4,5.53,Bacillus | R4
19.05,Bacillus,R4,5.57,Bacillus | R4
20.05,Bacillus,R4,5.6,Bacillus | R4
21.05,Bacillus,R4,5.63,Bacillus | R4
22.05,Bacillus,R4,5.68,Bacillus | R4
23.05,Bacillus,R4,5.72,Bacillus | R4
24.05,Bacillus,R4,5.73,Bacillus | R4
25.05,Bacillus,R4,5.75,Bacillus | R4
26.05,Bacillus,R4,5.78,Bacillus | R4
27.05,Bacillus,R4,5.81,Bacillus | R4
28.05,Bacillus,R4,5.86,Bacillus | R4
29.05,Bacillus,R4,5.87,Bacillus | R4
30.05,Bacillus,R4,5.88,Bacillus | R4
31.05,Bacillus,R4,5.91,Bacillus | R4
32.05,Bacillus,R4,5.93,Bacillus | R4
33.05,Bacillus,R4,5.96,Bacillus | R4
34.05,Bacillus,R4,5.98,Bacillus | R4
35.05,Bacillus,R4,6,Bacillus | R4
36.05,Bacillus,R4,6.01,Bacillus | R4
37.05,Bacillus,R4,6.03,Bacillus | R4
38.05,Bacillus,R4,6.03,Bacillus | R4
39.05,Bacillus,R4,6.05,Bacillus | R4
40.05,Bacillus,R4,6.07,Bacillus | R4
41.05,Bacillus,R4,6.09,Bacillus | R4
42.07,Bacillus,R4,6.11,Bacillus | R4
43.07,Bacillus,R4,6.11,Bacillus | R4
44.07,Bacillus,R4,6.13,Bacillus | R4
45.07,Bacillus,R4,6.14,Bacillus | R4
46.07,Bacillus,R4,6.16,Bacillus | R4
47.07,Bacillus,R4,6.17,Bacillus | R4
48.07,Bacillus,R4,6.19,Bacillus | R4
49.07,Bacillus,R4,6.18,Bacillus | R4
50.07,Bacillus,R4,6.19,Bacillus | R4
51.07,Bacillus,R4,6.2,Bacillus | R4
52.07,Bacillus,R4,6.21,Bacillus | R4
53.07,Bacillus,R4,6.22,Bacillus | R4
54.07,Bacillus,R4,6.22,Bacillus | R4
55.07,Bacillus,R4,6.24,Bacillus | R4
56.07,Bacillus,R4,6.25,Bacillus | R4
57.07,Bacillus,R4,6.26,Bacillus | R4
58.07,Bacillus,R4,6.24,Bacillus | R4
59.07,Bacillus,R4,6.25,Bacillus | R4
60.07,Bacillus,R4,6.25,Bacillus | R4
61.07,Bacillus,R4,6.24,Bacillus | R4
62.07,Bacillus,R4,6.26,Bacillus | R4
63.07,Bacillus,R4,6.27,Bacillus | R4
64.07,Bacillus,R4,6.27,Bacillus | R4
65.07,Bacillus,R4,6.26,Bacillus | R4
66.07,Bacillus,R4,6.26,Bacillus | R4
67.07,Bacillus,R4,6.27,Bacillus | R4
68.07,Bacillus,R4,6.28,Bacillus | R4
69.07,Bacillus,R4,6.27,Bacillus | R4
70.07,Bacillus,R4,6.25,Bacillus | R4
71.07,Bacillus,R4,6.26,Bacillus | R4
72.07,Bacillus,R4,6.26,Bacillus | R4
73.07,Bacillus,R4,6.24,Bacillus | R4
74.07,Bacillus,R4,6.23,Bacillus | R4
75.07,Bacillus,R4,6.21,Bacillus | R4
76.07,Bacillus,R4,6.21,Bacillus | R4
77.07,Bacillus,R4,6.21,Bacillus | R4
78.07,Bacillus,R4,6.19,Bacillus | R4
79.07,Bacillus,R4,6.18,Bacillus | R4
80.07,Bacillus,R4,6.16,Bacillus | R4
81.07,Bacillus,R4,6.17,Bacillus | R4
82.07,Bacillus,R4,6.15,Bacillus | R4
83.07,Bacillus,R4,6.14,Bacillus | R4
84.07,Bacillus,R4,6.13,Bacillus | R4
85.07,Bacillus,R4,6.12,Bacillus | R4
86.07,Bacillus,R4,6.12,Bacillus | R4
87.07,Bacillus,R4,6.09,Bacillus | R4
88.07,Bacillus,R4,6.08,Bacillus | R4
89.07,Bacillus,R4,6.08,Bacillus | R4
90.07,Bacillus,R4,6.07,Bacillus | R4
91.07,Bacillus,R4,6.05,Bacillus | R4
92.07,Bacillus,R4,6.02,Bacillus | R4
93.07,Bacillus,R4,6.01,Bacillus | R4
94.07,Bacillus,R4,5.99,Bacillus | R4
95.07,Bacillus,R4,5.99,Bacillus | R4
96.07,Bacillus,R4,5.97,Bacillus | R4
97.07,Bacillus,R4,5.95,Bacillus | R4
98.07,Bacillus,R4,5.94,Bacillus | R4
99.07,Bacillus,R4,5.91,Bacillus | R4
100.07,Bacillus,R4,5.91,Bacillus | R4
101.07,Bacillus,R4,5.88,Bacillus | R4
102.07,Bacillus,R4,5.86,Bacillus | R4
103.07,Bacillus,R4,5.86,Bacillus | R4
104.07,Bacillus,R4,5.82,Bacillus | R4
105.07,Bacillus,R4,5.82,Bacillus | R4
106.07,Bacillus,R4,5.79,Bacillus | R4
107.07,Bacillus,R4,5.77,Bacillus | R4
108.07,Bacillus,R4,5.73,Bacillus | R4
109.07,Bacillus,R4,5.72,Bacillus | R4
110.07,Bacillus,R4,5.7,Bacillus | R4
111.07,Bacillus,R4,5.68,Bacillus | R4
112.07,Bacillus,R4,5.67,Bacillus | R4
113.07,Bacillus,R4,5.63,Bacillus | R4
114.07,Bacillus,R4,5.6,Bacillus | R4
115.07,Bacillus,R4,5.57,Bacillus | R4
116.07,Bacillus,R4,5.55,Bacillus | R4
117.07,Bacillus,R4,5.53,Bacillus | R4
118.07,Bacillus,R4,5.48,Bacillus | R4
119.07,Bacillus,R4,5.47,Bacillus | R4
120.07,Bacillus,R4,5.43,Bacillus | R4
121.07,Bacillus,R4,5.4,Bacillus | R4
122.07,Bacillus,R4,5.37,Bacillus | R4
123.07,Bacillus,R4,5.33,Bacillus | R4
124.08,Bacillus,R4,5.32,Bacillus | R4
125.08,Bacillus,R4,5.26,Bacillus | R4
126.08,Bacillus,R4,5.23,Bacillus | R4
127.08,Bacillus,R4,5.21,Bacillus | R4
128.08,Bacillus,R4,5.16,Bacillus | R4
129.08,Bacillus,R4,5.11,Bacillus | R4
130.08,Bacillus,R4,5.1,Bacillus | R4
131.08,Bacillus,R4,5.05,Bacillus | R4
132.08,Bacillus,R4,5,Bacillus | R4
133.08,Bacillus,R4,4.95,Bacillus | R4
134.08,Bacillus,R4,4.91,Bacillus | R4
135.08,Bacillus,R4,4.87,Bacillus | R4
136.08,Bacillus,R4,4.85,Bacillus | R4
137.08,Bacillus,R4,4.77,Bacillus | R4
138.08,Bacillus,R4,4.72,Bacillus | R4
139.08,Bacillus,R4,4.68,Bacillus | R4
140.08,Bacillus,R4,4.62,Bacillus | R4
141.08,Bacillus,R4,4.57,Bacillus | R4
142.08,Bacillus,R4,4.52,Bacillus | R4
143.08,Bacillus,R4,4.45,Bacillus | R4
144.08,Bacillus,R4,4.4,Bacillus | R4
145.08,Bacillus,R4,4.33,Bacillus | R4
146.08,Bacillus,R4,4.27,Bacillus | R4
147.08,Bacillus,R4,4.21,Bacillus | R4
148.08,Bacillus,R4,4.16,Bacillus | R4
149.08,Bacillus,R4,4.1,Bacillus | R4
150.08,Bacillus,R4,4.02,Bacillus | R4
151.08,Bacillus,R4,3.95,Bacillus | R4
152.08,Bacillus,R4,3.88,Bacillus | R4
153.08,Bacillus,R4,3.81,Bacillus | R4
154.08,Bacillus,R4,3.74,Bacillus | R4
155.08,Bacillus,R4,3.65,Bacillus | R4
156.08,Bacillus,R4,3.57,Bacillus | R4
157.08,Bacillus,R4,3.48,Bacillus | R4
158.08,Bacillus,R4,3.4,Bacillus | R4
159.08,Bacillus,R4,3.33,Bacillus | R4
160.08,Bacillus,R4,3.23,Bacillus | R4
161.08,Bacillus,R4,3.14,Bacillus | R4
162.08,Bacillus,R4,3.04,Bacillus | R4
163.08,Bacillus,R4,2.95,Bacillus | R4
164.08,Bacillus,R4,2.85,Bacillus | R4
165.08,Bacillus,R4,2.73,Bacillus | R4
166.08,Bacillus,R4,2.62,Bacillus | R4
167.08,Bacillus,R4,2.53,Bacillus | R4
168.08,Bacillus,R4,2.4,Bacillus | R4
169.08,Bacillus,R4,2.3,Bacillus | R4
170.08,Bacillus,R4,2.19,Bacillus | R4
171.08,Bacillus,R4,2.06,Bacillus | R4
172.08,Bacillus,R4,1.94,Bacillus | R4
173.08,Bacillus,R4,1.81,Bacillus | R4
174.08,Bacillus,R4,1.67,Bacillus | R4
175.08,Bacillus,R4,1.54,Bacillus | R4
176.08,Bacillus,R4,1.41,Bacillus | R4
177.08,Bacillus,R4,1.27,Bacillus | R4
178.08,Bacillus,R4,1.1,Bacillus | R4
179.1,Bacillus,R4,0.95,Bacillus | R4
180.1,Bacillus,R4,0.8,Bacillus | R4
181.1,Bacillus,R4,0.64,Bacillus | R4
182.1,Bacillus,R4,0.48,Bacillus | R4
183.1,Bacillus,R4,0.31,Bacillus | R4
184.1,Bacillus,R4,0.22,Bacillus | R4
185.1,Bacillus,R4,0.14,Bacillus | R4
186.1,Bacillus,R4,0.11,Bacillus | R4
187.1,Bacillus,R4,0.08,Bacillus | R4
188.1,Bacillus,R4,0.05,Bacillus | R4
189.1,Bacillus,R4,0.03,Bacillus | R4
190.1,Bacillus,R4,0.02,Bacillus | R4
191.1,Bacillus,R4,0.01,Bacillus | R4
192.1,Bacillus,R4,0,Bacillus | R4
193.1,Bacillus,R4,0,Bacillus | R4
194.1,Bacillus,R4,0,Bacillus | R4
195.1,Bacillus,R4,0,Bacillus | R4
196.1,Bacillus,R4,0,Bacillus | R4
197.1,Bacillus,R4,0,Bacillus | R4
198.1,Bacillus,R4,0,Bacillus | R4
199.1,Bacillus,R4,0,Bacillus | R4
200.1,Bacillus,R4,0,Bacillus | R4
201.1,Bacillus,R4,0,Bacillus | R4
202.1,Bacillus,R4,0,Bacillus | R4
203.1,Bacillus,R4,0,Bacillus | R4
204.1,Bacillus,R4,0,Bacillus | R4
205.1,Bacillus,R4,0,Bacillus | R4
206.1,Bacillus,R4,0,Bacillus | R4
207.1,Bacillus,R4,0,Bacillus | R4
208.1,Bacillus,R4,0,Bacillus | R4
209.1,Bacillus,R4,0,Bacillus | R4
210.1,Bacillus,R4,0,Bacillus | R4
211.1,Bacillus,R4,0,Bacillus | R4
212.1,Bacillus,R4,0,Bacillus | R4
0.03,Bacillus,R5,4.89,Bacillus | R5
1.05,Bacillus,R5,4.83,Bacillus | R5
2.05,Bacillus,R5,4.85,Bacillus | R5
3.05,Bacillus,R5,4.87,Bacillus | R5
4.05,Bacillus,R5,4.91,Bacillus | R5
5.05,Bacillus,R5,4.93,Bacillus | R5
6.05,Bacillus,R5,5,Bacillus | R5
7.05,Bacillus,R5,5.03,Bacillus | R5
8.05,Bacillus,R5,5.09,Bacillus | R5
9.05,Bacillus,R5,5.14,Bacillus | R5
10.05,Bacillus,R5,5.18,Bacillus | R5
11.05,Bacillus,R5,5.21,Bacillus | R5
12.05,Bacillus,R5,5.26,Bacillus | R5
13.05,Bacillus,R5,5.27,Bacillus | R5
14.05,Bacillus,R5,5.32,Bacillus | R5
15.05,Bacillus,R5,5.36,Bacillus | R5
16.05,Bacillus,R5,5.4,Bacillus | R5
17.05,Bacillus,R5,5.42,Bacillus | R5
18.05,Bacillus,R5,5.45,Bacillus | R5
19.05,Bacillus,R5,5.48,Bacillus | R5
20.05,Bacillus,R5,5.5,Bacillus | R5
21.05,Bacillus,R5,5.52,Bacillus | R5
22.05,Bacillus,R5,5.54,Bacillus | R5
23.05,Bacillus,R5,5.57,Bacillus | R5
24.05,Bacillus,R5,5.57,Bacillus | R5
25.05,Bacillus,R5,5.6,Bacillus | R5
26.05,Bacillus,R5,5.61,Bacillus | R5
27.05,Bacillus,R5,5.64,Bacillus | R5
28.05,Bacillus,R5,5.66,Bacillus | R5
29.05,Bacillus,R5,5.67,Bacillus | R5
30.05,Bacillus,R5,5.69,Bacillus | R5
31.05,Bacillus,R5,5.7,Bacillus | R5
32.05,Bacillus,R5,5.71,Bacillus | R5
33.05,Bacillus,R5,5.73,Bacillus | R5
34.05,Bacillus,R5,5.73,Bacillus | R5
35.05,Bacillus,R5,5.73,Bacillus | R5
36.05,Bacillus,R5,5.76,Bacillus | R5
37.05,Bacillus,R5,5.77,Bacillus | R5
38.05,Bacillus,R5,5.78,Bacillus | R5
39.05,Bacillus,R5,5.79,Bacillus | R5
40.05,Bacillus,R5,5.78,Bacillus | R5
41.05,Bacillus,R5,5.8,Bacillus | R5
42.07,Bacillus,R5,5.8,Bacillus | R5
43.07,Bacillus,R5,5.81,Bacillus | R5
44.07,Bacillus,R5,5.8,Bacillus | R5
45.07,Bacillus,R5,5.81,Bacillus | R5
46.07,Bacillus,R5,5.81,Bacillus | R5
47.07,Bacillus,R5,5.83,Bacillus | R5
48.07,Bacillus,R5,5.83,Bacillus | R5
49.07,Bacillus,R5,5.82,Bacillus | R5
50.07,Bacillus,R5,5.8,Bacillus | R5
51.07,Bacillus,R5,5.8,Bacillus | R5
52.07,Bacillus,R5,5.78,Bacillus | R5
53.07,Bacillus,R5,5.77,Bacillus | R5
54.07,Bacillus,R5,5.76,Bacillus | R5
55.07,Bacillus,R5,5.73,Bacillus | R5
56.07,Bacillus,R5,5.74,Bacillus | R5
57.07,Bacillus,R5,5.73,Bacillus | R5
58.07,Bacillus,R5,5.72,Bacillus | R5
59.07,Bacillus,R5,5.71,Bacillus | R5
60.07,Bacillus,R5,5.7,Bacillus | R5
61.07,Bacillus,R5,5.67,Bacillus | R5
62.07,Bacillus,R5,5.68,Bacillus | R5
63.07,Bacillus,R5,5.64,Bacillus | R5
64.07,Bacillus,R5,5.64,Bacillus | R5
65.07,Bacillus,R5,5.62,Bacillus | R5
66.07,Bacillus,R5,5.6,Bacillus | R5
67.07,Bacillus,R5,5.59,Bacillus | R5
68.07,Bacillus,R5,5.58,Bacillus | R5
69.07,Bacillus,R5,5.58,Bacillus | R5
70.07,Bacillus,R5,5.55,Bacillus | R5
71.07,Bacillus,R5,5.54,Bacillus | R5
72.07,Bacillus,R5,5.52,Bacillus | R5
73.07,Bacillus,R5,5.52,Bacillus | R5
74.07,Bacillus,R5,5.48,Bacillus | R5
75.07,Bacillus,R5,5.45,Bacillus | R5
76.07,Bacillus,R5,5.45,Bacillus | R5
77.07,Bacillus,R5,5.45,Bacillus | R5
78.07,Bacillus,R5,5.41,Bacillus | R5
79.07,Bacillus,R5,5.41,Bacillus | R5
80.07,Bacillus,R5,5.37,Bacillus | R5
81.07,Bacillus,R5,5.36,Bacillus | R5
82.07,Bacillus,R5,5.34,Bacillus | R5
83.07,Bacillus,R5,5.32,Bacillus | R5
84.07,Bacillus,R5,5.3,Bacillus | R5
85.07,Bacillus,R5,5.28,Bacillus | R5
86.07,Bacillus,R5,5.24,Bacillus | R5
87.07,Bacillus,R5,5.25,Bacillus | R5
88.07,Bacillus,R5,5.22,Bacillus | R5
89.07,Bacillus,R5,5.19,Bacillus | R5
90.07,Bacillus,R5,5.16,Bacillus | R5
91.07,Bacillus,R5,5.12,Bacillus | R5
92.07,Bacillus,R5,5.12,Bacillus | R5
93.07,Bacillus,R5,5.09,Bacillus | R5
94.07,Bacillus,R5,5.05,Bacillus | R5
95.07,Bacillus,R5,5.02,Bacillus | R5
96.07,Bacillus,R5,5,Bacillus | R5
97.07,Bacillus,R5,4.97,Bacillus | R5
98.07,Bacillus,R5,4.93,Bacillus | R5
99.07,Bacillus,R5,4.91,Bacillus | R5
100.07,Bacillus,R5,4.87,Bacillus | R5
101.07,Bacillus,R5,4.87,Bacillus | R5
102.07,Bacillus,R5,4.83,Bacillus | R5
103.07,Bacillus,R5,4.78,Bacillus | R5
104.07,Bacillus,R5,4.75,Bacillus | R5
105.07,Bacillus,R5,4.71,Bacillus | R5
106.07,Bacillus,R5,4.7,Bacillus | R5
107.07,Bacillus,R5,4.67,Bacillus | R5
108.07,Bacillus,R5,4.62,Bacillus | R5
109.07,Bacillus,R5,4.58,Bacillus | R5
110.07,Bacillus,R5,4.53,Bacillus | R5
111.07,Bacillus,R5,4.5,Bacillus | R5
112.07,Bacillus,R5,4.47,Bacillus | R5
113.07,Bacillus,R5,4.42,Bacillus | R5
114.07,Bacillus,R5,4.38,Bacillus | R5
115.07,Bacillus,R5,4.34,Bacillus | R5
116.07,Bacillus,R5,4.29,Bacillus | R5
117.07,Bacillus,R5,4.25,Bacillus | R5
118.07,Bacillus,R5,4.2,Bacillus | R5
119.07,Bacillus,R5,4.16,Bacillus | R5
120.07,Bacillus,R5,4.11,Bacillus | R5
121.07,Bacillus,R5,4.07,Bacillus | R5
122.07,Bacillus,R5,4.01,Bacillus | R5
123.07,Bacillus,R5,3.95,Bacillus | R5
124.08,Bacillus,R5,3.91,Bacillus | R5
125.08,Bacillus,R5,3.84,Bacillus | R5
126.08,Bacillus,R5,3.8,Bacillus | R5
127.08,Bacillus,R5,3.74,Bacillus | R5
128.08,Bacillus,R5,3.69,Bacillus | R5
129.08,Bacillus,R5,3.63,Bacillus | R5
130.08,Bacillus,R5,3.56,Bacillus | R5
131.08,Bacillus,R5,3.5,Bacillus | R5
132.08,Bacillus,R5,3.44,Bacillus | R5
133.08,Bacillus,R5,3.37,Bacillus | R5
134.08,Bacillus,R5,3.3,Bacillus | R5
135.08,Bacillus,R5,3.25,Bacillus | R5
136.08,Bacillus,R5,3.17,Bacillus | R5
137.08,Bacillus,R5,3.1,Bacillus | R5
138.08,Bacillus,R5,3.03,Bacillus | R5
139.08,Bacillus,R5,2.96,Bacillus | R5
140.08,Bacillus,R5,2.89,Bacillus | R5
141.08,Bacillus,R5,2.81,Bacillus | R5
142.08,Bacillus,R5,2.73,Bacillus | R5
143.08,Bacillus,R5,2.64,Bacillus | R5
144.08,Bacillus,R5,2.57,Bacillus | R5
145.08,Bacillus,R5,2.48,Bacillus | R5
146.08,Bacillus,R5,2.4,Bacillus | R5
147.08,Bacillus,R5,2.31,Bacillus | R5
148.08,Bacillus,R5,2.23,Bacillus | R5
149.08,Bacillus,R5,2.14,Bacillus | R5
150.08,Bacillus,R5,2.02,Bacillus | R5
151.08,Bacillus,R5,1.91,Bacillus | R5
152.08,Bacillus,R5,1.83,Bacillus | R5
153.08,Bacillus,R5,1.73,Bacillus | R5
154.08,Bacillus,R5,1.63,Bacillus | R5
155.08,Bacillus,R5,1.52,Bacillus | R5
156.08,Bacillus,R5,1.4,Bacillus | R5
157.08,Bacillus,R5,1.29,Bacillus | R5
158.08,Bacillus,R5,1.19,Bacillus | R5
159.08,Bacillus,R5,1.07,Bacillus | R5
160.08,Bacillus,R5,0.95,Bacillus | R5
161.08,Bacillus,R5,0.83,Bacillus | R5
162.08,Bacillus,R5,0.7,Bacillus | R5
163.08,Bacillus,R5,0.58,Bacillus | R5
164.08,Bacillus,R5,0.49,Bacillus | R5
165.08,Bacillus,R5,0.42,Bacillus | R5
166.08,Bacillus,R5,0.35,Bacillus | R5
167.08,Bacillus,R5,0.29,Bacillus | R5
168.08,Bacillus,R5,0.23,Bacillus | R5
169.08,Bacillus,R5,0.19,Bacillus | R5
170.08,Bacillus,R5,0.14,Bacillus | R5
171.08,Bacillus,R5,0.11,Bacillus | R5
172.08,Bacillus,R5,0.08,Bacillus | R5
173.08,Bacillus,R5,0.05,Bacillus | R5
174.08,Bacillus,R5,0.03,Bacillus | R5
175.08,Bacillus,R5,0.02,Bacillus | R5
176.08,Bacillus,R5,0,Bacillus | R5
177.08,Bacillus,R5,0,Bacillus | R5
178.08,Bacillus,R5,0,Bacillus | R5
179.1,Bacillus,R5,0,Bacillus | R5
180.1,Bacillus,R5,0,Bacillus | R5
181.1,Bacillus,R5,0,Bacillus | R5
182.1,Bacillus,R5,0,Bacillus | R5
183.1,Bacillus,R5,0,Bacillus | R5
184.1,Bacillus,R5,0,Bacillus | R5
185.1,Bacillus,R5,0,Bacillus | R5
186.1,Bacillus,R5,0,Bacillus | R5
187.1,Bacillus,R5,0,Bacillus | R5
188.1,Bacillus,R5,0,Bacillus | R5
189.1,Bacillus,R5,0,Bacillus | R5
190.1,Bacillus,R5,0,Bacillus | R5
191.1,Bacillus,R5,0,Bacillus | R5
192.1,Bacillus,R5,0,Bacillus | R5
193.1,Bacillus,R5,0,Bacillus | R5
194.1,Bacillus,R5,0,Bacillus | R5
195.1,Bacillus,R5,0,Bacillus | R5
196.1,Bacillus,R5,0,Bacillus | R5
197.1,Bacillus,R5,0,Bacillus | R5
198.1,Bacillus,R5,0,Bacillus | R5
199.1,Bacillus,R5,0,Bacillus | R5
200.1,Bacillus,R5,0,Bacillus | R5
201.1,Bacillus,R5,0,Bacillus | R5
202.1,Bacillus,R5,0,Bacillus | R5
203.1,Bacillus,R5,0,Bacillus | R5
204.1,Bacillus,R5,0,Bacillus | R5
205.1,Bacillus,R5,0,Bacillus | R5
206.1,Bacillus,R5,0,Bacillus | R5
207.1,Bacillus,R5,0,Bacillus | R5
208.1,Bacillus,R5,0,Bacillus | R5
209.1,Bacillus,R5,0,Bacillus | R5
210.1,Bacillus,R5,0,Bacillus | R5
211.1,Bacillus,R5,0,Bacillus | R5
212.1,Bacillus,R5,0,Bacillus | R5
0.03,Burkholderia,R1,4.74,Burkholderia | R1
1.03,Burkholderia,R1,4.72,Burkholderia | R1
2.03,Burkholderia,R1,4.79,Burkholderia | R1
3.03,Burkholderia,R1,4.86,Burkholderia | R1
4.03,Burkholderia,R1,4.93,Burkholderia | R1
5.03,Burkholderia,R1,5,Burkholderia | R1
6.03,Burkholderia,R1,5.08,Burkholderia | R1
7.03,Burkholderia,R1,5.15,Burkholderia | R1
8.03,Burkholderia,R1,5.22,Burkholderia | R1
9.03,Burkholderia,R1,5.28,Burkholderia | R1
10.03,Burkholderia,R1,5.34,Burkholderia | R1
11.03,Burkholderia,R1,5.4,Burkholderia | R1
12.03,Burkholderia,R1,5.45,Burkholderia | R1
13.03,Burkholderia,R1,5.51,Burkholderia | R1
14.03,Burkholderia,R1,5.55,Burkholderia | R1
15.03,Burkholderia,R1,5.6,Burkholderia | R1
16.03,Burkholderia,R1,5.63,Burkholderia | R1
17.03,Burkholderia,R1,5.67,Burkholderia | R1
18.03,Burkholderia,R1,5.7,Burkholderia | R1
19.03,Burkholderia,R1,5.73,Burkholderia | R1
20.03,Burkholderia,R1,5.78,Burkholderia | R1
21.03,Burkholderia,R1,5.81,Burkholderia | R1
22.03,Burkholderia,R1,5.87,Burkholderia | R1
23.03,Burkholderia,R1,5.89,Burkholderia | R1
24.03,Burkholderia,R1,5.93,Burkholderia | R1
25.03,Burkholderia,R1,5.98,Burkholderia | R1
26.03,Burkholderia,R1,5.99,Burkholderia | R1
27.03,Burkholderia,R1,6.03,Burkholderia | R1
28.03,Burkholderia,R1,6.05,Burkholderia | R1
29.03,Burkholderia,R1,6.09,Burkholderia | R1
30.03,Burkholderia,R1,6.11,Burkholderia | R1
31.03,Burkholderia,R1,6.12,Burkholderia | R1
32.03,Burkholderia,R1,6.15,Burkholderia | R1
33.03,Burkholderia,R1,6.18,Burkholderia | R1
34.03,Burkholderia,R1,6.19,Burkholderia | R1
35.03,Burkholderia,R1,6.21,Burkholderia | R1
36.03,Burkholderia,R1,6.21,Burkholderia | R1
37.03,Burkholderia,R1,6.23,Burkholderia | R1
38.03,Burkholderia,R1,6.25,Burkholderia | R1
39.03,Burkholderia,R1,6.27,Burkholderia | R1
40.03,Burkholderia,R1,6.26,Burkholderia | R1
41.03,Burkholderia,R1,6.27,Burkholderia | R1
42.03,Burkholderia,R1,6.29,Burkholderia | R1
43.03,Burkholderia,R1,6.3,Burkholderia | R1
44.03,Burkholderia,R1,6.31,Burkholderia | R1
45.03,Burkholderia,R1,6.31,Burkholderia | R1
46.03,Burkholderia,R1,6.32,Burkholderia | R1
47.03,Burkholderia,R1,6.32,Burkholderia | R1
48.03,Burkholderia,R1,6.32,Burkholderia | R1
49.03,Burkholderia,R1,6.33,Burkholderia | R1
50.05,Burkholderia,R1,6.34,Burkholderia | R1
51.05,Burkholderia,R1,6.33,Burkholderia | R1
52.05,Burkholderia,R1,6.33,Burkholderia | R1
53.05,Burkholderia,R1,6.31,Burkholderia | R1
54.05,Burkholderia,R1,6.3,Burkholderia | R1
55.05,Burkholderia,R1,6.27,Burkholderia | R1
56.05,Burkholderia,R1,6.3,Burkholderia | R1
57.05,Burkholderia,R1,6.27,Burkholderia | R1
58.05,Burkholderia,R1,6.27,Burkholderia | R1
59.05,Burkholderia,R1,6.24,Burkholderia | R1
60.05,Burkholderia,R1,6.25,Burkholderia | R1
61.05,Burkholderia,R1,6.23,Burkholderia | R1
62.05,Burkholderia,R1,6.22,Burkholderia | R1
63.05,Burkholderia,R1,6.21,Burkholderia | R1
64.05,Burkholderia,R1,6.19,Burkholderia | R1
65.05,Burkholderia,R1,6.19,Burkholderia | R1
66.05,Burkholderia,R1,6.17,Burkholderia | R1
67.05,Burkholderia,R1,6.16,Burkholderia | R1
68.05,Burkholderia,R1,6.14,Burkholderia | R1
69.05,Burkholderia,R1,6.13,Burkholderia | R1
70.05,Burkholderia,R1,6.12,Burkholderia | R1
71.05,Burkholderia,R1,6.11,Burkholderia | R1
72.05,Burkholderia,R1,6.08,Burkholderia | R1
73.05,Burkholderia,R1,6.07,Burkholderia | R1
74.05,Burkholderia,R1,6.06,Burkholderia | R1
75.05,Burkholderia,R1,6.03,Burkholderia | R1
76.05,Burkholderia,R1,6.03,Burkholderia | R1
77.05,Burkholderia,R1,6.02,Burkholderia | R1
78.05,Burkholderia,R1,5.98,Burkholderia | R1
79.05,Burkholderia,R1,5.97,Burkholderia | R1
80.05,Burkholderia,R1,5.96,Burkholderia | R1
81.05,Burkholderia,R1,5.93,Burkholderia | R1
82.05,Burkholderia,R1,5.93,Burkholderia | R1
83.05,Burkholderia,R1,5.91,Burkholderia | R1
84.05,Burkholderia,R1,5.89,Burkholderia | R1
85.05,Burkholderia,R1,5.86,Burkholderia | R1
86.05,Burkholderia,R1,5.83,Burkholderia | R1
87.05,Burkholderia,R1,5.82,Burkholderia | R1
88.05,Burkholderia,R1,5.81,Burkholderia | R1
89.05,Burkholderia,R1,5.78,Burkholderia | R1
90.05,Burkholderia,R1,5.76,Burkholderia | R1
91.05,Burkholderia,R1,5.74,Burkholderia | R1
92.05,Burkholderia,R1,5.71,Burkholderia | R1
93.05,Burkholderia,R1,5.71,Burkholderia | R1
94.05,Burkholderia,R1,5.68,Burkholderia | R1
95.05,Burkholderia,R1,5.66,Burkholderia | R1
96.05,Burkholderia,R1,5.61,Burkholderia | R1
97.05,Burkholderia,R1,5.59,Burkholderia | R1
98.05,Burkholderia,R1,5.55,Burkholderia | R1
99.05,Burkholderia,R1,5.52,Burkholderia | R1
100.05,Burkholderia,R1,5.53,Burkholderia | R1
101.05,Burkholderia,R1,5.48,Burkholderia | R1
102.05,Burkholderia,R1,5.45,Burkholderia | R1
103.05,Burkholderia,R1,5.46,Burkholderia | R1
104.05,Burkholderia,R1,5.41,Burkholderia | R1
105.05,Burkholderia,R1,5.37,Burkholderia | R1
106.05,Burkholderia,R1,5.31,Burkholderia | R1
107.05,Burkholderia,R1,5.32,Burkholderia | R1
108.05,Burkholderia,R1,5.27,Burkholderia | R1
109.05,Burkholderia,R1,5.24,Burkholderia | R1
110.05,Burkholderia,R1,5.23,Burkholderia | R1
111.05,Burkholderia,R1,5.18,Burkholderia | R1
112.05,Burkholderia,R1,5.13,Burkholderia | R1
113.05,Burkholderia,R1,5.1,Burkholderia | R1
114.05,Burkholderia,R1,5.07,Burkholderia | R1
115.05,Burkholderia,R1,5.04,Burkholderia | R1
116.05,Burkholderia,R1,4.99,Burkholderia | R1
117.05,Burkholderia,R1,4.96,Burkholderia | R1
118.05,Burkholderia,R1,4.91,Burkholderia | R1
119.05,Burkholderia,R1,4.86,Burkholderia | R1
120.05,Burkholderia,R1,4.83,Burkholderia | R1
121.05,Burkholderia,R1,4.78,Burkholderia | R1
122.05,Burkholderia,R1,4.73,Burkholderia | R1
123.05,Burkholderia,R1,4.7,Burkholderia | R1
124.05,Burkholderia,R1,4.65,Burkholderia | R1
125.05,Burkholderia,R1,4.6,Burkholderia | R1
126.05,Burkholderia,R1,4.55,Burkholderia | R1
127.05,Burkholderia,R1,4.51,Burkholderia | R1
128.05,Burkholderia,R1,4.43,Burkholderia | R1
129.05,Burkholderia,R1,4.39,Burkholderia | R1
130.05,Burkholderia,R1,4.34,Burkholderia | R1
131.05,Burkholderia,R1,4.28,Burkholderia | R1
132.05,Burkholderia,R1,4.24,Burkholderia | R1
133.05,Burkholderia,R1,4.17,Burkholderia | R1
134.05,Burkholderia,R1,4.11,Burkholderia | R1
135.05,Burkholderia,R1,4.06,Burkholderia | R1
136.05,Burkholderia,R1,3.99,Burkholderia | R1
137.05,Burkholderia,R1,3.93,Burkholderia | R1
138.05,Burkholderia,R1,3.87,Burkholderia | R1
139.05,Burkholderia,R1,3.78,Burkholderia | R1
140.05,Burkholderia,R1,3.74,Burkholderia | R1
141.05,Burkholderia,R1,3.66,Burkholderia | R1
142.05,Burkholderia,R1,3.58,Burkholderia | R1
143.05,Burkholderia,R1,3.52,Burkholderia | R1
144.05,Burkholderia,R1,3.46,Burkholderia | R1
145.05,Burkholderia,R1,3.38,Burkholderia | R1
146.05,Burkholderia,R1,3.31,Burkholderia | R1
147.05,Burkholderia,R1,3.21,Burkholderia | R1
148.05,Burkholderia,R1,3.14,Burkholderia | R1
149.05,Burkholderia,R1,3.06,Burkholderia | R1
150.05,Burkholderia,R1,2.98,Burkholderia | R1
151.05,Burkholderia,R1,2.89,Burkholderia | R1
152.05,Burkholderia,R1,2.81,Burkholderia | R1
153.05,Burkholderia,R1,2.71,Burkholderia | R1
154.05,Burkholderia,R1,2.62,Burkholderia | R1
155.05,Burkholderia,R1,2.52,Burkholderia | R1
156.05,Burkholderia,R1,2.44,Burkholderia | R1
157.05,Burkholderia,R1,2.33,Burkholderia | R1
158.05,Burkholderia,R1,2.23,Burkholderia | R1
159.05,Burkholderia,R1,2.12,Burkholderia | R1
160.05,Burkholderia,R1,2.01,Burkholderia | R1
161.05,Burkholderia,R1,1.91,Burkholderia | R1
162.05,Burkholderia,R1,1.8,Burkholderia | R1
163.05,Burkholderia,R1,1.69,Burkholderia | R1
164.05,Burkholderia,R1,1.58,Burkholderia | R1
165.05,Burkholderia,R1,1.45,Burkholderia | R1
166.05,Burkholderia,R1,1.33,Burkholderia | R1
167.05,Burkholderia,R1,1.2,Burkholderia | R1
168.05,Burkholderia,R1,1.08,Burkholderia | R1
169.05,Burkholderia,R1,0.95,Burkholderia | R1
170.05,Burkholderia,R1,0.82,Burkholderia | R1
171.05,Burkholderia,R1,0.69,Burkholderia | R1
172.05,Burkholderia,R1,0.54,Burkholderia | R1
173.05,Burkholderia,R1,0.41,Burkholderia | R1
174.05,Burkholderia,R1,0.3,Burkholderia | R1
175.05,Burkholderia,R1,0.23,Burkholderia | R1
176.05,Burkholderia,R1,0.21,Burkholderia | R1
177.05,Burkholderia,R1,0.21,Burkholderia | R1
178.05,Burkholderia,R1,0.21,Burkholderia | R1
179.05,Burkholderia,R1,0.21,Burkholderia | R1
180.05,Burkholderia,R1,0.22,Burkholderia | R1
181.05,Burkholderia,R1,0.21,Burkholderia | R1
182.05,Burkholderia,R1,0.21,Burkholderia | R1
183.05,Burkholderia,R1,0.21,Burkholderia | R1
184.05,Burkholderia,R1,0.21,Burkholderia | R1
185.05,Burkholderia,R1,0.21,Burkholderia | R1
186.05,Burkholderia,R1,0.21,Burkholderia | R1
187.05,Burkholderia,R1,0.21,Burkholderia | R1
188.05,Burkholderia,R1,0.2,Burkholderia | R1
189.05,Burkholderia,R1,0.21,Burkholderia | R1
190.05,Burkholderia,R1,0.21,Burkholderia | R1
191.05,Burkholderia,R1,0.21,Burkholderia | R1
192.05,Burkholderia,R1,0.21,Burkholderia | R1
193.05,Burkholderia,R1,0.2,Burkholderia | R1
194.05,Burkholderia,R1,0.21,Burkholderia | R1
195.05,Burkholderia,R1,0.21,Burkholderia | R1
196.05,Burkholderia,R1,0.21,Burkholderia | R1
197.05,Burkholderia,R1,0.2,Burkholderia | R1
0.03,Burkholderia,R2,4.59,Burkholderia | R2
1.03,Burkholderia,R2,4.59,Burkholderia | R2
2.03,Burkholderia,R2,4.63,Burkholderia | R2
3.03,Burkholderia,R2,4.68,Burkholderia | R2
4.03,Burkholderia,R2,4.72,Burkholderia | R2
5.03,Burkholderia,R2,4.77,Burkholderia | R2
6.03,Burkholderia,R2,4.81,Burkholderia | R2
7.03,Burkholderia,R2,4.87,Burkholderia | R2
8.03,Burkholderia,R2,4.92,Burkholderia | R2
9.03,Burkholderia,R2,4.96,Burkholderia | R2
10.03,Burkholderia,R2,5,Burkholderia | R2
11.03,Burkholderia,R2,5.05,Burkholderia | R2
12.03,Burkholderia,R2,5.09,Burkholderia | R2
13.03,Burkholderia,R2,5.14,Burkholderia | R2
14.03,Burkholderia,R2,5.16,Burkholderia | R2
15.03,Burkholderia,R2,5.2,Burkholderia | R2
16.03,Burkholderia,R2,5.24,Burkholderia | R2
17.03,Burkholderia,R2,5.27,Burkholderia | R2
18.03,Burkholderia,R2,5.28,Burkholderia | R2
19.03,Burkholderia,R2,5.32,Burkholderia | R2
20.03,Burkholderia,R2,5.36,Burkholderia | R2
21.03,Burkholderia,R2,5.38,Burkholderia | R2
22.03,Burkholderia,R2,5.42,Burkholderia | R2
23.03,Burkholderia,R2,5.43,Burkholderia | R2
24.03,Burkholderia,R2,5.47,Burkholderia | R2
25.03,Burkholderia,R2,5.49,Burkholderia | R2
26.03,Burkholderia,R2,5.5,Burkholderia | R2
27.03,Burkholderia,R2,5.53,Burkholderia | R2
28.03,Burkholderia,R2,5.53,Burkholderia | R2
29.03,Burkholderia,R2,5.57,Burkholderia | R2
30.03,Burkholderia,R2,5.58,Burkholderia | R2
31.03,Burkholderia,R2,5.6,Burkholderia | R2
32.03,Burkholderia,R2,5.6,Burkholderia | R2
33.03,Burkholderia,R2,5.63,Burkholderia | R2
34.03,Burkholderia,R2,5.63,Burkholderia | R2
35.03,Burkholderia,R2,5.66,Burkholderia | R2
36.03,Burkholderia,R2,5.66,Burkholderia | R2
37.03,Burkholderia,R2,5.66,Burkholderia | R2
38.03,Burkholderia,R2,5.68,Burkholderia | R2
39.03,Burkholderia,R2,5.69,Burkholderia | R2
40.03,Burkholderia,R2,5.69,Burkholderia | R2
41.03,Burkholderia,R2,5.7,Burkholderia | R2
42.03,Burkholderia,R2,5.7,Burkholderia | R2
43.03,Burkholderia,R2,5.71,Burkholderia | R2
44.03,Burkholderia,R2,5.72,Burkholderia | R2
45.03,Burkholderia,R2,5.72,Burkholderia | R2
46.03,Burkholderia,R2,5.73,Burkholderia | R2
47.03,Burkholderia,R2,5.72,Burkholderia | R2
48.03,Burkholderia,R2,5.73,Burkholderia | R2
49.03,Burkholderia,R2,5.73,Burkholderia | R2
50.05,Burkholderia,R2,5.73,Burkholderia | R2
51.05,Burkholderia,R2,5.73,Burkholderia | R2
52.05,Burkholderia,R2,5.73,Burkholderia | R2
53.05,Burkholderia,R2,5.73,Burkholderia | R2
54.05,Burkholderia,R2,5.74,Burkholderia | R2
55.05,Burkholderia,R2,5.72,Burkholderia | R2
56.05,Burkholderia,R2,5.73,Burkholderia | R2
57.05,Burkholderia,R2,5.73,Burkholderia | R2
58.05,Burkholderia,R2,5.71,Burkholderia | R2
59.05,Burkholderia,R2,5.68,Burkholderia | R2
60.05,Burkholderia,R2,5.69,Burkholderia | R2
61.05,Burkholderia,R2,5.67,Burkholderia | R2
62.05,Burkholderia,R2,5.65,Burkholderia | R2
63.05,Burkholderia,R2,5.66,Burkholderia | R2
64.05,Burkholderia,R2,5.65,Burkholderia | R2
65.05,Burkholderia,R2,5.64,Burkholderia | R2
66.05,Burkholderia,R2,5.63,Burkholderia | R2
67.05,Burkholderia,R2,5.6,Burkholderia | R2
68.05,Burkholderia,R2,5.61,Burkholderia | R2
69.05,Burkholderia,R2,5.59,Burkholderia | R2
70.05,Burkholderia,R2,5.57,Burkholderia | R2
71.05,Burkholderia,R2,5.56,Burkholderia | R2
72.05,Burkholderia,R2,5.55,Burkholderia | R2
73.05,Burkholderia,R2,5.54,Burkholderia | R2
74.05,Burkholderia,R2,5.54,Burkholderia | R2
75.05,Burkholderia,R2,5.52,Burkholderia | R2
76.05,Burkholderia,R2,5.51,Burkholderia | R2
77.05,Burkholderia,R2,5.48,Burkholderia | R2
78.05,Burkholderia,R2,5.5,Burkholderia | R2
79.05,Burkholderia,R2,5.47,Burkholderia | R2
80.05,Burkholderia,R2,5.48,Burkholderia | R2
81.05,Burkholderia,R2,5.43,Burkholderia | R2
82.05,Burkholderia,R2,5.42,Burkholderia | R2
83.05,Burkholderia,R2,5.41,Burkholderia | R2
84.05,Burkholderia,R2,5.39,Burkholderia | R2
85.05,Burkholderia,R2,5.38,Burkholderia | R2
86.05,Burkholderia,R2,5.37,Burkholderia | R2
87.05,Burkholderia,R2,5.34,Burkholderia | R2
88.05,Burkholderia,R2,5.32,Burkholderia | R2
89.05,Burkholderia,R2,5.32,Burkholderia | R2
90.05,Burkholderia,R2,5.3,Burkholderia | R2
91.05,Burkholderia,R2,5.28,Burkholderia | R2
92.05,Burkholderia,R2,5.26,Burkholderia | R2
93.05,Burkholderia,R2,5.26,Burkholderia | R2
94.05,Burkholderia,R2,5.22,Burkholderia | R2
95.05,Burkholderia,R2,5.22,Burkholderia | R2
96.05,Burkholderia,R2,5.19,Burkholderia | R2
97.05,Burkholderia,R2,5.15,Burkholderia | R2
98.05,Burkholderia,R2,5.15,Burkholderia | R2
99.05,Burkholderia,R2,5.12,Burkholderia | R2
100.05,Burkholderia,R2,5.1,Burkholderia | R2
101.05,Burkholderia,R2,5.09,Burkholderia | R2
102.05,Burkholderia,R2,5.07,Burkholderia | R2
103.05,Burkholderia,R2,5.06,Burkholderia | R2
104.05,Burkholderia,R2,5.02,Burkholderia | R2
105.05,Burkholderia,R2,4.99,Burkholderia | R2
106.05,Burkholderia,R2,4.98,Burkholderia | R2
107.05,Burkholderia,R2,4.96,Burkholderia | R2
108.05,Burkholderia,R2,4.93,Burkholderia | R2
109.05,Burkholderia,R2,4.9,Burkholderia | R2
110.05,Burkholderia,R2,4.89,Burkholderia | R2
111.05,Burkholderia,R2,4.86,Burkholderia | R2
112.05,Burkholderia,R2,4.84,Burkholderia | R2
113.05,Burkholderia,R2,4.81,Burkholderia | R2
114.05,Burkholderia,R2,4.77,Burkholderia | R2
115.05,Burkholderia,R2,4.74,Burkholderia | R2
116.05,Burkholderia,R2,4.73,Burkholderia | R2
117.05,Burkholderia,R2,4.7,Burkholderia | R2
118.05,Burkholderia,R2,4.67,Burkholderia | R2
119.05,Burkholderia,R2,4.63,Burkholderia | R2
120.05,Burkholderia,R2,4.59,Burkholderia | R2
121.05,Burkholderia,R2,4.57,Burkholderia | R2
122.05,Burkholderia,R2,4.53,Burkholderia | R2
123.05,Burkholderia,R2,4.51,Burkholderia | R2
124.05,Burkholderia,R2,4.48,Burkholderia | R2
125.05,Burkholderia,R2,4.43,Burkholderia | R2
126.05,Burkholderia,R2,4.42,Burkholderia | R2
127.05,Burkholderia,R2,4.37,Burkholderia | R2
128.05,Burkholderia,R2,4.34,Burkholderia | R2
129.05,Burkholderia,R2,4.3,Burkholderia | R2
130.05,Burkholderia,R2,4.26,Burkholderia | R2
131.05,Burkholderia,R2,4.24,Burkholderia | R2
132.05,Burkholderia,R2,4.19,Burkholderia | R2
133.05,Burkholderia,R2,4.14,Burkholderia | R2
134.05,Burkholderia,R2,4.11,Burkholderia | R2
135.05,Burkholderia,R2,4.05,Burkholderia | R2
136.05,Burkholderia,R2,4,Burkholderia | R2
137.05,Burkholderia,R2,3.98,Burkholderia | R2
138.05,Burkholderia,R2,3.94,Burkholderia | R2
139.05,Burkholderia,R2,3.88,Burkholderia | R2
140.05,Burkholderia,R2,3.84,Burkholderia | R2
141.05,Burkholderia,R2,3.79,Burkholderia | R2
142.05,Burkholderia,R2,3.74,Burkholderia | R2
143.05,Burkholderia,R2,3.7,Burkholderia | R2
144.05,Burkholderia,R2,3.64,Burkholderia | R2
145.05,Burkholderia,R2,3.61,Burkholderia | R2
146.05,Burkholderia,R2,3.55,Burkholderia | R2
147.05,Burkholderia,R2,3.49,Burkholderia | R2
148.05,Burkholderia,R2,3.46,Burkholderia | R2
149.05,Burkholderia,R2,3.39,Burkholderia | R2
150.05,Burkholderia,R2,3.35,Burkholderia | R2
151.05,Burkholderia,R2,3.27,Burkholderia | R2
152.05,Burkholderia,R2,3.22,Burkholderia | R2
153.05,Burkholderia,R2,3.16,Burkholderia | R2
154.05,Burkholderia,R2,3.1,Burkholderia | R2
155.05,Burkholderia,R2,3.03,Burkholderia | R2
156.05,Burkholderia,R2,2.97,Burkholderia | R2
157.05,Burkholderia,R2,2.91,Burkholderia | R2
158.05,Burkholderia,R2,2.85,Burkholderia | R2
159.05,Burkholderia,R2,2.78,Burkholderia | R2
160.05,Burkholderia,R2,2.7,Burkholderia | R2
161.05,Burkholderia,R2,2.64,Burkholderia | R2
162.05,Burkholderia,R2,2.58,Burkholderia | R2
163.05,Burkholderia,R2,2.52,Burkholderia | R2
164.05,Burkholderia,R2,2.43,Burkholderia | R2
165.05,Burkholderia,R2,2.35,Burkholderia | R2
166.05,Burkholderia,R2,2.29,Burkholderia | R2
167.05,Burkholderia,R2,2.2,Burkholderia | R2
168.05,Burkholderia,R2,2.12,Burkholderia | R2
169.05,Burkholderia,R2,2.06,Burkholderia | R2
170.05,Burkholderia,R2,1.96,Burkholderia | R2
171.05,Burkholderia,R2,1.87,Burkholderia | R2
172.05,Burkholderia,R2,1.78,Burkholderia | R2
173.05,Burkholderia,R2,1.72,Burkholderia | R2
174.05,Burkholderia,R2,1.62,Burkholderia | R2
175.05,Burkholderia,R2,1.53,Burkholderia | R2
176.05,Burkholderia,R2,1.44,Burkholderia | R2
177.05,Burkholderia,R2,1.33,Burkholderia | R2
178.05,Burkholderia,R2,1.25,Burkholderia | R2
179.05,Burkholderia,R2,1.14,Burkholderia | R2
180.05,Burkholderia,R2,1.05,Burkholderia | R2
181.05,Burkholderia,R2,0.93,Burkholderia | R2
182.05,Burkholderia,R2,0.83,Burkholderia | R2
183.05,Burkholderia,R2,0.72,Burkholderia | R2
184.05,Burkholderia,R2,0.6,Burkholderia | R2
185.05,Burkholderia,R2,0.51,Burkholderia | R2
186.05,Burkholderia,R2,0.39,Burkholderia | R2
187.05,Burkholderia,R2,0.27,Burkholderia | R2
188.05,Burkholderia,R2,0.16,Burkholderia | R2
189.05,Burkholderia,R2,0.04,Burkholderia | R2
190.05,Burkholderia,R2,0,Burkholderia | R2
191.05,Burkholderia,R2,0,Burkholderia | R2
192.05,Burkholderia,R2,0,Burkholderia | R2
193.05,Burkholderia,R2,0,Burkholderia | R2
194.05,Burkholderia,R2,0,Burkholderia | R2
195.05,Burkholderia,R2,0,Burkholderia | R2
196.05,Burkholderia,R2,0,Burkholderia | R2
197.05,Burkholderia,R2,0,Burkholderia | R2
0.03,Burkholderia,R3,5.47,Burkholderia | R3
1.03,Burkholderia,R3,5.46,Burkholderia | R3
2.03,Burkholderia,R3,5.48,Burkholderia | R3
3.03,Burkholderia,R3,5.51,Burkholderia | R3
4.03,Burkholderia,R3,5.56,Burkholderia | R3
5.03,Burkholderia,R3,5.61,Burkholderia | R3
6.03,Burkholderia,R3,5.64,Burkholderia | R3
7.03,Burkholderia,R3,5.68,Burkholderia | R3
8.03,Burkholderia,R3,5.72,Burkholderia | R3
9.03,Burkholderia,R3,5.76,Burkholderia | R3
10.03,Burkholderia,R3,5.81,Burkholderia | R3
11.03,Burkholderia,R3,5.86,Burkholderia | R3
12.03,Burkholderia,R3,5.9,Burkholderia | R3
13.03,Burkholderia,R3,5.94,Burkholderia | R3
14.03,Burkholderia,R3,5.97,Burkholderia | R3
15.03,Burkholderia,R3,6.02,Burkholderia | R3
16.03,Burkholderia,R3,6.03,Burkholderia | R3
17.03,Burkholderia,R3,6.07,Burkholderia | R3
18.03,Burkholderia,R3,6.1,Burkholderia | R3
19.03,Burkholderia,R3,6.14,Burkholderia | R3
20.03,Burkholderia,R3,6.17,Burkholderia | R3
21.03,Burkholderia,R3,6.21,Burkholderia | R3
22.03,Burkholderia,R3,6.23,Burkholderia | R3
23.03,Burkholderia,R3,6.26,Burkholderia | R3
24.03,Burkholderia,R3,6.28,Burkholderia | R3
25.03,Burkholderia,R3,6.33,Burkholderia | R3
26.03,Burkholderia,R3,6.35,Burkholderia | R3
27.03,Burkholderia,R3,6.37,Burkholderia | R3
28.03,Burkholderia,R3,6.39,Burkholderia | R3
29.03,Burkholderia,R3,6.42,Burkholderia | R3
30.03,Burkholderia,R3,6.43,Burkholderia | R3
31.03,Burkholderia,R3,6.45,Burkholderia | R3
32.03,Burkholderia,R3,6.46,Burkholderia | R3
33.03,Burkholderia,R3,6.5,Burkholderia | R3
34.03,Burkholderia,R3,6.5,Burkholderia | R3
35.03,Burkholderia,R3,6.53,Burkholderia | R3
36.03,Burkholderia,R3,6.54,Burkholderia | R3
37.03,Burkholderia,R3,6.55,Burkholderia | R3
38.03,Burkholderia,R3,6.57,Burkholderia | R3
39.03,Burkholderia,R3,6.58,Burkholderia | R3
40.03,Burkholderia,R3,6.59,Burkholderia | R3
41.03,Burkholderia,R3,6.6,Burkholderia | R3
42.03,Burkholderia,R3,6.61,Burkholderia | R3
43.03,Burkholderia,R3,6.62,Burkholderia | R3
44.03,Burkholderia,R3,6.65,Burkholderia | R3
45.03,Burkholderia,R3,6.65,Burkholderia | R3
46.03,Burkholderia,R3,6.67,Burkholderia | R3
47.03,Burkholderia,R3,6.67,Burkholderia | R3
48.03,Burkholderia,R3,6.66,Burkholderia | R3
49.03,Burkholderia,R3,6.68,Burkholderia | R3
50.05,Burkholderia,R3,6.68,Burkholderia | R3
51.05,Burkholderia,R3,6.68,Burkholderia | R3
52.05,Burkholderia,R3,6.69,Burkholderia | R3
53.05,Burkholderia,R3,6.7,Burkholderia | R3
54.05,Burkholderia,R3,6.7,Burkholderia | R3
55.05,Burkholderia,R3,6.7,Burkholderia | R3
56.05,Burkholderia,R3,6.71,Burkholderia | R3
57.05,Burkholderia,R3,6.69,Burkholderia | R3
58.05,Burkholderia,R3,6.68,Burkholderia | R3
59.05,Burkholderia,R3,6.7,Burkholderia | R3
60.05,Burkholderia,R3,6.7,Burkholderia | R3
61.05,Burkholderia,R3,6.66,Burkholderia | R3
62.05,Burkholderia,R3,6.66,Burkholderia | R3
63.05,Burkholderia,R3,6.64,Burkholderia | R3
64.05,Burkholderia,R3,6.64,Burkholderia | R3
65.05,Burkholderia,R3,6.64,Burkholderia | R3
66.05,Burkholderia,R3,6.62,Burkholderia | R3
67.05,Burkholderia,R3,6.6,Burkholderia | R3
68.05,Burkholderia,R3,6.61,Burkholderia | R3
69.05,Burkholderia,R3,6.59,Burkholderia | R3
70.05,Burkholderia,R3,6.57,Burkholderia | R3
71.05,Burkholderia,R3,6.56,Burkholderia | R3
72.05,Burkholderia,R3,6.54,Burkholderia | R3
73.05,Burkholderia,R3,6.55,Burkholderia | R3
74.05,Burkholderia,R3,6.53,Burkholderia | R3
75.05,Burkholderia,R3,6.51,Burkholderia | R3
76.05,Burkholderia,R3,6.5,Burkholderia | R3
77.05,Burkholderia,R3,6.52,Burkholderia | R3
78.05,Burkholderia,R3,6.48,Burkholderia | R3
79.05,Burkholderia,R3,6.47,Burkholderia | R3
80.05,Burkholderia,R3,6.44,Burkholderia | R3
81.05,Burkholderia,R3,6.43,Burkholderia | R3
82.05,Burkholderia,R3,6.41,Burkholderia | R3
83.05,Burkholderia,R3,6.4,Burkholderia | R3
84.05,Burkholderia,R3,6.4,Burkholderia | R3
85.05,Burkholderia,R3,6.37,Burkholderia | R3
86.05,Burkholderia,R3,6.36,Burkholderia | R3
87.05,Burkholderia,R3,6.35,Burkholderia | R3
88.05,Burkholderia,R3,6.33,Burkholderia | R3
89.05,Burkholderia,R3,6.33,Burkholderia | R3
90.05,Burkholderia,R3,6.29,Burkholderia | R3
91.05,Burkholderia,R3,6.29,Burkholderia | R3
92.05,Burkholderia,R3,6.26,Burkholderia | R3
93.05,Burkholderia,R3,6.27,Burkholderia | R3
94.05,Burkholderia,R3,6.23,Burkholderia | R3
95.05,Burkholderia,R3,6.21,Burkholderia | R3
96.05,Burkholderia,R3,6.19,Burkholderia | R3
97.05,Burkholderia,R3,6.19,Burkholderia | R3
98.05,Burkholderia,R3,6.15,Burkholderia | R3
99.05,Burkholderia,R3,6.12,Burkholderia | R3
100.05,Burkholderia,R3,6.11,Burkholderia | R3
101.05,Burkholderia,R3,6.08,Burkholderia | R3
102.05,Burkholderia,R3,6.08,Burkholderia | R3
103.05,Burkholderia,R3,6.05,Burkholderia | R3
104.05,Burkholderia,R3,6.02,Burkholderia | R3
105.05,Burkholderia,R3,5.99,Burkholderia | R3
106.05,Burkholderia,R3,5.97,Burkholderia | R3
107.05,Burkholderia,R3,5.95,Burkholderia | R3
108.05,Burkholderia,R3,5.94,Burkholderia | R3
109.05,Burkholderia,R3,5.91,Burkholderia | R3
110.05,Burkholderia,R3,5.89,Burkholderia | R3
111.05,Burkholderia,R3,5.86,Burkholderia | R3
112.05,Burkholderia,R3,5.83,Burkholderia | R3
113.05,Burkholderia,R3,5.81,Burkholderia | R3
114.05,Burkholderia,R3,5.78,Burkholderia | R3
115.05,Burkholderia,R3,5.75,Burkholderia | R3
116.05,Burkholderia,R3,5.71,Burkholderia | R3
117.05,Burkholderia,R3,5.69,Burkholderia | R3
118.05,Burkholderia,R3,5.65,Burkholderia | R3
119.05,Burkholderia,R3,5.62,Burkholderia | R3
120.05,Burkholderia,R3,5.6,Burkholderia | R3
121.05,Burkholderia,R3,5.56,Burkholderia | R3
122.05,Burkholderia,R3,5.52,Burkholderia | R3
123.05,Burkholderia,R3,5.51,Burkholderia | R3
124.05,Burkholderia,R3,5.46,Burkholderia | R3
125.05,Burkholderia,R3,5.44,Burkholderia | R3
126.05,Burkholderia,R3,5.39,Burkholderia | R3
127.05,Burkholderia,R3,5.36,Burkholderia | R3
128.05,Burkholderia,R3,5.32,Burkholderia | R3
129.05,Burkholderia,R3,5.28,Burkholderia | R3
130.05,Burkholderia,R3,5.25,Burkholderia | R3
131.05,Burkholderia,R3,5.21,Burkholderia | R3
132.05,Burkholderia,R3,5.16,Burkholderia | R3
133.05,Burkholderia,R3,5.11,Burkholderia | R3
134.05,Burkholderia,R3,5.07,Burkholderia | R3
135.05,Burkholderia,R3,5.06,Burkholderia | R3
136.05,Burkholderia,R3,4.99,Burkholderia | R3
137.05,Burkholderia,R3,4.96,Burkholderia | R3
138.05,Burkholderia,R3,4.9,Burkholderia | R3
139.05,Burkholderia,R3,4.87,Burkholderia | R3
140.05,Burkholderia,R3,4.82,Burkholderia | R3
141.05,Burkholderia,R3,4.78,Burkholderia | R3
142.05,Burkholderia,R3,4.72,Burkholderia | R3
143.05,Burkholderia,R3,4.66,Burkholderia | R3
144.05,Burkholderia,R3,4.6,Burkholderia | R3
145.05,Burkholderia,R3,4.55,Burkholderia | R3
146.05,Burkholderia,R3,4.5,Burkholderia | R3
147.05,Burkholderia,R3,4.46,Burkholderia | R3
148.05,Burkholderia,R3,4.4,Burkholderia | R3
149.05,Burkholderia,R3,4.34,Burkholderia | R3
150.05,Burkholderia,R3,4.27,Burkholderia | R3
151.05,Burkholderia,R3,4.21,Burkholderia | R3
152.05,Burkholderia,R3,4.15,Burkholderia | R3
153.05,Burkholderia,R3,4.09,Burkholderia | R3
154.05,Burkholderia,R3,4.01,Burkholderia | R3
155.05,Burkholderia,R3,3.97,Burkholderia | R3
156.05,Burkholderia,R3,3.91,Burkholderia | R3
157.05,Burkholderia,R3,3.83,Burkholderia | R3
158.05,Burkholderia,R3,3.77,Burkholderia | R3
159.05,Burkholderia,R3,3.69,Burkholderia | R3
160.05,Burkholderia,R3,3.6,Burkholderia | R3
161.05,Burkholderia,R3,3.54,Burkholderia | R3
162.05,Burkholderia,R3,3.47,Burkholderia | R3
163.05,Burkholderia,R3,3.4,Burkholderia | R3
164.05,Burkholderia,R3,3.31,Burkholderia | R3
165.05,Burkholderia,R3,3.22,Burkholderia | R3
166.05,Burkholderia,R3,3.16,Burkholderia | R3
167.05,Burkholderia,R3,3.07,Burkholderia | R3
168.05,Burkholderia,R3,2.98,Burkholderia | R3
169.05,Burkholderia,R3,2.9,Burkholderia | R3
170.05,Burkholderia,R3,2.81,Burkholderia | R3
171.05,Burkholderia,R3,2.72,Burkholderia | R3
172.05,Burkholderia,R3,2.63,Burkholderia | R3
173.05,Burkholderia,R3,2.54,Burkholderia | R3
174.05,Burkholderia,R3,2.44,Burkholderia | R3
175.05,Burkholderia,R3,2.33,Burkholderia | R3
176.05,Burkholderia,R3,2.22,Burkholderia | R3
177.05,Burkholderia,R3,2.12,Burkholderia | R3
178.05,Burkholderia,R3,2.02,Burkholderia | R3
179.05,Burkholderia,R3,1.9,Burkholderia | R3
180.05,Burkholderia,R3,1.79,Burkholderia | R3
181.05,Burkholderia,R3,1.68,Burkholderia | R3
182.05,Burkholderia,R3,1.59,Burkholderia | R3
183.05,Burkholderia,R3,1.45,Burkholderia | R3
184.05,Burkholderia,R3,1.35,Burkholderia | R3
185.05,Burkholderia,R3,1.21,Burkholderia | R3
186.05,Burkholderia,R3,1.09,Burkholderia | R3
187.05,Burkholderia,R3,0.97,Burkholderia | R3
188.05,Burkholderia,R3,0.84,Burkholderia | R3
189.05,Burkholderia,R3,0.7,Burkholderia | R3
190.05,Burkholderia,R3,0.56,Burkholderia | R3
191.05,Burkholderia,R3,0.43,Burkholderia | R3
192.05,Burkholderia,R3,0.4,Burkholderia | R3
193.05,Burkholderia,R3,0.39,Burkholderia | R3
194.05,Burkholderia,R3,0.39,Burkholderia | R3
195.05,Burkholderia,R3,0.39,Burkholderia | R3
196.05,Burkholderia,R3,0.39,Burkholderia | R3
197.05,Burkholderia,R3,0.38,Burkholderia | R3
0.03,Burkholderia,R4,4.91,Burkholderia | R4
1.03,Burkholderia,R4,4.83,Burkholderia | R4
2.03,Burkholderia,R4,4.81,Burkholderia | R4
3.03,Burkholderia,R4,4.83,Burkholderia | R4
4.03,Burkholderia,R4,4.86,Burkholderia | R4
5.03,Burkholderia,R4,4.88,Burkholderia | R4
6.03,Burkholderia,R4,4.89,Burkholderia | R4
7.03,Burkholderia,R4,4.93,Burkholderia | R4
8.03,Burkholderia,R4,4.97,Burkholderia | R4
9.03,Burkholderia,R4,5,Burkholderia | R4
10.03,Burkholderia,R4,5.03,Burkholderia | R4
11.03,Burkholderia,R4,5.06,Burkholderia | R4
12.03,Burkholderia,R4,5.09,Burkholderia | R4
13.03,Burkholderia,R4,5.12,Burkholderia | R4
14.03,Burkholderia,R4,5.15,Burkholderia | R4
15.03,Burkholderia,R4,5.18,Burkholderia | R4
16.03,Burkholderia,R4,5.2,Burkholderia | R4
17.03,Burkholderia,R4,5.23,Burkholderia | R4
18.03,Burkholderia,R4,5.25,Burkholderia | R4
19.03,Burkholderia,R4,5.28,Burkholderia | R4
20.03,Burkholderia,R4,5.3,Burkholderia | R4
21.03,Burkholderia,R4,5.34,Burkholderia | R4
22.03,Burkholderia,R4,5.37,Burkholderia | R4
23.03,Burkholderia,R4,5.38,Burkholderia | R4
24.03,Burkholderia,R4,5.4,Burkholderia | R4
25.03,Burkholderia,R4,5.43,Burkholderia | R4
26.03,Burkholderia,R4,5.46,Burkholderia | R4
27.03,Burkholderia,R4,5.48,Burkholderia | R4
28.03,Burkholderia,R4,5.49,Burkholderia | R4
29.03,Burkholderia,R4,5.52,Burkholderia | R4
30.03,Burkholderia,R4,5.53,Burkholderia | R4
31.03,Burkholderia,R4,5.55,Burkholderia | R4
32.03,Burkholderia,R4,5.56,Burkholderia | R4
33.03,Burkholderia,R4,5.59,Burkholderia | R4
34.03,Burkholderia,R4,5.59,Burkholderia | R4
35.03,Burkholderia,R4,5.61,Burkholderia | R4
36.03,Burkholderia,R4,5.62,Burkholderia | R4
37.03,Burkholderia,R4,5.64,Burkholderia | R4
38.03,Burkholderia,R4,5.66,Burkholderia | R4
39.03,Burkholderia,R4,5.66,Burkholderia | R4
40.03,Burkholderia,R4,5.68,Burkholderia | R4
41.03,Burkholderia,R4,5.69,Burkholderia | R4
42.03,Burkholderia,R4,5.7,Burkholderia | R4
43.03,Burkholderia,R4,5.71,Burkholderia | R4
44.03,Burkholderia,R4,5.73,Burkholderia | R4
45.03,Burkholderia,R4,5.73,Burkholderia | R4
46.03,Burkholderia,R4,5.73,Burkholderia | R4
47.03,Burkholderia,R4,5.74,Burkholderia | R4
48.03,Burkholderia,R4,5.75,Burkholderia | R4
49.03,Burkholderia,R4,5.76,Burkholderia | R4
50.05,Burkholderia,R4,5.75,Burkholderia | R4
51.05,Burkholderia,R4,5.77,Burkholderia | R4
52.05,Burkholderia,R4,5.77,Burkholderia | R4
53.05,Burkholderia,R4,5.77,Burkholderia | R4
54.05,Burkholderia,R4,5.78,Burkholderia | R4
55.05,Burkholderia,R4,5.78,Burkholderia | R4
56.05,Burkholderia,R4,5.77,Burkholderia | R4
57.05,Burkholderia,R4,5.79,Burkholderia | R4
58.05,Burkholderia,R4,5.79,Burkholderia | R4
59.05,Burkholderia,R4,5.77,Burkholderia | R4
60.05,Burkholderia,R4,5.76,Burkholderia | R4
61.05,Burkholderia,R4,5.76,Burkholderia | R4
62.05,Burkholderia,R4,5.76,Burkholderia | R4
63.05,Burkholderia,R4,5.73,Burkholderia | R4
64.05,Burkholderia,R4,5.73,Burkholderia | R4
65.05,Burkholderia,R4,5.72,Burkholderia | R4
66.05,Burkholderia,R4,5.72,Burkholderia | R4
67.05,Burkholderia,R4,5.7,Burkholderia | R4
68.05,Burkholderia,R4,5.69,Burkholderia | R4
69.05,Burkholderia,R4,5.67,Burkholderia | R4
70.05,Burkholderia,R4,5.68,Burkholderia | R4
71.05,Burkholderia,R4,5.68,Burkholderia | R4
72.05,Burkholderia,R4,5.67,Burkholderia | R4
73.05,Burkholderia,R4,5.66,Burkholderia | R4
74.05,Burkholderia,R4,5.63,Burkholderia | R4
75.05,Burkholderia,R4,5.63,Burkholderia | R4
76.05,Burkholderia,R4,5.6,Burkholderia | R4
77.05,Burkholderia,R4,5.61,Burkholderia | R4
78.05,Burkholderia,R4,5.6,Burkholderia | R4
79.05,Burkholderia,R4,5.58,Burkholderia | R4
80.05,Burkholderia,R4,5.57,Burkholderia | R4
81.05,Burkholderia,R4,5.56,Burkholderia | R4
82.05,Burkholderia,R4,5.55,Burkholderia | R4
83.05,Burkholderia,R4,5.53,Burkholderia | R4
84.05,Burkholderia,R4,5.52,Burkholderia | R4
85.05,Burkholderia,R4,5.49,Burkholderia | R4
86.05,Burkholderia,R4,5.48,Burkholderia | R4
87.05,Burkholderia,R4,5.48,Burkholderia | R4
88.05,Burkholderia,R4,5.45,Burkholderia | R4
89.05,Burkholderia,R4,5.45,Burkholderia | R4
90.05,Burkholderia,R4,5.42,Burkholderia | R4
91.05,Burkholderia,R4,5.41,Burkholderia | R4
92.05,Burkholderia,R4,5.41,Burkholderia | R4
93.05,Burkholderia,R4,5.38,Burkholderia | R4
94.05,Burkholderia,R4,5.37,Burkholderia | R4
95.05,Burkholderia,R4,5.34,Burkholderia | R4
96.05,Burkholderia,R4,5.34,Burkholderia | R4
97.05,Burkholderia,R4,5.31,Burkholderia | R4
98.05,Burkholderia,R4,5.3,Burkholderia | R4
99.05,Burkholderia,R4,5.29,Burkholderia | R4
100.05,Burkholderia,R4,5.27,Burkholderia | R4
101.05,Burkholderia,R4,5.25,Burkholderia | R4
102.05,Burkholderia,R4,5.23,Burkholderia | R4
103.05,Burkholderia,R4,5.21,Burkholderia | R4
104.05,Burkholderia,R4,5.2,Burkholderia | R4
105.05,Burkholderia,R4,5.18,Burkholderia | R4
106.05,Burkholderia,R4,5.16,Burkholderia | R4
107.05,Burkholderia,R4,5.14,Burkholderia | R4
108.05,Burkholderia,R4,5.12,Burkholderia | R4
109.05,Burkholderia,R4,5.09,Burkholderia | R4
110.05,Burkholderia,R4,5.08,Burkholderia | R4
111.05,Burkholderia,R4,5.06,Burkholderia | R4
112.05,Burkholderia,R4,5.01,Burkholderia | R4
113.05,Burkholderia,R4,4.98,Burkholderia | R4
114.05,Burkholderia,R4,4.97,Burkholderia | R4
115.05,Burkholderia,R4,4.94,Burkholderia | R4
116.05,Burkholderia,R4,4.92,Burkholderia | R4
117.05,Burkholderia,R4,4.89,Burkholderia | R4
118.05,Burkholderia,R4,4.87,Burkholderia | R4
119.05,Burkholderia,R4,4.85,Burkholderia | R4
120.05,Burkholderia,R4,4.79,Burkholderia | R4
121.05,Burkholderia,R4,4.78,Burkholderia | R4
122.05,Burkholderia,R4,4.76,Burkholderia | R4
123.05,Burkholderia,R4,4.73,Burkholderia | R4
124.05,Burkholderia,R4,4.7,Burkholderia | R4
125.05,Burkholderia,R4,4.68,Burkholderia | R4
126.05,Burkholderia,R4,4.65,Burkholderia | R4
127.05,Burkholderia,R4,4.61,Burkholderia | R4
128.05,Burkholderia,R4,4.59,Burkholderia | R4
129.05,Burkholderia,R4,4.54,Burkholderia | R4
130.05,Burkholderia,R4,4.5,Burkholderia | R4
131.05,Burkholderia,R4,4.46,Burkholderia | R4
132.05,Burkholderia,R4,4.43,Burkholderia | R4
133.05,Burkholderia,R4,4.4,Burkholderia | R4
134.05,Burkholderia,R4,4.37,Burkholderia | R4
135.05,Burkholderia,R4,4.33,Burkholderia | R4
136.05,Burkholderia,R4,4.3,Burkholderia | R4
137.05,Burkholderia,R4,4.26,Burkholderia | R4
138.05,Burkholderia,R4,4.21,Burkholderia | R4
139.05,Burkholderia,R4,4.17,Burkholderia | R4
140.05,Burkholderia,R4,4.11,Burkholderia | R4
141.05,Burkholderia,R4,4.07,Burkholderia | R4
142.05,Burkholderia,R4,4.04,Burkholderia | R4
143.05,Burkholderia,R4,3.99,Burkholderia | R4
144.05,Burkholderia,R4,3.93,Burkholderia | R4
145.05,Burkholderia,R4,3.91,Burkholderia | R4
146.05,Burkholderia,R4,3.86,Burkholderia | R4
147.05,Burkholderia,R4,3.82,Burkholderia | R4
148.05,Burkholderia,R4,3.75,Burkholderia | R4
149.05,Burkholderia,R4,3.72,Burkholderia | R4
150.05,Burkholderia,R4,3.67,Burkholderia | R4
151.05,Burkholderia,R4,3.61,Burkholderia | R4
152.05,Burkholderia,R4,3.56,Burkholderia | R4
153.05,Burkholderia,R4,3.51,Burkholderia | R4
154.05,Burkholderia,R4,3.45,Burkholderia | R4
155.05,Burkholderia,R4,3.38,Burkholderia | R4
156.05,Burkholderia,R4,3.33,Burkholderia | R4
157.05,Burkholderia,R4,3.27,Burkholderia | R4
158.05,Burkholderia,R4,3.2,Burkholderia | R4
159.05,Burkholderia,R4,3.16,Burkholderia | R4
160.05,Burkholderia,R4,3.08,Burkholderia | R4
161.05,Burkholderia,R4,3.03,Burkholderia | R4
162.05,Burkholderia,R4,2.96,Burkholderia | R4
163.05,Burkholderia,R4,2.87,Burkholderia | R4
164.05,Burkholderia,R4,2.83,Burkholderia | R4
165.05,Burkholderia,R4,2.75,Burkholderia | R4
166.05,Burkholderia,R4,2.68,Burkholderia | R4
167.05,Burkholderia,R4,2.61,Burkholderia | R4
168.05,Burkholderia,R4,2.53,Burkholderia | R4
169.05,Burkholderia,R4,2.47,Burkholderia | R4
170.05,Burkholderia,R4,2.37,Burkholderia | R4
171.05,Burkholderia,R4,2.3,Burkholderia | R4
172.05,Burkholderia,R4,2.24,Burkholderia | R4
173.05,Burkholderia,R4,2.13,Burkholderia | R4
174.05,Burkholderia,R4,2.05,Burkholderia | R4
175.05,Burkholderia,R4,1.96,Burkholderia | R4
176.05,Burkholderia,R4,1.89,Burkholderia | R4
177.05,Burkholderia,R4,1.8,Burkholderia | R4
178.05,Burkholderia,R4,1.71,Burkholderia | R4
179.05,Burkholderia,R4,1.6,Burkholderia | R4
180.05,Burkholderia,R4,1.52,Burkholderia | R4
181.05,Burkholderia,R4,1.42,Burkholderia | R4
182.05,Burkholderia,R4,1.31,Burkholderia | R4
183.05,Burkholderia,R4,1.22,Burkholderia | R4
184.05,Burkholderia,R4,1.11,Burkholderia | R4
185.05,Burkholderia,R4,1.02,Burkholderia | R4
186.05,Burkholderia,R4,0.91,Burkholderia | R4
187.05,Burkholderia,R4,0.78,Burkholderia | R4
188.05,Burkholderia,R4,0.69,Burkholderia | R4
189.05,Burkholderia,R4,0.57,Burkholderia | R4
190.05,Burkholderia,R4,0.45,Burkholderia | R4
191.05,Burkholderia,R4,0.33,Burkholderia | R4
192.05,Burkholderia,R4,0.22,Burkholderia | R4
193.05,Burkholderia,R4,0.19,Burkholderia | R4
194.05,Burkholderia,R4,0.19,Burkholderia | R4
195.05,Burkholderia,R4,0.18,Burkholderia | R4
196.05,Burkholderia,R4,0.18,Burkholderia | R4
197.05,Burkholderia,R4,0.18,Burkholderia | R4
0.03,Burkholderia,R5,4.76,Burkholderia | R5
1.03,Burkholderia,R5,4.69,Burkholderia | R5
2.03,Burkholderia,R5,4.71,Burkholderia | R5
3.03,Burkholderia,R5,4.75,Burkholderia | R5
4.03,Burkholderia,R5,4.82,Burkholderia | R5
5.03,Burkholderia,R5,4.86,Burkholderia | R5
6.03,Burkholderia,R5,4.9,Burkholderia | R5
7.03,Burkholderia,R5,4.93,Burkholderia | R5
8.03,Burkholderia,R5,4.98,Burkholderia | R5
9.03,Burkholderia,R5,5,Burkholderia | R5
10.03,Burkholderia,R5,5.05,Burkholderia | R5
11.03,Burkholderia,R5,5.09,Burkholderia | R5
12.03,Burkholderia,R5,5.13,Burkholderia | R5
13.03,Burkholderia,R5,5.17,Burkholderia | R5
14.03,Burkholderia,R5,5.2,Burkholderia | R5
15.03,Burkholderia,R5,5.25,Burkholderia | R5
16.03,Burkholderia,R5,5.28,Burkholderia | R5
17.03,Burkholderia,R5,5.33,Burkholderia | R5
18.03,Burkholderia,R5,5.36,Burkholderia | R5
19.03,Burkholderia,R5,5.39,Burkholderia | R5
20.03,Burkholderia,R5,5.43,Burkholderia | R5
21.03,Burkholderia,R5,5.46,Burkholderia | R5
22.03,Burkholderia,R5,5.5,Burkholderia | R5
23.03,Burkholderia,R5,5.51,Burkholderia | R5
24.03,Burkholderia,R5,5.55,Burkholderia | R5
25.03,Burkholderia,R5,5.58,Burkholderia | R5
26.03,Burkholderia,R5,5.6,Burkholderia | R5
27.03,Burkholderia,R5,5.62,Burkholderia | R5
28.03,Burkholderia,R5,5.65,Burkholderia | R5
29.03,Burkholderia,R5,5.68,Burkholderia | R5
30.03,Burkholderia,R5,5.68,Burkholderia | R5
31.03,Burkholderia,R5,5.71,Burkholderia | R5
32.03,Burkholderia,R5,5.73,Burkholderia | R5
33.03,Burkholderia,R5,5.73,Burkholderia | R5
34.03,Burkholderia,R5,5.75,Burkholderia | R5
35.03,Burkholderia,R5,5.78,Burkholderia | R5
36.03,Burkholderia,R5,5.79,Burkholderia | R5
37.03,Burkholderia,R5,5.8,Burkholderia | R5
38.03,Burkholderia,R5,5.82,Burkholderia | R5
39.03,Burkholderia,R5,5.84,Burkholderia | R5
40.03,Burkholderia,R5,5.86,Burkholderia | R5
41.03,Burkholderia,R5,5.87,Burkholderia | R5
42.03,Burkholderia,R5,5.87,Burkholderia | R5
43.03,Burkholderia,R5,5.89,Burkholderia | R5
44.03,Burkholderia,R5,5.9,Burkholderia | R5
45.03,Burkholderia,R5,5.92,Burkholderia | R5
46.03,Burkholderia,R5,5.94,Burkholderia | R5
47.03,Burkholderia,R5,5.93,Burkholderia | R5
48.03,Burkholderia,R5,5.96,Burkholderia | R5
49.03,Burkholderia,R5,5.96,Burkholderia | R5
50.05,Burkholderia,R5,5.97,Burkholderia | R5
51.05,Burkholderia,R5,5.98,Burkholderia | R5
52.05,Burkholderia,R5,5.99,Burkholderia | R5
53.05,Burkholderia,R5,5.99,Burkholderia | R5
54.05,Burkholderia,R5,6,Burkholderia | R5
55.05,Burkholderia,R5,6.02,Burkholderia | R5
56.05,Burkholderia,R5,6.02,Burkholderia | R5
57.05,Burkholderia,R5,6.04,Burkholderia | R5
58.05,Burkholderia,R5,6.03,Burkholderia | R5
59.05,Burkholderia,R5,6.04,Burkholderia | R5
60.05,Burkholderia,R5,6.03,Burkholderia | R5
61.05,Burkholderia,R5,6.04,Burkholderia | R5
62.05,Burkholderia,R5,6.03,Burkholderia | R5
63.05,Burkholderia,R5,6.05,Burkholderia | R5
64.05,Burkholderia,R5,6.04,Burkholderia | R5
65.05,Burkholderia,R5,6.05,Burkholderia | R5
66.05,Burkholderia,R5,6.06,Burkholderia | R5
67.05,Burkholderia,R5,6.06,Burkholderia | R5
68.05,Burkholderia,R5,6.05,Burkholderia | R5
69.05,Burkholderia,R5,6.03,Burkholderia | R5
70.05,Burkholderia,R5,6.02,Burkholderia | R5
71.05,Burkholderia,R5,6.02,Burkholderia | R5
72.05,Burkholderia,R5,6,Burkholderia | R5
73.05,Burkholderia,R5,6.01,Burkholderia | R5
74.05,Burkholderia,R5,5.98,Burkholderia | R5
75.05,Burkholderia,R5,5.97,Burkholderia | R5
76.05,Burkholderia,R5,5.98,Burkholderia | R5
77.05,Burkholderia,R5,5.97,Burkholderia | R5
78.05,Burkholderia,R5,5.95,Burkholderia | R5
79.05,Burkholderia,R5,5.95,Burkholderia | R5
80.05,Burkholderia,R5,5.94,Burkholderia | R5
81.05,Burkholderia,R5,5.93,Burkholderia | R5
82.05,Burkholderia,R5,5.91,Burkholderia | R5
83.05,Burkholderia,R5,5.91,Burkholderia | R5
84.05,Burkholderia,R5,5.88,Burkholderia | R5
85.05,Burkholderia,R5,5.87,Burkholderia | R5
86.05,Burkholderia,R5,5.86,Burkholderia | R5
87.05,Burkholderia,R5,5.84,Burkholderia | R5
88.05,Burkholderia,R5,5.83,Burkholderia | R5
89.05,Burkholderia,R5,5.84,Burkholderia | R5
90.05,Burkholderia,R5,5.8,Burkholderia | R5
91.05,Burkholderia,R5,5.8,Burkholderia | R5
92.05,Burkholderia,R5,5.77,Burkholderia | R5
93.05,Burkholderia,R5,5.78,Burkholderia | R5
94.05,Burkholderia,R5,5.76,Burkholderia | R5
95.05,Burkholderia,R5,5.75,Burkholderia | R5
96.05,Burkholderia,R5,5.72,Burkholderia | R5
97.05,Burkholderia,R5,5.73,Burkholderia | R5
98.05,Burkholderia,R5,5.69,Burkholderia | R5
99.05,Burkholderia,R5,5.68,Burkholderia | R5
100.05,Burkholderia,R5,5.66,Burkholderia | R5
101.05,Burkholderia,R5,5.64,Burkholderia | R5
102.05,Burkholderia,R5,5.63,Burkholderia | R5
103.05,Burkholderia,R5,5.62,Burkholderia | R5
104.05,Burkholderia,R5,5.58,Burkholderia | R5
105.05,Burkholderia,R5,5.57,Burkholderia | R5
106.05,Burkholderia,R5,5.54,Burkholderia | R5
107.05,Burkholderia,R5,5.52,Burkholderia | R5
108.05,Burkholderia,R5,5.53,Burkholderia | R5
109.05,Burkholderia,R5,5.5,Burkholderia | R5
110.05,Burkholderia,R5,5.47,Burkholderia | R5
111.05,Burkholderia,R5,5.44,Burkholderia | R5
112.05,Burkholderia,R5,5.43,Burkholderia | R5
113.05,Burkholderia,R5,5.4,Burkholderia | R5
114.05,Burkholderia,R5,5.39,Burkholderia | R5
115.05,Burkholderia,R5,5.37,Burkholderia | R5
116.05,Burkholderia,R5,5.34,Burkholderia | R5
117.05,Burkholderia,R5,5.32,Burkholderia | R5
118.05,Burkholderia,R5,5.29,Burkholderia | R5
119.05,Burkholderia,R5,5.26,Burkholderia | R5
120.05,Burkholderia,R5,5.25,Burkholderia | R5
121.05,Burkholderia,R5,5.2,Burkholderia | R5
122.05,Burkholderia,R5,5.19,Burkholderia | R5
123.05,Burkholderia,R5,5.15,Burkholderia | R5
124.05,Burkholderia,R5,5.15,Burkholderia | R5
125.05,Burkholderia,R5,5.11,Burkholderia | R5
126.05,Burkholderia,R5,5.08,Burkholderia | R5
127.05,Burkholderia,R5,5.04,Burkholderia | R5
128.05,Burkholderia,R5,5.02,Burkholderia | R5
129.05,Burkholderia,R5,4.99,Burkholderia | R5
130.05,Burkholderia,R5,4.95,Burkholderia | R5
131.05,Burkholderia,R5,4.92,Burkholderia | R5
132.05,Burkholderia,R5,4.89,Burkholderia | R5
133.05,Burkholderia,R5,4.85,Burkholderia | R5
134.05,Burkholderia,R5,4.83,Burkholderia | R5
135.05,Burkholderia,R5,4.78,Burkholderia | R5
136.05,Burkholderia,R5,4.74,Burkholderia | R5
137.05,Burkholderia,R5,4.7,Burkholderia | R5
138.05,Burkholderia,R5,4.67,Burkholderia | R5
139.05,Burkholderia,R5,4.62,Burkholderia | R5
140.05,Burkholderia,R5,4.58,Burkholderia | R5
141.05,Burkholderia,R5,4.54,Burkholderia | R5
142.05,Burkholderia,R5,4.51,Burkholderia | R5
143.05,Burkholderia,R5,4.45,Burkholderia | R5
144.05,Burkholderia,R5,4.41,Burkholderia | R5
145.05,Burkholderia,R5,4.37,Burkholderia | R5
146.05,Burkholderia,R5,4.32,Burkholderia | R5
147.05,Burkholderia,R5,4.27,Burkholderia | R5
148.05,Burkholderia,R5,4.23,Burkholderia | R5
149.05,Burkholderia,R5,4.18,Burkholderia | R5
150.05,Burkholderia,R5,4.14,Burkholderia | R5
151.05,Burkholderia,R5,4.09,Burkholderia | R5
152.05,Burkholderia,R5,4.03,Burkholderia | R5
153.05,Burkholderia,R5,3.97,Burkholderia | R5
154.05,Burkholderia,R5,3.94,Burkholderia | R5
155.05,Burkholderia,R5,3.87,Burkholderia | R5
156.05,Burkholderia,R5,3.82,Burkholderia | R5
157.05,Burkholderia,R5,3.76,Burkholderia | R5
158.05,Burkholderia,R5,3.69,Burkholderia | R5
159.05,Burkholderia,R5,3.64,Burkholderia | R5
160.05,Burkholderia,R5,3.58,Burkholderia | R5
161.05,Burkholderia,R5,3.51,Burkholderia | R5
162.05,Burkholderia,R5,3.44,Burkholderia | R5
163.05,Burkholderia,R5,3.37,Burkholderia | R5
164.05,Burkholderia,R5,3.31,Burkholderia | R5
165.05,Burkholderia,R5,3.24,Burkholderia | R5
166.05,Burkholderia,R5,3.17,Burkholderia | R5
167.05,Burkholderia,R5,3.1,Burkholderia | R5
168.05,Burkholderia,R5,3.01,Burkholderia | R5
169.05,Burkholderia,R5,2.95,Burkholderia | R5
170.05,Burkholderia,R5,2.87,Burkholderia | R5
171.05,Burkholderia,R5,2.79,Burkholderia | R5
172.05,Burkholderia,R5,2.71,Burkholderia | R5
173.05,Burkholderia,R5,2.62,Burkholderia | R5
174.05,Burkholderia,R5,2.53,Burkholderia | R5
175.05,Burkholderia,R5,2.45,Burkholderia | R5
176.05,Burkholderia,R5,2.36,Burkholderia | R5
177.05,Burkholderia,R5,2.27,Burkholderia | R5
178.05,Burkholderia,R5,2.18,Burkholderia | R5
179.05,Burkholderia,R5,2.09,Burkholderia | R5
180.05,Burkholderia,R5,1.99,Burkholderia | R5
181.05,Burkholderia,R5,1.89,Burkholderia | R5
182.05,Burkholderia,R5,1.78,Burkholderia | R5
183.05,Burkholderia,R5,1.69,Burkholderia | R5
184.05,Burkholderia,R5,1.58,Burkholderia | R5
185.05,Burkholderia,R5,1.47,Burkholderia | R5
186.05,Burkholderia,R5,1.37,Burkholderia | R5
187.05,Burkholderia,R5,1.26,Burkholderia | R5
188.05,Burkholderia,R5,1.13,Burkholderia | R5
189.05,Burkholderia,R5,1.02,Burkholderia | R5
190.05,Burkholderia,R5,0.91,Burkholderia | R5
191.05,Burkholderia,R5,0.77,Burkholderia | R5
192.05,Burkholderia,R5,0.65,Burkholderia | R5
193.05,Burkholderia,R5,0.52,Burkholderia | R5
194.05,Burkholderia,R5,0.39,Burkholderia | R5
195.05,Burkholderia,R5,0.26,Burkholderia | R5
196.05,Burkholderia,R5,0.15,Burkholderia | R5
197.05,Burkholderia,R5,0.1,Burkholderia | R5
0.03,Buttiauxella,R1,4.76,Buttiauxella | R1
1.03,Buttiauxella,R1,4.72,Buttiauxella | R1
2.03,Buttiauxella,R1,4.77,Buttiauxella | R1
3.03,Buttiauxella,R1,4.83,Buttiauxella | R1
4.03,Buttiauxella,R1,4.91,Buttiauxella | R1
5.03,Buttiauxella,R1,4.98,Buttiauxella | R1
6.03,Buttiauxella,R1,5.04,Buttiauxella | R1
7.03,Buttiauxella,R1,5.12,Buttiauxella | R1
8.03,Buttiauxella,R1,5.18,Buttiauxella | R1
9.03,Buttiauxella,R1,5.24,Buttiauxella | R1
10.03,Buttiauxella,R1,5.28,Buttiauxella | R1
11.03,Buttiauxella,R1,5.35,Buttiauxella | R1
12.03,Buttiauxella,R1,5.4,Buttiauxella | R1
13.03,Buttiauxella,R1,5.44,Buttiauxella | R1
14.03,Buttiauxella,R1,5.48,Buttiauxella | R1
15.03,Buttiauxella,R1,5.52,Buttiauxella | R1
16.03,Buttiauxella,R1,5.55,Buttiauxella | R1
17.03,Buttiauxella,R1,5.59,Buttiauxella | R1
18.03,Buttiauxella,R1,5.61,Buttiauxella | R1
19.03,Buttiauxella,R1,5.65,Buttiauxella | R1
20.03,Buttiauxella,R1,5.67,Buttiauxella | R1
21.03,Buttiauxella,R1,5.69,Buttiauxella | R1
22.03,Buttiauxella,R1,5.73,Buttiauxella | R1
23.03,Buttiauxella,R1,5.73,Buttiauxella | R1
24.03,Buttiauxella,R1,5.75,Buttiauxella | R1
25.03,Buttiauxella,R1,5.77,Buttiauxella | R1
26.03,Buttiauxella,R1,5.79,Buttiauxella | R1
27.03,Buttiauxella,R1,5.81,Buttiauxella | R1
28.03,Buttiauxella,R1,5.81,Buttiauxella | R1
29.03,Buttiauxella,R1,5.83,Buttiauxella | R1
30.03,Buttiauxella,R1,5.83,Buttiauxella | R1
31.03,Buttiauxella,R1,5.85,Buttiauxella | R1
32.03,Buttiauxella,R1,5.86,Buttiauxella | R1
33.03,Buttiauxella,R1,5.86,Buttiauxella | R1
34.03,Buttiauxella,R1,5.86,Buttiauxella | R1
35.03,Buttiauxella,R1,5.87,Buttiauxella | R1
36.03,Buttiauxella,R1,5.87,Buttiauxella | R1
37.03,Buttiauxella,R1,5.87,Buttiauxella | R1
38.03,Buttiauxella,R1,5.89,Buttiauxella | R1
39.03,Buttiauxella,R1,5.88,Buttiauxella | R1
40.03,Buttiauxella,R1,5.88,Buttiauxella | R1
41.03,Buttiauxella,R1,5.88,Buttiauxella | R1
42.03,Buttiauxella,R1,5.88,Buttiauxella | R1
43.03,Buttiauxella,R1,5.89,Buttiauxella | R1
44.03,Buttiauxella,R1,5.89,Buttiauxella | R1
45.03,Buttiauxella,R1,5.9,Buttiauxella | R1
46.03,Buttiauxella,R1,5.89,Buttiauxella | R1
47.03,Buttiauxella,R1,5.88,Buttiauxella | R1
48.03,Buttiauxella,R1,5.87,Buttiauxella | R1
49.03,Buttiauxella,R1,5.85,Buttiauxella | R1
50.05,Buttiauxella,R1,5.86,Buttiauxella | R1
51.05,Buttiauxella,R1,5.85,Buttiauxella | R1
52.05,Buttiauxella,R1,5.86,Buttiauxella | R1
53.05,Buttiauxella,R1,5.83,Buttiauxella | R1
54.05,Buttiauxella,R1,5.83,Buttiauxella | R1
55.05,Buttiauxella,R1,5.83,Buttiauxella | R1
56.05,Buttiauxella,R1,5.8,Buttiauxella | R1
57.05,Buttiauxella,R1,5.8,Buttiauxella | R1
58.05,Buttiauxella,R1,5.79,Buttiauxella | R1
59.05,Buttiauxella,R1,5.8,Buttiauxella | R1
60.05,Buttiauxella,R1,5.77,Buttiauxella | R1
61.05,Buttiauxella,R1,5.76,Buttiauxella | R1
62.05,Buttiauxella,R1,5.77,Buttiauxella | R1
63.05,Buttiauxella,R1,5.76,Buttiauxella | R1
64.05,Buttiauxella,R1,5.75,Buttiauxella | R1
65.05,Buttiauxella,R1,5.73,Buttiauxella | R1
66.05,Buttiauxella,R1,5.72,Buttiauxella | R1
67.05,Buttiauxella,R1,5.69,Buttiauxella | R1
68.05,Buttiauxella,R1,5.68,Buttiauxella | R1
69.05,Buttiauxella,R1,5.69,Buttiauxella | R1
70.05,Buttiauxella,R1,5.69,Buttiauxella | R1
71.05,Buttiauxella,R1,5.65,Buttiauxella | R1
72.05,Buttiauxella,R1,5.64,Buttiauxella | R1
73.05,Buttiauxella,R1,5.64,Buttiauxella | R1
74.05,Buttiauxella,R1,5.62,Buttiauxella | R1
75.05,Buttiauxella,R1,5.6,Buttiauxella | R1
76.05,Buttiauxella,R1,5.59,Buttiauxella | R1
77.05,Buttiauxella,R1,5.58,Buttiauxella | R1
78.05,Buttiauxella,R1,5.56,Buttiauxella | R1
79.05,Buttiauxella,R1,5.55,Buttiauxella | R1
80.05,Buttiauxella,R1,5.54,Buttiauxella | R1
81.05,Buttiauxella,R1,5.53,Buttiauxella | R1
82.05,Buttiauxella,R1,5.49,Buttiauxella | R1
83.05,Buttiauxella,R1,5.49,Buttiauxella | R1
84.05,Buttiauxella,R1,5.47,Buttiauxella | R1
85.05,Buttiauxella,R1,5.47,Buttiauxella | R1
86.05,Buttiauxella,R1,5.45,Buttiauxella | R1
87.05,Buttiauxella,R1,5.42,Buttiauxella | R1
88.05,Buttiauxella,R1,5.43,Buttiauxella | R1
89.05,Buttiauxella,R1,5.4,Buttiauxella | R1
90.05,Buttiauxella,R1,5.39,Buttiauxella | R1
91.05,Buttiauxella,R1,5.35,Buttiauxella | R1
92.05,Buttiauxella,R1,5.35,Buttiauxella | R1
93.05,Buttiauxella,R1,5.33,Buttiauxella | R1
94.05,Buttiauxella,R1,5.3,Buttiauxella | R1
95.05,Buttiauxella,R1,5.28,Buttiauxella | R1
96.05,Buttiauxella,R1,5.26,Buttiauxella | R1
97.05,Buttiauxella,R1,5.23,Buttiauxella | R1
98.05,Buttiauxella,R1,5.22,Buttiauxella | R1
99.05,Buttiauxella,R1,5.19,Buttiauxella | R1
100.05,Buttiauxella,R1,5.17,Buttiauxella | R1
101.05,Buttiauxella,R1,5.14,Buttiauxella | R1
102.05,Buttiauxella,R1,5.12,Buttiauxella | R1
103.05,Buttiauxella,R1,5.09,Buttiauxella | R1
104.05,Buttiauxella,R1,5.08,Buttiauxella | R1
105.05,Buttiauxella,R1,5.04,Buttiauxella | R1
106.05,Buttiauxella,R1,5.03,Buttiauxella | R1
107.05,Buttiauxella,R1,5.01,Buttiauxella | R1
108.05,Buttiauxella,R1,4.97,Buttiauxella | R1
109.05,Buttiauxella,R1,4.95,Buttiauxella | R1
110.05,Buttiauxella,R1,4.92,Buttiauxella | R1
111.05,Buttiauxella,R1,4.9,Buttiauxella | R1
112.05,Buttiauxella,R1,4.86,Buttiauxella | R1
113.05,Buttiauxella,R1,4.83,Buttiauxella | R1
114.05,Buttiauxella,R1,4.79,Buttiauxella | R1
115.05,Buttiauxella,R1,4.77,Buttiauxella | R1
116.05,Buttiauxella,R1,4.75,Buttiauxella | R1
117.05,Buttiauxella,R1,4.71,Buttiauxella | R1
118.05,Buttiauxella,R1,4.67,Buttiauxella | R1
119.05,Buttiauxella,R1,4.64,Buttiauxella | R1
120.05,Buttiauxella,R1,4.6,Buttiauxella | R1
121.05,Buttiauxella,R1,4.56,Buttiauxella | R1
122.05,Buttiauxella,R1,4.54,Buttiauxella | R1
123.05,Buttiauxella,R1,4.49,Buttiauxella | R1
124.05,Buttiauxella,R1,4.46,Buttiauxella | R1
125.05,Buttiauxella,R1,4.42,Buttiauxella | R1
126.05,Buttiauxella,R1,4.4,Buttiauxella | R1
127.05,Buttiauxella,R1,4.34,Buttiauxella | R1
128.05,Buttiauxella,R1,4.29,Buttiauxella | R1
129.05,Buttiauxella,R1,4.26,Buttiauxella | R1
130.05,Buttiauxella,R1,4.22,Buttiauxella | R1
131.05,Buttiauxella,R1,4.17,Buttiauxella | R1
132.05,Buttiauxella,R1,4.12,Buttiauxella | R1
133.05,Buttiauxella,R1,4.07,Buttiauxella | R1
134.05,Buttiauxella,R1,4.04,Buttiauxella | R1
135.05,Buttiauxella,R1,3.97,Buttiauxella | R1
136.05,Buttiauxella,R1,3.95,Buttiauxella | R1
137.05,Buttiauxella,R1,3.89,Buttiauxella | R1
138.05,Buttiauxella,R1,3.84,Buttiauxella | R1
139.05,Buttiauxella,R1,3.78,Buttiauxella | R1
140.05,Buttiauxella,R1,3.74,Buttiauxella | R1
141.05,Buttiauxella,R1,3.66,Buttiauxella | R1
142.05,Buttiauxella,R1,3.63,Buttiauxella | R1
143.05,Buttiauxella,R1,3.57,Buttiauxella | R1
144.05,Buttiauxella,R1,3.49,Buttiauxella | R1
145.05,Buttiauxella,R1,3.45,Buttiauxella | R1
146.05,Buttiauxella,R1,3.39,Buttiauxella | R1
147.05,Buttiauxella,R1,3.32,Buttiauxella | R1
148.05,Buttiauxella,R1,3.26,Buttiauxella | R1
149.05,Buttiauxella,R1,3.18,Buttiauxella | R1
150.05,Buttiauxella,R1,3.15,Buttiauxella | R1
151.05,Buttiauxella,R1,3.06,Buttiauxella | R1
152.05,Buttiauxella,R1,2.99,Buttiauxella | R1
153.05,Buttiauxella,R1,2.91,Buttiauxella | R1
154.05,Buttiauxella,R1,2.85,Buttiauxella | R1
155.05,Buttiauxella,R1,2.79,Buttiauxella | R1
156.05,Buttiauxella,R1,2.72,Buttiauxella | R1
157.05,Buttiauxella,R1,2.63,Buttiauxella | R1
158.05,Buttiauxella,R1,2.54,Buttiauxella | R1
159.05,Buttiauxella,R1,2.47,Buttiauxella | R1
160.05,Buttiauxella,R1,2.37,Buttiauxella | R1
161.05,Buttiauxella,R1,2.31,Buttiauxella | R1
162.05,Buttiauxella,R1,2.21,Buttiauxella | R1
163.05,Buttiauxella,R1,2.13,Buttiauxella | R1
164.05,Buttiauxella,R1,2.03,Buttiauxella | R1
165.05,Buttiauxella,R1,1.95,Buttiauxella | R1
166.05,Buttiauxella,R1,1.86,Buttiauxella | R1
167.05,Buttiauxella,R1,1.75,Buttiauxella | R1
168.05,Buttiauxella,R1,1.66,Buttiauxella | R1
169.05,Buttiauxella,R1,1.57,Buttiauxella | R1
170.05,Buttiauxella,R1,1.46,Buttiauxella | R1
171.05,Buttiauxella,R1,1.35,Buttiauxella | R1
172.05,Buttiauxella,R1,1.25,Buttiauxella | R1
173.05,Buttiauxella,R1,1.14,Buttiauxella | R1
174.05,Buttiauxella,R1,1.03,Buttiauxella | R1
175.05,Buttiauxella,R1,0.91,Buttiauxella | R1
176.05,Buttiauxella,R1,0.79,Buttiauxella | R1
177.05,Buttiauxella,R1,0.67,Buttiauxella | R1
178.05,Buttiauxella,R1,0.56,Buttiauxella | R1
179.05,Buttiauxella,R1,0.45,Buttiauxella | R1
180.05,Buttiauxella,R1,0.3,Buttiauxella | R1
181.05,Buttiauxella,R1,0.18,Buttiauxella | R1
182.05,Buttiauxella,R1,0.06,Buttiauxella | R1
183.05,Buttiauxella,R1,0.01,Buttiauxella | R1
184.05,Buttiauxella,R1,0,Buttiauxella | R1
185.05,Buttiauxella,R1,0,Buttiauxella | R1
186.05,Buttiauxella,R1,0,Buttiauxella | R1
187.05,Buttiauxella,R1,0,Buttiauxella | R1
188.05,Buttiauxella,R1,0,Buttiauxella | R1
189.05,Buttiauxella,R1,0,Buttiauxella | R1
190.05,Buttiauxella,R1,0,Buttiauxella | R1
191.05,Buttiauxella,R1,0,Buttiauxella | R1
192.05,Buttiauxella,R1,0,Buttiauxella | R1
193.05,Buttiauxella,R1,0,Buttiauxella | R1
194.05,Buttiauxella,R1,0,Buttiauxella | R1
195.05,Buttiauxella,R1,0,Buttiauxella | R1
196.05,Buttiauxella,R1,0,Buttiauxella | R1
197.05,Buttiauxella,R1,0,Buttiauxella | R1
0.03,Buttiauxella,R2,4.67,Buttiauxella | R2
1.03,Buttiauxella,R2,4.61,Buttiauxella | R2
2.03,Buttiauxella,R2,4.66,Buttiauxella | R2
3.03,Buttiauxella,R2,4.69,Buttiauxella | R2
4.03,Buttiauxella,R2,4.77,Buttiauxella | R2
5.03,Buttiauxella,R2,4.83,Buttiauxella | R2
6.03,Buttiauxella,R2,4.89,Buttiauxella | R2
7.03,Buttiauxella,R2,4.96,Buttiauxella | R2
8.03,Buttiauxella,R2,5.01,Buttiauxella | R2
9.03,Buttiauxella,R2,5.05,Buttiauxella | R2
10.03,Buttiauxella,R2,5.1,Buttiauxella | R2
11.03,Buttiauxella,R2,5.16,Buttiauxella | R2
12.03,Buttiauxella,R2,5.2,Buttiauxella | R2
13.03,Buttiauxella,R2,5.26,Buttiauxella | R2
14.03,Buttiauxella,R2,5.28,Buttiauxella | R2
15.03,Buttiauxella,R2,5.32,Buttiauxella | R2
16.03,Buttiauxella,R2,5.36,Buttiauxella | R2
17.03,Buttiauxella,R2,5.38,Buttiauxella | R2
18.03,Buttiauxella,R2,5.42,Buttiauxella | R2
19.03,Buttiauxella,R2,5.45,Buttiauxella | R2
20.03,Buttiauxella,R2,5.49,Buttiauxella | R2
21.03,Buttiauxella,R2,5.5,Buttiauxella | R2
22.03,Buttiauxella,R2,5.55,Buttiauxella | R2
23.03,Buttiauxella,R2,5.57,Buttiauxella | R2
24.03,Buttiauxella,R2,5.58,Buttiauxella | R2
25.03,Buttiauxella,R2,5.6,Buttiauxella | R2
26.03,Buttiauxella,R2,5.62,Buttiauxella | R2
27.03,Buttiauxella,R2,5.64,Buttiauxella | R2
28.03,Buttiauxella,R2,5.65,Buttiauxella | R2
29.03,Buttiauxella,R2,5.68,Buttiauxella | R2
30.03,Buttiauxella,R2,5.68,Buttiauxella | R2
31.03,Buttiauxella,R2,5.7,Buttiauxella | R2
32.03,Buttiauxella,R2,5.72,Buttiauxella | R2
33.03,Buttiauxella,R2,5.73,Buttiauxella | R2
34.03,Buttiauxella,R2,5.74,Buttiauxella | R2
35.03,Buttiauxella,R2,5.75,Buttiauxella | R2
36.03,Buttiauxella,R2,5.75,Buttiauxella | R2
37.03,Buttiauxella,R2,5.76,Buttiauxella | R2
38.03,Buttiauxella,R2,5.78,Buttiauxella | R2
39.03,Buttiauxella,R2,5.77,Buttiauxella | R2
40.03,Buttiauxella,R2,5.79,Buttiauxella | R2
41.03,Buttiauxella,R2,5.79,Buttiauxella | R2
42.03,Buttiauxella,R2,5.8,Buttiauxella | R2
43.03,Buttiauxella,R2,5.8,Buttiauxella | R2
44.03,Buttiauxella,R2,5.81,Buttiauxella | R2
45.03,Buttiauxella,R2,5.81,Buttiauxella | R2
46.03,Buttiauxella,R2,5.82,Buttiauxella | R2
47.03,Buttiauxella,R2,5.82,Buttiauxella | R2
48.03,Buttiauxella,R2,5.81,Buttiauxella | R2
49.03,Buttiauxella,R2,5.81,Buttiauxella | R2
50.05,Buttiauxella,R2,5.79,Buttiauxella | R2
51.05,Buttiauxella,R2,5.77,Buttiauxella | R2
52.05,Buttiauxella,R2,5.78,Buttiauxella | R2
53.05,Buttiauxella,R2,5.76,Buttiauxella | R2
54.05,Buttiauxella,R2,5.77,Buttiauxella | R2
55.05,Buttiauxella,R2,5.75,Buttiauxella | R2
56.05,Buttiauxella,R2,5.76,Buttiauxella | R2
57.05,Buttiauxella,R2,5.73,Buttiauxella | R2
58.05,Buttiauxella,R2,5.73,Buttiauxella | R2
59.05,Buttiauxella,R2,5.72,Buttiauxella | R2
60.05,Buttiauxella,R2,5.71,Buttiauxella | R2
61.05,Buttiauxella,R2,5.71,Buttiauxella | R2
62.05,Buttiauxella,R2,5.69,Buttiauxella | R2
63.05,Buttiauxella,R2,5.68,Buttiauxella | R2
64.05,Buttiauxella,R2,5.67,Buttiauxella | R2
65.05,Buttiauxella,R2,5.67,Buttiauxella | R2
66.05,Buttiauxella,R2,5.65,Buttiauxella | R2
67.05,Buttiauxella,R2,5.64,Buttiauxella | R2
68.05,Buttiauxella,R2,5.64,Buttiauxella | R2
69.05,Buttiauxella,R2,5.61,Buttiauxella | R2
70.05,Buttiauxella,R2,5.6,Buttiauxella | R2
71.05,Buttiauxella,R2,5.6,Buttiauxella | R2
72.05,Buttiauxella,R2,5.6,Buttiauxella | R2
73.05,Buttiauxella,R2,5.56,Buttiauxella | R2
74.05,Buttiauxella,R2,5.54,Buttiauxella | R2
75.05,Buttiauxella,R2,5.55,Buttiauxella | R2
76.05,Buttiauxella,R2,5.53,Buttiauxella | R2
77.05,Buttiauxella,R2,5.51,Buttiauxella | R2
78.05,Buttiauxella,R2,5.5,Buttiauxella | R2
79.05,Buttiauxella,R2,5.48,Buttiauxella | R2
80.05,Buttiauxella,R2,5.46,Buttiauxella | R2
81.05,Buttiauxella,R2,5.46,Buttiauxella | R2
82.05,Buttiauxella,R2,5.44,Buttiauxella | R2
83.05,Buttiauxella,R2,5.42,Buttiauxella | R2
84.05,Buttiauxella,R2,5.42,Buttiauxella | R2
85.05,Buttiauxella,R2,5.39,Buttiauxella | R2
86.05,Buttiauxella,R2,5.37,Buttiauxella | R2
87.05,Buttiauxella,R2,5.36,Buttiauxella | R2
88.05,Buttiauxella,R2,5.34,Buttiauxella | R2
89.05,Buttiauxella,R2,5.32,Buttiauxella | R2
90.05,Buttiauxella,R2,5.3,Buttiauxella | R2
91.05,Buttiauxella,R2,5.29,Buttiauxella | R2
92.05,Buttiauxella,R2,5.26,Buttiauxella | R2
93.05,Buttiauxella,R2,5.24,Buttiauxella | R2
94.05,Buttiauxella,R2,5.23,Buttiauxella | R2
95.05,Buttiauxella,R2,5.19,Buttiauxella | R2
96.05,Buttiauxella,R2,5.17,Buttiauxella | R2
97.05,Buttiauxella,R2,5.14,Buttiauxella | R2
98.05,Buttiauxella,R2,5.13,Buttiauxella | R2
99.05,Buttiauxella,R2,5.11,Buttiauxella | R2
100.05,Buttiauxella,R2,5.09,Buttiauxella | R2
101.05,Buttiauxella,R2,5.05,Buttiauxella | R2
102.05,Buttiauxella,R2,5.05,Buttiauxella | R2
103.05,Buttiauxella,R2,5,Buttiauxella | R2
104.05,Buttiauxella,R2,4.98,Buttiauxella | R2
105.05,Buttiauxella,R2,4.96,Buttiauxella | R2
106.05,Buttiauxella,R2,4.92,Buttiauxella | R2
107.05,Buttiauxella,R2,4.9,Buttiauxella | R2
108.05,Buttiauxella,R2,4.84,Buttiauxella | R2
109.05,Buttiauxella,R2,4.83,Buttiauxella | R2
110.05,Buttiauxella,R2,4.8,Buttiauxella | R2
111.05,Buttiauxella,R2,4.76,Buttiauxella | R2
112.05,Buttiauxella,R2,4.74,Buttiauxella | R2
113.05,Buttiauxella,R2,4.7,Buttiauxella | R2
114.05,Buttiauxella,R2,4.65,Buttiauxella | R2
115.05,Buttiauxella,R2,4.63,Buttiauxella | R2
116.05,Buttiauxella,R2,4.59,Buttiauxella | R2
117.05,Buttiauxella,R2,4.56,Buttiauxella | R2
118.05,Buttiauxella,R2,4.53,Buttiauxella | R2
119.05,Buttiauxella,R2,4.48,Buttiauxella | R2
120.05,Buttiauxella,R2,4.45,Buttiauxella | R2
121.05,Buttiauxella,R2,4.38,Buttiauxella | R2
122.05,Buttiauxella,R2,4.37,Buttiauxella | R2
123.05,Buttiauxella,R2,4.33,Buttiauxella | R2
124.05,Buttiauxella,R2,4.27,Buttiauxella | R2
125.05,Buttiauxella,R2,4.24,Buttiauxella | R2
126.05,Buttiauxella,R2,4.18,Buttiauxella | R2
127.05,Buttiauxella,R2,4.13,Buttiauxella | R2
128.05,Buttiauxella,R2,4.07,Buttiauxella | R2
129.05,Buttiauxella,R2,4.03,Buttiauxella | R2
130.05,Buttiauxella,R2,3.99,Buttiauxella | R2
131.05,Buttiauxella,R2,3.93,Buttiauxella | R2
132.05,Buttiauxella,R2,3.89,Buttiauxella | R2
133.05,Buttiauxella,R2,3.82,Buttiauxella | R2
134.05,Buttiauxella,R2,3.77,Buttiauxella | R2
135.05,Buttiauxella,R2,3.73,Buttiauxella | R2
136.05,Buttiauxella,R2,3.66,Buttiauxella | R2
137.05,Buttiauxella,R2,3.61,Buttiauxella | R2
138.05,Buttiauxella,R2,3.53,Buttiauxella | R2
139.05,Buttiauxella,R2,3.47,Buttiauxella | R2
140.05,Buttiauxella,R2,3.4,Buttiauxella | R2
141.05,Buttiauxella,R2,3.33,Buttiauxella | R2
142.05,Buttiauxella,R2,3.26,Buttiauxella | R2
143.05,Buttiauxella,R2,3.18,Buttiauxella | R2
144.05,Buttiauxella,R2,3.13,Buttiauxella | R2
145.05,Buttiauxella,R2,3.06,Buttiauxella | R2
146.05,Buttiauxella,R2,2.98,Buttiauxella | R2
147.05,Buttiauxella,R2,2.89,Buttiauxella | R2
148.05,Buttiauxella,R2,2.83,Buttiauxella | R2
149.05,Buttiauxella,R2,2.74,Buttiauxella | R2
150.05,Buttiauxella,R2,2.66,Buttiauxella | R2
151.05,Buttiauxella,R2,2.57,Buttiauxella | R2
152.05,Buttiauxella,R2,2.49,Buttiauxella | R2
153.05,Buttiauxella,R2,2.38,Buttiauxella | R2
154.05,Buttiauxella,R2,2.31,Buttiauxella | R2
155.05,Buttiauxella,R2,2.21,Buttiauxella | R2
156.05,Buttiauxella,R2,2.11,Buttiauxella | R2
157.05,Buttiauxella,R2,2.01,Buttiauxella | R2
158.05,Buttiauxella,R2,1.93,Buttiauxella | R2
159.05,Buttiauxella,R2,1.81,Buttiauxella | R2
160.05,Buttiauxella,R2,1.71,Buttiauxella | R2
161.05,Buttiauxella,R2,1.61,Buttiauxella | R2
162.05,Buttiauxella,R2,1.5,Buttiauxella | R2
163.05,Buttiauxella,R2,1.39,Buttiauxella | R2
164.05,Buttiauxella,R2,1.25,Buttiauxella | R2
165.05,Buttiauxella,R2,1.13,Buttiauxella | R2
166.05,Buttiauxella,R2,1.03,Buttiauxella | R2
167.05,Buttiauxella,R2,0.9,Buttiauxella | R2
168.05,Buttiauxella,R2,0.77,Buttiauxella | R2
169.05,Buttiauxella,R2,0.63,Buttiauxella | R2
170.05,Buttiauxella,R2,0.5,Buttiauxella | R2
171.05,Buttiauxella,R2,0.37,Buttiauxella | R2
172.05,Buttiauxella,R2,0.21,Buttiauxella | R2
173.05,Buttiauxella,R2,0.07,Buttiauxella | R2
174.05,Buttiauxella,R2,0,Buttiauxella | R2
175.05,Buttiauxella,R2,0,Buttiauxella | R2
176.05,Buttiauxella,R2,0,Buttiauxella | R2
177.05,Buttiauxella,R2,0,Buttiauxella | R2
178.05,Buttiauxella,R2,0,Buttiauxella | R2
179.05,Buttiauxella,R2,0,Buttiauxella | R2
180.05,Buttiauxella,R2,0,Buttiauxella | R2
181.05,Buttiauxella,R2,0,Buttiauxella | R2
182.05,Buttiauxella,R2,0,Buttiauxella | R2
183.05,Buttiauxella,R2,0,Buttiauxella | R2
184.05,Buttiauxella,R2,0,Buttiauxella | R2
185.05,Buttiauxella,R2,0,Buttiauxella | R2
186.05,Buttiauxella,R2,0,Buttiauxella | R2
187.05,Buttiauxella,R2,0,Buttiauxella | R2
188.05,Buttiauxella,R2,0,Buttiauxella | R2
189.05,Buttiauxella,R2,0,Buttiauxella | R2
190.05,Buttiauxella,R2,0,Buttiauxella | R2
191.05,Buttiauxella,R2,0,Buttiauxella | R2
192.05,Buttiauxella,R2,0,Buttiauxella | R2
193.05,Buttiauxella,R2,0,Buttiauxella | R2
194.05,Buttiauxella,R2,0,Buttiauxella | R2
195.05,Buttiauxella,R2,0,Buttiauxella | R2
196.05,Buttiauxella,R2,0,Buttiauxella | R2
197.05,Buttiauxella,R2,0,Buttiauxella | R2
0.03,Buttiauxella,R3,4.67,Buttiauxella | R3
1.03,Buttiauxella,R3,4.66,Buttiauxella | R3
2.03,Buttiauxella,R3,4.69,Buttiauxella | R3
3.03,Buttiauxella,R3,4.76,Buttiauxella | R3
4.03,Buttiauxella,R3,4.82,Buttiauxella | R3
5.03,Buttiauxella,R3,4.87,Buttiauxella | R3
6.03,Buttiauxella,R3,4.93,Buttiauxella | R3
7.03,Buttiauxella,R3,5,Buttiauxella | R3
8.03,Buttiauxella,R3,5.05,Buttiauxella | R3
9.03,Buttiauxella,R3,5.09,Buttiauxella | R3
10.03,Buttiauxella,R3,5.14,Buttiauxella | R3
11.03,Buttiauxella,R3,5.19,Buttiauxella | R3
12.03,Buttiauxella,R3,5.23,Buttiauxella | R3
13.03,Buttiauxella,R3,5.27,Buttiauxella | R3
14.03,Buttiauxella,R3,5.3,Buttiauxella | R3
15.03,Buttiauxella,R3,5.35,Buttiauxella | R3
16.03,Buttiauxella,R3,5.37,Buttiauxella | R3
17.03,Buttiauxella,R3,5.4,Buttiauxella | R3
18.03,Buttiauxella,R3,5.43,Buttiauxella | R3
19.03,Buttiauxella,R3,5.46,Buttiauxella | R3
20.03,Buttiauxella,R3,5.49,Buttiauxella | R3
21.03,Buttiauxella,R3,5.52,Buttiauxella | R3
22.03,Buttiauxella,R3,5.56,Buttiauxella | R3
23.03,Buttiauxella,R3,5.57,Buttiauxella | R3
24.03,Buttiauxella,R3,5.6,Buttiauxella | R3
25.03,Buttiauxella,R3,5.61,Buttiauxella | R3
26.03,Buttiauxella,R3,5.64,Buttiauxella | R3
27.03,Buttiauxella,R3,5.66,Buttiauxella | R3
28.03,Buttiauxella,R3,5.69,Buttiauxella | R3
29.03,Buttiauxella,R3,5.72,Buttiauxella | R3
30.03,Buttiauxella,R3,5.73,Buttiauxella | R3
31.03,Buttiauxella,R3,5.75,Buttiauxella | R3
32.03,Buttiauxella,R3,5.75,Buttiauxella | R3
33.03,Buttiauxella,R3,5.76,Buttiauxella | R3
34.03,Buttiauxella,R3,5.77,Buttiauxella | R3
35.03,Buttiauxella,R3,5.78,Buttiauxella | R3
36.03,Buttiauxella,R3,5.79,Buttiauxella | R3
37.03,Buttiauxella,R3,5.79,Buttiauxella | R3
38.03,Buttiauxella,R3,5.8,Buttiauxella | R3
39.03,Buttiauxella,R3,5.82,Buttiauxella | R3
40.03,Buttiauxella,R3,5.83,Buttiauxella | R3
41.03,Buttiauxella,R3,5.84,Buttiauxella | R3
42.03,Buttiauxella,R3,5.84,Buttiauxella | R3
43.03,Buttiauxella,R3,5.86,Buttiauxella | R3
44.03,Buttiauxella,R3,5.87,Buttiauxella | R3
45.03,Buttiauxella,R3,5.87,Buttiauxella | R3
46.03,Buttiauxella,R3,5.88,Buttiauxella | R3
47.03,Buttiauxella,R3,5.88,Buttiauxella | R3
48.03,Buttiauxella,R3,5.89,Buttiauxella | R3
49.03,Buttiauxella,R3,5.9,Buttiauxella | R3
50.05,Buttiauxella,R3,5.9,Buttiauxella | R3
51.05,Buttiauxella,R3,5.88,Buttiauxella | R3
52.05,Buttiauxella,R3,5.87,Buttiauxella | R3
53.05,Buttiauxella,R3,5.87,Buttiauxella | R3
54.05,Buttiauxella,R3,5.87,Buttiauxella | R3
55.05,Buttiauxella,R3,5.86,Buttiauxella | R3
56.05,Buttiauxella,R3,5.84,Buttiauxella | R3
57.05,Buttiauxella,R3,5.83,Buttiauxella | R3
58.05,Buttiauxella,R3,5.8,Buttiauxella | R3
59.05,Buttiauxella,R3,5.8,Buttiauxella | R3
60.05,Buttiauxella,R3,5.78,Buttiauxella | R3
61.05,Buttiauxella,R3,5.78,Buttiauxella | R3
62.05,Buttiauxella,R3,5.77,Buttiauxella | R3
63.05,Buttiauxella,R3,5.77,Buttiauxella | R3
64.05,Buttiauxella,R3,5.75,Buttiauxella | R3
65.05,Buttiauxella,R3,5.74,Buttiauxella | R3
66.05,Buttiauxella,R3,5.73,Buttiauxella | R3
67.05,Buttiauxella,R3,5.72,Buttiauxella | R3
68.05,Buttiauxella,R3,5.7,Buttiauxella | R3
69.05,Buttiauxella,R3,5.68,Buttiauxella | R3
70.05,Buttiauxella,R3,5.67,Buttiauxella | R3
71.05,Buttiauxella,R3,5.67,Buttiauxella | R3
72.05,Buttiauxella,R3,5.65,Buttiauxella | R3
73.05,Buttiauxella,R3,5.64,Buttiauxella | R3
74.05,Buttiauxella,R3,5.61,Buttiauxella | R3
75.05,Buttiauxella,R3,5.61,Buttiauxella | R3
76.05,Buttiauxella,R3,5.6,Buttiauxella | R3
77.05,Buttiauxella,R3,5.58,Buttiauxella | R3
78.05,Buttiauxella,R3,5.56,Buttiauxella | R3
79.05,Buttiauxella,R3,5.55,Buttiauxella | R3
80.05,Buttiauxella,R3,5.52,Buttiauxella | R3
81.05,Buttiauxella,R3,5.52,Buttiauxella | R3
82.05,Buttiauxella,R3,5.5,Buttiauxella | R3
83.05,Buttiauxella,R3,5.48,Buttiauxella | R3
84.05,Buttiauxella,R3,5.46,Buttiauxella | R3
85.05,Buttiauxella,R3,5.45,Buttiauxella | R3
86.05,Buttiauxella,R3,5.44,Buttiauxella | R3
87.05,Buttiauxella,R3,5.42,Buttiauxella | R3
88.05,Buttiauxella,R3,5.39,Buttiauxella | R3
89.05,Buttiauxella,R3,5.38,Buttiauxella | R3
90.05,Buttiauxella,R3,5.35,Buttiauxella | R3
91.05,Buttiauxella,R3,5.34,Buttiauxella | R3
92.05,Buttiauxella,R3,5.31,Buttiauxella | R3
93.05,Buttiauxella,R3,5.3,Buttiauxella | R3
94.05,Buttiauxella,R3,5.28,Buttiauxella | R3
95.05,Buttiauxella,R3,5.25,Buttiauxella | R3
96.05,Buttiauxella,R3,5.23,Buttiauxella | R3
97.05,Buttiauxella,R3,5.21,Buttiauxella | R3
98.05,Buttiauxella,R3,5.18,Buttiauxella | R3
99.05,Buttiauxella,R3,5.16,Buttiauxella | R3
100.05,Buttiauxella,R3,5.14,Buttiauxella | R3
101.05,Buttiauxella,R3,5.1,Buttiauxella | R3
102.05,Buttiauxella,R3,5.07,Buttiauxella | R3
103.05,Buttiauxella,R3,5.06,Buttiauxella | R3
104.05,Buttiauxella,R3,5.03,Buttiauxella | R3
105.05,Buttiauxella,R3,5,Buttiauxella | R3
106.05,Buttiauxella,R3,4.97,Buttiauxella | R3
107.05,Buttiauxella,R3,4.94,Buttiauxella | R3
108.05,Buttiauxella,R3,4.9,Buttiauxella | R3
109.05,Buttiauxella,R3,4.89,Buttiauxella | R3
110.05,Buttiauxella,R3,4.86,Buttiauxella | R3
111.05,Buttiauxella,R3,4.82,Buttiauxella | R3
112.05,Buttiauxella,R3,4.78,Buttiauxella | R3
113.05,Buttiauxella,R3,4.75,Buttiauxella | R3
114.05,Buttiauxella,R3,4.71,Buttiauxella | R3
115.05,Buttiauxella,R3,4.68,Buttiauxella | R3
116.05,Buttiauxella,R3,4.66,Buttiauxella | R3
117.05,Buttiauxella,R3,4.62,Buttiauxella | R3
118.05,Buttiauxella,R3,4.59,Buttiauxella | R3
119.05,Buttiauxella,R3,4.54,Buttiauxella | R3
120.05,Buttiauxella,R3,4.52,Buttiauxella | R3
121.05,Buttiauxella,R3,4.48,Buttiauxella | R3
122.05,Buttiauxella,R3,4.42,Buttiauxella | R3
123.05,Buttiauxella,R3,4.38,Buttiauxella | R3
124.05,Buttiauxella,R3,4.35,Buttiauxella | R3
125.05,Buttiauxella,R3,4.31,Buttiauxella | R3
126.05,Buttiauxella,R3,4.26,Buttiauxella | R3
127.05,Buttiauxella,R3,4.22,Buttiauxella | R3
128.05,Buttiauxella,R3,4.17,Buttiauxella | R3
129.05,Buttiauxella,R3,4.11,Buttiauxella | R3
130.05,Buttiauxella,R3,4.08,Buttiauxella | R3
131.05,Buttiauxella,R3,4.03,Buttiauxella | R3
132.05,Buttiauxella,R3,3.99,Buttiauxella | R3
133.05,Buttiauxella,R3,3.94,Buttiauxella | R3
134.05,Buttiauxella,R3,3.88,Buttiauxella | R3
135.05,Buttiauxella,R3,3.83,Buttiauxella | R3
136.05,Buttiauxella,R3,3.76,Buttiauxella | R3
137.05,Buttiauxella,R3,3.73,Buttiauxella | R3
138.05,Buttiauxella,R3,3.67,Buttiauxella | R3
139.05,Buttiauxella,R3,3.61,Buttiauxella | R3
140.05,Buttiauxella,R3,3.54,Buttiauxella | R3
141.05,Buttiauxella,R3,3.48,Buttiauxella | R3
142.05,Buttiauxella,R3,3.42,Buttiauxella | R3
143.05,Buttiauxella,R3,3.37,Buttiauxella | R3
144.05,Buttiauxella,R3,3.3,Buttiauxella | R3
145.05,Buttiauxella,R3,3.23,Buttiauxella | R3
146.05,Buttiauxella,R3,3.18,Buttiauxella | R3
147.05,Buttiauxella,R3,3.1,Buttiauxella | R3
148.05,Buttiauxella,R3,3.03,Buttiauxella | R3
149.05,Buttiauxella,R3,2.96,Buttiauxella | R3
150.05,Buttiauxella,R3,2.89,Buttiauxella | R3
151.05,Buttiauxella,R3,2.81,Buttiauxella | R3
152.05,Buttiauxella,R3,2.75,Buttiauxella | R3
153.05,Buttiauxella,R3,2.67,Buttiauxella | R3
154.05,Buttiauxella,R3,2.58,Buttiauxella | R3
155.05,Buttiauxella,R3,2.49,Buttiauxella | R3
156.05,Buttiauxella,R3,2.42,Buttiauxella | R3
157.05,Buttiauxella,R3,2.34,Buttiauxella | R3
158.05,Buttiauxella,R3,2.26,Buttiauxella | R3
159.05,Buttiauxella,R3,2.16,Buttiauxella | R3
160.05,Buttiauxella,R3,2.08,Buttiauxella | R3
161.05,Buttiauxella,R3,1.99,Buttiauxella | R3
162.05,Buttiauxella,R3,1.89,Buttiauxella | R3
163.05,Buttiauxella,R3,1.81,Buttiauxella | R3
164.05,Buttiauxella,R3,1.7,Buttiauxella | R3
165.05,Buttiauxella,R3,1.61,Buttiauxella | R3
166.05,Buttiauxella,R3,1.49,Buttiauxella | R3
167.05,Buttiauxella,R3,1.38,Buttiauxella | R3
168.05,Buttiauxella,R3,1.29,Buttiauxella | R3
169.05,Buttiauxella,R3,1.18,Buttiauxella | R3
170.05,Buttiauxella,R3,1.07,Buttiauxella | R3
171.05,Buttiauxella,R3,0.96,Buttiauxella | R3
172.05,Buttiauxella,R3,0.82,Buttiauxella | R3
173.05,Buttiauxella,R3,0.72,Buttiauxella | R3
174.05,Buttiauxella,R3,0.58,Buttiauxella | R3
175.05,Buttiauxella,R3,0.48,Buttiauxella | R3
176.05,Buttiauxella,R3,0.34,Buttiauxella | R3
177.05,Buttiauxella,R3,0.21,Buttiauxella | R3
178.05,Buttiauxella,R3,0.12,Buttiauxella | R3
179.05,Buttiauxella,R3,0.08,Buttiauxella | R3
180.05,Buttiauxella,R3,0.07,Buttiauxella | R3
181.05,Buttiauxella,R3,0.05,Buttiauxella | R3
182.05,Buttiauxella,R3,0.05,Buttiauxella | R3
183.05,Buttiauxella,R3,0.05,Buttiauxella | R3
184.05,Buttiauxella,R3,0.05,Buttiauxella | R3
185.05,Buttiauxella,R3,0.05,Buttiauxella | R3
186.05,Buttiauxella,R3,0.05,Buttiauxella | R3
187.05,Buttiauxella,R3,0.05,Buttiauxella | R3
188.05,Buttiauxella,R3,0.05,Buttiauxella | R3
189.05,Buttiauxella,R3,0.05,Buttiauxella | R3
190.05,Buttiauxella,R3,0.05,Buttiauxella | R3
191.05,Buttiauxella,R3,0.05,Buttiauxella | R3
192.05,Buttiauxella,R3,0.04,Buttiauxella | R3
193.05,Buttiauxella,R3,0.05,Buttiauxella | R3
194.05,Buttiauxella,R3,0.05,Buttiauxella | R3
195.05,Buttiauxella,R3,0.05,Buttiauxella | R3
196.05,Buttiauxella,R3,0.05,Buttiauxella | R3
197.05,Buttiauxella,R3,0.05,Buttiauxella | R3
0.03,Buttiauxella,R4,4.71,Buttiauxella | R4
1.03,Buttiauxella,R4,4.67,Buttiauxella | R4
2.03,Buttiauxella,R4,4.71,Buttiauxella | R4
3.03,Buttiauxella,R4,4.75,Buttiauxella | R4
4.03,Buttiauxella,R4,4.81,Buttiauxella | R4
5.03,Buttiauxella,R4,4.86,Buttiauxella | R4
6.03,Buttiauxella,R4,4.91,Buttiauxella | R4
7.03,Buttiauxella,R4,4.96,Buttiauxella | R4
8.03,Buttiauxella,R4,5.01,Buttiauxella | R4
9.03,Buttiauxella,R4,5.06,Buttiauxella | R4
10.03,Buttiauxella,R4,5.1,Buttiauxella | R4
11.03,Buttiauxella,R4,5.17,Buttiauxella | R4
12.03,Buttiauxella,R4,5.21,Buttiauxella | R4
13.03,Buttiauxella,R4,5.26,Buttiauxella | R4
14.03,Buttiauxella,R4,5.28,Buttiauxella | R4
15.03,Buttiauxella,R4,5.35,Buttiauxella | R4
16.03,Buttiauxella,R4,5.37,Buttiauxella | R4
17.03,Buttiauxella,R4,5.41,Buttiauxella | R4
18.03,Buttiauxella,R4,5.45,Buttiauxella | R4
19.03,Buttiauxella,R4,5.48,Buttiauxella | R4
20.03,Buttiauxella,R4,5.5,Buttiauxella | R4
21.03,Buttiauxella,R4,5.54,Buttiauxella | R4
22.03,Buttiauxella,R4,5.57,Buttiauxella | R4
23.03,Buttiauxella,R4,5.58,Buttiauxella | R4
24.03,Buttiauxella,R4,5.62,Buttiauxella | R4
25.03,Buttiauxella,R4,5.64,Buttiauxella | R4
26.03,Buttiauxella,R4,5.67,Buttiauxella | R4
27.03,Buttiauxella,R4,5.7,Buttiauxella | R4
28.03,Buttiauxella,R4,5.71,Buttiauxella | R4
29.03,Buttiauxella,R4,5.73,Buttiauxella | R4
30.03,Buttiauxella,R4,5.75,Buttiauxella | R4
31.03,Buttiauxella,R4,5.77,Buttiauxella | R4
32.03,Buttiauxella,R4,5.78,Buttiauxella | R4
33.03,Buttiauxella,R4,5.82,Buttiauxella | R4
34.03,Buttiauxella,R4,5.81,Buttiauxella | R4
35.03,Buttiauxella,R4,5.85,Buttiauxella | R4
36.03,Buttiauxella,R4,5.85,Buttiauxella | R4
37.03,Buttiauxella,R4,5.86,Buttiauxella | R4
38.03,Buttiauxella,R4,5.87,Buttiauxella | R4
39.03,Buttiauxella,R4,5.87,Buttiauxella | R4
40.03,Buttiauxella,R4,5.88,Buttiauxella | R4
41.03,Buttiauxella,R4,5.89,Buttiauxella | R4
42.03,Buttiauxella,R4,5.9,Buttiauxella | R4
43.03,Buttiauxella,R4,5.91,Buttiauxella | R4
44.03,Buttiauxella,R4,5.92,Buttiauxella | R4
45.03,Buttiauxella,R4,5.93,Buttiauxella | R4
46.03,Buttiauxella,R4,5.94,Buttiauxella | R4
47.03,Buttiauxella,R4,5.94,Buttiauxella | R4
48.03,Buttiauxella,R4,5.95,Buttiauxella | R4
49.03,Buttiauxella,R4,5.95,Buttiauxella | R4
50.05,Buttiauxella,R4,5.95,Buttiauxella | R4
51.05,Buttiauxella,R4,5.95,Buttiauxella | R4
52.05,Buttiauxella,R4,5.95,Buttiauxella | R4
53.05,Buttiauxella,R4,5.95,Buttiauxella | R4
54.05,Buttiauxella,R4,5.94,Buttiauxella | R4
55.05,Buttiauxella,R4,5.96,Buttiauxella | R4
56.05,Buttiauxella,R4,5.95,Buttiauxella | R4
57.05,Buttiauxella,R4,5.94,Buttiauxella | R4
58.05,Buttiauxella,R4,5.94,Buttiauxella | R4
59.05,Buttiauxella,R4,5.92,Buttiauxella | R4
60.05,Buttiauxella,R4,5.9,Buttiauxella | R4
61.05,Buttiauxella,R4,5.91,Buttiauxella | R4
62.05,Buttiauxella,R4,5.88,Buttiauxella | R4
63.05,Buttiauxella,R4,5.87,Buttiauxella | R4
64.05,Buttiauxella,R4,5.85,Buttiauxella | R4
65.05,Buttiauxella,R4,5.84,Buttiauxella | R4
66.05,Buttiauxella,R4,5.85,Buttiauxella | R4
67.05,Buttiauxella,R4,5.82,Buttiauxella | R4
68.05,Buttiauxella,R4,5.81,Buttiauxella | R4
69.05,Buttiauxella,R4,5.81,Buttiauxella | R4
70.05,Buttiauxella,R4,5.79,Buttiauxella | R4
71.05,Buttiauxella,R4,5.76,Buttiauxella | R4
72.05,Buttiauxella,R4,5.77,Buttiauxella | R4
73.05,Buttiauxella,R4,5.75,Buttiauxella | R4
74.05,Buttiauxella,R4,5.73,Buttiauxella | R4
75.05,Buttiauxella,R4,5.72,Buttiauxella | R4
76.05,Buttiauxella,R4,5.71,Buttiauxella | R4
77.05,Buttiauxella,R4,5.69,Buttiauxella | R4
78.05,Buttiauxella,R4,5.68,Buttiauxella | R4
79.05,Buttiauxella,R4,5.67,Buttiauxella | R4
80.05,Buttiauxella,R4,5.63,Buttiauxella | R4
81.05,Buttiauxella,R4,5.62,Buttiauxella | R4
82.05,Buttiauxella,R4,5.62,Buttiauxella | R4
83.05,Buttiauxella,R4,5.6,Buttiauxella | R4
84.05,Buttiauxella,R4,5.56,Buttiauxella | R4
85.05,Buttiauxella,R4,5.57,Buttiauxella | R4
86.05,Buttiauxella,R4,5.54,Buttiauxella | R4
87.05,Buttiauxella,R4,5.53,Buttiauxella | R4
88.05,Buttiauxella,R4,5.49,Buttiauxella | R4
89.05,Buttiauxella,R4,5.49,Buttiauxella | R4
90.05,Buttiauxella,R4,5.45,Buttiauxella | R4
91.05,Buttiauxella,R4,5.46,Buttiauxella | R4
92.05,Buttiauxella,R4,5.42,Buttiauxella | R4
93.05,Buttiauxella,R4,5.41,Buttiauxella | R4
94.05,Buttiauxella,R4,5.37,Buttiauxella | R4
95.05,Buttiauxella,R4,5.36,Buttiauxella | R4
96.05,Buttiauxella,R4,5.36,Buttiauxella | R4
97.05,Buttiauxella,R4,5.31,Buttiauxella | R4
98.05,Buttiauxella,R4,5.3,Buttiauxella | R4
99.05,Buttiauxella,R4,5.31,Buttiauxella | R4
100.05,Buttiauxella,R4,5.26,Buttiauxella | R4
101.05,Buttiauxella,R4,5.23,Buttiauxella | R4
102.05,Buttiauxella,R4,5.21,Buttiauxella | R4
103.05,Buttiauxella,R4,5.18,Buttiauxella | R4
104.05,Buttiauxella,R4,5.16,Buttiauxella | R4
105.05,Buttiauxella,R4,5.13,Buttiauxella | R4
106.05,Buttiauxella,R4,5.11,Buttiauxella | R4
107.05,Buttiauxella,R4,5.08,Buttiauxella | R4
108.05,Buttiauxella,R4,5.07,Buttiauxella | R4
109.05,Buttiauxella,R4,5.04,Buttiauxella | R4
110.05,Buttiauxella,R4,4.99,Buttiauxella | R4
111.05,Buttiauxella,R4,4.97,Buttiauxella | R4
112.05,Buttiauxella,R4,4.93,Buttiauxella | R4
113.05,Buttiauxella,R4,4.93,Buttiauxella | R4
114.05,Buttiauxella,R4,4.88,Buttiauxella | R4
115.05,Buttiauxella,R4,4.85,Buttiauxella | R4
116.05,Buttiauxella,R4,4.83,Buttiauxella | R4
117.05,Buttiauxella,R4,4.79,Buttiauxella | R4
118.05,Buttiauxella,R4,4.77,Buttiauxella | R4
119.05,Buttiauxella,R4,4.74,Buttiauxella | R4
120.05,Buttiauxella,R4,4.69,Buttiauxella | R4
121.05,Buttiauxella,R4,4.67,Buttiauxella | R4
122.05,Buttiauxella,R4,4.63,Buttiauxella | R4
123.05,Buttiauxella,R4,4.6,Buttiauxella | R4
124.05,Buttiauxella,R4,4.55,Buttiauxella | R4
125.05,Buttiauxella,R4,4.52,Buttiauxella | R4
126.05,Buttiauxella,R4,4.49,Buttiauxella | R4
127.05,Buttiauxella,R4,4.44,Buttiauxella | R4
128.05,Buttiauxella,R4,4.39,Buttiauxella | R4
129.05,Buttiauxella,R4,4.37,Buttiauxella | R4
130.05,Buttiauxella,R4,4.34,Buttiauxella | R4
131.05,Buttiauxella,R4,4.28,Buttiauxella | R4
132.05,Buttiauxella,R4,4.25,Buttiauxella | R4
133.05,Buttiauxella,R4,4.19,Buttiauxella | R4
134.05,Buttiauxella,R4,4.16,Buttiauxella | R4
135.05,Buttiauxella,R4,4.13,Buttiauxella | R4
136.05,Buttiauxella,R4,4.07,Buttiauxella | R4
137.05,Buttiauxella,R4,4.01,Buttiauxella | R4
138.05,Buttiauxella,R4,3.98,Buttiauxella | R4
139.05,Buttiauxella,R4,3.93,Buttiauxella | R4
140.05,Buttiauxella,R4,3.9,Buttiauxella | R4
141.05,Buttiauxella,R4,3.82,Buttiauxella | R4
142.05,Buttiauxella,R4,3.78,Buttiauxella | R4
143.05,Buttiauxella,R4,3.73,Buttiauxella | R4
144.05,Buttiauxella,R4,3.69,Buttiauxella | R4
145.05,Buttiauxella,R4,3.64,Buttiauxella | R4
146.05,Buttiauxella,R4,3.57,Buttiauxella | R4
147.05,Buttiauxella,R4,3.53,Buttiauxella | R4
148.05,Buttiauxella,R4,3.46,Buttiauxella | R4
149.05,Buttiauxella,R4,3.41,Buttiauxella | R4
150.05,Buttiauxella,R4,3.36,Buttiauxella | R4
151.05,Buttiauxella,R4,3.31,Buttiauxella | R4
152.05,Buttiauxella,R4,3.22,Buttiauxella | R4
153.05,Buttiauxella,R4,3.18,Buttiauxella | R4
154.05,Buttiauxella,R4,3.1,Buttiauxella | R4
155.05,Buttiauxella,R4,3.04,Buttiauxella | R4
156.05,Buttiauxella,R4,2.98,Buttiauxella | R4
157.05,Buttiauxella,R4,2.9,Buttiauxella | R4
158.05,Buttiauxella,R4,2.85,Buttiauxella | R4
159.05,Buttiauxella,R4,2.77,Buttiauxella | R4
160.05,Buttiauxella,R4,2.71,Buttiauxella | R4
161.05,Buttiauxella,R4,2.63,Buttiauxella | R4
162.05,Buttiauxella,R4,2.58,Buttiauxella | R4
163.05,Buttiauxella,R4,2.48,Buttiauxella | R4
164.05,Buttiauxella,R4,2.41,Buttiauxella | R4
165.05,Buttiauxella,R4,2.33,Buttiauxella | R4
166.05,Buttiauxella,R4,2.26,Buttiauxella | R4
167.05,Buttiauxella,R4,2.17,Buttiauxella | R4
168.05,Buttiauxella,R4,2.08,Buttiauxella | R4
169.05,Buttiauxella,R4,2.03,Buttiauxella | R4
170.05,Buttiauxella,R4,1.93,Buttiauxella | R4
171.05,Buttiauxella,R4,1.85,Buttiauxella | R4
172.05,Buttiauxella,R4,1.77,Buttiauxella | R4
173.05,Buttiauxella,R4,1.65,Buttiauxella | R4
174.05,Buttiauxella,R4,1.57,Buttiauxella | R4
175.05,Buttiauxella,R4,1.48,Buttiauxella | R4
176.05,Buttiauxella,R4,1.38,Buttiauxella | R4
177.05,Buttiauxella,R4,1.28,Buttiauxella | R4
178.05,Buttiauxella,R4,1.19,Buttiauxella | R4
179.05,Buttiauxella,R4,1.09,Buttiauxella | R4
180.05,Buttiauxella,R4,0.98,Buttiauxella | R4
181.05,Buttiauxella,R4,0.89,Buttiauxella | R4
182.05,Buttiauxella,R4,0.78,Buttiauxella | R4
183.05,Buttiauxella,R4,0.67,Buttiauxella | R4
184.05,Buttiauxella,R4,0.57,Buttiauxella | R4
185.05,Buttiauxella,R4,0.46,Buttiauxella | R4
186.05,Buttiauxella,R4,0.33,Buttiauxella | R4
187.05,Buttiauxella,R4,0.22,Buttiauxella | R4
188.05,Buttiauxella,R4,0.12,Buttiauxella | R4
189.05,Buttiauxella,R4,0.08,Buttiauxella | R4
190.05,Buttiauxella,R4,0.08,Buttiauxella | R4
191.05,Buttiauxella,R4,0.08,Buttiauxella | R4
192.05,Buttiauxella,R4,0.07,Buttiauxella | R4
193.05,Buttiauxella,R4,0.08,Buttiauxella | R4
194.05,Buttiauxella,R4,0.08,Buttiauxella | R4
195.05,Buttiauxella,R4,0.07,Buttiauxella | R4
196.05,Buttiauxella,R4,0.08,Buttiauxella | R4
197.05,Buttiauxella,R4,0.08,Buttiauxella | R4
0.03,Buttiauxella,R5,4.49,Buttiauxella | R5
1.03,Buttiauxella,R5,4.44,Buttiauxella | R5
2.03,Buttiauxella,R5,4.45,Buttiauxella | R5
3.03,Buttiauxella,R5,4.47,Buttiauxella | R5
4.03,Buttiauxella,R5,4.51,Buttiauxella | R5
5.03,Buttiauxella,R5,4.56,Buttiauxella | R5
6.03,Buttiauxella,R5,4.62,Buttiauxella | R5
7.03,Buttiauxella,R5,4.67,Buttiauxella | R5
8.03,Buttiauxella,R5,4.72,Buttiauxella | R5
9.03,Buttiauxella,R5,4.76,Buttiauxella | R5
10.03,Buttiauxella,R5,4.8,Buttiauxella | R5
11.03,Buttiauxella,R5,4.85,Buttiauxella | R5
12.03,Buttiauxella,R5,4.9,Buttiauxella | R5
13.03,Buttiauxella,R5,4.94,Buttiauxella | R5
14.03,Buttiauxella,R5,4.98,Buttiauxella | R5
15.03,Buttiauxella,R5,5.02,Buttiauxella | R5
16.03,Buttiauxella,R5,5.06,Buttiauxella | R5
17.03,Buttiauxella,R5,5.09,Buttiauxella | R5
18.03,Buttiauxella,R5,5.13,Buttiauxella | R5
19.03,Buttiauxella,R5,5.17,Buttiauxella | R5
20.03,Buttiauxella,R5,5.19,Buttiauxella | R5
21.03,Buttiauxella,R5,5.22,Buttiauxella | R5
22.03,Buttiauxella,R5,5.27,Buttiauxella | R5
23.03,Buttiauxella,R5,5.28,Buttiauxella | R5
24.03,Buttiauxella,R5,5.32,Buttiauxella | R5
25.03,Buttiauxella,R5,5.35,Buttiauxella | R5
26.03,Buttiauxella,R5,5.37,Buttiauxella | R5
27.03,Buttiauxella,R5,5.39,Buttiauxella | R5
28.03,Buttiauxella,R5,5.41,Buttiauxella | R5
29.03,Buttiauxella,R5,5.43,Buttiauxella | R5
30.03,Buttiauxella,R5,5.44,Buttiauxella | R5
31.03,Buttiauxella,R5,5.48,Buttiauxella | R5
32.03,Buttiauxella,R5,5.49,Buttiauxella | R5
33.03,Buttiauxella,R5,5.51,Buttiauxella | R5
34.03,Buttiauxella,R5,5.53,Buttiauxella | R5
35.03,Buttiauxella,R5,5.55,Buttiauxella | R5
36.03,Buttiauxella,R5,5.54,Buttiauxella | R5
37.03,Buttiauxella,R5,5.57,Buttiauxella | R5
38.03,Buttiauxella,R5,5.58,Buttiauxella | R5
39.03,Buttiauxella,R5,5.6,Buttiauxella | R5
40.03,Buttiauxella,R5,5.6,Buttiauxella | R5
41.03,Buttiauxella,R5,5.61,Buttiauxella | R5
42.03,Buttiauxella,R5,5.61,Buttiauxella | R5
43.03,Buttiauxella,R5,5.63,Buttiauxella | R5
44.03,Buttiauxella,R5,5.64,Buttiauxella | R5
45.03,Buttiauxella,R5,5.64,Buttiauxella | R5
46.03,Buttiauxella,R5,5.66,Buttiauxella | R5
47.03,Buttiauxella,R5,5.66,Buttiauxella | R5
48.03,Buttiauxella,R5,5.66,Buttiauxella | R5
49.03,Buttiauxella,R5,5.67,Buttiauxella | R5
50.05,Buttiauxella,R5,5.68,Buttiauxella | R5
51.05,Buttiauxella,R5,5.68,Buttiauxella | R5
52.05,Buttiauxella,R5,5.68,Buttiauxella | R5
53.05,Buttiauxella,R5,5.68,Buttiauxella | R5
54.05,Buttiauxella,R5,5.68,Buttiauxella | R5
55.05,Buttiauxella,R5,5.69,Buttiauxella | R5
56.05,Buttiauxella,R5,5.7,Buttiauxella | R5
57.05,Buttiauxella,R5,5.69,Buttiauxella | R5
58.05,Buttiauxella,R5,5.68,Buttiauxella | R5
59.05,Buttiauxella,R5,5.67,Buttiauxella | R5
60.05,Buttiauxella,R5,5.66,Buttiauxella | R5
61.05,Buttiauxella,R5,5.66,Buttiauxella | R5
62.05,Buttiauxella,R5,5.65,Buttiauxella | R5
63.05,Buttiauxella,R5,5.63,Buttiauxella | R5
64.05,Buttiauxella,R5,5.61,Buttiauxella | R5
65.05,Buttiauxella,R5,5.61,Buttiauxella | R5
66.05,Buttiauxella,R5,5.6,Buttiauxella | R5
67.05,Buttiauxella,R5,5.59,Buttiauxella | R5
68.05,Buttiauxella,R5,5.58,Buttiauxella | R5
69.05,Buttiauxella,R5,5.57,Buttiauxella | R5
70.05,Buttiauxella,R5,5.55,Buttiauxella | R5
71.05,Buttiauxella,R5,5.55,Buttiauxella | R5
72.05,Buttiauxella,R5,5.54,Buttiauxella | R5
73.05,Buttiauxella,R5,5.54,Buttiauxella | R5
74.05,Buttiauxella,R5,5.5,Buttiauxella | R5
75.05,Buttiauxella,R5,5.5,Buttiauxella | R5
76.05,Buttiauxella,R5,5.49,Buttiauxella | R5
77.05,Buttiauxella,R5,5.48,Buttiauxella | R5
78.05,Buttiauxella,R5,5.45,Buttiauxella | R5
79.05,Buttiauxella,R5,5.44,Buttiauxella | R5
80.05,Buttiauxella,R5,5.43,Buttiauxella | R5
81.05,Buttiauxella,R5,5.41,Buttiauxella | R5
82.05,Buttiauxella,R5,5.39,Buttiauxella | R5
83.05,Buttiauxella,R5,5.4,Buttiauxella | R5
84.05,Buttiauxella,R5,5.37,Buttiauxella | R5
85.05,Buttiauxella,R5,5.37,Buttiauxella | R5
86.05,Buttiauxella,R5,5.33,Buttiauxella | R5
87.05,Buttiauxella,R5,5.33,Buttiauxella | R5
88.05,Buttiauxella,R5,5.3,Buttiauxella | R5
89.05,Buttiauxella,R5,5.29,Buttiauxella | R5
90.05,Buttiauxella,R5,5.27,Buttiauxella | R5
91.05,Buttiauxella,R5,5.27,Buttiauxella | R5
92.05,Buttiauxella,R5,5.23,Buttiauxella | R5
93.05,Buttiauxella,R5,5.23,Buttiauxella | R5
94.05,Buttiauxella,R5,5.2,Buttiauxella | R5
95.05,Buttiauxella,R5,5.19,Buttiauxella | R5
96.05,Buttiauxella,R5,5.15,Buttiauxella | R5
97.05,Buttiauxella,R5,5.12,Buttiauxella | R5
98.05,Buttiauxella,R5,5.12,Buttiauxella | R5
99.05,Buttiauxella,R5,5.09,Buttiauxella | R5
100.05,Buttiauxella,R5,5.07,Buttiauxella | R5
101.05,Buttiauxella,R5,5.06,Buttiauxella | R5
102.05,Buttiauxella,R5,5.03,Buttiauxella | R5
103.05,Buttiauxella,R5,5.01,Buttiauxella | R5
104.05,Buttiauxella,R5,4.96,Buttiauxella | R5
105.05,Buttiauxella,R5,4.94,Buttiauxella | R5
106.05,Buttiauxella,R5,4.92,Buttiauxella | R5
107.05,Buttiauxella,R5,4.9,Buttiauxella | R5
108.05,Buttiauxella,R5,4.9,Buttiauxella | R5
109.05,Buttiauxella,R5,4.85,Buttiauxella | R5
110.05,Buttiauxella,R5,4.82,Buttiauxella | R5
111.05,Buttiauxella,R5,4.8,Buttiauxella | R5
112.05,Buttiauxella,R5,4.77,Buttiauxella | R5
113.05,Buttiauxella,R5,4.74,Buttiauxella | R5
114.05,Buttiauxella,R5,4.72,Buttiauxella | R5
115.05,Buttiauxella,R5,4.67,Buttiauxella | R5
116.05,Buttiauxella,R5,4.63,Buttiauxella | R5
117.05,Buttiauxella,R5,4.61,Buttiauxella | R5
118.05,Buttiauxella,R5,4.59,Buttiauxella | R5
119.05,Buttiauxella,R5,4.55,Buttiauxella | R5
120.05,Buttiauxella,R5,4.52,Buttiauxella | R5
121.05,Buttiauxella,R5,4.47,Buttiauxella | R5
122.05,Buttiauxella,R5,4.46,Buttiauxella | R5
123.05,Buttiauxella,R5,4.42,Buttiauxella | R5
124.05,Buttiauxella,R5,4.37,Buttiauxella | R5
125.05,Buttiauxella,R5,4.34,Buttiauxella | R5
126.05,Buttiauxella,R5,4.3,Buttiauxella | R5
127.05,Buttiauxella,R5,4.26,Buttiauxella | R5
128.05,Buttiauxella,R5,4.23,Buttiauxella | R5
129.05,Buttiauxella,R5,4.18,Buttiauxella | R5
130.05,Buttiauxella,R5,4.14,Buttiauxella | R5
131.05,Buttiauxella,R5,4.1,Buttiauxella | R5
132.05,Buttiauxella,R5,4.06,Buttiauxella | R5
133.05,Buttiauxella,R5,4.01,Buttiauxella | R5
134.05,Buttiauxella,R5,3.96,Buttiauxella | R5
135.05,Buttiauxella,R5,3.91,Buttiauxella | R5
136.05,Buttiauxella,R5,3.85,Buttiauxella | R5
137.05,Buttiauxella,R5,3.83,Buttiauxella | R5
138.05,Buttiauxella,R5,3.76,Buttiauxella | R5
139.05,Buttiauxella,R5,3.7,Buttiauxella | R5
140.05,Buttiauxella,R5,3.66,Buttiauxella | R5
141.05,Buttiauxella,R5,3.62,Buttiauxella | R5
142.05,Buttiauxella,R5,3.54,Buttiauxella | R5
143.05,Buttiauxella,R5,3.5,Buttiauxella | R5
144.05,Buttiauxella,R5,3.45,Buttiauxella | R5
145.05,Buttiauxella,R5,3.4,Buttiauxella | R5
146.05,Buttiauxella,R5,3.34,Buttiauxella | R5
147.05,Buttiauxella,R5,3.26,Buttiauxella | R5
148.05,Buttiauxella,R5,3.2,Buttiauxella | R5
149.05,Buttiauxella,R5,3.14,Buttiauxella | R5
150.05,Buttiauxella,R5,3.07,Buttiauxella | R5
151.05,Buttiauxella,R5,3.01,Buttiauxella | R5
152.05,Buttiauxella,R5,2.94,Buttiauxella | R5
153.05,Buttiauxella,R5,2.88,Buttiauxella | R5
154.05,Buttiauxella,R5,2.8,Buttiauxella | R5
155.05,Buttiauxella,R5,2.74,Buttiauxella | R5
156.05,Buttiauxella,R5,2.66,Buttiauxella | R5
157.05,Buttiauxella,R5,2.59,Buttiauxella | R5
158.05,Buttiauxella,R5,2.51,Buttiauxella | R5
159.05,Buttiauxella,R5,2.43,Buttiauxella | R5
160.05,Buttiauxella,R5,2.35,Buttiauxella | R5
161.05,Buttiauxella,R5,2.26,Buttiauxella | R5
162.05,Buttiauxella,R5,2.18,Buttiauxella | R5
163.05,Buttiauxella,R5,2.11,Buttiauxella | R5
164.05,Buttiauxella,R5,2.01,Buttiauxella | R5
165.05,Buttiauxella,R5,1.92,Buttiauxella | R5
166.05,Buttiauxella,R5,1.84,Buttiauxella | R5
167.05,Buttiauxella,R5,1.74,Buttiauxella | R5
168.05,Buttiauxella,R5,1.64,Buttiauxella | R5
169.05,Buttiauxella,R5,1.55,Buttiauxella | R5
170.05,Buttiauxella,R5,1.45,Buttiauxella | R5
171.05,Buttiauxella,R5,1.35,Buttiauxella | R5
172.05,Buttiauxella,R5,1.24,Buttiauxella | R5
173.05,Buttiauxella,R5,1.13,Buttiauxella | R5
174.05,Buttiauxella,R5,1.04,Buttiauxella | R5
175.05,Buttiauxella,R5,0.91,Buttiauxella | R5
176.05,Buttiauxella,R5,0.79,Buttiauxella | R5
177.05,Buttiauxella,R5,0.69,Buttiauxella | R5
178.05,Buttiauxella,R5,0.58,Buttiauxella | R5
179.05,Buttiauxella,R5,0.45,Buttiauxella | R5
180.05,Buttiauxella,R5,0.33,Buttiauxella | R5
181.05,Buttiauxella,R5,0.2,Buttiauxella | R5
182.05,Buttiauxella,R5,0.05,Buttiauxella | R5
183.05,Buttiauxella,R5,0,Buttiauxella | R5
184.05,Buttiauxella,R5,0,Buttiauxella | R5
185.05,Buttiauxella,R5,0,Buttiauxella | R5
186.05,Buttiauxella,R5,0,Buttiauxella | R5
187.05,Buttiauxella,R5,0,Buttiauxella | R5
188.05,Buttiauxella,R5,0,Buttiauxella | R5
189.05,Buttiauxella,R5,0,Buttiauxella | R5
190.05,Buttiauxella,R5,0,Buttiauxella | R5
191.05,Buttiauxella,R5,0,Buttiauxella | R5
192.05,Buttiauxella,R5,0,Buttiauxella | R5
193.05,Buttiauxella,R5,0,Buttiauxella | R5
194.05,Buttiauxella,R5,0,Buttiauxella | R5
195.05,Buttiauxella,R5,0,Buttiauxella | R5
196.05,Buttiauxella,R5,0,Buttiauxella | R5
197.05,Buttiauxella,R5,0,Buttiauxella | R5
0.03,Chromobacterium,R1,4.76,Chromobacterium | R1
1.05,Chromobacterium,R1,4.73,Chromobacterium | R1
2.05,Chromobacterium,R1,4.77,Chromobacterium | R1
3.05,Chromobacterium,R1,4.83,Chromobacterium | R1
4.05,Chromobacterium,R1,4.91,Chromobacterium | R1
5.05,Chromobacterium,R1,4.97,Chromobacterium | R1
6.05,Chromobacterium,R1,5.02,Chromobacterium | R1
7.05,Chromobacterium,R1,5.09,Chromobacterium | R1
8.05,Chromobacterium,R1,5.16,Chromobacterium | R1
9.05,Chromobacterium,R1,5.2,Chromobacterium | R1
10.05,Chromobacterium,R1,5.26,Chromobacterium | R1
11.05,Chromobacterium,R1,5.31,Chromobacterium | R1
12.05,Chromobacterium,R1,5.35,Chromobacterium | R1
13.05,Chromobacterium,R1,5.38,Chromobacterium | R1
14.05,Chromobacterium,R1,5.42,Chromobacterium | R1
15.05,Chromobacterium,R1,5.46,Chromobacterium | R1
16.05,Chromobacterium,R1,5.49,Chromobacterium | R1
17.05,Chromobacterium,R1,5.51,Chromobacterium | R1
18.05,Chromobacterium,R1,5.54,Chromobacterium | R1
19.05,Chromobacterium,R1,5.58,Chromobacterium | R1
20.05,Chromobacterium,R1,5.6,Chromobacterium | R1
21.05,Chromobacterium,R1,5.61,Chromobacterium | R1
22.05,Chromobacterium,R1,5.64,Chromobacterium | R1
23.05,Chromobacterium,R1,5.66,Chromobacterium | R1
24.05,Chromobacterium,R1,5.68,Chromobacterium | R1
25.05,Chromobacterium,R1,5.7,Chromobacterium | R1
26.05,Chromobacterium,R1,5.73,Chromobacterium | R1
27.05,Chromobacterium,R1,5.74,Chromobacterium | R1
28.05,Chromobacterium,R1,5.76,Chromobacterium | R1
29.05,Chromobacterium,R1,5.76,Chromobacterium | R1
30.05,Chromobacterium,R1,5.78,Chromobacterium | R1
31.05,Chromobacterium,R1,5.8,Chromobacterium | R1
32.05,Chromobacterium,R1,5.81,Chromobacterium | R1
33.05,Chromobacterium,R1,5.83,Chromobacterium | R1
34.05,Chromobacterium,R1,5.83,Chromobacterium | R1
35.05,Chromobacterium,R1,5.85,Chromobacterium | R1
36.05,Chromobacterium,R1,5.87,Chromobacterium | R1
37.05,Chromobacterium,R1,5.87,Chromobacterium | R1
38.05,Chromobacterium,R1,5.87,Chromobacterium | R1
39.05,Chromobacterium,R1,5.87,Chromobacterium | R1
40.05,Chromobacterium,R1,5.87,Chromobacterium | R1
41.05,Chromobacterium,R1,5.89,Chromobacterium | R1
42.07,Chromobacterium,R1,5.89,Chromobacterium | R1
43.07,Chromobacterium,R1,5.9,Chromobacterium | R1
44.07,Chromobacterium,R1,5.9,Chromobacterium | R1
45.07,Chromobacterium,R1,5.89,Chromobacterium | R1
46.07,Chromobacterium,R1,5.9,Chromobacterium | R1
47.07,Chromobacterium,R1,5.91,Chromobacterium | R1
48.07,Chromobacterium,R1,5.9,Chromobacterium | R1
49.07,Chromobacterium,R1,5.9,Chromobacterium | R1
50.07,Chromobacterium,R1,5.91,Chromobacterium | R1
51.07,Chromobacterium,R1,5.91,Chromobacterium | R1
52.07,Chromobacterium,R1,5.9,Chromobacterium | R1
53.07,Chromobacterium,R1,5.92,Chromobacterium | R1
54.07,Chromobacterium,R1,5.91,Chromobacterium | R1
55.07,Chromobacterium,R1,5.9,Chromobacterium | R1
56.07,Chromobacterium,R1,5.91,Chromobacterium | R1
57.07,Chromobacterium,R1,5.89,Chromobacterium | R1
58.07,Chromobacterium,R1,5.88,Chromobacterium | R1
59.07,Chromobacterium,R1,5.87,Chromobacterium | R1
60.07,Chromobacterium,R1,5.85,Chromobacterium | R1
61.07,Chromobacterium,R1,5.85,Chromobacterium | R1
62.07,Chromobacterium,R1,5.83,Chromobacterium | R1
63.07,Chromobacterium,R1,5.82,Chromobacterium | R1
64.07,Chromobacterium,R1,5.82,Chromobacterium | R1
65.07,Chromobacterium,R1,5.8,Chromobacterium | R1
66.07,Chromobacterium,R1,5.78,Chromobacterium | R1
67.07,Chromobacterium,R1,5.77,Chromobacterium | R1
68.07,Chromobacterium,R1,5.76,Chromobacterium | R1
69.07,Chromobacterium,R1,5.76,Chromobacterium | R1
70.07,Chromobacterium,R1,5.75,Chromobacterium | R1
71.07,Chromobacterium,R1,5.73,Chromobacterium | R1
72.07,Chromobacterium,R1,5.71,Chromobacterium | R1
73.07,Chromobacterium,R1,5.7,Chromobacterium | R1
74.07,Chromobacterium,R1,5.68,Chromobacterium | R1
75.07,Chromobacterium,R1,5.67,Chromobacterium | R1
76.07,Chromobacterium,R1,5.65,Chromobacterium | R1
77.07,Chromobacterium,R1,5.65,Chromobacterium | R1
78.07,Chromobacterium,R1,5.63,Chromobacterium | R1
79.07,Chromobacterium,R1,5.61,Chromobacterium | R1
80.07,Chromobacterium,R1,5.6,Chromobacterium | R1
81.07,Chromobacterium,R1,5.59,Chromobacterium | R1
82.07,Chromobacterium,R1,5.56,Chromobacterium | R1
83.07,Chromobacterium,R1,5.55,Chromobacterium | R1
84.07,Chromobacterium,R1,5.52,Chromobacterium | R1
85.07,Chromobacterium,R1,5.5,Chromobacterium | R1
86.07,Chromobacterium,R1,5.49,Chromobacterium | R1
87.07,Chromobacterium,R1,5.46,Chromobacterium | R1
88.07,Chromobacterium,R1,5.44,Chromobacterium | R1
89.07,Chromobacterium,R1,5.44,Chromobacterium | R1
90.07,Chromobacterium,R1,5.41,Chromobacterium | R1
91.07,Chromobacterium,R1,5.38,Chromobacterium | R1
92.07,Chromobacterium,R1,5.34,Chromobacterium | R1
93.07,Chromobacterium,R1,5.35,Chromobacterium | R1
94.07,Chromobacterium,R1,5.32,Chromobacterium | R1
95.07,Chromobacterium,R1,5.3,Chromobacterium | R1
96.07,Chromobacterium,R1,5.27,Chromobacterium | R1
97.07,Chromobacterium,R1,5.24,Chromobacterium | R1
98.07,Chromobacterium,R1,5.23,Chromobacterium | R1
99.07,Chromobacterium,R1,5.19,Chromobacterium | R1
100.07,Chromobacterium,R1,5.17,Chromobacterium | R1
101.07,Chromobacterium,R1,5.13,Chromobacterium | R1
102.07,Chromobacterium,R1,5.11,Chromobacterium | R1
103.07,Chromobacterium,R1,5.08,Chromobacterium | R1
104.07,Chromobacterium,R1,5.04,Chromobacterium | R1
105.07,Chromobacterium,R1,5,Chromobacterium | R1
106.07,Chromobacterium,R1,4.99,Chromobacterium | R1
107.07,Chromobacterium,R1,4.95,Chromobacterium | R1
108.07,Chromobacterium,R1,4.92,Chromobacterium | R1
109.07,Chromobacterium,R1,4.88,Chromobacterium | R1
110.07,Chromobacterium,R1,4.85,Chromobacterium | R1
111.07,Chromobacterium,R1,4.8,Chromobacterium | R1
112.07,Chromobacterium,R1,4.79,Chromobacterium | R1
113.07,Chromobacterium,R1,4.74,Chromobacterium | R1
114.07,Chromobacterium,R1,4.69,Chromobacterium | R1
115.07,Chromobacterium,R1,4.66,Chromobacterium | R1
116.07,Chromobacterium,R1,4.61,Chromobacterium | R1
117.07,Chromobacterium,R1,4.58,Chromobacterium | R1
118.07,Chromobacterium,R1,4.53,Chromobacterium | R1
119.07,Chromobacterium,R1,4.49,Chromobacterium | R1
120.07,Chromobacterium,R1,4.44,Chromobacterium | R1
121.07,Chromobacterium,R1,4.4,Chromobacterium | R1
122.07,Chromobacterium,R1,4.35,Chromobacterium | R1
123.07,Chromobacterium,R1,4.3,Chromobacterium | R1
124.08,Chromobacterium,R1,4.26,Chromobacterium | R1
125.08,Chromobacterium,R1,4.21,Chromobacterium | R1
126.08,Chromobacterium,R1,4.15,Chromobacterium | R1
127.08,Chromobacterium,R1,4.1,Chromobacterium | R1
128.08,Chromobacterium,R1,4.04,Chromobacterium | R1
129.08,Chromobacterium,R1,3.97,Chromobacterium | R1
130.08,Chromobacterium,R1,3.93,Chromobacterium | R1
131.08,Chromobacterium,R1,3.86,Chromobacterium | R1
132.08,Chromobacterium,R1,3.81,Chromobacterium | R1
133.08,Chromobacterium,R1,3.74,Chromobacterium | R1
134.08,Chromobacterium,R1,3.68,Chromobacterium | R1
135.08,Chromobacterium,R1,3.62,Chromobacterium | R1
136.08,Chromobacterium,R1,3.55,Chromobacterium | R1
137.08,Chromobacterium,R1,3.47,Chromobacterium | R1
138.08,Chromobacterium,R1,3.4,Chromobacterium | R1
139.08,Chromobacterium,R1,3.33,Chromobacterium | R1
140.08,Chromobacterium,R1,3.26,Chromobacterium | R1
141.08,Chromobacterium,R1,3.18,Chromobacterium | R1
142.08,Chromobacterium,R1,3.1,Chromobacterium | R1
143.08,Chromobacterium,R1,3.03,Chromobacterium | R1
144.08,Chromobacterium,R1,2.95,Chromobacterium | R1
145.08,Chromobacterium,R1,2.86,Chromobacterium | R1
146.08,Chromobacterium,R1,2.77,Chromobacterium | R1
147.08,Chromobacterium,R1,2.68,Chromobacterium | R1
148.08,Chromobacterium,R1,2.59,Chromobacterium | R1
149.08,Chromobacterium,R1,2.5,Chromobacterium | R1
150.08,Chromobacterium,R1,2.4,Chromobacterium | R1
151.08,Chromobacterium,R1,2.29,Chromobacterium | R1
152.08,Chromobacterium,R1,2.2,Chromobacterium | R1
153.08,Chromobacterium,R1,2.09,Chromobacterium | R1
154.08,Chromobacterium,R1,1.99,Chromobacterium | R1
155.08,Chromobacterium,R1,1.86,Chromobacterium | R1
156.08,Chromobacterium,R1,1.76,Chromobacterium | R1
157.08,Chromobacterium,R1,1.63,Chromobacterium | R1
158.08,Chromobacterium,R1,1.53,Chromobacterium | R1
159.08,Chromobacterium,R1,1.41,Chromobacterium | R1
160.08,Chromobacterium,R1,1.29,Chromobacterium | R1
161.08,Chromobacterium,R1,1.15,Chromobacterium | R1
162.08,Chromobacterium,R1,1.02,Chromobacterium | R1
163.08,Chromobacterium,R1,0.9,Chromobacterium | R1
164.08,Chromobacterium,R1,0.76,Chromobacterium | R1
165.08,Chromobacterium,R1,0.61,Chromobacterium | R1
166.08,Chromobacterium,R1,0.46,Chromobacterium | R1
167.08,Chromobacterium,R1,0.32,Chromobacterium | R1
168.08,Chromobacterium,R1,0.17,Chromobacterium | R1
169.08,Chromobacterium,R1,0.03,Chromobacterium | R1
170.08,Chromobacterium,R1,0,Chromobacterium | R1
171.08,Chromobacterium,R1,0,Chromobacterium | R1
172.08,Chromobacterium,R1,0,Chromobacterium | R1
173.08,Chromobacterium,R1,0,Chromobacterium | R1
174.08,Chromobacterium,R1,0,Chromobacterium | R1
175.08,Chromobacterium,R1,0,Chromobacterium | R1
176.08,Chromobacterium,R1,0,Chromobacterium | R1
177.08,Chromobacterium,R1,0,Chromobacterium | R1
178.08,Chromobacterium,R1,0,Chromobacterium | R1
179.1,Chromobacterium,R1,0,Chromobacterium | R1
180.1,Chromobacterium,R1,0,Chromobacterium | R1
181.1,Chromobacterium,R1,0,Chromobacterium | R1
182.1,Chromobacterium,R1,0,Chromobacterium | R1
183.1,Chromobacterium,R1,0,Chromobacterium | R1
184.1,Chromobacterium,R1,0,Chromobacterium | R1
185.1,Chromobacterium,R1,0,Chromobacterium | R1
186.1,Chromobacterium,R1,0,Chromobacterium | R1
187.1,Chromobacterium,R1,0,Chromobacterium | R1
188.1,Chromobacterium,R1,0,Chromobacterium | R1
189.1,Chromobacterium,R1,0,Chromobacterium | R1
190.1,Chromobacterium,R1,0,Chromobacterium | R1
191.1,Chromobacterium,R1,0,Chromobacterium | R1
192.1,Chromobacterium,R1,0,Chromobacterium | R1
193.1,Chromobacterium,R1,0,Chromobacterium | R1
194.1,Chromobacterium,R1,0,Chromobacterium | R1
195.1,Chromobacterium,R1,0,Chromobacterium | R1
196.1,Chromobacterium,R1,0,Chromobacterium | R1
197.1,Chromobacterium,R1,0,Chromobacterium | R1
198.1,Chromobacterium,R1,0,Chromobacterium | R1
199.1,Chromobacterium,R1,0,Chromobacterium | R1
200.1,Chromobacterium,R1,0,Chromobacterium | R1
201.1,Chromobacterium,R1,0,Chromobacterium | R1
202.1,Chromobacterium,R1,0,Chromobacterium | R1
203.1,Chromobacterium,R1,0,Chromobacterium | R1
204.1,Chromobacterium,R1,0,Chromobacterium | R1
205.1,Chromobacterium,R1,0,Chromobacterium | R1
206.1,Chromobacterium,R1,0,Chromobacterium | R1
207.1,Chromobacterium,R1,0,Chromobacterium | R1
208.1,Chromobacterium,R1,0,Chromobacterium | R1
209.1,Chromobacterium,R1,0,Chromobacterium | R1
210.1,Chromobacterium,R1,0,Chromobacterium | R1
211.1,Chromobacterium,R1,0,Chromobacterium | R1
212.1,Chromobacterium,R1,0,Chromobacterium | R1
0.03,Chromobacterium,R2,5.29,Chromobacterium | R2
1.05,Chromobacterium,R2,5.22,Chromobacterium | R2
2.05,Chromobacterium,R2,5.23,Chromobacterium | R2
3.05,Chromobacterium,R2,5.26,Chromobacterium | R2
4.05,Chromobacterium,R2,5.27,Chromobacterium | R2
5.05,Chromobacterium,R2,5.32,Chromobacterium | R2
6.05,Chromobacterium,R2,5.36,Chromobacterium | R2
7.05,Chromobacterium,R2,5.39,Chromobacterium | R2
8.05,Chromobacterium,R2,5.43,Chromobacterium | R2
9.05,Chromobacterium,R2,5.46,Chromobacterium | R2
10.05,Chromobacterium,R2,5.49,Chromobacterium | R2
11.05,Chromobacterium,R2,5.54,Chromobacterium | R2
12.05,Chromobacterium,R2,5.58,Chromobacterium | R2
13.05,Chromobacterium,R2,5.6,Chromobacterium | R2
14.05,Chromobacterium,R2,5.62,Chromobacterium | R2
15.05,Chromobacterium,R2,5.68,Chromobacterium | R2
16.05,Chromobacterium,R2,5.71,Chromobacterium | R2
17.05,Chromobacterium,R2,5.73,Chromobacterium | R2
18.05,Chromobacterium,R2,5.75,Chromobacterium | R2
19.05,Chromobacterium,R2,5.79,Chromobacterium | R2
20.05,Chromobacterium,R2,5.81,Chromobacterium | R2
21.05,Chromobacterium,R2,5.84,Chromobacterium | R2
22.05,Chromobacterium,R2,5.86,Chromobacterium | R2
23.05,Chromobacterium,R2,5.89,Chromobacterium | R2
24.05,Chromobacterium,R2,5.9,Chromobacterium | R2
25.05,Chromobacterium,R2,5.93,Chromobacterium | R2
26.05,Chromobacterium,R2,5.96,Chromobacterium | R2
27.05,Chromobacterium,R2,5.98,Chromobacterium | R2
28.05,Chromobacterium,R2,6,Chromobacterium | R2
29.05,Chromobacterium,R2,6.01,Chromobacterium | R2
30.05,Chromobacterium,R2,6.03,Chromobacterium | R2
31.05,Chromobacterium,R2,6.05,Chromobacterium | R2
32.05,Chromobacterium,R2,6.05,Chromobacterium | R2
33.05,Chromobacterium,R2,6.07,Chromobacterium | R2
34.05,Chromobacterium,R2,6.1,Chromobacterium | R2
35.05,Chromobacterium,R2,6.1,Chromobacterium | R2
36.05,Chromobacterium,R2,6.13,Chromobacterium | R2
37.05,Chromobacterium,R2,6.14,Chromobacterium | R2
38.05,Chromobacterium,R2,6.16,Chromobacterium | R2
39.05,Chromobacterium,R2,6.16,Chromobacterium | R2
40.05,Chromobacterium,R2,6.16,Chromobacterium | R2
41.05,Chromobacterium,R2,6.18,Chromobacterium | R2
42.07,Chromobacterium,R2,6.19,Chromobacterium | R2
43.07,Chromobacterium,R2,6.2,Chromobacterium | R2
44.07,Chromobacterium,R2,6.2,Chromobacterium | R2
45.07,Chromobacterium,R2,6.2,Chromobacterium | R2
46.07,Chromobacterium,R2,6.2,Chromobacterium | R2
47.07,Chromobacterium,R2,6.22,Chromobacterium | R2
48.07,Chromobacterium,R2,6.22,Chromobacterium | R2
49.07,Chromobacterium,R2,6.22,Chromobacterium | R2
50.07,Chromobacterium,R2,6.22,Chromobacterium | R2
51.07,Chromobacterium,R2,6.23,Chromobacterium | R2
52.07,Chromobacterium,R2,6.23,Chromobacterium | R2
53.07,Chromobacterium,R2,6.24,Chromobacterium | R2
54.07,Chromobacterium,R2,6.23,Chromobacterium | R2
55.07,Chromobacterium,R2,6.22,Chromobacterium | R2
56.07,Chromobacterium,R2,6.23,Chromobacterium | R2
57.07,Chromobacterium,R2,6.25,Chromobacterium | R2
58.07,Chromobacterium,R2,6.25,Chromobacterium | R2
59.07,Chromobacterium,R2,6.25,Chromobacterium | R2
60.07,Chromobacterium,R2,6.23,Chromobacterium | R2
61.07,Chromobacterium,R2,6.22,Chromobacterium | R2
62.07,Chromobacterium,R2,6.21,Chromobacterium | R2
63.07,Chromobacterium,R2,6.2,Chromobacterium | R2
64.07,Chromobacterium,R2,6.19,Chromobacterium | R2
65.07,Chromobacterium,R2,6.17,Chromobacterium | R2
66.07,Chromobacterium,R2,6.18,Chromobacterium | R2
67.07,Chromobacterium,R2,6.16,Chromobacterium | R2
68.07,Chromobacterium,R2,6.16,Chromobacterium | R2
69.07,Chromobacterium,R2,6.14,Chromobacterium | R2
70.07,Chromobacterium,R2,6.14,Chromobacterium | R2
71.07,Chromobacterium,R2,6.12,Chromobacterium | R2
72.07,Chromobacterium,R2,6.13,Chromobacterium | R2
73.07,Chromobacterium,R2,6.11,Chromobacterium | R2
74.07,Chromobacterium,R2,6.09,Chromobacterium | R2
75.07,Chromobacterium,R2,6.09,Chromobacterium | R2
76.07,Chromobacterium,R2,6.07,Chromobacterium | R2
77.07,Chromobacterium,R2,6.05,Chromobacterium | R2
78.07,Chromobacterium,R2,6.05,Chromobacterium | R2
79.07,Chromobacterium,R2,6.04,Chromobacterium | R2
80.07,Chromobacterium,R2,6.01,Chromobacterium | R2
81.07,Chromobacterium,R2,6.02,Chromobacterium | R2
82.07,Chromobacterium,R2,6.01,Chromobacterium | R2
83.07,Chromobacterium,R2,5.99,Chromobacterium | R2
84.07,Chromobacterium,R2,5.97,Chromobacterium | R2
85.07,Chromobacterium,R2,5.96,Chromobacterium | R2
86.07,Chromobacterium,R2,5.94,Chromobacterium | R2
87.07,Chromobacterium,R2,5.92,Chromobacterium | R2
88.07,Chromobacterium,R2,5.91,Chromobacterium | R2
89.07,Chromobacterium,R2,5.91,Chromobacterium | R2
90.07,Chromobacterium,R2,5.88,Chromobacterium | R2
91.07,Chromobacterium,R2,5.86,Chromobacterium | R2
92.07,Chromobacterium,R2,5.84,Chromobacterium | R2
93.07,Chromobacterium,R2,5.84,Chromobacterium | R2
94.07,Chromobacterium,R2,5.81,Chromobacterium | R2
95.07,Chromobacterium,R2,5.79,Chromobacterium | R2
96.07,Chromobacterium,R2,5.75,Chromobacterium | R2
97.07,Chromobacterium,R2,5.75,Chromobacterium | R2
98.07,Chromobacterium,R2,5.73,Chromobacterium | R2
99.07,Chromobacterium,R2,5.71,Chromobacterium | R2
100.07,Chromobacterium,R2,5.69,Chromobacterium | R2
101.07,Chromobacterium,R2,5.66,Chromobacterium | R2
102.07,Chromobacterium,R2,5.64,Chromobacterium | R2
103.07,Chromobacterium,R2,5.61,Chromobacterium | R2
104.07,Chromobacterium,R2,5.59,Chromobacterium | R2
105.07,Chromobacterium,R2,5.55,Chromobacterium | R2
106.07,Chromobacterium,R2,5.54,Chromobacterium | R2
107.07,Chromobacterium,R2,5.51,Chromobacterium | R2
108.07,Chromobacterium,R2,5.49,Chromobacterium | R2
109.07,Chromobacterium,R2,5.45,Chromobacterium | R2
110.07,Chromobacterium,R2,5.44,Chromobacterium | R2
111.07,Chromobacterium,R2,5.38,Chromobacterium | R2
112.07,Chromobacterium,R2,5.37,Chromobacterium | R2
113.07,Chromobacterium,R2,5.33,Chromobacterium | R2
114.07,Chromobacterium,R2,5.31,Chromobacterium | R2
115.07,Chromobacterium,R2,5.29,Chromobacterium | R2
116.07,Chromobacterium,R2,5.24,Chromobacterium | R2
117.07,Chromobacterium,R2,5.21,Chromobacterium | R2
118.07,Chromobacterium,R2,5.17,Chromobacterium | R2
119.07,Chromobacterium,R2,5.14,Chromobacterium | R2
120.07,Chromobacterium,R2,5.1,Chromobacterium | R2
121.07,Chromobacterium,R2,5.04,Chromobacterium | R2
122.07,Chromobacterium,R2,5.01,Chromobacterium | R2
123.07,Chromobacterium,R2,4.98,Chromobacterium | R2
124.08,Chromobacterium,R2,4.93,Chromobacterium | R2
125.08,Chromobacterium,R2,4.88,Chromobacterium | R2
126.08,Chromobacterium,R2,4.85,Chromobacterium | R2
127.08,Chromobacterium,R2,4.81,Chromobacterium | R2
128.08,Chromobacterium,R2,4.76,Chromobacterium | R2
129.08,Chromobacterium,R2,4.71,Chromobacterium | R2
130.08,Chromobacterium,R2,4.66,Chromobacterium | R2
131.08,Chromobacterium,R2,4.62,Chromobacterium | R2
132.08,Chromobacterium,R2,4.57,Chromobacterium | R2
133.08,Chromobacterium,R2,4.5,Chromobacterium | R2
134.08,Chromobacterium,R2,4.46,Chromobacterium | R2
135.08,Chromobacterium,R2,4.4,Chromobacterium | R2
136.08,Chromobacterium,R2,4.35,Chromobacterium | R2
137.08,Chromobacterium,R2,4.29,Chromobacterium | R2
138.08,Chromobacterium,R2,4.24,Chromobacterium | R2
139.08,Chromobacterium,R2,4.18,Chromobacterium | R2
140.08,Chromobacterium,R2,4.12,Chromobacterium | R2
141.08,Chromobacterium,R2,4.05,Chromobacterium | R2
142.08,Chromobacterium,R2,3.99,Chromobacterium | R2
143.08,Chromobacterium,R2,3.92,Chromobacterium | R2
144.08,Chromobacterium,R2,3.85,Chromobacterium | R2
145.08,Chromobacterium,R2,3.78,Chromobacterium | R2
146.08,Chromobacterium,R2,3.7,Chromobacterium | R2
147.08,Chromobacterium,R2,3.62,Chromobacterium | R2
148.08,Chromobacterium,R2,3.54,Chromobacterium | R2
149.08,Chromobacterium,R2,3.46,Chromobacterium | R2
150.08,Chromobacterium,R2,3.38,Chromobacterium | R2
151.08,Chromobacterium,R2,3.3,Chromobacterium | R2
152.08,Chromobacterium,R2,3.22,Chromobacterium | R2
153.08,Chromobacterium,R2,3.13,Chromobacterium | R2
154.08,Chromobacterium,R2,3.04,Chromobacterium | R2
155.08,Chromobacterium,R2,2.95,Chromobacterium | R2
156.08,Chromobacterium,R2,2.85,Chromobacterium | R2
157.08,Chromobacterium,R2,2.74,Chromobacterium | R2
158.08,Chromobacterium,R2,2.66,Chromobacterium | R2
159.08,Chromobacterium,R2,2.54,Chromobacterium | R2
160.08,Chromobacterium,R2,2.45,Chromobacterium | R2
161.08,Chromobacterium,R2,2.33,Chromobacterium | R2
162.08,Chromobacterium,R2,2.22,Chromobacterium | R2
163.08,Chromobacterium,R2,2.11,Chromobacterium | R2
164.08,Chromobacterium,R2,2,Chromobacterium | R2
165.08,Chromobacterium,R2,1.88,Chromobacterium | R2
166.08,Chromobacterium,R2,1.75,Chromobacterium | R2
167.08,Chromobacterium,R2,1.61,Chromobacterium | R2
168.08,Chromobacterium,R2,1.48,Chromobacterium | R2
169.08,Chromobacterium,R2,1.36,Chromobacterium | R2
170.08,Chromobacterium,R2,1.2,Chromobacterium | R2
171.08,Chromobacterium,R2,1.07,Chromobacterium | R2
172.08,Chromobacterium,R2,0.93,Chromobacterium | R2
173.08,Chromobacterium,R2,0.78,Chromobacterium | R2
174.08,Chromobacterium,R2,0.64,Chromobacterium | R2
175.08,Chromobacterium,R2,0.47,Chromobacterium | R2
176.08,Chromobacterium,R2,0.38,Chromobacterium | R2
177.08,Chromobacterium,R2,0.36,Chromobacterium | R2
178.08,Chromobacterium,R2,0.36,Chromobacterium | R2
179.1,Chromobacterium,R2,0.36,Chromobacterium | R2
180.1,Chromobacterium,R2,0.36,Chromobacterium | R2
181.1,Chromobacterium,R2,0.36,Chromobacterium | R2
182.1,Chromobacterium,R2,0.36,Chromobacterium | R2
183.1,Chromobacterium,R2,0.36,Chromobacterium | R2
184.1,Chromobacterium,R2,0.35,Chromobacterium | R2
185.1,Chromobacterium,R2,0.36,Chromobacterium | R2
186.1,Chromobacterium,R2,0.36,Chromobacterium | R2
187.1,Chromobacterium,R2,0.36,Chromobacterium | R2
188.1,Chromobacterium,R2,0.36,Chromobacterium | R2
189.1,Chromobacterium,R2,0.36,Chromobacterium | R2
190.1,Chromobacterium,R2,0.37,Chromobacterium | R2
191.1,Chromobacterium,R2,0.36,Chromobacterium | R2
192.1,Chromobacterium,R2,0.36,Chromobacterium | R2
193.1,Chromobacterium,R2,0.37,Chromobacterium | R2
194.1,Chromobacterium,R2,0.36,Chromobacterium | R2
195.1,Chromobacterium,R2,0.37,Chromobacterium | R2
196.1,Chromobacterium,R2,0.36,Chromobacterium | R2
197.1,Chromobacterium,R2,0.36,Chromobacterium | R2
198.1,Chromobacterium,R2,0.36,Chromobacterium | R2
199.1,Chromobacterium,R2,0.36,Chromobacterium | R2
200.1,Chromobacterium,R2,0.36,Chromobacterium | R2
201.1,Chromobacterium,R2,0.36,Chromobacterium | R2
202.1,Chromobacterium,R2,0.36,Chromobacterium | R2
203.1,Chromobacterium,R2,0.36,Chromobacterium | R2
204.1,Chromobacterium,R2,0.36,Chromobacterium | R2
205.1,Chromobacterium,R2,0.36,Chromobacterium | R2
206.1,Chromobacterium,R2,0.36,Chromobacterium | R2
207.1,Chromobacterium,R2,0.36,Chromobacterium | R2
208.1,Chromobacterium,R2,0.36,Chromobacterium | R2
209.1,Chromobacterium,R2,0.36,Chromobacterium | R2
210.1,Chromobacterium,R2,0.36,Chromobacterium | R2
211.1,Chromobacterium,R2,0.36,Chromobacterium | R2
212.1,Chromobacterium,R2,0.36,Chromobacterium | R2
0.03,Chromobacterium,R3,4.76,Chromobacterium | R3
1.05,Chromobacterium,R3,4.69,Chromobacterium | R3
2.05,Chromobacterium,R3,4.7,Chromobacterium | R3
3.05,Chromobacterium,R3,4.73,Chromobacterium | R3
4.05,Chromobacterium,R3,4.75,Chromobacterium | R3
5.05,Chromobacterium,R3,4.77,Chromobacterium | R3
6.05,Chromobacterium,R3,4.82,Chromobacterium | R3
7.05,Chromobacterium,R3,4.84,Chromobacterium | R3
8.05,Chromobacterium,R3,4.88,Chromobacterium | R3
9.05,Chromobacterium,R3,4.91,Chromobacterium | R3
10.05,Chromobacterium,R3,4.94,Chromobacterium | R3
11.05,Chromobacterium,R3,4.97,Chromobacterium | R3
12.05,Chromobacterium,R3,5,Chromobacterium | R3
13.05,Chromobacterium,R3,5.02,Chromobacterium | R3
14.05,Chromobacterium,R3,5.05,Chromobacterium | R3
15.05,Chromobacterium,R3,5.09,Chromobacterium | R3
16.05,Chromobacterium,R3,5.12,Chromobacterium | R3
17.05,Chromobacterium,R3,5.14,Chromobacterium | R3
18.05,Chromobacterium,R3,5.18,Chromobacterium | R3
19.05,Chromobacterium,R3,5.2,Chromobacterium | R3
20.05,Chromobacterium,R3,5.22,Chromobacterium | R3
21.05,Chromobacterium,R3,5.26,Chromobacterium | R3
22.05,Chromobacterium,R3,5.27,Chromobacterium | R3
23.05,Chromobacterium,R3,5.31,Chromobacterium | R3
24.05,Chromobacterium,R3,5.31,Chromobacterium | R3
25.05,Chromobacterium,R3,5.35,Chromobacterium | R3
26.05,Chromobacterium,R3,5.37,Chromobacterium | R3
27.05,Chromobacterium,R3,5.39,Chromobacterium | R3
28.05,Chromobacterium,R3,5.42,Chromobacterium | R3
29.05,Chromobacterium,R3,5.43,Chromobacterium | R3
30.05,Chromobacterium,R3,5.45,Chromobacterium | R3
31.05,Chromobacterium,R3,5.47,Chromobacterium | R3
32.05,Chromobacterium,R3,5.48,Chromobacterium | R3
33.05,Chromobacterium,R3,5.5,Chromobacterium | R3
34.05,Chromobacterium,R3,5.5,Chromobacterium | R3
35.05,Chromobacterium,R3,5.52,Chromobacterium | R3
36.05,Chromobacterium,R3,5.54,Chromobacterium | R3
37.05,Chromobacterium,R3,5.56,Chromobacterium | R3
38.05,Chromobacterium,R3,5.58,Chromobacterium | R3
39.05,Chromobacterium,R3,5.57,Chromobacterium | R3
40.05,Chromobacterium,R3,5.6,Chromobacterium | R3
41.05,Chromobacterium,R3,5.6,Chromobacterium | R3
42.07,Chromobacterium,R3,5.61,Chromobacterium | R3
43.07,Chromobacterium,R3,5.63,Chromobacterium | R3
44.07,Chromobacterium,R3,5.63,Chromobacterium | R3
45.07,Chromobacterium,R3,5.64,Chromobacterium | R3
46.07,Chromobacterium,R3,5.64,Chromobacterium | R3
47.07,Chromobacterium,R3,5.66,Chromobacterium | R3
48.07,Chromobacterium,R3,5.66,Chromobacterium | R3
49.07,Chromobacterium,R3,5.66,Chromobacterium | R3
50.07,Chromobacterium,R3,5.67,Chromobacterium | R3
51.07,Chromobacterium,R3,5.67,Chromobacterium | R3
52.07,Chromobacterium,R3,5.68,Chromobacterium | R3
53.07,Chromobacterium,R3,5.69,Chromobacterium | R3
54.07,Chromobacterium,R3,5.69,Chromobacterium | R3
55.07,Chromobacterium,R3,5.7,Chromobacterium | R3
56.07,Chromobacterium,R3,5.69,Chromobacterium | R3
57.07,Chromobacterium,R3,5.71,Chromobacterium | R3
58.07,Chromobacterium,R3,5.7,Chromobacterium | R3
59.07,Chromobacterium,R3,5.69,Chromobacterium | R3
60.07,Chromobacterium,R3,5.69,Chromobacterium | R3
61.07,Chromobacterium,R3,5.68,Chromobacterium | R3
62.07,Chromobacterium,R3,5.69,Chromobacterium | R3
63.07,Chromobacterium,R3,5.67,Chromobacterium | R3
64.07,Chromobacterium,R3,5.66,Chromobacterium | R3
65.07,Chromobacterium,R3,5.65,Chromobacterium | R3
66.07,Chromobacterium,R3,5.65,Chromobacterium | R3
67.07,Chromobacterium,R3,5.64,Chromobacterium | R3
68.07,Chromobacterium,R3,5.63,Chromobacterium | R3
69.07,Chromobacterium,R3,5.62,Chromobacterium | R3
70.07,Chromobacterium,R3,5.6,Chromobacterium | R3
71.07,Chromobacterium,R3,5.6,Chromobacterium | R3
72.07,Chromobacterium,R3,5.6,Chromobacterium | R3
73.07,Chromobacterium,R3,5.58,Chromobacterium | R3
74.07,Chromobacterium,R3,5.56,Chromobacterium | R3
75.07,Chromobacterium,R3,5.56,Chromobacterium | R3
76.07,Chromobacterium,R3,5.56,Chromobacterium | R3
77.07,Chromobacterium,R3,5.53,Chromobacterium | R3
78.07,Chromobacterium,R3,5.54,Chromobacterium | R3
79.07,Chromobacterium,R3,5.52,Chromobacterium | R3
80.07,Chromobacterium,R3,5.51,Chromobacterium | R3
81.07,Chromobacterium,R3,5.5,Chromobacterium | R3
82.07,Chromobacterium,R3,5.48,Chromobacterium | R3
83.07,Chromobacterium,R3,5.47,Chromobacterium | R3
84.07,Chromobacterium,R3,5.45,Chromobacterium | R3
85.07,Chromobacterium,R3,5.44,Chromobacterium | R3
86.07,Chromobacterium,R3,5.42,Chromobacterium | R3
87.07,Chromobacterium,R3,5.42,Chromobacterium | R3
88.07,Chromobacterium,R3,5.39,Chromobacterium | R3
89.07,Chromobacterium,R3,5.39,Chromobacterium | R3
90.07,Chromobacterium,R3,5.37,Chromobacterium | R3
91.07,Chromobacterium,R3,5.34,Chromobacterium | R3
92.07,Chromobacterium,R3,5.33,Chromobacterium | R3
93.07,Chromobacterium,R3,5.31,Chromobacterium | R3
94.07,Chromobacterium,R3,5.31,Chromobacterium | R3
95.07,Chromobacterium,R3,5.3,Chromobacterium | R3
96.07,Chromobacterium,R3,5.27,Chromobacterium | R3
97.07,Chromobacterium,R3,5.26,Chromobacterium | R3
98.07,Chromobacterium,R3,5.24,Chromobacterium | R3
99.07,Chromobacterium,R3,5.21,Chromobacterium | R3
100.07,Chromobacterium,R3,5.2,Chromobacterium | R3
101.07,Chromobacterium,R3,5.19,Chromobacterium | R3
102.07,Chromobacterium,R3,5.15,Chromobacterium | R3
103.07,Chromobacterium,R3,5.13,Chromobacterium | R3
104.07,Chromobacterium,R3,5.11,Chromobacterium | R3
105.07,Chromobacterium,R3,5.08,Chromobacterium | R3
106.07,Chromobacterium,R3,5.07,Chromobacterium | R3
107.07,Chromobacterium,R3,5.06,Chromobacterium | R3
108.07,Chromobacterium,R3,5.02,Chromobacterium | R3
109.07,Chromobacterium,R3,5,Chromobacterium | R3
110.07,Chromobacterium,R3,4.97,Chromobacterium | R3
111.07,Chromobacterium,R3,4.95,Chromobacterium | R3
112.07,Chromobacterium,R3,4.91,Chromobacterium | R3
113.07,Chromobacterium,R3,4.88,Chromobacterium | R3
114.07,Chromobacterium,R3,4.87,Chromobacterium | R3
115.07,Chromobacterium,R3,4.83,Chromobacterium | R3
116.07,Chromobacterium,R3,4.8,Chromobacterium | R3
117.07,Chromobacterium,R3,4.77,Chromobacterium | R3
118.07,Chromobacterium,R3,4.75,Chromobacterium | R3
119.07,Chromobacterium,R3,4.7,Chromobacterium | R3
120.07,Chromobacterium,R3,4.67,Chromobacterium | R3
121.07,Chromobacterium,R3,4.64,Chromobacterium | R3
122.07,Chromobacterium,R3,4.59,Chromobacterium | R3
123.07,Chromobacterium,R3,4.56,Chromobacterium | R3
124.08,Chromobacterium,R3,4.53,Chromobacterium | R3
125.08,Chromobacterium,R3,4.48,Chromobacterium | R3
126.08,Chromobacterium,R3,4.44,Chromobacterium | R3
127.08,Chromobacterium,R3,4.41,Chromobacterium | R3
128.08,Chromobacterium,R3,4.37,Chromobacterium | R3
129.08,Chromobacterium,R3,4.33,Chromobacterium | R3
130.08,Chromobacterium,R3,4.28,Chromobacterium | R3
131.08,Chromobacterium,R3,4.24,Chromobacterium | R3
132.08,Chromobacterium,R3,4.2,Chromobacterium | R3
133.08,Chromobacterium,R3,4.14,Chromobacterium | R3
134.08,Chromobacterium,R3,4.09,Chromobacterium | R3
135.08,Chromobacterium,R3,4.04,Chromobacterium | R3
136.08,Chromobacterium,R3,4,Chromobacterium | R3
137.08,Chromobacterium,R3,3.95,Chromobacterium | R3
138.08,Chromobacterium,R3,3.89,Chromobacterium | R3
139.08,Chromobacterium,R3,3.84,Chromobacterium | R3
140.08,Chromobacterium,R3,3.76,Chromobacterium | R3
141.08,Chromobacterium,R3,3.71,Chromobacterium | R3
142.08,Chromobacterium,R3,3.65,Chromobacterium | R3
143.08,Chromobacterium,R3,3.59,Chromobacterium | R3
144.08,Chromobacterium,R3,3.53,Chromobacterium | R3
145.08,Chromobacterium,R3,3.47,Chromobacterium | R3
146.08,Chromobacterium,R3,3.39,Chromobacterium | R3
147.08,Chromobacterium,R3,3.33,Chromobacterium | R3
148.08,Chromobacterium,R3,3.28,Chromobacterium | R3
149.08,Chromobacterium,R3,3.19,Chromobacterium | R3
150.08,Chromobacterium,R3,3.12,Chromobacterium | R3
151.08,Chromobacterium,R3,3.03,Chromobacterium | R3
152.08,Chromobacterium,R3,2.97,Chromobacterium | R3
153.08,Chromobacterium,R3,2.9,Chromobacterium | R3
154.08,Chromobacterium,R3,2.79,Chromobacterium | R3
155.08,Chromobacterium,R3,2.72,Chromobacterium | R3
156.08,Chromobacterium,R3,2.64,Chromobacterium | R3
157.08,Chromobacterium,R3,2.56,Chromobacterium | R3
158.08,Chromobacterium,R3,2.45,Chromobacterium | R3
159.08,Chromobacterium,R3,2.38,Chromobacterium | R3
160.08,Chromobacterium,R3,2.27,Chromobacterium | R3
161.08,Chromobacterium,R3,2.16,Chromobacterium | R3
162.08,Chromobacterium,R3,2.08,Chromobacterium | R3
163.08,Chromobacterium,R3,1.97,Chromobacterium | R3
164.08,Chromobacterium,R3,1.86,Chromobacterium | R3
165.08,Chromobacterium,R3,1.75,Chromobacterium | R3
166.08,Chromobacterium,R3,1.62,Chromobacterium | R3
167.08,Chromobacterium,R3,1.54,Chromobacterium | R3
168.08,Chromobacterium,R3,1.4,Chromobacterium | R3
169.08,Chromobacterium,R3,1.26,Chromobacterium | R3
170.08,Chromobacterium,R3,1.16,Chromobacterium | R3
171.08,Chromobacterium,R3,1.03,Chromobacterium | R3
172.08,Chromobacterium,R3,0.89,Chromobacterium | R3
173.08,Chromobacterium,R3,0.76,Chromobacterium | R3
174.08,Chromobacterium,R3,0.62,Chromobacterium | R3
175.08,Chromobacterium,R3,0.48,Chromobacterium | R3
176.08,Chromobacterium,R3,0.33,Chromobacterium | R3
177.08,Chromobacterium,R3,0.17,Chromobacterium | R3
178.08,Chromobacterium,R3,0.03,Chromobacterium | R3
179.1,Chromobacterium,R3,0,Chromobacterium | R3
180.1,Chromobacterium,R3,0,Chromobacterium | R3
181.1,Chromobacterium,R3,0,Chromobacterium | R3
182.1,Chromobacterium,R3,0,Chromobacterium | R3
183.1,Chromobacterium,R3,0,Chromobacterium | R3
184.1,Chromobacterium,R3,0,Chromobacterium | R3
185.1,Chromobacterium,R3,0,Chromobacterium | R3
186.1,Chromobacterium,R3,0,Chromobacterium | R3
187.1,Chromobacterium,R3,0,Chromobacterium | R3
188.1,Chromobacterium,R3,0,Chromobacterium | R3
189.1,Chromobacterium,R3,0,Chromobacterium | R3
190.1,Chromobacterium,R3,0,Chromobacterium | R3
191.1,Chromobacterium,R3,0,Chromobacterium | R3
192.1,Chromobacterium,R3,0,Chromobacterium | R3
193.1,Chromobacterium,R3,0,Chromobacterium | R3
194.1,Chromobacterium,R3,0,Chromobacterium | R3
195.1,Chromobacterium,R3,0,Chromobacterium | R3
196.1,Chromobacterium,R3,0,Chromobacterium | R3
197.1,Chromobacterium,R3,0,Chromobacterium | R3
198.1,Chromobacterium,R3,0,Chromobacterium | R3
199.1,Chromobacterium,R3,0,Chromobacterium | R3
200.1,Chromobacterium,R3,0,Chromobacterium | R3
201.1,Chromobacterium,R3,0,Chromobacterium | R3
202.1,Chromobacterium,R3,0,Chromobacterium | R3
203.1,Chromobacterium,R3,0,Chromobacterium | R3
204.1,Chromobacterium,R3,0,Chromobacterium | R3
205.1,Chromobacterium,R3,0,Chromobacterium | R3
206.1,Chromobacterium,R3,0,Chromobacterium | R3
207.1,Chromobacterium,R3,0,Chromobacterium | R3
208.1,Chromobacterium,R3,0,Chromobacterium | R3
209.1,Chromobacterium,R3,0,Chromobacterium | R3
210.1,Chromobacterium,R3,0,Chromobacterium | R3
211.1,Chromobacterium,R3,0,Chromobacterium | R3
212.1,Chromobacterium,R3,0,Chromobacterium | R3
0.03,Chromobacterium,R4,4.86,Chromobacterium | R4
1.05,Chromobacterium,R4,4.82,Chromobacterium | R4
2.05,Chromobacterium,R4,4.83,Chromobacterium | R4
3.05,Chromobacterium,R4,4.85,Chromobacterium | R4
4.05,Chromobacterium,R4,4.89,Chromobacterium | R4
5.05,Chromobacterium,R4,4.92,Chromobacterium | R4
6.05,Chromobacterium,R4,4.96,Chromobacterium | R4
7.05,Chromobacterium,R4,4.98,Chromobacterium | R4
8.05,Chromobacterium,R4,5.01,Chromobacterium | R4
9.05,Chromobacterium,R4,5.04,Chromobacterium | R4
10.05,Chromobacterium,R4,5.07,Chromobacterium | R4
11.05,Chromobacterium,R4,5.1,Chromobacterium | R4
12.05,Chromobacterium,R4,5.13,Chromobacterium | R4
13.05,Chromobacterium,R4,5.16,Chromobacterium | R4
14.05,Chromobacterium,R4,5.18,Chromobacterium | R4
15.05,Chromobacterium,R4,5.23,Chromobacterium | R4
16.05,Chromobacterium,R4,5.26,Chromobacterium | R4
17.05,Chromobacterium,R4,5.27,Chromobacterium | R4
18.05,Chromobacterium,R4,5.31,Chromobacterium | R4
19.05,Chromobacterium,R4,5.34,Chromobacterium | R4
20.05,Chromobacterium,R4,5.37,Chromobacterium | R4
21.05,Chromobacterium,R4,5.4,Chromobacterium | R4
22.05,Chromobacterium,R4,5.41,Chromobacterium | R4
23.05,Chromobacterium,R4,5.46,Chromobacterium | R4
24.05,Chromobacterium,R4,5.46,Chromobacterium | R4
25.05,Chromobacterium,R4,5.49,Chromobacterium | R4
26.05,Chromobacterium,R4,5.52,Chromobacterium | R4
27.05,Chromobacterium,R4,5.55,Chromobacterium | R4
28.05,Chromobacterium,R4,5.57,Chromobacterium | R4
29.05,Chromobacterium,R4,5.59,Chromobacterium | R4
30.05,Chromobacterium,R4,5.6,Chromobacterium | R4
31.05,Chromobacterium,R4,5.63,Chromobacterium | R4
32.05,Chromobacterium,R4,5.64,Chromobacterium | R4
33.05,Chromobacterium,R4,5.67,Chromobacterium | R4
34.05,Chromobacterium,R4,5.68,Chromobacterium | R4
35.05,Chromobacterium,R4,5.69,Chromobacterium | R4
36.05,Chromobacterium,R4,5.73,Chromobacterium | R4
37.05,Chromobacterium,R4,5.73,Chromobacterium | R4
38.05,Chromobacterium,R4,5.75,Chromobacterium | R4
39.05,Chromobacterium,R4,5.75,Chromobacterium | R4
40.05,Chromobacterium,R4,5.76,Chromobacterium | R4
41.05,Chromobacterium,R4,5.8,Chromobacterium | R4
42.07,Chromobacterium,R4,5.81,Chromobacterium | R4
43.07,Chromobacterium,R4,5.82,Chromobacterium | R4
44.07,Chromobacterium,R4,5.83,Chromobacterium | R4
45.07,Chromobacterium,R4,5.83,Chromobacterium | R4
46.07,Chromobacterium,R4,5.84,Chromobacterium | R4
47.07,Chromobacterium,R4,5.86,Chromobacterium | R4
48.07,Chromobacterium,R4,5.86,Chromobacterium | R4
49.07,Chromobacterium,R4,5.87,Chromobacterium | R4
50.07,Chromobacterium,R4,5.87,Chromobacterium | R4
51.07,Chromobacterium,R4,5.87,Chromobacterium | R4
52.07,Chromobacterium,R4,5.88,Chromobacterium | R4
53.07,Chromobacterium,R4,5.9,Chromobacterium | R4
54.07,Chromobacterium,R4,5.89,Chromobacterium | R4
55.07,Chromobacterium,R4,5.89,Chromobacterium | R4
56.07,Chromobacterium,R4,5.9,Chromobacterium | R4
57.07,Chromobacterium,R4,5.91,Chromobacterium | R4
58.07,Chromobacterium,R4,5.92,Chromobacterium | R4
59.07,Chromobacterium,R4,5.91,Chromobacterium | R4
60.07,Chromobacterium,R4,5.91,Chromobacterium | R4
61.07,Chromobacterium,R4,5.92,Chromobacterium | R4
62.07,Chromobacterium,R4,5.92,Chromobacterium | R4
63.07,Chromobacterium,R4,5.93,Chromobacterium | R4
64.07,Chromobacterium,R4,5.93,Chromobacterium | R4
65.07,Chromobacterium,R4,5.92,Chromobacterium | R4
66.07,Chromobacterium,R4,5.9,Chromobacterium | R4
67.07,Chromobacterium,R4,5.88,Chromobacterium | R4
68.07,Chromobacterium,R4,5.87,Chromobacterium | R4
69.07,Chromobacterium,R4,5.86,Chromobacterium | R4
70.07,Chromobacterium,R4,5.87,Chromobacterium | R4
71.07,Chromobacterium,R4,5.85,Chromobacterium | R4
72.07,Chromobacterium,R4,5.82,Chromobacterium | R4
73.07,Chromobacterium,R4,5.81,Chromobacterium | R4
74.07,Chromobacterium,R4,5.81,Chromobacterium | R4
75.07,Chromobacterium,R4,5.79,Chromobacterium | R4
76.07,Chromobacterium,R4,5.78,Chromobacterium | R4
77.07,Chromobacterium,R4,5.77,Chromobacterium | R4
78.07,Chromobacterium,R4,5.76,Chromobacterium | R4
79.07,Chromobacterium,R4,5.73,Chromobacterium | R4
80.07,Chromobacterium,R4,5.72,Chromobacterium | R4
81.07,Chromobacterium,R4,5.72,Chromobacterium | R4
82.07,Chromobacterium,R4,5.7,Chromobacterium | R4
83.07,Chromobacterium,R4,5.66,Chromobacterium | R4
84.07,Chromobacterium,R4,5.66,Chromobacterium | R4
85.07,Chromobacterium,R4,5.65,Chromobacterium | R4
86.07,Chromobacterium,R4,5.63,Chromobacterium | R4
87.07,Chromobacterium,R4,5.61,Chromobacterium | R4
88.07,Chromobacterium,R4,5.61,Chromobacterium | R4
89.07,Chromobacterium,R4,5.57,Chromobacterium | R4
90.07,Chromobacterium,R4,5.57,Chromobacterium | R4
91.07,Chromobacterium,R4,5.55,Chromobacterium | R4
92.07,Chromobacterium,R4,5.51,Chromobacterium | R4
93.07,Chromobacterium,R4,5.5,Chromobacterium | R4
94.07,Chromobacterium,R4,5.49,Chromobacterium | R4
95.07,Chromobacterium,R4,5.46,Chromobacterium | R4
96.07,Chromobacterium,R4,5.43,Chromobacterium | R4
97.07,Chromobacterium,R4,5.43,Chromobacterium | R4
98.07,Chromobacterium,R4,5.4,Chromobacterium | R4
99.07,Chromobacterium,R4,5.38,Chromobacterium | R4
100.07,Chromobacterium,R4,5.35,Chromobacterium | R4
101.07,Chromobacterium,R4,5.33,Chromobacterium | R4
102.07,Chromobacterium,R4,5.31,Chromobacterium | R4
103.07,Chromobacterium,R4,5.29,Chromobacterium | R4
104.07,Chromobacterium,R4,5.25,Chromobacterium | R4
105.07,Chromobacterium,R4,5.22,Chromobacterium | R4
106.07,Chromobacterium,R4,5.21,Chromobacterium | R4
107.07,Chromobacterium,R4,5.18,Chromobacterium | R4
108.07,Chromobacterium,R4,5.15,Chromobacterium | R4
109.07,Chromobacterium,R4,5.12,Chromobacterium | R4
110.07,Chromobacterium,R4,5.08,Chromobacterium | R4
111.07,Chromobacterium,R4,5.06,Chromobacterium | R4
112.07,Chromobacterium,R4,5.03,Chromobacterium | R4
113.07,Chromobacterium,R4,5,Chromobacterium | R4
114.07,Chromobacterium,R4,4.98,Chromobacterium | R4
115.07,Chromobacterium,R4,4.94,Chromobacterium | R4
116.07,Chromobacterium,R4,4.91,Chromobacterium | R4
117.07,Chromobacterium,R4,4.87,Chromobacterium | R4
118.07,Chromobacterium,R4,4.84,Chromobacterium | R4
119.07,Chromobacterium,R4,4.8,Chromobacterium | R4
120.07,Chromobacterium,R4,4.76,Chromobacterium | R4
121.07,Chromobacterium,R4,4.73,Chromobacterium | R4
122.07,Chromobacterium,R4,4.69,Chromobacterium | R4
123.07,Chromobacterium,R4,4.66,Chromobacterium | R4
124.08,Chromobacterium,R4,4.62,Chromobacterium | R4
125.08,Chromobacterium,R4,4.57,Chromobacterium | R4
126.08,Chromobacterium,R4,4.52,Chromobacterium | R4
127.08,Chromobacterium,R4,4.48,Chromobacterium | R4
128.08,Chromobacterium,R4,4.44,Chromobacterium | R4
129.08,Chromobacterium,R4,4.38,Chromobacterium | R4
130.08,Chromobacterium,R4,4.37,Chromobacterium | R4
131.08,Chromobacterium,R4,4.3,Chromobacterium | R4
132.08,Chromobacterium,R4,4.25,Chromobacterium | R4
133.08,Chromobacterium,R4,4.21,Chromobacterium | R4
134.08,Chromobacterium,R4,4.16,Chromobacterium | R4
135.08,Chromobacterium,R4,4.11,Chromobacterium | R4
136.08,Chromobacterium,R4,4.06,Chromobacterium | R4
137.08,Chromobacterium,R4,4,Chromobacterium | R4
138.08,Chromobacterium,R4,3.94,Chromobacterium | R4
139.08,Chromobacterium,R4,3.88,Chromobacterium | R4
140.08,Chromobacterium,R4,3.84,Chromobacterium | R4
141.08,Chromobacterium,R4,3.77,Chromobacterium | R4
142.08,Chromobacterium,R4,3.71,Chromobacterium | R4
143.08,Chromobacterium,R4,3.65,Chromobacterium | R4
144.08,Chromobacterium,R4,3.57,Chromobacterium | R4
145.08,Chromobacterium,R4,3.51,Chromobacterium | R4
146.08,Chromobacterium,R4,3.45,Chromobacterium | R4
147.08,Chromobacterium,R4,3.39,Chromobacterium | R4
148.08,Chromobacterium,R4,3.31,Chromobacterium | R4
149.08,Chromobacterium,R4,3.24,Chromobacterium | R4
150.08,Chromobacterium,R4,3.17,Chromobacterium | R4
151.08,Chromobacterium,R4,3.09,Chromobacterium | R4
152.08,Chromobacterium,R4,3.03,Chromobacterium | R4
153.08,Chromobacterium,R4,2.93,Chromobacterium | R4
154.08,Chromobacterium,R4,2.86,Chromobacterium | R4
155.08,Chromobacterium,R4,2.77,Chromobacterium | R4
156.08,Chromobacterium,R4,2.68,Chromobacterium | R4
157.08,Chromobacterium,R4,2.59,Chromobacterium | R4
158.08,Chromobacterium,R4,2.52,Chromobacterium | R4
159.08,Chromobacterium,R4,2.42,Chromobacterium | R4
160.08,Chromobacterium,R4,2.34,Chromobacterium | R4
161.08,Chromobacterium,R4,2.24,Chromobacterium | R4
162.08,Chromobacterium,R4,2.16,Chromobacterium | R4
163.08,Chromobacterium,R4,2.06,Chromobacterium | R4
164.08,Chromobacterium,R4,1.94,Chromobacterium | R4
165.08,Chromobacterium,R4,1.84,Chromobacterium | R4
166.08,Chromobacterium,R4,1.75,Chromobacterium | R4
167.08,Chromobacterium,R4,1.63,Chromobacterium | R4
168.08,Chromobacterium,R4,1.52,Chromobacterium | R4
169.08,Chromobacterium,R4,1.41,Chromobacterium | R4
170.08,Chromobacterium,R4,1.3,Chromobacterium | R4
171.08,Chromobacterium,R4,1.19,Chromobacterium | R4
172.08,Chromobacterium,R4,1.05,Chromobacterium | R4
173.08,Chromobacterium,R4,0.94,Chromobacterium | R4
174.08,Chromobacterium,R4,0.8,Chromobacterium | R4
175.08,Chromobacterium,R4,0.69,Chromobacterium | R4
176.08,Chromobacterium,R4,0.54,Chromobacterium | R4
177.08,Chromobacterium,R4,0.39,Chromobacterium | R4
178.08,Chromobacterium,R4,0.26,Chromobacterium | R4
179.1,Chromobacterium,R4,0.12,Chromobacterium | R4
180.1,Chromobacterium,R4,0,Chromobacterium | R4
181.1,Chromobacterium,R4,0,Chromobacterium | R4
182.1,Chromobacterium,R4,0,Chromobacterium | R4
183.1,Chromobacterium,R4,0,Chromobacterium | R4
184.1,Chromobacterium,R4,0,Chromobacterium | R4
185.1,Chromobacterium,R4,0,Chromobacterium | R4
186.1,Chromobacterium,R4,0,Chromobacterium | R4
187.1,Chromobacterium,R4,0,Chromobacterium | R4
188.1,Chromobacterium,R4,0,Chromobacterium | R4
189.1,Chromobacterium,R4,0,Chromobacterium | R4
190.1,Chromobacterium,R4,0,Chromobacterium | R4
191.1,Chromobacterium,R4,0,Chromobacterium | R4
192.1,Chromobacterium,R4,0,Chromobacterium | R4
193.1,Chromobacterium,R4,0,Chromobacterium | R4
194.1,Chromobacterium,R4,0,Chromobacterium | R4
195.1,Chromobacterium,R4,0,Chromobacterium | R4
196.1,Chromobacterium,R4,0,Chromobacterium | R4
197.1,Chromobacterium,R4,0,Chromobacterium | R4
198.1,Chromobacterium,R4,0,Chromobacterium | R4
199.1,Chromobacterium,R4,0,Chromobacterium | R4
200.1,Chromobacterium,R4,0,Chromobacterium | R4
201.1,Chromobacterium,R4,0,Chromobacterium | R4
202.1,Chromobacterium,R4,0,Chromobacterium | R4
203.1,Chromobacterium,R4,0,Chromobacterium | R4
204.1,Chromobacterium,R4,0,Chromobacterium | R4
205.1,Chromobacterium,R4,0,Chromobacterium | R4
206.1,Chromobacterium,R4,0,Chromobacterium | R4
207.1,Chromobacterium,R4,0,Chromobacterium | R4
208.1,Chromobacterium,R4,0,Chromobacterium | R4
209.1,Chromobacterium,R4,0,Chromobacterium | R4
210.1,Chromobacterium,R4,0,Chromobacterium | R4
211.1,Chromobacterium,R4,0,Chromobacterium | R4
212.1,Chromobacterium,R4,0,Chromobacterium | R4
0.03,Chromobacterium,R5,4.63,Chromobacterium | R5
1.05,Chromobacterium,R5,4.63,Chromobacterium | R5
2.05,Chromobacterium,R5,4.67,Chromobacterium | R5
3.05,Chromobacterium,R5,4.69,Chromobacterium | R5
4.05,Chromobacterium,R5,4.75,Chromobacterium | R5
5.05,Chromobacterium,R5,4.79,Chromobacterium | R5
6.05,Chromobacterium,R5,4.84,Chromobacterium | R5
7.05,Chromobacterium,R5,4.87,Chromobacterium | R5
8.05,Chromobacterium,R5,4.91,Chromobacterium | R5
9.05,Chromobacterium,R5,4.95,Chromobacterium | R5
10.05,Chromobacterium,R5,5,Chromobacterium | R5
11.05,Chromobacterium,R5,5.01,Chromobacterium | R5
12.05,Chromobacterium,R5,5.06,Chromobacterium | R5
13.05,Chromobacterium,R5,5.09,Chromobacterium | R5
14.05,Chromobacterium,R5,5.12,Chromobacterium | R5
15.05,Chromobacterium,R5,5.15,Chromobacterium | R5
16.05,Chromobacterium,R5,5.18,Chromobacterium | R5
17.05,Chromobacterium,R5,5.2,Chromobacterium | R5
18.05,Chromobacterium,R5,5.23,Chromobacterium | R5
19.05,Chromobacterium,R5,5.25,Chromobacterium | R5
20.05,Chromobacterium,R5,5.28,Chromobacterium | R5
21.05,Chromobacterium,R5,5.3,Chromobacterium | R5
22.05,Chromobacterium,R5,5.33,Chromobacterium | R5
23.05,Chromobacterium,R5,5.34,Chromobacterium | R5
24.05,Chromobacterium,R5,5.37,Chromobacterium | R5
25.05,Chromobacterium,R5,5.38,Chromobacterium | R5
26.05,Chromobacterium,R5,5.4,Chromobacterium | R5
27.05,Chromobacterium,R5,5.41,Chromobacterium | R5
28.05,Chromobacterium,R5,5.44,Chromobacterium | R5
29.05,Chromobacterium,R5,5.45,Chromobacterium | R5
30.05,Chromobacterium,R5,5.46,Chromobacterium | R5
31.05,Chromobacterium,R5,5.48,Chromobacterium | R5
32.05,Chromobacterium,R5,5.49,Chromobacterium | R5
33.05,Chromobacterium,R5,5.51,Chromobacterium | R5
34.05,Chromobacterium,R5,5.52,Chromobacterium | R5
35.05,Chromobacterium,R5,5.52,Chromobacterium | R5
36.05,Chromobacterium,R5,5.55,Chromobacterium | R5
37.05,Chromobacterium,R5,5.55,Chromobacterium | R5
38.05,Chromobacterium,R5,5.55,Chromobacterium | R5
39.05,Chromobacterium,R5,5.56,Chromobacterium | R5
40.05,Chromobacterium,R5,5.57,Chromobacterium | R5
41.05,Chromobacterium,R5,5.58,Chromobacterium | R5
42.07,Chromobacterium,R5,5.6,Chromobacterium | R5
43.07,Chromobacterium,R5,5.6,Chromobacterium | R5
44.07,Chromobacterium,R5,5.6,Chromobacterium | R5
45.07,Chromobacterium,R5,5.6,Chromobacterium | R5
46.07,Chromobacterium,R5,5.6,Chromobacterium | R5
47.07,Chromobacterium,R5,5.62,Chromobacterium | R5
48.07,Chromobacterium,R5,5.61,Chromobacterium | R5
49.07,Chromobacterium,R5,5.62,Chromobacterium | R5
50.07,Chromobacterium,R5,5.61,Chromobacterium | R5
51.07,Chromobacterium,R5,5.62,Chromobacterium | R5
52.07,Chromobacterium,R5,5.61,Chromobacterium | R5
53.07,Chromobacterium,R5,5.63,Chromobacterium | R5
54.07,Chromobacterium,R5,5.64,Chromobacterium | R5
55.07,Chromobacterium,R5,5.64,Chromobacterium | R5
56.07,Chromobacterium,R5,5.64,Chromobacterium | R5
57.07,Chromobacterium,R5,5.62,Chromobacterium | R5
58.07,Chromobacterium,R5,5.62,Chromobacterium | R5
59.07,Chromobacterium,R5,5.61,Chromobacterium | R5
60.07,Chromobacterium,R5,5.59,Chromobacterium | R5
61.07,Chromobacterium,R5,5.6,Chromobacterium | R5
62.07,Chromobacterium,R5,5.57,Chromobacterium | R5
63.07,Chromobacterium,R5,5.57,Chromobacterium | R5
64.07,Chromobacterium,R5,5.57,Chromobacterium | R5
65.07,Chromobacterium,R5,5.54,Chromobacterium | R5
66.07,Chromobacterium,R5,5.55,Chromobacterium | R5
67.07,Chromobacterium,R5,5.53,Chromobacterium | R5
68.07,Chromobacterium,R5,5.52,Chromobacterium | R5
69.07,Chromobacterium,R5,5.52,Chromobacterium | R5
70.07,Chromobacterium,R5,5.52,Chromobacterium | R5
71.07,Chromobacterium,R5,5.48,Chromobacterium | R5
72.07,Chromobacterium,R5,5.49,Chromobacterium | R5
73.07,Chromobacterium,R5,5.47,Chromobacterium | R5
74.07,Chromobacterium,R5,5.48,Chromobacterium | R5
75.07,Chromobacterium,R5,5.45,Chromobacterium | R5
76.07,Chromobacterium,R5,5.44,Chromobacterium | R5
77.07,Chromobacterium,R5,5.42,Chromobacterium | R5
78.07,Chromobacterium,R5,5.42,Chromobacterium | R5
79.07,Chromobacterium,R5,5.42,Chromobacterium | R5
80.07,Chromobacterium,R5,5.39,Chromobacterium | R5
81.07,Chromobacterium,R5,5.41,Chromobacterium | R5
82.07,Chromobacterium,R5,5.38,Chromobacterium | R5
83.07,Chromobacterium,R5,5.36,Chromobacterium | R5
84.07,Chromobacterium,R5,5.35,Chromobacterium | R5
85.07,Chromobacterium,R5,5.34,Chromobacterium | R5
86.07,Chromobacterium,R5,5.31,Chromobacterium | R5
87.07,Chromobacterium,R5,5.29,Chromobacterium | R5
88.07,Chromobacterium,R5,5.29,Chromobacterium | R5
89.07,Chromobacterium,R5,5.26,Chromobacterium | R5
90.07,Chromobacterium,R5,5.25,Chromobacterium | R5
91.07,Chromobacterium,R5,5.22,Chromobacterium | R5
92.07,Chromobacterium,R5,5.23,Chromobacterium | R5
93.07,Chromobacterium,R5,5.21,Chromobacterium | R5
94.07,Chromobacterium,R5,5.18,Chromobacterium | R5
95.07,Chromobacterium,R5,5.16,Chromobacterium | R5
96.07,Chromobacterium,R5,5.13,Chromobacterium | R5
97.07,Chromobacterium,R5,5.12,Chromobacterium | R5
98.07,Chromobacterium,R5,5.11,Chromobacterium | R5
99.07,Chromobacterium,R5,5.08,Chromobacterium | R5
100.07,Chromobacterium,R5,5.07,Chromobacterium | R5
101.07,Chromobacterium,R5,5.04,Chromobacterium | R5
102.07,Chromobacterium,R5,5.01,Chromobacterium | R5
103.07,Chromobacterium,R5,5,Chromobacterium | R5
104.07,Chromobacterium,R5,4.97,Chromobacterium | R5
105.07,Chromobacterium,R5,4.94,Chromobacterium | R5
106.07,Chromobacterium,R5,4.93,Chromobacterium | R5
107.07,Chromobacterium,R5,4.91,Chromobacterium | R5
108.07,Chromobacterium,R5,4.87,Chromobacterium | R5
109.07,Chromobacterium,R5,4.86,Chromobacterium | R5
110.07,Chromobacterium,R5,4.83,Chromobacterium | R5
111.07,Chromobacterium,R5,4.81,Chromobacterium | R5
112.07,Chromobacterium,R5,4.77,Chromobacterium | R5
113.07,Chromobacterium,R5,4.74,Chromobacterium | R5
114.07,Chromobacterium,R5,4.72,Chromobacterium | R5
115.07,Chromobacterium,R5,4.69,Chromobacterium | R5
116.07,Chromobacterium,R5,4.66,Chromobacterium | R5
117.07,Chromobacterium,R5,4.6,Chromobacterium | R5
118.07,Chromobacterium,R5,4.58,Chromobacterium | R5
119.07,Chromobacterium,R5,4.55,Chromobacterium | R5
120.07,Chromobacterium,R5,4.51,Chromobacterium | R5
121.07,Chromobacterium,R5,4.48,Chromobacterium | R5
122.07,Chromobacterium,R5,4.45,Chromobacterium | R5
123.07,Chromobacterium,R5,4.41,Chromobacterium | R5
124.08,Chromobacterium,R5,4.37,Chromobacterium | R5
125.08,Chromobacterium,R5,4.34,Chromobacterium | R5
126.08,Chromobacterium,R5,4.3,Chromobacterium | R5
127.08,Chromobacterium,R5,4.25,Chromobacterium | R5
128.08,Chromobacterium,R5,4.22,Chromobacterium | R5
129.08,Chromobacterium,R5,4.18,Chromobacterium | R5
130.08,Chromobacterium,R5,4.12,Chromobacterium | R5
131.08,Chromobacterium,R5,4.08,Chromobacterium | R5
132.08,Chromobacterium,R5,4.05,Chromobacterium | R5
133.08,Chromobacterium,R5,3.99,Chromobacterium | R5
134.08,Chromobacterium,R5,3.94,Chromobacterium | R5
135.08,Chromobacterium,R5,3.89,Chromobacterium | R5
136.08,Chromobacterium,R5,3.84,Chromobacterium | R5
137.08,Chromobacterium,R5,3.79,Chromobacterium | R5
138.08,Chromobacterium,R5,3.74,Chromobacterium | R5
139.08,Chromobacterium,R5,3.67,Chromobacterium | R5
140.08,Chromobacterium,R5,3.61,Chromobacterium | R5
141.08,Chromobacterium,R5,3.56,Chromobacterium | R5
142.08,Chromobacterium,R5,3.5,Chromobacterium | R5
143.08,Chromobacterium,R5,3.44,Chromobacterium | R5
144.08,Chromobacterium,R5,3.38,Chromobacterium | R5
145.08,Chromobacterium,R5,3.31,Chromobacterium | R5
146.08,Chromobacterium,R5,3.25,Chromobacterium | R5
147.08,Chromobacterium,R5,3.2,Chromobacterium | R5
148.08,Chromobacterium,R5,3.13,Chromobacterium | R5
149.08,Chromobacterium,R5,3.04,Chromobacterium | R5
150.08,Chromobacterium,R5,2.97,Chromobacterium | R5
151.08,Chromobacterium,R5,2.89,Chromobacterium | R5
152.08,Chromobacterium,R5,2.82,Chromobacterium | R5
153.08,Chromobacterium,R5,2.75,Chromobacterium | R5
154.08,Chromobacterium,R5,2.67,Chromobacterium | R5
155.08,Chromobacterium,R5,2.59,Chromobacterium | R5
156.08,Chromobacterium,R5,2.5,Chromobacterium | R5
157.08,Chromobacterium,R5,2.42,Chromobacterium | R5
158.08,Chromobacterium,R5,2.33,Chromobacterium | R5
159.08,Chromobacterium,R5,2.24,Chromobacterium | R5
160.08,Chromobacterium,R5,2.14,Chromobacterium | R5
161.08,Chromobacterium,R5,2.05,Chromobacterium | R5
162.08,Chromobacterium,R5,1.96,Chromobacterium | R5
163.08,Chromobacterium,R5,1.85,Chromobacterium | R5
164.08,Chromobacterium,R5,1.74,Chromobacterium | R5
165.08,Chromobacterium,R5,1.64,Chromobacterium | R5
166.08,Chromobacterium,R5,1.54,Chromobacterium | R5
167.08,Chromobacterium,R5,1.42,Chromobacterium | R5
168.08,Chromobacterium,R5,1.32,Chromobacterium | R5
169.08,Chromobacterium,R5,1.2,Chromobacterium | R5
170.08,Chromobacterium,R5,1.08,Chromobacterium | R5
171.08,Chromobacterium,R5,0.94,Chromobacterium | R5
172.08,Chromobacterium,R5,0.83,Chromobacterium | R5
173.08,Chromobacterium,R5,0.71,Chromobacterium | R5
174.08,Chromobacterium,R5,0.57,Chromobacterium | R5
175.08,Chromobacterium,R5,0.43,Chromobacterium | R5
176.08,Chromobacterium,R5,0.31,Chromobacterium | R5
177.08,Chromobacterium,R5,0.16,Chromobacterium | R5
178.08,Chromobacterium,R5,0.01,Chromobacterium | R5
179.1,Chromobacterium,R5,0,Chromobacterium | R5
180.1,Chromobacterium,R5,0,Chromobacterium | R5
181.1,Chromobacterium,R5,0,Chromobacterium | R5
182.1,Chromobacterium,R5,0,Chromobacterium | R5
183.1,Chromobacterium,R5,0,Chromobacterium | R5
184.1,Chromobacterium,R5,0,Chromobacterium | R5
185.1,Chromobacterium,R5,0,Chromobacterium | R5
186.1,Chromobacterium,R5,0,Chromobacterium | R5
187.1,Chromobacterium,R5,0,Chromobacterium | R5
188.1,Chromobacterium,R5,0,Chromobacterium | R5
189.1,Chromobacterium,R5,0,Chromobacterium | R5
190.1,Chromobacterium,R5,0,Chromobacterium | R5
191.1,Chromobacterium,R5,0,Chromobacterium | R5
192.1,Chromobacterium,R5,0,Chromobacterium | R5
193.1,Chromobacterium,R5,0,Chromobacterium | R5
194.1,Chromobacterium,R5,0,Chromobacterium | R5
195.1,Chromobacterium,R5,0,Chromobacterium | R5
196.1,Chromobacterium,R5,0,Chromobacterium | R5
197.1,Chromobacterium,R5,0,Chromobacterium | R5
198.1,Chromobacterium,R5,0,Chromobacterium | R5
199.1,Chromobacterium,R5,0,Chromobacterium | R5
200.1,Chromobacterium,R5,0,Chromobacterium | R5
201.1,Chromobacterium,R5,0,Chromobacterium | R5
202.1,Chromobacterium,R5,0,Chromobacterium | R5
203.1,Chromobacterium,R5,0,Chromobacterium | R5
204.1,Chromobacterium,R5,0,Chromobacterium | R5
205.1,Chromobacterium,R5,0,Chromobacterium | R5
206.1,Chromobacterium,R5,0,Chromobacterium | R5
207.1,Chromobacterium,R5,0,Chromobacterium | R5
208.1,Chromobacterium,R5,0,Chromobacterium | R5
209.1,Chromobacterium,R5,0,Chromobacterium | R5
210.1,Chromobacterium,R5,0,Chromobacterium | R5
211.1,Chromobacterium,R5,0,Chromobacterium | R5
212.1,Chromobacterium,R5,0,Chromobacterium | R5
0.03,Chryseobacterium,R1,4.99,Chryseobacterium | R1
1.05,Chryseobacterium,R1,4.89,Chryseobacterium | R1
2.05,Chryseobacterium,R1,4.91,Chryseobacterium | R1
3.05,Chryseobacterium,R1,4.97,Chryseobacterium | R1
4.05,Chryseobacterium,R1,5.03,Chryseobacterium | R1
5.05,Chryseobacterium,R1,5.1,Chryseobacterium | R1
6.05,Chryseobacterium,R1,5.15,Chryseobacterium | R1
7.05,Chryseobacterium,R1,5.23,Chryseobacterium | R1
8.05,Chryseobacterium,R1,5.27,Chryseobacterium | R1
9.05,Chryseobacterium,R1,5.34,Chryseobacterium | R1
10.05,Chryseobacterium,R1,5.41,Chryseobacterium | R1
11.05,Chryseobacterium,R1,5.45,Chryseobacterium | R1
12.05,Chryseobacterium,R1,5.5,Chryseobacterium | R1
13.05,Chryseobacterium,R1,5.53,Chryseobacterium | R1
14.05,Chryseobacterium,R1,5.59,Chryseobacterium | R1
15.05,Chryseobacterium,R1,5.64,Chryseobacterium | R1
16.05,Chryseobacterium,R1,5.66,Chryseobacterium | R1
17.05,Chryseobacterium,R1,5.7,Chryseobacterium | R1
18.05,Chryseobacterium,R1,5.75,Chryseobacterium | R1
19.05,Chryseobacterium,R1,5.77,Chryseobacterium | R1
20.05,Chryseobacterium,R1,5.79,Chryseobacterium | R1
21.05,Chryseobacterium,R1,5.83,Chryseobacterium | R1
22.05,Chryseobacterium,R1,5.85,Chryseobacterium | R1
23.05,Chryseobacterium,R1,5.87,Chryseobacterium | R1
24.05,Chryseobacterium,R1,5.88,Chryseobacterium | R1
25.05,Chryseobacterium,R1,5.9,Chryseobacterium | R1
26.05,Chryseobacterium,R1,5.93,Chryseobacterium | R1
27.05,Chryseobacterium,R1,5.94,Chryseobacterium | R1
28.05,Chryseobacterium,R1,5.96,Chryseobacterium | R1
29.05,Chryseobacterium,R1,5.97,Chryseobacterium | R1
30.05,Chryseobacterium,R1,5.99,Chryseobacterium | R1
31.05,Chryseobacterium,R1,6,Chryseobacterium | R1
32.05,Chryseobacterium,R1,6.02,Chryseobacterium | R1
33.05,Chryseobacterium,R1,6.03,Chryseobacterium | R1
34.05,Chryseobacterium,R1,6.03,Chryseobacterium | R1
35.05,Chryseobacterium,R1,6.04,Chryseobacterium | R1
36.05,Chryseobacterium,R1,6.04,Chryseobacterium | R1
37.05,Chryseobacterium,R1,6.07,Chryseobacterium | R1
38.05,Chryseobacterium,R1,6.08,Chryseobacterium | R1
39.05,Chryseobacterium,R1,6.08,Chryseobacterium | R1
40.05,Chryseobacterium,R1,6.1,Chryseobacterium | R1
41.05,Chryseobacterium,R1,6.08,Chryseobacterium | R1
42.07,Chryseobacterium,R1,6.1,Chryseobacterium | R1
43.07,Chryseobacterium,R1,6.1,Chryseobacterium | R1
44.07,Chryseobacterium,R1,6.12,Chryseobacterium | R1
45.07,Chryseobacterium,R1,6.11,Chryseobacterium | R1
46.07,Chryseobacterium,R1,6.13,Chryseobacterium | R1
47.07,Chryseobacterium,R1,6.13,Chryseobacterium | R1
48.07,Chryseobacterium,R1,6.13,Chryseobacterium | R1
49.07,Chryseobacterium,R1,6.13,Chryseobacterium | R1
50.07,Chryseobacterium,R1,6.13,Chryseobacterium | R1
51.07,Chryseobacterium,R1,6.12,Chryseobacterium | R1
52.07,Chryseobacterium,R1,6.15,Chryseobacterium | R1
53.07,Chryseobacterium,R1,6.15,Chryseobacterium | R1
54.07,Chryseobacterium,R1,6.14,Chryseobacterium | R1
55.07,Chryseobacterium,R1,6.14,Chryseobacterium | R1
56.07,Chryseobacterium,R1,6.13,Chryseobacterium | R1
57.07,Chryseobacterium,R1,6.12,Chryseobacterium | R1
58.07,Chryseobacterium,R1,6.12,Chryseobacterium | R1
59.07,Chryseobacterium,R1,6.11,Chryseobacterium | R1
60.07,Chryseobacterium,R1,6.11,Chryseobacterium | R1
61.07,Chryseobacterium,R1,6.11,Chryseobacterium | R1
62.07,Chryseobacterium,R1,6.1,Chryseobacterium | R1
63.07,Chryseobacterium,R1,6.09,Chryseobacterium | R1
64.07,Chryseobacterium,R1,6.09,Chryseobacterium | R1
65.07,Chryseobacterium,R1,6.09,Chryseobacterium | R1
66.07,Chryseobacterium,R1,6.08,Chryseobacterium | R1
67.07,Chryseobacterium,R1,6.08,Chryseobacterium | R1
68.07,Chryseobacterium,R1,6.07,Chryseobacterium | R1
69.07,Chryseobacterium,R1,6.05,Chryseobacterium | R1
70.07,Chryseobacterium,R1,6.05,Chryseobacterium | R1
71.07,Chryseobacterium,R1,6.05,Chryseobacterium | R1
72.07,Chryseobacterium,R1,6.05,Chryseobacterium | R1
73.07,Chryseobacterium,R1,6.04,Chryseobacterium | R1
74.07,Chryseobacterium,R1,6.03,Chryseobacterium | R1
75.07,Chryseobacterium,R1,6.02,Chryseobacterium | R1
76.07,Chryseobacterium,R1,6.02,Chryseobacterium | R1
77.07,Chryseobacterium,R1,6.01,Chryseobacterium | R1
78.07,Chryseobacterium,R1,6,Chryseobacterium | R1
79.07,Chryseobacterium,R1,6,Chryseobacterium | R1
80.07,Chryseobacterium,R1,5.99,Chryseobacterium | R1
81.07,Chryseobacterium,R1,5.99,Chryseobacterium | R1
82.07,Chryseobacterium,R1,5.98,Chryseobacterium | R1
83.07,Chryseobacterium,R1,5.97,Chryseobacterium | R1
84.07,Chryseobacterium,R1,5.97,Chryseobacterium | R1
85.07,Chryseobacterium,R1,5.95,Chryseobacterium | R1
86.07,Chryseobacterium,R1,5.94,Chryseobacterium | R1
87.07,Chryseobacterium,R1,5.94,Chryseobacterium | R1
88.07,Chryseobacterium,R1,5.93,Chryseobacterium | R1
89.07,Chryseobacterium,R1,5.92,Chryseobacterium | R1
90.07,Chryseobacterium,R1,5.92,Chryseobacterium | R1
91.07,Chryseobacterium,R1,5.91,Chryseobacterium | R1
92.07,Chryseobacterium,R1,5.9,Chryseobacterium | R1
93.07,Chryseobacterium,R1,5.88,Chryseobacterium | R1
94.07,Chryseobacterium,R1,5.88,Chryseobacterium | R1
95.07,Chryseobacterium,R1,5.87,Chryseobacterium | R1
96.07,Chryseobacterium,R1,5.86,Chryseobacterium | R1
97.07,Chryseobacterium,R1,5.86,Chryseobacterium | R1
98.07,Chryseobacterium,R1,5.85,Chryseobacterium | R1
99.07,Chryseobacterium,R1,5.83,Chryseobacterium | R1
100.07,Chryseobacterium,R1,5.82,Chryseobacterium | R1
101.07,Chryseobacterium,R1,5.82,Chryseobacterium | R1
102.07,Chryseobacterium,R1,5.81,Chryseobacterium | R1
103.07,Chryseobacterium,R1,5.8,Chryseobacterium | R1
104.07,Chryseobacterium,R1,5.78,Chryseobacterium | R1
105.07,Chryseobacterium,R1,5.77,Chryseobacterium | R1
106.07,Chryseobacterium,R1,5.75,Chryseobacterium | R1
107.07,Chryseobacterium,R1,5.75,Chryseobacterium | R1
108.07,Chryseobacterium,R1,5.75,Chryseobacterium | R1
109.07,Chryseobacterium,R1,5.73,Chryseobacterium | R1
110.07,Chryseobacterium,R1,5.71,Chryseobacterium | R1
111.07,Chryseobacterium,R1,5.71,Chryseobacterium | R1
112.07,Chryseobacterium,R1,5.7,Chryseobacterium | R1
113.07,Chryseobacterium,R1,5.68,Chryseobacterium | R1
114.07,Chryseobacterium,R1,5.67,Chryseobacterium | R1
115.07,Chryseobacterium,R1,5.67,Chryseobacterium | R1
116.07,Chryseobacterium,R1,5.65,Chryseobacterium | R1
117.07,Chryseobacterium,R1,5.64,Chryseobacterium | R1
118.07,Chryseobacterium,R1,5.62,Chryseobacterium | R1
119.07,Chryseobacterium,R1,5.61,Chryseobacterium | R1
120.07,Chryseobacterium,R1,5.6,Chryseobacterium | R1
121.07,Chryseobacterium,R1,5.59,Chryseobacterium | R1
122.07,Chryseobacterium,R1,5.57,Chryseobacterium | R1
123.07,Chryseobacterium,R1,5.56,Chryseobacterium | R1
124.08,Chryseobacterium,R1,5.55,Chryseobacterium | R1
125.08,Chryseobacterium,R1,5.52,Chryseobacterium | R1
126.08,Chryseobacterium,R1,5.51,Chryseobacterium | R1
127.08,Chryseobacterium,R1,5.5,Chryseobacterium | R1
128.08,Chryseobacterium,R1,5.48,Chryseobacterium | R1
129.08,Chryseobacterium,R1,5.46,Chryseobacterium | R1
130.08,Chryseobacterium,R1,5.46,Chryseobacterium | R1
131.08,Chryseobacterium,R1,5.44,Chryseobacterium | R1
132.08,Chryseobacterium,R1,5.42,Chryseobacterium | R1
133.08,Chryseobacterium,R1,5.41,Chryseobacterium | R1
134.08,Chryseobacterium,R1,5.4,Chryseobacterium | R1
135.08,Chryseobacterium,R1,5.37,Chryseobacterium | R1
136.08,Chryseobacterium,R1,5.36,Chryseobacterium | R1
137.08,Chryseobacterium,R1,5.34,Chryseobacterium | R1
138.08,Chryseobacterium,R1,5.33,Chryseobacterium | R1
139.08,Chryseobacterium,R1,5.3,Chryseobacterium | R1
140.08,Chryseobacterium,R1,5.29,Chryseobacterium | R1
141.08,Chryseobacterium,R1,5.28,Chryseobacterium | R1
142.08,Chryseobacterium,R1,5.25,Chryseobacterium | R1
143.08,Chryseobacterium,R1,5.24,Chryseobacterium | R1
144.08,Chryseobacterium,R1,5.21,Chryseobacterium | R1
145.08,Chryseobacterium,R1,5.19,Chryseobacterium | R1
146.08,Chryseobacterium,R1,5.18,Chryseobacterium | R1
147.08,Chryseobacterium,R1,5.16,Chryseobacterium | R1
148.08,Chryseobacterium,R1,5.13,Chryseobacterium | R1
149.08,Chryseobacterium,R1,5.11,Chryseobacterium | R1
150.08,Chryseobacterium,R1,5.09,Chryseobacterium | R1
151.08,Chryseobacterium,R1,5.08,Chryseobacterium | R1
152.08,Chryseobacterium,R1,5.05,Chryseobacterium | R1
153.08,Chryseobacterium,R1,5.04,Chryseobacterium | R1
154.08,Chryseobacterium,R1,5.01,Chryseobacterium | R1
155.08,Chryseobacterium,R1,4.98,Chryseobacterium | R1
156.08,Chryseobacterium,R1,4.96,Chryseobacterium | R1
157.08,Chryseobacterium,R1,4.94,Chryseobacterium | R1
158.08,Chryseobacterium,R1,4.92,Chryseobacterium | R1
159.08,Chryseobacterium,R1,4.9,Chryseobacterium | R1
160.08,Chryseobacterium,R1,4.86,Chryseobacterium | R1
161.08,Chryseobacterium,R1,4.84,Chryseobacterium | R1
162.08,Chryseobacterium,R1,4.82,Chryseobacterium | R1
163.08,Chryseobacterium,R1,4.8,Chryseobacterium | R1
164.08,Chryseobacterium,R1,4.77,Chryseobacterium | R1
165.08,Chryseobacterium,R1,4.75,Chryseobacterium | R1
166.08,Chryseobacterium,R1,4.71,Chryseobacterium | R1
167.08,Chryseobacterium,R1,4.7,Chryseobacterium | R1
168.08,Chryseobacterium,R1,4.67,Chryseobacterium | R1
169.08,Chryseobacterium,R1,4.63,Chryseobacterium | R1
170.08,Chryseobacterium,R1,4.6,Chryseobacterium | R1
171.08,Chryseobacterium,R1,4.58,Chryseobacterium | R1
172.08,Chryseobacterium,R1,4.54,Chryseobacterium | R1
173.08,Chryseobacterium,R1,4.52,Chryseobacterium | R1
174.08,Chryseobacterium,R1,4.49,Chryseobacterium | R1
175.08,Chryseobacterium,R1,4.45,Chryseobacterium | R1
176.08,Chryseobacterium,R1,4.43,Chryseobacterium | R1
177.08,Chryseobacterium,R1,4.4,Chryseobacterium | R1
178.08,Chryseobacterium,R1,4.36,Chryseobacterium | R1
179.1,Chryseobacterium,R1,4.33,Chryseobacterium | R1
180.1,Chryseobacterium,R1,4.29,Chryseobacterium | R1
181.1,Chryseobacterium,R1,4.27,Chryseobacterium | R1
182.1,Chryseobacterium,R1,4.23,Chryseobacterium | R1
183.1,Chryseobacterium,R1,4.2,Chryseobacterium | R1
184.1,Chryseobacterium,R1,4.16,Chryseobacterium | R1
185.1,Chryseobacterium,R1,4.12,Chryseobacterium | R1
186.1,Chryseobacterium,R1,4.08,Chryseobacterium | R1
187.1,Chryseobacterium,R1,4.05,Chryseobacterium | R1
188.1,Chryseobacterium,R1,4.01,Chryseobacterium | R1
189.1,Chryseobacterium,R1,3.97,Chryseobacterium | R1
190.1,Chryseobacterium,R1,3.94,Chryseobacterium | R1
191.1,Chryseobacterium,R1,3.89,Chryseobacterium | R1
192.1,Chryseobacterium,R1,3.85,Chryseobacterium | R1
193.1,Chryseobacterium,R1,3.81,Chryseobacterium | R1
194.1,Chryseobacterium,R1,3.78,Chryseobacterium | R1
195.1,Chryseobacterium,R1,3.73,Chryseobacterium | R1
196.1,Chryseobacterium,R1,3.7,Chryseobacterium | R1
197.1,Chryseobacterium,R1,3.64,Chryseobacterium | R1
198.1,Chryseobacterium,R1,3.6,Chryseobacterium | R1
199.1,Chryseobacterium,R1,3.56,Chryseobacterium | R1
200.1,Chryseobacterium,R1,3.52,Chryseobacterium | R1
201.1,Chryseobacterium,R1,3.46,Chryseobacterium | R1
202.1,Chryseobacterium,R1,3.42,Chryseobacterium | R1
203.1,Chryseobacterium,R1,3.37,Chryseobacterium | R1
204.1,Chryseobacterium,R1,3.33,Chryseobacterium | R1
205.1,Chryseobacterium,R1,3.27,Chryseobacterium | R1
206.1,Chryseobacterium,R1,3.22,Chryseobacterium | R1
207.1,Chryseobacterium,R1,3.17,Chryseobacterium | R1
208.1,Chryseobacterium,R1,3.13,Chryseobacterium | R1
209.1,Chryseobacterium,R1,3.07,Chryseobacterium | R1
210.1,Chryseobacterium,R1,3.02,Chryseobacterium | R1
211.1,Chryseobacterium,R1,2.96,Chryseobacterium | R1
212.1,Chryseobacterium,R1,2.91,Chryseobacterium | R1
0.03,Chryseobacterium,R2,4.71,Chryseobacterium | R2
1.05,Chryseobacterium,R2,4.68,Chryseobacterium | R2
2.05,Chryseobacterium,R2,4.73,Chryseobacterium | R2
3.05,Chryseobacterium,R2,4.77,Chryseobacterium | R2
4.05,Chryseobacterium,R2,4.83,Chryseobacterium | R2
5.05,Chryseobacterium,R2,4.88,Chryseobacterium | R2
6.05,Chryseobacterium,R2,4.92,Chryseobacterium | R2
7.05,Chryseobacterium,R2,4.97,Chryseobacterium | R2
8.05,Chryseobacterium,R2,5.01,Chryseobacterium | R2
9.05,Chryseobacterium,R2,5.06,Chryseobacterium | R2
10.05,Chryseobacterium,R2,5.1,Chryseobacterium | R2
11.05,Chryseobacterium,R2,5.15,Chryseobacterium | R2
12.05,Chryseobacterium,R2,5.18,Chryseobacterium | R2
13.05,Chryseobacterium,R2,5.23,Chryseobacterium | R2
14.05,Chryseobacterium,R2,5.26,Chryseobacterium | R2
15.05,Chryseobacterium,R2,5.31,Chryseobacterium | R2
16.05,Chryseobacterium,R2,5.34,Chryseobacterium | R2
17.05,Chryseobacterium,R2,5.36,Chryseobacterium | R2
18.05,Chryseobacterium,R2,5.4,Chryseobacterium | R2
19.05,Chryseobacterium,R2,5.44,Chryseobacterium | R2
20.05,Chryseobacterium,R2,5.47,Chryseobacterium | R2
21.05,Chryseobacterium,R2,5.5,Chryseobacterium | R2
22.05,Chryseobacterium,R2,5.52,Chryseobacterium | R2
23.05,Chryseobacterium,R2,5.57,Chryseobacterium | R2
24.05,Chryseobacterium,R2,5.58,Chryseobacterium | R2
25.05,Chryseobacterium,R2,5.6,Chryseobacterium | R2
26.05,Chryseobacterium,R2,5.63,Chryseobacterium | R2
27.05,Chryseobacterium,R2,5.65,Chryseobacterium | R2
28.05,Chryseobacterium,R2,5.67,Chryseobacterium | R2
29.05,Chryseobacterium,R2,5.7,Chryseobacterium | R2
30.05,Chryseobacterium,R2,5.72,Chryseobacterium | R2
31.05,Chryseobacterium,R2,5.74,Chryseobacterium | R2
32.05,Chryseobacterium,R2,5.75,Chryseobacterium | R2
33.05,Chryseobacterium,R2,5.77,Chryseobacterium | R2
34.05,Chryseobacterium,R2,5.79,Chryseobacterium | R2
35.05,Chryseobacterium,R2,5.8,Chryseobacterium | R2
36.05,Chryseobacterium,R2,5.81,Chryseobacterium | R2
37.05,Chryseobacterium,R2,5.83,Chryseobacterium | R2
38.05,Chryseobacterium,R2,5.85,Chryseobacterium | R2
39.05,Chryseobacterium,R2,5.85,Chryseobacterium | R2
40.05,Chryseobacterium,R2,5.87,Chryseobacterium | R2
41.05,Chryseobacterium,R2,5.87,Chryseobacterium | R2
42.07,Chryseobacterium,R2,5.88,Chryseobacterium | R2
43.07,Chryseobacterium,R2,5.89,Chryseobacterium | R2
44.07,Chryseobacterium,R2,5.9,Chryseobacterium | R2
45.07,Chryseobacterium,R2,5.9,Chryseobacterium | R2
46.07,Chryseobacterium,R2,5.92,Chryseobacterium | R2
47.07,Chryseobacterium,R2,5.92,Chryseobacterium | R2
48.07,Chryseobacterium,R2,5.93,Chryseobacterium | R2
49.07,Chryseobacterium,R2,5.94,Chryseobacterium | R2
50.07,Chryseobacterium,R2,5.95,Chryseobacterium | R2
51.07,Chryseobacterium,R2,5.94,Chryseobacterium | R2
52.07,Chryseobacterium,R2,5.95,Chryseobacterium | R2
53.07,Chryseobacterium,R2,5.95,Chryseobacterium | R2
54.07,Chryseobacterium,R2,5.96,Chryseobacterium | R2
55.07,Chryseobacterium,R2,5.96,Chryseobacterium | R2
56.07,Chryseobacterium,R2,5.95,Chryseobacterium | R2
57.07,Chryseobacterium,R2,5.96,Chryseobacterium | R2
58.07,Chryseobacterium,R2,5.96,Chryseobacterium | R2
59.07,Chryseobacterium,R2,5.97,Chryseobacterium | R2
60.07,Chryseobacterium,R2,5.95,Chryseobacterium | R2
61.07,Chryseobacterium,R2,5.97,Chryseobacterium | R2
62.07,Chryseobacterium,R2,5.97,Chryseobacterium | R2
63.07,Chryseobacterium,R2,5.98,Chryseobacterium | R2
64.07,Chryseobacterium,R2,5.97,Chryseobacterium | R2
65.07,Chryseobacterium,R2,5.97,Chryseobacterium | R2
66.07,Chryseobacterium,R2,5.97,Chryseobacterium | R2
67.07,Chryseobacterium,R2,5.95,Chryseobacterium | R2
68.07,Chryseobacterium,R2,5.96,Chryseobacterium | R2
69.07,Chryseobacterium,R2,5.95,Chryseobacterium | R2
70.07,Chryseobacterium,R2,5.95,Chryseobacterium | R2
71.07,Chryseobacterium,R2,5.94,Chryseobacterium | R2
72.07,Chryseobacterium,R2,5.94,Chryseobacterium | R2
73.07,Chryseobacterium,R2,5.93,Chryseobacterium | R2
74.07,Chryseobacterium,R2,5.93,Chryseobacterium | R2
75.07,Chryseobacterium,R2,5.92,Chryseobacterium | R2
76.07,Chryseobacterium,R2,5.91,Chryseobacterium | R2
77.07,Chryseobacterium,R2,5.9,Chryseobacterium | R2
78.07,Chryseobacterium,R2,5.9,Chryseobacterium | R2
79.07,Chryseobacterium,R2,5.9,Chryseobacterium | R2
80.07,Chryseobacterium,R2,5.89,Chryseobacterium | R2
81.07,Chryseobacterium,R2,5.89,Chryseobacterium | R2
82.07,Chryseobacterium,R2,5.88,Chryseobacterium | R2
83.07,Chryseobacterium,R2,5.88,Chryseobacterium | R2
84.07,Chryseobacterium,R2,5.88,Chryseobacterium | R2
85.07,Chryseobacterium,R2,5.86,Chryseobacterium | R2
86.07,Chryseobacterium,R2,5.86,Chryseobacterium | R2
87.07,Chryseobacterium,R2,5.85,Chryseobacterium | R2
88.07,Chryseobacterium,R2,5.85,Chryseobacterium | R2
89.07,Chryseobacterium,R2,5.84,Chryseobacterium | R2
90.07,Chryseobacterium,R2,5.83,Chryseobacterium | R2
91.07,Chryseobacterium,R2,5.82,Chryseobacterium | R2
92.07,Chryseobacterium,R2,5.81,Chryseobacterium | R2
93.07,Chryseobacterium,R2,5.81,Chryseobacterium | R2
94.07,Chryseobacterium,R2,5.8,Chryseobacterium | R2
95.07,Chryseobacterium,R2,5.79,Chryseobacterium | R2
96.07,Chryseobacterium,R2,5.78,Chryseobacterium | R2
97.07,Chryseobacterium,R2,5.79,Chryseobacterium | R2
98.07,Chryseobacterium,R2,5.77,Chryseobacterium | R2
99.07,Chryseobacterium,R2,5.76,Chryseobacterium | R2
100.07,Chryseobacterium,R2,5.76,Chryseobacterium | R2
101.07,Chryseobacterium,R2,5.75,Chryseobacterium | R2
102.07,Chryseobacterium,R2,5.74,Chryseobacterium | R2
103.07,Chryseobacterium,R2,5.74,Chryseobacterium | R2
104.07,Chryseobacterium,R2,5.72,Chryseobacterium | R2
105.07,Chryseobacterium,R2,5.71,Chryseobacterium | R2
106.07,Chryseobacterium,R2,5.7,Chryseobacterium | R2
107.07,Chryseobacterium,R2,5.7,Chryseobacterium | R2
108.07,Chryseobacterium,R2,5.68,Chryseobacterium | R2
109.07,Chryseobacterium,R2,5.68,Chryseobacterium | R2
110.07,Chryseobacterium,R2,5.67,Chryseobacterium | R2
111.07,Chryseobacterium,R2,5.65,Chryseobacterium | R2
112.07,Chryseobacterium,R2,5.65,Chryseobacterium | R2
113.07,Chryseobacterium,R2,5.63,Chryseobacterium | R2
114.07,Chryseobacterium,R2,5.63,Chryseobacterium | R2
115.07,Chryseobacterium,R2,5.62,Chryseobacterium | R2
116.07,Chryseobacterium,R2,5.61,Chryseobacterium | R2
117.07,Chryseobacterium,R2,5.59,Chryseobacterium | R2
118.07,Chryseobacterium,R2,5.58,Chryseobacterium | R2
119.07,Chryseobacterium,R2,5.57,Chryseobacterium | R2
120.07,Chryseobacterium,R2,5.55,Chryseobacterium | R2
121.07,Chryseobacterium,R2,5.55,Chryseobacterium | R2
122.07,Chryseobacterium,R2,5.53,Chryseobacterium | R2
123.07,Chryseobacterium,R2,5.52,Chryseobacterium | R2
124.08,Chryseobacterium,R2,5.51,Chryseobacterium | R2
125.08,Chryseobacterium,R2,5.5,Chryseobacterium | R2
126.08,Chryseobacterium,R2,5.49,Chryseobacterium | R2
127.08,Chryseobacterium,R2,5.48,Chryseobacterium | R2
128.08,Chryseobacterium,R2,5.46,Chryseobacterium | R2
129.08,Chryseobacterium,R2,5.45,Chryseobacterium | R2
130.08,Chryseobacterium,R2,5.43,Chryseobacterium | R2
131.08,Chryseobacterium,R2,5.43,Chryseobacterium | R2
132.08,Chryseobacterium,R2,5.4,Chryseobacterium | R2
133.08,Chryseobacterium,R2,5.4,Chryseobacterium | R2
134.08,Chryseobacterium,R2,5.38,Chryseobacterium | R2
135.08,Chryseobacterium,R2,5.37,Chryseobacterium | R2
136.08,Chryseobacterium,R2,5.35,Chryseobacterium | R2
137.08,Chryseobacterium,R2,5.35,Chryseobacterium | R2
138.08,Chryseobacterium,R2,5.32,Chryseobacterium | R2
139.08,Chryseobacterium,R2,5.3,Chryseobacterium | R2
140.08,Chryseobacterium,R2,5.29,Chryseobacterium | R2
141.08,Chryseobacterium,R2,5.27,Chryseobacterium | R2
142.08,Chryseobacterium,R2,5.25,Chryseobacterium | R2
143.08,Chryseobacterium,R2,5.24,Chryseobacterium | R2
144.08,Chryseobacterium,R2,5.22,Chryseobacterium | R2
145.08,Chryseobacterium,R2,5.21,Chryseobacterium | R2
146.08,Chryseobacterium,R2,5.18,Chryseobacterium | R2
147.08,Chryseobacterium,R2,5.17,Chryseobacterium | R2
148.08,Chryseobacterium,R2,5.15,Chryseobacterium | R2
149.08,Chryseobacterium,R2,5.13,Chryseobacterium | R2
150.08,Chryseobacterium,R2,5.12,Chryseobacterium | R2
151.08,Chryseobacterium,R2,5.1,Chryseobacterium | R2
152.08,Chryseobacterium,R2,5.08,Chryseobacterium | R2
153.08,Chryseobacterium,R2,5.06,Chryseobacterium | R2
154.08,Chryseobacterium,R2,5.03,Chryseobacterium | R2
155.08,Chryseobacterium,R2,5.01,Chryseobacterium | R2
156.08,Chryseobacterium,R2,4.99,Chryseobacterium | R2
157.08,Chryseobacterium,R2,4.97,Chryseobacterium | R2
158.08,Chryseobacterium,R2,4.95,Chryseobacterium | R2
159.08,Chryseobacterium,R2,4.93,Chryseobacterium | R2
160.08,Chryseobacterium,R2,4.91,Chryseobacterium | R2
161.08,Chryseobacterium,R2,4.88,Chryseobacterium | R2
162.08,Chryseobacterium,R2,4.86,Chryseobacterium | R2
163.08,Chryseobacterium,R2,4.84,Chryseobacterium | R2
164.08,Chryseobacterium,R2,4.82,Chryseobacterium | R2
165.08,Chryseobacterium,R2,4.79,Chryseobacterium | R2
166.08,Chryseobacterium,R2,4.76,Chryseobacterium | R2
167.08,Chryseobacterium,R2,4.74,Chryseobacterium | R2
168.08,Chryseobacterium,R2,4.72,Chryseobacterium | R2
169.08,Chryseobacterium,R2,4.69,Chryseobacterium | R2
170.08,Chryseobacterium,R2,4.67,Chryseobacterium | R2
171.08,Chryseobacterium,R2,4.64,Chryseobacterium | R2
172.08,Chryseobacterium,R2,4.61,Chryseobacterium | R2
173.08,Chryseobacterium,R2,4.59,Chryseobacterium | R2
174.08,Chryseobacterium,R2,4.56,Chryseobacterium | R2
175.08,Chryseobacterium,R2,4.53,Chryseobacterium | R2
176.08,Chryseobacterium,R2,4.5,Chryseobacterium | R2
177.08,Chryseobacterium,R2,4.46,Chryseobacterium | R2
178.08,Chryseobacterium,R2,4.43,Chryseobacterium | R2
179.1,Chryseobacterium,R2,4.41,Chryseobacterium | R2
180.1,Chryseobacterium,R2,4.37,Chryseobacterium | R2
181.1,Chryseobacterium,R2,4.35,Chryseobacterium | R2
182.1,Chryseobacterium,R2,4.31,Chryseobacterium | R2
183.1,Chryseobacterium,R2,4.28,Chryseobacterium | R2
184.1,Chryseobacterium,R2,4.24,Chryseobacterium | R2
185.1,Chryseobacterium,R2,4.21,Chryseobacterium | R2
186.1,Chryseobacterium,R2,4.18,Chryseobacterium | R2
187.1,Chryseobacterium,R2,4.14,Chryseobacterium | R2
188.1,Chryseobacterium,R2,4.11,Chryseobacterium | R2
189.1,Chryseobacterium,R2,4.07,Chryseobacterium | R2
190.1,Chryseobacterium,R2,4.03,Chryseobacterium | R2
191.1,Chryseobacterium,R2,4,Chryseobacterium | R2
192.1,Chryseobacterium,R2,3.95,Chryseobacterium | R2
193.1,Chryseobacterium,R2,3.92,Chryseobacterium | R2
194.1,Chryseobacterium,R2,3.88,Chryseobacterium | R2
195.1,Chryseobacterium,R2,3.84,Chryseobacterium | R2
196.1,Chryseobacterium,R2,3.8,Chryseobacterium | R2
197.1,Chryseobacterium,R2,3.76,Chryseobacterium | R2
198.1,Chryseobacterium,R2,3.72,Chryseobacterium | R2
199.1,Chryseobacterium,R2,3.67,Chryseobacterium | R2
200.1,Chryseobacterium,R2,3.63,Chryseobacterium | R2
201.1,Chryseobacterium,R2,3.59,Chryseobacterium | R2
202.1,Chryseobacterium,R2,3.54,Chryseobacterium | R2
203.1,Chryseobacterium,R2,3.5,Chryseobacterium | R2
204.1,Chryseobacterium,R2,3.45,Chryseobacterium | R2
205.1,Chryseobacterium,R2,3.4,Chryseobacterium | R2
206.1,Chryseobacterium,R2,3.36,Chryseobacterium | R2
207.1,Chryseobacterium,R2,3.31,Chryseobacterium | R2
208.1,Chryseobacterium,R2,3.26,Chryseobacterium | R2
209.1,Chryseobacterium,R2,3.21,Chryseobacterium | R2
210.1,Chryseobacterium,R2,3.16,Chryseobacterium | R2
211.1,Chryseobacterium,R2,3.1,Chryseobacterium | R2
212.1,Chryseobacterium,R2,3.05,Chryseobacterium | R2
0.03,Chryseobacterium,R3,4.97,Chryseobacterium | R3
1.05,Chryseobacterium,R3,4.79,Chryseobacterium | R3
2.05,Chryseobacterium,R3,4.8,Chryseobacterium | R3
3.05,Chryseobacterium,R3,4.8,Chryseobacterium | R3
4.05,Chryseobacterium,R3,4.83,Chryseobacterium | R3
5.05,Chryseobacterium,R3,4.87,Chryseobacterium | R3
6.05,Chryseobacterium,R3,4.9,Chryseobacterium | R3
7.05,Chryseobacterium,R3,4.94,Chryseobacterium | R3
8.05,Chryseobacterium,R3,4.98,Chryseobacterium | R3
9.05,Chryseobacterium,R3,5.02,Chryseobacterium | R3
10.05,Chryseobacterium,R3,5.06,Chryseobacterium | R3
11.05,Chryseobacterium,R3,5.09,Chryseobacterium | R3
12.05,Chryseobacterium,R3,5.13,Chryseobacterium | R3
13.05,Chryseobacterium,R3,5.16,Chryseobacterium | R3
14.05,Chryseobacterium,R3,5.19,Chryseobacterium | R3
15.05,Chryseobacterium,R3,5.23,Chryseobacterium | R3
16.05,Chryseobacterium,R3,5.25,Chryseobacterium | R3
17.05,Chryseobacterium,R3,5.27,Chryseobacterium | R3
18.05,Chryseobacterium,R3,5.29,Chryseobacterium | R3
19.05,Chryseobacterium,R3,5.32,Chryseobacterium | R3
20.05,Chryseobacterium,R3,5.35,Chryseobacterium | R3
21.05,Chryseobacterium,R3,5.38,Chryseobacterium | R3
22.05,Chryseobacterium,R3,5.41,Chryseobacterium | R3
23.05,Chryseobacterium,R3,5.45,Chryseobacterium | R3
24.05,Chryseobacterium,R3,5.47,Chryseobacterium | R3
25.05,Chryseobacterium,R3,5.48,Chryseobacterium | R3
26.05,Chryseobacterium,R3,5.51,Chryseobacterium | R3
27.05,Chryseobacterium,R3,5.52,Chryseobacterium | R3
28.05,Chryseobacterium,R3,5.54,Chryseobacterium | R3
29.05,Chryseobacterium,R3,5.57,Chryseobacterium | R3
30.05,Chryseobacterium,R3,5.6,Chryseobacterium | R3
31.05,Chryseobacterium,R3,5.61,Chryseobacterium | R3
32.05,Chryseobacterium,R3,5.64,Chryseobacterium | R3
33.05,Chryseobacterium,R3,5.65,Chryseobacterium | R3
34.05,Chryseobacterium,R3,5.67,Chryseobacterium | R3
35.05,Chryseobacterium,R3,5.68,Chryseobacterium | R3
36.05,Chryseobacterium,R3,5.7,Chryseobacterium | R3
37.05,Chryseobacterium,R3,5.73,Chryseobacterium | R3
38.05,Chryseobacterium,R3,5.74,Chryseobacterium | R3
39.05,Chryseobacterium,R3,5.75,Chryseobacterium | R3
40.05,Chryseobacterium,R3,5.76,Chryseobacterium | R3
41.05,Chryseobacterium,R3,5.77,Chryseobacterium | R3
42.07,Chryseobacterium,R3,5.79,Chryseobacterium | R3
43.07,Chryseobacterium,R3,5.78,Chryseobacterium | R3
44.07,Chryseobacterium,R3,5.81,Chryseobacterium | R3
45.07,Chryseobacterium,R3,5.81,Chryseobacterium | R3
46.07,Chryseobacterium,R3,5.83,Chryseobacterium | R3
47.07,Chryseobacterium,R3,5.83,Chryseobacterium | R3
48.07,Chryseobacterium,R3,5.84,Chryseobacterium | R3
49.07,Chryseobacterium,R3,5.85,Chryseobacterium | R3
50.07,Chryseobacterium,R3,5.86,Chryseobacterium | R3
51.07,Chryseobacterium,R3,5.87,Chryseobacterium | R3
52.07,Chryseobacterium,R3,5.87,Chryseobacterium | R3
53.07,Chryseobacterium,R3,5.88,Chryseobacterium | R3
54.07,Chryseobacterium,R3,5.88,Chryseobacterium | R3
55.07,Chryseobacterium,R3,5.88,Chryseobacterium | R3
56.07,Chryseobacterium,R3,5.89,Chryseobacterium | R3
57.07,Chryseobacterium,R3,5.9,Chryseobacterium | R3
58.07,Chryseobacterium,R3,5.91,Chryseobacterium | R3
59.07,Chryseobacterium,R3,5.9,Chryseobacterium | R3
60.07,Chryseobacterium,R3,5.91,Chryseobacterium | R3
61.07,Chryseobacterium,R3,5.92,Chryseobacterium | R3
62.07,Chryseobacterium,R3,5.92,Chryseobacterium | R3
63.07,Chryseobacterium,R3,5.93,Chryseobacterium | R3
64.07,Chryseobacterium,R3,5.93,Chryseobacterium | R3
65.07,Chryseobacterium,R3,5.92,Chryseobacterium | R3
66.07,Chryseobacterium,R3,5.94,Chryseobacterium | R3
67.07,Chryseobacterium,R3,5.94,Chryseobacterium | R3
68.07,Chryseobacterium,R3,5.93,Chryseobacterium | R3
69.07,Chryseobacterium,R3,5.93,Chryseobacterium | R3
70.07,Chryseobacterium,R3,5.92,Chryseobacterium | R3
71.07,Chryseobacterium,R3,5.92,Chryseobacterium | R3
72.07,Chryseobacterium,R3,5.91,Chryseobacterium | R3
73.07,Chryseobacterium,R3,5.9,Chryseobacterium | R3
74.07,Chryseobacterium,R3,5.91,Chryseobacterium | R3
75.07,Chryseobacterium,R3,5.9,Chryseobacterium | R3
76.07,Chryseobacterium,R3,5.89,Chryseobacterium | R3
77.07,Chryseobacterium,R3,5.89,Chryseobacterium | R3
78.07,Chryseobacterium,R3,5.88,Chryseobacterium | R3
79.07,Chryseobacterium,R3,5.88,Chryseobacterium | R3
80.07,Chryseobacterium,R3,5.87,Chryseobacterium | R3
81.07,Chryseobacterium,R3,5.86,Chryseobacterium | R3
82.07,Chryseobacterium,R3,5.87,Chryseobacterium | R3
83.07,Chryseobacterium,R3,5.85,Chryseobacterium | R3
84.07,Chryseobacterium,R3,5.85,Chryseobacterium | R3
85.07,Chryseobacterium,R3,5.84,Chryseobacterium | R3
86.07,Chryseobacterium,R3,5.83,Chryseobacterium | R3
87.07,Chryseobacterium,R3,5.82,Chryseobacterium | R3
88.07,Chryseobacterium,R3,5.82,Chryseobacterium | R3
89.07,Chryseobacterium,R3,5.82,Chryseobacterium | R3
90.07,Chryseobacterium,R3,5.82,Chryseobacterium | R3
91.07,Chryseobacterium,R3,5.8,Chryseobacterium | R3
92.07,Chryseobacterium,R3,5.8,Chryseobacterium | R3
93.07,Chryseobacterium,R3,5.79,Chryseobacterium | R3
94.07,Chryseobacterium,R3,5.78,Chryseobacterium | R3
95.07,Chryseobacterium,R3,5.77,Chryseobacterium | R3
96.07,Chryseobacterium,R3,5.77,Chryseobacterium | R3
97.07,Chryseobacterium,R3,5.76,Chryseobacterium | R3
98.07,Chryseobacterium,R3,5.76,Chryseobacterium | R3
99.07,Chryseobacterium,R3,5.75,Chryseobacterium | R3
100.07,Chryseobacterium,R3,5.74,Chryseobacterium | R3
101.07,Chryseobacterium,R3,5.73,Chryseobacterium | R3
102.07,Chryseobacterium,R3,5.72,Chryseobacterium | R3
103.07,Chryseobacterium,R3,5.7,Chryseobacterium | R3
104.07,Chryseobacterium,R3,5.71,Chryseobacterium | R3
105.07,Chryseobacterium,R3,5.7,Chryseobacterium | R3
106.07,Chryseobacterium,R3,5.69,Chryseobacterium | R3
107.07,Chryseobacterium,R3,5.69,Chryseobacterium | R3
108.07,Chryseobacterium,R3,5.67,Chryseobacterium | R3
109.07,Chryseobacterium,R3,5.66,Chryseobacterium | R3
110.07,Chryseobacterium,R3,5.66,Chryseobacterium | R3
111.07,Chryseobacterium,R3,5.65,Chryseobacterium | R3
112.07,Chryseobacterium,R3,5.64,Chryseobacterium | R3
113.07,Chryseobacterium,R3,5.63,Chryseobacterium | R3
114.07,Chryseobacterium,R3,5.62,Chryseobacterium | R3
115.07,Chryseobacterium,R3,5.6,Chryseobacterium | R3
116.07,Chryseobacterium,R3,5.59,Chryseobacterium | R3
117.07,Chryseobacterium,R3,5.59,Chryseobacterium | R3
118.07,Chryseobacterium,R3,5.57,Chryseobacterium | R3
119.07,Chryseobacterium,R3,5.57,Chryseobacterium | R3
120.07,Chryseobacterium,R3,5.55,Chryseobacterium | R3
121.07,Chryseobacterium,R3,5.54,Chryseobacterium | R3
122.07,Chryseobacterium,R3,5.53,Chryseobacterium | R3
123.07,Chryseobacterium,R3,5.52,Chryseobacterium | R3
124.08,Chryseobacterium,R3,5.51,Chryseobacterium | R3
125.08,Chryseobacterium,R3,5.5,Chryseobacterium | R3
126.08,Chryseobacterium,R3,5.48,Chryseobacterium | R3
127.08,Chryseobacterium,R3,5.47,Chryseobacterium | R3
128.08,Chryseobacterium,R3,5.47,Chryseobacterium | R3
129.08,Chryseobacterium,R3,5.45,Chryseobacterium | R3
130.08,Chryseobacterium,R3,5.44,Chryseobacterium | R3
131.08,Chryseobacterium,R3,5.43,Chryseobacterium | R3
132.08,Chryseobacterium,R3,5.41,Chryseobacterium | R3
133.08,Chryseobacterium,R3,5.4,Chryseobacterium | R3
134.08,Chryseobacterium,R3,5.38,Chryseobacterium | R3
135.08,Chryseobacterium,R3,5.37,Chryseobacterium | R3
136.08,Chryseobacterium,R3,5.36,Chryseobacterium | R3
137.08,Chryseobacterium,R3,5.34,Chryseobacterium | R3
138.08,Chryseobacterium,R3,5.32,Chryseobacterium | R3
139.08,Chryseobacterium,R3,5.31,Chryseobacterium | R3
140.08,Chryseobacterium,R3,5.3,Chryseobacterium | R3
141.08,Chryseobacterium,R3,5.28,Chryseobacterium | R3
142.08,Chryseobacterium,R3,5.27,Chryseobacterium | R3
143.08,Chryseobacterium,R3,5.25,Chryseobacterium | R3
144.08,Chryseobacterium,R3,5.24,Chryseobacterium | R3
145.08,Chryseobacterium,R3,5.22,Chryseobacterium | R3
146.08,Chryseobacterium,R3,5.21,Chryseobacterium | R3
147.08,Chryseobacterium,R3,5.19,Chryseobacterium | R3
148.08,Chryseobacterium,R3,5.16,Chryseobacterium | R3
149.08,Chryseobacterium,R3,5.15,Chryseobacterium | R3
150.08,Chryseobacterium,R3,5.13,Chryseobacterium | R3
151.08,Chryseobacterium,R3,5.12,Chryseobacterium | R3
152.08,Chryseobacterium,R3,5.1,Chryseobacterium | R3
153.08,Chryseobacterium,R3,5.08,Chryseobacterium | R3
154.08,Chryseobacterium,R3,5.06,Chryseobacterium | R3
155.08,Chryseobacterium,R3,5.04,Chryseobacterium | R3
156.08,Chryseobacterium,R3,5.01,Chryseobacterium | R3
157.08,Chryseobacterium,R3,5,Chryseobacterium | R3
158.08,Chryseobacterium,R3,4.98,Chryseobacterium | R3
159.08,Chryseobacterium,R3,4.96,Chryseobacterium | R3
160.08,Chryseobacterium,R3,4.94,Chryseobacterium | R3
161.08,Chryseobacterium,R3,4.91,Chryseobacterium | R3
162.08,Chryseobacterium,R3,4.89,Chryseobacterium | R3
163.08,Chryseobacterium,R3,4.87,Chryseobacterium | R3
164.08,Chryseobacterium,R3,4.86,Chryseobacterium | R3
165.08,Chryseobacterium,R3,4.83,Chryseobacterium | R3
166.08,Chryseobacterium,R3,4.8,Chryseobacterium | R3
167.08,Chryseobacterium,R3,4.78,Chryseobacterium | R3
168.08,Chryseobacterium,R3,4.76,Chryseobacterium | R3
169.08,Chryseobacterium,R3,4.72,Chryseobacterium | R3
170.08,Chryseobacterium,R3,4.7,Chryseobacterium | R3
171.08,Chryseobacterium,R3,4.68,Chryseobacterium | R3
172.08,Chryseobacterium,R3,4.66,Chryseobacterium | R3
173.08,Chryseobacterium,R3,4.64,Chryseobacterium | R3
174.08,Chryseobacterium,R3,4.61,Chryseobacterium | R3
175.08,Chryseobacterium,R3,4.58,Chryseobacterium | R3
176.08,Chryseobacterium,R3,4.55,Chryseobacterium | R3
177.08,Chryseobacterium,R3,4.52,Chryseobacterium | R3
178.08,Chryseobacterium,R3,4.49,Chryseobacterium | R3
179.1,Chryseobacterium,R3,4.46,Chryseobacterium | R3
180.1,Chryseobacterium,R3,4.43,Chryseobacterium | R3
181.1,Chryseobacterium,R3,4.41,Chryseobacterium | R3
182.1,Chryseobacterium,R3,4.38,Chryseobacterium | R3
183.1,Chryseobacterium,R3,4.34,Chryseobacterium | R3
184.1,Chryseobacterium,R3,4.31,Chryseobacterium | R3
185.1,Chryseobacterium,R3,4.28,Chryseobacterium | R3
186.1,Chryseobacterium,R3,4.25,Chryseobacterium | R3
187.1,Chryseobacterium,R3,4.23,Chryseobacterium | R3
188.1,Chryseobacterium,R3,4.19,Chryseobacterium | R3
189.1,Chryseobacterium,R3,4.15,Chryseobacterium | R3
190.1,Chryseobacterium,R3,4.11,Chryseobacterium | R3
191.1,Chryseobacterium,R3,4.09,Chryseobacterium | R3
192.1,Chryseobacterium,R3,4.04,Chryseobacterium | R3
193.1,Chryseobacterium,R3,4.01,Chryseobacterium | R3
194.1,Chryseobacterium,R3,3.97,Chryseobacterium | R3
195.1,Chryseobacterium,R3,3.93,Chryseobacterium | R3
196.1,Chryseobacterium,R3,3.9,Chryseobacterium | R3
197.1,Chryseobacterium,R3,3.85,Chryseobacterium | R3
198.1,Chryseobacterium,R3,3.82,Chryseobacterium | R3
199.1,Chryseobacterium,R3,3.78,Chryseobacterium | R3
200.1,Chryseobacterium,R3,3.74,Chryseobacterium | R3
201.1,Chryseobacterium,R3,3.69,Chryseobacterium | R3
202.1,Chryseobacterium,R3,3.65,Chryseobacterium | R3
203.1,Chryseobacterium,R3,3.61,Chryseobacterium | R3
204.1,Chryseobacterium,R3,3.57,Chryseobacterium | R3
205.1,Chryseobacterium,R3,3.52,Chryseobacterium | R3
206.1,Chryseobacterium,R3,3.48,Chryseobacterium | R3
207.1,Chryseobacterium,R3,3.44,Chryseobacterium | R3
208.1,Chryseobacterium,R3,3.38,Chryseobacterium | R3
209.1,Chryseobacterium,R3,3.34,Chryseobacterium | R3
210.1,Chryseobacterium,R3,3.29,Chryseobacterium | R3
211.1,Chryseobacterium,R3,3.24,Chryseobacterium | R3
212.1,Chryseobacterium,R3,3.19,Chryseobacterium | R3
0.03,Chryseobacterium,R4,4.68,Chryseobacterium | R4
1.05,Chryseobacterium,R4,4.67,Chryseobacterium | R4
2.05,Chryseobacterium,R4,4.7,Chryseobacterium | R4
3.05,Chryseobacterium,R4,4.73,Chryseobacterium | R4
4.05,Chryseobacterium,R4,4.75,Chryseobacterium | R4
5.05,Chryseobacterium,R4,4.8,Chryseobacterium | R4
6.05,Chryseobacterium,R4,4.83,Chryseobacterium | R4
7.05,Chryseobacterium,R4,4.86,Chryseobacterium | R4
8.05,Chryseobacterium,R4,4.89,Chryseobacterium | R4
9.05,Chryseobacterium,R4,4.91,Chryseobacterium | R4
10.05,Chryseobacterium,R4,4.94,Chryseobacterium | R4
11.05,Chryseobacterium,R4,4.98,Chryseobacterium | R4
12.05,Chryseobacterium,R4,5,Chryseobacterium | R4
13.05,Chryseobacterium,R4,5.03,Chryseobacterium | R4
14.05,Chryseobacterium,R4,5.06,Chryseobacterium | R4
15.05,Chryseobacterium,R4,5.09,Chryseobacterium | R4
16.05,Chryseobacterium,R4,5.12,Chryseobacterium | R4
17.05,Chryseobacterium,R4,5.13,Chryseobacterium | R4
18.05,Chryseobacterium,R4,5.18,Chryseobacterium | R4
19.05,Chryseobacterium,R4,5.18,Chryseobacterium | R4
20.05,Chryseobacterium,R4,5.21,Chryseobacterium | R4
21.05,Chryseobacterium,R4,5.25,Chryseobacterium | R4
22.05,Chryseobacterium,R4,5.27,Chryseobacterium | R4
23.05,Chryseobacterium,R4,5.29,Chryseobacterium | R4
24.05,Chryseobacterium,R4,5.31,Chryseobacterium | R4
25.05,Chryseobacterium,R4,5.33,Chryseobacterium | R4
26.05,Chryseobacterium,R4,5.36,Chryseobacterium | R4
27.05,Chryseobacterium,R4,5.38,Chryseobacterium | R4
28.05,Chryseobacterium,R4,5.4,Chryseobacterium | R4
29.05,Chryseobacterium,R4,5.41,Chryseobacterium | R4
30.05,Chryseobacterium,R4,5.44,Chryseobacterium | R4
31.05,Chryseobacterium,R4,5.47,Chryseobacterium | R4
32.05,Chryseobacterium,R4,5.49,Chryseobacterium | R4
33.05,Chryseobacterium,R4,5.51,Chryseobacterium | R4
34.05,Chryseobacterium,R4,5.52,Chryseobacterium | R4
35.05,Chryseobacterium,R4,5.54,Chryseobacterium | R4
36.05,Chryseobacterium,R4,5.54,Chryseobacterium | R4
37.05,Chryseobacterium,R4,5.57,Chryseobacterium | R4
38.05,Chryseobacterium,R4,5.6,Chryseobacterium | R4
39.05,Chryseobacterium,R4,5.6,Chryseobacterium | R4
40.05,Chryseobacterium,R4,5.6,Chryseobacterium | R4
41.05,Chryseobacterium,R4,5.61,Chryseobacterium | R4
42.07,Chryseobacterium,R4,5.62,Chryseobacterium | R4
43.07,Chryseobacterium,R4,5.64,Chryseobacterium | R4
44.07,Chryseobacterium,R4,5.66,Chryseobacterium | R4
45.07,Chryseobacterium,R4,5.66,Chryseobacterium | R4
46.07,Chryseobacterium,R4,5.68,Chryseobacterium | R4
47.07,Chryseobacterium,R4,5.68,Chryseobacterium | R4
48.07,Chryseobacterium,R4,5.69,Chryseobacterium | R4
49.07,Chryseobacterium,R4,5.69,Chryseobacterium | R4
50.07,Chryseobacterium,R4,5.71,Chryseobacterium | R4
51.07,Chryseobacterium,R4,5.71,Chryseobacterium | R4
52.07,Chryseobacterium,R4,5.73,Chryseobacterium | R4
53.07,Chryseobacterium,R4,5.72,Chryseobacterium | R4
54.07,Chryseobacterium,R4,5.74,Chryseobacterium | R4
55.07,Chryseobacterium,R4,5.73,Chryseobacterium | R4
56.07,Chryseobacterium,R4,5.73,Chryseobacterium | R4
57.07,Chryseobacterium,R4,5.73,Chryseobacterium | R4
58.07,Chryseobacterium,R4,5.74,Chryseobacterium | R4
59.07,Chryseobacterium,R4,5.74,Chryseobacterium | R4
60.07,Chryseobacterium,R4,5.74,Chryseobacterium | R4
61.07,Chryseobacterium,R4,5.75,Chryseobacterium | R4
62.07,Chryseobacterium,R4,5.77,Chryseobacterium | R4
63.07,Chryseobacterium,R4,5.77,Chryseobacterium | R4
64.07,Chryseobacterium,R4,5.76,Chryseobacterium | R4
65.07,Chryseobacterium,R4,5.76,Chryseobacterium | R4
66.07,Chryseobacterium,R4,5.75,Chryseobacterium | R4
67.07,Chryseobacterium,R4,5.75,Chryseobacterium | R4
68.07,Chryseobacterium,R4,5.75,Chryseobacterium | R4
69.07,Chryseobacterium,R4,5.74,Chryseobacterium | R4
70.07,Chryseobacterium,R4,5.74,Chryseobacterium | R4
71.07,Chryseobacterium,R4,5.73,Chryseobacterium | R4
72.07,Chryseobacterium,R4,5.73,Chryseobacterium | R4
73.07,Chryseobacterium,R4,5.72,Chryseobacterium | R4
74.07,Chryseobacterium,R4,5.72,Chryseobacterium | R4
75.07,Chryseobacterium,R4,5.71,Chryseobacterium | R4
76.07,Chryseobacterium,R4,5.71,Chryseobacterium | R4
77.07,Chryseobacterium,R4,5.71,Chryseobacterium | R4
78.07,Chryseobacterium,R4,5.7,Chryseobacterium | R4
79.07,Chryseobacterium,R4,5.69,Chryseobacterium | R4
80.07,Chryseobacterium,R4,5.69,Chryseobacterium | R4
81.07,Chryseobacterium,R4,5.69,Chryseobacterium | R4
82.07,Chryseobacterium,R4,5.68,Chryseobacterium | R4
83.07,Chryseobacterium,R4,5.68,Chryseobacterium | R4
84.07,Chryseobacterium,R4,5.67,Chryseobacterium | R4
85.07,Chryseobacterium,R4,5.67,Chryseobacterium | R4
86.07,Chryseobacterium,R4,5.66,Chryseobacterium | R4
87.07,Chryseobacterium,R4,5.66,Chryseobacterium | R4
88.07,Chryseobacterium,R4,5.65,Chryseobacterium | R4
89.07,Chryseobacterium,R4,5.64,Chryseobacterium | R4
90.07,Chryseobacterium,R4,5.64,Chryseobacterium | R4
91.07,Chryseobacterium,R4,5.63,Chryseobacterium | R4
92.07,Chryseobacterium,R4,5.63,Chryseobacterium | R4
93.07,Chryseobacterium,R4,5.62,Chryseobacterium | R4
94.07,Chryseobacterium,R4,5.61,Chryseobacterium | R4
95.07,Chryseobacterium,R4,5.61,Chryseobacterium | R4
96.07,Chryseobacterium,R4,5.6,Chryseobacterium | R4
97.07,Chryseobacterium,R4,5.59,Chryseobacterium | R4
98.07,Chryseobacterium,R4,5.58,Chryseobacterium | R4
99.07,Chryseobacterium,R4,5.58,Chryseobacterium | R4
100.07,Chryseobacterium,R4,5.57,Chryseobacterium | R4
101.07,Chryseobacterium,R4,5.57,Chryseobacterium | R4
102.07,Chryseobacterium,R4,5.56,Chryseobacterium | R4
103.07,Chryseobacterium,R4,5.55,Chryseobacterium | R4
104.07,Chryseobacterium,R4,5.55,Chryseobacterium | R4
105.07,Chryseobacterium,R4,5.54,Chryseobacterium | R4
106.07,Chryseobacterium,R4,5.53,Chryseobacterium | R4
107.07,Chryseobacterium,R4,5.52,Chryseobacterium | R4
108.07,Chryseobacterium,R4,5.52,Chryseobacterium | R4
109.07,Chryseobacterium,R4,5.5,Chryseobacterium | R4
110.07,Chryseobacterium,R4,5.5,Chryseobacterium | R4
111.07,Chryseobacterium,R4,5.49,Chryseobacterium | R4
112.07,Chryseobacterium,R4,5.48,Chryseobacterium | R4
113.07,Chryseobacterium,R4,5.47,Chryseobacterium | R4
114.07,Chryseobacterium,R4,5.47,Chryseobacterium | R4
115.07,Chryseobacterium,R4,5.47,Chryseobacterium | R4
116.07,Chryseobacterium,R4,5.45,Chryseobacterium | R4
117.07,Chryseobacterium,R4,5.44,Chryseobacterium | R4
118.07,Chryseobacterium,R4,5.43,Chryseobacterium | R4
119.07,Chryseobacterium,R4,5.42,Chryseobacterium | R4
120.07,Chryseobacterium,R4,5.41,Chryseobacterium | R4
121.07,Chryseobacterium,R4,5.4,Chryseobacterium | R4
122.07,Chryseobacterium,R4,5.39,Chryseobacterium | R4
123.07,Chryseobacterium,R4,5.38,Chryseobacterium | R4
124.08,Chryseobacterium,R4,5.37,Chryseobacterium | R4
125.08,Chryseobacterium,R4,5.36,Chryseobacterium | R4
126.08,Chryseobacterium,R4,5.35,Chryseobacterium | R4
127.08,Chryseobacterium,R4,5.34,Chryseobacterium | R4
128.08,Chryseobacterium,R4,5.33,Chryseobacterium | R4
129.08,Chryseobacterium,R4,5.33,Chryseobacterium | R4
130.08,Chryseobacterium,R4,5.31,Chryseobacterium | R4
131.08,Chryseobacterium,R4,5.29,Chryseobacterium | R4
132.08,Chryseobacterium,R4,5.28,Chryseobacterium | R4
133.08,Chryseobacterium,R4,5.27,Chryseobacterium | R4
134.08,Chryseobacterium,R4,5.26,Chryseobacterium | R4
135.08,Chryseobacterium,R4,5.25,Chryseobacterium | R4
136.08,Chryseobacterium,R4,5.24,Chryseobacterium | R4
137.08,Chryseobacterium,R4,5.23,Chryseobacterium | R4
138.08,Chryseobacterium,R4,5.21,Chryseobacterium | R4
139.08,Chryseobacterium,R4,5.21,Chryseobacterium | R4
140.08,Chryseobacterium,R4,5.19,Chryseobacterium | R4
141.08,Chryseobacterium,R4,5.17,Chryseobacterium | R4
142.08,Chryseobacterium,R4,5.16,Chryseobacterium | R4
143.08,Chryseobacterium,R4,5.15,Chryseobacterium | R4
144.08,Chryseobacterium,R4,5.13,Chryseobacterium | R4
145.08,Chryseobacterium,R4,5.12,Chryseobacterium | R4
146.08,Chryseobacterium,R4,5.11,Chryseobacterium | R4
147.08,Chryseobacterium,R4,5.09,Chryseobacterium | R4
148.08,Chryseobacterium,R4,5.08,Chryseobacterium | R4
149.08,Chryseobacterium,R4,5.07,Chryseobacterium | R4
150.08,Chryseobacterium,R4,5.05,Chryseobacterium | R4
151.08,Chryseobacterium,R4,5.03,Chryseobacterium | R4
152.08,Chryseobacterium,R4,5.02,Chryseobacterium | R4
153.08,Chryseobacterium,R4,5,Chryseobacterium | R4
154.08,Chryseobacterium,R4,4.99,Chryseobacterium | R4
155.08,Chryseobacterium,R4,4.97,Chryseobacterium | R4
156.08,Chryseobacterium,R4,4.96,Chryseobacterium | R4
157.08,Chryseobacterium,R4,4.94,Chryseobacterium | R4
158.08,Chryseobacterium,R4,4.92,Chryseobacterium | R4
159.08,Chryseobacterium,R4,4.9,Chryseobacterium | R4
160.08,Chryseobacterium,R4,4.89,Chryseobacterium | R4
161.08,Chryseobacterium,R4,4.86,Chryseobacterium | R4
162.08,Chryseobacterium,R4,4.85,Chryseobacterium | R4
163.08,Chryseobacterium,R4,4.82,Chryseobacterium | R4
164.08,Chryseobacterium,R4,4.81,Chryseobacterium | R4
165.08,Chryseobacterium,R4,4.79,Chryseobacterium | R4
166.08,Chryseobacterium,R4,4.78,Chryseobacterium | R4
167.08,Chryseobacterium,R4,4.75,Chryseobacterium | R4
168.08,Chryseobacterium,R4,4.74,Chryseobacterium | R4
169.08,Chryseobacterium,R4,4.71,Chryseobacterium | R4
170.08,Chryseobacterium,R4,4.69,Chryseobacterium | R4
171.08,Chryseobacterium,R4,4.67,Chryseobacterium | R4
172.08,Chryseobacterium,R4,4.65,Chryseobacterium | R4
173.08,Chryseobacterium,R4,4.63,Chryseobacterium | R4
174.08,Chryseobacterium,R4,4.61,Chryseobacterium | R4
175.08,Chryseobacterium,R4,4.58,Chryseobacterium | R4
176.08,Chryseobacterium,R4,4.56,Chryseobacterium | R4
177.08,Chryseobacterium,R4,4.53,Chryseobacterium | R4
178.08,Chryseobacterium,R4,4.52,Chryseobacterium | R4
179.1,Chryseobacterium,R4,4.49,Chryseobacterium | R4
180.1,Chryseobacterium,R4,4.46,Chryseobacterium | R4
181.1,Chryseobacterium,R4,4.44,Chryseobacterium | R4
182.1,Chryseobacterium,R4,4.41,Chryseobacterium | R4
183.1,Chryseobacterium,R4,4.39,Chryseobacterium | R4
184.1,Chryseobacterium,R4,4.36,Chryseobacterium | R4
185.1,Chryseobacterium,R4,4.34,Chryseobacterium | R4
186.1,Chryseobacterium,R4,4.31,Chryseobacterium | R4
187.1,Chryseobacterium,R4,4.29,Chryseobacterium | R4
188.1,Chryseobacterium,R4,4.26,Chryseobacterium | R4
189.1,Chryseobacterium,R4,4.23,Chryseobacterium | R4
190.1,Chryseobacterium,R4,4.2,Chryseobacterium | R4
191.1,Chryseobacterium,R4,4.17,Chryseobacterium | R4
192.1,Chryseobacterium,R4,4.14,Chryseobacterium | R4
193.1,Chryseobacterium,R4,4.12,Chryseobacterium | R4
194.1,Chryseobacterium,R4,4.08,Chryseobacterium | R4
195.1,Chryseobacterium,R4,4.05,Chryseobacterium | R4
196.1,Chryseobacterium,R4,4.02,Chryseobacterium | R4
197.1,Chryseobacterium,R4,3.99,Chryseobacterium | R4
198.1,Chryseobacterium,R4,3.96,Chryseobacterium | R4
199.1,Chryseobacterium,R4,3.93,Chryseobacterium | R4
200.1,Chryseobacterium,R4,3.9,Chryseobacterium | R4
201.1,Chryseobacterium,R4,3.86,Chryseobacterium | R4
202.1,Chryseobacterium,R4,3.83,Chryseobacterium | R4
203.1,Chryseobacterium,R4,3.79,Chryseobacterium | R4
204.1,Chryseobacterium,R4,3.75,Chryseobacterium | R4
205.1,Chryseobacterium,R4,3.72,Chryseobacterium | R4
206.1,Chryseobacterium,R4,3.68,Chryseobacterium | R4
207.1,Chryseobacterium,R4,3.64,Chryseobacterium | R4
208.1,Chryseobacterium,R4,3.61,Chryseobacterium | R4
209.1,Chryseobacterium,R4,3.57,Chryseobacterium | R4
210.1,Chryseobacterium,R4,3.53,Chryseobacterium | R4
211.1,Chryseobacterium,R4,3.48,Chryseobacterium | R4
212.1,Chryseobacterium,R4,3.45,Chryseobacterium | R4
0.03,Chryseobacterium,R5,4.7,Chryseobacterium | R5
1.05,Chryseobacterium,R5,4.66,Chryseobacterium | R5
2.05,Chryseobacterium,R5,4.68,Chryseobacterium | R5
3.05,Chryseobacterium,R5,4.72,Chryseobacterium | R5
4.05,Chryseobacterium,R5,4.75,Chryseobacterium | R5
5.05,Chryseobacterium,R5,4.79,Chryseobacterium | R5
6.05,Chryseobacterium,R5,4.83,Chryseobacterium | R5
7.05,Chryseobacterium,R5,4.88,Chryseobacterium | R5
8.05,Chryseobacterium,R5,4.91,Chryseobacterium | R5
9.05,Chryseobacterium,R5,4.95,Chryseobacterium | R5
10.05,Chryseobacterium,R5,4.99,Chryseobacterium | R5
11.05,Chryseobacterium,R5,5.03,Chryseobacterium | R5
12.05,Chryseobacterium,R5,5.07,Chryseobacterium | R5
13.05,Chryseobacterium,R5,5.09,Chryseobacterium | R5
14.05,Chryseobacterium,R5,5.14,Chryseobacterium | R5
15.05,Chryseobacterium,R5,5.18,Chryseobacterium | R5
16.05,Chryseobacterium,R5,5.2,Chryseobacterium | R5
17.05,Chryseobacterium,R5,5.23,Chryseobacterium | R5
18.05,Chryseobacterium,R5,5.27,Chryseobacterium | R5
19.05,Chryseobacterium,R5,5.3,Chryseobacterium | R5
20.05,Chryseobacterium,R5,5.32,Chryseobacterium | R5
21.05,Chryseobacterium,R5,5.35,Chryseobacterium | R5
22.05,Chryseobacterium,R5,5.38,Chryseobacterium | R5
23.05,Chryseobacterium,R5,5.4,Chryseobacterium | R5
24.05,Chryseobacterium,R5,5.42,Chryseobacterium | R5
25.05,Chryseobacterium,R5,5.44,Chryseobacterium | R5
26.05,Chryseobacterium,R5,5.48,Chryseobacterium | R5
27.05,Chryseobacterium,R5,5.49,Chryseobacterium | R5
28.05,Chryseobacterium,R5,5.51,Chryseobacterium | R5
29.05,Chryseobacterium,R5,5.54,Chryseobacterium | R5
30.05,Chryseobacterium,R5,5.57,Chryseobacterium | R5
31.05,Chryseobacterium,R5,5.57,Chryseobacterium | R5
32.05,Chryseobacterium,R5,5.6,Chryseobacterium | R5
33.05,Chryseobacterium,R5,5.61,Chryseobacterium | R5
34.05,Chryseobacterium,R5,5.63,Chryseobacterium | R5
35.05,Chryseobacterium,R5,5.65,Chryseobacterium | R5
36.05,Chryseobacterium,R5,5.66,Chryseobacterium | R5
37.05,Chryseobacterium,R5,5.69,Chryseobacterium | R5
38.05,Chryseobacterium,R5,5.71,Chryseobacterium | R5
39.05,Chryseobacterium,R5,5.73,Chryseobacterium | R5
40.05,Chryseobacterium,R5,5.74,Chryseobacterium | R5
41.05,Chryseobacterium,R5,5.75,Chryseobacterium | R5
42.07,Chryseobacterium,R5,5.75,Chryseobacterium | R5
43.07,Chryseobacterium,R5,5.77,Chryseobacterium | R5
44.07,Chryseobacterium,R5,5.79,Chryseobacterium | R5
45.07,Chryseobacterium,R5,5.8,Chryseobacterium | R5
46.07,Chryseobacterium,R5,5.81,Chryseobacterium | R5
47.07,Chryseobacterium,R5,5.82,Chryseobacterium | R5
48.07,Chryseobacterium,R5,5.83,Chryseobacterium | R5
49.07,Chryseobacterium,R5,5.85,Chryseobacterium | R5
50.07,Chryseobacterium,R5,5.86,Chryseobacterium | R5
51.07,Chryseobacterium,R5,5.86,Chryseobacterium | R5
52.07,Chryseobacterium,R5,5.87,Chryseobacterium | R5
53.07,Chryseobacterium,R5,5.88,Chryseobacterium | R5
54.07,Chryseobacterium,R5,5.88,Chryseobacterium | R5
55.07,Chryseobacterium,R5,5.89,Chryseobacterium | R5
56.07,Chryseobacterium,R5,5.89,Chryseobacterium | R5
57.07,Chryseobacterium,R5,5.9,Chryseobacterium | R5
58.07,Chryseobacterium,R5,5.91,Chryseobacterium | R5
59.07,Chryseobacterium,R5,5.92,Chryseobacterium | R5
60.07,Chryseobacterium,R5,5.93,Chryseobacterium | R5
61.07,Chryseobacterium,R5,5.94,Chryseobacterium | R5
62.07,Chryseobacterium,R5,5.94,Chryseobacterium | R5
63.07,Chryseobacterium,R5,5.96,Chryseobacterium | R5
64.07,Chryseobacterium,R5,5.95,Chryseobacterium | R5
65.07,Chryseobacterium,R5,5.95,Chryseobacterium | R5
66.07,Chryseobacterium,R5,5.96,Chryseobacterium | R5
67.07,Chryseobacterium,R5,5.96,Chryseobacterium | R5
68.07,Chryseobacterium,R5,5.97,Chryseobacterium | R5
69.07,Chryseobacterium,R5,5.96,Chryseobacterium | R5
70.07,Chryseobacterium,R5,5.97,Chryseobacterium | R5
71.07,Chryseobacterium,R5,5.97,Chryseobacterium | R5
72.07,Chryseobacterium,R5,5.96,Chryseobacterium | R5
73.07,Chryseobacterium,R5,5.98,Chryseobacterium | R5
74.07,Chryseobacterium,R5,5.97,Chryseobacterium | R5
75.07,Chryseobacterium,R5,5.96,Chryseobacterium | R5
76.07,Chryseobacterium,R5,5.96,Chryseobacterium | R5
77.07,Chryseobacterium,R5,5.96,Chryseobacterium | R5
78.07,Chryseobacterium,R5,5.95,Chryseobacterium | R5
79.07,Chryseobacterium,R5,5.95,Chryseobacterium | R5
80.07,Chryseobacterium,R5,5.94,Chryseobacterium | R5
81.07,Chryseobacterium,R5,5.93,Chryseobacterium | R5
82.07,Chryseobacterium,R5,5.93,Chryseobacterium | R5
83.07,Chryseobacterium,R5,5.92,Chryseobacterium | R5
84.07,Chryseobacterium,R5,5.91,Chryseobacterium | R5
85.07,Chryseobacterium,R5,5.9,Chryseobacterium | R5
86.07,Chryseobacterium,R5,5.89,Chryseobacterium | R5
87.07,Chryseobacterium,R5,5.89,Chryseobacterium | R5
88.07,Chryseobacterium,R5,5.89,Chryseobacterium | R5
89.07,Chryseobacterium,R5,5.88,Chryseobacterium | R5
90.07,Chryseobacterium,R5,5.86,Chryseobacterium | R5
91.07,Chryseobacterium,R5,5.86,Chryseobacterium | R5
92.07,Chryseobacterium,R5,5.86,Chryseobacterium | R5
93.07,Chryseobacterium,R5,5.85,Chryseobacterium | R5
94.07,Chryseobacterium,R5,5.84,Chryseobacterium | R5
95.07,Chryseobacterium,R5,5.83,Chryseobacterium | R5
96.07,Chryseobacterium,R5,5.82,Chryseobacterium | R5
97.07,Chryseobacterium,R5,5.81,Chryseobacterium | R5
98.07,Chryseobacterium,R5,5.81,Chryseobacterium | R5
99.07,Chryseobacterium,R5,5.8,Chryseobacterium | R5
100.07,Chryseobacterium,R5,5.79,Chryseobacterium | R5
101.07,Chryseobacterium,R5,5.78,Chryseobacterium | R5
102.07,Chryseobacterium,R5,5.77,Chryseobacterium | R5
103.07,Chryseobacterium,R5,5.76,Chryseobacterium | R5
104.07,Chryseobacterium,R5,5.75,Chryseobacterium | R5
105.07,Chryseobacterium,R5,5.74,Chryseobacterium | R5
106.07,Chryseobacterium,R5,5.74,Chryseobacterium | R5
107.07,Chryseobacterium,R5,5.73,Chryseobacterium | R5
108.07,Chryseobacterium,R5,5.71,Chryseobacterium | R5
109.07,Chryseobacterium,R5,5.7,Chryseobacterium | R5
110.07,Chryseobacterium,R5,5.69,Chryseobacterium | R5
111.07,Chryseobacterium,R5,5.69,Chryseobacterium | R5
112.07,Chryseobacterium,R5,5.66,Chryseobacterium | R5
113.07,Chryseobacterium,R5,5.66,Chryseobacterium | R5
114.07,Chryseobacterium,R5,5.65,Chryseobacterium | R5
115.07,Chryseobacterium,R5,5.65,Chryseobacterium | R5
116.07,Chryseobacterium,R5,5.63,Chryseobacterium | R5
117.07,Chryseobacterium,R5,5.62,Chryseobacterium | R5
118.07,Chryseobacterium,R5,5.61,Chryseobacterium | R5
119.07,Chryseobacterium,R5,5.59,Chryseobacterium | R5
120.07,Chryseobacterium,R5,5.58,Chryseobacterium | R5
121.07,Chryseobacterium,R5,5.57,Chryseobacterium | R5
122.07,Chryseobacterium,R5,5.56,Chryseobacterium | R5
123.07,Chryseobacterium,R5,5.55,Chryseobacterium | R5
124.08,Chryseobacterium,R5,5.54,Chryseobacterium | R5
125.08,Chryseobacterium,R5,5.52,Chryseobacterium | R5
126.08,Chryseobacterium,R5,5.51,Chryseobacterium | R5
127.08,Chryseobacterium,R5,5.5,Chryseobacterium | R5
128.08,Chryseobacterium,R5,5.49,Chryseobacterium | R5
129.08,Chryseobacterium,R5,5.47,Chryseobacterium | R5
130.08,Chryseobacterium,R5,5.46,Chryseobacterium | R5
131.08,Chryseobacterium,R5,5.44,Chryseobacterium | R5
132.08,Chryseobacterium,R5,5.42,Chryseobacterium | R5
133.08,Chryseobacterium,R5,5.41,Chryseobacterium | R5
134.08,Chryseobacterium,R5,5.4,Chryseobacterium | R5
135.08,Chryseobacterium,R5,5.39,Chryseobacterium | R5
136.08,Chryseobacterium,R5,5.36,Chryseobacterium | R5
137.08,Chryseobacterium,R5,5.35,Chryseobacterium | R5
138.08,Chryseobacterium,R5,5.34,Chryseobacterium | R5
139.08,Chryseobacterium,R5,5.32,Chryseobacterium | R5
140.08,Chryseobacterium,R5,5.31,Chryseobacterium | R5
141.08,Chryseobacterium,R5,5.29,Chryseobacterium | R5
142.08,Chryseobacterium,R5,5.27,Chryseobacterium | R5
143.08,Chryseobacterium,R5,5.26,Chryseobacterium | R5
144.08,Chryseobacterium,R5,5.24,Chryseobacterium | R5
145.08,Chryseobacterium,R5,5.22,Chryseobacterium | R5
146.08,Chryseobacterium,R5,5.21,Chryseobacterium | R5
147.08,Chryseobacterium,R5,5.19,Chryseobacterium | R5
148.08,Chryseobacterium,R5,5.17,Chryseobacterium | R5
149.08,Chryseobacterium,R5,5.15,Chryseobacterium | R5
150.08,Chryseobacterium,R5,5.13,Chryseobacterium | R5
151.08,Chryseobacterium,R5,5.12,Chryseobacterium | R5
152.08,Chryseobacterium,R5,5.1,Chryseobacterium | R5
153.08,Chryseobacterium,R5,5.08,Chryseobacterium | R5
154.08,Chryseobacterium,R5,5.05,Chryseobacterium | R5
155.08,Chryseobacterium,R5,5.03,Chryseobacterium | R5
156.08,Chryseobacterium,R5,5.01,Chryseobacterium | R5
157.08,Chryseobacterium,R5,4.99,Chryseobacterium | R5
158.08,Chryseobacterium,R5,4.97,Chryseobacterium | R5
159.08,Chryseobacterium,R5,4.95,Chryseobacterium | R5
160.08,Chryseobacterium,R5,4.93,Chryseobacterium | R5
161.08,Chryseobacterium,R5,4.9,Chryseobacterium | R5
162.08,Chryseobacterium,R5,4.88,Chryseobacterium | R5
163.08,Chryseobacterium,R5,4.86,Chryseobacterium | R5
164.08,Chryseobacterium,R5,4.83,Chryseobacterium | R5
165.08,Chryseobacterium,R5,4.82,Chryseobacterium | R5
166.08,Chryseobacterium,R5,4.79,Chryseobacterium | R5
167.08,Chryseobacterium,R5,4.77,Chryseobacterium | R5
168.08,Chryseobacterium,R5,4.74,Chryseobacterium | R5
169.08,Chryseobacterium,R5,4.72,Chryseobacterium | R5
170.08,Chryseobacterium,R5,4.7,Chryseobacterium | R5
171.08,Chryseobacterium,R5,4.66,Chryseobacterium | R5
172.08,Chryseobacterium,R5,4.63,Chryseobacterium | R5
173.08,Chryseobacterium,R5,4.61,Chryseobacterium | R5
174.08,Chryseobacterium,R5,4.59,Chryseobacterium | R5
175.08,Chryseobacterium,R5,4.55,Chryseobacterium | R5
176.08,Chryseobacterium,R5,4.53,Chryseobacterium | R5
177.08,Chryseobacterium,R5,4.5,Chryseobacterium | R5
178.08,Chryseobacterium,R5,4.48,Chryseobacterium | R5
179.1,Chryseobacterium,R5,4.45,Chryseobacterium | R5
180.1,Chryseobacterium,R5,4.41,Chryseobacterium | R5
181.1,Chryseobacterium,R5,4.38,Chryseobacterium | R5
182.1,Chryseobacterium,R5,4.36,Chryseobacterium | R5
183.1,Chryseobacterium,R5,4.32,Chryseobacterium | R5
184.1,Chryseobacterium,R5,4.29,Chryseobacterium | R5
185.1,Chryseobacterium,R5,4.26,Chryseobacterium | R5
186.1,Chryseobacterium,R5,4.23,Chryseobacterium | R5
187.1,Chryseobacterium,R5,4.18,Chryseobacterium | R5
188.1,Chryseobacterium,R5,4.16,Chryseobacterium | R5
189.1,Chryseobacterium,R5,4.12,Chryseobacterium | R5
190.1,Chryseobacterium,R5,4.09,Chryseobacterium | R5
191.1,Chryseobacterium,R5,4.05,Chryseobacterium | R5
192.1,Chryseobacterium,R5,4.02,Chryseobacterium | R5
193.1,Chryseobacterium,R5,3.98,Chryseobacterium | R5
194.1,Chryseobacterium,R5,3.94,Chryseobacterium | R5
195.1,Chryseobacterium,R5,3.92,Chryseobacterium | R5
196.1,Chryseobacterium,R5,3.87,Chryseobacterium | R5
197.1,Chryseobacterium,R5,3.84,Chryseobacterium | R5
198.1,Chryseobacterium,R5,3.79,Chryseobacterium | R5
199.1,Chryseobacterium,R5,3.76,Chryseobacterium | R5
200.1,Chryseobacterium,R5,3.7,Chryseobacterium | R5
201.1,Chryseobacterium,R5,3.67,Chryseobacterium | R5
202.1,Chryseobacterium,R5,3.64,Chryseobacterium | R5
203.1,Chryseobacterium,R5,3.59,Chryseobacterium | R5
204.1,Chryseobacterium,R5,3.55,Chryseobacterium | R5
205.1,Chryseobacterium,R5,3.5,Chryseobacterium | R5
206.1,Chryseobacterium,R5,3.46,Chryseobacterium | R5
207.1,Chryseobacterium,R5,3.41,Chryseobacterium | R5
208.1,Chryseobacterium,R5,3.37,Chryseobacterium | R5
209.1,Chryseobacterium,R5,3.33,Chryseobacterium | R5
210.1,Chryseobacterium,R5,3.27,Chryseobacterium | R5
211.1,Chryseobacterium,R5,3.23,Chryseobacterium | R5
212.1,Chryseobacterium,R5,3.18,Chryseobacterium | R5
0.03,Flavobacterium_A,R1,4.91,Flavobacterium_A | R1
1.05,Flavobacterium_A,R1,4.85,Flavobacterium_A | R1
2.05,Flavobacterium_A,R1,4.91,Flavobacterium_A | R1
3.05,Flavobacterium_A,R1,4.96,Flavobacterium_A | R1
4.05,Flavobacterium_A,R1,5.06,Flavobacterium_A | R1
5.05,Flavobacterium_A,R1,5.13,Flavobacterium_A | R1
6.05,Flavobacterium_A,R1,5.19,Flavobacterium_A | R1
7.05,Flavobacterium_A,R1,5.27,Flavobacterium_A | R1
8.05,Flavobacterium_A,R1,5.35,Flavobacterium_A | R1
9.05,Flavobacterium_A,R1,5.39,Flavobacterium_A | R1
10.05,Flavobacterium_A,R1,5.46,Flavobacterium_A | R1
11.05,Flavobacterium_A,R1,5.5,Flavobacterium_A | R1
12.05,Flavobacterium_A,R1,5.55,Flavobacterium_A | R1
13.05,Flavobacterium_A,R1,5.6,Flavobacterium_A | R1
14.05,Flavobacterium_A,R1,5.64,Flavobacterium_A | R1
15.05,Flavobacterium_A,R1,5.69,Flavobacterium_A | R1
16.05,Flavobacterium_A,R1,5.71,Flavobacterium_A | R1
17.05,Flavobacterium_A,R1,5.74,Flavobacterium_A | R1
18.05,Flavobacterium_A,R1,5.79,Flavobacterium_A | R1
19.05,Flavobacterium_A,R1,5.8,Flavobacterium_A | R1
20.05,Flavobacterium_A,R1,5.83,Flavobacterium_A | R1
21.05,Flavobacterium_A,R1,5.85,Flavobacterium_A | R1
22.05,Flavobacterium_A,R1,5.87,Flavobacterium_A | R1
23.05,Flavobacterium_A,R1,5.9,Flavobacterium_A | R1
24.05,Flavobacterium_A,R1,5.9,Flavobacterium_A | R1
25.05,Flavobacterium_A,R1,5.91,Flavobacterium_A | R1
26.05,Flavobacterium_A,R1,5.94,Flavobacterium_A | R1
27.05,Flavobacterium_A,R1,5.95,Flavobacterium_A | R1
28.05,Flavobacterium_A,R1,5.97,Flavobacterium_A | R1
29.05,Flavobacterium_A,R1,5.97,Flavobacterium_A | R1
30.05,Flavobacterium_A,R1,6,Flavobacterium_A | R1
31.05,Flavobacterium_A,R1,6,Flavobacterium_A | R1
32.05,Flavobacterium_A,R1,6.02,Flavobacterium_A | R1
33.05,Flavobacterium_A,R1,6.02,Flavobacterium_A | R1
34.05,Flavobacterium_A,R1,6.03,Flavobacterium_A | R1
35.05,Flavobacterium_A,R1,6.03,Flavobacterium_A | R1
36.05,Flavobacterium_A,R1,6.03,Flavobacterium_A | R1
37.05,Flavobacterium_A,R1,6.04,Flavobacterium_A | R1
38.05,Flavobacterium_A,R1,6.05,Flavobacterium_A | R1
39.05,Flavobacterium_A,R1,6.06,Flavobacterium_A | R1
40.05,Flavobacterium_A,R1,6.07,Flavobacterium_A | R1
41.05,Flavobacterium_A,R1,6.06,Flavobacterium_A | R1
42.07,Flavobacterium_A,R1,6.06,Flavobacterium_A | R1
43.07,Flavobacterium_A,R1,6.05,Flavobacterium_A | R1
44.07,Flavobacterium_A,R1,6.04,Flavobacterium_A | R1
45.07,Flavobacterium_A,R1,6.03,Flavobacterium_A | R1
46.07,Flavobacterium_A,R1,6.03,Flavobacterium_A | R1
47.07,Flavobacterium_A,R1,6.03,Flavobacterium_A | R1
48.07,Flavobacterium_A,R1,6,Flavobacterium_A | R1
49.07,Flavobacterium_A,R1,6.01,Flavobacterium_A | R1
50.07,Flavobacterium_A,R1,5.98,Flavobacterium_A | R1
51.07,Flavobacterium_A,R1,5.98,Flavobacterium_A | R1
52.07,Flavobacterium_A,R1,5.97,Flavobacterium_A | R1
53.07,Flavobacterium_A,R1,5.96,Flavobacterium_A | R1
54.07,Flavobacterium_A,R1,5.95,Flavobacterium_A | R1
55.07,Flavobacterium_A,R1,5.96,Flavobacterium_A | R1
56.07,Flavobacterium_A,R1,5.94,Flavobacterium_A | R1
57.07,Flavobacterium_A,R1,5.92,Flavobacterium_A | R1
58.07,Flavobacterium_A,R1,5.91,Flavobacterium_A | R1
59.07,Flavobacterium_A,R1,5.9,Flavobacterium_A | R1
60.07,Flavobacterium_A,R1,5.89,Flavobacterium_A | R1
61.07,Flavobacterium_A,R1,5.87,Flavobacterium_A | R1
62.07,Flavobacterium_A,R1,5.87,Flavobacterium_A | R1
63.07,Flavobacterium_A,R1,5.86,Flavobacterium_A | R1
64.07,Flavobacterium_A,R1,5.84,Flavobacterium_A | R1
65.07,Flavobacterium_A,R1,5.84,Flavobacterium_A | R1
66.07,Flavobacterium_A,R1,5.81,Flavobacterium_A | R1
67.07,Flavobacterium_A,R1,5.82,Flavobacterium_A | R1
68.07,Flavobacterium_A,R1,5.79,Flavobacterium_A | R1
69.07,Flavobacterium_A,R1,5.78,Flavobacterium_A | R1
70.07,Flavobacterium_A,R1,5.78,Flavobacterium_A | R1
71.07,Flavobacterium_A,R1,5.76,Flavobacterium_A | R1
72.07,Flavobacterium_A,R1,5.76,Flavobacterium_A | R1
73.07,Flavobacterium_A,R1,5.75,Flavobacterium_A | R1
74.07,Flavobacterium_A,R1,5.71,Flavobacterium_A | R1
75.07,Flavobacterium_A,R1,5.73,Flavobacterium_A | R1
76.07,Flavobacterium_A,R1,5.69,Flavobacterium_A | R1
77.07,Flavobacterium_A,R1,5.67,Flavobacterium_A | R1
78.07,Flavobacterium_A,R1,5.68,Flavobacterium_A | R1
79.07,Flavobacterium_A,R1,5.66,Flavobacterium_A | R1
80.07,Flavobacterium_A,R1,5.65,Flavobacterium_A | R1
81.07,Flavobacterium_A,R1,5.63,Flavobacterium_A | R1
82.07,Flavobacterium_A,R1,5.61,Flavobacterium_A | R1
83.07,Flavobacterium_A,R1,5.6,Flavobacterium_A | R1
84.07,Flavobacterium_A,R1,5.57,Flavobacterium_A | R1
85.07,Flavobacterium_A,R1,5.56,Flavobacterium_A | R1
86.07,Flavobacterium_A,R1,5.54,Flavobacterium_A | R1
87.07,Flavobacterium_A,R1,5.54,Flavobacterium_A | R1
88.07,Flavobacterium_A,R1,5.51,Flavobacterium_A | R1
89.07,Flavobacterium_A,R1,5.49,Flavobacterium_A | R1
90.07,Flavobacterium_A,R1,5.48,Flavobacterium_A | R1
91.07,Flavobacterium_A,R1,5.47,Flavobacterium_A | R1
92.07,Flavobacterium_A,R1,5.45,Flavobacterium_A | R1
93.07,Flavobacterium_A,R1,5.42,Flavobacterium_A | R1
94.07,Flavobacterium_A,R1,5.4,Flavobacterium_A | R1
95.07,Flavobacterium_A,R1,5.38,Flavobacterium_A | R1
96.07,Flavobacterium_A,R1,5.36,Flavobacterium_A | R1
97.07,Flavobacterium_A,R1,5.35,Flavobacterium_A | R1
98.07,Flavobacterium_A,R1,5.33,Flavobacterium_A | R1
99.07,Flavobacterium_A,R1,5.3,Flavobacterium_A | R1
100.07,Flavobacterium_A,R1,5.29,Flavobacterium_A | R1
101.07,Flavobacterium_A,R1,5.25,Flavobacterium_A | R1
102.07,Flavobacterium_A,R1,5.24,Flavobacterium_A | R1
103.07,Flavobacterium_A,R1,5.21,Flavobacterium_A | R1
104.07,Flavobacterium_A,R1,5.19,Flavobacterium_A | R1
105.07,Flavobacterium_A,R1,5.16,Flavobacterium_A | R1
106.07,Flavobacterium_A,R1,5.15,Flavobacterium_A | R1
107.07,Flavobacterium_A,R1,5.14,Flavobacterium_A | R1
108.07,Flavobacterium_A,R1,5.12,Flavobacterium_A | R1
109.07,Flavobacterium_A,R1,5.06,Flavobacterium_A | R1
110.07,Flavobacterium_A,R1,5.06,Flavobacterium_A | R1
111.07,Flavobacterium_A,R1,5.03,Flavobacterium_A | R1
112.07,Flavobacterium_A,R1,5.01,Flavobacterium_A | R1
113.07,Flavobacterium_A,R1,4.97,Flavobacterium_A | R1
114.07,Flavobacterium_A,R1,4.95,Flavobacterium_A | R1
115.07,Flavobacterium_A,R1,4.91,Flavobacterium_A | R1
116.07,Flavobacterium_A,R1,4.88,Flavobacterium_A | R1
117.07,Flavobacterium_A,R1,4.86,Flavobacterium_A | R1
118.07,Flavobacterium_A,R1,4.82,Flavobacterium_A | R1
119.07,Flavobacterium_A,R1,4.79,Flavobacterium_A | R1
120.07,Flavobacterium_A,R1,4.77,Flavobacterium_A | R1
121.07,Flavobacterium_A,R1,4.74,Flavobacterium_A | R1
122.07,Flavobacterium_A,R1,4.71,Flavobacterium_A | R1
123.07,Flavobacterium_A,R1,4.68,Flavobacterium_A | R1
124.08,Flavobacterium_A,R1,4.63,Flavobacterium_A | R1
125.08,Flavobacterium_A,R1,4.6,Flavobacterium_A | R1
126.08,Flavobacterium_A,R1,4.58,Flavobacterium_A | R1
127.08,Flavobacterium_A,R1,4.54,Flavobacterium_A | R1
128.08,Flavobacterium_A,R1,4.51,Flavobacterium_A | R1
129.08,Flavobacterium_A,R1,4.46,Flavobacterium_A | R1
130.08,Flavobacterium_A,R1,4.43,Flavobacterium_A | R1
131.08,Flavobacterium_A,R1,4.39,Flavobacterium_A | R1
132.08,Flavobacterium_A,R1,4.35,Flavobacterium_A | R1
133.08,Flavobacterium_A,R1,4.31,Flavobacterium_A | R1
134.08,Flavobacterium_A,R1,4.29,Flavobacterium_A | R1
135.08,Flavobacterium_A,R1,4.25,Flavobacterium_A | R1
136.08,Flavobacterium_A,R1,4.19,Flavobacterium_A | R1
137.08,Flavobacterium_A,R1,4.16,Flavobacterium_A | R1
138.08,Flavobacterium_A,R1,4.11,Flavobacterium_A | R1
139.08,Flavobacterium_A,R1,4.08,Flavobacterium_A | R1
140.08,Flavobacterium_A,R1,4.01,Flavobacterium_A | R1
141.08,Flavobacterium_A,R1,3.97,Flavobacterium_A | R1
142.08,Flavobacterium_A,R1,3.91,Flavobacterium_A | R1
143.08,Flavobacterium_A,R1,3.9,Flavobacterium_A | R1
144.08,Flavobacterium_A,R1,3.82,Flavobacterium_A | R1
145.08,Flavobacterium_A,R1,3.8,Flavobacterium_A | R1
146.08,Flavobacterium_A,R1,3.75,Flavobacterium_A | R1
147.08,Flavobacterium_A,R1,3.69,Flavobacterium_A | R1
148.08,Flavobacterium_A,R1,3.65,Flavobacterium_A | R1
149.08,Flavobacterium_A,R1,3.59,Flavobacterium_A | R1
150.08,Flavobacterium_A,R1,3.54,Flavobacterium_A | R1
151.08,Flavobacterium_A,R1,3.5,Flavobacterium_A | R1
152.08,Flavobacterium_A,R1,3.42,Flavobacterium_A | R1
153.08,Flavobacterium_A,R1,3.39,Flavobacterium_A | R1
154.08,Flavobacterium_A,R1,3.31,Flavobacterium_A | R1
155.08,Flavobacterium_A,R1,3.26,Flavobacterium_A | R1
156.08,Flavobacterium_A,R1,3.2,Flavobacterium_A | R1
157.08,Flavobacterium_A,R1,3.15,Flavobacterium_A | R1
158.08,Flavobacterium_A,R1,3.08,Flavobacterium_A | R1
159.08,Flavobacterium_A,R1,3.03,Flavobacterium_A | R1
160.08,Flavobacterium_A,R1,2.96,Flavobacterium_A | R1
161.08,Flavobacterium_A,R1,2.9,Flavobacterium_A | R1
162.08,Flavobacterium_A,R1,2.85,Flavobacterium_A | R1
163.08,Flavobacterium_A,R1,2.78,Flavobacterium_A | R1
164.08,Flavobacterium_A,R1,2.71,Flavobacterium_A | R1
165.08,Flavobacterium_A,R1,2.65,Flavobacterium_A | R1
166.08,Flavobacterium_A,R1,2.56,Flavobacterium_A | R1
167.08,Flavobacterium_A,R1,2.5,Flavobacterium_A | R1
168.08,Flavobacterium_A,R1,2.43,Flavobacterium_A | R1
169.08,Flavobacterium_A,R1,2.35,Flavobacterium_A | R1
170.08,Flavobacterium_A,R1,2.28,Flavobacterium_A | R1
171.08,Flavobacterium_A,R1,2.2,Flavobacterium_A | R1
172.08,Flavobacterium_A,R1,2.11,Flavobacterium_A | R1
173.08,Flavobacterium_A,R1,2.05,Flavobacterium_A | R1
174.08,Flavobacterium_A,R1,1.96,Flavobacterium_A | R1
175.08,Flavobacterium_A,R1,1.88,Flavobacterium_A | R1
176.08,Flavobacterium_A,R1,1.81,Flavobacterium_A | R1
177.08,Flavobacterium_A,R1,1.71,Flavobacterium_A | R1
178.08,Flavobacterium_A,R1,1.62,Flavobacterium_A | R1
179.1,Flavobacterium_A,R1,1.55,Flavobacterium_A | R1
180.1,Flavobacterium_A,R1,1.44,Flavobacterium_A | R1
181.1,Flavobacterium_A,R1,1.36,Flavobacterium_A | R1
182.1,Flavobacterium_A,R1,1.25,Flavobacterium_A | R1
183.1,Flavobacterium_A,R1,1.14,Flavobacterium_A | R1
184.1,Flavobacterium_A,R1,1.06,Flavobacterium_A | R1
185.1,Flavobacterium_A,R1,0.98,Flavobacterium_A | R1
186.1,Flavobacterium_A,R1,0.87,Flavobacterium_A | R1
187.1,Flavobacterium_A,R1,0.78,Flavobacterium_A | R1
188.1,Flavobacterium_A,R1,0.68,Flavobacterium_A | R1
189.1,Flavobacterium_A,R1,0.56,Flavobacterium_A | R1
190.1,Flavobacterium_A,R1,0.45,Flavobacterium_A | R1
191.1,Flavobacterium_A,R1,0.35,Flavobacterium_A | R1
192.1,Flavobacterium_A,R1,0.24,Flavobacterium_A | R1
193.1,Flavobacterium_A,R1,0.12,Flavobacterium_A | R1
194.1,Flavobacterium_A,R1,0.01,Flavobacterium_A | R1
195.1,Flavobacterium_A,R1,0,Flavobacterium_A | R1
196.1,Flavobacterium_A,R1,0,Flavobacterium_A | R1
197.1,Flavobacterium_A,R1,0,Flavobacterium_A | R1
198.1,Flavobacterium_A,R1,0,Flavobacterium_A | R1
199.1,Flavobacterium_A,R1,0,Flavobacterium_A | R1
200.1,Flavobacterium_A,R1,0,Flavobacterium_A | R1
201.1,Flavobacterium_A,R1,0,Flavobacterium_A | R1
202.1,Flavobacterium_A,R1,0,Flavobacterium_A | R1
203.1,Flavobacterium_A,R1,0,Flavobacterium_A | R1
204.1,Flavobacterium_A,R1,0,Flavobacterium_A | R1
205.1,Flavobacterium_A,R1,0,Flavobacterium_A | R1
206.1,Flavobacterium_A,R1,0,Flavobacterium_A | R1
207.1,Flavobacterium_A,R1,0,Flavobacterium_A | R1
208.1,Flavobacterium_A,R1,0,Flavobacterium_A | R1
209.1,Flavobacterium_A,R1,0,Flavobacterium_A | R1
210.1,Flavobacterium_A,R1,0,Flavobacterium_A | R1
211.1,Flavobacterium_A,R1,0,Flavobacterium_A | R1
212.1,Flavobacterium_A,R1,0,Flavobacterium_A | R1
0.03,Flavobacterium_A,R2,5.25,Flavobacterium_A | R2
1.05,Flavobacterium_A,R2,5.18,Flavobacterium_A | R2
2.05,Flavobacterium_A,R2,5.24,Flavobacterium_A | R2
3.05,Flavobacterium_A,R2,5.29,Flavobacterium_A | R2
4.05,Flavobacterium_A,R2,5.35,Flavobacterium_A | R2
5.05,Flavobacterium_A,R2,5.42,Flavobacterium_A | R2
6.05,Flavobacterium_A,R2,5.47,Flavobacterium_A | R2
7.05,Flavobacterium_A,R2,5.54,Flavobacterium_A | R2
8.05,Flavobacterium_A,R2,5.59,Flavobacterium_A | R2
9.05,Flavobacterium_A,R2,5.64,Flavobacterium_A | R2
10.05,Flavobacterium_A,R2,5.69,Flavobacterium_A | R2
11.05,Flavobacterium_A,R2,5.74,Flavobacterium_A | R2
12.05,Flavobacterium_A,R2,5.77,Flavobacterium_A | R2
13.05,Flavobacterium_A,R2,5.81,Flavobacterium_A | R2
14.05,Flavobacterium_A,R2,5.86,Flavobacterium_A | R2
15.05,Flavobacterium_A,R2,5.9,Flavobacterium_A | R2
16.05,Flavobacterium_A,R2,5.92,Flavobacterium_A | R2
17.05,Flavobacterium_A,R2,5.96,Flavobacterium_A | R2
18.05,Flavobacterium_A,R2,6,Flavobacterium_A | R2
19.05,Flavobacterium_A,R2,6.03,Flavobacterium_A | R2
20.05,Flavobacterium_A,R2,6.05,Flavobacterium_A | R2
21.05,Flavobacterium_A,R2,6.07,Flavobacterium_A | R2
22.05,Flavobacterium_A,R2,6.1,Flavobacterium_A | R2
23.05,Flavobacterium_A,R2,6.12,Flavobacterium_A | R2
24.05,Flavobacterium_A,R2,6.14,Flavobacterium_A | R2
25.05,Flavobacterium_A,R2,6.15,Flavobacterium_A | R2
26.05,Flavobacterium_A,R2,6.18,Flavobacterium_A | R2
27.05,Flavobacterium_A,R2,6.19,Flavobacterium_A | R2
28.05,Flavobacterium_A,R2,6.2,Flavobacterium_A | R2
29.05,Flavobacterium_A,R2,6.21,Flavobacterium_A | R2
30.05,Flavobacterium_A,R2,6.22,Flavobacterium_A | R2
31.05,Flavobacterium_A,R2,6.23,Flavobacterium_A | R2
32.05,Flavobacterium_A,R2,6.24,Flavobacterium_A | R2
33.05,Flavobacterium_A,R2,6.25,Flavobacterium_A | R2
34.05,Flavobacterium_A,R2,6.23,Flavobacterium_A | R2
35.05,Flavobacterium_A,R2,6.24,Flavobacterium_A | R2
36.05,Flavobacterium_A,R2,6.24,Flavobacterium_A | R2
37.05,Flavobacterium_A,R2,6.25,Flavobacterium_A | R2
38.05,Flavobacterium_A,R2,6.26,Flavobacterium_A | R2
39.05,Flavobacterium_A,R2,6.26,Flavobacterium_A | R2
40.05,Flavobacterium_A,R2,6.26,Flavobacterium_A | R2
41.05,Flavobacterium_A,R2,6.25,Flavobacterium_A | R2
42.07,Flavobacterium_A,R2,6.27,Flavobacterium_A | R2
43.07,Flavobacterium_A,R2,6.26,Flavobacterium_A | R2
44.07,Flavobacterium_A,R2,6.28,Flavobacterium_A | R2
45.07,Flavobacterium_A,R2,6.28,Flavobacterium_A | R2
46.07,Flavobacterium_A,R2,6.28,Flavobacterium_A | R2
47.07,Flavobacterium_A,R2,6.27,Flavobacterium_A | R2
48.07,Flavobacterium_A,R2,6.27,Flavobacterium_A | R2
49.07,Flavobacterium_A,R2,6.28,Flavobacterium_A | R2
50.07,Flavobacterium_A,R2,6.29,Flavobacterium_A | R2
51.07,Flavobacterium_A,R2,6.27,Flavobacterium_A | R2
52.07,Flavobacterium_A,R2,6.27,Flavobacterium_A | R2
53.07,Flavobacterium_A,R2,6.25,Flavobacterium_A | R2
54.07,Flavobacterium_A,R2,6.23,Flavobacterium_A | R2
55.07,Flavobacterium_A,R2,6.22,Flavobacterium_A | R2
56.07,Flavobacterium_A,R2,6.2,Flavobacterium_A | R2
57.07,Flavobacterium_A,R2,6.19,Flavobacterium_A | R2
58.07,Flavobacterium_A,R2,6.18,Flavobacterium_A | R2
59.07,Flavobacterium_A,R2,6.15,Flavobacterium_A | R2
60.07,Flavobacterium_A,R2,6.16,Flavobacterium_A | R2
61.07,Flavobacterium_A,R2,6.14,Flavobacterium_A | R2
62.07,Flavobacterium_A,R2,6.13,Flavobacterium_A | R2
63.07,Flavobacterium_A,R2,6.11,Flavobacterium_A | R2
64.07,Flavobacterium_A,R2,6.09,Flavobacterium_A | R2
65.07,Flavobacterium_A,R2,6.08,Flavobacterium_A | R2
66.07,Flavobacterium_A,R2,6.07,Flavobacterium_A | R2
67.07,Flavobacterium_A,R2,6.06,Flavobacterium_A | R2
68.07,Flavobacterium_A,R2,6.01,Flavobacterium_A | R2
69.07,Flavobacterium_A,R2,6.01,Flavobacterium_A | R2
70.07,Flavobacterium_A,R2,6.01,Flavobacterium_A | R2
71.07,Flavobacterium_A,R2,5.98,Flavobacterium_A | R2
72.07,Flavobacterium_A,R2,5.96,Flavobacterium_A | R2
73.07,Flavobacterium_A,R2,5.93,Flavobacterium_A | R2
74.07,Flavobacterium_A,R2,5.94,Flavobacterium_A | R2
75.07,Flavobacterium_A,R2,5.9,Flavobacterium_A | R2
76.07,Flavobacterium_A,R2,5.89,Flavobacterium_A | R2
77.07,Flavobacterium_A,R2,5.87,Flavobacterium_A | R2
78.07,Flavobacterium_A,R2,5.86,Flavobacterium_A | R2
79.07,Flavobacterium_A,R2,5.83,Flavobacterium_A | R2
80.07,Flavobacterium_A,R2,5.79,Flavobacterium_A | R2
81.07,Flavobacterium_A,R2,5.76,Flavobacterium_A | R2
82.07,Flavobacterium_A,R2,5.76,Flavobacterium_A | R2
83.07,Flavobacterium_A,R2,5.75,Flavobacterium_A | R2
84.07,Flavobacterium_A,R2,5.73,Flavobacterium_A | R2
85.07,Flavobacterium_A,R2,5.71,Flavobacterium_A | R2
86.07,Flavobacterium_A,R2,5.69,Flavobacterium_A | R2
87.07,Flavobacterium_A,R2,5.67,Flavobacterium_A | R2
88.07,Flavobacterium_A,R2,5.66,Flavobacterium_A | R2
89.07,Flavobacterium_A,R2,5.61,Flavobacterium_A | R2
90.07,Flavobacterium_A,R2,5.6,Flavobacterium_A | R2
91.07,Flavobacterium_A,R2,5.58,Flavobacterium_A | R2
92.07,Flavobacterium_A,R2,5.56,Flavobacterium_A | R2
93.07,Flavobacterium_A,R2,5.51,Flavobacterium_A | R2
94.07,Flavobacterium_A,R2,5.5,Flavobacterium_A | R2
95.07,Flavobacterium_A,R2,5.47,Flavobacterium_A | R2
96.07,Flavobacterium_A,R2,5.45,Flavobacterium_A | R2
97.07,Flavobacterium_A,R2,5.43,Flavobacterium_A | R2
98.07,Flavobacterium_A,R2,5.41,Flavobacterium_A | R2
99.07,Flavobacterium_A,R2,5.37,Flavobacterium_A | R2
100.07,Flavobacterium_A,R2,5.33,Flavobacterium_A | R2
101.07,Flavobacterium_A,R2,5.32,Flavobacterium_A | R2
102.07,Flavobacterium_A,R2,5.28,Flavobacterium_A | R2
103.07,Flavobacterium_A,R2,5.25,Flavobacterium_A | R2
104.07,Flavobacterium_A,R2,5.22,Flavobacterium_A | R2
105.07,Flavobacterium_A,R2,5.21,Flavobacterium_A | R2
106.07,Flavobacterium_A,R2,5.15,Flavobacterium_A | R2
107.07,Flavobacterium_A,R2,5.14,Flavobacterium_A | R2
108.07,Flavobacterium_A,R2,5.11,Flavobacterium_A | R2
109.07,Flavobacterium_A,R2,5.06,Flavobacterium_A | R2
110.07,Flavobacterium_A,R2,5.05,Flavobacterium_A | R2
111.07,Flavobacterium_A,R2,5.01,Flavobacterium_A | R2
112.07,Flavobacterium_A,R2,4.96,Flavobacterium_A | R2
113.07,Flavobacterium_A,R2,4.95,Flavobacterium_A | R2
114.07,Flavobacterium_A,R2,4.91,Flavobacterium_A | R2
115.07,Flavobacterium_A,R2,4.88,Flavobacterium_A | R2
116.07,Flavobacterium_A,R2,4.85,Flavobacterium_A | R2
117.07,Flavobacterium_A,R2,4.81,Flavobacterium_A | R2
118.07,Flavobacterium_A,R2,4.77,Flavobacterium_A | R2
119.07,Flavobacterium_A,R2,4.74,Flavobacterium_A | R2
120.07,Flavobacterium_A,R2,4.71,Flavobacterium_A | R2
121.07,Flavobacterium_A,R2,4.65,Flavobacterium_A | R2
122.07,Flavobacterium_A,R2,4.63,Flavobacterium_A | R2
123.07,Flavobacterium_A,R2,4.58,Flavobacterium_A | R2
124.08,Flavobacterium_A,R2,4.53,Flavobacterium_A | R2
125.08,Flavobacterium_A,R2,4.51,Flavobacterium_A | R2
126.08,Flavobacterium_A,R2,4.46,Flavobacterium_A | R2
127.08,Flavobacterium_A,R2,4.42,Flavobacterium_A | R2
128.08,Flavobacterium_A,R2,4.37,Flavobacterium_A | R2
129.08,Flavobacterium_A,R2,4.33,Flavobacterium_A | R2
130.08,Flavobacterium_A,R2,4.29,Flavobacterium_A | R2
131.08,Flavobacterium_A,R2,4.24,Flavobacterium_A | R2
132.08,Flavobacterium_A,R2,4.2,Flavobacterium_A | R2
133.08,Flavobacterium_A,R2,4.17,Flavobacterium_A | R2
134.08,Flavobacterium_A,R2,4.1,Flavobacterium_A | R2
135.08,Flavobacterium_A,R2,4.07,Flavobacterium_A | R2
136.08,Flavobacterium_A,R2,4.02,Flavobacterium_A | R2
137.08,Flavobacterium_A,R2,3.98,Flavobacterium_A | R2
138.08,Flavobacterium_A,R2,3.91,Flavobacterium_A | R2
139.08,Flavobacterium_A,R2,3.85,Flavobacterium_A | R2
140.08,Flavobacterium_A,R2,3.82,Flavobacterium_A | R2
141.08,Flavobacterium_A,R2,3.76,Flavobacterium_A | R2
142.08,Flavobacterium_A,R2,3.71,Flavobacterium_A | R2
143.08,Flavobacterium_A,R2,3.66,Flavobacterium_A | R2
144.08,Flavobacterium_A,R2,3.63,Flavobacterium_A | R2
145.08,Flavobacterium_A,R2,3.55,Flavobacterium_A | R2
146.08,Flavobacterium_A,R2,3.5,Flavobacterium_A | R2
147.08,Flavobacterium_A,R2,3.45,Flavobacterium_A | R2
148.08,Flavobacterium_A,R2,3.39,Flavobacterium_A | R2
149.08,Flavobacterium_A,R2,3.33,Flavobacterium_A | R2
150.08,Flavobacterium_A,R2,3.25,Flavobacterium_A | R2
151.08,Flavobacterium_A,R2,3.21,Flavobacterium_A | R2
152.08,Flavobacterium_A,R2,3.15,Flavobacterium_A | R2
153.08,Flavobacterium_A,R2,3.08,Flavobacterium_A | R2
154.08,Flavobacterium_A,R2,3.02,Flavobacterium_A | R2
155.08,Flavobacterium_A,R2,2.95,Flavobacterium_A | R2
156.08,Flavobacterium_A,R2,2.89,Flavobacterium_A | R2
157.08,Flavobacterium_A,R2,2.81,Flavobacterium_A | R2
158.08,Flavobacterium_A,R2,2.74,Flavobacterium_A | R2
159.08,Flavobacterium_A,R2,2.67,Flavobacterium_A | R2
160.08,Flavobacterium_A,R2,2.62,Flavobacterium_A | R2
161.08,Flavobacterium_A,R2,2.54,Flavobacterium_A | R2
162.08,Flavobacterium_A,R2,2.45,Flavobacterium_A | R2
163.08,Flavobacterium_A,R2,2.41,Flavobacterium_A | R2
164.08,Flavobacterium_A,R2,2.33,Flavobacterium_A | R2
165.08,Flavobacterium_A,R2,2.24,Flavobacterium_A | R2
166.08,Flavobacterium_A,R2,2.16,Flavobacterium_A | R2
167.08,Flavobacterium_A,R2,2.09,Flavobacterium_A | R2
168.08,Flavobacterium_A,R2,2.02,Flavobacterium_A | R2
169.08,Flavobacterium_A,R2,1.92,Flavobacterium_A | R2
170.08,Flavobacterium_A,R2,1.85,Flavobacterium_A | R2
171.08,Flavobacterium_A,R2,1.78,Flavobacterium_A | R2
172.08,Flavobacterium_A,R2,1.69,Flavobacterium_A | R2
173.08,Flavobacterium_A,R2,1.59,Flavobacterium_A | R2
174.08,Flavobacterium_A,R2,1.52,Flavobacterium_A | R2
175.08,Flavobacterium_A,R2,1.4,Flavobacterium_A | R2
176.08,Flavobacterium_A,R2,1.34,Flavobacterium_A | R2
177.08,Flavobacterium_A,R2,1.24,Flavobacterium_A | R2
178.08,Flavobacterium_A,R2,1.15,Flavobacterium_A | R2
179.1,Flavobacterium_A,R2,1.06,Flavobacterium_A | R2
180.1,Flavobacterium_A,R2,0.97,Flavobacterium_A | R2
181.1,Flavobacterium_A,R2,0.87,Flavobacterium_A | R2
182.1,Flavobacterium_A,R2,0.75,Flavobacterium_A | R2
183.1,Flavobacterium_A,R2,0.65,Flavobacterium_A | R2
184.1,Flavobacterium_A,R2,0.57,Flavobacterium_A | R2
185.1,Flavobacterium_A,R2,0.46,Flavobacterium_A | R2
186.1,Flavobacterium_A,R2,0.36,Flavobacterium_A | R2
187.1,Flavobacterium_A,R2,0.25,Flavobacterium_A | R2
188.1,Flavobacterium_A,R2,0.14,Flavobacterium_A | R2
189.1,Flavobacterium_A,R2,0.05,Flavobacterium_A | R2
190.1,Flavobacterium_A,R2,0.03,Flavobacterium_A | R2
191.1,Flavobacterium_A,R2,0.03,Flavobacterium_A | R2
192.1,Flavobacterium_A,R2,0.02,Flavobacterium_A | R2
193.1,Flavobacterium_A,R2,0.03,Flavobacterium_A | R2
194.1,Flavobacterium_A,R2,0.03,Flavobacterium_A | R2
195.1,Flavobacterium_A,R2,0.03,Flavobacterium_A | R2
196.1,Flavobacterium_A,R2,0.03,Flavobacterium_A | R2
197.1,Flavobacterium_A,R2,0.01,Flavobacterium_A | R2
198.1,Flavobacterium_A,R2,0.01,Flavobacterium_A | R2
199.1,Flavobacterium_A,R2,0.01,Flavobacterium_A | R2
200.1,Flavobacterium_A,R2,0.02,Flavobacterium_A | R2
201.1,Flavobacterium_A,R2,0.02,Flavobacterium_A | R2
202.1,Flavobacterium_A,R2,0.02,Flavobacterium_A | R2
203.1,Flavobacterium_A,R2,0.02,Flavobacterium_A | R2
204.1,Flavobacterium_A,R2,0.03,Flavobacterium_A | R2
205.1,Flavobacterium_A,R2,0.02,Flavobacterium_A | R2
206.1,Flavobacterium_A,R2,0.03,Flavobacterium_A | R2
207.1,Flavobacterium_A,R2,0.03,Flavobacterium_A | R2
208.1,Flavobacterium_A,R2,0.02,Flavobacterium_A | R2
209.1,Flavobacterium_A,R2,0.01,Flavobacterium_A | R2
210.1,Flavobacterium_A,R2,0.01,Flavobacterium_A | R2
211.1,Flavobacterium_A,R2,0.03,Flavobacterium_A | R2
212.1,Flavobacterium_A,R2,0.02,Flavobacterium_A | R2
0.03,Flavobacterium_A,R3,4.96,Flavobacterium_A | R3
1.05,Flavobacterium_A,R3,4.91,Flavobacterium_A | R3
2.05,Flavobacterium_A,R3,4.97,Flavobacterium_A | R3
3.05,Flavobacterium_A,R3,5.01,Flavobacterium_A | R3
4.05,Flavobacterium_A,R3,5.09,Flavobacterium_A | R3
5.05,Flavobacterium_A,R3,5.15,Flavobacterium_A | R3
6.05,Flavobacterium_A,R3,5.2,Flavobacterium_A | R3
7.05,Flavobacterium_A,R3,5.27,Flavobacterium_A | R3
8.05,Flavobacterium_A,R3,5.31,Flavobacterium_A | R3
9.05,Flavobacterium_A,R3,5.37,Flavobacterium_A | R3
10.05,Flavobacterium_A,R3,5.41,Flavobacterium_A | R3
11.05,Flavobacterium_A,R3,5.47,Flavobacterium_A | R3
12.05,Flavobacterium_A,R3,5.49,Flavobacterium_A | R3
13.05,Flavobacterium_A,R3,5.54,Flavobacterium_A | R3
14.05,Flavobacterium_A,R3,5.59,Flavobacterium_A | R3
15.05,Flavobacterium_A,R3,5.63,Flavobacterium_A | R3
16.05,Flavobacterium_A,R3,5.65,Flavobacterium_A | R3
17.05,Flavobacterium_A,R3,5.69,Flavobacterium_A | R3
18.05,Flavobacterium_A,R3,5.72,Flavobacterium_A | R3
19.05,Flavobacterium_A,R3,5.75,Flavobacterium_A | R3
20.05,Flavobacterium_A,R3,5.78,Flavobacterium_A | R3
21.05,Flavobacterium_A,R3,5.8,Flavobacterium_A | R3
22.05,Flavobacterium_A,R3,5.84,Flavobacterium_A | R3
23.05,Flavobacterium_A,R3,5.86,Flavobacterium_A | R3
24.05,Flavobacterium_A,R3,5.87,Flavobacterium_A | R3
25.05,Flavobacterium_A,R3,5.88,Flavobacterium_A | R3
26.05,Flavobacterium_A,R3,5.92,Flavobacterium_A | R3
27.05,Flavobacterium_A,R3,5.93,Flavobacterium_A | R3
28.05,Flavobacterium_A,R3,5.96,Flavobacterium_A | R3
29.05,Flavobacterium_A,R3,5.97,Flavobacterium_A | R3
30.05,Flavobacterium_A,R3,5.99,Flavobacterium_A | R3
31.05,Flavobacterium_A,R3,6,Flavobacterium_A | R3
32.05,Flavobacterium_A,R3,6.03,Flavobacterium_A | R3
33.05,Flavobacterium_A,R3,6.03,Flavobacterium_A | R3
34.05,Flavobacterium_A,R3,6.03,Flavobacterium_A | R3
35.05,Flavobacterium_A,R3,6.05,Flavobacterium_A | R3
36.05,Flavobacterium_A,R3,6.06,Flavobacterium_A | R3
37.05,Flavobacterium_A,R3,6.09,Flavobacterium_A | R3
38.05,Flavobacterium_A,R3,6.09,Flavobacterium_A | R3
39.05,Flavobacterium_A,R3,6.09,Flavobacterium_A | R3
40.05,Flavobacterium_A,R3,6.11,Flavobacterium_A | R3
41.05,Flavobacterium_A,R3,6.11,Flavobacterium_A | R3
42.07,Flavobacterium_A,R3,6.12,Flavobacterium_A | R3
43.07,Flavobacterium_A,R3,6.13,Flavobacterium_A | R3
44.07,Flavobacterium_A,R3,6.13,Flavobacterium_A | R3
45.07,Flavobacterium_A,R3,6.13,Flavobacterium_A | R3
46.07,Flavobacterium_A,R3,6.15,Flavobacterium_A | R3
47.07,Flavobacterium_A,R3,6.14,Flavobacterium_A | R3
48.07,Flavobacterium_A,R3,6.14,Flavobacterium_A | R3
49.07,Flavobacterium_A,R3,6.15,Flavobacterium_A | R3
50.07,Flavobacterium_A,R3,6.16,Flavobacterium_A | R3
51.07,Flavobacterium_A,R3,6.16,Flavobacterium_A | R3
52.07,Flavobacterium_A,R3,6.16,Flavobacterium_A | R3
53.07,Flavobacterium_A,R3,6.16,Flavobacterium_A | R3
54.07,Flavobacterium_A,R3,6.17,Flavobacterium_A | R3
55.07,Flavobacterium_A,R3,6.16,Flavobacterium_A | R3
56.07,Flavobacterium_A,R3,6.17,Flavobacterium_A | R3
57.07,Flavobacterium_A,R3,6.14,Flavobacterium_A | R3
58.07,Flavobacterium_A,R3,6.13,Flavobacterium_A | R3
59.07,Flavobacterium_A,R3,6.13,Flavobacterium_A | R3
60.07,Flavobacterium_A,R3,6.13,Flavobacterium_A | R3
61.07,Flavobacterium_A,R3,6.13,Flavobacterium_A | R3
62.07,Flavobacterium_A,R3,6.11,Flavobacterium_A | R3
63.07,Flavobacterium_A,R3,6.11,Flavobacterium_A | R3
64.07,Flavobacterium_A,R3,6.1,Flavobacterium_A | R3
65.07,Flavobacterium_A,R3,6.09,Flavobacterium_A | R3
66.07,Flavobacterium_A,R3,6.07,Flavobacterium_A | R3
67.07,Flavobacterium_A,R3,6.06,Flavobacterium_A | R3
68.07,Flavobacterium_A,R3,6.06,Flavobacterium_A | R3
69.07,Flavobacterium_A,R3,6.07,Flavobacterium_A | R3
70.07,Flavobacterium_A,R3,6.05,Flavobacterium_A | R3
71.07,Flavobacterium_A,R3,6.04,Flavobacterium_A | R3
72.07,Flavobacterium_A,R3,6.03,Flavobacterium_A | R3
73.07,Flavobacterium_A,R3,6.01,Flavobacterium_A | R3
74.07,Flavobacterium_A,R3,6,Flavobacterium_A | R3
75.07,Flavobacterium_A,R3,5.99,Flavobacterium_A | R3
76.07,Flavobacterium_A,R3,5.98,Flavobacterium_A | R3
77.07,Flavobacterium_A,R3,5.97,Flavobacterium_A | R3
78.07,Flavobacterium_A,R3,5.95,Flavobacterium_A | R3
79.07,Flavobacterium_A,R3,5.94,Flavobacterium_A | R3
80.07,Flavobacterium_A,R3,5.93,Flavobacterium_A | R3
81.07,Flavobacterium_A,R3,5.92,Flavobacterium_A | R3
82.07,Flavobacterium_A,R3,5.91,Flavobacterium_A | R3
83.07,Flavobacterium_A,R3,5.89,Flavobacterium_A | R3
84.07,Flavobacterium_A,R3,5.87,Flavobacterium_A | R3
85.07,Flavobacterium_A,R3,5.86,Flavobacterium_A | R3
86.07,Flavobacterium_A,R3,5.85,Flavobacterium_A | R3
87.07,Flavobacterium_A,R3,5.85,Flavobacterium_A | R3
88.07,Flavobacterium_A,R3,5.8,Flavobacterium_A | R3
89.07,Flavobacterium_A,R3,5.8,Flavobacterium_A | R3
90.07,Flavobacterium_A,R3,5.8,Flavobacterium_A | R3
91.07,Flavobacterium_A,R3,5.76,Flavobacterium_A | R3
92.07,Flavobacterium_A,R3,5.76,Flavobacterium_A | R3
93.07,Flavobacterium_A,R3,5.74,Flavobacterium_A | R3
94.07,Flavobacterium_A,R3,5.72,Flavobacterium_A | R3
95.07,Flavobacterium_A,R3,5.7,Flavobacterium_A | R3
96.07,Flavobacterium_A,R3,5.69,Flavobacterium_A | R3
97.07,Flavobacterium_A,R3,5.67,Flavobacterium_A | R3
98.07,Flavobacterium_A,R3,5.64,Flavobacterium_A | R3
99.07,Flavobacterium_A,R3,5.63,Flavobacterium_A | R3
100.07,Flavobacterium_A,R3,5.6,Flavobacterium_A | R3
101.07,Flavobacterium_A,R3,5.6,Flavobacterium_A | R3
102.07,Flavobacterium_A,R3,5.57,Flavobacterium_A | R3
103.07,Flavobacterium_A,R3,5.57,Flavobacterium_A | R3
104.07,Flavobacterium_A,R3,5.53,Flavobacterium_A | R3
105.07,Flavobacterium_A,R3,5.53,Flavobacterium_A | R3
106.07,Flavobacterium_A,R3,5.48,Flavobacterium_A | R3
107.07,Flavobacterium_A,R3,5.45,Flavobacterium_A | R3
108.07,Flavobacterium_A,R3,5.43,Flavobacterium_A | R3
109.07,Flavobacterium_A,R3,5.4,Flavobacterium_A | R3
110.07,Flavobacterium_A,R3,5.39,Flavobacterium_A | R3
111.07,Flavobacterium_A,R3,5.36,Flavobacterium_A | R3
112.07,Flavobacterium_A,R3,5.34,Flavobacterium_A | R3
113.07,Flavobacterium_A,R3,5.31,Flavobacterium_A | R3
114.07,Flavobacterium_A,R3,5.28,Flavobacterium_A | R3
115.07,Flavobacterium_A,R3,5.26,Flavobacterium_A | R3
116.07,Flavobacterium_A,R3,5.22,Flavobacterium_A | R3
117.07,Flavobacterium_A,R3,5.21,Flavobacterium_A | R3
118.07,Flavobacterium_A,R3,5.15,Flavobacterium_A | R3
119.07,Flavobacterium_A,R3,5.13,Flavobacterium_A | R3
120.07,Flavobacterium_A,R3,5.11,Flavobacterium_A | R3
121.07,Flavobacterium_A,R3,5.06,Flavobacterium_A | R3
122.07,Flavobacterium_A,R3,5.03,Flavobacterium_A | R3
123.07,Flavobacterium_A,R3,5,Flavobacterium_A | R3
124.08,Flavobacterium_A,R3,4.96,Flavobacterium_A | R3
125.08,Flavobacterium_A,R3,4.94,Flavobacterium_A | R3
126.08,Flavobacterium_A,R3,4.88,Flavobacterium_A | R3
127.08,Flavobacterium_A,R3,4.86,Flavobacterium_A | R3
128.08,Flavobacterium_A,R3,4.8,Flavobacterium_A | R3
129.08,Flavobacterium_A,R3,4.78,Flavobacterium_A | R3
130.08,Flavobacterium_A,R3,4.72,Flavobacterium_A | R3
131.08,Flavobacterium_A,R3,4.69,Flavobacterium_A | R3
132.08,Flavobacterium_A,R3,4.64,Flavobacterium_A | R3
133.08,Flavobacterium_A,R3,4.59,Flavobacterium_A | R3
134.08,Flavobacterium_A,R3,4.54,Flavobacterium_A | R3
135.08,Flavobacterium_A,R3,4.5,Flavobacterium_A | R3
136.08,Flavobacterium_A,R3,4.45,Flavobacterium_A | R3
137.08,Flavobacterium_A,R3,4.4,Flavobacterium_A | R3
138.08,Flavobacterium_A,R3,4.36,Flavobacterium_A | R3
139.08,Flavobacterium_A,R3,4.3,Flavobacterium_A | R3
140.08,Flavobacterium_A,R3,4.25,Flavobacterium_A | R3
141.08,Flavobacterium_A,R3,4.2,Flavobacterium_A | R3
142.08,Flavobacterium_A,R3,4.16,Flavobacterium_A | R3
143.08,Flavobacterium_A,R3,4.09,Flavobacterium_A | R3
144.08,Flavobacterium_A,R3,4.04,Flavobacterium_A | R3
145.08,Flavobacterium_A,R3,3.98,Flavobacterium_A | R3
146.08,Flavobacterium_A,R3,3.91,Flavobacterium_A | R3
147.08,Flavobacterium_A,R3,3.85,Flavobacterium_A | R3
148.08,Flavobacterium_A,R3,3.8,Flavobacterium_A | R3
149.08,Flavobacterium_A,R3,3.73,Flavobacterium_A | R3
150.08,Flavobacterium_A,R3,3.67,Flavobacterium_A | R3
151.08,Flavobacterium_A,R3,3.6,Flavobacterium_A | R3
152.08,Flavobacterium_A,R3,3.54,Flavobacterium_A | R3
153.08,Flavobacterium_A,R3,3.46,Flavobacterium_A | R3
154.08,Flavobacterium_A,R3,3.38,Flavobacterium_A | R3
155.08,Flavobacterium_A,R3,3.29,Flavobacterium_A | R3
156.08,Flavobacterium_A,R3,3.22,Flavobacterium_A | R3
157.08,Flavobacterium_A,R3,3.13,Flavobacterium_A | R3
158.08,Flavobacterium_A,R3,3.05,Flavobacterium_A | R3
159.08,Flavobacterium_A,R3,2.98,Flavobacterium_A | R3
160.08,Flavobacterium_A,R3,2.91,Flavobacterium_A | R3
161.08,Flavobacterium_A,R3,2.83,Flavobacterium_A | R3
162.08,Flavobacterium_A,R3,2.71,Flavobacterium_A | R3
163.08,Flavobacterium_A,R3,2.64,Flavobacterium_A | R3
164.08,Flavobacterium_A,R3,2.53,Flavobacterium_A | R3
165.08,Flavobacterium_A,R3,2.44,Flavobacterium_A | R3
166.08,Flavobacterium_A,R3,2.35,Flavobacterium_A | R3
167.08,Flavobacterium_A,R3,2.25,Flavobacterium_A | R3
168.08,Flavobacterium_A,R3,2.14,Flavobacterium_A | R3
169.08,Flavobacterium_A,R3,2.05,Flavobacterium_A | R3
170.08,Flavobacterium_A,R3,1.94,Flavobacterium_A | R3
171.08,Flavobacterium_A,R3,1.82,Flavobacterium_A | R3
172.08,Flavobacterium_A,R3,1.72,Flavobacterium_A | R3
173.08,Flavobacterium_A,R3,1.59,Flavobacterium_A | R3
174.08,Flavobacterium_A,R3,1.47,Flavobacterium_A | R3
175.08,Flavobacterium_A,R3,1.34,Flavobacterium_A | R3
176.08,Flavobacterium_A,R3,1.22,Flavobacterium_A | R3
177.08,Flavobacterium_A,R3,1.08,Flavobacterium_A | R3
178.08,Flavobacterium_A,R3,0.96,Flavobacterium_A | R3
179.1,Flavobacterium_A,R3,0.83,Flavobacterium_A | R3
180.1,Flavobacterium_A,R3,0.7,Flavobacterium_A | R3
181.1,Flavobacterium_A,R3,0.56,Flavobacterium_A | R3
182.1,Flavobacterium_A,R3,0.41,Flavobacterium_A | R3
183.1,Flavobacterium_A,R3,0.26,Flavobacterium_A | R3
184.1,Flavobacterium_A,R3,0.11,Flavobacterium_A | R3
185.1,Flavobacterium_A,R3,0.01,Flavobacterium_A | R3
186.1,Flavobacterium_A,R3,0,Flavobacterium_A | R3
187.1,Flavobacterium_A,R3,0,Flavobacterium_A | R3
188.1,Flavobacterium_A,R3,0,Flavobacterium_A | R3
189.1,Flavobacterium_A,R3,0,Flavobacterium_A | R3
190.1,Flavobacterium_A,R3,0,Flavobacterium_A | R3
191.1,Flavobacterium_A,R3,0,Flavobacterium_A | R3
192.1,Flavobacterium_A,R3,0,Flavobacterium_A | R3
193.1,Flavobacterium_A,R3,0,Flavobacterium_A | R3
194.1,Flavobacterium_A,R3,0,Flavobacterium_A | R3
195.1,Flavobacterium_A,R3,0,Flavobacterium_A | R3
196.1,Flavobacterium_A,R3,0,Flavobacterium_A | R3
197.1,Flavobacterium_A,R3,0,Flavobacterium_A | R3
198.1,Flavobacterium_A,R3,0,Flavobacterium_A | R3
199.1,Flavobacterium_A,R3,0,Flavobacterium_A | R3
200.1,Flavobacterium_A,R3,0,Flavobacterium_A | R3
201.1,Flavobacterium_A,R3,0,Flavobacterium_A | R3
202.1,Flavobacterium_A,R3,0,Flavobacterium_A | R3
203.1,Flavobacterium_A,R3,0,Flavobacterium_A | R3
204.1,Flavobacterium_A,R3,0,Flavobacterium_A | R3
205.1,Flavobacterium_A,R3,0,Flavobacterium_A | R3
206.1,Flavobacterium_A,R3,0,Flavobacterium_A | R3
207.1,Flavobacterium_A,R3,0,Flavobacterium_A | R3
208.1,Flavobacterium_A,R3,0,Flavobacterium_A | R3
209.1,Flavobacterium_A,R3,0,Flavobacterium_A | R3
210.1,Flavobacterium_A,R3,0,Flavobacterium_A | R3
211.1,Flavobacterium_A,R3,0,Flavobacterium_A | R3
212.1,Flavobacterium_A,R3,0,Flavobacterium_A | R3
0.03,Flavobacterium_A,R4,4.02,Flavobacterium_A | R4
1.05,Flavobacterium_A,R4,3.98,Flavobacterium_A | R4
2.05,Flavobacterium_A,R4,4.01,Flavobacterium_A | R4
3.05,Flavobacterium_A,R4,4.03,Flavobacterium_A | R4
4.05,Flavobacterium_A,R4,4.08,Flavobacterium_A | R4
5.05,Flavobacterium_A,R4,4.11,Flavobacterium_A | R4
6.05,Flavobacterium_A,R4,4.16,Flavobacterium_A | R4
7.05,Flavobacterium_A,R4,4.23,Flavobacterium_A | R4
8.05,Flavobacterium_A,R4,4.26,Flavobacterium_A | R4
9.05,Flavobacterium_A,R4,4.31,Flavobacterium_A | R4
10.05,Flavobacterium_A,R4,4.34,Flavobacterium_A | R4
11.05,Flavobacterium_A,R4,4.39,Flavobacterium_A | R4
12.05,Flavobacterium_A,R4,4.41,Flavobacterium_A | R4
13.05,Flavobacterium_A,R4,4.45,Flavobacterium_A | R4
14.05,Flavobacterium_A,R4,4.48,Flavobacterium_A | R4
15.05,Flavobacterium_A,R4,4.52,Flavobacterium_A | R4
16.05,Flavobacterium_A,R4,4.53,Flavobacterium_A | R4
17.05,Flavobacterium_A,R4,4.57,Flavobacterium_A | R4
18.05,Flavobacterium_A,R4,4.6,Flavobacterium_A | R4
19.05,Flavobacterium_A,R4,4.63,Flavobacterium_A | R4
20.05,Flavobacterium_A,R4,4.65,Flavobacterium_A | R4
21.05,Flavobacterium_A,R4,4.68,Flavobacterium_A | R4
22.05,Flavobacterium_A,R4,4.72,Flavobacterium_A | R4
23.05,Flavobacterium_A,R4,4.74,Flavobacterium_A | R4
24.05,Flavobacterium_A,R4,4.77,Flavobacterium_A | R4
25.05,Flavobacterium_A,R4,4.79,Flavobacterium_A | R4
26.05,Flavobacterium_A,R4,4.83,Flavobacterium_A | R4
27.05,Flavobacterium_A,R4,4.84,Flavobacterium_A | R4
28.05,Flavobacterium_A,R4,4.88,Flavobacterium_A | R4
29.05,Flavobacterium_A,R4,4.91,Flavobacterium_A | R4
30.05,Flavobacterium_A,R4,4.93,Flavobacterium_A | R4
31.05,Flavobacterium_A,R4,4.94,Flavobacterium_A | R4
32.05,Flavobacterium_A,R4,4.97,Flavobacterium_A | R4
33.05,Flavobacterium_A,R4,4.99,Flavobacterium_A | R4
34.05,Flavobacterium_A,R4,5,Flavobacterium_A | R4
35.05,Flavobacterium_A,R4,5.01,Flavobacterium_A | R4
36.05,Flavobacterium_A,R4,5.02,Flavobacterium_A | R4
37.05,Flavobacterium_A,R4,5.05,Flavobacterium_A | R4
38.05,Flavobacterium_A,R4,5.07,Flavobacterium_A | R4
39.05,Flavobacterium_A,R4,5.09,Flavobacterium_A | R4
40.05,Flavobacterium_A,R4,5.09,Flavobacterium_A | R4
41.05,Flavobacterium_A,R4,5.1,Flavobacterium_A | R4
42.07,Flavobacterium_A,R4,5.11,Flavobacterium_A | R4
43.07,Flavobacterium_A,R4,5.12,Flavobacterium_A | R4
44.07,Flavobacterium_A,R4,5.14,Flavobacterium_A | R4
45.07,Flavobacterium_A,R4,5.14,Flavobacterium_A | R4
46.07,Flavobacterium_A,R4,5.17,Flavobacterium_A | R4
47.07,Flavobacterium_A,R4,5.17,Flavobacterium_A | R4
48.07,Flavobacterium_A,R4,5.17,Flavobacterium_A | R4
49.07,Flavobacterium_A,R4,5.18,Flavobacterium_A | R4
50.07,Flavobacterium_A,R4,5.18,Flavobacterium_A | R4
51.07,Flavobacterium_A,R4,5.19,Flavobacterium_A | R4
52.07,Flavobacterium_A,R4,5.2,Flavobacterium_A | R4
53.07,Flavobacterium_A,R4,5.2,Flavobacterium_A | R4
54.07,Flavobacterium_A,R4,5.22,Flavobacterium_A | R4
55.07,Flavobacterium_A,R4,5.22,Flavobacterium_A | R4
56.07,Flavobacterium_A,R4,5.2,Flavobacterium_A | R4
57.07,Flavobacterium_A,R4,5.22,Flavobacterium_A | R4
58.07,Flavobacterium_A,R4,5.22,Flavobacterium_A | R4
59.07,Flavobacterium_A,R4,5.24,Flavobacterium_A | R4
60.07,Flavobacterium_A,R4,5.25,Flavobacterium_A | R4
61.07,Flavobacterium_A,R4,5.23,Flavobacterium_A | R4
62.07,Flavobacterium_A,R4,5.21,Flavobacterium_A | R4
63.07,Flavobacterium_A,R4,5.2,Flavobacterium_A | R4
64.07,Flavobacterium_A,R4,5.21,Flavobacterium_A | R4
65.07,Flavobacterium_A,R4,5.21,Flavobacterium_A | R4
66.07,Flavobacterium_A,R4,5.19,Flavobacterium_A | R4
67.07,Flavobacterium_A,R4,5.18,Flavobacterium_A | R4
68.07,Flavobacterium_A,R4,5.17,Flavobacterium_A | R4
69.07,Flavobacterium_A,R4,5.17,Flavobacterium_A | R4
70.07,Flavobacterium_A,R4,5.16,Flavobacterium_A | R4
71.07,Flavobacterium_A,R4,5.14,Flavobacterium_A | R4
72.07,Flavobacterium_A,R4,5.14,Flavobacterium_A | R4
73.07,Flavobacterium_A,R4,5.12,Flavobacterium_A | R4
74.07,Flavobacterium_A,R4,5.11,Flavobacterium_A | R4
75.07,Flavobacterium_A,R4,5.11,Flavobacterium_A | R4
76.07,Flavobacterium_A,R4,5.09,Flavobacterium_A | R4
77.07,Flavobacterium_A,R4,5.08,Flavobacterium_A | R4
78.07,Flavobacterium_A,R4,5.08,Flavobacterium_A | R4
79.07,Flavobacterium_A,R4,5.06,Flavobacterium_A | R4
80.07,Flavobacterium_A,R4,5.06,Flavobacterium_A | R4
81.07,Flavobacterium_A,R4,5.05,Flavobacterium_A | R4
82.07,Flavobacterium_A,R4,5.03,Flavobacterium_A | R4
83.07,Flavobacterium_A,R4,5.01,Flavobacterium_A | R4
84.07,Flavobacterium_A,R4,4.99,Flavobacterium_A | R4
85.07,Flavobacterium_A,R4,4.99,Flavobacterium_A | R4
86.07,Flavobacterium_A,R4,4.99,Flavobacterium_A | R4
87.07,Flavobacterium_A,R4,4.97,Flavobacterium_A | R4
88.07,Flavobacterium_A,R4,4.96,Flavobacterium_A | R4
89.07,Flavobacterium_A,R4,4.94,Flavobacterium_A | R4
90.07,Flavobacterium_A,R4,4.93,Flavobacterium_A | R4
91.07,Flavobacterium_A,R4,4.91,Flavobacterium_A | R4
92.07,Flavobacterium_A,R4,4.89,Flavobacterium_A | R4
93.07,Flavobacterium_A,R4,4.87,Flavobacterium_A | R4
94.07,Flavobacterium_A,R4,4.86,Flavobacterium_A | R4
95.07,Flavobacterium_A,R4,4.85,Flavobacterium_A | R4
96.07,Flavobacterium_A,R4,4.83,Flavobacterium_A | R4
97.07,Flavobacterium_A,R4,4.82,Flavobacterium_A | R4
98.07,Flavobacterium_A,R4,4.8,Flavobacterium_A | R4
99.07,Flavobacterium_A,R4,4.77,Flavobacterium_A | R4
100.07,Flavobacterium_A,R4,4.76,Flavobacterium_A | R4
101.07,Flavobacterium_A,R4,4.74,Flavobacterium_A | R4
102.07,Flavobacterium_A,R4,4.72,Flavobacterium_A | R4
103.07,Flavobacterium_A,R4,4.7,Flavobacterium_A | R4
104.07,Flavobacterium_A,R4,4.69,Flavobacterium_A | R4
105.07,Flavobacterium_A,R4,4.66,Flavobacterium_A | R4
106.07,Flavobacterium_A,R4,4.65,Flavobacterium_A | R4
107.07,Flavobacterium_A,R4,4.63,Flavobacterium_A | R4
108.07,Flavobacterium_A,R4,4.61,Flavobacterium_A | R4
109.07,Flavobacterium_A,R4,4.58,Flavobacterium_A | R4
110.07,Flavobacterium_A,R4,4.55,Flavobacterium_A | R4
111.07,Flavobacterium_A,R4,4.53,Flavobacterium_A | R4
112.07,Flavobacterium_A,R4,4.51,Flavobacterium_A | R4
113.07,Flavobacterium_A,R4,4.48,Flavobacterium_A | R4
114.07,Flavobacterium_A,R4,4.47,Flavobacterium_A | R4
115.07,Flavobacterium_A,R4,4.43,Flavobacterium_A | R4
116.07,Flavobacterium_A,R4,4.4,Flavobacterium_A | R4
117.07,Flavobacterium_A,R4,4.38,Flavobacterium_A | R4
118.07,Flavobacterium_A,R4,4.36,Flavobacterium_A | R4
119.07,Flavobacterium_A,R4,4.32,Flavobacterium_A | R4
120.07,Flavobacterium_A,R4,4.29,Flavobacterium_A | R4
121.07,Flavobacterium_A,R4,4.27,Flavobacterium_A | R4
122.07,Flavobacterium_A,R4,4.24,Flavobacterium_A | R4
123.07,Flavobacterium_A,R4,4.21,Flavobacterium_A | R4
124.08,Flavobacterium_A,R4,4.18,Flavobacterium_A | R4
125.08,Flavobacterium_A,R4,4.15,Flavobacterium_A | R4
126.08,Flavobacterium_A,R4,4.11,Flavobacterium_A | R4
127.08,Flavobacterium_A,R4,4.07,Flavobacterium_A | R4
128.08,Flavobacterium_A,R4,4.02,Flavobacterium_A | R4
129.08,Flavobacterium_A,R4,4,Flavobacterium_A | R4
130.08,Flavobacterium_A,R4,3.97,Flavobacterium_A | R4
131.08,Flavobacterium_A,R4,3.93,Flavobacterium_A | R4
132.08,Flavobacterium_A,R4,3.88,Flavobacterium_A | R4
133.08,Flavobacterium_A,R4,3.85,Flavobacterium_A | R4
134.08,Flavobacterium_A,R4,3.82,Flavobacterium_A | R4
135.08,Flavobacterium_A,R4,3.76,Flavobacterium_A | R4
136.08,Flavobacterium_A,R4,3.73,Flavobacterium_A | R4
137.08,Flavobacterium_A,R4,3.69,Flavobacterium_A | R4
138.08,Flavobacterium_A,R4,3.63,Flavobacterium_A | R4
139.08,Flavobacterium_A,R4,3.6,Flavobacterium_A | R4
140.08,Flavobacterium_A,R4,3.54,Flavobacterium_A | R4
141.08,Flavobacterium_A,R4,3.5,Flavobacterium_A | R4
142.08,Flavobacterium_A,R4,3.45,Flavobacterium_A | R4
143.08,Flavobacterium_A,R4,3.41,Flavobacterium_A | R4
144.08,Flavobacterium_A,R4,3.35,Flavobacterium_A | R4
145.08,Flavobacterium_A,R4,3.3,Flavobacterium_A | R4
146.08,Flavobacterium_A,R4,3.25,Flavobacterium_A | R4
147.08,Flavobacterium_A,R4,3.2,Flavobacterium_A | R4
148.08,Flavobacterium_A,R4,3.14,Flavobacterium_A | R4
149.08,Flavobacterium_A,R4,3.07,Flavobacterium_A | R4
150.08,Flavobacterium_A,R4,3.02,Flavobacterium_A | R4
151.08,Flavobacterium_A,R4,2.96,Flavobacterium_A | R4
152.08,Flavobacterium_A,R4,2.9,Flavobacterium_A | R4
153.08,Flavobacterium_A,R4,2.84,Flavobacterium_A | R4
154.08,Flavobacterium_A,R4,2.76,Flavobacterium_A | R4
155.08,Flavobacterium_A,R4,2.73,Flavobacterium_A | R4
156.08,Flavobacterium_A,R4,2.64,Flavobacterium_A | R4
157.08,Flavobacterium_A,R4,2.56,Flavobacterium_A | R4
158.08,Flavobacterium_A,R4,2.51,Flavobacterium_A | R4
159.08,Flavobacterium_A,R4,2.42,Flavobacterium_A | R4
160.08,Flavobacterium_A,R4,2.35,Flavobacterium_A | R4
161.08,Flavobacterium_A,R4,2.27,Flavobacterium_A | R4
162.08,Flavobacterium_A,R4,2.19,Flavobacterium_A | R4
163.08,Flavobacterium_A,R4,2.1,Flavobacterium_A | R4
164.08,Flavobacterium_A,R4,2.02,Flavobacterium_A | R4
165.08,Flavobacterium_A,R4,1.95,Flavobacterium_A | R4
166.08,Flavobacterium_A,R4,1.86,Flavobacterium_A | R4
167.08,Flavobacterium_A,R4,1.76,Flavobacterium_A | R4
168.08,Flavobacterium_A,R4,1.7,Flavobacterium_A | R4
169.08,Flavobacterium_A,R4,1.59,Flavobacterium_A | R4
170.08,Flavobacterium_A,R4,1.52,Flavobacterium_A | R4
171.08,Flavobacterium_A,R4,1.4,Flavobacterium_A | R4
172.08,Flavobacterium_A,R4,1.31,Flavobacterium_A | R4
173.08,Flavobacterium_A,R4,1.22,Flavobacterium_A | R4
174.08,Flavobacterium_A,R4,1.1,Flavobacterium_A | R4
175.08,Flavobacterium_A,R4,0.99,Flavobacterium_A | R4
176.08,Flavobacterium_A,R4,0.88,Flavobacterium_A | R4
177.08,Flavobacterium_A,R4,0.77,Flavobacterium_A | R4
178.08,Flavobacterium_A,R4,0.66,Flavobacterium_A | R4
179.1,Flavobacterium_A,R4,0.56,Flavobacterium_A | R4
180.1,Flavobacterium_A,R4,0.43,Flavobacterium_A | R4
181.1,Flavobacterium_A,R4,0.31,Flavobacterium_A | R4
182.1,Flavobacterium_A,R4,0.18,Flavobacterium_A | R4
183.1,Flavobacterium_A,R4,0.05,Flavobacterium_A | R4
184.1,Flavobacterium_A,R4,0,Flavobacterium_A | R4
185.1,Flavobacterium_A,R4,0,Flavobacterium_A | R4
186.1,Flavobacterium_A,R4,0,Flavobacterium_A | R4
187.1,Flavobacterium_A,R4,0,Flavobacterium_A | R4
188.1,Flavobacterium_A,R4,0,Flavobacterium_A | R4
189.1,Flavobacterium_A,R4,0,Flavobacterium_A | R4
190.1,Flavobacterium_A,R4,0,Flavobacterium_A | R4
191.1,Flavobacterium_A,R4,0,Flavobacterium_A | R4
192.1,Flavobacterium_A,R4,0,Flavobacterium_A | R4
193.1,Flavobacterium_A,R4,0,Flavobacterium_A | R4
194.1,Flavobacterium_A,R4,0,Flavobacterium_A | R4
195.1,Flavobacterium_A,R4,0,Flavobacterium_A | R4
196.1,Flavobacterium_A,R4,0,Flavobacterium_A | R4
197.1,Flavobacterium_A,R4,0,Flavobacterium_A | R4
198.1,Flavobacterium_A,R4,0,Flavobacterium_A | R4
199.1,Flavobacterium_A,R4,0,Flavobacterium_A | R4
200.1,Flavobacterium_A,R4,0,Flavobacterium_A | R4
201.1,Flavobacterium_A,R4,0,Flavobacterium_A | R4
202.1,Flavobacterium_A,R4,0,Flavobacterium_A | R4
203.1,Flavobacterium_A,R4,0,Flavobacterium_A | R4
204.1,Flavobacterium_A,R4,0,Flavobacterium_A | R4
205.1,Flavobacterium_A,R4,0,Flavobacterium_A | R4
206.1,Flavobacterium_A,R4,0,Flavobacterium_A | R4
207.1,Flavobacterium_A,R4,0,Flavobacterium_A | R4
208.1,Flavobacterium_A,R4,0,Flavobacterium_A | R4
209.1,Flavobacterium_A,R4,0,Flavobacterium_A | R4
210.1,Flavobacterium_A,R4,0,Flavobacterium_A | R4
211.1,Flavobacterium_A,R4,0,Flavobacterium_A | R4
212.1,Flavobacterium_A,R4,0,Flavobacterium_A | R4
0.03,Flavobacterium_A,R5,5.03,Flavobacterium_A | R5
1.05,Flavobacterium_A,R5,4.95,Flavobacterium_A | R5
2.05,Flavobacterium_A,R5,5,Flavobacterium_A | R5
3.05,Flavobacterium_A,R5,5.04,Flavobacterium_A | R5
4.05,Flavobacterium_A,R5,5.1,Flavobacterium_A | R5
5.05,Flavobacterium_A,R5,5.17,Flavobacterium_A | R5
6.05,Flavobacterium_A,R5,5.21,Flavobacterium_A | R5
7.05,Flavobacterium_A,R5,5.28,Flavobacterium_A | R5
8.05,Flavobacterium_A,R5,5.34,Flavobacterium_A | R5
9.05,Flavobacterium_A,R5,5.4,Flavobacterium_A | R5
10.05,Flavobacterium_A,R5,5.47,Flavobacterium_A | R5
11.05,Flavobacterium_A,R5,5.52,Flavobacterium_A | R5
12.05,Flavobacterium_A,R5,5.58,Flavobacterium_A | R5
13.05,Flavobacterium_A,R5,5.61,Flavobacterium_A | R5
14.05,Flavobacterium_A,R5,5.64,Flavobacterium_A | R5
15.05,Flavobacterium_A,R5,5.68,Flavobacterium_A | R5
16.05,Flavobacterium_A,R5,5.7,Flavobacterium_A | R5
17.05,Flavobacterium_A,R5,5.73,Flavobacterium_A | R5
18.05,Flavobacterium_A,R5,5.76,Flavobacterium_A | R5
19.05,Flavobacterium_A,R5,5.8,Flavobacterium_A | R5
20.05,Flavobacterium_A,R5,5.83,Flavobacterium_A | R5
21.05,Flavobacterium_A,R5,5.86,Flavobacterium_A | R5
22.05,Flavobacterium_A,R5,5.87,Flavobacterium_A | R5
23.05,Flavobacterium_A,R5,5.91,Flavobacterium_A | R5
24.05,Flavobacterium_A,R5,5.92,Flavobacterium_A | R5
25.05,Flavobacterium_A,R5,5.94,Flavobacterium_A | R5
26.05,Flavobacterium_A,R5,5.96,Flavobacterium_A | R5
27.05,Flavobacterium_A,R5,5.97,Flavobacterium_A | R5
28.05,Flavobacterium_A,R5,6,Flavobacterium_A | R5
29.05,Flavobacterium_A,R5,6,Flavobacterium_A | R5
30.05,Flavobacterium_A,R5,6.02,Flavobacterium_A | R5
31.05,Flavobacterium_A,R5,6.03,Flavobacterium_A | R5
32.05,Flavobacterium_A,R5,6.05,Flavobacterium_A | R5
33.05,Flavobacterium_A,R5,6.05,Flavobacterium_A | R5
34.05,Flavobacterium_A,R5,6.05,Flavobacterium_A | R5
35.05,Flavobacterium_A,R5,6.07,Flavobacterium_A | R5
36.05,Flavobacterium_A,R5,6.09,Flavobacterium_A | R5
37.05,Flavobacterium_A,R5,6.11,Flavobacterium_A | R5
38.05,Flavobacterium_A,R5,6.13,Flavobacterium_A | R5
39.05,Flavobacterium_A,R5,6.13,Flavobacterium_A | R5
40.05,Flavobacterium_A,R5,6.13,Flavobacterium_A | R5
41.05,Flavobacterium_A,R5,6.14,Flavobacterium_A | R5
42.07,Flavobacterium_A,R5,6.15,Flavobacterium_A | R5
43.07,Flavobacterium_A,R5,6.15,Flavobacterium_A | R5
44.07,Flavobacterium_A,R5,6.16,Flavobacterium_A | R5
45.07,Flavobacterium_A,R5,6.17,Flavobacterium_A | R5
46.07,Flavobacterium_A,R5,6.2,Flavobacterium_A | R5
47.07,Flavobacterium_A,R5,6.19,Flavobacterium_A | R5
48.07,Flavobacterium_A,R5,6.18,Flavobacterium_A | R5
49.07,Flavobacterium_A,R5,6.19,Flavobacterium_A | R5
50.07,Flavobacterium_A,R5,6.21,Flavobacterium_A | R5
51.07,Flavobacterium_A,R5,6.2,Flavobacterium_A | R5
52.07,Flavobacterium_A,R5,6.21,Flavobacterium_A | R5
53.07,Flavobacterium_A,R5,6.21,Flavobacterium_A | R5
54.07,Flavobacterium_A,R5,6.21,Flavobacterium_A | R5
55.07,Flavobacterium_A,R5,6.21,Flavobacterium_A | R5
56.07,Flavobacterium_A,R5,6.21,Flavobacterium_A | R5
57.07,Flavobacterium_A,R5,6.21,Flavobacterium_A | R5
58.07,Flavobacterium_A,R5,6.23,Flavobacterium_A | R5
59.07,Flavobacterium_A,R5,6.23,Flavobacterium_A | R5
60.07,Flavobacterium_A,R5,6.23,Flavobacterium_A | R5
61.07,Flavobacterium_A,R5,6.23,Flavobacterium_A | R5
62.07,Flavobacterium_A,R5,6.24,Flavobacterium_A | R5
63.07,Flavobacterium_A,R5,6.25,Flavobacterium_A | R5
64.07,Flavobacterium_A,R5,6.24,Flavobacterium_A | R5
65.07,Flavobacterium_A,R5,6.24,Flavobacterium_A | R5
66.07,Flavobacterium_A,R5,6.22,Flavobacterium_A | R5
67.07,Flavobacterium_A,R5,6.23,Flavobacterium_A | R5
68.07,Flavobacterium_A,R5,6.22,Flavobacterium_A | R5
69.07,Flavobacterium_A,R5,6.19,Flavobacterium_A | R5
70.07,Flavobacterium_A,R5,6.2,Flavobacterium_A | R5
71.07,Flavobacterium_A,R5,6.19,Flavobacterium_A | R5
72.07,Flavobacterium_A,R5,6.18,Flavobacterium_A | R5
73.07,Flavobacterium_A,R5,6.18,Flavobacterium_A | R5
74.07,Flavobacterium_A,R5,6.17,Flavobacterium_A | R5
75.07,Flavobacterium_A,R5,6.15,Flavobacterium_A | R5
76.07,Flavobacterium_A,R5,6.15,Flavobacterium_A | R5
77.07,Flavobacterium_A,R5,6.13,Flavobacterium_A | R5
78.07,Flavobacterium_A,R5,6.12,Flavobacterium_A | R5
79.07,Flavobacterium_A,R5,6.11,Flavobacterium_A | R5
80.07,Flavobacterium_A,R5,6.1,Flavobacterium_A | R5
81.07,Flavobacterium_A,R5,6.09,Flavobacterium_A | R5
82.07,Flavobacterium_A,R5,6.09,Flavobacterium_A | R5
83.07,Flavobacterium_A,R5,6.06,Flavobacterium_A | R5
84.07,Flavobacterium_A,R5,6.06,Flavobacterium_A | R5
85.07,Flavobacterium_A,R5,6.03,Flavobacterium_A | R5
86.07,Flavobacterium_A,R5,6.02,Flavobacterium_A | R5
87.07,Flavobacterium_A,R5,6.01,Flavobacterium_A | R5
88.07,Flavobacterium_A,R5,6.02,Flavobacterium_A | R5
89.07,Flavobacterium_A,R5,6,Flavobacterium_A | R5
90.07,Flavobacterium_A,R5,5.97,Flavobacterium_A | R5
91.07,Flavobacterium_A,R5,5.98,Flavobacterium_A | R5
92.07,Flavobacterium_A,R5,5.94,Flavobacterium_A | R5
93.07,Flavobacterium_A,R5,5.93,Flavobacterium_A | R5
94.07,Flavobacterium_A,R5,5.93,Flavobacterium_A | R5
95.07,Flavobacterium_A,R5,5.91,Flavobacterium_A | R5
96.07,Flavobacterium_A,R5,5.9,Flavobacterium_A | R5
97.07,Flavobacterium_A,R5,5.89,Flavobacterium_A | R5
98.07,Flavobacterium_A,R5,5.86,Flavobacterium_A | R5
99.07,Flavobacterium_A,R5,5.84,Flavobacterium_A | R5
100.07,Flavobacterium_A,R5,5.83,Flavobacterium_A | R5
101.07,Flavobacterium_A,R5,5.81,Flavobacterium_A | R5
102.07,Flavobacterium_A,R5,5.82,Flavobacterium_A | R5
103.07,Flavobacterium_A,R5,5.77,Flavobacterium_A | R5
104.07,Flavobacterium_A,R5,5.75,Flavobacterium_A | R5
105.07,Flavobacterium_A,R5,5.75,Flavobacterium_A | R5
106.07,Flavobacterium_A,R5,5.74,Flavobacterium_A | R5
107.07,Flavobacterium_A,R5,5.71,Flavobacterium_A | R5
108.07,Flavobacterium_A,R5,5.69,Flavobacterium_A | R5
109.07,Flavobacterium_A,R5,5.65,Flavobacterium_A | R5
110.07,Flavobacterium_A,R5,5.64,Flavobacterium_A | R5
111.07,Flavobacterium_A,R5,5.63,Flavobacterium_A | R5
112.07,Flavobacterium_A,R5,5.61,Flavobacterium_A | R5
113.07,Flavobacterium_A,R5,5.59,Flavobacterium_A | R5
114.07,Flavobacterium_A,R5,5.58,Flavobacterium_A | R5
115.07,Flavobacterium_A,R5,5.54,Flavobacterium_A | R5
116.07,Flavobacterium_A,R5,5.51,Flavobacterium_A | R5
117.07,Flavobacterium_A,R5,5.51,Flavobacterium_A | R5
118.07,Flavobacterium_A,R5,5.47,Flavobacterium_A | R5
119.07,Flavobacterium_A,R5,5.44,Flavobacterium_A | R5
120.07,Flavobacterium_A,R5,5.43,Flavobacterium_A | R5
121.07,Flavobacterium_A,R5,5.4,Flavobacterium_A | R5
122.07,Flavobacterium_A,R5,5.38,Flavobacterium_A | R5
123.07,Flavobacterium_A,R5,5.34,Flavobacterium_A | R5
124.08,Flavobacterium_A,R5,5.31,Flavobacterium_A | R5
125.08,Flavobacterium_A,R5,5.29,Flavobacterium_A | R5
126.08,Flavobacterium_A,R5,5.27,Flavobacterium_A | R5
127.08,Flavobacterium_A,R5,5.24,Flavobacterium_A | R5
128.08,Flavobacterium_A,R5,5.2,Flavobacterium_A | R5
129.08,Flavobacterium_A,R5,5.17,Flavobacterium_A | R5
130.08,Flavobacterium_A,R5,5.16,Flavobacterium_A | R5
131.08,Flavobacterium_A,R5,5.1,Flavobacterium_A | R5
132.08,Flavobacterium_A,R5,5.08,Flavobacterium_A | R5
133.08,Flavobacterium_A,R5,5.05,Flavobacterium_A | R5
134.08,Flavobacterium_A,R5,5.01,Flavobacterium_A | R5
135.08,Flavobacterium_A,R5,4.98,Flavobacterium_A | R5
136.08,Flavobacterium_A,R5,4.94,Flavobacterium_A | R5
137.08,Flavobacterium_A,R5,4.92,Flavobacterium_A | R5
138.08,Flavobacterium_A,R5,4.88,Flavobacterium_A | R5
139.08,Flavobacterium_A,R5,4.82,Flavobacterium_A | R5
140.08,Flavobacterium_A,R5,4.8,Flavobacterium_A | R5
141.08,Flavobacterium_A,R5,4.77,Flavobacterium_A | R5
142.08,Flavobacterium_A,R5,4.73,Flavobacterium_A | R5
143.08,Flavobacterium_A,R5,4.67,Flavobacterium_A | R5
144.08,Flavobacterium_A,R5,4.63,Flavobacterium_A | R5
145.08,Flavobacterium_A,R5,4.59,Flavobacterium_A | R5
146.08,Flavobacterium_A,R5,4.54,Flavobacterium_A | R5
147.08,Flavobacterium_A,R5,4.5,Flavobacterium_A | R5
148.08,Flavobacterium_A,R5,4.47,Flavobacterium_A | R5
149.08,Flavobacterium_A,R5,4.42,Flavobacterium_A | R5
150.08,Flavobacterium_A,R5,4.37,Flavobacterium_A | R5
151.08,Flavobacterium_A,R5,4.32,Flavobacterium_A | R5
152.08,Flavobacterium_A,R5,4.27,Flavobacterium_A | R5
153.08,Flavobacterium_A,R5,4.22,Flavobacterium_A | R5
154.08,Flavobacterium_A,R5,4.18,Flavobacterium_A | R5
155.08,Flavobacterium_A,R5,4.12,Flavobacterium_A | R5
156.08,Flavobacterium_A,R5,4.07,Flavobacterium_A | R5
157.08,Flavobacterium_A,R5,4.01,Flavobacterium_A | R5
158.08,Flavobacterium_A,R5,3.95,Flavobacterium_A | R5
159.08,Flavobacterium_A,R5,3.9,Flavobacterium_A | R5
160.08,Flavobacterium_A,R5,3.83,Flavobacterium_A | R5
161.08,Flavobacterium_A,R5,3.77,Flavobacterium_A | R5
162.08,Flavobacterium_A,R5,3.72,Flavobacterium_A | R5
163.08,Flavobacterium_A,R5,3.65,Flavobacterium_A | R5
164.08,Flavobacterium_A,R5,3.59,Flavobacterium_A | R5
165.08,Flavobacterium_A,R5,3.53,Flavobacterium_A | R5
166.08,Flavobacterium_A,R5,3.44,Flavobacterium_A | R5
167.08,Flavobacterium_A,R5,3.38,Flavobacterium_A | R5
168.08,Flavobacterium_A,R5,3.33,Flavobacterium_A | R5
169.08,Flavobacterium_A,R5,3.25,Flavobacterium_A | R5
170.08,Flavobacterium_A,R5,3.18,Flavobacterium_A | R5
171.08,Flavobacterium_A,R5,3.12,Flavobacterium_A | R5
172.08,Flavobacterium_A,R5,3.02,Flavobacterium_A | R5
173.08,Flavobacterium_A,R5,2.96,Flavobacterium_A | R5
174.08,Flavobacterium_A,R5,2.88,Flavobacterium_A | R5
175.08,Flavobacterium_A,R5,2.79,Flavobacterium_A | R5
176.08,Flavobacterium_A,R5,2.71,Flavobacterium_A | R5
177.08,Flavobacterium_A,R5,2.63,Flavobacterium_A | R5
178.08,Flavobacterium_A,R5,2.53,Flavobacterium_A | R5
179.1,Flavobacterium_A,R5,2.45,Flavobacterium_A | R5
180.1,Flavobacterium_A,R5,2.38,Flavobacterium_A | R5
181.1,Flavobacterium_A,R5,2.27,Flavobacterium_A | R5
182.1,Flavobacterium_A,R5,2.17,Flavobacterium_A | R5
183.1,Flavobacterium_A,R5,2.08,Flavobacterium_A | R5
184.1,Flavobacterium_A,R5,1.96,Flavobacterium_A | R5
185.1,Flavobacterium_A,R5,1.87,Flavobacterium_A | R5
186.1,Flavobacterium_A,R5,1.78,Flavobacterium_A | R5
187.1,Flavobacterium_A,R5,1.66,Flavobacterium_A | R5
188.1,Flavobacterium_A,R5,1.58,Flavobacterium_A | R5
189.1,Flavobacterium_A,R5,1.46,Flavobacterium_A | R5
190.1,Flavobacterium_A,R5,1.35,Flavobacterium_A | R5
191.1,Flavobacterium_A,R5,1.24,Flavobacterium_A | R5
192.1,Flavobacterium_A,R5,1.13,Flavobacterium_A | R5
193.1,Flavobacterium_A,R5,1.01,Flavobacterium_A | R5
194.1,Flavobacterium_A,R5,0.9,Flavobacterium_A | R5
195.1,Flavobacterium_A,R5,0.78,Flavobacterium_A | R5
196.1,Flavobacterium_A,R5,0.65,Flavobacterium_A | R5
197.1,Flavobacterium_A,R5,0.52,Flavobacterium_A | R5
198.1,Flavobacterium_A,R5,0.38,Flavobacterium_A | R5
199.1,Flavobacterium_A,R5,0.23,Flavobacterium_A | R5
200.1,Flavobacterium_A,R5,0.11,Flavobacterium_A | R5
201.1,Flavobacterium_A,R5,0,Flavobacterium_A | R5
202.1,Flavobacterium_A,R5,0,Flavobacterium_A | R5
203.1,Flavobacterium_A,R5,0,Flavobacterium_A | R5
204.1,Flavobacterium_A,R5,0,Flavobacterium_A | R5
205.1,Flavobacterium_A,R5,0,Flavobacterium_A | R5
206.1,Flavobacterium_A,R5,0,Flavobacterium_A | R5
207.1,Flavobacterium_A,R5,0,Flavobacterium_A | R5
208.1,Flavobacterium_A,R5,0,Flavobacterium_A | R5
209.1,Flavobacterium_A,R5,0,Flavobacterium_A | R5
210.1,Flavobacterium_A,R5,0,Flavobacterium_A | R5
211.1,Flavobacterium_A,R5,0,Flavobacterium_A | R5
212.1,Flavobacterium_A,R5,0,Flavobacterium_A | R5
0.03,Flavobacterium_B,R1,4.84,Flavobacterium_B | R1
1.03,Flavobacterium_B,R1,4.86,Flavobacterium_B | R1
2.03,Flavobacterium_B,R1,4.94,Flavobacterium_B | R1
3.03,Flavobacterium_B,R1,5.02,Flavobacterium_B | R1
4.03,Flavobacterium_B,R1,5.09,Flavobacterium_B | R1
5.03,Flavobacterium_B,R1,5.18,Flavobacterium_B | R1
6.03,Flavobacterium_B,R1,5.26,Flavobacterium_B | R1
7.03,Flavobacterium_B,R1,5.33,Flavobacterium_B | R1
8.03,Flavobacterium_B,R1,5.4,Flavobacterium_B | R1
9.03,Flavobacterium_B,R1,5.47,Flavobacterium_B | R1
10.03,Flavobacterium_B,R1,5.52,Flavobacterium_B | R1
11.03,Flavobacterium_B,R1,5.6,Flavobacterium_B | R1
12.03,Flavobacterium_B,R1,5.65,Flavobacterium_B | R1
13.03,Flavobacterium_B,R1,5.7,Flavobacterium_B | R1
14.03,Flavobacterium_B,R1,5.74,Flavobacterium_B | R1
15.03,Flavobacterium_B,R1,5.8,Flavobacterium_B | R1
16.03,Flavobacterium_B,R1,5.82,Flavobacterium_B | R1
17.03,Flavobacterium_B,R1,5.87,Flavobacterium_B | R1
18.03,Flavobacterium_B,R1,5.91,Flavobacterium_B | R1
19.03,Flavobacterium_B,R1,5.94,Flavobacterium_B | R1
20.03,Flavobacterium_B,R1,5.98,Flavobacterium_B | R1
21.03,Flavobacterium_B,R1,6,Flavobacterium_B | R1
22.03,Flavobacterium_B,R1,6.03,Flavobacterium_B | R1
23.03,Flavobacterium_B,R1,6.05,Flavobacterium_B | R1
24.03,Flavobacterium_B,R1,6.07,Flavobacterium_B | R1
25.03,Flavobacterium_B,R1,6.1,Flavobacterium_B | R1
26.03,Flavobacterium_B,R1,6.12,Flavobacterium_B | R1
27.03,Flavobacterium_B,R1,6.14,Flavobacterium_B | R1
28.03,Flavobacterium_B,R1,6.14,Flavobacterium_B | R1
29.03,Flavobacterium_B,R1,6.17,Flavobacterium_B | R1
30.03,Flavobacterium_B,R1,6.17,Flavobacterium_B | R1
31.03,Flavobacterium_B,R1,6.18,Flavobacterium_B | R1
32.03,Flavobacterium_B,R1,6.19,Flavobacterium_B | R1
33.03,Flavobacterium_B,R1,6.2,Flavobacterium_B | R1
34.03,Flavobacterium_B,R1,6.21,Flavobacterium_B | R1
35.03,Flavobacterium_B,R1,6.21,Flavobacterium_B | R1
36.03,Flavobacterium_B,R1,6.21,Flavobacterium_B | R1
37.03,Flavobacterium_B,R1,6.21,Flavobacterium_B | R1
38.03,Flavobacterium_B,R1,6.22,Flavobacterium_B | R1
39.03,Flavobacterium_B,R1,6.21,Flavobacterium_B | R1
40.03,Flavobacterium_B,R1,6.21,Flavobacterium_B | R1
41.03,Flavobacterium_B,R1,6.19,Flavobacterium_B | R1
42.03,Flavobacterium_B,R1,6.19,Flavobacterium_B | R1
43.03,Flavobacterium_B,R1,6.19,Flavobacterium_B | R1
44.03,Flavobacterium_B,R1,6.16,Flavobacterium_B | R1
45.03,Flavobacterium_B,R1,6.14,Flavobacterium_B | R1
46.03,Flavobacterium_B,R1,6.14,Flavobacterium_B | R1
47.03,Flavobacterium_B,R1,6.12,Flavobacterium_B | R1
48.03,Flavobacterium_B,R1,6.13,Flavobacterium_B | R1
49.03,Flavobacterium_B,R1,6.11,Flavobacterium_B | R1
50.05,Flavobacterium_B,R1,6.11,Flavobacterium_B | R1
51.05,Flavobacterium_B,R1,6.1,Flavobacterium_B | R1
52.05,Flavobacterium_B,R1,6.08,Flavobacterium_B | R1
53.05,Flavobacterium_B,R1,6.08,Flavobacterium_B | R1
54.05,Flavobacterium_B,R1,6.04,Flavobacterium_B | R1
55.05,Flavobacterium_B,R1,6.03,Flavobacterium_B | R1
56.05,Flavobacterium_B,R1,6.02,Flavobacterium_B | R1
57.05,Flavobacterium_B,R1,6.02,Flavobacterium_B | R1
58.05,Flavobacterium_B,R1,6.01,Flavobacterium_B | R1
59.05,Flavobacterium_B,R1,5.99,Flavobacterium_B | R1
60.05,Flavobacterium_B,R1,5.98,Flavobacterium_B | R1
61.05,Flavobacterium_B,R1,5.97,Flavobacterium_B | R1
62.05,Flavobacterium_B,R1,5.95,Flavobacterium_B | R1
63.05,Flavobacterium_B,R1,5.93,Flavobacterium_B | R1
64.05,Flavobacterium_B,R1,5.93,Flavobacterium_B | R1
65.05,Flavobacterium_B,R1,5.91,Flavobacterium_B | R1
66.05,Flavobacterium_B,R1,5.91,Flavobacterium_B | R1
67.05,Flavobacterium_B,R1,5.87,Flavobacterium_B | R1
68.05,Flavobacterium_B,R1,5.88,Flavobacterium_B | R1
69.05,Flavobacterium_B,R1,5.85,Flavobacterium_B | R1
70.05,Flavobacterium_B,R1,5.84,Flavobacterium_B | R1
71.05,Flavobacterium_B,R1,5.83,Flavobacterium_B | R1
72.05,Flavobacterium_B,R1,5.8,Flavobacterium_B | R1
73.05,Flavobacterium_B,R1,5.81,Flavobacterium_B | R1
74.05,Flavobacterium_B,R1,5.77,Flavobacterium_B | R1
75.05,Flavobacterium_B,R1,5.75,Flavobacterium_B | R1
76.05,Flavobacterium_B,R1,5.76,Flavobacterium_B | R1
77.05,Flavobacterium_B,R1,5.74,Flavobacterium_B | R1
78.05,Flavobacterium_B,R1,5.71,Flavobacterium_B | R1
79.05,Flavobacterium_B,R1,5.69,Flavobacterium_B | R1
80.05,Flavobacterium_B,R1,5.69,Flavobacterium_B | R1
81.05,Flavobacterium_B,R1,5.67,Flavobacterium_B | R1
82.05,Flavobacterium_B,R1,5.63,Flavobacterium_B | R1
83.05,Flavobacterium_B,R1,5.63,Flavobacterium_B | R1
84.05,Flavobacterium_B,R1,5.62,Flavobacterium_B | R1
85.05,Flavobacterium_B,R1,5.58,Flavobacterium_B | R1
86.05,Flavobacterium_B,R1,5.57,Flavobacterium_B | R1
87.05,Flavobacterium_B,R1,5.55,Flavobacterium_B | R1
88.05,Flavobacterium_B,R1,5.53,Flavobacterium_B | R1
89.05,Flavobacterium_B,R1,5.5,Flavobacterium_B | R1
90.05,Flavobacterium_B,R1,5.49,Flavobacterium_B | R1
91.05,Flavobacterium_B,R1,5.47,Flavobacterium_B | R1
92.05,Flavobacterium_B,R1,5.44,Flavobacterium_B | R1
93.05,Flavobacterium_B,R1,5.41,Flavobacterium_B | R1
94.05,Flavobacterium_B,R1,5.41,Flavobacterium_B | R1
95.05,Flavobacterium_B,R1,5.36,Flavobacterium_B | R1
96.05,Flavobacterium_B,R1,5.35,Flavobacterium_B | R1
97.05,Flavobacterium_B,R1,5.34,Flavobacterium_B | R1
98.05,Flavobacterium_B,R1,5.3,Flavobacterium_B | R1
99.05,Flavobacterium_B,R1,5.29,Flavobacterium_B | R1
100.05,Flavobacterium_B,R1,5.26,Flavobacterium_B | R1
101.05,Flavobacterium_B,R1,5.23,Flavobacterium_B | R1
102.05,Flavobacterium_B,R1,5.22,Flavobacterium_B | R1
103.05,Flavobacterium_B,R1,5.18,Flavobacterium_B | R1
104.05,Flavobacterium_B,R1,5.15,Flavobacterium_B | R1
105.05,Flavobacterium_B,R1,5.14,Flavobacterium_B | R1
106.05,Flavobacterium_B,R1,5.1,Flavobacterium_B | R1
107.05,Flavobacterium_B,R1,5.08,Flavobacterium_B | R1
108.05,Flavobacterium_B,R1,5.04,Flavobacterium_B | R1
109.05,Flavobacterium_B,R1,5.03,Flavobacterium_B | R1
110.05,Flavobacterium_B,R1,5.01,Flavobacterium_B | R1
111.05,Flavobacterium_B,R1,4.97,Flavobacterium_B | R1
112.05,Flavobacterium_B,R1,4.93,Flavobacterium_B | R1
113.05,Flavobacterium_B,R1,4.91,Flavobacterium_B | R1
114.05,Flavobacterium_B,R1,4.86,Flavobacterium_B | R1
115.05,Flavobacterium_B,R1,4.84,Flavobacterium_B | R1
116.05,Flavobacterium_B,R1,4.82,Flavobacterium_B | R1
117.05,Flavobacterium_B,R1,4.77,Flavobacterium_B | R1
118.05,Flavobacterium_B,R1,4.73,Flavobacterium_B | R1
119.05,Flavobacterium_B,R1,4.71,Flavobacterium_B | R1
120.05,Flavobacterium_B,R1,4.68,Flavobacterium_B | R1
121.05,Flavobacterium_B,R1,4.65,Flavobacterium_B | R1
122.05,Flavobacterium_B,R1,4.6,Flavobacterium_B | R1
123.05,Flavobacterium_B,R1,4.56,Flavobacterium_B | R1
124.05,Flavobacterium_B,R1,4.53,Flavobacterium_B | R1
125.05,Flavobacterium_B,R1,4.51,Flavobacterium_B | R1
126.05,Flavobacterium_B,R1,4.45,Flavobacterium_B | R1
127.05,Flavobacterium_B,R1,4.43,Flavobacterium_B | R1
128.05,Flavobacterium_B,R1,4.38,Flavobacterium_B | R1
129.05,Flavobacterium_B,R1,4.35,Flavobacterium_B | R1
130.05,Flavobacterium_B,R1,4.3,Flavobacterium_B | R1
131.05,Flavobacterium_B,R1,4.26,Flavobacterium_B | R1
132.05,Flavobacterium_B,R1,4.24,Flavobacterium_B | R1
133.05,Flavobacterium_B,R1,4.17,Flavobacterium_B | R1
134.05,Flavobacterium_B,R1,4.13,Flavobacterium_B | R1
135.05,Flavobacterium_B,R1,4.1,Flavobacterium_B | R1
136.05,Flavobacterium_B,R1,4.06,Flavobacterium_B | R1
137.05,Flavobacterium_B,R1,4,Flavobacterium_B | R1
138.05,Flavobacterium_B,R1,3.94,Flavobacterium_B | R1
139.05,Flavobacterium_B,R1,3.92,Flavobacterium_B | R1
140.05,Flavobacterium_B,R1,3.87,Flavobacterium_B | R1
141.05,Flavobacterium_B,R1,3.81,Flavobacterium_B | R1
142.05,Flavobacterium_B,R1,3.77,Flavobacterium_B | R1
143.05,Flavobacterium_B,R1,3.72,Flavobacterium_B | R1
144.05,Flavobacterium_B,R1,3.69,Flavobacterium_B | R1
145.05,Flavobacterium_B,R1,3.63,Flavobacterium_B | R1
146.05,Flavobacterium_B,R1,3.58,Flavobacterium_B | R1
147.05,Flavobacterium_B,R1,3.53,Flavobacterium_B | R1
148.05,Flavobacterium_B,R1,3.48,Flavobacterium_B | R1
149.05,Flavobacterium_B,R1,3.42,Flavobacterium_B | R1
150.05,Flavobacterium_B,R1,3.36,Flavobacterium_B | R1
151.05,Flavobacterium_B,R1,3.3,Flavobacterium_B | R1
152.05,Flavobacterium_B,R1,3.25,Flavobacterium_B | R1
153.05,Flavobacterium_B,R1,3.2,Flavobacterium_B | R1
154.05,Flavobacterium_B,R1,3.14,Flavobacterium_B | R1
155.05,Flavobacterium_B,R1,3.07,Flavobacterium_B | R1
156.05,Flavobacterium_B,R1,3.03,Flavobacterium_B | R1
157.05,Flavobacterium_B,R1,2.96,Flavobacterium_B | R1
158.05,Flavobacterium_B,R1,2.9,Flavobacterium_B | R1
159.05,Flavobacterium_B,R1,2.84,Flavobacterium_B | R1
160.05,Flavobacterium_B,R1,2.78,Flavobacterium_B | R1
161.05,Flavobacterium_B,R1,2.71,Flavobacterium_B | R1
162.05,Flavobacterium_B,R1,2.63,Flavobacterium_B | R1
163.05,Flavobacterium_B,R1,2.58,Flavobacterium_B | R1
164.05,Flavobacterium_B,R1,2.5,Flavobacterium_B | R1
165.05,Flavobacterium_B,R1,2.43,Flavobacterium_B | R1
166.05,Flavobacterium_B,R1,2.36,Flavobacterium_B | R1
167.05,Flavobacterium_B,R1,2.3,Flavobacterium_B | R1
168.05,Flavobacterium_B,R1,2.23,Flavobacterium_B | R1
169.05,Flavobacterium_B,R1,2.14,Flavobacterium_B | R1
170.05,Flavobacterium_B,R1,2.07,Flavobacterium_B | R1
171.05,Flavobacterium_B,R1,1.99,Flavobacterium_B | R1
172.05,Flavobacterium_B,R1,1.91,Flavobacterium_B | R1
173.05,Flavobacterium_B,R1,1.83,Flavobacterium_B | R1
174.05,Flavobacterium_B,R1,1.76,Flavobacterium_B | R1
175.05,Flavobacterium_B,R1,1.67,Flavobacterium_B | R1
176.05,Flavobacterium_B,R1,1.59,Flavobacterium_B | R1
177.05,Flavobacterium_B,R1,1.5,Flavobacterium_B | R1
178.05,Flavobacterium_B,R1,1.41,Flavobacterium_B | R1
179.05,Flavobacterium_B,R1,1.34,Flavobacterium_B | R1
180.05,Flavobacterium_B,R1,1.25,Flavobacterium_B | R1
181.05,Flavobacterium_B,R1,1.16,Flavobacterium_B | R1
182.05,Flavobacterium_B,R1,1.06,Flavobacterium_B | R1
183.05,Flavobacterium_B,R1,0.97,Flavobacterium_B | R1
184.05,Flavobacterium_B,R1,0.87,Flavobacterium_B | R1
185.05,Flavobacterium_B,R1,0.79,Flavobacterium_B | R1
186.05,Flavobacterium_B,R1,0.68,Flavobacterium_B | R1
187.05,Flavobacterium_B,R1,0.58,Flavobacterium_B | R1
188.05,Flavobacterium_B,R1,0.47,Flavobacterium_B | R1
189.05,Flavobacterium_B,R1,0.38,Flavobacterium_B | R1
190.05,Flavobacterium_B,R1,0.31,Flavobacterium_B | R1
191.05,Flavobacterium_B,R1,0.25,Flavobacterium_B | R1
192.05,Flavobacterium_B,R1,0.2,Flavobacterium_B | R1
193.05,Flavobacterium_B,R1,0.17,Flavobacterium_B | R1
194.05,Flavobacterium_B,R1,0.15,Flavobacterium_B | R1
195.05,Flavobacterium_B,R1,0.13,Flavobacterium_B | R1
196.05,Flavobacterium_B,R1,0.12,Flavobacterium_B | R1
197.05,Flavobacterium_B,R1,0.11,Flavobacterium_B | R1
0.03,Flavobacterium_B,R2,5.07,Flavobacterium_B | R2
1.03,Flavobacterium_B,R2,4.83,Flavobacterium_B | R2
2.03,Flavobacterium_B,R2,4.78,Flavobacterium_B | R2
3.03,Flavobacterium_B,R2,4.78,Flavobacterium_B | R2
4.03,Flavobacterium_B,R2,4.83,Flavobacterium_B | R2
5.03,Flavobacterium_B,R2,4.89,Flavobacterium_B | R2
6.03,Flavobacterium_B,R2,4.93,Flavobacterium_B | R2
7.03,Flavobacterium_B,R2,5,Flavobacterium_B | R2
8.03,Flavobacterium_B,R2,5.06,Flavobacterium_B | R2
9.03,Flavobacterium_B,R2,5.1,Flavobacterium_B | R2
10.03,Flavobacterium_B,R2,5.16,Flavobacterium_B | R2
11.03,Flavobacterium_B,R2,5.22,Flavobacterium_B | R2
12.03,Flavobacterium_B,R2,5.27,Flavobacterium_B | R2
13.03,Flavobacterium_B,R2,5.31,Flavobacterium_B | R2
14.03,Flavobacterium_B,R2,5.36,Flavobacterium_B | R2
15.03,Flavobacterium_B,R2,5.39,Flavobacterium_B | R2
16.03,Flavobacterium_B,R2,5.43,Flavobacterium_B | R2
17.03,Flavobacterium_B,R2,5.46,Flavobacterium_B | R2
18.03,Flavobacterium_B,R2,5.49,Flavobacterium_B | R2
19.03,Flavobacterium_B,R2,5.52,Flavobacterium_B | R2
20.03,Flavobacterium_B,R2,5.56,Flavobacterium_B | R2
21.03,Flavobacterium_B,R2,5.59,Flavobacterium_B | R2
22.03,Flavobacterium_B,R2,5.62,Flavobacterium_B | R2
23.03,Flavobacterium_B,R2,5.64,Flavobacterium_B | R2
24.03,Flavobacterium_B,R2,5.66,Flavobacterium_B | R2
25.03,Flavobacterium_B,R2,5.7,Flavobacterium_B | R2
26.03,Flavobacterium_B,R2,5.72,Flavobacterium_B | R2
27.03,Flavobacterium_B,R2,5.73,Flavobacterium_B | R2
28.03,Flavobacterium_B,R2,5.75,Flavobacterium_B | R2
29.03,Flavobacterium_B,R2,5.78,Flavobacterium_B | R2
30.03,Flavobacterium_B,R2,5.78,Flavobacterium_B | R2
31.03,Flavobacterium_B,R2,5.79,Flavobacterium_B | R2
32.03,Flavobacterium_B,R2,5.83,Flavobacterium_B | R2
33.03,Flavobacterium_B,R2,5.84,Flavobacterium_B | R2
34.03,Flavobacterium_B,R2,5.84,Flavobacterium_B | R2
35.03,Flavobacterium_B,R2,5.86,Flavobacterium_B | R2
36.03,Flavobacterium_B,R2,5.86,Flavobacterium_B | R2
37.03,Flavobacterium_B,R2,5.87,Flavobacterium_B | R2
38.03,Flavobacterium_B,R2,5.89,Flavobacterium_B | R2
39.03,Flavobacterium_B,R2,5.88,Flavobacterium_B | R2
40.03,Flavobacterium_B,R2,5.88,Flavobacterium_B | R2
41.03,Flavobacterium_B,R2,5.9,Flavobacterium_B | R2
42.03,Flavobacterium_B,R2,5.9,Flavobacterium_B | R2
43.03,Flavobacterium_B,R2,5.9,Flavobacterium_B | R2
44.03,Flavobacterium_B,R2,5.91,Flavobacterium_B | R2
45.03,Flavobacterium_B,R2,5.91,Flavobacterium_B | R2
46.03,Flavobacterium_B,R2,5.91,Flavobacterium_B | R2
47.03,Flavobacterium_B,R2,5.92,Flavobacterium_B | R2
48.03,Flavobacterium_B,R2,5.91,Flavobacterium_B | R2
49.03,Flavobacterium_B,R2,5.91,Flavobacterium_B | R2
50.05,Flavobacterium_B,R2,5.88,Flavobacterium_B | R2
51.05,Flavobacterium_B,R2,5.88,Flavobacterium_B | R2
52.05,Flavobacterium_B,R2,5.86,Flavobacterium_B | R2
53.05,Flavobacterium_B,R2,5.86,Flavobacterium_B | R2
54.05,Flavobacterium_B,R2,5.84,Flavobacterium_B | R2
55.05,Flavobacterium_B,R2,5.84,Flavobacterium_B | R2
56.05,Flavobacterium_B,R2,5.82,Flavobacterium_B | R2
57.05,Flavobacterium_B,R2,5.82,Flavobacterium_B | R2
58.05,Flavobacterium_B,R2,5.8,Flavobacterium_B | R2
59.05,Flavobacterium_B,R2,5.79,Flavobacterium_B | R2
60.05,Flavobacterium_B,R2,5.78,Flavobacterium_B | R2
61.05,Flavobacterium_B,R2,5.76,Flavobacterium_B | R2
62.05,Flavobacterium_B,R2,5.75,Flavobacterium_B | R2
63.05,Flavobacterium_B,R2,5.74,Flavobacterium_B | R2
64.05,Flavobacterium_B,R2,5.72,Flavobacterium_B | R2
65.05,Flavobacterium_B,R2,5.71,Flavobacterium_B | R2
66.05,Flavobacterium_B,R2,5.7,Flavobacterium_B | R2
67.05,Flavobacterium_B,R2,5.69,Flavobacterium_B | R2
68.05,Flavobacterium_B,R2,5.66,Flavobacterium_B | R2
69.05,Flavobacterium_B,R2,5.67,Flavobacterium_B | R2
70.05,Flavobacterium_B,R2,5.64,Flavobacterium_B | R2
71.05,Flavobacterium_B,R2,5.62,Flavobacterium_B | R2
72.05,Flavobacterium_B,R2,5.61,Flavobacterium_B | R2
73.05,Flavobacterium_B,R2,5.6,Flavobacterium_B | R2
74.05,Flavobacterium_B,R2,5.58,Flavobacterium_B | R2
75.05,Flavobacterium_B,R2,5.55,Flavobacterium_B | R2
76.05,Flavobacterium_B,R2,5.55,Flavobacterium_B | R2
77.05,Flavobacterium_B,R2,5.53,Flavobacterium_B | R2
78.05,Flavobacterium_B,R2,5.51,Flavobacterium_B | R2
79.05,Flavobacterium_B,R2,5.49,Flavobacterium_B | R2
80.05,Flavobacterium_B,R2,5.48,Flavobacterium_B | R2
81.05,Flavobacterium_B,R2,5.48,Flavobacterium_B | R2
82.05,Flavobacterium_B,R2,5.46,Flavobacterium_B | R2
83.05,Flavobacterium_B,R2,5.44,Flavobacterium_B | R2
84.05,Flavobacterium_B,R2,5.42,Flavobacterium_B | R2
85.05,Flavobacterium_B,R2,5.4,Flavobacterium_B | R2
86.05,Flavobacterium_B,R2,5.39,Flavobacterium_B | R2
87.05,Flavobacterium_B,R2,5.36,Flavobacterium_B | R2
88.05,Flavobacterium_B,R2,5.35,Flavobacterium_B | R2
89.05,Flavobacterium_B,R2,5.35,Flavobacterium_B | R2
90.05,Flavobacterium_B,R2,5.31,Flavobacterium_B | R2
91.05,Flavobacterium_B,R2,5.29,Flavobacterium_B | R2
92.05,Flavobacterium_B,R2,5.27,Flavobacterium_B | R2
93.05,Flavobacterium_B,R2,5.25,Flavobacterium_B | R2
94.05,Flavobacterium_B,R2,5.23,Flavobacterium_B | R2
95.05,Flavobacterium_B,R2,5.22,Flavobacterium_B | R2
96.05,Flavobacterium_B,R2,5.19,Flavobacterium_B | R2
97.05,Flavobacterium_B,R2,5.17,Flavobacterium_B | R2
98.05,Flavobacterium_B,R2,5.15,Flavobacterium_B | R2
99.05,Flavobacterium_B,R2,5.13,Flavobacterium_B | R2
100.05,Flavobacterium_B,R2,5.1,Flavobacterium_B | R2
101.05,Flavobacterium_B,R2,5.08,Flavobacterium_B | R2
102.05,Flavobacterium_B,R2,5.05,Flavobacterium_B | R2
103.05,Flavobacterium_B,R2,5.03,Flavobacterium_B | R2
104.05,Flavobacterium_B,R2,5.01,Flavobacterium_B | R2
105.05,Flavobacterium_B,R2,4.98,Flavobacterium_B | R2
106.05,Flavobacterium_B,R2,4.95,Flavobacterium_B | R2
107.05,Flavobacterium_B,R2,4.94,Flavobacterium_B | R2
108.05,Flavobacterium_B,R2,4.91,Flavobacterium_B | R2
109.05,Flavobacterium_B,R2,4.9,Flavobacterium_B | R2
110.05,Flavobacterium_B,R2,4.87,Flavobacterium_B | R2
111.05,Flavobacterium_B,R2,4.84,Flavobacterium_B | R2
112.05,Flavobacterium_B,R2,4.82,Flavobacterium_B | R2
113.05,Flavobacterium_B,R2,4.78,Flavobacterium_B | R2
114.05,Flavobacterium_B,R2,4.76,Flavobacterium_B | R2
115.05,Flavobacterium_B,R2,4.73,Flavobacterium_B | R2
116.05,Flavobacterium_B,R2,4.71,Flavobacterium_B | R2
117.05,Flavobacterium_B,R2,4.68,Flavobacterium_B | R2
118.05,Flavobacterium_B,R2,4.63,Flavobacterium_B | R2
119.05,Flavobacterium_B,R2,4.61,Flavobacterium_B | R2
120.05,Flavobacterium_B,R2,4.59,Flavobacterium_B | R2
121.05,Flavobacterium_B,R2,4.54,Flavobacterium_B | R2
122.05,Flavobacterium_B,R2,4.52,Flavobacterium_B | R2
123.05,Flavobacterium_B,R2,4.49,Flavobacterium_B | R2
124.05,Flavobacterium_B,R2,4.46,Flavobacterium_B | R2
125.05,Flavobacterium_B,R2,4.42,Flavobacterium_B | R2
126.05,Flavobacterium_B,R2,4.4,Flavobacterium_B | R2
127.05,Flavobacterium_B,R2,4.35,Flavobacterium_B | R2
128.05,Flavobacterium_B,R2,4.34,Flavobacterium_B | R2
129.05,Flavobacterium_B,R2,4.29,Flavobacterium_B | R2
130.05,Flavobacterium_B,R2,4.25,Flavobacterium_B | R2
131.05,Flavobacterium_B,R2,4.23,Flavobacterium_B | R2
132.05,Flavobacterium_B,R2,4.2,Flavobacterium_B | R2
133.05,Flavobacterium_B,R2,4.15,Flavobacterium_B | R2
134.05,Flavobacterium_B,R2,4.11,Flavobacterium_B | R2
135.05,Flavobacterium_B,R2,4.07,Flavobacterium_B | R2
136.05,Flavobacterium_B,R2,4.03,Flavobacterium_B | R2
137.05,Flavobacterium_B,R2,3.98,Flavobacterium_B | R2
138.05,Flavobacterium_B,R2,3.97,Flavobacterium_B | R2
139.05,Flavobacterium_B,R2,3.94,Flavobacterium_B | R2
140.05,Flavobacterium_B,R2,3.88,Flavobacterium_B | R2
141.05,Flavobacterium_B,R2,3.84,Flavobacterium_B | R2
142.05,Flavobacterium_B,R2,3.8,Flavobacterium_B | R2
143.05,Flavobacterium_B,R2,3.74,Flavobacterium_B | R2
144.05,Flavobacterium_B,R2,3.72,Flavobacterium_B | R2
145.05,Flavobacterium_B,R2,3.68,Flavobacterium_B | R2
146.05,Flavobacterium_B,R2,3.64,Flavobacterium_B | R2
147.05,Flavobacterium_B,R2,3.59,Flavobacterium_B | R2
148.05,Flavobacterium_B,R2,3.54,Flavobacterium_B | R2
149.05,Flavobacterium_B,R2,3.49,Flavobacterium_B | R2
150.05,Flavobacterium_B,R2,3.45,Flavobacterium_B | R2
151.05,Flavobacterium_B,R2,3.4,Flavobacterium_B | R2
152.05,Flavobacterium_B,R2,3.35,Flavobacterium_B | R2
153.05,Flavobacterium_B,R2,3.3,Flavobacterium_B | R2
154.05,Flavobacterium_B,R2,3.25,Flavobacterium_B | R2
155.05,Flavobacterium_B,R2,3.21,Flavobacterium_B | R2
156.05,Flavobacterium_B,R2,3.17,Flavobacterium_B | R2
157.05,Flavobacterium_B,R2,3.11,Flavobacterium_B | R2
158.05,Flavobacterium_B,R2,3.07,Flavobacterium_B | R2
159.05,Flavobacterium_B,R2,2.99,Flavobacterium_B | R2
160.05,Flavobacterium_B,R2,2.95,Flavobacterium_B | R2
161.05,Flavobacterium_B,R2,2.9,Flavobacterium_B | R2
162.05,Flavobacterium_B,R2,2.84,Flavobacterium_B | R2
163.05,Flavobacterium_B,R2,2.78,Flavobacterium_B | R2
164.05,Flavobacterium_B,R2,2.71,Flavobacterium_B | R2
165.05,Flavobacterium_B,R2,2.67,Flavobacterium_B | R2
166.05,Flavobacterium_B,R2,2.6,Flavobacterium_B | R2
167.05,Flavobacterium_B,R2,2.55,Flavobacterium_B | R2
168.05,Flavobacterium_B,R2,2.48,Flavobacterium_B | R2
169.05,Flavobacterium_B,R2,2.41,Flavobacterium_B | R2
170.05,Flavobacterium_B,R2,2.36,Flavobacterium_B | R2
171.05,Flavobacterium_B,R2,2.32,Flavobacterium_B | R2
172.05,Flavobacterium_B,R2,2.22,Flavobacterium_B | R2
173.05,Flavobacterium_B,R2,2.16,Flavobacterium_B | R2
174.05,Flavobacterium_B,R2,2.1,Flavobacterium_B | R2
175.05,Flavobacterium_B,R2,2.04,Flavobacterium_B | R2
176.05,Flavobacterium_B,R2,1.97,Flavobacterium_B | R2
177.05,Flavobacterium_B,R2,1.91,Flavobacterium_B | R2
178.05,Flavobacterium_B,R2,1.83,Flavobacterium_B | R2
179.05,Flavobacterium_B,R2,1.75,Flavobacterium_B | R2
180.05,Flavobacterium_B,R2,1.7,Flavobacterium_B | R2
181.05,Flavobacterium_B,R2,1.6,Flavobacterium_B | R2
182.05,Flavobacterium_B,R2,1.55,Flavobacterium_B | R2
183.05,Flavobacterium_B,R2,1.46,Flavobacterium_B | R2
184.05,Flavobacterium_B,R2,1.38,Flavobacterium_B | R2
185.05,Flavobacterium_B,R2,1.31,Flavobacterium_B | R2
186.05,Flavobacterium_B,R2,1.23,Flavobacterium_B | R2
187.05,Flavobacterium_B,R2,1.14,Flavobacterium_B | R2
188.05,Flavobacterium_B,R2,1.05,Flavobacterium_B | R2
189.05,Flavobacterium_B,R2,0.98,Flavobacterium_B | R2
190.05,Flavobacterium_B,R2,0.9,Flavobacterium_B | R2
191.05,Flavobacterium_B,R2,0.81,Flavobacterium_B | R2
192.05,Flavobacterium_B,R2,0.71,Flavobacterium_B | R2
193.05,Flavobacterium_B,R2,0.64,Flavobacterium_B | R2
194.05,Flavobacterium_B,R2,0.55,Flavobacterium_B | R2
195.05,Flavobacterium_B,R2,0.46,Flavobacterium_B | R2
196.05,Flavobacterium_B,R2,0.38,Flavobacterium_B | R2
197.05,Flavobacterium_B,R2,0.29,Flavobacterium_B | R2
0.03,Flavobacterium_B,R3,5.09,Flavobacterium_B | R3
1.03,Flavobacterium_B,R3,5.08,Flavobacterium_B | R3
2.03,Flavobacterium_B,R3,5.14,Flavobacterium_B | R3
3.03,Flavobacterium_B,R3,5.2,Flavobacterium_B | R3
4.03,Flavobacterium_B,R3,5.27,Flavobacterium_B | R3
5.03,Flavobacterium_B,R3,5.32,Flavobacterium_B | R3
6.03,Flavobacterium_B,R3,5.38,Flavobacterium_B | R3
7.03,Flavobacterium_B,R3,5.44,Flavobacterium_B | R3
8.03,Flavobacterium_B,R3,5.49,Flavobacterium_B | R3
9.03,Flavobacterium_B,R3,5.54,Flavobacterium_B | R3
10.03,Flavobacterium_B,R3,5.59,Flavobacterium_B | R3
11.03,Flavobacterium_B,R3,5.64,Flavobacterium_B | R3
12.03,Flavobacterium_B,R3,5.68,Flavobacterium_B | R3
13.03,Flavobacterium_B,R3,5.73,Flavobacterium_B | R3
14.03,Flavobacterium_B,R3,5.76,Flavobacterium_B | R3
15.03,Flavobacterium_B,R3,5.82,Flavobacterium_B | R3
16.03,Flavobacterium_B,R3,5.85,Flavobacterium_B | R3
17.03,Flavobacterium_B,R3,5.88,Flavobacterium_B | R3
18.03,Flavobacterium_B,R3,5.91,Flavobacterium_B | R3
19.03,Flavobacterium_B,R3,5.95,Flavobacterium_B | R3
20.03,Flavobacterium_B,R3,5.98,Flavobacterium_B | R3
21.03,Flavobacterium_B,R3,6.01,Flavobacterium_B | R3
22.03,Flavobacterium_B,R3,6.03,Flavobacterium_B | R3
23.03,Flavobacterium_B,R3,6.06,Flavobacterium_B | R3
24.03,Flavobacterium_B,R3,6.09,Flavobacterium_B | R3
25.03,Flavobacterium_B,R3,6.12,Flavobacterium_B | R3
26.03,Flavobacterium_B,R3,6.15,Flavobacterium_B | R3
27.03,Flavobacterium_B,R3,6.17,Flavobacterium_B | R3
28.03,Flavobacterium_B,R3,6.19,Flavobacterium_B | R3
29.03,Flavobacterium_B,R3,6.21,Flavobacterium_B | R3
30.03,Flavobacterium_B,R3,6.22,Flavobacterium_B | R3
31.03,Flavobacterium_B,R3,6.24,Flavobacterium_B | R3
32.03,Flavobacterium_B,R3,6.26,Flavobacterium_B | R3
33.03,Flavobacterium_B,R3,6.28,Flavobacterium_B | R3
34.03,Flavobacterium_B,R3,6.29,Flavobacterium_B | R3
35.03,Flavobacterium_B,R3,6.31,Flavobacterium_B | R3
36.03,Flavobacterium_B,R3,6.32,Flavobacterium_B | R3
37.03,Flavobacterium_B,R3,6.33,Flavobacterium_B | R3
38.03,Flavobacterium_B,R3,6.34,Flavobacterium_B | R3
39.03,Flavobacterium_B,R3,6.35,Flavobacterium_B | R3
40.03,Flavobacterium_B,R3,6.36,Flavobacterium_B | R3
41.03,Flavobacterium_B,R3,6.36,Flavobacterium_B | R3
42.03,Flavobacterium_B,R3,6.37,Flavobacterium_B | R3
43.03,Flavobacterium_B,R3,6.38,Flavobacterium_B | R3
44.03,Flavobacterium_B,R3,6.39,Flavobacterium_B | R3
45.03,Flavobacterium_B,R3,6.4,Flavobacterium_B | R3
46.03,Flavobacterium_B,R3,6.4,Flavobacterium_B | R3
47.03,Flavobacterium_B,R3,6.4,Flavobacterium_B | R3
48.03,Flavobacterium_B,R3,6.4,Flavobacterium_B | R3
49.03,Flavobacterium_B,R3,6.4,Flavobacterium_B | R3
50.05,Flavobacterium_B,R3,6.39,Flavobacterium_B | R3
51.05,Flavobacterium_B,R3,6.41,Flavobacterium_B | R3
52.05,Flavobacterium_B,R3,6.4,Flavobacterium_B | R3
53.05,Flavobacterium_B,R3,6.4,Flavobacterium_B | R3
54.05,Flavobacterium_B,R3,6.39,Flavobacterium_B | R3
55.05,Flavobacterium_B,R3,6.37,Flavobacterium_B | R3
56.05,Flavobacterium_B,R3,6.36,Flavobacterium_B | R3
57.05,Flavobacterium_B,R3,6.35,Flavobacterium_B | R3
58.05,Flavobacterium_B,R3,6.34,Flavobacterium_B | R3
59.05,Flavobacterium_B,R3,6.33,Flavobacterium_B | R3
60.05,Flavobacterium_B,R3,6.32,Flavobacterium_B | R3
61.05,Flavobacterium_B,R3,6.3,Flavobacterium_B | R3
62.05,Flavobacterium_B,R3,6.28,Flavobacterium_B | R3
63.05,Flavobacterium_B,R3,6.27,Flavobacterium_B | R3
64.05,Flavobacterium_B,R3,6.27,Flavobacterium_B | R3
65.05,Flavobacterium_B,R3,6.25,Flavobacterium_B | R3
66.05,Flavobacterium_B,R3,6.25,Flavobacterium_B | R3
67.05,Flavobacterium_B,R3,6.23,Flavobacterium_B | R3
68.05,Flavobacterium_B,R3,6.21,Flavobacterium_B | R3
69.05,Flavobacterium_B,R3,6.2,Flavobacterium_B | R3
70.05,Flavobacterium_B,R3,6.18,Flavobacterium_B | R3
71.05,Flavobacterium_B,R3,6.18,Flavobacterium_B | R3
72.05,Flavobacterium_B,R3,6.17,Flavobacterium_B | R3
73.05,Flavobacterium_B,R3,6.16,Flavobacterium_B | R3
74.05,Flavobacterium_B,R3,6.12,Flavobacterium_B | R3
75.05,Flavobacterium_B,R3,6.14,Flavobacterium_B | R3
76.05,Flavobacterium_B,R3,6.12,Flavobacterium_B | R3
77.05,Flavobacterium_B,R3,6.1,Flavobacterium_B | R3
78.05,Flavobacterium_B,R3,6.08,Flavobacterium_B | R3
79.05,Flavobacterium_B,R3,6.07,Flavobacterium_B | R3
80.05,Flavobacterium_B,R3,6.06,Flavobacterium_B | R3
81.05,Flavobacterium_B,R3,6.04,Flavobacterium_B | R3
82.05,Flavobacterium_B,R3,6.03,Flavobacterium_B | R3
83.05,Flavobacterium_B,R3,6,Flavobacterium_B | R3
84.05,Flavobacterium_B,R3,5.98,Flavobacterium_B | R3
85.05,Flavobacterium_B,R3,5.98,Flavobacterium_B | R3
86.05,Flavobacterium_B,R3,5.96,Flavobacterium_B | R3
87.05,Flavobacterium_B,R3,5.95,Flavobacterium_B | R3
88.05,Flavobacterium_B,R3,5.92,Flavobacterium_B | R3
89.05,Flavobacterium_B,R3,5.93,Flavobacterium_B | R3
90.05,Flavobacterium_B,R3,5.89,Flavobacterium_B | R3
91.05,Flavobacterium_B,R3,5.86,Flavobacterium_B | R3
92.05,Flavobacterium_B,R3,5.85,Flavobacterium_B | R3
93.05,Flavobacterium_B,R3,5.85,Flavobacterium_B | R3
94.05,Flavobacterium_B,R3,5.82,Flavobacterium_B | R3
95.05,Flavobacterium_B,R3,5.81,Flavobacterium_B | R3
96.05,Flavobacterium_B,R3,5.78,Flavobacterium_B | R3
97.05,Flavobacterium_B,R3,5.76,Flavobacterium_B | R3
98.05,Flavobacterium_B,R3,5.75,Flavobacterium_B | R3
99.05,Flavobacterium_B,R3,5.74,Flavobacterium_B | R3
100.05,Flavobacterium_B,R3,5.7,Flavobacterium_B | R3
101.05,Flavobacterium_B,R3,5.7,Flavobacterium_B | R3
102.05,Flavobacterium_B,R3,5.67,Flavobacterium_B | R3
103.05,Flavobacterium_B,R3,5.66,Flavobacterium_B | R3
104.05,Flavobacterium_B,R3,5.62,Flavobacterium_B | R3
105.05,Flavobacterium_B,R3,5.6,Flavobacterium_B | R3
106.05,Flavobacterium_B,R3,5.6,Flavobacterium_B | R3
107.05,Flavobacterium_B,R3,5.56,Flavobacterium_B | R3
108.05,Flavobacterium_B,R3,5.54,Flavobacterium_B | R3
109.05,Flavobacterium_B,R3,5.53,Flavobacterium_B | R3
110.05,Flavobacterium_B,R3,5.48,Flavobacterium_B | R3
111.05,Flavobacterium_B,R3,5.47,Flavobacterium_B | R3
112.05,Flavobacterium_B,R3,5.45,Flavobacterium_B | R3
113.05,Flavobacterium_B,R3,5.42,Flavobacterium_B | R3
114.05,Flavobacterium_B,R3,5.4,Flavobacterium_B | R3
115.05,Flavobacterium_B,R3,5.37,Flavobacterium_B | R3
116.05,Flavobacterium_B,R3,5.36,Flavobacterium_B | R3
117.05,Flavobacterium_B,R3,5.33,Flavobacterium_B | R3
118.05,Flavobacterium_B,R3,5.29,Flavobacterium_B | R3
119.05,Flavobacterium_B,R3,5.28,Flavobacterium_B | R3
120.05,Flavobacterium_B,R3,5.25,Flavobacterium_B | R3
121.05,Flavobacterium_B,R3,5.23,Flavobacterium_B | R3
122.05,Flavobacterium_B,R3,5.2,Flavobacterium_B | R3
123.05,Flavobacterium_B,R3,5.18,Flavobacterium_B | R3
124.05,Flavobacterium_B,R3,5.14,Flavobacterium_B | R3
125.05,Flavobacterium_B,R3,5.11,Flavobacterium_B | R3
126.05,Flavobacterium_B,R3,5.09,Flavobacterium_B | R3
127.05,Flavobacterium_B,R3,5.05,Flavobacterium_B | R3
128.05,Flavobacterium_B,R3,5.02,Flavobacterium_B | R3
129.05,Flavobacterium_B,R3,4.99,Flavobacterium_B | R3
130.05,Flavobacterium_B,R3,4.98,Flavobacterium_B | R3
131.05,Flavobacterium_B,R3,4.94,Flavobacterium_B | R3
132.05,Flavobacterium_B,R3,4.9,Flavobacterium_B | R3
133.05,Flavobacterium_B,R3,4.87,Flavobacterium_B | R3
134.05,Flavobacterium_B,R3,4.84,Flavobacterium_B | R3
135.05,Flavobacterium_B,R3,4.82,Flavobacterium_B | R3
136.05,Flavobacterium_B,R3,4.77,Flavobacterium_B | R3
137.05,Flavobacterium_B,R3,4.74,Flavobacterium_B | R3
138.05,Flavobacterium_B,R3,4.71,Flavobacterium_B | R3
139.05,Flavobacterium_B,R3,4.67,Flavobacterium_B | R3
140.05,Flavobacterium_B,R3,4.64,Flavobacterium_B | R3
141.05,Flavobacterium_B,R3,4.61,Flavobacterium_B | R3
142.05,Flavobacterium_B,R3,4.56,Flavobacterium_B | R3
143.05,Flavobacterium_B,R3,4.53,Flavobacterium_B | R3
144.05,Flavobacterium_B,R3,4.49,Flavobacterium_B | R3
145.05,Flavobacterium_B,R3,4.47,Flavobacterium_B | R3
146.05,Flavobacterium_B,R3,4.41,Flavobacterium_B | R3
147.05,Flavobacterium_B,R3,4.38,Flavobacterium_B | R3
148.05,Flavobacterium_B,R3,4.34,Flavobacterium_B | R3
149.05,Flavobacterium_B,R3,4.3,Flavobacterium_B | R3
150.05,Flavobacterium_B,R3,4.26,Flavobacterium_B | R3
151.05,Flavobacterium_B,R3,4.22,Flavobacterium_B | R3
152.05,Flavobacterium_B,R3,4.18,Flavobacterium_B | R3
153.05,Flavobacterium_B,R3,4.15,Flavobacterium_B | R3
154.05,Flavobacterium_B,R3,4.09,Flavobacterium_B | R3
155.05,Flavobacterium_B,R3,4.05,Flavobacterium_B | R3
156.05,Flavobacterium_B,R3,4.03,Flavobacterium_B | R3
157.05,Flavobacterium_B,R3,3.97,Flavobacterium_B | R3
158.05,Flavobacterium_B,R3,3.93,Flavobacterium_B | R3
159.05,Flavobacterium_B,R3,3.87,Flavobacterium_B | R3
160.05,Flavobacterium_B,R3,3.84,Flavobacterium_B | R3
161.05,Flavobacterium_B,R3,3.77,Flavobacterium_B | R3
162.05,Flavobacterium_B,R3,3.73,Flavobacterium_B | R3
163.05,Flavobacterium_B,R3,3.69,Flavobacterium_B | R3
164.05,Flavobacterium_B,R3,3.64,Flavobacterium_B | R3
165.05,Flavobacterium_B,R3,3.59,Flavobacterium_B | R3
166.05,Flavobacterium_B,R3,3.54,Flavobacterium_B | R3
167.05,Flavobacterium_B,R3,3.49,Flavobacterium_B | R3
168.05,Flavobacterium_B,R3,3.45,Flavobacterium_B | R3
169.05,Flavobacterium_B,R3,3.39,Flavobacterium_B | R3
170.05,Flavobacterium_B,R3,3.34,Flavobacterium_B | R3
171.05,Flavobacterium_B,R3,3.28,Flavobacterium_B | R3
172.05,Flavobacterium_B,R3,3.23,Flavobacterium_B | R3
173.05,Flavobacterium_B,R3,3.17,Flavobacterium_B | R3
174.05,Flavobacterium_B,R3,3.12,Flavobacterium_B | R3
175.05,Flavobacterium_B,R3,3.06,Flavobacterium_B | R3
176.05,Flavobacterium_B,R3,3,Flavobacterium_B | R3
177.05,Flavobacterium_B,R3,2.94,Flavobacterium_B | R3
178.05,Flavobacterium_B,R3,2.89,Flavobacterium_B | R3
179.05,Flavobacterium_B,R3,2.82,Flavobacterium_B | R3
180.05,Flavobacterium_B,R3,2.77,Flavobacterium_B | R3
181.05,Flavobacterium_B,R3,2.7,Flavobacterium_B | R3
182.05,Flavobacterium_B,R3,2.63,Flavobacterium_B | R3
183.05,Flavobacterium_B,R3,2.57,Flavobacterium_B | R3
184.05,Flavobacterium_B,R3,2.51,Flavobacterium_B | R3
185.05,Flavobacterium_B,R3,2.43,Flavobacterium_B | R3
186.05,Flavobacterium_B,R3,2.36,Flavobacterium_B | R3
187.05,Flavobacterium_B,R3,2.29,Flavobacterium_B | R3
188.05,Flavobacterium_B,R3,2.24,Flavobacterium_B | R3
189.05,Flavobacterium_B,R3,2.17,Flavobacterium_B | R3
190.05,Flavobacterium_B,R3,2.1,Flavobacterium_B | R3
191.05,Flavobacterium_B,R3,2.02,Flavobacterium_B | R3
192.05,Flavobacterium_B,R3,1.95,Flavobacterium_B | R3
193.05,Flavobacterium_B,R3,1.88,Flavobacterium_B | R3
194.05,Flavobacterium_B,R3,1.8,Flavobacterium_B | R3
195.05,Flavobacterium_B,R3,1.74,Flavobacterium_B | R3
196.05,Flavobacterium_B,R3,1.65,Flavobacterium_B | R3
197.05,Flavobacterium_B,R3,1.57,Flavobacterium_B | R3
0.03,Flavobacterium_B,R4,5.06,Flavobacterium_B | R4
1.03,Flavobacterium_B,R4,5.05,Flavobacterium_B | R4
2.03,Flavobacterium_B,R4,5.11,Flavobacterium_B | R4
3.03,Flavobacterium_B,R4,5.15,Flavobacterium_B | R4
4.03,Flavobacterium_B,R4,5.23,Flavobacterium_B | R4
5.03,Flavobacterium_B,R4,5.29,Flavobacterium_B | R4
6.03,Flavobacterium_B,R4,5.37,Flavobacterium_B | R4
7.03,Flavobacterium_B,R4,5.43,Flavobacterium_B | R4
8.03,Flavobacterium_B,R4,5.49,Flavobacterium_B | R4
9.03,Flavobacterium_B,R4,5.55,Flavobacterium_B | R4
10.03,Flavobacterium_B,R4,5.6,Flavobacterium_B | R4
11.03,Flavobacterium_B,R4,5.67,Flavobacterium_B | R4
12.03,Flavobacterium_B,R4,5.72,Flavobacterium_B | R4
13.03,Flavobacterium_B,R4,5.77,Flavobacterium_B | R4
14.03,Flavobacterium_B,R4,5.8,Flavobacterium_B | R4
15.03,Flavobacterium_B,R4,5.86,Flavobacterium_B | R4
16.03,Flavobacterium_B,R4,5.89,Flavobacterium_B | R4
17.03,Flavobacterium_B,R4,5.92,Flavobacterium_B | R4
18.03,Flavobacterium_B,R4,5.97,Flavobacterium_B | R4
19.03,Flavobacterium_B,R4,6.01,Flavobacterium_B | R4
20.03,Flavobacterium_B,R4,6.03,Flavobacterium_B | R4
21.03,Flavobacterium_B,R4,6.07,Flavobacterium_B | R4
22.03,Flavobacterium_B,R4,6.12,Flavobacterium_B | R4
23.03,Flavobacterium_B,R4,6.15,Flavobacterium_B | R4
24.03,Flavobacterium_B,R4,6.19,Flavobacterium_B | R4
25.03,Flavobacterium_B,R4,6.22,Flavobacterium_B | R4
26.03,Flavobacterium_B,R4,6.24,Flavobacterium_B | R4
27.03,Flavobacterium_B,R4,6.28,Flavobacterium_B | R4
28.03,Flavobacterium_B,R4,6.31,Flavobacterium_B | R4
29.03,Flavobacterium_B,R4,6.34,Flavobacterium_B | R4
30.03,Flavobacterium_B,R4,6.36,Flavobacterium_B | R4
31.03,Flavobacterium_B,R4,6.39,Flavobacterium_B | R4
32.03,Flavobacterium_B,R4,6.42,Flavobacterium_B | R4
33.03,Flavobacterium_B,R4,6.43,Flavobacterium_B | R4
34.03,Flavobacterium_B,R4,6.44,Flavobacterium_B | R4
35.03,Flavobacterium_B,R4,6.47,Flavobacterium_B | R4
36.03,Flavobacterium_B,R4,6.47,Flavobacterium_B | R4
37.03,Flavobacterium_B,R4,6.49,Flavobacterium_B | R4
38.03,Flavobacterium_B,R4,6.51,Flavobacterium_B | R4
39.03,Flavobacterium_B,R4,6.51,Flavobacterium_B | R4
40.03,Flavobacterium_B,R4,6.53,Flavobacterium_B | R4
41.03,Flavobacterium_B,R4,6.54,Flavobacterium_B | R4
42.03,Flavobacterium_B,R4,6.53,Flavobacterium_B | R4
43.03,Flavobacterium_B,R4,6.56,Flavobacterium_B | R4
44.03,Flavobacterium_B,R4,6.57,Flavobacterium_B | R4
45.03,Flavobacterium_B,R4,6.58,Flavobacterium_B | R4
46.03,Flavobacterium_B,R4,6.58,Flavobacterium_B | R4
47.03,Flavobacterium_B,R4,6.58,Flavobacterium_B | R4
48.03,Flavobacterium_B,R4,6.59,Flavobacterium_B | R4
49.03,Flavobacterium_B,R4,6.59,Flavobacterium_B | R4
50.05,Flavobacterium_B,R4,6.59,Flavobacterium_B | R4
51.05,Flavobacterium_B,R4,6.61,Flavobacterium_B | R4
52.05,Flavobacterium_B,R4,6.6,Flavobacterium_B | R4
53.05,Flavobacterium_B,R4,6.59,Flavobacterium_B | R4
54.05,Flavobacterium_B,R4,6.56,Flavobacterium_B | R4
55.05,Flavobacterium_B,R4,6.56,Flavobacterium_B | R4
56.05,Flavobacterium_B,R4,6.56,Flavobacterium_B | R4
57.05,Flavobacterium_B,R4,6.54,Flavobacterium_B | R4
58.05,Flavobacterium_B,R4,6.53,Flavobacterium_B | R4
59.05,Flavobacterium_B,R4,6.51,Flavobacterium_B | R4
60.05,Flavobacterium_B,R4,6.5,Flavobacterium_B | R4
61.05,Flavobacterium_B,R4,6.48,Flavobacterium_B | R4
62.05,Flavobacterium_B,R4,6.47,Flavobacterium_B | R4
63.05,Flavobacterium_B,R4,6.47,Flavobacterium_B | R4
64.05,Flavobacterium_B,R4,6.45,Flavobacterium_B | R4
65.05,Flavobacterium_B,R4,6.44,Flavobacterium_B | R4
66.05,Flavobacterium_B,R4,6.43,Flavobacterium_B | R4
67.05,Flavobacterium_B,R4,6.42,Flavobacterium_B | R4
68.05,Flavobacterium_B,R4,6.41,Flavobacterium_B | R4
69.05,Flavobacterium_B,R4,6.38,Flavobacterium_B | R4
70.05,Flavobacterium_B,R4,6.37,Flavobacterium_B | R4
71.05,Flavobacterium_B,R4,6.35,Flavobacterium_B | R4
72.05,Flavobacterium_B,R4,6.35,Flavobacterium_B | R4
73.05,Flavobacterium_B,R4,6.31,Flavobacterium_B | R4
74.05,Flavobacterium_B,R4,6.3,Flavobacterium_B | R4
75.05,Flavobacterium_B,R4,6.29,Flavobacterium_B | R4
76.05,Flavobacterium_B,R4,6.28,Flavobacterium_B | R4
77.05,Flavobacterium_B,R4,6.24,Flavobacterium_B | R4
78.05,Flavobacterium_B,R4,6.23,Flavobacterium_B | R4
79.05,Flavobacterium_B,R4,6.23,Flavobacterium_B | R4
80.05,Flavobacterium_B,R4,6.22,Flavobacterium_B | R4
81.05,Flavobacterium_B,R4,6.19,Flavobacterium_B | R4
82.05,Flavobacterium_B,R4,6.18,Flavobacterium_B | R4
83.05,Flavobacterium_B,R4,6.14,Flavobacterium_B | R4
84.05,Flavobacterium_B,R4,6.14,Flavobacterium_B | R4
85.05,Flavobacterium_B,R4,6.12,Flavobacterium_B | R4
86.05,Flavobacterium_B,R4,6.08,Flavobacterium_B | R4
87.05,Flavobacterium_B,R4,6.09,Flavobacterium_B | R4
88.05,Flavobacterium_B,R4,6.06,Flavobacterium_B | R4
89.05,Flavobacterium_B,R4,6.04,Flavobacterium_B | R4
90.05,Flavobacterium_B,R4,6.01,Flavobacterium_B | R4
91.05,Flavobacterium_B,R4,6.01,Flavobacterium_B | R4
92.05,Flavobacterium_B,R4,5.97,Flavobacterium_B | R4
93.05,Flavobacterium_B,R4,5.95,Flavobacterium_B | R4
94.05,Flavobacterium_B,R4,5.92,Flavobacterium_B | R4
95.05,Flavobacterium_B,R4,5.9,Flavobacterium_B | R4
96.05,Flavobacterium_B,R4,5.88,Flavobacterium_B | R4
97.05,Flavobacterium_B,R4,5.86,Flavobacterium_B | R4
98.05,Flavobacterium_B,R4,5.84,Flavobacterium_B | R4
99.05,Flavobacterium_B,R4,5.82,Flavobacterium_B | R4
100.05,Flavobacterium_B,R4,5.79,Flavobacterium_B | R4
101.05,Flavobacterium_B,R4,5.76,Flavobacterium_B | R4
102.05,Flavobacterium_B,R4,5.75,Flavobacterium_B | R4
103.05,Flavobacterium_B,R4,5.74,Flavobacterium_B | R4
104.05,Flavobacterium_B,R4,5.71,Flavobacterium_B | R4
105.05,Flavobacterium_B,R4,5.67,Flavobacterium_B | R4
106.05,Flavobacterium_B,R4,5.66,Flavobacterium_B | R4
107.05,Flavobacterium_B,R4,5.63,Flavobacterium_B | R4
108.05,Flavobacterium_B,R4,5.6,Flavobacterium_B | R4
109.05,Flavobacterium_B,R4,5.57,Flavobacterium_B | R4
110.05,Flavobacterium_B,R4,5.55,Flavobacterium_B | R4
111.05,Flavobacterium_B,R4,5.52,Flavobacterium_B | R4
112.05,Flavobacterium_B,R4,5.49,Flavobacterium_B | R4
113.05,Flavobacterium_B,R4,5.47,Flavobacterium_B | R4
114.05,Flavobacterium_B,R4,5.44,Flavobacterium_B | R4
115.05,Flavobacterium_B,R4,5.41,Flavobacterium_B | R4
116.05,Flavobacterium_B,R4,5.38,Flavobacterium_B | R4
117.05,Flavobacterium_B,R4,5.34,Flavobacterium_B | R4
118.05,Flavobacterium_B,R4,5.32,Flavobacterium_B | R4
119.05,Flavobacterium_B,R4,5.28,Flavobacterium_B | R4
120.05,Flavobacterium_B,R4,5.25,Flavobacterium_B | R4
121.05,Flavobacterium_B,R4,5.22,Flavobacterium_B | R4
122.05,Flavobacterium_B,R4,5.18,Flavobacterium_B | R4
123.05,Flavobacterium_B,R4,5.16,Flavobacterium_B | R4
124.05,Flavobacterium_B,R4,5.13,Flavobacterium_B | R4
125.05,Flavobacterium_B,R4,5.08,Flavobacterium_B | R4
126.05,Flavobacterium_B,R4,5.06,Flavobacterium_B | R4
127.05,Flavobacterium_B,R4,5.02,Flavobacterium_B | R4
128.05,Flavobacterium_B,R4,4.98,Flavobacterium_B | R4
129.05,Flavobacterium_B,R4,4.95,Flavobacterium_B | R4
130.05,Flavobacterium_B,R4,4.92,Flavobacterium_B | R4
131.05,Flavobacterium_B,R4,4.89,Flavobacterium_B | R4
132.05,Flavobacterium_B,R4,4.83,Flavobacterium_B | R4
133.05,Flavobacterium_B,R4,4.8,Flavobacterium_B | R4
134.05,Flavobacterium_B,R4,4.77,Flavobacterium_B | R4
135.05,Flavobacterium_B,R4,4.72,Flavobacterium_B | R4
136.05,Flavobacterium_B,R4,4.69,Flavobacterium_B | R4
137.05,Flavobacterium_B,R4,4.65,Flavobacterium_B | R4
138.05,Flavobacterium_B,R4,4.6,Flavobacterium_B | R4
139.05,Flavobacterium_B,R4,4.57,Flavobacterium_B | R4
140.05,Flavobacterium_B,R4,4.54,Flavobacterium_B | R4
141.05,Flavobacterium_B,R4,4.47,Flavobacterium_B | R4
142.05,Flavobacterium_B,R4,4.43,Flavobacterium_B | R4
143.05,Flavobacterium_B,R4,4.39,Flavobacterium_B | R4
144.05,Flavobacterium_B,R4,4.35,Flavobacterium_B | R4
145.05,Flavobacterium_B,R4,4.29,Flavobacterium_B | R4
146.05,Flavobacterium_B,R4,4.25,Flavobacterium_B | R4
147.05,Flavobacterium_B,R4,4.21,Flavobacterium_B | R4
148.05,Flavobacterium_B,R4,4.15,Flavobacterium_B | R4
149.05,Flavobacterium_B,R4,4.1,Flavobacterium_B | R4
150.05,Flavobacterium_B,R4,4.05,Flavobacterium_B | R4
151.05,Flavobacterium_B,R4,4,Flavobacterium_B | R4
152.05,Flavobacterium_B,R4,3.95,Flavobacterium_B | R4
153.05,Flavobacterium_B,R4,3.9,Flavobacterium_B | R4
154.05,Flavobacterium_B,R4,3.85,Flavobacterium_B | R4
155.05,Flavobacterium_B,R4,3.79,Flavobacterium_B | R4
156.05,Flavobacterium_B,R4,3.75,Flavobacterium_B | R4
157.05,Flavobacterium_B,R4,3.7,Flavobacterium_B | R4
158.05,Flavobacterium_B,R4,3.63,Flavobacterium_B | R4
159.05,Flavobacterium_B,R4,3.58,Flavobacterium_B | R4
160.05,Flavobacterium_B,R4,3.52,Flavobacterium_B | R4
161.05,Flavobacterium_B,R4,3.46,Flavobacterium_B | R4
162.05,Flavobacterium_B,R4,3.41,Flavobacterium_B | R4
163.05,Flavobacterium_B,R4,3.34,Flavobacterium_B | R4
164.05,Flavobacterium_B,R4,3.29,Flavobacterium_B | R4
165.05,Flavobacterium_B,R4,3.22,Flavobacterium_B | R4
166.05,Flavobacterium_B,R4,3.17,Flavobacterium_B | R4
167.05,Flavobacterium_B,R4,3.1,Flavobacterium_B | R4
168.05,Flavobacterium_B,R4,3.04,Flavobacterium_B | R4
169.05,Flavobacterium_B,R4,2.98,Flavobacterium_B | R4
170.05,Flavobacterium_B,R4,2.91,Flavobacterium_B | R4
171.05,Flavobacterium_B,R4,2.84,Flavobacterium_B | R4
172.05,Flavobacterium_B,R4,2.77,Flavobacterium_B | R4
173.05,Flavobacterium_B,R4,2.68,Flavobacterium_B | R4
174.05,Flavobacterium_B,R4,2.61,Flavobacterium_B | R4
175.05,Flavobacterium_B,R4,2.57,Flavobacterium_B | R4
176.05,Flavobacterium_B,R4,2.49,Flavobacterium_B | R4
177.05,Flavobacterium_B,R4,2.4,Flavobacterium_B | R4
178.05,Flavobacterium_B,R4,2.33,Flavobacterium_B | R4
179.05,Flavobacterium_B,R4,2.26,Flavobacterium_B | R4
180.05,Flavobacterium_B,R4,2.18,Flavobacterium_B | R4
181.05,Flavobacterium_B,R4,2.08,Flavobacterium_B | R4
182.05,Flavobacterium_B,R4,2.03,Flavobacterium_B | R4
183.05,Flavobacterium_B,R4,1.95,Flavobacterium_B | R4
184.05,Flavobacterium_B,R4,1.85,Flavobacterium_B | R4
185.05,Flavobacterium_B,R4,1.78,Flavobacterium_B | R4
186.05,Flavobacterium_B,R4,1.69,Flavobacterium_B | R4
187.05,Flavobacterium_B,R4,1.61,Flavobacterium_B | R4
188.05,Flavobacterium_B,R4,1.51,Flavobacterium_B | R4
189.05,Flavobacterium_B,R4,1.43,Flavobacterium_B | R4
190.05,Flavobacterium_B,R4,1.34,Flavobacterium_B | R4
191.05,Flavobacterium_B,R4,1.25,Flavobacterium_B | R4
192.05,Flavobacterium_B,R4,1.14,Flavobacterium_B | R4
193.05,Flavobacterium_B,R4,1.05,Flavobacterium_B | R4
194.05,Flavobacterium_B,R4,0.98,Flavobacterium_B | R4
195.05,Flavobacterium_B,R4,0.89,Flavobacterium_B | R4
196.05,Flavobacterium_B,R4,0.81,Flavobacterium_B | R4
197.05,Flavobacterium_B,R4,0.71,Flavobacterium_B | R4
0.03,Flavobacterium_B,R5,4.93,Flavobacterium_B | R5
1.03,Flavobacterium_B,R5,4.93,Flavobacterium_B | R5
2.03,Flavobacterium_B,R5,4.98,Flavobacterium_B | R5
3.03,Flavobacterium_B,R5,5.05,Flavobacterium_B | R5
4.03,Flavobacterium_B,R5,5.12,Flavobacterium_B | R5
5.03,Flavobacterium_B,R5,5.19,Flavobacterium_B | R5
6.03,Flavobacterium_B,R5,5.26,Flavobacterium_B | R5
7.03,Flavobacterium_B,R5,5.33,Flavobacterium_B | R5
8.03,Flavobacterium_B,R5,5.39,Flavobacterium_B | R5
9.03,Flavobacterium_B,R5,5.45,Flavobacterium_B | R5
10.03,Flavobacterium_B,R5,5.49,Flavobacterium_B | R5
11.03,Flavobacterium_B,R5,5.56,Flavobacterium_B | R5
12.03,Flavobacterium_B,R5,5.6,Flavobacterium_B | R5
13.03,Flavobacterium_B,R5,5.65,Flavobacterium_B | R5
14.03,Flavobacterium_B,R5,5.68,Flavobacterium_B | R5
15.03,Flavobacterium_B,R5,5.73,Flavobacterium_B | R5
16.03,Flavobacterium_B,R5,5.76,Flavobacterium_B | R5
17.03,Flavobacterium_B,R5,5.79,Flavobacterium_B | R5
18.03,Flavobacterium_B,R5,5.83,Flavobacterium_B | R5
19.03,Flavobacterium_B,R5,5.86,Flavobacterium_B | R5
20.03,Flavobacterium_B,R5,5.88,Flavobacterium_B | R5
21.03,Flavobacterium_B,R5,5.91,Flavobacterium_B | R5
22.03,Flavobacterium_B,R5,5.93,Flavobacterium_B | R5
23.03,Flavobacterium_B,R5,5.96,Flavobacterium_B | R5
24.03,Flavobacterium_B,R5,6,Flavobacterium_B | R5
25.03,Flavobacterium_B,R5,6.03,Flavobacterium_B | R5
26.03,Flavobacterium_B,R5,6.04,Flavobacterium_B | R5
27.03,Flavobacterium_B,R5,6.05,Flavobacterium_B | R5
28.03,Flavobacterium_B,R5,6.06,Flavobacterium_B | R5
29.03,Flavobacterium_B,R5,6.09,Flavobacterium_B | R5
30.03,Flavobacterium_B,R5,6.11,Flavobacterium_B | R5
31.03,Flavobacterium_B,R5,6.12,Flavobacterium_B | R5
32.03,Flavobacterium_B,R5,6.14,Flavobacterium_B | R5
33.03,Flavobacterium_B,R5,6.15,Flavobacterium_B | R5
34.03,Flavobacterium_B,R5,6.17,Flavobacterium_B | R5
35.03,Flavobacterium_B,R5,6.19,Flavobacterium_B | R5
36.03,Flavobacterium_B,R5,6.19,Flavobacterium_B | R5
37.03,Flavobacterium_B,R5,6.19,Flavobacterium_B | R5
38.03,Flavobacterium_B,R5,6.21,Flavobacterium_B | R5
39.03,Flavobacterium_B,R5,6.21,Flavobacterium_B | R5
40.03,Flavobacterium_B,R5,6.22,Flavobacterium_B | R5
41.03,Flavobacterium_B,R5,6.24,Flavobacterium_B | R5
42.03,Flavobacterium_B,R5,6.24,Flavobacterium_B | R5
43.03,Flavobacterium_B,R5,6.25,Flavobacterium_B | R5
44.03,Flavobacterium_B,R5,6.26,Flavobacterium_B | R5
45.03,Flavobacterium_B,R5,6.27,Flavobacterium_B | R5
46.03,Flavobacterium_B,R5,6.27,Flavobacterium_B | R5
47.03,Flavobacterium_B,R5,6.27,Flavobacterium_B | R5
48.03,Flavobacterium_B,R5,6.29,Flavobacterium_B | R5
49.03,Flavobacterium_B,R5,6.29,Flavobacterium_B | R5
50.05,Flavobacterium_B,R5,6.29,Flavobacterium_B | R5
51.05,Flavobacterium_B,R5,6.31,Flavobacterium_B | R5
52.05,Flavobacterium_B,R5,6.29,Flavobacterium_B | R5
53.05,Flavobacterium_B,R5,6.29,Flavobacterium_B | R5
54.05,Flavobacterium_B,R5,6.31,Flavobacterium_B | R5
55.05,Flavobacterium_B,R5,6.3,Flavobacterium_B | R5
56.05,Flavobacterium_B,R5,6.31,Flavobacterium_B | R5
57.05,Flavobacterium_B,R5,6.32,Flavobacterium_B | R5
58.05,Flavobacterium_B,R5,6.32,Flavobacterium_B | R5
59.05,Flavobacterium_B,R5,6.32,Flavobacterium_B | R5
60.05,Flavobacterium_B,R5,6.31,Flavobacterium_B | R5
61.05,Flavobacterium_B,R5,6.31,Flavobacterium_B | R5
62.05,Flavobacterium_B,R5,6.31,Flavobacterium_B | R5
63.05,Flavobacterium_B,R5,6.32,Flavobacterium_B | R5
64.05,Flavobacterium_B,R5,6.31,Flavobacterium_B | R5
65.05,Flavobacterium_B,R5,6.31,Flavobacterium_B | R5
66.05,Flavobacterium_B,R5,6.33,Flavobacterium_B | R5
67.05,Flavobacterium_B,R5,6.33,Flavobacterium_B | R5
68.05,Flavobacterium_B,R5,6.31,Flavobacterium_B | R5
69.05,Flavobacterium_B,R5,6.3,Flavobacterium_B | R5
70.05,Flavobacterium_B,R5,6.29,Flavobacterium_B | R5
71.05,Flavobacterium_B,R5,6.28,Flavobacterium_B | R5
72.05,Flavobacterium_B,R5,6.27,Flavobacterium_B | R5
73.05,Flavobacterium_B,R5,6.26,Flavobacterium_B | R5
74.05,Flavobacterium_B,R5,6.25,Flavobacterium_B | R5
75.05,Flavobacterium_B,R5,6.25,Flavobacterium_B | R5
76.05,Flavobacterium_B,R5,6.23,Flavobacterium_B | R5
77.05,Flavobacterium_B,R5,6.23,Flavobacterium_B | R5
78.05,Flavobacterium_B,R5,6.21,Flavobacterium_B | R5
79.05,Flavobacterium_B,R5,6.2,Flavobacterium_B | R5
80.05,Flavobacterium_B,R5,6.19,Flavobacterium_B | R5
81.05,Flavobacterium_B,R5,6.18,Flavobacterium_B | R5
82.05,Flavobacterium_B,R5,6.17,Flavobacterium_B | R5
83.05,Flavobacterium_B,R5,6.16,Flavobacterium_B | R5
84.05,Flavobacterium_B,R5,6.15,Flavobacterium_B | R5
85.05,Flavobacterium_B,R5,6.13,Flavobacterium_B | R5
86.05,Flavobacterium_B,R5,6.13,Flavobacterium_B | R5
87.05,Flavobacterium_B,R5,6.11,Flavobacterium_B | R5
88.05,Flavobacterium_B,R5,6.11,Flavobacterium_B | R5
89.05,Flavobacterium_B,R5,6.1,Flavobacterium_B | R5
90.05,Flavobacterium_B,R5,6.08,Flavobacterium_B | R5
91.05,Flavobacterium_B,R5,6.07,Flavobacterium_B | R5
92.05,Flavobacterium_B,R5,6.06,Flavobacterium_B | R5
93.05,Flavobacterium_B,R5,6.05,Flavobacterium_B | R5
94.05,Flavobacterium_B,R5,6.04,Flavobacterium_B | R5
95.05,Flavobacterium_B,R5,6.02,Flavobacterium_B | R5
96.05,Flavobacterium_B,R5,6.01,Flavobacterium_B | R5
97.05,Flavobacterium_B,R5,6,Flavobacterium_B | R5
98.05,Flavobacterium_B,R5,5.98,Flavobacterium_B | R5
99.05,Flavobacterium_B,R5,5.97,Flavobacterium_B | R5
100.05,Flavobacterium_B,R5,5.96,Flavobacterium_B | R5
101.05,Flavobacterium_B,R5,5.95,Flavobacterium_B | R5
102.05,Flavobacterium_B,R5,5.94,Flavobacterium_B | R5
103.05,Flavobacterium_B,R5,5.92,Flavobacterium_B | R5
104.05,Flavobacterium_B,R5,5.91,Flavobacterium_B | R5
105.05,Flavobacterium_B,R5,5.9,Flavobacterium_B | R5
106.05,Flavobacterium_B,R5,5.88,Flavobacterium_B | R5
107.05,Flavobacterium_B,R5,5.87,Flavobacterium_B | R5
108.05,Flavobacterium_B,R5,5.85,Flavobacterium_B | R5
109.05,Flavobacterium_B,R5,5.84,Flavobacterium_B | R5
110.05,Flavobacterium_B,R5,5.84,Flavobacterium_B | R5
111.05,Flavobacterium_B,R5,5.82,Flavobacterium_B | R5
112.05,Flavobacterium_B,R5,5.81,Flavobacterium_B | R5
113.05,Flavobacterium_B,R5,5.78,Flavobacterium_B | R5
114.05,Flavobacterium_B,R5,5.78,Flavobacterium_B | R5
115.05,Flavobacterium_B,R5,5.76,Flavobacterium_B | R5
116.05,Flavobacterium_B,R5,5.74,Flavobacterium_B | R5
117.05,Flavobacterium_B,R5,5.74,Flavobacterium_B | R5
118.05,Flavobacterium_B,R5,5.72,Flavobacterium_B | R5
119.05,Flavobacterium_B,R5,5.71,Flavobacterium_B | R5
120.05,Flavobacterium_B,R5,5.69,Flavobacterium_B | R5
121.05,Flavobacterium_B,R5,5.68,Flavobacterium_B | R5
122.05,Flavobacterium_B,R5,5.66,Flavobacterium_B | R5
123.05,Flavobacterium_B,R5,5.65,Flavobacterium_B | R5
124.05,Flavobacterium_B,R5,5.64,Flavobacterium_B | R5
125.05,Flavobacterium_B,R5,5.62,Flavobacterium_B | R5
126.05,Flavobacterium_B,R5,5.6,Flavobacterium_B | R5
127.05,Flavobacterium_B,R5,5.58,Flavobacterium_B | R5
128.05,Flavobacterium_B,R5,5.57,Flavobacterium_B | R5
129.05,Flavobacterium_B,R5,5.55,Flavobacterium_B | R5
130.05,Flavobacterium_B,R5,5.54,Flavobacterium_B | R5
131.05,Flavobacterium_B,R5,5.53,Flavobacterium_B | R5
132.05,Flavobacterium_B,R5,5.51,Flavobacterium_B | R5
133.05,Flavobacterium_B,R5,5.49,Flavobacterium_B | R5
134.05,Flavobacterium_B,R5,5.47,Flavobacterium_B | R5
135.05,Flavobacterium_B,R5,5.46,Flavobacterium_B | R5
136.05,Flavobacterium_B,R5,5.45,Flavobacterium_B | R5
137.05,Flavobacterium_B,R5,5.43,Flavobacterium_B | R5
138.05,Flavobacterium_B,R5,5.41,Flavobacterium_B | R5
139.05,Flavobacterium_B,R5,5.39,Flavobacterium_B | R5
140.05,Flavobacterium_B,R5,5.37,Flavobacterium_B | R5
141.05,Flavobacterium_B,R5,5.36,Flavobacterium_B | R5
142.05,Flavobacterium_B,R5,5.34,Flavobacterium_B | R5
143.05,Flavobacterium_B,R5,5.33,Flavobacterium_B | R5
144.05,Flavobacterium_B,R5,5.3,Flavobacterium_B | R5
145.05,Flavobacterium_B,R5,5.29,Flavobacterium_B | R5
146.05,Flavobacterium_B,R5,5.27,Flavobacterium_B | R5
147.05,Flavobacterium_B,R5,5.25,Flavobacterium_B | R5
148.05,Flavobacterium_B,R5,5.24,Flavobacterium_B | R5
149.05,Flavobacterium_B,R5,5.22,Flavobacterium_B | R5
150.05,Flavobacterium_B,R5,5.2,Flavobacterium_B | R5
151.05,Flavobacterium_B,R5,5.18,Flavobacterium_B | R5
152.05,Flavobacterium_B,R5,5.16,Flavobacterium_B | R5
153.05,Flavobacterium_B,R5,5.14,Flavobacterium_B | R5
154.05,Flavobacterium_B,R5,5.12,Flavobacterium_B | R5
155.05,Flavobacterium_B,R5,5.1,Flavobacterium_B | R5
156.05,Flavobacterium_B,R5,5.08,Flavobacterium_B | R5
157.05,Flavobacterium_B,R5,5.06,Flavobacterium_B | R5
158.05,Flavobacterium_B,R5,5.05,Flavobacterium_B | R5
159.05,Flavobacterium_B,R5,5.03,Flavobacterium_B | R5
160.05,Flavobacterium_B,R5,5.01,Flavobacterium_B | R5
161.05,Flavobacterium_B,R5,4.98,Flavobacterium_B | R5
162.05,Flavobacterium_B,R5,4.97,Flavobacterium_B | R5
163.05,Flavobacterium_B,R5,4.94,Flavobacterium_B | R5
164.05,Flavobacterium_B,R5,4.92,Flavobacterium_B | R5
165.05,Flavobacterium_B,R5,4.9,Flavobacterium_B | R5
166.05,Flavobacterium_B,R5,4.88,Flavobacterium_B | R5
167.05,Flavobacterium_B,R5,4.86,Flavobacterium_B | R5
168.05,Flavobacterium_B,R5,4.84,Flavobacterium_B | R5
169.05,Flavobacterium_B,R5,4.82,Flavobacterium_B | R5
170.05,Flavobacterium_B,R5,4.79,Flavobacterium_B | R5
171.05,Flavobacterium_B,R5,4.77,Flavobacterium_B | R5
172.05,Flavobacterium_B,R5,4.75,Flavobacterium_B | R5
173.05,Flavobacterium_B,R5,4.73,Flavobacterium_B | R5
174.05,Flavobacterium_B,R5,4.71,Flavobacterium_B | R5
175.05,Flavobacterium_B,R5,4.69,Flavobacterium_B | R5
176.05,Flavobacterium_B,R5,4.67,Flavobacterium_B | R5
177.05,Flavobacterium_B,R5,4.64,Flavobacterium_B | R5
178.05,Flavobacterium_B,R5,4.62,Flavobacterium_B | R5
179.05,Flavobacterium_B,R5,4.59,Flavobacterium_B | R5
180.05,Flavobacterium_B,R5,4.57,Flavobacterium_B | R5
181.05,Flavobacterium_B,R5,4.55,Flavobacterium_B | R5
182.05,Flavobacterium_B,R5,4.52,Flavobacterium_B | R5
183.05,Flavobacterium_B,R5,4.5,Flavobacterium_B | R5
184.05,Flavobacterium_B,R5,4.48,Flavobacterium_B | R5
185.05,Flavobacterium_B,R5,4.44,Flavobacterium_B | R5
186.05,Flavobacterium_B,R5,4.42,Flavobacterium_B | R5
187.05,Flavobacterium_B,R5,4.4,Flavobacterium_B | R5
188.05,Flavobacterium_B,R5,4.37,Flavobacterium_B | R5
189.05,Flavobacterium_B,R5,4.34,Flavobacterium_B | R5
190.05,Flavobacterium_B,R5,4.32,Flavobacterium_B | R5
191.05,Flavobacterium_B,R5,4.3,Flavobacterium_B | R5
192.05,Flavobacterium_B,R5,4.27,Flavobacterium_B | R5
193.05,Flavobacterium_B,R5,4.25,Flavobacterium_B | R5
194.05,Flavobacterium_B,R5,4.22,Flavobacterium_B | R5
195.05,Flavobacterium_B,R5,4.19,Flavobacterium_B | R5
196.05,Flavobacterium_B,R5,4.17,Flavobacterium_B | R5
197.05,Flavobacterium_B,R5,4.14,Flavobacterium_B | R5
0.03,Herbaspirillum,R1,4.65,Herbaspirillum | R1
1.03,Herbaspirillum,R1,4.61,Herbaspirillum | R1
2.03,Herbaspirillum,R1,4.67,Herbaspirillum | R1
3.03,Herbaspirillum,R1,4.73,Herbaspirillum | R1
4.03,Herbaspirillum,R1,4.8,Herbaspirillum | R1
5.03,Herbaspirillum,R1,4.87,Herbaspirillum | R1
6.03,Herbaspirillum,R1,4.93,Herbaspirillum | R1
7.03,Herbaspirillum,R1,4.99,Herbaspirillum | R1
8.03,Herbaspirillum,R1,5.05,Herbaspirillum | R1
9.03,Herbaspirillum,R1,5.12,Herbaspirillum | R1
10.03,Herbaspirillum,R1,5.17,Herbaspirillum | R1
11.03,Herbaspirillum,R1,5.21,Herbaspirillum | R1
12.03,Herbaspirillum,R1,5.27,Herbaspirillum | R1
13.03,Herbaspirillum,R1,5.31,Herbaspirillum | R1
14.03,Herbaspirillum,R1,5.36,Herbaspirillum | R1
15.03,Herbaspirillum,R1,5.39,Herbaspirillum | R1
16.03,Herbaspirillum,R1,5.44,Herbaspirillum | R1
17.03,Herbaspirillum,R1,5.48,Herbaspirillum | R1
18.03,Herbaspirillum,R1,5.51,Herbaspirillum | R1
19.03,Herbaspirillum,R1,5.55,Herbaspirillum | R1
20.03,Herbaspirillum,R1,5.57,Herbaspirillum | R1
21.03,Herbaspirillum,R1,5.6,Herbaspirillum | R1
22.03,Herbaspirillum,R1,5.63,Herbaspirillum | R1
23.03,Herbaspirillum,R1,5.66,Herbaspirillum | R1
24.03,Herbaspirillum,R1,5.68,Herbaspirillum | R1
25.03,Herbaspirillum,R1,5.72,Herbaspirillum | R1
26.03,Herbaspirillum,R1,5.73,Herbaspirillum | R1
27.03,Herbaspirillum,R1,5.73,Herbaspirillum | R1
28.03,Herbaspirillum,R1,5.76,Herbaspirillum | R1
29.03,Herbaspirillum,R1,5.79,Herbaspirillum | R1
30.03,Herbaspirillum,R1,5.79,Herbaspirillum | R1
31.03,Herbaspirillum,R1,5.81,Herbaspirillum | R1
32.03,Herbaspirillum,R1,5.83,Herbaspirillum | R1
33.03,Herbaspirillum,R1,5.83,Herbaspirillum | R1
34.03,Herbaspirillum,R1,5.85,Herbaspirillum | R1
35.03,Herbaspirillum,R1,5.86,Herbaspirillum | R1
36.03,Herbaspirillum,R1,5.86,Herbaspirillum | R1
37.03,Herbaspirillum,R1,5.87,Herbaspirillum | R1
38.03,Herbaspirillum,R1,5.88,Herbaspirillum | R1
39.03,Herbaspirillum,R1,5.88,Herbaspirillum | R1
40.03,Herbaspirillum,R1,5.89,Herbaspirillum | R1
41.03,Herbaspirillum,R1,5.9,Herbaspirillum | R1
42.03,Herbaspirillum,R1,5.89,Herbaspirillum | R1
43.03,Herbaspirillum,R1,5.91,Herbaspirillum | R1
44.03,Herbaspirillum,R1,5.91,Herbaspirillum | R1
45.03,Herbaspirillum,R1,5.92,Herbaspirillum | R1
46.03,Herbaspirillum,R1,5.92,Herbaspirillum | R1
47.03,Herbaspirillum,R1,5.94,Herbaspirillum | R1
48.03,Herbaspirillum,R1,5.94,Herbaspirillum | R1
49.03,Herbaspirillum,R1,5.93,Herbaspirillum | R1
50.05,Herbaspirillum,R1,5.92,Herbaspirillum | R1
51.05,Herbaspirillum,R1,5.93,Herbaspirillum | R1
52.05,Herbaspirillum,R1,5.91,Herbaspirillum | R1
53.05,Herbaspirillum,R1,5.9,Herbaspirillum | R1
54.05,Herbaspirillum,R1,5.91,Herbaspirillum | R1
55.05,Herbaspirillum,R1,5.9,Herbaspirillum | R1
56.05,Herbaspirillum,R1,5.89,Herbaspirillum | R1
57.05,Herbaspirillum,R1,5.88,Herbaspirillum | R1
58.05,Herbaspirillum,R1,5.88,Herbaspirillum | R1
59.05,Herbaspirillum,R1,5.87,Herbaspirillum | R1
60.05,Herbaspirillum,R1,5.87,Herbaspirillum | R1
61.05,Herbaspirillum,R1,5.86,Herbaspirillum | R1
62.05,Herbaspirillum,R1,5.85,Herbaspirillum | R1
63.05,Herbaspirillum,R1,5.84,Herbaspirillum | R1
64.05,Herbaspirillum,R1,5.84,Herbaspirillum | R1
65.05,Herbaspirillum,R1,5.83,Herbaspirillum | R1
66.05,Herbaspirillum,R1,5.83,Herbaspirillum | R1
67.05,Herbaspirillum,R1,5.81,Herbaspirillum | R1
68.05,Herbaspirillum,R1,5.81,Herbaspirillum | R1
69.05,Herbaspirillum,R1,5.8,Herbaspirillum | R1
70.05,Herbaspirillum,R1,5.79,Herbaspirillum | R1
71.05,Herbaspirillum,R1,5.79,Herbaspirillum | R1
72.05,Herbaspirillum,R1,5.78,Herbaspirillum | R1
73.05,Herbaspirillum,R1,5.76,Herbaspirillum | R1
74.05,Herbaspirillum,R1,5.76,Herbaspirillum | R1
75.05,Herbaspirillum,R1,5.75,Herbaspirillum | R1
76.05,Herbaspirillum,R1,5.74,Herbaspirillum | R1
77.05,Herbaspirillum,R1,5.73,Herbaspirillum | R1
78.05,Herbaspirillum,R1,5.71,Herbaspirillum | R1
79.05,Herbaspirillum,R1,5.71,Herbaspirillum | R1
80.05,Herbaspirillum,R1,5.7,Herbaspirillum | R1
81.05,Herbaspirillum,R1,5.69,Herbaspirillum | R1
82.05,Herbaspirillum,R1,5.68,Herbaspirillum | R1
83.05,Herbaspirillum,R1,5.67,Herbaspirillum | R1
84.05,Herbaspirillum,R1,5.67,Herbaspirillum | R1
85.05,Herbaspirillum,R1,5.66,Herbaspirillum | R1
86.05,Herbaspirillum,R1,5.65,Herbaspirillum | R1
87.05,Herbaspirillum,R1,5.64,Herbaspirillum | R1
88.05,Herbaspirillum,R1,5.62,Herbaspirillum | R1
89.05,Herbaspirillum,R1,5.61,Herbaspirillum | R1
90.05,Herbaspirillum,R1,5.59,Herbaspirillum | R1
91.05,Herbaspirillum,R1,5.58,Herbaspirillum | R1
92.05,Herbaspirillum,R1,5.58,Herbaspirillum | R1
93.05,Herbaspirillum,R1,5.56,Herbaspirillum | R1
94.05,Herbaspirillum,R1,5.56,Herbaspirillum | R1
95.05,Herbaspirillum,R1,5.54,Herbaspirillum | R1
96.05,Herbaspirillum,R1,5.52,Herbaspirillum | R1
97.05,Herbaspirillum,R1,5.51,Herbaspirillum | R1
98.05,Herbaspirillum,R1,5.5,Herbaspirillum | R1
99.05,Herbaspirillum,R1,5.48,Herbaspirillum | R1
100.05,Herbaspirillum,R1,5.47,Herbaspirillum | R1
101.05,Herbaspirillum,R1,5.46,Herbaspirillum | R1
102.05,Herbaspirillum,R1,5.45,Herbaspirillum | R1
103.05,Herbaspirillum,R1,5.43,Herbaspirillum | R1
104.05,Herbaspirillum,R1,5.42,Herbaspirillum | R1
105.05,Herbaspirillum,R1,5.4,Herbaspirillum | R1
106.05,Herbaspirillum,R1,5.38,Herbaspirillum | R1
107.05,Herbaspirillum,R1,5.38,Herbaspirillum | R1
108.05,Herbaspirillum,R1,5.35,Herbaspirillum | R1
109.05,Herbaspirillum,R1,5.34,Herbaspirillum | R1
110.05,Herbaspirillum,R1,5.33,Herbaspirillum | R1
111.05,Herbaspirillum,R1,5.31,Herbaspirillum | R1
112.05,Herbaspirillum,R1,5.28,Herbaspirillum | R1
113.05,Herbaspirillum,R1,5.27,Herbaspirillum | R1
114.05,Herbaspirillum,R1,5.25,Herbaspirillum | R1
115.05,Herbaspirillum,R1,5.23,Herbaspirillum | R1
116.05,Herbaspirillum,R1,5.22,Herbaspirillum | R1
117.05,Herbaspirillum,R1,5.21,Herbaspirillum | R1
118.05,Herbaspirillum,R1,5.17,Herbaspirillum | R1
119.05,Herbaspirillum,R1,5.16,Herbaspirillum | R1
120.05,Herbaspirillum,R1,5.14,Herbaspirillum | R1
121.05,Herbaspirillum,R1,5.13,Herbaspirillum | R1
122.05,Herbaspirillum,R1,5.1,Herbaspirillum | R1
123.05,Herbaspirillum,R1,5.08,Herbaspirillum | R1
124.05,Herbaspirillum,R1,5.06,Herbaspirillum | R1
125.05,Herbaspirillum,R1,5.03,Herbaspirillum | R1
126.05,Herbaspirillum,R1,5.01,Herbaspirillum | R1
127.05,Herbaspirillum,R1,4.99,Herbaspirillum | R1
128.05,Herbaspirillum,R1,4.98,Herbaspirillum | R1
129.05,Herbaspirillum,R1,4.95,Herbaspirillum | R1
130.05,Herbaspirillum,R1,4.92,Herbaspirillum | R1
131.05,Herbaspirillum,R1,4.9,Herbaspirillum | R1
132.05,Herbaspirillum,R1,4.87,Herbaspirillum | R1
133.05,Herbaspirillum,R1,4.85,Herbaspirillum | R1
134.05,Herbaspirillum,R1,4.84,Herbaspirillum | R1
135.05,Herbaspirillum,R1,4.79,Herbaspirillum | R1
136.05,Herbaspirillum,R1,4.78,Herbaspirillum | R1
137.05,Herbaspirillum,R1,4.75,Herbaspirillum | R1
138.05,Herbaspirillum,R1,4.71,Herbaspirillum | R1
139.05,Herbaspirillum,R1,4.69,Herbaspirillum | R1
140.05,Herbaspirillum,R1,4.65,Herbaspirillum | R1
141.05,Herbaspirillum,R1,4.63,Herbaspirillum | R1
142.05,Herbaspirillum,R1,4.6,Herbaspirillum | R1
143.05,Herbaspirillum,R1,4.57,Herbaspirillum | R1
144.05,Herbaspirillum,R1,4.53,Herbaspirillum | R1
145.05,Herbaspirillum,R1,4.51,Herbaspirillum | R1
146.05,Herbaspirillum,R1,4.48,Herbaspirillum | R1
147.05,Herbaspirillum,R1,4.45,Herbaspirillum | R1
148.05,Herbaspirillum,R1,4.42,Herbaspirillum | R1
149.05,Herbaspirillum,R1,4.38,Herbaspirillum | R1
150.05,Herbaspirillum,R1,4.34,Herbaspirillum | R1
151.05,Herbaspirillum,R1,4.31,Herbaspirillum | R1
152.05,Herbaspirillum,R1,4.28,Herbaspirillum | R1
153.05,Herbaspirillum,R1,4.24,Herbaspirillum | R1
154.05,Herbaspirillum,R1,4.19,Herbaspirillum | R1
155.05,Herbaspirillum,R1,4.16,Herbaspirillum | R1
156.05,Herbaspirillum,R1,4.12,Herbaspirillum | R1
157.05,Herbaspirillum,R1,4.08,Herbaspirillum | R1
158.05,Herbaspirillum,R1,4.04,Herbaspirillum | R1
159.05,Herbaspirillum,R1,4,Herbaspirillum | R1
160.05,Herbaspirillum,R1,3.97,Herbaspirillum | R1
161.05,Herbaspirillum,R1,3.93,Herbaspirillum | R1
162.05,Herbaspirillum,R1,3.88,Herbaspirillum | R1
163.05,Herbaspirillum,R1,3.83,Herbaspirillum | R1
164.05,Herbaspirillum,R1,3.8,Herbaspirillum | R1
165.05,Herbaspirillum,R1,3.74,Herbaspirillum | R1
166.05,Herbaspirillum,R1,3.7,Herbaspirillum | R1
167.05,Herbaspirillum,R1,3.66,Herbaspirillum | R1
168.05,Herbaspirillum,R1,3.61,Herbaspirillum | R1
169.05,Herbaspirillum,R1,3.57,Herbaspirillum | R1
170.05,Herbaspirillum,R1,3.51,Herbaspirillum | R1
171.05,Herbaspirillum,R1,3.46,Herbaspirillum | R1
172.05,Herbaspirillum,R1,3.41,Herbaspirillum | R1
173.05,Herbaspirillum,R1,3.35,Herbaspirillum | R1
174.05,Herbaspirillum,R1,3.31,Herbaspirillum | R1
175.05,Herbaspirillum,R1,3.24,Herbaspirillum | R1
176.05,Herbaspirillum,R1,3.19,Herbaspirillum | R1
177.05,Herbaspirillum,R1,3.14,Herbaspirillum | R1
178.05,Herbaspirillum,R1,3.07,Herbaspirillum | R1
179.05,Herbaspirillum,R1,3.01,Herbaspirillum | R1
180.05,Herbaspirillum,R1,2.96,Herbaspirillum | R1
181.05,Herbaspirillum,R1,2.9,Herbaspirillum | R1
182.05,Herbaspirillum,R1,2.84,Herbaspirillum | R1
183.05,Herbaspirillum,R1,2.77,Herbaspirillum | R1
184.05,Herbaspirillum,R1,2.7,Herbaspirillum | R1
185.05,Herbaspirillum,R1,2.63,Herbaspirillum | R1
186.05,Herbaspirillum,R1,2.58,Herbaspirillum | R1
187.05,Herbaspirillum,R1,2.52,Herbaspirillum | R1
188.05,Herbaspirillum,R1,2.45,Herbaspirillum | R1
189.05,Herbaspirillum,R1,2.36,Herbaspirillum | R1
190.05,Herbaspirillum,R1,2.3,Herbaspirillum | R1
191.05,Herbaspirillum,R1,2.22,Herbaspirillum | R1
192.05,Herbaspirillum,R1,2.15,Herbaspirillum | R1
193.05,Herbaspirillum,R1,2.08,Herbaspirillum | R1
194.05,Herbaspirillum,R1,1.99,Herbaspirillum | R1
195.05,Herbaspirillum,R1,1.93,Herbaspirillum | R1
196.05,Herbaspirillum,R1,1.84,Herbaspirillum | R1
197.05,Herbaspirillum,R1,1.76,Herbaspirillum | R1
0.03,Herbaspirillum,R2,5.68,Herbaspirillum | R2
1.03,Herbaspirillum,R2,5.68,Herbaspirillum | R2
2.03,Herbaspirillum,R2,5.71,Herbaspirillum | R2
3.03,Herbaspirillum,R2,5.73,Herbaspirillum | R2
4.03,Herbaspirillum,R2,5.78,Herbaspirillum | R2
5.03,Herbaspirillum,R2,5.84,Herbaspirillum | R2
6.03,Herbaspirillum,R2,5.88,Herbaspirillum | R2
7.03,Herbaspirillum,R2,5.96,Herbaspirillum | R2
8.03,Herbaspirillum,R2,6,Herbaspirillum | R2
9.03,Herbaspirillum,R2,6.05,Herbaspirillum | R2
10.03,Herbaspirillum,R2,6.11,Herbaspirillum | R2
11.03,Herbaspirillum,R2,6.16,Herbaspirillum | R2
12.03,Herbaspirillum,R2,6.21,Herbaspirillum | R2
13.03,Herbaspirillum,R2,6.24,Herbaspirillum | R2
14.03,Herbaspirillum,R2,6.29,Herbaspirillum | R2
15.03,Herbaspirillum,R2,6.32,Herbaspirillum | R2
16.03,Herbaspirillum,R2,6.37,Herbaspirillum | R2
17.03,Herbaspirillum,R2,6.41,Herbaspirillum | R2
18.03,Herbaspirillum,R2,6.43,Herbaspirillum | R2
19.03,Herbaspirillum,R2,6.47,Herbaspirillum | R2
20.03,Herbaspirillum,R2,6.5,Herbaspirillum | R2
21.03,Herbaspirillum,R2,6.53,Herbaspirillum | R2
22.03,Herbaspirillum,R2,6.56,Herbaspirillum | R2
23.03,Herbaspirillum,R2,6.59,Herbaspirillum | R2
24.03,Herbaspirillum,R2,6.61,Herbaspirillum | R2
25.03,Herbaspirillum,R2,6.65,Herbaspirillum | R2
26.03,Herbaspirillum,R2,6.67,Herbaspirillum | R2
27.03,Herbaspirillum,R2,6.7,Herbaspirillum | R2
28.03,Herbaspirillum,R2,6.71,Herbaspirillum | R2
29.03,Herbaspirillum,R2,6.73,Herbaspirillum | R2
30.03,Herbaspirillum,R2,6.76,Herbaspirillum | R2
31.03,Herbaspirillum,R2,6.78,Herbaspirillum | R2
32.03,Herbaspirillum,R2,6.79,Herbaspirillum | R2
33.03,Herbaspirillum,R2,6.82,Herbaspirillum | R2
34.03,Herbaspirillum,R2,6.84,Herbaspirillum | R2
35.03,Herbaspirillum,R2,6.86,Herbaspirillum | R2
36.03,Herbaspirillum,R2,6.87,Herbaspirillum | R2
37.03,Herbaspirillum,R2,6.88,Herbaspirillum | R2
38.03,Herbaspirillum,R2,6.9,Herbaspirillum | R2
39.03,Herbaspirillum,R2,6.91,Herbaspirillum | R2
40.03,Herbaspirillum,R2,6.93,Herbaspirillum | R2
41.03,Herbaspirillum,R2,6.94,Herbaspirillum | R2
42.03,Herbaspirillum,R2,6.94,Herbaspirillum | R2
43.03,Herbaspirillum,R2,6.95,Herbaspirillum | R2
44.03,Herbaspirillum,R2,6.95,Herbaspirillum | R2
45.03,Herbaspirillum,R2,6.96,Herbaspirillum | R2
46.03,Herbaspirillum,R2,6.96,Herbaspirillum | R2
47.03,Herbaspirillum,R2,6.97,Herbaspirillum | R2
48.03,Herbaspirillum,R2,6.99,Herbaspirillum | R2
49.03,Herbaspirillum,R2,6.99,Herbaspirillum | R2
50.05,Herbaspirillum,R2,6.99,Herbaspirillum | R2
51.05,Herbaspirillum,R2,7,Herbaspirillum | R2
52.05,Herbaspirillum,R2,7.01,Herbaspirillum | R2
53.05,Herbaspirillum,R2,7,Herbaspirillum | R2
54.05,Herbaspirillum,R2,7.02,Herbaspirillum | R2
55.05,Herbaspirillum,R2,7.02,Herbaspirillum | R2
56.05,Herbaspirillum,R2,7.02,Herbaspirillum | R2
57.05,Herbaspirillum,R2,7.01,Herbaspirillum | R2
58.05,Herbaspirillum,R2,7,Herbaspirillum | R2
59.05,Herbaspirillum,R2,7.03,Herbaspirillum | R2
60.05,Herbaspirillum,R2,7.02,Herbaspirillum | R2
61.05,Herbaspirillum,R2,7.02,Herbaspirillum | R2
62.05,Herbaspirillum,R2,7.02,Herbaspirillum | R2
63.05,Herbaspirillum,R2,7.01,Herbaspirillum | R2
64.05,Herbaspirillum,R2,6.99,Herbaspirillum | R2
65.05,Herbaspirillum,R2,7,Herbaspirillum | R2
66.05,Herbaspirillum,R2,6.99,Herbaspirillum | R2
67.05,Herbaspirillum,R2,6.99,Herbaspirillum | R2
68.05,Herbaspirillum,R2,6.98,Herbaspirillum | R2
69.05,Herbaspirillum,R2,6.97,Herbaspirillum | R2
70.05,Herbaspirillum,R2,6.98,Herbaspirillum | R2
71.05,Herbaspirillum,R2,6.97,Herbaspirillum | R2
72.05,Herbaspirillum,R2,6.96,Herbaspirillum | R2
73.05,Herbaspirillum,R2,6.95,Herbaspirillum | R2
74.05,Herbaspirillum,R2,6.93,Herbaspirillum | R2
75.05,Herbaspirillum,R2,6.93,Herbaspirillum | R2
76.05,Herbaspirillum,R2,6.93,Herbaspirillum | R2
77.05,Herbaspirillum,R2,6.91,Herbaspirillum | R2
78.05,Herbaspirillum,R2,6.92,Herbaspirillum | R2
79.05,Herbaspirillum,R2,6.91,Herbaspirillum | R2
80.05,Herbaspirillum,R2,6.9,Herbaspirillum | R2
81.05,Herbaspirillum,R2,6.9,Herbaspirillum | R2
82.05,Herbaspirillum,R2,6.89,Herbaspirillum | R2
83.05,Herbaspirillum,R2,6.88,Herbaspirillum | R2
84.05,Herbaspirillum,R2,6.86,Herbaspirillum | R2
85.05,Herbaspirillum,R2,6.86,Herbaspirillum | R2
86.05,Herbaspirillum,R2,6.84,Herbaspirillum | R2
87.05,Herbaspirillum,R2,6.84,Herbaspirillum | R2
88.05,Herbaspirillum,R2,6.83,Herbaspirillum | R2
89.05,Herbaspirillum,R2,6.82,Herbaspirillum | R2
90.05,Herbaspirillum,R2,6.81,Herbaspirillum | R2
91.05,Herbaspirillum,R2,6.78,Herbaspirillum | R2
92.05,Herbaspirillum,R2,6.79,Herbaspirillum | R2
93.05,Herbaspirillum,R2,6.78,Herbaspirillum | R2
94.05,Herbaspirillum,R2,6.78,Herbaspirillum | R2
95.05,Herbaspirillum,R2,6.77,Herbaspirillum | R2
96.05,Herbaspirillum,R2,6.75,Herbaspirillum | R2
97.05,Herbaspirillum,R2,6.74,Herbaspirillum | R2
98.05,Herbaspirillum,R2,6.72,Herbaspirillum | R2
99.05,Herbaspirillum,R2,6.71,Herbaspirillum | R2
100.05,Herbaspirillum,R2,6.7,Herbaspirillum | R2
101.05,Herbaspirillum,R2,6.7,Herbaspirillum | R2
102.05,Herbaspirillum,R2,6.68,Herbaspirillum | R2
103.05,Herbaspirillum,R2,6.66,Herbaspirillum | R2
104.05,Herbaspirillum,R2,6.66,Herbaspirillum | R2
105.05,Herbaspirillum,R2,6.64,Herbaspirillum | R2
106.05,Herbaspirillum,R2,6.63,Herbaspirillum | R2
107.05,Herbaspirillum,R2,6.62,Herbaspirillum | R2
108.05,Herbaspirillum,R2,6.59,Herbaspirillum | R2
109.05,Herbaspirillum,R2,6.57,Herbaspirillum | R2
110.05,Herbaspirillum,R2,6.57,Herbaspirillum | R2
111.05,Herbaspirillum,R2,6.55,Herbaspirillum | R2
112.05,Herbaspirillum,R2,6.52,Herbaspirillum | R2
113.05,Herbaspirillum,R2,6.51,Herbaspirillum | R2
114.05,Herbaspirillum,R2,6.5,Herbaspirillum | R2
115.05,Herbaspirillum,R2,6.48,Herbaspirillum | R2
116.05,Herbaspirillum,R2,6.47,Herbaspirillum | R2
117.05,Herbaspirillum,R2,6.43,Herbaspirillum | R2
118.05,Herbaspirillum,R2,6.43,Herbaspirillum | R2
119.05,Herbaspirillum,R2,6.42,Herbaspirillum | R2
120.05,Herbaspirillum,R2,6.39,Herbaspirillum | R2
121.05,Herbaspirillum,R2,6.39,Herbaspirillum | R2
122.05,Herbaspirillum,R2,6.35,Herbaspirillum | R2
123.05,Herbaspirillum,R2,6.33,Herbaspirillum | R2
124.05,Herbaspirillum,R2,6.32,Herbaspirillum | R2
125.05,Herbaspirillum,R2,6.3,Herbaspirillum | R2
126.05,Herbaspirillum,R2,6.26,Herbaspirillum | R2
127.05,Herbaspirillum,R2,6.26,Herbaspirillum | R2
128.05,Herbaspirillum,R2,6.22,Herbaspirillum | R2
129.05,Herbaspirillum,R2,6.2,Herbaspirillum | R2
130.05,Herbaspirillum,R2,6.18,Herbaspirillum | R2
131.05,Herbaspirillum,R2,6.15,Herbaspirillum | R2
132.05,Herbaspirillum,R2,6.12,Herbaspirillum | R2
133.05,Herbaspirillum,R2,6.1,Herbaspirillum | R2
134.05,Herbaspirillum,R2,6.07,Herbaspirillum | R2
135.05,Herbaspirillum,R2,6.04,Herbaspirillum | R2
136.05,Herbaspirillum,R2,6.03,Herbaspirillum | R2
137.05,Herbaspirillum,R2,6,Herbaspirillum | R2
138.05,Herbaspirillum,R2,5.97,Herbaspirillum | R2
139.05,Herbaspirillum,R2,5.93,Herbaspirillum | R2
140.05,Herbaspirillum,R2,5.9,Herbaspirillum | R2
141.05,Herbaspirillum,R2,5.88,Herbaspirillum | R2
142.05,Herbaspirillum,R2,5.85,Herbaspirillum | R2
143.05,Herbaspirillum,R2,5.8,Herbaspirillum | R2
144.05,Herbaspirillum,R2,5.78,Herbaspirillum | R2
145.05,Herbaspirillum,R2,5.74,Herbaspirillum | R2
146.05,Herbaspirillum,R2,5.7,Herbaspirillum | R2
147.05,Herbaspirillum,R2,5.68,Herbaspirillum | R2
148.05,Herbaspirillum,R2,5.64,Herbaspirillum | R2
149.05,Herbaspirillum,R2,5.61,Herbaspirillum | R2
150.05,Herbaspirillum,R2,5.57,Herbaspirillum | R2
151.05,Herbaspirillum,R2,5.54,Herbaspirillum | R2
152.05,Herbaspirillum,R2,5.48,Herbaspirillum | R2
153.05,Herbaspirillum,R2,5.44,Herbaspirillum | R2
154.05,Herbaspirillum,R2,5.41,Herbaspirillum | R2
155.05,Herbaspirillum,R2,5.37,Herbaspirillum | R2
156.05,Herbaspirillum,R2,5.32,Herbaspirillum | R2
157.05,Herbaspirillum,R2,5.27,Herbaspirillum | R2
158.05,Herbaspirillum,R2,5.25,Herbaspirillum | R2
159.05,Herbaspirillum,R2,5.19,Herbaspirillum | R2
160.05,Herbaspirillum,R2,5.13,Herbaspirillum | R2
161.05,Herbaspirillum,R2,5.1,Herbaspirillum | R2
162.05,Herbaspirillum,R2,5.04,Herbaspirillum | R2
163.05,Herbaspirillum,R2,4.99,Herbaspirillum | R2
164.05,Herbaspirillum,R2,4.95,Herbaspirillum | R2
165.05,Herbaspirillum,R2,4.9,Herbaspirillum | R2
166.05,Herbaspirillum,R2,4.85,Herbaspirillum | R2
167.05,Herbaspirillum,R2,4.78,Herbaspirillum | R2
168.05,Herbaspirillum,R2,4.72,Herbaspirillum | R2
169.05,Herbaspirillum,R2,4.68,Herbaspirillum | R2
170.05,Herbaspirillum,R2,4.62,Herbaspirillum | R2
171.05,Herbaspirillum,R2,4.56,Herbaspirillum | R2
172.05,Herbaspirillum,R2,4.49,Herbaspirillum | R2
173.05,Herbaspirillum,R2,4.42,Herbaspirillum | R2
174.05,Herbaspirillum,R2,4.36,Herbaspirillum | R2
175.05,Herbaspirillum,R2,4.3,Herbaspirillum | R2
176.05,Herbaspirillum,R2,4.23,Herbaspirillum | R2
177.05,Herbaspirillum,R2,4.17,Herbaspirillum | R2
178.05,Herbaspirillum,R2,4.08,Herbaspirillum | R2
179.05,Herbaspirillum,R2,4.02,Herbaspirillum | R2
180.05,Herbaspirillum,R2,3.94,Herbaspirillum | R2
181.05,Herbaspirillum,R2,3.86,Herbaspirillum | R2
182.05,Herbaspirillum,R2,3.79,Herbaspirillum | R2
183.05,Herbaspirillum,R2,3.71,Herbaspirillum | R2
184.05,Herbaspirillum,R2,3.63,Herbaspirillum | R2
185.05,Herbaspirillum,R2,3.56,Herbaspirillum | R2
186.05,Herbaspirillum,R2,3.47,Herbaspirillum | R2
187.05,Herbaspirillum,R2,3.37,Herbaspirillum | R2
188.05,Herbaspirillum,R2,3.3,Herbaspirillum | R2
189.05,Herbaspirillum,R2,3.2,Herbaspirillum | R2
190.05,Herbaspirillum,R2,3.11,Herbaspirillum | R2
191.05,Herbaspirillum,R2,3.02,Herbaspirillum | R2
192.05,Herbaspirillum,R2,2.91,Herbaspirillum | R2
193.05,Herbaspirillum,R2,2.82,Herbaspirillum | R2
194.05,Herbaspirillum,R2,2.72,Herbaspirillum | R2
195.05,Herbaspirillum,R2,2.61,Herbaspirillum | R2
196.05,Herbaspirillum,R2,2.51,Herbaspirillum | R2
197.05,Herbaspirillum,R2,2.4,Herbaspirillum | R2
0.03,Herbaspirillum,R3,4.94,Herbaspirillum | R3
1.03,Herbaspirillum,R3,4.97,Herbaspirillum | R3
2.03,Herbaspirillum,R3,4.98,Herbaspirillum | R3
3.03,Herbaspirillum,R3,5.01,Herbaspirillum | R3
4.03,Herbaspirillum,R3,5.06,Herbaspirillum | R3
5.03,Herbaspirillum,R3,5.09,Herbaspirillum | R3
6.03,Herbaspirillum,R3,5.13,Herbaspirillum | R3
7.03,Herbaspirillum,R3,5.18,Herbaspirillum | R3
8.03,Herbaspirillum,R3,5.21,Herbaspirillum | R3
9.03,Herbaspirillum,R3,5.25,Herbaspirillum | R3
10.03,Herbaspirillum,R3,5.29,Herbaspirillum | R3
11.03,Herbaspirillum,R3,5.33,Herbaspirillum | R3
12.03,Herbaspirillum,R3,5.38,Herbaspirillum | R3
13.03,Herbaspirillum,R3,5.41,Herbaspirillum | R3
14.03,Herbaspirillum,R3,5.46,Herbaspirillum | R3
15.03,Herbaspirillum,R3,5.49,Herbaspirillum | R3
16.03,Herbaspirillum,R3,5.55,Herbaspirillum | R3
17.03,Herbaspirillum,R3,5.6,Herbaspirillum | R3
18.03,Herbaspirillum,R3,5.62,Herbaspirillum | R3
19.03,Herbaspirillum,R3,5.66,Herbaspirillum | R3
20.03,Herbaspirillum,R3,5.69,Herbaspirillum | R3
21.03,Herbaspirillum,R3,5.73,Herbaspirillum | R3
22.03,Herbaspirillum,R3,5.76,Herbaspirillum | R3
23.03,Herbaspirillum,R3,5.78,Herbaspirillum | R3
24.03,Herbaspirillum,R3,5.82,Herbaspirillum | R3
25.03,Herbaspirillum,R3,5.85,Herbaspirillum | R3
26.03,Herbaspirillum,R3,5.88,Herbaspirillum | R3
27.03,Herbaspirillum,R3,5.9,Herbaspirillum | R3
28.03,Herbaspirillum,R3,5.93,Herbaspirillum | R3
29.03,Herbaspirillum,R3,5.95,Herbaspirillum | R3
30.03,Herbaspirillum,R3,5.97,Herbaspirillum | R3
31.03,Herbaspirillum,R3,5.99,Herbaspirillum | R3
32.03,Herbaspirillum,R3,6.02,Herbaspirillum | R3
33.03,Herbaspirillum,R3,6.03,Herbaspirillum | R3
34.03,Herbaspirillum,R3,6.07,Herbaspirillum | R3
35.03,Herbaspirillum,R3,6.09,Herbaspirillum | R3
36.03,Herbaspirillum,R3,6.1,Herbaspirillum | R3
37.03,Herbaspirillum,R3,6.14,Herbaspirillum | R3
38.03,Herbaspirillum,R3,6.14,Herbaspirillum | R3
39.03,Herbaspirillum,R3,6.17,Herbaspirillum | R3
40.03,Herbaspirillum,R3,6.18,Herbaspirillum | R3
41.03,Herbaspirillum,R3,6.21,Herbaspirillum | R3
42.03,Herbaspirillum,R3,6.21,Herbaspirillum | R3
43.03,Herbaspirillum,R3,6.22,Herbaspirillum | R3
44.03,Herbaspirillum,R3,6.23,Herbaspirillum | R3
45.03,Herbaspirillum,R3,6.24,Herbaspirillum | R3
46.03,Herbaspirillum,R3,6.27,Herbaspirillum | R3
47.03,Herbaspirillum,R3,6.28,Herbaspirillum | R3
48.03,Herbaspirillum,R3,6.29,Herbaspirillum | R3
49.03,Herbaspirillum,R3,6.29,Herbaspirillum | R3
50.05,Herbaspirillum,R3,6.3,Herbaspirillum | R3
51.05,Herbaspirillum,R3,6.32,Herbaspirillum | R3
52.05,Herbaspirillum,R3,6.32,Herbaspirillum | R3
53.05,Herbaspirillum,R3,6.33,Herbaspirillum | R3
54.05,Herbaspirillum,R3,6.35,Herbaspirillum | R3
55.05,Herbaspirillum,R3,6.35,Herbaspirillum | R3
56.05,Herbaspirillum,R3,6.35,Herbaspirillum | R3
57.05,Herbaspirillum,R3,6.37,Herbaspirillum | R3
58.05,Herbaspirillum,R3,6.36,Herbaspirillum | R3
59.05,Herbaspirillum,R3,6.37,Herbaspirillum | R3
60.05,Herbaspirillum,R3,6.37,Herbaspirillum | R3
61.05,Herbaspirillum,R3,6.37,Herbaspirillum | R3
62.05,Herbaspirillum,R3,6.4,Herbaspirillum | R3
63.05,Herbaspirillum,R3,6.39,Herbaspirillum | R3
64.05,Herbaspirillum,R3,6.39,Herbaspirillum | R3
65.05,Herbaspirillum,R3,6.39,Herbaspirillum | R3
66.05,Herbaspirillum,R3,6.41,Herbaspirillum | R3
67.05,Herbaspirillum,R3,6.4,Herbaspirillum | R3
68.05,Herbaspirillum,R3,6.41,Herbaspirillum | R3
69.05,Herbaspirillum,R3,6.41,Herbaspirillum | R3
70.05,Herbaspirillum,R3,6.41,Herbaspirillum | R3
71.05,Herbaspirillum,R3,6.42,Herbaspirillum | R3
72.05,Herbaspirillum,R3,6.43,Herbaspirillum | R3
73.05,Herbaspirillum,R3,6.42,Herbaspirillum | R3
74.05,Herbaspirillum,R3,6.42,Herbaspirillum | R3
75.05,Herbaspirillum,R3,6.41,Herbaspirillum | R3
76.05,Herbaspirillum,R3,6.41,Herbaspirillum | R3
77.05,Herbaspirillum,R3,6.4,Herbaspirillum | R3
78.05,Herbaspirillum,R3,6.4,Herbaspirillum | R3
79.05,Herbaspirillum,R3,6.39,Herbaspirillum | R3
80.05,Herbaspirillum,R3,6.38,Herbaspirillum | R3
81.05,Herbaspirillum,R3,6.38,Herbaspirillum | R3
82.05,Herbaspirillum,R3,6.38,Herbaspirillum | R3
83.05,Herbaspirillum,R3,6.37,Herbaspirillum | R3
84.05,Herbaspirillum,R3,6.36,Herbaspirillum | R3
85.05,Herbaspirillum,R3,6.35,Herbaspirillum | R3
86.05,Herbaspirillum,R3,6.34,Herbaspirillum | R3
87.05,Herbaspirillum,R3,6.34,Herbaspirillum | R3
88.05,Herbaspirillum,R3,6.33,Herbaspirillum | R3
89.05,Herbaspirillum,R3,6.32,Herbaspirillum | R3
90.05,Herbaspirillum,R3,6.32,Herbaspirillum | R3
91.05,Herbaspirillum,R3,6.31,Herbaspirillum | R3
92.05,Herbaspirillum,R3,6.3,Herbaspirillum | R3
93.05,Herbaspirillum,R3,6.3,Herbaspirillum | R3
94.05,Herbaspirillum,R3,6.29,Herbaspirillum | R3
95.05,Herbaspirillum,R3,6.29,Herbaspirillum | R3
96.05,Herbaspirillum,R3,6.28,Herbaspirillum | R3
97.05,Herbaspirillum,R3,6.26,Herbaspirillum | R3
98.05,Herbaspirillum,R3,6.26,Herbaspirillum | R3
99.05,Herbaspirillum,R3,6.24,Herbaspirillum | R3
100.05,Herbaspirillum,R3,6.24,Herbaspirillum | R3
101.05,Herbaspirillum,R3,6.22,Herbaspirillum | R3
102.05,Herbaspirillum,R3,6.21,Herbaspirillum | R3
103.05,Herbaspirillum,R3,6.21,Herbaspirillum | R3
104.05,Herbaspirillum,R3,6.2,Herbaspirillum | R3
105.05,Herbaspirillum,R3,6.19,Herbaspirillum | R3
106.05,Herbaspirillum,R3,6.17,Herbaspirillum | R3
107.05,Herbaspirillum,R3,6.16,Herbaspirillum | R3
108.05,Herbaspirillum,R3,6.15,Herbaspirillum | R3
109.05,Herbaspirillum,R3,6.14,Herbaspirillum | R3
110.05,Herbaspirillum,R3,6.13,Herbaspirillum | R3
111.05,Herbaspirillum,R3,6.12,Herbaspirillum | R3
112.05,Herbaspirillum,R3,6.11,Herbaspirillum | R3
113.05,Herbaspirillum,R3,6.09,Herbaspirillum | R3
114.05,Herbaspirillum,R3,6.08,Herbaspirillum | R3
115.05,Herbaspirillum,R3,6.06,Herbaspirillum | R3
116.05,Herbaspirillum,R3,6.05,Herbaspirillum | R3
117.05,Herbaspirillum,R3,6.04,Herbaspirillum | R3
118.05,Herbaspirillum,R3,6.03,Herbaspirillum | R3
119.05,Herbaspirillum,R3,6.01,Herbaspirillum | R3
120.05,Herbaspirillum,R3,6,Herbaspirillum | R3
121.05,Herbaspirillum,R3,6,Herbaspirillum | R3
122.05,Herbaspirillum,R3,5.97,Herbaspirillum | R3
123.05,Herbaspirillum,R3,5.96,Herbaspirillum | R3
124.05,Herbaspirillum,R3,5.94,Herbaspirillum | R3
125.05,Herbaspirillum,R3,5.92,Herbaspirillum | R3
126.05,Herbaspirillum,R3,5.9,Herbaspirillum | R3
127.05,Herbaspirillum,R3,5.88,Herbaspirillum | R3
128.05,Herbaspirillum,R3,5.87,Herbaspirillum | R3
129.05,Herbaspirillum,R3,5.85,Herbaspirillum | R3
130.05,Herbaspirillum,R3,5.83,Herbaspirillum | R3
131.05,Herbaspirillum,R3,5.82,Herbaspirillum | R3
132.05,Herbaspirillum,R3,5.79,Herbaspirillum | R3
133.05,Herbaspirillum,R3,5.78,Herbaspirillum | R3
134.05,Herbaspirillum,R3,5.74,Herbaspirillum | R3
135.05,Herbaspirillum,R3,5.73,Herbaspirillum | R3
136.05,Herbaspirillum,R3,5.7,Herbaspirillum | R3
137.05,Herbaspirillum,R3,5.7,Herbaspirillum | R3
138.05,Herbaspirillum,R3,5.67,Herbaspirillum | R3
139.05,Herbaspirillum,R3,5.66,Herbaspirillum | R3
140.05,Herbaspirillum,R3,5.63,Herbaspirillum | R3
141.05,Herbaspirillum,R3,5.6,Herbaspirillum | R3
142.05,Herbaspirillum,R3,5.58,Herbaspirillum | R3
143.05,Herbaspirillum,R3,5.55,Herbaspirillum | R3
144.05,Herbaspirillum,R3,5.53,Herbaspirillum | R3
145.05,Herbaspirillum,R3,5.5,Herbaspirillum | R3
146.05,Herbaspirillum,R3,5.48,Herbaspirillum | R3
147.05,Herbaspirillum,R3,5.46,Herbaspirillum | R3
148.05,Herbaspirillum,R3,5.42,Herbaspirillum | R3
149.05,Herbaspirillum,R3,5.4,Herbaspirillum | R3
150.05,Herbaspirillum,R3,5.37,Herbaspirillum | R3
151.05,Herbaspirillum,R3,5.34,Herbaspirillum | R3
152.05,Herbaspirillum,R3,5.31,Herbaspirillum | R3
153.05,Herbaspirillum,R3,5.28,Herbaspirillum | R3
154.05,Herbaspirillum,R3,5.25,Herbaspirillum | R3
155.05,Herbaspirillum,R3,5.21,Herbaspirillum | R3
156.05,Herbaspirillum,R3,5.19,Herbaspirillum | R3
157.05,Herbaspirillum,R3,5.15,Herbaspirillum | R3
158.05,Herbaspirillum,R3,5.11,Herbaspirillum | R3
159.05,Herbaspirillum,R3,5.08,Herbaspirillum | R3
160.05,Herbaspirillum,R3,5.04,Herbaspirillum | R3
161.05,Herbaspirillum,R3,5.01,Herbaspirillum | R3
162.05,Herbaspirillum,R3,4.97,Herbaspirillum | R3
163.05,Herbaspirillum,R3,4.93,Herbaspirillum | R3
164.05,Herbaspirillum,R3,4.91,Herbaspirillum | R3
165.05,Herbaspirillum,R3,4.86,Herbaspirillum | R3
166.05,Herbaspirillum,R3,4.82,Herbaspirillum | R3
167.05,Herbaspirillum,R3,4.77,Herbaspirillum | R3
168.05,Herbaspirillum,R3,4.74,Herbaspirillum | R3
169.05,Herbaspirillum,R3,4.69,Herbaspirillum | R3
170.05,Herbaspirillum,R3,4.65,Herbaspirillum | R3
171.05,Herbaspirillum,R3,4.61,Herbaspirillum | R3
172.05,Herbaspirillum,R3,4.56,Herbaspirillum | R3
173.05,Herbaspirillum,R3,4.51,Herbaspirillum | R3
174.05,Herbaspirillum,R3,4.46,Herbaspirillum | R3
175.05,Herbaspirillum,R3,4.4,Herbaspirillum | R3
176.05,Herbaspirillum,R3,4.36,Herbaspirillum | R3
177.05,Herbaspirillum,R3,4.3,Herbaspirillum | R3
178.05,Herbaspirillum,R3,4.25,Herbaspirillum | R3
179.05,Herbaspirillum,R3,4.2,Herbaspirillum | R3
180.05,Herbaspirillum,R3,4.14,Herbaspirillum | R3
181.05,Herbaspirillum,R3,4.09,Herbaspirillum | R3
182.05,Herbaspirillum,R3,4.02,Herbaspirillum | R3
183.05,Herbaspirillum,R3,3.97,Herbaspirillum | R3
184.05,Herbaspirillum,R3,3.91,Herbaspirillum | R3
185.05,Herbaspirillum,R3,3.85,Herbaspirillum | R3
186.05,Herbaspirillum,R3,3.78,Herbaspirillum | R3
187.05,Herbaspirillum,R3,3.71,Herbaspirillum | R3
188.05,Herbaspirillum,R3,3.64,Herbaspirillum | R3
189.05,Herbaspirillum,R3,3.58,Herbaspirillum | R3
190.05,Herbaspirillum,R3,3.51,Herbaspirillum | R3
191.05,Herbaspirillum,R3,3.44,Herbaspirillum | R3
192.05,Herbaspirillum,R3,3.38,Herbaspirillum | R3
193.05,Herbaspirillum,R3,3.29,Herbaspirillum | R3
194.05,Herbaspirillum,R3,3.22,Herbaspirillum | R3
195.05,Herbaspirillum,R3,3.14,Herbaspirillum | R3
196.05,Herbaspirillum,R3,3.05,Herbaspirillum | R3
197.05,Herbaspirillum,R3,2.98,Herbaspirillum | R3
0.03,Herbaspirillum,R4,4.57,Herbaspirillum | R4
1.03,Herbaspirillum,R4,4.52,Herbaspirillum | R4
2.03,Herbaspirillum,R4,4.53,Herbaspirillum | R4
3.03,Herbaspirillum,R4,4.55,Herbaspirillum | R4
4.03,Herbaspirillum,R4,4.6,Herbaspirillum | R4
5.03,Herbaspirillum,R4,4.63,Herbaspirillum | R4
6.03,Herbaspirillum,R4,4.67,Herbaspirillum | R4
7.03,Herbaspirillum,R4,4.72,Herbaspirillum | R4
8.03,Herbaspirillum,R4,4.76,Herbaspirillum | R4
9.03,Herbaspirillum,R4,4.81,Herbaspirillum | R4
10.03,Herbaspirillum,R4,4.84,Herbaspirillum | R4
11.03,Herbaspirillum,R4,4.87,Herbaspirillum | R4
12.03,Herbaspirillum,R4,4.91,Herbaspirillum | R4
13.03,Herbaspirillum,R4,4.95,Herbaspirillum | R4
14.03,Herbaspirillum,R4,5,Herbaspirillum | R4
15.03,Herbaspirillum,R4,5.02,Herbaspirillum | R4
16.03,Herbaspirillum,R4,5.06,Herbaspirillum | R4
17.03,Herbaspirillum,R4,5.08,Herbaspirillum | R4
18.03,Herbaspirillum,R4,5.12,Herbaspirillum | R4
19.03,Herbaspirillum,R4,5.15,Herbaspirillum | R4
20.03,Herbaspirillum,R4,5.18,Herbaspirillum | R4
21.03,Herbaspirillum,R4,5.2,Herbaspirillum | R4
22.03,Herbaspirillum,R4,5.23,Herbaspirillum | R4
23.03,Herbaspirillum,R4,5.26,Herbaspirillum | R4
24.03,Herbaspirillum,R4,5.27,Herbaspirillum | R4
25.03,Herbaspirillum,R4,5.31,Herbaspirillum | R4
26.03,Herbaspirillum,R4,5.34,Herbaspirillum | R4
27.03,Herbaspirillum,R4,5.34,Herbaspirillum | R4
28.03,Herbaspirillum,R4,5.37,Herbaspirillum | R4
29.03,Herbaspirillum,R4,5.38,Herbaspirillum | R4
30.03,Herbaspirillum,R4,5.41,Herbaspirillum | R4
31.03,Herbaspirillum,R4,5.42,Herbaspirillum | R4
32.03,Herbaspirillum,R4,5.44,Herbaspirillum | R4
33.03,Herbaspirillum,R4,5.46,Herbaspirillum | R4
34.03,Herbaspirillum,R4,5.48,Herbaspirillum | R4
35.03,Herbaspirillum,R4,5.5,Herbaspirillum | R4
36.03,Herbaspirillum,R4,5.51,Herbaspirillum | R4
37.03,Herbaspirillum,R4,5.53,Herbaspirillum | R4
38.03,Herbaspirillum,R4,5.53,Herbaspirillum | R4
39.03,Herbaspirillum,R4,5.56,Herbaspirillum | R4
40.03,Herbaspirillum,R4,5.57,Herbaspirillum | R4
41.03,Herbaspirillum,R4,5.58,Herbaspirillum | R4
42.03,Herbaspirillum,R4,5.59,Herbaspirillum | R4
43.03,Herbaspirillum,R4,5.6,Herbaspirillum | R4
44.03,Herbaspirillum,R4,5.6,Herbaspirillum | R4
45.03,Herbaspirillum,R4,5.62,Herbaspirillum | R4
46.03,Herbaspirillum,R4,5.62,Herbaspirillum | R4
47.03,Herbaspirillum,R4,5.64,Herbaspirillum | R4
48.03,Herbaspirillum,R4,5.64,Herbaspirillum | R4
49.03,Herbaspirillum,R4,5.63,Herbaspirillum | R4
50.05,Herbaspirillum,R4,5.65,Herbaspirillum | R4
51.05,Herbaspirillum,R4,5.65,Herbaspirillum | R4
52.05,Herbaspirillum,R4,5.66,Herbaspirillum | R4
53.05,Herbaspirillum,R4,5.67,Herbaspirillum | R4
54.05,Herbaspirillum,R4,5.68,Herbaspirillum | R4
55.05,Herbaspirillum,R4,5.68,Herbaspirillum | R4
56.05,Herbaspirillum,R4,5.68,Herbaspirillum | R4
57.05,Herbaspirillum,R4,5.67,Herbaspirillum | R4
58.05,Herbaspirillum,R4,5.66,Herbaspirillum | R4
59.05,Herbaspirillum,R4,5.65,Herbaspirillum | R4
60.05,Herbaspirillum,R4,5.65,Herbaspirillum | R4
61.05,Herbaspirillum,R4,5.64,Herbaspirillum | R4
62.05,Herbaspirillum,R4,5.63,Herbaspirillum | R4
63.05,Herbaspirillum,R4,5.64,Herbaspirillum | R4
64.05,Herbaspirillum,R4,5.64,Herbaspirillum | R4
65.05,Herbaspirillum,R4,5.61,Herbaspirillum | R4
66.05,Herbaspirillum,R4,5.6,Herbaspirillum | R4
67.05,Herbaspirillum,R4,5.6,Herbaspirillum | R4
68.05,Herbaspirillum,R4,5.6,Herbaspirillum | R4
69.05,Herbaspirillum,R4,5.59,Herbaspirillum | R4
70.05,Herbaspirillum,R4,5.59,Herbaspirillum | R4
71.05,Herbaspirillum,R4,5.58,Herbaspirillum | R4
72.05,Herbaspirillum,R4,5.58,Herbaspirillum | R4
73.05,Herbaspirillum,R4,5.57,Herbaspirillum | R4
74.05,Herbaspirillum,R4,5.56,Herbaspirillum | R4
75.05,Herbaspirillum,R4,5.56,Herbaspirillum | R4
76.05,Herbaspirillum,R4,5.55,Herbaspirillum | R4
77.05,Herbaspirillum,R4,5.53,Herbaspirillum | R4
78.05,Herbaspirillum,R4,5.54,Herbaspirillum | R4
79.05,Herbaspirillum,R4,5.52,Herbaspirillum | R4
80.05,Herbaspirillum,R4,5.52,Herbaspirillum | R4
81.05,Herbaspirillum,R4,5.51,Herbaspirillum | R4
82.05,Herbaspirillum,R4,5.5,Herbaspirillum | R4
83.05,Herbaspirillum,R4,5.5,Herbaspirillum | R4
84.05,Herbaspirillum,R4,5.48,Herbaspirillum | R4
85.05,Herbaspirillum,R4,5.48,Herbaspirillum | R4
86.05,Herbaspirillum,R4,5.46,Herbaspirillum | R4
87.05,Herbaspirillum,R4,5.44,Herbaspirillum | R4
88.05,Herbaspirillum,R4,5.44,Herbaspirillum | R4
89.05,Herbaspirillum,R4,5.43,Herbaspirillum | R4
90.05,Herbaspirillum,R4,5.41,Herbaspirillum | R4
91.05,Herbaspirillum,R4,5.4,Herbaspirillum | R4
92.05,Herbaspirillum,R4,5.39,Herbaspirillum | R4
93.05,Herbaspirillum,R4,5.39,Herbaspirillum | R4
94.05,Herbaspirillum,R4,5.38,Herbaspirillum | R4
95.05,Herbaspirillum,R4,5.37,Herbaspirillum | R4
96.05,Herbaspirillum,R4,5.36,Herbaspirillum | R4
97.05,Herbaspirillum,R4,5.34,Herbaspirillum | R4
98.05,Herbaspirillum,R4,5.32,Herbaspirillum | R4
99.05,Herbaspirillum,R4,5.32,Herbaspirillum | R4
100.05,Herbaspirillum,R4,5.31,Herbaspirillum | R4
101.05,Herbaspirillum,R4,5.29,Herbaspirillum | R4
102.05,Herbaspirillum,R4,5.27,Herbaspirillum | R4
103.05,Herbaspirillum,R4,5.27,Herbaspirillum | R4
104.05,Herbaspirillum,R4,5.24,Herbaspirillum | R4
105.05,Herbaspirillum,R4,5.23,Herbaspirillum | R4
106.05,Herbaspirillum,R4,5.23,Herbaspirillum | R4
107.05,Herbaspirillum,R4,5.21,Herbaspirillum | R4
108.05,Herbaspirillum,R4,5.18,Herbaspirillum | R4
109.05,Herbaspirillum,R4,5.18,Herbaspirillum | R4
110.05,Herbaspirillum,R4,5.15,Herbaspirillum | R4
111.05,Herbaspirillum,R4,5.15,Herbaspirillum | R4
112.05,Herbaspirillum,R4,5.12,Herbaspirillum | R4
113.05,Herbaspirillum,R4,5.11,Herbaspirillum | R4
114.05,Herbaspirillum,R4,5.08,Herbaspirillum | R4
115.05,Herbaspirillum,R4,5.07,Herbaspirillum | R4
116.05,Herbaspirillum,R4,5.05,Herbaspirillum | R4
117.05,Herbaspirillum,R4,5.05,Herbaspirillum | R4
118.05,Herbaspirillum,R4,5.02,Herbaspirillum | R4
119.05,Herbaspirillum,R4,4.99,Herbaspirillum | R4
120.05,Herbaspirillum,R4,4.97,Herbaspirillum | R4
121.05,Herbaspirillum,R4,4.95,Herbaspirillum | R4
122.05,Herbaspirillum,R4,4.93,Herbaspirillum | R4
123.05,Herbaspirillum,R4,4.92,Herbaspirillum | R4
124.05,Herbaspirillum,R4,4.9,Herbaspirillum | R4
125.05,Herbaspirillum,R4,4.87,Herbaspirillum | R4
126.05,Herbaspirillum,R4,4.86,Herbaspirillum | R4
127.05,Herbaspirillum,R4,4.81,Herbaspirillum | R4
128.05,Herbaspirillum,R4,4.81,Herbaspirillum | R4
129.05,Herbaspirillum,R4,4.78,Herbaspirillum | R4
130.05,Herbaspirillum,R4,4.76,Herbaspirillum | R4
131.05,Herbaspirillum,R4,4.74,Herbaspirillum | R4
132.05,Herbaspirillum,R4,4.71,Herbaspirillum | R4
133.05,Herbaspirillum,R4,4.68,Herbaspirillum | R4
134.05,Herbaspirillum,R4,4.66,Herbaspirillum | R4
135.05,Herbaspirillum,R4,4.64,Herbaspirillum | R4
136.05,Herbaspirillum,R4,4.58,Herbaspirillum | R4
137.05,Herbaspirillum,R4,4.57,Herbaspirillum | R4
138.05,Herbaspirillum,R4,4.55,Herbaspirillum | R4
139.05,Herbaspirillum,R4,4.52,Herbaspirillum | R4
140.05,Herbaspirillum,R4,4.47,Herbaspirillum | R4
141.05,Herbaspirillum,R4,4.45,Herbaspirillum | R4
142.05,Herbaspirillum,R4,4.41,Herbaspirillum | R4
143.05,Herbaspirillum,R4,4.38,Herbaspirillum | R4
144.05,Herbaspirillum,R4,4.34,Herbaspirillum | R4
145.05,Herbaspirillum,R4,4.31,Herbaspirillum | R4
146.05,Herbaspirillum,R4,4.28,Herbaspirillum | R4
147.05,Herbaspirillum,R4,4.24,Herbaspirillum | R4
148.05,Herbaspirillum,R4,4.2,Herbaspirillum | R4
149.05,Herbaspirillum,R4,4.18,Herbaspirillum | R4
150.05,Herbaspirillum,R4,4.13,Herbaspirillum | R4
151.05,Herbaspirillum,R4,4.11,Herbaspirillum | R4
152.05,Herbaspirillum,R4,4.06,Herbaspirillum | R4
153.05,Herbaspirillum,R4,4.02,Herbaspirillum | R4
154.05,Herbaspirillum,R4,3.97,Herbaspirillum | R4
155.05,Herbaspirillum,R4,3.94,Herbaspirillum | R4
156.05,Herbaspirillum,R4,3.88,Herbaspirillum | R4
157.05,Herbaspirillum,R4,3.85,Herbaspirillum | R4
158.05,Herbaspirillum,R4,3.8,Herbaspirillum | R4
159.05,Herbaspirillum,R4,3.75,Herbaspirillum | R4
160.05,Herbaspirillum,R4,3.71,Herbaspirillum | R4
161.05,Herbaspirillum,R4,3.66,Herbaspirillum | R4
162.05,Herbaspirillum,R4,3.61,Herbaspirillum | R4
163.05,Herbaspirillum,R4,3.56,Herbaspirillum | R4
164.05,Herbaspirillum,R4,3.5,Herbaspirillum | R4
165.05,Herbaspirillum,R4,3.45,Herbaspirillum | R4
166.05,Herbaspirillum,R4,3.4,Herbaspirillum | R4
167.05,Herbaspirillum,R4,3.35,Herbaspirillum | R4
168.05,Herbaspirillum,R4,3.29,Herbaspirillum | R4
169.05,Herbaspirillum,R4,3.23,Herbaspirillum | R4
170.05,Herbaspirillum,R4,3.18,Herbaspirillum | R4
171.05,Herbaspirillum,R4,3.12,Herbaspirillum | R4
172.05,Herbaspirillum,R4,3.05,Herbaspirillum | R4
173.05,Herbaspirillum,R4,3,Herbaspirillum | R4
174.05,Herbaspirillum,R4,2.93,Herbaspirillum | R4
175.05,Herbaspirillum,R4,2.87,Herbaspirillum | R4
176.05,Herbaspirillum,R4,2.79,Herbaspirillum | R4
177.05,Herbaspirillum,R4,2.73,Herbaspirillum | R4
178.05,Herbaspirillum,R4,2.66,Herbaspirillum | R4
179.05,Herbaspirillum,R4,2.58,Herbaspirillum | R4
180.05,Herbaspirillum,R4,2.5,Herbaspirillum | R4
181.05,Herbaspirillum,R4,2.43,Herbaspirillum | R4
182.05,Herbaspirillum,R4,2.36,Herbaspirillum | R4
183.05,Herbaspirillum,R4,2.29,Herbaspirillum | R4
184.05,Herbaspirillum,R4,2.2,Herbaspirillum | R4
185.05,Herbaspirillum,R4,2.12,Herbaspirillum | R4
186.05,Herbaspirillum,R4,2.05,Herbaspirillum | R4
187.05,Herbaspirillum,R4,1.96,Herbaspirillum | R4
188.05,Herbaspirillum,R4,1.87,Herbaspirillum | R4
189.05,Herbaspirillum,R4,1.79,Herbaspirillum | R4
190.05,Herbaspirillum,R4,1.68,Herbaspirillum | R4
191.05,Herbaspirillum,R4,1.6,Herbaspirillum | R4
192.05,Herbaspirillum,R4,1.51,Herbaspirillum | R4
193.05,Herbaspirillum,R4,1.4,Herbaspirillum | R4
194.05,Herbaspirillum,R4,1.31,Herbaspirillum | R4
195.05,Herbaspirillum,R4,1.21,Herbaspirillum | R4
196.05,Herbaspirillum,R4,1.09,Herbaspirillum | R4
197.05,Herbaspirillum,R4,1,Herbaspirillum | R4
0.03,Herbaspirillum,R5,4.99,Herbaspirillum | R5
1.03,Herbaspirillum,R5,4.94,Herbaspirillum | R5
2.03,Herbaspirillum,R5,4.94,Herbaspirillum | R5
3.03,Herbaspirillum,R5,4.98,Herbaspirillum | R5
4.03,Herbaspirillum,R5,5.01,Herbaspirillum | R5
5.03,Herbaspirillum,R5,5.06,Herbaspirillum | R5
6.03,Herbaspirillum,R5,5.11,Herbaspirillum | R5
7.03,Herbaspirillum,R5,5.17,Herbaspirillum | R5
8.03,Herbaspirillum,R5,5.21,Herbaspirillum | R5
9.03,Herbaspirillum,R5,5.26,Herbaspirillum | R5
10.03,Herbaspirillum,R5,5.3,Herbaspirillum | R5
11.03,Herbaspirillum,R5,5.34,Herbaspirillum | R5
12.03,Herbaspirillum,R5,5.39,Herbaspirillum | R5
13.03,Herbaspirillum,R5,5.41,Herbaspirillum | R5
14.03,Herbaspirillum,R5,5.47,Herbaspirillum | R5
15.03,Herbaspirillum,R5,5.49,Herbaspirillum | R5
16.03,Herbaspirillum,R5,5.53,Herbaspirillum | R5
17.03,Herbaspirillum,R5,5.56,Herbaspirillum | R5
18.03,Herbaspirillum,R5,5.6,Herbaspirillum | R5
19.03,Herbaspirillum,R5,5.62,Herbaspirillum | R5
20.03,Herbaspirillum,R5,5.63,Herbaspirillum | R5
21.03,Herbaspirillum,R5,5.68,Herbaspirillum | R5
22.03,Herbaspirillum,R5,5.72,Herbaspirillum | R5
23.03,Herbaspirillum,R5,5.73,Herbaspirillum | R5
24.03,Herbaspirillum,R5,5.75,Herbaspirillum | R5
25.03,Herbaspirillum,R5,5.76,Herbaspirillum | R5
26.03,Herbaspirillum,R5,5.8,Herbaspirillum | R5
27.03,Herbaspirillum,R5,5.81,Herbaspirillum | R5
28.03,Herbaspirillum,R5,5.84,Herbaspirillum | R5
29.03,Herbaspirillum,R5,5.85,Herbaspirillum | R5
30.03,Herbaspirillum,R5,5.87,Herbaspirillum | R5
31.03,Herbaspirillum,R5,5.87,Herbaspirillum | R5
32.03,Herbaspirillum,R5,5.9,Herbaspirillum | R5
33.03,Herbaspirillum,R5,5.92,Herbaspirillum | R5
34.03,Herbaspirillum,R5,5.94,Herbaspirillum | R5
35.03,Herbaspirillum,R5,5.95,Herbaspirillum | R5
36.03,Herbaspirillum,R5,5.97,Herbaspirillum | R5
37.03,Herbaspirillum,R5,5.98,Herbaspirillum | R5
38.03,Herbaspirillum,R5,5.98,Herbaspirillum | R5
39.03,Herbaspirillum,R5,6,Herbaspirillum | R5
40.03,Herbaspirillum,R5,6.01,Herbaspirillum | R5
41.03,Herbaspirillum,R5,6.02,Herbaspirillum | R5
42.03,Herbaspirillum,R5,6.02,Herbaspirillum | R5
43.03,Herbaspirillum,R5,6.03,Herbaspirillum | R5
44.03,Herbaspirillum,R5,6.03,Herbaspirillum | R5
45.03,Herbaspirillum,R5,6.04,Herbaspirillum | R5
46.03,Herbaspirillum,R5,6.04,Herbaspirillum | R5
47.03,Herbaspirillum,R5,6.06,Herbaspirillum | R5
48.03,Herbaspirillum,R5,6.06,Herbaspirillum | R5
49.03,Herbaspirillum,R5,6.07,Herbaspirillum | R5
50.05,Herbaspirillum,R5,6.07,Herbaspirillum | R5
51.05,Herbaspirillum,R5,6.07,Herbaspirillum | R5
52.05,Herbaspirillum,R5,6.08,Herbaspirillum | R5
53.05,Herbaspirillum,R5,6.08,Herbaspirillum | R5
54.05,Herbaspirillum,R5,6.1,Herbaspirillum | R5
55.05,Herbaspirillum,R5,6.1,Herbaspirillum | R5
56.05,Herbaspirillum,R5,6.09,Herbaspirillum | R5
57.05,Herbaspirillum,R5,6.08,Herbaspirillum | R5
58.05,Herbaspirillum,R5,6.08,Herbaspirillum | R5
59.05,Herbaspirillum,R5,6.07,Herbaspirillum | R5
60.05,Herbaspirillum,R5,6.07,Herbaspirillum | R5
61.05,Herbaspirillum,R5,6.06,Herbaspirillum | R5
62.05,Herbaspirillum,R5,6.06,Herbaspirillum | R5
63.05,Herbaspirillum,R5,6.05,Herbaspirillum | R5
64.05,Herbaspirillum,R5,6.05,Herbaspirillum | R5
65.05,Herbaspirillum,R5,6.04,Herbaspirillum | R5
66.05,Herbaspirillum,R5,6.04,Herbaspirillum | R5
67.05,Herbaspirillum,R5,6.03,Herbaspirillum | R5
68.05,Herbaspirillum,R5,6.02,Herbaspirillum | R5
69.05,Herbaspirillum,R5,6.02,Herbaspirillum | R5
70.05,Herbaspirillum,R5,6.01,Herbaspirillum | R5
71.05,Herbaspirillum,R5,6,Herbaspirillum | R5
72.05,Herbaspirillum,R5,5.99,Herbaspirillum | R5
73.05,Herbaspirillum,R5,5.98,Herbaspirillum | R5
74.05,Herbaspirillum,R5,5.97,Herbaspirillum | R5
75.05,Herbaspirillum,R5,5.97,Herbaspirillum | R5
76.05,Herbaspirillum,R5,5.96,Herbaspirillum | R5
77.05,Herbaspirillum,R5,5.96,Herbaspirillum | R5
78.05,Herbaspirillum,R5,5.95,Herbaspirillum | R5
79.05,Herbaspirillum,R5,5.93,Herbaspirillum | R5
80.05,Herbaspirillum,R5,5.92,Herbaspirillum | R5
81.05,Herbaspirillum,R5,5.92,Herbaspirillum | R5
82.05,Herbaspirillum,R5,5.91,Herbaspirillum | R5
83.05,Herbaspirillum,R5,5.91,Herbaspirillum | R5
84.05,Herbaspirillum,R5,5.9,Herbaspirillum | R5
85.05,Herbaspirillum,R5,5.88,Herbaspirillum | R5
86.05,Herbaspirillum,R5,5.88,Herbaspirillum | R5
87.05,Herbaspirillum,R5,5.86,Herbaspirillum | R5
88.05,Herbaspirillum,R5,5.86,Herbaspirillum | R5
89.05,Herbaspirillum,R5,5.85,Herbaspirillum | R5
90.05,Herbaspirillum,R5,5.84,Herbaspirillum | R5
91.05,Herbaspirillum,R5,5.84,Herbaspirillum | R5
92.05,Herbaspirillum,R5,5.82,Herbaspirillum | R5
93.05,Herbaspirillum,R5,5.8,Herbaspirillum | R5
94.05,Herbaspirillum,R5,5.8,Herbaspirillum | R5
95.05,Herbaspirillum,R5,5.79,Herbaspirillum | R5
96.05,Herbaspirillum,R5,5.78,Herbaspirillum | R5
97.05,Herbaspirillum,R5,5.76,Herbaspirillum | R5
98.05,Herbaspirillum,R5,5.74,Herbaspirillum | R5
99.05,Herbaspirillum,R5,5.74,Herbaspirillum | R5
100.05,Herbaspirillum,R5,5.74,Herbaspirillum | R5
101.05,Herbaspirillum,R5,5.72,Herbaspirillum | R5
102.05,Herbaspirillum,R5,5.71,Herbaspirillum | R5
103.05,Herbaspirillum,R5,5.69,Herbaspirillum | R5
104.05,Herbaspirillum,R5,5.68,Herbaspirillum | R5
105.05,Herbaspirillum,R5,5.67,Herbaspirillum | R5
106.05,Herbaspirillum,R5,5.66,Herbaspirillum | R5
107.05,Herbaspirillum,R5,5.64,Herbaspirillum | R5
108.05,Herbaspirillum,R5,5.62,Herbaspirillum | R5
109.05,Herbaspirillum,R5,5.6,Herbaspirillum | R5
110.05,Herbaspirillum,R5,5.58,Herbaspirillum | R5
111.05,Herbaspirillum,R5,5.57,Herbaspirillum | R5
112.05,Herbaspirillum,R5,5.57,Herbaspirillum | R5
113.05,Herbaspirillum,R5,5.54,Herbaspirillum | R5
114.05,Herbaspirillum,R5,5.52,Herbaspirillum | R5
115.05,Herbaspirillum,R5,5.52,Herbaspirillum | R5
116.05,Herbaspirillum,R5,5.49,Herbaspirillum | R5
117.05,Herbaspirillum,R5,5.47,Herbaspirillum | R5
118.05,Herbaspirillum,R5,5.46,Herbaspirillum | R5
119.05,Herbaspirillum,R5,5.43,Herbaspirillum | R5
120.05,Herbaspirillum,R5,5.43,Herbaspirillum | R5
121.05,Herbaspirillum,R5,5.41,Herbaspirillum | R5
122.05,Herbaspirillum,R5,5.39,Herbaspirillum | R5
123.05,Herbaspirillum,R5,5.36,Herbaspirillum | R5
124.05,Herbaspirillum,R5,5.35,Herbaspirillum | R5
125.05,Herbaspirillum,R5,5.33,Herbaspirillum | R5
126.05,Herbaspirillum,R5,5.31,Herbaspirillum | R5
127.05,Herbaspirillum,R5,5.28,Herbaspirillum | R5
128.05,Herbaspirillum,R5,5.26,Herbaspirillum | R5
129.05,Herbaspirillum,R5,5.23,Herbaspirillum | R5
130.05,Herbaspirillum,R5,5.22,Herbaspirillum | R5
131.05,Herbaspirillum,R5,5.19,Herbaspirillum | R5
132.05,Herbaspirillum,R5,5.18,Herbaspirillum | R5
133.05,Herbaspirillum,R5,5.16,Herbaspirillum | R5
134.05,Herbaspirillum,R5,5.12,Herbaspirillum | R5
135.05,Herbaspirillum,R5,5.1,Herbaspirillum | R5
136.05,Herbaspirillum,R5,5.08,Herbaspirillum | R5
137.05,Herbaspirillum,R5,5.05,Herbaspirillum | R5
138.05,Herbaspirillum,R5,5.03,Herbaspirillum | R5
139.05,Herbaspirillum,R5,5,Herbaspirillum | R5
140.05,Herbaspirillum,R5,4.97,Herbaspirillum | R5
141.05,Herbaspirillum,R5,4.95,Herbaspirillum | R5
142.05,Herbaspirillum,R5,4.91,Herbaspirillum | R5
143.05,Herbaspirillum,R5,4.9,Herbaspirillum | R5
144.05,Herbaspirillum,R5,4.85,Herbaspirillum | R5
145.05,Herbaspirillum,R5,4.83,Herbaspirillum | R5
146.05,Herbaspirillum,R5,4.79,Herbaspirillum | R5
147.05,Herbaspirillum,R5,4.77,Herbaspirillum | R5
148.05,Herbaspirillum,R5,4.73,Herbaspirillum | R5
149.05,Herbaspirillum,R5,4.7,Herbaspirillum | R5
150.05,Herbaspirillum,R5,4.66,Herbaspirillum | R5
151.05,Herbaspirillum,R5,4.63,Herbaspirillum | R5
152.05,Herbaspirillum,R5,4.59,Herbaspirillum | R5
153.05,Herbaspirillum,R5,4.56,Herbaspirillum | R5
154.05,Herbaspirillum,R5,4.54,Herbaspirillum | R5
155.05,Herbaspirillum,R5,4.51,Herbaspirillum | R5
156.05,Herbaspirillum,R5,4.45,Herbaspirillum | R5
157.05,Herbaspirillum,R5,4.42,Herbaspirillum | R5
158.05,Herbaspirillum,R5,4.38,Herbaspirillum | R5
159.05,Herbaspirillum,R5,4.34,Herbaspirillum | R5
160.05,Herbaspirillum,R5,4.3,Herbaspirillum | R5
161.05,Herbaspirillum,R5,4.26,Herbaspirillum | R5
162.05,Herbaspirillum,R5,4.22,Herbaspirillum | R5
163.05,Herbaspirillum,R5,4.17,Herbaspirillum | R5
164.05,Herbaspirillum,R5,4.14,Herbaspirillum | R5
165.05,Herbaspirillum,R5,4.09,Herbaspirillum | R5
166.05,Herbaspirillum,R5,4.03,Herbaspirillum | R5
167.05,Herbaspirillum,R5,4,Herbaspirillum | R5
168.05,Herbaspirillum,R5,3.95,Herbaspirillum | R5
169.05,Herbaspirillum,R5,3.9,Herbaspirillum | R5
170.05,Herbaspirillum,R5,3.85,Herbaspirillum | R5
171.05,Herbaspirillum,R5,3.81,Herbaspirillum | R5
172.05,Herbaspirillum,R5,3.74,Herbaspirillum | R5
173.05,Herbaspirillum,R5,3.7,Herbaspirillum | R5
174.05,Herbaspirillum,R5,3.64,Herbaspirillum | R5
175.05,Herbaspirillum,R5,3.58,Herbaspirillum | R5
176.05,Herbaspirillum,R5,3.53,Herbaspirillum | R5
177.05,Herbaspirillum,R5,3.48,Herbaspirillum | R5
178.05,Herbaspirillum,R5,3.42,Herbaspirillum | R5
179.05,Herbaspirillum,R5,3.37,Herbaspirillum | R5
180.05,Herbaspirillum,R5,3.3,Herbaspirillum | R5
181.05,Herbaspirillum,R5,3.24,Herbaspirillum | R5
182.05,Herbaspirillum,R5,3.17,Herbaspirillum | R5
183.05,Herbaspirillum,R5,3.11,Herbaspirillum | R5
184.05,Herbaspirillum,R5,3.05,Herbaspirillum | R5
185.05,Herbaspirillum,R5,2.97,Herbaspirillum | R5
186.05,Herbaspirillum,R5,2.92,Herbaspirillum | R5
187.05,Herbaspirillum,R5,2.86,Herbaspirillum | R5
188.05,Herbaspirillum,R5,2.78,Herbaspirillum | R5
189.05,Herbaspirillum,R5,2.71,Herbaspirillum | R5
190.05,Herbaspirillum,R5,2.64,Herbaspirillum | R5
191.05,Herbaspirillum,R5,2.56,Herbaspirillum | R5
192.05,Herbaspirillum,R5,2.48,Herbaspirillum | R5
193.05,Herbaspirillum,R5,2.4,Herbaspirillum | R5
194.05,Herbaspirillum,R5,2.32,Herbaspirillum | R5
195.05,Herbaspirillum,R5,2.24,Herbaspirillum | R5
196.05,Herbaspirillum,R5,2.17,Herbaspirillum | R5
197.05,Herbaspirillum,R5,2.08,Herbaspirillum | R5
0.03,Pseudomonas,R1,5.16,Pseudomonas | R1
1.05,Pseudomonas,R1,5.14,Pseudomonas | R1
2.05,Pseudomonas,R1,5.2,Pseudomonas | R1
3.05,Pseudomonas,R1,5.25,Pseudomonas | R1
4.05,Pseudomonas,R1,5.33,Pseudomonas | R1
5.05,Pseudomonas,R1,5.4,Pseudomonas | R1
6.05,Pseudomonas,R1,5.45,Pseudomonas | R1
7.05,Pseudomonas,R1,5.52,Pseudomonas | R1
8.05,Pseudomonas,R1,5.57,Pseudomonas | R1
9.05,Pseudomonas,R1,5.62,Pseudomonas | R1
10.05,Pseudomonas,R1,5.67,Pseudomonas | R1
11.05,Pseudomonas,R1,5.73,Pseudomonas | R1
12.05,Pseudomonas,R1,5.76,Pseudomonas | R1
13.05,Pseudomonas,R1,5.8,Pseudomonas | R1
14.05,Pseudomonas,R1,5.84,Pseudomonas | R1
15.05,Pseudomonas,R1,5.89,Pseudomonas | R1
16.05,Pseudomonas,R1,5.93,Pseudomonas | R1
17.05,Pseudomonas,R1,5.96,Pseudomonas | R1
18.05,Pseudomonas,R1,6.01,Pseudomonas | R1
19.05,Pseudomonas,R1,6.03,Pseudomonas | R1
20.05,Pseudomonas,R1,6.05,Pseudomonas | R1
21.05,Pseudomonas,R1,6.09,Pseudomonas | R1
22.05,Pseudomonas,R1,6.12,Pseudomonas | R1
23.05,Pseudomonas,R1,6.13,Pseudomonas | R1
24.05,Pseudomonas,R1,6.16,Pseudomonas | R1
25.05,Pseudomonas,R1,6.18,Pseudomonas | R1
26.05,Pseudomonas,R1,6.2,Pseudomonas | R1
27.05,Pseudomonas,R1,6.21,Pseudomonas | R1
28.05,Pseudomonas,R1,6.22,Pseudomonas | R1
29.05,Pseudomonas,R1,6.23,Pseudomonas | R1
30.05,Pseudomonas,R1,6.26,Pseudomonas | R1
31.05,Pseudomonas,R1,6.27,Pseudomonas | R1
32.05,Pseudomonas,R1,6.27,Pseudomonas | R1
33.05,Pseudomonas,R1,6.28,Pseudomonas | R1
34.05,Pseudomonas,R1,6.29,Pseudomonas | R1
35.05,Pseudomonas,R1,6.31,Pseudomonas | R1
36.05,Pseudomonas,R1,6.3,Pseudomonas | R1
37.05,Pseudomonas,R1,6.32,Pseudomonas | R1
38.05,Pseudomonas,R1,6.33,Pseudomonas | R1
39.05,Pseudomonas,R1,6.35,Pseudomonas | R1
40.05,Pseudomonas,R1,6.35,Pseudomonas | R1
41.05,Pseudomonas,R1,6.36,Pseudomonas | R1
42.07,Pseudomonas,R1,6.36,Pseudomonas | R1
43.07,Pseudomonas,R1,6.37,Pseudomonas | R1
44.07,Pseudomonas,R1,6.38,Pseudomonas | R1
45.07,Pseudomonas,R1,6.38,Pseudomonas | R1
46.07,Pseudomonas,R1,6.39,Pseudomonas | R1
47.07,Pseudomonas,R1,6.38,Pseudomonas | R1
48.07,Pseudomonas,R1,6.37,Pseudomonas | R1
49.07,Pseudomonas,R1,6.37,Pseudomonas | R1
50.07,Pseudomonas,R1,6.38,Pseudomonas | R1
51.07,Pseudomonas,R1,6.38,Pseudomonas | R1
52.07,Pseudomonas,R1,6.36,Pseudomonas | R1
53.07,Pseudomonas,R1,6.37,Pseudomonas | R1
54.07,Pseudomonas,R1,6.35,Pseudomonas | R1
55.07,Pseudomonas,R1,6.32,Pseudomonas | R1
56.07,Pseudomonas,R1,6.33,Pseudomonas | R1
57.07,Pseudomonas,R1,6.32,Pseudomonas | R1
58.07,Pseudomonas,R1,6.34,Pseudomonas | R1
59.07,Pseudomonas,R1,6.31,Pseudomonas | R1
60.07,Pseudomonas,R1,6.33,Pseudomonas | R1
61.07,Pseudomonas,R1,6.31,Pseudomonas | R1
62.07,Pseudomonas,R1,6.3,Pseudomonas | R1
63.07,Pseudomonas,R1,6.3,Pseudomonas | R1
64.07,Pseudomonas,R1,6.29,Pseudomonas | R1
65.07,Pseudomonas,R1,6.28,Pseudomonas | R1
66.07,Pseudomonas,R1,6.27,Pseudomonas | R1
67.07,Pseudomonas,R1,6.27,Pseudomonas | R1
68.07,Pseudomonas,R1,6.27,Pseudomonas | R1
69.07,Pseudomonas,R1,6.25,Pseudomonas | R1
70.07,Pseudomonas,R1,6.24,Pseudomonas | R1
71.07,Pseudomonas,R1,6.24,Pseudomonas | R1
72.07,Pseudomonas,R1,6.25,Pseudomonas | R1
73.07,Pseudomonas,R1,6.22,Pseudomonas | R1
74.07,Pseudomonas,R1,6.22,Pseudomonas | R1
75.07,Pseudomonas,R1,6.2,Pseudomonas | R1
76.07,Pseudomonas,R1,6.19,Pseudomonas | R1
77.07,Pseudomonas,R1,6.17,Pseudomonas | R1
78.07,Pseudomonas,R1,6.17,Pseudomonas | R1
79.07,Pseudomonas,R1,6.17,Pseudomonas | R1
80.07,Pseudomonas,R1,6.15,Pseudomonas | R1
81.07,Pseudomonas,R1,6.14,Pseudomonas | R1
82.07,Pseudomonas,R1,6.14,Pseudomonas | R1
83.07,Pseudomonas,R1,6.13,Pseudomonas | R1
84.07,Pseudomonas,R1,6.11,Pseudomonas | R1
85.07,Pseudomonas,R1,6.1,Pseudomonas | R1
86.07,Pseudomonas,R1,6.09,Pseudomonas | R1
87.07,Pseudomonas,R1,6.09,Pseudomonas | R1
88.07,Pseudomonas,R1,6.07,Pseudomonas | R1
89.07,Pseudomonas,R1,6.06,Pseudomonas | R1
90.07,Pseudomonas,R1,6.05,Pseudomonas | R1
91.07,Pseudomonas,R1,6.01,Pseudomonas | R1
92.07,Pseudomonas,R1,6.02,Pseudomonas | R1
93.07,Pseudomonas,R1,6,Pseudomonas | R1
94.07,Pseudomonas,R1,5.98,Pseudomonas | R1
95.07,Pseudomonas,R1,5.97,Pseudomonas | R1
96.07,Pseudomonas,R1,5.96,Pseudomonas | R1
97.07,Pseudomonas,R1,5.92,Pseudomonas | R1
98.07,Pseudomonas,R1,5.92,Pseudomonas | R1
99.07,Pseudomonas,R1,5.92,Pseudomonas | R1
100.07,Pseudomonas,R1,5.9,Pseudomonas | R1
101.07,Pseudomonas,R1,5.86,Pseudomonas | R1
102.07,Pseudomonas,R1,5.86,Pseudomonas | R1
103.07,Pseudomonas,R1,5.84,Pseudomonas | R1
104.07,Pseudomonas,R1,5.82,Pseudomonas | R1
105.07,Pseudomonas,R1,5.8,Pseudomonas | R1
106.07,Pseudomonas,R1,5.79,Pseudomonas | R1
107.07,Pseudomonas,R1,5.76,Pseudomonas | R1
108.07,Pseudomonas,R1,5.75,Pseudomonas | R1
109.07,Pseudomonas,R1,5.72,Pseudomonas | R1
110.07,Pseudomonas,R1,5.7,Pseudomonas | R1
111.07,Pseudomonas,R1,5.69,Pseudomonas | R1
112.07,Pseudomonas,R1,5.66,Pseudomonas | R1
113.07,Pseudomonas,R1,5.63,Pseudomonas | R1
114.07,Pseudomonas,R1,5.62,Pseudomonas | R1
115.07,Pseudomonas,R1,5.59,Pseudomonas | R1
116.07,Pseudomonas,R1,5.55,Pseudomonas | R1
117.07,Pseudomonas,R1,5.55,Pseudomonas | R1
118.07,Pseudomonas,R1,5.5,Pseudomonas | R1
119.07,Pseudomonas,R1,5.5,Pseudomonas | R1
120.07,Pseudomonas,R1,5.45,Pseudomonas | R1
121.07,Pseudomonas,R1,5.43,Pseudomonas | R1
122.07,Pseudomonas,R1,5.41,Pseudomonas | R1
123.07,Pseudomonas,R1,5.38,Pseudomonas | R1
124.08,Pseudomonas,R1,5.35,Pseudomonas | R1
125.08,Pseudomonas,R1,5.32,Pseudomonas | R1
126.08,Pseudomonas,R1,5.28,Pseudomonas | R1
127.08,Pseudomonas,R1,5.24,Pseudomonas | R1
128.08,Pseudomonas,R1,5.22,Pseudomonas | R1
129.08,Pseudomonas,R1,5.17,Pseudomonas | R1
130.08,Pseudomonas,R1,5.15,Pseudomonas | R1
131.08,Pseudomonas,R1,5.12,Pseudomonas | R1
132.08,Pseudomonas,R1,5.08,Pseudomonas | R1
133.08,Pseudomonas,R1,5.04,Pseudomonas | R1
134.08,Pseudomonas,R1,5,Pseudomonas | R1
135.08,Pseudomonas,R1,4.96,Pseudomonas | R1
136.08,Pseudomonas,R1,4.9,Pseudomonas | R1
137.08,Pseudomonas,R1,4.89,Pseudomonas | R1
138.08,Pseudomonas,R1,4.82,Pseudomonas | R1
139.08,Pseudomonas,R1,4.79,Pseudomonas | R1
140.08,Pseudomonas,R1,4.76,Pseudomonas | R1
141.08,Pseudomonas,R1,4.71,Pseudomonas | R1
142.08,Pseudomonas,R1,4.65,Pseudomonas | R1
143.08,Pseudomonas,R1,4.61,Pseudomonas | R1
144.08,Pseudomonas,R1,4.56,Pseudomonas | R1
145.08,Pseudomonas,R1,4.51,Pseudomonas | R1
146.08,Pseudomonas,R1,4.45,Pseudomonas | R1
147.08,Pseudomonas,R1,4.39,Pseudomonas | R1
148.08,Pseudomonas,R1,4.35,Pseudomonas | R1
149.08,Pseudomonas,R1,4.3,Pseudomonas | R1
150.08,Pseudomonas,R1,4.23,Pseudomonas | R1
151.08,Pseudomonas,R1,4.17,Pseudomonas | R1
152.08,Pseudomonas,R1,4.11,Pseudomonas | R1
153.08,Pseudomonas,R1,4.06,Pseudomonas | R1
154.08,Pseudomonas,R1,3.99,Pseudomonas | R1
155.08,Pseudomonas,R1,3.92,Pseudomonas | R1
156.08,Pseudomonas,R1,3.86,Pseudomonas | R1
157.08,Pseudomonas,R1,3.79,Pseudomonas | R1
158.08,Pseudomonas,R1,3.73,Pseudomonas | R1
159.08,Pseudomonas,R1,3.68,Pseudomonas | R1
160.08,Pseudomonas,R1,3.58,Pseudomonas | R1
161.08,Pseudomonas,R1,3.51,Pseudomonas | R1
162.08,Pseudomonas,R1,3.43,Pseudomonas | R1
163.08,Pseudomonas,R1,3.35,Pseudomonas | R1
164.08,Pseudomonas,R1,3.27,Pseudomonas | R1
165.08,Pseudomonas,R1,3.2,Pseudomonas | R1
166.08,Pseudomonas,R1,3.09,Pseudomonas | R1
167.08,Pseudomonas,R1,3.03,Pseudomonas | R1
168.08,Pseudomonas,R1,2.93,Pseudomonas | R1
169.08,Pseudomonas,R1,2.84,Pseudomonas | R1
170.08,Pseudomonas,R1,2.76,Pseudomonas | R1
171.08,Pseudomonas,R1,2.65,Pseudomonas | R1
172.08,Pseudomonas,R1,2.55,Pseudomonas | R1
173.08,Pseudomonas,R1,2.44,Pseudomonas | R1
174.08,Pseudomonas,R1,2.34,Pseudomonas | R1
175.08,Pseudomonas,R1,2.24,Pseudomonas | R1
176.08,Pseudomonas,R1,2.13,Pseudomonas | R1
177.08,Pseudomonas,R1,2.01,Pseudomonas | R1
178.08,Pseudomonas,R1,1.92,Pseudomonas | R1
179.1,Pseudomonas,R1,1.79,Pseudomonas | R1
180.1,Pseudomonas,R1,1.66,Pseudomonas | R1
181.1,Pseudomonas,R1,1.53,Pseudomonas | R1
182.1,Pseudomonas,R1,1.42,Pseudomonas | R1
183.1,Pseudomonas,R1,1.28,Pseudomonas | R1
184.1,Pseudomonas,R1,1.17,Pseudomonas | R1
185.1,Pseudomonas,R1,1.03,Pseudomonas | R1
186.1,Pseudomonas,R1,0.9,Pseudomonas | R1
187.1,Pseudomonas,R1,0.73,Pseudomonas | R1
188.1,Pseudomonas,R1,0.59,Pseudomonas | R1
189.1,Pseudomonas,R1,0.45,Pseudomonas | R1
190.1,Pseudomonas,R1,0.38,Pseudomonas | R1
191.1,Pseudomonas,R1,0.35,Pseudomonas | R1
192.1,Pseudomonas,R1,0.33,Pseudomonas | R1
193.1,Pseudomonas,R1,0.33,Pseudomonas | R1
194.1,Pseudomonas,R1,0.33,Pseudomonas | R1
195.1,Pseudomonas,R1,0.33,Pseudomonas | R1
196.1,Pseudomonas,R1,0.33,Pseudomonas | R1
197.1,Pseudomonas,R1,0.33,Pseudomonas | R1
198.1,Pseudomonas,R1,0.32,Pseudomonas | R1
199.1,Pseudomonas,R1,0.31,Pseudomonas | R1
200.1,Pseudomonas,R1,0.32,Pseudomonas | R1
201.1,Pseudomonas,R1,0.33,Pseudomonas | R1
202.1,Pseudomonas,R1,0.32,Pseudomonas | R1
203.1,Pseudomonas,R1,0.32,Pseudomonas | R1
204.1,Pseudomonas,R1,0.33,Pseudomonas | R1
205.1,Pseudomonas,R1,0.32,Pseudomonas | R1
206.1,Pseudomonas,R1,0.33,Pseudomonas | R1
207.1,Pseudomonas,R1,0.33,Pseudomonas | R1
208.1,Pseudomonas,R1,0.32,Pseudomonas | R1
209.1,Pseudomonas,R1,0.32,Pseudomonas | R1
210.1,Pseudomonas,R1,0.32,Pseudomonas | R1
211.1,Pseudomonas,R1,0.33,Pseudomonas | R1
212.1,Pseudomonas,R1,0.32,Pseudomonas | R1
0.03,Pseudomonas,R2,4.75,Pseudomonas | R2
1.05,Pseudomonas,R2,4.7,Pseudomonas | R2
2.05,Pseudomonas,R2,4.75,Pseudomonas | R2
3.05,Pseudomonas,R2,4.78,Pseudomonas | R2
4.05,Pseudomonas,R2,4.84,Pseudomonas | R2
5.05,Pseudomonas,R2,4.9,Pseudomonas | R2
6.05,Pseudomonas,R2,4.93,Pseudomonas | R2
7.05,Pseudomonas,R2,5,Pseudomonas | R2
8.05,Pseudomonas,R2,5.04,Pseudomonas | R2
9.05,Pseudomonas,R2,5.09,Pseudomonas | R2
10.05,Pseudomonas,R2,5.14,Pseudomonas | R2
11.05,Pseudomonas,R2,5.18,Pseudomonas | R2
12.05,Pseudomonas,R2,5.21,Pseudomonas | R2
13.05,Pseudomonas,R2,5.26,Pseudomonas | R2
14.05,Pseudomonas,R2,5.29,Pseudomonas | R2
15.05,Pseudomonas,R2,5.34,Pseudomonas | R2
16.05,Pseudomonas,R2,5.37,Pseudomonas | R2
17.05,Pseudomonas,R2,5.4,Pseudomonas | R2
18.05,Pseudomonas,R2,5.44,Pseudomonas | R2
19.05,Pseudomonas,R2,5.46,Pseudomonas | R2
20.05,Pseudomonas,R2,5.49,Pseudomonas | R2
21.05,Pseudomonas,R2,5.52,Pseudomonas | R2
22.05,Pseudomonas,R2,5.56,Pseudomonas | R2
23.05,Pseudomonas,R2,5.59,Pseudomonas | R2
24.05,Pseudomonas,R2,5.6,Pseudomonas | R2
25.05,Pseudomonas,R2,5.62,Pseudomonas | R2
26.05,Pseudomonas,R2,5.63,Pseudomonas | R2
27.05,Pseudomonas,R2,5.67,Pseudomonas | R2
28.05,Pseudomonas,R2,5.68,Pseudomonas | R2
29.05,Pseudomonas,R2,5.71,Pseudomonas | R2
30.05,Pseudomonas,R2,5.73,Pseudomonas | R2
31.05,Pseudomonas,R2,5.73,Pseudomonas | R2
32.05,Pseudomonas,R2,5.76,Pseudomonas | R2
33.05,Pseudomonas,R2,5.78,Pseudomonas | R2
34.05,Pseudomonas,R2,5.78,Pseudomonas | R2
35.05,Pseudomonas,R2,5.81,Pseudomonas | R2
36.05,Pseudomonas,R2,5.81,Pseudomonas | R2
37.05,Pseudomonas,R2,5.84,Pseudomonas | R2
38.05,Pseudomonas,R2,5.85,Pseudomonas | R2
39.05,Pseudomonas,R2,5.87,Pseudomonas | R2
40.05,Pseudomonas,R2,5.87,Pseudomonas | R2
41.05,Pseudomonas,R2,5.87,Pseudomonas | R2
42.07,Pseudomonas,R2,5.87,Pseudomonas | R2
43.07,Pseudomonas,R2,5.88,Pseudomonas | R2
44.07,Pseudomonas,R2,5.89,Pseudomonas | R2
45.07,Pseudomonas,R2,5.9,Pseudomonas | R2
46.07,Pseudomonas,R2,5.91,Pseudomonas | R2
47.07,Pseudomonas,R2,5.9,Pseudomonas | R2
48.07,Pseudomonas,R2,5.9,Pseudomonas | R2
49.07,Pseudomonas,R2,5.92,Pseudomonas | R2
50.07,Pseudomonas,R2,5.92,Pseudomonas | R2
51.07,Pseudomonas,R2,5.92,Pseudomonas | R2
52.07,Pseudomonas,R2,5.93,Pseudomonas | R2
53.07,Pseudomonas,R2,5.93,Pseudomonas | R2
54.07,Pseudomonas,R2,5.92,Pseudomonas | R2
55.07,Pseudomonas,R2,5.91,Pseudomonas | R2
56.07,Pseudomonas,R2,5.9,Pseudomonas | R2
57.07,Pseudomonas,R2,5.89,Pseudomonas | R2
58.07,Pseudomonas,R2,5.89,Pseudomonas | R2
59.07,Pseudomonas,R2,5.89,Pseudomonas | R2
60.07,Pseudomonas,R2,5.86,Pseudomonas | R2
61.07,Pseudomonas,R2,5.86,Pseudomonas | R2
62.07,Pseudomonas,R2,5.87,Pseudomonas | R2
63.07,Pseudomonas,R2,5.85,Pseudomonas | R2
64.07,Pseudomonas,R2,5.85,Pseudomonas | R2
65.07,Pseudomonas,R2,5.84,Pseudomonas | R2
66.07,Pseudomonas,R2,5.83,Pseudomonas | R2
67.07,Pseudomonas,R2,5.83,Pseudomonas | R2
68.07,Pseudomonas,R2,5.82,Pseudomonas | R2
69.07,Pseudomonas,R2,5.8,Pseudomonas | R2
70.07,Pseudomonas,R2,5.8,Pseudomonas | R2
71.07,Pseudomonas,R2,5.79,Pseudomonas | R2
72.07,Pseudomonas,R2,5.78,Pseudomonas | R2
73.07,Pseudomonas,R2,5.77,Pseudomonas | R2
74.07,Pseudomonas,R2,5.75,Pseudomonas | R2
75.07,Pseudomonas,R2,5.75,Pseudomonas | R2
76.07,Pseudomonas,R2,5.74,Pseudomonas | R2
77.07,Pseudomonas,R2,5.74,Pseudomonas | R2
78.07,Pseudomonas,R2,5.72,Pseudomonas | R2
79.07,Pseudomonas,R2,5.7,Pseudomonas | R2
80.07,Pseudomonas,R2,5.7,Pseudomonas | R2
81.07,Pseudomonas,R2,5.71,Pseudomonas | R2
82.07,Pseudomonas,R2,5.67,Pseudomonas | R2
83.07,Pseudomonas,R2,5.67,Pseudomonas | R2
84.07,Pseudomonas,R2,5.66,Pseudomonas | R2
85.07,Pseudomonas,R2,5.66,Pseudomonas | R2
86.07,Pseudomonas,R2,5.62,Pseudomonas | R2
87.07,Pseudomonas,R2,5.62,Pseudomonas | R2
88.07,Pseudomonas,R2,5.59,Pseudomonas | R2
89.07,Pseudomonas,R2,5.59,Pseudomonas | R2
90.07,Pseudomonas,R2,5.59,Pseudomonas | R2
91.07,Pseudomonas,R2,5.55,Pseudomonas | R2
92.07,Pseudomonas,R2,5.54,Pseudomonas | R2
93.07,Pseudomonas,R2,5.53,Pseudomonas | R2
94.07,Pseudomonas,R2,5.52,Pseudomonas | R2
95.07,Pseudomonas,R2,5.51,Pseudomonas | R2
96.07,Pseudomonas,R2,5.5,Pseudomonas | R2
97.07,Pseudomonas,R2,5.49,Pseudomonas | R2
98.07,Pseudomonas,R2,5.46,Pseudomonas | R2
99.07,Pseudomonas,R2,5.43,Pseudomonas | R2
100.07,Pseudomonas,R2,5.43,Pseudomonas | R2
101.07,Pseudomonas,R2,5.41,Pseudomonas | R2
102.07,Pseudomonas,R2,5.4,Pseudomonas | R2
103.07,Pseudomonas,R2,5.38,Pseudomonas | R2
104.07,Pseudomonas,R2,5.35,Pseudomonas | R2
105.07,Pseudomonas,R2,5.35,Pseudomonas | R2
106.07,Pseudomonas,R2,5.32,Pseudomonas | R2
107.07,Pseudomonas,R2,5.32,Pseudomonas | R2
108.07,Pseudomonas,R2,5.28,Pseudomonas | R2
109.07,Pseudomonas,R2,5.25,Pseudomonas | R2
110.07,Pseudomonas,R2,5.23,Pseudomonas | R2
111.07,Pseudomonas,R2,5.21,Pseudomonas | R2
112.07,Pseudomonas,R2,5.19,Pseudomonas | R2
113.07,Pseudomonas,R2,5.19,Pseudomonas | R2
114.07,Pseudomonas,R2,5.15,Pseudomonas | R2
115.07,Pseudomonas,R2,5.13,Pseudomonas | R2
116.07,Pseudomonas,R2,5.11,Pseudomonas | R2
117.07,Pseudomonas,R2,5.08,Pseudomonas | R2
118.07,Pseudomonas,R2,5.05,Pseudomonas | R2
119.07,Pseudomonas,R2,5.03,Pseudomonas | R2
120.07,Pseudomonas,R2,5,Pseudomonas | R2
121.07,Pseudomonas,R2,4.99,Pseudomonas | R2
122.07,Pseudomonas,R2,4.95,Pseudomonas | R2
123.07,Pseudomonas,R2,4.93,Pseudomonas | R2
124.08,Pseudomonas,R2,4.91,Pseudomonas | R2
125.08,Pseudomonas,R2,4.88,Pseudomonas | R2
126.08,Pseudomonas,R2,4.84,Pseudomonas | R2
127.08,Pseudomonas,R2,4.82,Pseudomonas | R2
128.08,Pseudomonas,R2,4.79,Pseudomonas | R2
129.08,Pseudomonas,R2,4.76,Pseudomonas | R2
130.08,Pseudomonas,R2,4.72,Pseudomonas | R2
131.08,Pseudomonas,R2,4.68,Pseudomonas | R2
132.08,Pseudomonas,R2,4.65,Pseudomonas | R2
133.08,Pseudomonas,R2,4.62,Pseudomonas | R2
134.08,Pseudomonas,R2,4.6,Pseudomonas | R2
135.08,Pseudomonas,R2,4.55,Pseudomonas | R2
136.08,Pseudomonas,R2,4.51,Pseudomonas | R2
137.08,Pseudomonas,R2,4.49,Pseudomonas | R2
138.08,Pseudomonas,R2,4.45,Pseudomonas | R2
139.08,Pseudomonas,R2,4.41,Pseudomonas | R2
140.08,Pseudomonas,R2,4.37,Pseudomonas | R2
141.08,Pseudomonas,R2,4.33,Pseudomonas | R2
142.08,Pseudomonas,R2,4.28,Pseudomonas | R2
143.08,Pseudomonas,R2,4.25,Pseudomonas | R2
144.08,Pseudomonas,R2,4.21,Pseudomonas | R2
145.08,Pseudomonas,R2,4.15,Pseudomonas | R2
146.08,Pseudomonas,R2,4.12,Pseudomonas | R2
147.08,Pseudomonas,R2,4.08,Pseudomonas | R2
148.08,Pseudomonas,R2,4.03,Pseudomonas | R2
149.08,Pseudomonas,R2,3.97,Pseudomonas | R2
150.08,Pseudomonas,R2,3.93,Pseudomonas | R2
151.08,Pseudomonas,R2,3.88,Pseudomonas | R2
152.08,Pseudomonas,R2,3.83,Pseudomonas | R2
153.08,Pseudomonas,R2,3.79,Pseudomonas | R2
154.08,Pseudomonas,R2,3.72,Pseudomonas | R2
155.08,Pseudomonas,R2,3.69,Pseudomonas | R2
156.08,Pseudomonas,R2,3.62,Pseudomonas | R2
157.08,Pseudomonas,R2,3.57,Pseudomonas | R2
158.08,Pseudomonas,R2,3.51,Pseudomonas | R2
159.08,Pseudomonas,R2,3.46,Pseudomonas | R2
160.08,Pseudomonas,R2,3.41,Pseudomonas | R2
161.08,Pseudomonas,R2,3.33,Pseudomonas | R2
162.08,Pseudomonas,R2,3.28,Pseudomonas | R2
163.08,Pseudomonas,R2,3.2,Pseudomonas | R2
164.08,Pseudomonas,R2,3.14,Pseudomonas | R2
165.08,Pseudomonas,R2,3.08,Pseudomonas | R2
166.08,Pseudomonas,R2,3.01,Pseudomonas | R2
167.08,Pseudomonas,R2,2.95,Pseudomonas | R2
168.08,Pseudomonas,R2,2.88,Pseudomonas | R2
169.08,Pseudomonas,R2,2.8,Pseudomonas | R2
170.08,Pseudomonas,R2,2.71,Pseudomonas | R2
171.08,Pseudomonas,R2,2.64,Pseudomonas | R2
172.08,Pseudomonas,R2,2.57,Pseudomonas | R2
173.08,Pseudomonas,R2,2.49,Pseudomonas | R2
174.08,Pseudomonas,R2,2.41,Pseudomonas | R2
175.08,Pseudomonas,R2,2.33,Pseudomonas | R2
176.08,Pseudomonas,R2,2.24,Pseudomonas | R2
177.08,Pseudomonas,R2,2.16,Pseudomonas | R2
178.08,Pseudomonas,R2,2.09,Pseudomonas | R2
179.1,Pseudomonas,R2,1.98,Pseudomonas | R2
180.1,Pseudomonas,R2,1.9,Pseudomonas | R2
181.1,Pseudomonas,R2,1.8,Pseudomonas | R2
182.1,Pseudomonas,R2,1.7,Pseudomonas | R2
183.1,Pseudomonas,R2,1.6,Pseudomonas | R2
184.1,Pseudomonas,R2,1.52,Pseudomonas | R2
185.1,Pseudomonas,R2,1.42,Pseudomonas | R2
186.1,Pseudomonas,R2,1.32,Pseudomonas | R2
187.1,Pseudomonas,R2,1.21,Pseudomonas | R2
188.1,Pseudomonas,R2,1.09,Pseudomonas | R2
189.1,Pseudomonas,R2,0.99,Pseudomonas | R2
190.1,Pseudomonas,R2,0.87,Pseudomonas | R2
191.1,Pseudomonas,R2,0.77,Pseudomonas | R2
192.1,Pseudomonas,R2,0.63,Pseudomonas | R2
193.1,Pseudomonas,R2,0.53,Pseudomonas | R2
194.1,Pseudomonas,R2,0.4,Pseudomonas | R2
195.1,Pseudomonas,R2,0.28,Pseudomonas | R2
196.1,Pseudomonas,R2,0.15,Pseudomonas | R2
197.1,Pseudomonas,R2,0.01,Pseudomonas | R2
198.1,Pseudomonas,R2,0,Pseudomonas | R2
199.1,Pseudomonas,R2,0,Pseudomonas | R2
200.1,Pseudomonas,R2,0,Pseudomonas | R2
201.1,Pseudomonas,R2,0,Pseudomonas | R2
202.1,Pseudomonas,R2,0,Pseudomonas | R2
203.1,Pseudomonas,R2,0,Pseudomonas | R2
204.1,Pseudomonas,R2,0,Pseudomonas | R2
205.1,Pseudomonas,R2,0,Pseudomonas | R2
206.1,Pseudomonas,R2,0,Pseudomonas | R2
207.1,Pseudomonas,R2,0,Pseudomonas | R2
208.1,Pseudomonas,R2,0,Pseudomonas | R2
209.1,Pseudomonas,R2,0,Pseudomonas | R2
210.1,Pseudomonas,R2,0,Pseudomonas | R2
211.1,Pseudomonas,R2,0,Pseudomonas | R2
212.1,Pseudomonas,R2,0,Pseudomonas | R2
0.03,Pseudomonas,R3,4.95,Pseudomonas | R3
1.05,Pseudomonas,R3,4.89,Pseudomonas | R3
2.05,Pseudomonas,R3,4.92,Pseudomonas | R3
3.05,Pseudomonas,R3,4.95,Pseudomonas | R3
4.05,Pseudomonas,R3,5,Pseudomonas | R3
5.05,Pseudomonas,R3,5.03,Pseudomonas | R3
6.05,Pseudomonas,R3,5.06,Pseudomonas | R3
7.05,Pseudomonas,R3,5.11,Pseudomonas | R3
8.05,Pseudomonas,R3,5.15,Pseudomonas | R3
9.05,Pseudomonas,R3,5.19,Pseudomonas | R3
10.05,Pseudomonas,R3,5.24,Pseudomonas | R3
11.05,Pseudomonas,R3,5.27,Pseudomonas | R3
12.05,Pseudomonas,R3,5.3,Pseudomonas | R3
13.05,Pseudomonas,R3,5.34,Pseudomonas | R3
14.05,Pseudomonas,R3,5.38,Pseudomonas | R3
15.05,Pseudomonas,R3,5.42,Pseudomonas | R3
16.05,Pseudomonas,R3,5.44,Pseudomonas | R3
17.05,Pseudomonas,R3,5.49,Pseudomonas | R3
18.05,Pseudomonas,R3,5.51,Pseudomonas | R3
19.05,Pseudomonas,R3,5.54,Pseudomonas | R3
20.05,Pseudomonas,R3,5.57,Pseudomonas | R3
21.05,Pseudomonas,R3,5.6,Pseudomonas | R3
22.05,Pseudomonas,R3,5.63,Pseudomonas | R3
23.05,Pseudomonas,R3,5.66,Pseudomonas | R3
24.05,Pseudomonas,R3,5.68,Pseudomonas | R3
25.05,Pseudomonas,R3,5.7,Pseudomonas | R3
26.05,Pseudomonas,R3,5.73,Pseudomonas | R3
27.05,Pseudomonas,R3,5.74,Pseudomonas | R3
28.05,Pseudomonas,R3,5.77,Pseudomonas | R3
29.05,Pseudomonas,R3,5.78,Pseudomonas | R3
30.05,Pseudomonas,R3,5.82,Pseudomonas | R3
31.05,Pseudomonas,R3,5.84,Pseudomonas | R3
32.05,Pseudomonas,R3,5.87,Pseudomonas | R3
33.05,Pseudomonas,R3,5.87,Pseudomonas | R3
34.05,Pseudomonas,R3,5.89,Pseudomonas | R3
35.05,Pseudomonas,R3,5.91,Pseudomonas | R3
36.05,Pseudomonas,R3,5.91,Pseudomonas | R3
37.05,Pseudomonas,R3,5.95,Pseudomonas | R3
38.05,Pseudomonas,R3,5.97,Pseudomonas | R3
39.05,Pseudomonas,R3,5.99,Pseudomonas | R3
40.05,Pseudomonas,R3,6,Pseudomonas | R3
41.05,Pseudomonas,R3,6.02,Pseudomonas | R3
42.07,Pseudomonas,R3,6.03,Pseudomonas | R3
43.07,Pseudomonas,R3,6.04,Pseudomonas | R3
44.07,Pseudomonas,R3,6.04,Pseudomonas | R3
45.07,Pseudomonas,R3,6.05,Pseudomonas | R3
46.07,Pseudomonas,R3,6.07,Pseudomonas | R3
47.07,Pseudomonas,R3,6.05,Pseudomonas | R3
48.07,Pseudomonas,R3,6.06,Pseudomonas | R3
49.07,Pseudomonas,R3,6.07,Pseudomonas | R3
50.07,Pseudomonas,R3,6.08,Pseudomonas | R3
51.07,Pseudomonas,R3,6.08,Pseudomonas | R3
52.07,Pseudomonas,R3,6.1,Pseudomonas | R3
53.07,Pseudomonas,R3,6.1,Pseudomonas | R3
54.07,Pseudomonas,R3,6.11,Pseudomonas | R3
55.07,Pseudomonas,R3,6.1,Pseudomonas | R3
56.07,Pseudomonas,R3,6.11,Pseudomonas | R3
57.07,Pseudomonas,R3,6.12,Pseudomonas | R3
58.07,Pseudomonas,R3,6.12,Pseudomonas | R3
59.07,Pseudomonas,R3,6.12,Pseudomonas | R3
60.07,Pseudomonas,R3,6.13,Pseudomonas | R3
61.07,Pseudomonas,R3,6.13,Pseudomonas | R3
62.07,Pseudomonas,R3,6.14,Pseudomonas | R3
63.07,Pseudomonas,R3,6.12,Pseudomonas | R3
64.07,Pseudomonas,R3,6.13,Pseudomonas | R3
65.07,Pseudomonas,R3,6.12,Pseudomonas | R3
66.07,Pseudomonas,R3,6.13,Pseudomonas | R3
67.07,Pseudomonas,R3,6.12,Pseudomonas | R3
68.07,Pseudomonas,R3,6.11,Pseudomonas | R3
69.07,Pseudomonas,R3,6.1,Pseudomonas | R3
70.07,Pseudomonas,R3,6.08,Pseudomonas | R3
71.07,Pseudomonas,R3,6.1,Pseudomonas | R3
72.07,Pseudomonas,R3,6.09,Pseudomonas | R3
73.07,Pseudomonas,R3,6.08,Pseudomonas | R3
74.07,Pseudomonas,R3,6.06,Pseudomonas | R3
75.07,Pseudomonas,R3,6.05,Pseudomonas | R3
76.07,Pseudomonas,R3,6.05,Pseudomonas | R3
77.07,Pseudomonas,R3,6.04,Pseudomonas | R3
78.07,Pseudomonas,R3,6.04,Pseudomonas | R3
79.07,Pseudomonas,R3,6.02,Pseudomonas | R3
80.07,Pseudomonas,R3,6.01,Pseudomonas | R3
81.07,Pseudomonas,R3,5.99,Pseudomonas | R3
82.07,Pseudomonas,R3,6,Pseudomonas | R3
83.07,Pseudomonas,R3,5.97,Pseudomonas | R3
84.07,Pseudomonas,R3,5.97,Pseudomonas | R3
85.07,Pseudomonas,R3,5.97,Pseudomonas | R3
86.07,Pseudomonas,R3,5.96,Pseudomonas | R3
87.07,Pseudomonas,R3,5.95,Pseudomonas | R3
88.07,Pseudomonas,R3,5.93,Pseudomonas | R3
89.07,Pseudomonas,R3,5.95,Pseudomonas | R3
90.07,Pseudomonas,R3,5.93,Pseudomonas | R3
91.07,Pseudomonas,R3,5.91,Pseudomonas | R3
92.07,Pseudomonas,R3,5.89,Pseudomonas | R3
93.07,Pseudomonas,R3,5.89,Pseudomonas | R3
94.07,Pseudomonas,R3,5.88,Pseudomonas | R3
95.07,Pseudomonas,R3,5.85,Pseudomonas | R3
96.07,Pseudomonas,R3,5.85,Pseudomonas | R3
97.07,Pseudomonas,R3,5.83,Pseudomonas | R3
98.07,Pseudomonas,R3,5.83,Pseudomonas | R3
99.07,Pseudomonas,R3,5.82,Pseudomonas | R3
100.07,Pseudomonas,R3,5.79,Pseudomonas | R3
101.07,Pseudomonas,R3,5.78,Pseudomonas | R3
102.07,Pseudomonas,R3,5.76,Pseudomonas | R3
103.07,Pseudomonas,R3,5.75,Pseudomonas | R3
104.07,Pseudomonas,R3,5.74,Pseudomonas | R3
105.07,Pseudomonas,R3,5.73,Pseudomonas | R3
106.07,Pseudomonas,R3,5.7,Pseudomonas | R3
107.07,Pseudomonas,R3,5.68,Pseudomonas | R3
108.07,Pseudomonas,R3,5.67,Pseudomonas | R3
109.07,Pseudomonas,R3,5.66,Pseudomonas | R3
110.07,Pseudomonas,R3,5.64,Pseudomonas | R3
111.07,Pseudomonas,R3,5.61,Pseudomonas | R3
112.07,Pseudomonas,R3,5.61,Pseudomonas | R3
113.07,Pseudomonas,R3,5.57,Pseudomonas | R3
114.07,Pseudomonas,R3,5.56,Pseudomonas | R3
115.07,Pseudomonas,R3,5.53,Pseudomonas | R3
116.07,Pseudomonas,R3,5.5,Pseudomonas | R3
117.07,Pseudomonas,R3,5.49,Pseudomonas | R3
118.07,Pseudomonas,R3,5.48,Pseudomonas | R3
119.07,Pseudomonas,R3,5.46,Pseudomonas | R3
120.07,Pseudomonas,R3,5.43,Pseudomonas | R3
121.07,Pseudomonas,R3,5.41,Pseudomonas | R3
122.07,Pseudomonas,R3,5.38,Pseudomonas | R3
123.07,Pseudomonas,R3,5.35,Pseudomonas | R3
124.08,Pseudomonas,R3,5.31,Pseudomonas | R3
125.08,Pseudomonas,R3,5.3,Pseudomonas | R3
126.08,Pseudomonas,R3,5.28,Pseudomonas | R3
127.08,Pseudomonas,R3,5.24,Pseudomonas | R3
128.08,Pseudomonas,R3,5.24,Pseudomonas | R3
129.08,Pseudomonas,R3,5.19,Pseudomonas | R3
130.08,Pseudomonas,R3,5.15,Pseudomonas | R3
131.08,Pseudomonas,R3,5.14,Pseudomonas | R3
132.08,Pseudomonas,R3,5.11,Pseudomonas | R3
133.08,Pseudomonas,R3,5.07,Pseudomonas | R3
134.08,Pseudomonas,R3,5.03,Pseudomonas | R3
135.08,Pseudomonas,R3,5,Pseudomonas | R3
136.08,Pseudomonas,R3,4.98,Pseudomonas | R3
137.08,Pseudomonas,R3,4.94,Pseudomonas | R3
138.08,Pseudomonas,R3,4.88,Pseudomonas | R3
139.08,Pseudomonas,R3,4.85,Pseudomonas | R3
140.08,Pseudomonas,R3,4.81,Pseudomonas | R3
141.08,Pseudomonas,R3,4.78,Pseudomonas | R3
142.08,Pseudomonas,R3,4.74,Pseudomonas | R3
143.08,Pseudomonas,R3,4.69,Pseudomonas | R3
144.08,Pseudomonas,R3,4.65,Pseudomonas | R3
145.08,Pseudomonas,R3,4.59,Pseudomonas | R3
146.08,Pseudomonas,R3,4.57,Pseudomonas | R3
147.08,Pseudomonas,R3,4.51,Pseudomonas | R3
148.08,Pseudomonas,R3,4.46,Pseudomonas | R3
149.08,Pseudomonas,R3,4.43,Pseudomonas | R3
150.08,Pseudomonas,R3,4.37,Pseudomonas | R3
151.08,Pseudomonas,R3,4.33,Pseudomonas | R3
152.08,Pseudomonas,R3,4.27,Pseudomonas | R3
153.08,Pseudomonas,R3,4.21,Pseudomonas | R3
154.08,Pseudomonas,R3,4.18,Pseudomonas | R3
155.08,Pseudomonas,R3,4.11,Pseudomonas | R3
156.08,Pseudomonas,R3,4.06,Pseudomonas | R3
157.08,Pseudomonas,R3,3.97,Pseudomonas | R3
158.08,Pseudomonas,R3,3.91,Pseudomonas | R3
159.08,Pseudomonas,R3,3.88,Pseudomonas | R3
160.08,Pseudomonas,R3,3.8,Pseudomonas | R3
161.08,Pseudomonas,R3,3.74,Pseudomonas | R3
162.08,Pseudomonas,R3,3.66,Pseudomonas | R3
163.08,Pseudomonas,R3,3.62,Pseudomonas | R3
164.08,Pseudomonas,R3,3.53,Pseudomonas | R3
165.08,Pseudomonas,R3,3.45,Pseudomonas | R3
166.08,Pseudomonas,R3,3.4,Pseudomonas | R3
167.08,Pseudomonas,R3,3.31,Pseudomonas | R3
168.08,Pseudomonas,R3,3.24,Pseudomonas | R3
169.08,Pseudomonas,R3,3.16,Pseudomonas | R3
170.08,Pseudomonas,R3,3.08,Pseudomonas | R3
171.08,Pseudomonas,R3,3,Pseudomonas | R3
172.08,Pseudomonas,R3,2.92,Pseudomonas | R3
173.08,Pseudomonas,R3,2.82,Pseudomonas | R3
174.08,Pseudomonas,R3,2.72,Pseudomonas | R3
175.08,Pseudomonas,R3,2.63,Pseudomonas | R3
176.08,Pseudomonas,R3,2.54,Pseudomonas | R3
177.08,Pseudomonas,R3,2.42,Pseudomonas | R3
178.08,Pseudomonas,R3,2.33,Pseudomonas | R3
179.1,Pseudomonas,R3,2.22,Pseudomonas | R3
180.1,Pseudomonas,R3,2.12,Pseudomonas | R3
181.1,Pseudomonas,R3,2.01,Pseudomonas | R3
182.1,Pseudomonas,R3,1.93,Pseudomonas | R3
183.1,Pseudomonas,R3,1.79,Pseudomonas | R3
184.1,Pseudomonas,R3,1.67,Pseudomonas | R3
185.1,Pseudomonas,R3,1.56,Pseudomonas | R3
186.1,Pseudomonas,R3,1.43,Pseudomonas | R3
187.1,Pseudomonas,R3,1.31,Pseudomonas | R3
188.1,Pseudomonas,R3,1.18,Pseudomonas | R3
189.1,Pseudomonas,R3,1.04,Pseudomonas | R3
190.1,Pseudomonas,R3,0.9,Pseudomonas | R3
191.1,Pseudomonas,R3,0.77,Pseudomonas | R3
192.1,Pseudomonas,R3,0.62,Pseudomonas | R3
193.1,Pseudomonas,R3,0.46,Pseudomonas | R3
194.1,Pseudomonas,R3,0.32,Pseudomonas | R3
195.1,Pseudomonas,R3,0.16,Pseudomonas | R3
196.1,Pseudomonas,R3,0.01,Pseudomonas | R3
197.1,Pseudomonas,R3,0,Pseudomonas | R3
198.1,Pseudomonas,R3,0,Pseudomonas | R3
199.1,Pseudomonas,R3,0,Pseudomonas | R3
200.1,Pseudomonas,R3,0,Pseudomonas | R3
201.1,Pseudomonas,R3,0,Pseudomonas | R3
202.1,Pseudomonas,R3,0,Pseudomonas | R3
203.1,Pseudomonas,R3,0,Pseudomonas | R3
204.1,Pseudomonas,R3,0,Pseudomonas | R3
205.1,Pseudomonas,R3,0,Pseudomonas | R3
206.1,Pseudomonas,R3,0,Pseudomonas | R3
207.1,Pseudomonas,R3,0,Pseudomonas | R3
208.1,Pseudomonas,R3,0,Pseudomonas | R3
209.1,Pseudomonas,R3,0,Pseudomonas | R3
210.1,Pseudomonas,R3,0,Pseudomonas | R3
211.1,Pseudomonas,R3,0,Pseudomonas | R3
212.1,Pseudomonas,R3,0,Pseudomonas | R3
0.03,Pseudomonas,R4,5.2,Pseudomonas | R4
1.05,Pseudomonas,R4,5.11,Pseudomonas | R4
2.05,Pseudomonas,R4,5.13,Pseudomonas | R4
3.05,Pseudomonas,R4,5.14,Pseudomonas | R4
4.05,Pseudomonas,R4,5.17,Pseudomonas | R4
5.05,Pseudomonas,R4,5.21,Pseudomonas | R4
6.05,Pseudomonas,R4,5.25,Pseudomonas | R4
7.05,Pseudomonas,R4,5.28,Pseudomonas | R4
8.05,Pseudomonas,R4,5.31,Pseudomonas | R4
9.05,Pseudomonas,R4,5.35,Pseudomonas | R4
10.05,Pseudomonas,R4,5.39,Pseudomonas | R4
11.05,Pseudomonas,R4,5.43,Pseudomonas | R4
12.05,Pseudomonas,R4,5.46,Pseudomonas | R4
13.05,Pseudomonas,R4,5.49,Pseudomonas | R4
14.05,Pseudomonas,R4,5.54,Pseudomonas | R4
15.05,Pseudomonas,R4,5.57,Pseudomonas | R4
16.05,Pseudomonas,R4,5.6,Pseudomonas | R4
17.05,Pseudomonas,R4,5.63,Pseudomonas | R4
18.05,Pseudomonas,R4,5.66,Pseudomonas | R4
19.05,Pseudomonas,R4,5.69,Pseudomonas | R4
20.05,Pseudomonas,R4,5.73,Pseudomonas | R4
21.05,Pseudomonas,R4,5.75,Pseudomonas | R4
22.05,Pseudomonas,R4,5.78,Pseudomonas | R4
23.05,Pseudomonas,R4,5.8,Pseudomonas | R4
24.05,Pseudomonas,R4,5.83,Pseudomonas | R4
25.05,Pseudomonas,R4,5.84,Pseudomonas | R4
26.05,Pseudomonas,R4,5.87,Pseudomonas | R4
27.05,Pseudomonas,R4,5.89,Pseudomonas | R4
28.05,Pseudomonas,R4,5.92,Pseudomonas | R4
29.05,Pseudomonas,R4,5.95,Pseudomonas | R4
30.05,Pseudomonas,R4,5.97,Pseudomonas | R4
31.05,Pseudomonas,R4,5.99,Pseudomonas | R4
32.05,Pseudomonas,R4,6.02,Pseudomonas | R4
33.05,Pseudomonas,R4,6.02,Pseudomonas | R4
34.05,Pseudomonas,R4,6.04,Pseudomonas | R4
35.05,Pseudomonas,R4,6.05,Pseudomonas | R4
36.05,Pseudomonas,R4,6.06,Pseudomonas | R4
37.05,Pseudomonas,R4,6.08,Pseudomonas | R4
38.05,Pseudomonas,R4,6.12,Pseudomonas | R4
39.05,Pseudomonas,R4,6.12,Pseudomonas | R4
40.05,Pseudomonas,R4,6.13,Pseudomonas | R4
41.05,Pseudomonas,R4,6.14,Pseudomonas | R4
42.07,Pseudomonas,R4,6.16,Pseudomonas | R4
43.07,Pseudomonas,R4,6.16,Pseudomonas | R4
44.07,Pseudomonas,R4,6.18,Pseudomonas | R4
45.07,Pseudomonas,R4,6.19,Pseudomonas | R4
46.07,Pseudomonas,R4,6.21,Pseudomonas | R4
47.07,Pseudomonas,R4,6.2,Pseudomonas | R4
48.07,Pseudomonas,R4,6.21,Pseudomonas | R4
49.07,Pseudomonas,R4,6.22,Pseudomonas | R4
50.07,Pseudomonas,R4,6.22,Pseudomonas | R4
51.07,Pseudomonas,R4,6.23,Pseudomonas | R4
52.07,Pseudomonas,R4,6.25,Pseudomonas | R4
53.07,Pseudomonas,R4,6.24,Pseudomonas | R4
54.07,Pseudomonas,R4,6.25,Pseudomonas | R4
55.07,Pseudomonas,R4,6.25,Pseudomonas | R4
56.07,Pseudomonas,R4,6.24,Pseudomonas | R4
57.07,Pseudomonas,R4,6.24,Pseudomonas | R4
58.07,Pseudomonas,R4,6.25,Pseudomonas | R4
59.07,Pseudomonas,R4,6.26,Pseudomonas | R4
60.07,Pseudomonas,R4,6.25,Pseudomonas | R4
61.07,Pseudomonas,R4,6.23,Pseudomonas | R4
62.07,Pseudomonas,R4,6.23,Pseudomonas | R4
63.07,Pseudomonas,R4,6.22,Pseudomonas | R4
64.07,Pseudomonas,R4,6.21,Pseudomonas | R4
65.07,Pseudomonas,R4,6.21,Pseudomonas | R4
66.07,Pseudomonas,R4,6.21,Pseudomonas | R4
67.07,Pseudomonas,R4,6.19,Pseudomonas | R4
68.07,Pseudomonas,R4,6.18,Pseudomonas | R4
69.07,Pseudomonas,R4,6.17,Pseudomonas | R4
70.07,Pseudomonas,R4,6.17,Pseudomonas | R4
71.07,Pseudomonas,R4,6.14,Pseudomonas | R4
72.07,Pseudomonas,R4,6.14,Pseudomonas | R4
73.07,Pseudomonas,R4,6.12,Pseudomonas | R4
74.07,Pseudomonas,R4,6.11,Pseudomonas | R4
75.07,Pseudomonas,R4,6.12,Pseudomonas | R4
76.07,Pseudomonas,R4,6.08,Pseudomonas | R4
77.07,Pseudomonas,R4,6.08,Pseudomonas | R4
78.07,Pseudomonas,R4,6.06,Pseudomonas | R4
79.07,Pseudomonas,R4,6.05,Pseudomonas | R4
80.07,Pseudomonas,R4,6.03,Pseudomonas | R4
81.07,Pseudomonas,R4,6.02,Pseudomonas | R4
82.07,Pseudomonas,R4,6,Pseudomonas | R4
83.07,Pseudomonas,R4,6,Pseudomonas | R4
84.07,Pseudomonas,R4,5.96,Pseudomonas | R4
85.07,Pseudomonas,R4,5.98,Pseudomonas | R4
86.07,Pseudomonas,R4,5.96,Pseudomonas | R4
87.07,Pseudomonas,R4,5.93,Pseudomonas | R4
88.07,Pseudomonas,R4,5.93,Pseudomonas | R4
89.07,Pseudomonas,R4,5.93,Pseudomonas | R4
90.07,Pseudomonas,R4,5.88,Pseudomonas | R4
91.07,Pseudomonas,R4,5.88,Pseudomonas | R4
92.07,Pseudomonas,R4,5.87,Pseudomonas | R4
93.07,Pseudomonas,R4,5.85,Pseudomonas | R4
94.07,Pseudomonas,R4,5.83,Pseudomonas | R4
95.07,Pseudomonas,R4,5.8,Pseudomonas | R4
96.07,Pseudomonas,R4,5.8,Pseudomonas | R4
97.07,Pseudomonas,R4,5.79,Pseudomonas | R4
98.07,Pseudomonas,R4,5.75,Pseudomonas | R4
99.07,Pseudomonas,R4,5.74,Pseudomonas | R4
100.07,Pseudomonas,R4,5.73,Pseudomonas | R4
101.07,Pseudomonas,R4,5.69,Pseudomonas | R4
102.07,Pseudomonas,R4,5.68,Pseudomonas | R4
103.07,Pseudomonas,R4,5.67,Pseudomonas | R4
104.07,Pseudomonas,R4,5.62,Pseudomonas | R4
105.07,Pseudomonas,R4,5.63,Pseudomonas | R4
106.07,Pseudomonas,R4,5.61,Pseudomonas | R4
107.07,Pseudomonas,R4,5.58,Pseudomonas | R4
108.07,Pseudomonas,R4,5.56,Pseudomonas | R4
109.07,Pseudomonas,R4,5.53,Pseudomonas | R4
110.07,Pseudomonas,R4,5.52,Pseudomonas | R4
111.07,Pseudomonas,R4,5.48,Pseudomonas | R4
112.07,Pseudomonas,R4,5.47,Pseudomonas | R4
113.07,Pseudomonas,R4,5.43,Pseudomonas | R4
114.07,Pseudomonas,R4,5.4,Pseudomonas | R4
115.07,Pseudomonas,R4,5.38,Pseudomonas | R4
116.07,Pseudomonas,R4,5.36,Pseudomonas | R4
117.07,Pseudomonas,R4,5.34,Pseudomonas | R4
118.07,Pseudomonas,R4,5.32,Pseudomonas | R4
119.07,Pseudomonas,R4,5.29,Pseudomonas | R4
120.07,Pseudomonas,R4,5.24,Pseudomonas | R4
121.07,Pseudomonas,R4,5.22,Pseudomonas | R4
122.07,Pseudomonas,R4,5.19,Pseudomonas | R4
123.07,Pseudomonas,R4,5.17,Pseudomonas | R4
124.08,Pseudomonas,R4,5.16,Pseudomonas | R4
125.08,Pseudomonas,R4,5.12,Pseudomonas | R4
126.08,Pseudomonas,R4,5.08,Pseudomonas | R4
127.08,Pseudomonas,R4,5.05,Pseudomonas | R4
128.08,Pseudomonas,R4,5.03,Pseudomonas | R4
129.08,Pseudomonas,R4,4.99,Pseudomonas | R4
130.08,Pseudomonas,R4,4.94,Pseudomonas | R4
131.08,Pseudomonas,R4,4.92,Pseudomonas | R4
132.08,Pseudomonas,R4,4.88,Pseudomonas | R4
133.08,Pseudomonas,R4,4.85,Pseudomonas | R4
134.08,Pseudomonas,R4,4.81,Pseudomonas | R4
135.08,Pseudomonas,R4,4.78,Pseudomonas | R4
136.08,Pseudomonas,R4,4.75,Pseudomonas | R4
137.08,Pseudomonas,R4,4.69,Pseudomonas | R4
138.08,Pseudomonas,R4,4.67,Pseudomonas | R4
139.08,Pseudomonas,R4,4.64,Pseudomonas | R4
140.08,Pseudomonas,R4,4.59,Pseudomonas | R4
141.08,Pseudomonas,R4,4.54,Pseudomonas | R4
142.08,Pseudomonas,R4,4.5,Pseudomonas | R4
143.08,Pseudomonas,R4,4.45,Pseudomonas | R4
144.08,Pseudomonas,R4,4.4,Pseudomonas | R4
145.08,Pseudomonas,R4,4.36,Pseudomonas | R4
146.08,Pseudomonas,R4,4.31,Pseudomonas | R4
147.08,Pseudomonas,R4,4.29,Pseudomonas | R4
148.08,Pseudomonas,R4,4.23,Pseudomonas | R4
149.08,Pseudomonas,R4,4.19,Pseudomonas | R4
150.08,Pseudomonas,R4,4.13,Pseudomonas | R4
151.08,Pseudomonas,R4,4.08,Pseudomonas | R4
152.08,Pseudomonas,R4,4.05,Pseudomonas | R4
153.08,Pseudomonas,R4,3.97,Pseudomonas | R4
154.08,Pseudomonas,R4,3.93,Pseudomonas | R4
155.08,Pseudomonas,R4,3.89,Pseudomonas | R4
156.08,Pseudomonas,R4,3.83,Pseudomonas | R4
157.08,Pseudomonas,R4,3.76,Pseudomonas | R4
158.08,Pseudomonas,R4,3.71,Pseudomonas | R4
159.08,Pseudomonas,R4,3.65,Pseudomonas | R4
160.08,Pseudomonas,R4,3.6,Pseudomonas | R4
161.08,Pseudomonas,R4,3.54,Pseudomonas | R4
162.08,Pseudomonas,R4,3.47,Pseudomonas | R4
163.08,Pseudomonas,R4,3.42,Pseudomonas | R4
164.08,Pseudomonas,R4,3.34,Pseudomonas | R4
165.08,Pseudomonas,R4,3.27,Pseudomonas | R4
166.08,Pseudomonas,R4,3.21,Pseudomonas | R4
167.08,Pseudomonas,R4,3.14,Pseudomonas | R4
168.08,Pseudomonas,R4,3.08,Pseudomonas | R4
169.08,Pseudomonas,R4,3.01,Pseudomonas | R4
170.08,Pseudomonas,R4,2.94,Pseudomonas | R4
171.08,Pseudomonas,R4,2.87,Pseudomonas | R4
172.08,Pseudomonas,R4,2.8,Pseudomonas | R4
173.08,Pseudomonas,R4,2.72,Pseudomonas | R4
174.08,Pseudomonas,R4,2.63,Pseudomonas | R4
175.08,Pseudomonas,R4,2.54,Pseudomonas | R4
176.08,Pseudomonas,R4,2.48,Pseudomonas | R4
177.08,Pseudomonas,R4,2.41,Pseudomonas | R4
178.08,Pseudomonas,R4,2.31,Pseudomonas | R4
179.1,Pseudomonas,R4,2.24,Pseudomonas | R4
180.1,Pseudomonas,R4,2.15,Pseudomonas | R4
181.1,Pseudomonas,R4,2.06,Pseudomonas | R4
182.1,Pseudomonas,R4,1.96,Pseudomonas | R4
183.1,Pseudomonas,R4,1.87,Pseudomonas | R4
184.1,Pseudomonas,R4,1.78,Pseudomonas | R4
185.1,Pseudomonas,R4,1.7,Pseudomonas | R4
186.1,Pseudomonas,R4,1.6,Pseudomonas | R4
187.1,Pseudomonas,R4,1.5,Pseudomonas | R4
188.1,Pseudomonas,R4,1.4,Pseudomonas | R4
189.1,Pseudomonas,R4,1.28,Pseudomonas | R4
190.1,Pseudomonas,R4,1.19,Pseudomonas | R4
191.1,Pseudomonas,R4,1.07,Pseudomonas | R4
192.1,Pseudomonas,R4,0.97,Pseudomonas | R4
193.1,Pseudomonas,R4,0.86,Pseudomonas | R4
194.1,Pseudomonas,R4,0.74,Pseudomonas | R4
195.1,Pseudomonas,R4,0.65,Pseudomonas | R4
196.1,Pseudomonas,R4,0.53,Pseudomonas | R4
197.1,Pseudomonas,R4,0.4,Pseudomonas | R4
198.1,Pseudomonas,R4,0.32,Pseudomonas | R4
199.1,Pseudomonas,R4,0.3,Pseudomonas | R4
200.1,Pseudomonas,R4,0.31,Pseudomonas | R4
201.1,Pseudomonas,R4,0.31,Pseudomonas | R4
202.1,Pseudomonas,R4,0.3,Pseudomonas | R4
203.1,Pseudomonas,R4,0.31,Pseudomonas | R4
204.1,Pseudomonas,R4,0.31,Pseudomonas | R4
205.1,Pseudomonas,R4,0.31,Pseudomonas | R4
206.1,Pseudomonas,R4,0.31,Pseudomonas | R4
207.1,Pseudomonas,R4,0.31,Pseudomonas | R4
208.1,Pseudomonas,R4,0.31,Pseudomonas | R4
209.1,Pseudomonas,R4,0.31,Pseudomonas | R4
210.1,Pseudomonas,R4,0.3,Pseudomonas | R4
211.1,Pseudomonas,R4,0.3,Pseudomonas | R4
212.1,Pseudomonas,R4,0.3,Pseudomonas | R4
0.03,Pseudomonas,R5,4.74,Pseudomonas | R5
1.05,Pseudomonas,R5,4.67,Pseudomonas | R5
2.05,Pseudomonas,R5,4.71,Pseudomonas | R5
3.05,Pseudomonas,R5,4.75,Pseudomonas | R5
4.05,Pseudomonas,R5,4.78,Pseudomonas | R5
5.05,Pseudomonas,R5,4.83,Pseudomonas | R5
6.05,Pseudomonas,R5,4.87,Pseudomonas | R5
7.05,Pseudomonas,R5,4.92,Pseudomonas | R5
8.05,Pseudomonas,R5,4.98,Pseudomonas | R5
9.05,Pseudomonas,R5,5.02,Pseudomonas | R5
10.05,Pseudomonas,R5,5.09,Pseudomonas | R5
11.05,Pseudomonas,R5,5.13,Pseudomonas | R5
12.05,Pseudomonas,R5,5.18,Pseudomonas | R5
13.05,Pseudomonas,R5,5.21,Pseudomonas | R5
14.05,Pseudomonas,R5,5.24,Pseudomonas | R5
15.05,Pseudomonas,R5,5.27,Pseudomonas | R5
16.05,Pseudomonas,R5,5.32,Pseudomonas | R5
17.05,Pseudomonas,R5,5.35,Pseudomonas | R5
18.05,Pseudomonas,R5,5.38,Pseudomonas | R5
19.05,Pseudomonas,R5,5.4,Pseudomonas | R5
20.05,Pseudomonas,R5,5.42,Pseudomonas | R5
21.05,Pseudomonas,R5,5.46,Pseudomonas | R5
22.05,Pseudomonas,R5,5.49,Pseudomonas | R5
23.05,Pseudomonas,R5,5.51,Pseudomonas | R5
24.05,Pseudomonas,R5,5.53,Pseudomonas | R5
25.05,Pseudomonas,R5,5.55,Pseudomonas | R5
26.05,Pseudomonas,R5,5.59,Pseudomonas | R5
27.05,Pseudomonas,R5,5.6,Pseudomonas | R5
28.05,Pseudomonas,R5,5.62,Pseudomonas | R5
29.05,Pseudomonas,R5,5.64,Pseudomonas | R5
30.05,Pseudomonas,R5,5.67,Pseudomonas | R5
31.05,Pseudomonas,R5,5.68,Pseudomonas | R5
32.05,Pseudomonas,R5,5.71,Pseudomonas | R5
33.05,Pseudomonas,R5,5.73,Pseudomonas | R5
34.05,Pseudomonas,R5,5.74,Pseudomonas | R5
35.05,Pseudomonas,R5,5.75,Pseudomonas | R5
36.05,Pseudomonas,R5,5.77,Pseudomonas | R5
37.05,Pseudomonas,R5,5.8,Pseudomonas | R5
38.05,Pseudomonas,R5,5.83,Pseudomonas | R5
39.05,Pseudomonas,R5,5.83,Pseudomonas | R5
40.05,Pseudomonas,R5,5.85,Pseudomonas | R5
41.05,Pseudomonas,R5,5.87,Pseudomonas | R5
42.07,Pseudomonas,R5,5.87,Pseudomonas | R5
43.07,Pseudomonas,R5,5.87,Pseudomonas | R5
44.07,Pseudomonas,R5,5.89,Pseudomonas | R5
45.07,Pseudomonas,R5,5.89,Pseudomonas | R5
46.07,Pseudomonas,R5,5.91,Pseudomonas | R5
47.07,Pseudomonas,R5,5.91,Pseudomonas | R5
48.07,Pseudomonas,R5,5.92,Pseudomonas | R5
49.07,Pseudomonas,R5,5.94,Pseudomonas | R5
50.07,Pseudomonas,R5,5.95,Pseudomonas | R5
51.07,Pseudomonas,R5,5.95,Pseudomonas | R5
52.07,Pseudomonas,R5,5.96,Pseudomonas | R5
53.07,Pseudomonas,R5,5.97,Pseudomonas | R5
54.07,Pseudomonas,R5,5.98,Pseudomonas | R5
55.07,Pseudomonas,R5,5.98,Pseudomonas | R5
56.07,Pseudomonas,R5,5.97,Pseudomonas | R5
57.07,Pseudomonas,R5,5.98,Pseudomonas | R5
58.07,Pseudomonas,R5,5.99,Pseudomonas | R5
59.07,Pseudomonas,R5,5.99,Pseudomonas | R5
60.07,Pseudomonas,R5,5.99,Pseudomonas | R5
61.07,Pseudomonas,R5,6,Pseudomonas | R5
62.07,Pseudomonas,R5,6.01,Pseudomonas | R5
63.07,Pseudomonas,R5,6.01,Pseudomonas | R5
64.07,Pseudomonas,R5,6.01,Pseudomonas | R5
65.07,Pseudomonas,R5,5.99,Pseudomonas | R5
66.07,Pseudomonas,R5,5.98,Pseudomonas | R5
67.07,Pseudomonas,R5,5.98,Pseudomonas | R5
68.07,Pseudomonas,R5,5.96,Pseudomonas | R5
69.07,Pseudomonas,R5,5.95,Pseudomonas | R5
70.07,Pseudomonas,R5,5.95,Pseudomonas | R5
71.07,Pseudomonas,R5,5.95,Pseudomonas | R5
72.07,Pseudomonas,R5,5.93,Pseudomonas | R5
73.07,Pseudomonas,R5,5.9,Pseudomonas | R5
74.07,Pseudomonas,R5,5.9,Pseudomonas | R5
75.07,Pseudomonas,R5,5.9,Pseudomonas | R5
76.07,Pseudomonas,R5,5.89,Pseudomonas | R5
77.07,Pseudomonas,R5,5.87,Pseudomonas | R5
78.07,Pseudomonas,R5,5.87,Pseudomonas | R5
79.07,Pseudomonas,R5,5.84,Pseudomonas | R5
80.07,Pseudomonas,R5,5.84,Pseudomonas | R5
81.07,Pseudomonas,R5,5.82,Pseudomonas | R5
82.07,Pseudomonas,R5,5.81,Pseudomonas | R5
83.07,Pseudomonas,R5,5.81,Pseudomonas | R5
84.07,Pseudomonas,R5,5.8,Pseudomonas | R5
85.07,Pseudomonas,R5,5.78,Pseudomonas | R5
86.07,Pseudomonas,R5,5.76,Pseudomonas | R5
87.07,Pseudomonas,R5,5.74,Pseudomonas | R5
88.07,Pseudomonas,R5,5.75,Pseudomonas | R5
89.07,Pseudomonas,R5,5.73,Pseudomonas | R5
90.07,Pseudomonas,R5,5.7,Pseudomonas | R5
91.07,Pseudomonas,R5,5.7,Pseudomonas | R5
92.07,Pseudomonas,R5,5.69,Pseudomonas | R5
93.07,Pseudomonas,R5,5.66,Pseudomonas | R5
94.07,Pseudomonas,R5,5.66,Pseudomonas | R5
95.07,Pseudomonas,R5,5.63,Pseudomonas | R5
96.07,Pseudomonas,R5,5.6,Pseudomonas | R5
97.07,Pseudomonas,R5,5.6,Pseudomonas | R5
98.07,Pseudomonas,R5,5.59,Pseudomonas | R5
99.07,Pseudomonas,R5,5.57,Pseudomonas | R5
100.07,Pseudomonas,R5,5.52,Pseudomonas | R5
101.07,Pseudomonas,R5,5.53,Pseudomonas | R5
102.07,Pseudomonas,R5,5.51,Pseudomonas | R5
103.07,Pseudomonas,R5,5.49,Pseudomonas | R5
104.07,Pseudomonas,R5,5.49,Pseudomonas | R5
105.07,Pseudomonas,R5,5.45,Pseudomonas | R5
106.07,Pseudomonas,R5,5.43,Pseudomonas | R5
107.07,Pseudomonas,R5,5.4,Pseudomonas | R5
108.07,Pseudomonas,R5,5.38,Pseudomonas | R5
109.07,Pseudomonas,R5,5.37,Pseudomonas | R5
110.07,Pseudomonas,R5,5.34,Pseudomonas | R5
111.07,Pseudomonas,R5,5.33,Pseudomonas | R5
112.07,Pseudomonas,R5,5.3,Pseudomonas | R5
113.07,Pseudomonas,R5,5.28,Pseudomonas | R5
114.07,Pseudomonas,R5,5.26,Pseudomonas | R5
115.07,Pseudomonas,R5,5.21,Pseudomonas | R5
116.07,Pseudomonas,R5,5.19,Pseudomonas | R5
117.07,Pseudomonas,R5,5.17,Pseudomonas | R5
118.07,Pseudomonas,R5,5.15,Pseudomonas | R5
119.07,Pseudomonas,R5,5.12,Pseudomonas | R5
120.07,Pseudomonas,R5,5.09,Pseudomonas | R5
121.07,Pseudomonas,R5,5.07,Pseudomonas | R5
122.07,Pseudomonas,R5,5.04,Pseudomonas | R5
123.07,Pseudomonas,R5,4.99,Pseudomonas | R5
124.08,Pseudomonas,R5,4.96,Pseudomonas | R5
125.08,Pseudomonas,R5,4.95,Pseudomonas | R5
126.08,Pseudomonas,R5,4.89,Pseudomonas | R5
127.08,Pseudomonas,R5,4.87,Pseudomonas | R5
128.08,Pseudomonas,R5,4.83,Pseudomonas | R5
129.08,Pseudomonas,R5,4.81,Pseudomonas | R5
130.08,Pseudomonas,R5,4.76,Pseudomonas | R5
131.08,Pseudomonas,R5,4.72,Pseudomonas | R5
132.08,Pseudomonas,R5,4.69,Pseudomonas | R5
133.08,Pseudomonas,R5,4.65,Pseudomonas | R5
134.08,Pseudomonas,R5,4.62,Pseudomonas | R5
135.08,Pseudomonas,R5,4.56,Pseudomonas | R5
136.08,Pseudomonas,R5,4.54,Pseudomonas | R5
137.08,Pseudomonas,R5,4.49,Pseudomonas | R5
138.08,Pseudomonas,R5,4.45,Pseudomonas | R5
139.08,Pseudomonas,R5,4.4,Pseudomonas | R5
140.08,Pseudomonas,R5,4.35,Pseudomonas | R5
141.08,Pseudomonas,R5,4.31,Pseudomonas | R5
142.08,Pseudomonas,R5,4.27,Pseudomonas | R5
143.08,Pseudomonas,R5,4.23,Pseudomonas | R5
144.08,Pseudomonas,R5,4.16,Pseudomonas | R5
145.08,Pseudomonas,R5,4.12,Pseudomonas | R5
146.08,Pseudomonas,R5,4.06,Pseudomonas | R5
147.08,Pseudomonas,R5,4.03,Pseudomonas | R5
148.08,Pseudomonas,R5,3.95,Pseudomonas | R5
149.08,Pseudomonas,R5,3.9,Pseudomonas | R5
150.08,Pseudomonas,R5,3.84,Pseudomonas | R5
151.08,Pseudomonas,R5,3.8,Pseudomonas | R5
152.08,Pseudomonas,R5,3.75,Pseudomonas | R5
153.08,Pseudomonas,R5,3.68,Pseudomonas | R5
154.08,Pseudomonas,R5,3.62,Pseudomonas | R5
155.08,Pseudomonas,R5,3.54,Pseudomonas | R5
156.08,Pseudomonas,R5,3.48,Pseudomonas | R5
157.08,Pseudomonas,R5,3.42,Pseudomonas | R5
158.08,Pseudomonas,R5,3.34,Pseudomonas | R5
159.08,Pseudomonas,R5,3.29,Pseudomonas | R5
160.08,Pseudomonas,R5,3.22,Pseudomonas | R5
161.08,Pseudomonas,R5,3.14,Pseudomonas | R5
162.08,Pseudomonas,R5,3.05,Pseudomonas | R5
163.08,Pseudomonas,R5,2.99,Pseudomonas | R5
164.08,Pseudomonas,R5,2.91,Pseudomonas | R5
165.08,Pseudomonas,R5,2.84,Pseudomonas | R5
166.08,Pseudomonas,R5,2.75,Pseudomonas | R5
167.08,Pseudomonas,R5,2.67,Pseudomonas | R5
168.08,Pseudomonas,R5,2.58,Pseudomonas | R5
169.08,Pseudomonas,R5,2.49,Pseudomonas | R5
170.08,Pseudomonas,R5,2.42,Pseudomonas | R5
171.08,Pseudomonas,R5,2.32,Pseudomonas | R5
172.08,Pseudomonas,R5,2.23,Pseudomonas | R5
173.08,Pseudomonas,R5,2.15,Pseudomonas | R5
174.08,Pseudomonas,R5,2.05,Pseudomonas | R5
175.08,Pseudomonas,R5,1.96,Pseudomonas | R5
176.08,Pseudomonas,R5,1.84,Pseudomonas | R5
177.08,Pseudomonas,R5,1.73,Pseudomonas | R5
178.08,Pseudomonas,R5,1.63,Pseudomonas | R5
179.1,Pseudomonas,R5,1.53,Pseudomonas | R5
180.1,Pseudomonas,R5,1.42,Pseudomonas | R5
181.1,Pseudomonas,R5,1.28,Pseudomonas | R5
182.1,Pseudomonas,R5,1.19,Pseudomonas | R5
183.1,Pseudomonas,R5,1.07,Pseudomonas | R5
184.1,Pseudomonas,R5,0.95,Pseudomonas | R5
185.1,Pseudomonas,R5,0.82,Pseudomonas | R5
186.1,Pseudomonas,R5,0.7,Pseudomonas | R5
187.1,Pseudomonas,R5,0.56,Pseudomonas | R5
188.1,Pseudomonas,R5,0.43,Pseudomonas | R5
189.1,Pseudomonas,R5,0.28,Pseudomonas | R5
190.1,Pseudomonas,R5,0.15,Pseudomonas | R5
191.1,Pseudomonas,R5,0.03,Pseudomonas | R5
192.1,Pseudomonas,R5,0,Pseudomonas | R5
193.1,Pseudomonas,R5,0,Pseudomonas | R5
194.1,Pseudomonas,R5,0,Pseudomonas | R5
195.1,Pseudomonas,R5,0,Pseudomonas | R5
196.1,Pseudomonas,R5,0,Pseudomonas | R5
197.1,Pseudomonas,R5,0,Pseudomonas | R5
198.1,Pseudomonas,R5,0,Pseudomonas | R5
199.1,Pseudomonas,R5,0,Pseudomonas | R5
200.1,Pseudomonas,R5,0,Pseudomonas | R5
201.1,Pseudomonas,R5,0,Pseudomonas | R5
202.1,Pseudomonas,R5,0,Pseudomonas | R5
203.1,Pseudomonas,R5,0,Pseudomonas | R5
204.1,Pseudomonas,R5,0,Pseudomonas | R5
205.1,Pseudomonas,R5,0,Pseudomonas | R5
206.1,Pseudomonas,R5,0,Pseudomonas | R5
207.1,Pseudomonas,R5,0,Pseudomonas | R5
208.1,Pseudomonas,R5,0,Pseudomonas | R5
209.1,Pseudomonas,R5,0,Pseudomonas | R5
210.1,Pseudomonas,R5,0,Pseudomonas | R5
211.1,Pseudomonas,R5,0,Pseudomonas | R5
212.1,Pseudomonas,R5,0,Pseudomonas | R5
0.03,Serratia,R1,4.65,Serratia | R1
1.05,Serratia,R1,4.64,Serratia | R1
2.05,Serratia,R1,4.68,Serratia | R1
3.05,Serratia,R1,4.73,Serratia | R1
4.05,Serratia,R1,4.8,Serratia | R1
5.05,Serratia,R1,4.86,Serratia | R1
6.05,Serratia,R1,4.94,Serratia | R1
7.05,Serratia,R1,5,Serratia | R1
8.05,Serratia,R1,5.05,Serratia | R1
9.05,Serratia,R1,5.09,Serratia | R1
10.05,Serratia,R1,5.17,Serratia | R1
11.05,Serratia,R1,5.21,Serratia | R1
12.05,Serratia,R1,5.26,Serratia | R1
13.05,Serratia,R1,5.28,Serratia | R1
14.05,Serratia,R1,5.33,Serratia | R1
15.05,Serratia,R1,5.38,Serratia | R1
16.05,Serratia,R1,5.41,Serratia | R1
17.05,Serratia,R1,5.45,Serratia | R1
18.05,Serratia,R1,5.48,Serratia | R1
19.05,Serratia,R1,5.5,Serratia | R1
20.05,Serratia,R1,5.53,Serratia | R1
21.05,Serratia,R1,5.56,Serratia | R1
22.05,Serratia,R1,5.59,Serratia | R1
23.05,Serratia,R1,5.61,Serratia | R1
24.05,Serratia,R1,5.62,Serratia | R1
25.05,Serratia,R1,5.65,Serratia | R1
26.05,Serratia,R1,5.66,Serratia | R1
27.05,Serratia,R1,5.69,Serratia | R1
28.05,Serratia,R1,5.7,Serratia | R1
29.05,Serratia,R1,5.71,Serratia | R1
30.05,Serratia,R1,5.73,Serratia | R1
31.05,Serratia,R1,5.73,Serratia | R1
32.05,Serratia,R1,5.74,Serratia | R1
33.05,Serratia,R1,5.76,Serratia | R1
34.05,Serratia,R1,5.78,Serratia | R1
35.05,Serratia,R1,5.77,Serratia | R1
36.05,Serratia,R1,5.8,Serratia | R1
37.05,Serratia,R1,5.81,Serratia | R1
38.05,Serratia,R1,5.81,Serratia | R1
39.05,Serratia,R1,5.81,Serratia | R1
40.05,Serratia,R1,5.81,Serratia | R1
41.05,Serratia,R1,5.83,Serratia | R1
42.07,Serratia,R1,5.84,Serratia | R1
43.07,Serratia,R1,5.84,Serratia | R1
44.07,Serratia,R1,5.84,Serratia | R1
45.07,Serratia,R1,5.84,Serratia | R1
46.07,Serratia,R1,5.83,Serratia | R1
47.07,Serratia,R1,5.86,Serratia | R1
48.07,Serratia,R1,5.85,Serratia | R1
49.07,Serratia,R1,5.83,Serratia | R1
50.07,Serratia,R1,5.83,Serratia | R1
51.07,Serratia,R1,5.82,Serratia | R1
52.07,Serratia,R1,5.81,Serratia | R1
53.07,Serratia,R1,5.8,Serratia | R1
54.07,Serratia,R1,5.79,Serratia | R1
55.07,Serratia,R1,5.77,Serratia | R1
56.07,Serratia,R1,5.77,Serratia | R1
57.07,Serratia,R1,5.77,Serratia | R1
58.07,Serratia,R1,5.73,Serratia | R1
59.07,Serratia,R1,5.72,Serratia | R1
60.07,Serratia,R1,5.71,Serratia | R1
61.07,Serratia,R1,5.7,Serratia | R1
62.07,Serratia,R1,5.68,Serratia | R1
63.07,Serratia,R1,5.68,Serratia | R1
64.07,Serratia,R1,5.67,Serratia | R1
65.07,Serratia,R1,5.64,Serratia | R1
66.07,Serratia,R1,5.64,Serratia | R1
67.07,Serratia,R1,5.61,Serratia | R1
68.07,Serratia,R1,5.61,Serratia | R1
69.07,Serratia,R1,5.59,Serratia | R1
70.07,Serratia,R1,5.58,Serratia | R1
71.07,Serratia,R1,5.56,Serratia | R1
72.07,Serratia,R1,5.53,Serratia | R1
73.07,Serratia,R1,5.53,Serratia | R1
74.07,Serratia,R1,5.5,Serratia | R1
75.07,Serratia,R1,5.5,Serratia | R1
76.07,Serratia,R1,5.47,Serratia | R1
77.07,Serratia,R1,5.46,Serratia | R1
78.07,Serratia,R1,5.43,Serratia | R1
79.07,Serratia,R1,5.41,Serratia | R1
80.07,Serratia,R1,5.41,Serratia | R1
81.07,Serratia,R1,5.38,Serratia | R1
82.07,Serratia,R1,5.36,Serratia | R1
83.07,Serratia,R1,5.34,Serratia | R1
84.07,Serratia,R1,5.32,Serratia | R1
85.07,Serratia,R1,5.29,Serratia | R1
86.07,Serratia,R1,5.29,Serratia | R1
87.07,Serratia,R1,5.24,Serratia | R1
88.07,Serratia,R1,5.23,Serratia | R1
89.07,Serratia,R1,5.21,Serratia | R1
90.07,Serratia,R1,5.2,Serratia | R1
91.07,Serratia,R1,5.16,Serratia | R1
92.07,Serratia,R1,5.14,Serratia | R1
93.07,Serratia,R1,5.11,Serratia | R1
94.07,Serratia,R1,5.07,Serratia | R1
95.07,Serratia,R1,5.04,Serratia | R1
96.07,Serratia,R1,5.03,Serratia | R1
97.07,Serratia,R1,5.01,Serratia | R1
98.07,Serratia,R1,4.97,Serratia | R1
99.07,Serratia,R1,4.95,Serratia | R1
100.07,Serratia,R1,4.92,Serratia | R1
101.07,Serratia,R1,4.9,Serratia | R1
102.07,Serratia,R1,4.85,Serratia | R1
103.07,Serratia,R1,4.82,Serratia | R1
104.07,Serratia,R1,4.8,Serratia | R1
105.07,Serratia,R1,4.77,Serratia | R1
106.07,Serratia,R1,4.75,Serratia | R1
107.07,Serratia,R1,4.69,Serratia | R1
108.07,Serratia,R1,4.68,Serratia | R1
109.07,Serratia,R1,4.62,Serratia | R1
110.07,Serratia,R1,4.58,Serratia | R1
111.07,Serratia,R1,4.55,Serratia | R1
112.07,Serratia,R1,4.52,Serratia | R1
113.07,Serratia,R1,4.48,Serratia | R1
114.07,Serratia,R1,4.44,Serratia | R1
115.07,Serratia,R1,4.39,Serratia | R1
116.07,Serratia,R1,4.35,Serratia | R1
117.07,Serratia,R1,4.29,Serratia | R1
118.07,Serratia,R1,4.28,Serratia | R1
119.07,Serratia,R1,4.24,Serratia | R1
120.07,Serratia,R1,4.18,Serratia | R1
121.07,Serratia,R1,4.14,Serratia | R1
122.07,Serratia,R1,4.09,Serratia | R1
123.07,Serratia,R1,4.04,Serratia | R1
124.08,Serratia,R1,4,Serratia | R1
125.08,Serratia,R1,3.94,Serratia | R1
126.08,Serratia,R1,3.92,Serratia | R1
127.08,Serratia,R1,3.86,Serratia | R1
128.08,Serratia,R1,3.79,Serratia | R1
129.08,Serratia,R1,3.74,Serratia | R1
130.08,Serratia,R1,3.7,Serratia | R1
131.08,Serratia,R1,3.63,Serratia | R1
132.08,Serratia,R1,3.56,Serratia | R1
133.08,Serratia,R1,3.53,Serratia | R1
134.08,Serratia,R1,3.45,Serratia | R1
135.08,Serratia,R1,3.4,Serratia | R1
136.08,Serratia,R1,3.35,Serratia | R1
137.08,Serratia,R1,3.28,Serratia | R1
138.08,Serratia,R1,3.21,Serratia | R1
139.08,Serratia,R1,3.15,Serratia | R1
140.08,Serratia,R1,3.08,Serratia | R1
141.08,Serratia,R1,3.02,Serratia | R1
142.08,Serratia,R1,2.93,Serratia | R1
143.08,Serratia,R1,2.86,Serratia | R1
144.08,Serratia,R1,2.8,Serratia | R1
145.08,Serratia,R1,2.71,Serratia | R1
146.08,Serratia,R1,2.64,Serratia | R1
147.08,Serratia,R1,2.57,Serratia | R1
148.08,Serratia,R1,2.5,Serratia | R1
149.08,Serratia,R1,2.4,Serratia | R1
150.08,Serratia,R1,2.32,Serratia | R1
151.08,Serratia,R1,2.24,Serratia | R1
152.08,Serratia,R1,2.16,Serratia | R1
153.08,Serratia,R1,2.08,Serratia | R1
154.08,Serratia,R1,1.99,Serratia | R1
155.08,Serratia,R1,1.88,Serratia | R1
156.08,Serratia,R1,1.79,Serratia | R1
157.08,Serratia,R1,1.7,Serratia | R1
158.08,Serratia,R1,1.6,Serratia | R1
159.08,Serratia,R1,1.51,Serratia | R1
160.08,Serratia,R1,1.39,Serratia | R1
161.08,Serratia,R1,1.3,Serratia | R1
162.08,Serratia,R1,1.21,Serratia | R1
163.08,Serratia,R1,1.1,Serratia | R1
164.08,Serratia,R1,0.98,Serratia | R1
165.08,Serratia,R1,0.87,Serratia | R1
166.08,Serratia,R1,0.75,Serratia | R1
167.08,Serratia,R1,0.65,Serratia | R1
168.08,Serratia,R1,0.51,Serratia | R1
169.08,Serratia,R1,0.4,Serratia | R1
170.08,Serratia,R1,0.27,Serratia | R1
171.08,Serratia,R1,0.13,Serratia | R1
172.08,Serratia,R1,0.01,Serratia | R1
173.08,Serratia,R1,0,Serratia | R1
174.08,Serratia,R1,0,Serratia | R1
175.08,Serratia,R1,0,Serratia | R1
176.08,Serratia,R1,0,Serratia | R1
177.08,Serratia,R1,0,Serratia | R1
178.08,Serratia,R1,0,Serratia | R1
179.1,Serratia,R1,0,Serratia | R1
180.1,Serratia,R1,0,Serratia | R1
181.1,Serratia,R1,0,Serratia | R1
182.1,Serratia,R1,0,Serratia | R1
183.1,Serratia,R1,0,Serratia | R1
184.1,Serratia,R1,0,Serratia | R1
185.1,Serratia,R1,0,Serratia | R1
186.1,Serratia,R1,0,Serratia | R1
187.1,Serratia,R1,0,Serratia | R1
188.1,Serratia,R1,0,Serratia | R1
189.1,Serratia,R1,0,Serratia | R1
190.1,Serratia,R1,0,Serratia | R1
191.1,Serratia,R1,0,Serratia | R1
192.1,Serratia,R1,0,Serratia | R1
193.1,Serratia,R1,0,Serratia | R1
194.1,Serratia,R1,0,Serratia | R1
195.1,Serratia,R1,0,Serratia | R1
196.1,Serratia,R1,0,Serratia | R1
197.1,Serratia,R1,0,Serratia | R1
198.1,Serratia,R1,0,Serratia | R1
199.1,Serratia,R1,0,Serratia | R1
200.1,Serratia,R1,0,Serratia | R1
201.1,Serratia,R1,0,Serratia | R1
202.1,Serratia,R1,0,Serratia | R1
203.1,Serratia,R1,0,Serratia | R1
204.1,Serratia,R1,0,Serratia | R1
205.1,Serratia,R1,0,Serratia | R1
206.1,Serratia,R1,0,Serratia | R1
207.1,Serratia,R1,0,Serratia | R1
208.1,Serratia,R1,0,Serratia | R1
209.1,Serratia,R1,0,Serratia | R1
210.1,Serratia,R1,0,Serratia | R1
211.1,Serratia,R1,0,Serratia | R1
212.1,Serratia,R1,0,Serratia | R1
0.03,Serratia,R2,4.7,Serratia | R2
1.05,Serratia,R2,4.71,Serratia | R2
2.05,Serratia,R2,4.75,Serratia | R2
3.05,Serratia,R2,4.83,Serratia | R2
4.05,Serratia,R2,4.88,Serratia | R2
5.05,Serratia,R2,4.92,Serratia | R2
6.05,Serratia,R2,4.97,Serratia | R2
7.05,Serratia,R2,5.03,Serratia | R2
8.05,Serratia,R2,5.08,Serratia | R2
9.05,Serratia,R2,5.13,Serratia | R2
10.05,Serratia,R2,5.17,Serratia | R2
11.05,Serratia,R2,5.22,Serratia | R2
12.05,Serratia,R2,5.25,Serratia | R2
13.05,Serratia,R2,5.27,Serratia | R2
14.05,Serratia,R2,5.32,Serratia | R2
15.05,Serratia,R2,5.36,Serratia | R2
16.05,Serratia,R2,5.38,Serratia | R2
17.05,Serratia,R2,5.4,Serratia | R2
18.05,Serratia,R2,5.45,Serratia | R2
19.05,Serratia,R2,5.47,Serratia | R2
20.05,Serratia,R2,5.49,Serratia | R2
21.05,Serratia,R2,5.51,Serratia | R2
22.05,Serratia,R2,5.54,Serratia | R2
23.05,Serratia,R2,5.56,Serratia | R2
24.05,Serratia,R2,5.56,Serratia | R2
25.05,Serratia,R2,5.58,Serratia | R2
26.05,Serratia,R2,5.59,Serratia | R2
27.05,Serratia,R2,5.61,Serratia | R2
28.05,Serratia,R2,5.63,Serratia | R2
29.05,Serratia,R2,5.63,Serratia | R2
30.05,Serratia,R2,5.65,Serratia | R2
31.05,Serratia,R2,5.66,Serratia | R2
32.05,Serratia,R2,5.67,Serratia | R2
33.05,Serratia,R2,5.68,Serratia | R2
34.05,Serratia,R2,5.7,Serratia | R2
35.05,Serratia,R2,5.7,Serratia | R2
36.05,Serratia,R2,5.72,Serratia | R2
37.05,Serratia,R2,5.73,Serratia | R2
38.05,Serratia,R2,5.73,Serratia | R2
39.05,Serratia,R2,5.73,Serratia | R2
40.05,Serratia,R2,5.73,Serratia | R2
41.05,Serratia,R2,5.74,Serratia | R2
42.07,Serratia,R2,5.74,Serratia | R2
43.07,Serratia,R2,5.76,Serratia | R2
44.07,Serratia,R2,5.77,Serratia | R2
45.07,Serratia,R2,5.74,Serratia | R2
46.07,Serratia,R2,5.75,Serratia | R2
47.07,Serratia,R2,5.75,Serratia | R2
48.07,Serratia,R2,5.73,Serratia | R2
49.07,Serratia,R2,5.73,Serratia | R2
50.07,Serratia,R2,5.73,Serratia | R2
51.07,Serratia,R2,5.72,Serratia | R2
52.07,Serratia,R2,5.71,Serratia | R2
53.07,Serratia,R2,5.71,Serratia | R2
54.07,Serratia,R2,5.7,Serratia | R2
55.07,Serratia,R2,5.7,Serratia | R2
56.07,Serratia,R2,5.7,Serratia | R2
57.07,Serratia,R2,5.69,Serratia | R2
58.07,Serratia,R2,5.68,Serratia | R2
59.07,Serratia,R2,5.68,Serratia | R2
60.07,Serratia,R2,5.66,Serratia | R2
61.07,Serratia,R2,5.66,Serratia | R2
62.07,Serratia,R2,5.65,Serratia | R2
63.07,Serratia,R2,5.65,Serratia | R2
64.07,Serratia,R2,5.63,Serratia | R2
65.07,Serratia,R2,5.65,Serratia | R2
66.07,Serratia,R2,5.62,Serratia | R2
67.07,Serratia,R2,5.62,Serratia | R2
68.07,Serratia,R2,5.61,Serratia | R2
69.07,Serratia,R2,5.6,Serratia | R2
70.07,Serratia,R2,5.59,Serratia | R2
71.07,Serratia,R2,5.59,Serratia | R2
72.07,Serratia,R2,5.57,Serratia | R2
73.07,Serratia,R2,5.57,Serratia | R2
74.07,Serratia,R2,5.55,Serratia | R2
75.07,Serratia,R2,5.53,Serratia | R2
76.07,Serratia,R2,5.53,Serratia | R2
77.07,Serratia,R2,5.53,Serratia | R2
78.07,Serratia,R2,5.51,Serratia | R2
79.07,Serratia,R2,5.5,Serratia | R2
80.07,Serratia,R2,5.49,Serratia | R2
81.07,Serratia,R2,5.48,Serratia | R2
82.07,Serratia,R2,5.46,Serratia | R2
83.07,Serratia,R2,5.44,Serratia | R2
84.07,Serratia,R2,5.45,Serratia | R2
85.07,Serratia,R2,5.43,Serratia | R2
86.07,Serratia,R2,5.41,Serratia | R2
87.07,Serratia,R2,5.39,Serratia | R2
88.07,Serratia,R2,5.39,Serratia | R2
89.07,Serratia,R2,5.37,Serratia | R2
90.07,Serratia,R2,5.36,Serratia | R2
91.07,Serratia,R2,5.33,Serratia | R2
92.07,Serratia,R2,5.33,Serratia | R2
93.07,Serratia,R2,5.3,Serratia | R2
94.07,Serratia,R2,5.29,Serratia | R2
95.07,Serratia,R2,5.26,Serratia | R2
96.07,Serratia,R2,5.25,Serratia | R2
97.07,Serratia,R2,5.23,Serratia | R2
98.07,Serratia,R2,5.21,Serratia | R2
99.07,Serratia,R2,5.2,Serratia | R2
100.07,Serratia,R2,5.17,Serratia | R2
101.07,Serratia,R2,5.17,Serratia | R2
102.07,Serratia,R2,5.12,Serratia | R2
103.07,Serratia,R2,5.11,Serratia | R2
104.07,Serratia,R2,5.1,Serratia | R2
105.07,Serratia,R2,5.05,Serratia | R2
106.07,Serratia,R2,5.03,Serratia | R2
107.07,Serratia,R2,5.02,Serratia | R2
108.07,Serratia,R2,5,Serratia | R2
109.07,Serratia,R2,4.98,Serratia | R2
110.07,Serratia,R2,4.95,Serratia | R2
111.07,Serratia,R2,4.91,Serratia | R2
112.07,Serratia,R2,4.89,Serratia | R2
113.07,Serratia,R2,4.86,Serratia | R2
114.07,Serratia,R2,4.83,Serratia | R2
115.07,Serratia,R2,4.8,Serratia | R2
116.07,Serratia,R2,4.76,Serratia | R2
117.07,Serratia,R2,4.73,Serratia | R2
118.07,Serratia,R2,4.71,Serratia | R2
119.07,Serratia,R2,4.67,Serratia | R2
120.07,Serratia,R2,4.63,Serratia | R2
121.07,Serratia,R2,4.59,Serratia | R2
122.07,Serratia,R2,4.56,Serratia | R2
123.07,Serratia,R2,4.53,Serratia | R2
124.08,Serratia,R2,4.49,Serratia | R2
125.08,Serratia,R2,4.43,Serratia | R2
126.08,Serratia,R2,4.4,Serratia | R2
127.08,Serratia,R2,4.36,Serratia | R2
128.08,Serratia,R2,4.32,Serratia | R2
129.08,Serratia,R2,4.26,Serratia | R2
130.08,Serratia,R2,4.23,Serratia | R2
131.08,Serratia,R2,4.18,Serratia | R2
132.08,Serratia,R2,4.13,Serratia | R2
133.08,Serratia,R2,4.09,Serratia | R2
134.08,Serratia,R2,4.04,Serratia | R2
135.08,Serratia,R2,3.97,Serratia | R2
136.08,Serratia,R2,3.93,Serratia | R2
137.08,Serratia,R2,3.87,Serratia | R2
138.08,Serratia,R2,3.82,Serratia | R2
139.08,Serratia,R2,3.76,Serratia | R2
140.08,Serratia,R2,3.71,Serratia | R2
141.08,Serratia,R2,3.63,Serratia | R2
142.08,Serratia,R2,3.58,Serratia | R2
143.08,Serratia,R2,3.5,Serratia | R2
144.08,Serratia,R2,3.43,Serratia | R2
145.08,Serratia,R2,3.38,Serratia | R2
146.08,Serratia,R2,3.3,Serratia | R2
147.08,Serratia,R2,3.23,Serratia | R2
148.08,Serratia,R2,3.15,Serratia | R2
149.08,Serratia,R2,3.08,Serratia | R2
150.08,Serratia,R2,2.99,Serratia | R2
151.08,Serratia,R2,2.91,Serratia | R2
152.08,Serratia,R2,2.83,Serratia | R2
153.08,Serratia,R2,2.73,Serratia | R2
154.08,Serratia,R2,2.65,Serratia | R2
155.08,Serratia,R2,2.56,Serratia | R2
156.08,Serratia,R2,2.47,Serratia | R2
157.08,Serratia,R2,2.38,Serratia | R2
158.08,Serratia,R2,2.27,Serratia | R2
159.08,Serratia,R2,2.17,Serratia | R2
160.08,Serratia,R2,2.07,Serratia | R2
161.08,Serratia,R2,1.95,Serratia | R2
162.08,Serratia,R2,1.85,Serratia | R2
163.08,Serratia,R2,1.74,Serratia | R2
164.08,Serratia,R2,1.62,Serratia | R2
165.08,Serratia,R2,1.49,Serratia | R2
166.08,Serratia,R2,1.39,Serratia | R2
167.08,Serratia,R2,1.26,Serratia | R2
168.08,Serratia,R2,1.13,Serratia | R2
169.08,Serratia,R2,0.97,Serratia | R2
170.08,Serratia,R2,0.86,Serratia | R2
171.08,Serratia,R2,0.71,Serratia | R2
172.08,Serratia,R2,0.55,Serratia | R2
173.08,Serratia,R2,0.41,Serratia | R2
174.08,Serratia,R2,0.25,Serratia | R2
175.08,Serratia,R2,0.1,Serratia | R2
176.08,Serratia,R2,0.01,Serratia | R2
177.08,Serratia,R2,0,Serratia | R2
178.08,Serratia,R2,0,Serratia | R2
179.1,Serratia,R2,0,Serratia | R2
180.1,Serratia,R2,0,Serratia | R2
181.1,Serratia,R2,0,Serratia | R2
182.1,Serratia,R2,0,Serratia | R2
183.1,Serratia,R2,0,Serratia | R2
184.1,Serratia,R2,0,Serratia | R2
185.1,Serratia,R2,0,Serratia | R2
186.1,Serratia,R2,0,Serratia | R2
187.1,Serratia,R2,0,Serratia | R2
188.1,Serratia,R2,0,Serratia | R2
189.1,Serratia,R2,0,Serratia | R2
190.1,Serratia,R2,0,Serratia | R2
191.1,Serratia,R2,0,Serratia | R2
192.1,Serratia,R2,0,Serratia | R2
193.1,Serratia,R2,0,Serratia | R2
194.1,Serratia,R2,0,Serratia | R2
195.1,Serratia,R2,0,Serratia | R2
196.1,Serratia,R2,0,Serratia | R2
197.1,Serratia,R2,0,Serratia | R2
198.1,Serratia,R2,0,Serratia | R2
199.1,Serratia,R2,0,Serratia | R2
200.1,Serratia,R2,0,Serratia | R2
201.1,Serratia,R2,0,Serratia | R2
202.1,Serratia,R2,0,Serratia | R2
203.1,Serratia,R2,0,Serratia | R2
204.1,Serratia,R2,0,Serratia | R2
205.1,Serratia,R2,0,Serratia | R2
206.1,Serratia,R2,0,Serratia | R2
207.1,Serratia,R2,0,Serratia | R2
208.1,Serratia,R2,0,Serratia | R2
209.1,Serratia,R2,0,Serratia | R2
210.1,Serratia,R2,0,Serratia | R2
211.1,Serratia,R2,0,Serratia | R2
212.1,Serratia,R2,0,Serratia | R2
0.03,Serratia,R3,4.77,Serratia | R3
1.05,Serratia,R3,4.77,Serratia | R3
2.05,Serratia,R3,4.83,Serratia | R3
3.05,Serratia,R3,4.88,Serratia | R3
4.05,Serratia,R3,4.95,Serratia | R3
5.05,Serratia,R3,5,Serratia | R3
6.05,Serratia,R3,5.05,Serratia | R3
7.05,Serratia,R3,5.1,Serratia | R3
8.05,Serratia,R3,5.15,Serratia | R3
9.05,Serratia,R3,5.19,Serratia | R3
10.05,Serratia,R3,5.24,Serratia | R3
11.05,Serratia,R3,5.28,Serratia | R3
12.05,Serratia,R3,5.32,Serratia | R3
13.05,Serratia,R3,5.35,Serratia | R3
14.05,Serratia,R3,5.38,Serratia | R3
15.05,Serratia,R3,5.43,Serratia | R3
16.05,Serratia,R3,5.46,Serratia | R3
17.05,Serratia,R3,5.49,Serratia | R3
18.05,Serratia,R3,5.51,Serratia | R3
19.05,Serratia,R3,5.55,Serratia | R3
20.05,Serratia,R3,5.58,Serratia | R3
21.05,Serratia,R3,5.6,Serratia | R3
22.05,Serratia,R3,5.62,Serratia | R3
23.05,Serratia,R3,5.64,Serratia | R3
24.05,Serratia,R3,5.66,Serratia | R3
25.05,Serratia,R3,5.68,Serratia | R3
26.05,Serratia,R3,5.69,Serratia | R3
27.05,Serratia,R3,5.71,Serratia | R3
28.05,Serratia,R3,5.73,Serratia | R3
29.05,Serratia,R3,5.73,Serratia | R3
30.05,Serratia,R3,5.74,Serratia | R3
31.05,Serratia,R3,5.76,Serratia | R3
32.05,Serratia,R3,5.76,Serratia | R3
33.05,Serratia,R3,5.78,Serratia | R3
34.05,Serratia,R3,5.78,Serratia | R3
35.05,Serratia,R3,5.8,Serratia | R3
36.05,Serratia,R3,5.82,Serratia | R3
37.05,Serratia,R3,5.83,Serratia | R3
38.05,Serratia,R3,5.83,Serratia | R3
39.05,Serratia,R3,5.84,Serratia | R3
40.05,Serratia,R3,5.84,Serratia | R3
41.05,Serratia,R3,5.86,Serratia | R3
42.07,Serratia,R3,5.85,Serratia | R3
43.07,Serratia,R3,5.87,Serratia | R3
44.07,Serratia,R3,5.86,Serratia | R3
45.07,Serratia,R3,5.87,Serratia | R3
46.07,Serratia,R3,5.85,Serratia | R3
47.07,Serratia,R3,5.85,Serratia | R3
48.07,Serratia,R3,5.83,Serratia | R3
49.07,Serratia,R3,5.83,Serratia | R3
50.07,Serratia,R3,5.84,Serratia | R3
51.07,Serratia,R3,5.8,Serratia | R3
52.07,Serratia,R3,5.81,Serratia | R3
53.07,Serratia,R3,5.79,Serratia | R3
54.07,Serratia,R3,5.78,Serratia | R3
55.07,Serratia,R3,5.77,Serratia | R3
56.07,Serratia,R3,5.77,Serratia | R3
57.07,Serratia,R3,5.77,Serratia | R3
58.07,Serratia,R3,5.76,Serratia | R3
59.07,Serratia,R3,5.74,Serratia | R3
60.07,Serratia,R3,5.74,Serratia | R3
61.07,Serratia,R3,5.73,Serratia | R3
62.07,Serratia,R3,5.73,Serratia | R3
63.07,Serratia,R3,5.71,Serratia | R3
64.07,Serratia,R3,5.69,Serratia | R3
65.07,Serratia,R3,5.69,Serratia | R3
66.07,Serratia,R3,5.68,Serratia | R3
67.07,Serratia,R3,5.66,Serratia | R3
68.07,Serratia,R3,5.66,Serratia | R3
69.07,Serratia,R3,5.63,Serratia | R3
70.07,Serratia,R3,5.63,Serratia | R3
71.07,Serratia,R3,5.62,Serratia | R3
72.07,Serratia,R3,5.61,Serratia | R3
73.07,Serratia,R3,5.59,Serratia | R3
74.07,Serratia,R3,5.59,Serratia | R3
75.07,Serratia,R3,5.56,Serratia | R3
76.07,Serratia,R3,5.56,Serratia | R3
77.07,Serratia,R3,5.53,Serratia | R3
78.07,Serratia,R3,5.53,Serratia | R3
79.07,Serratia,R3,5.51,Serratia | R3
80.07,Serratia,R3,5.48,Serratia | R3
81.07,Serratia,R3,5.48,Serratia | R3
82.07,Serratia,R3,5.45,Serratia | R3
83.07,Serratia,R3,5.45,Serratia | R3
84.07,Serratia,R3,5.42,Serratia | R3
85.07,Serratia,R3,5.41,Serratia | R3
86.07,Serratia,R3,5.39,Serratia | R3
87.07,Serratia,R3,5.36,Serratia | R3
88.07,Serratia,R3,5.35,Serratia | R3
89.07,Serratia,R3,5.33,Serratia | R3
90.07,Serratia,R3,5.31,Serratia | R3
91.07,Serratia,R3,5.29,Serratia | R3
92.07,Serratia,R3,5.28,Serratia | R3
93.07,Serratia,R3,5.25,Serratia | R3
94.07,Serratia,R3,5.22,Serratia | R3
95.07,Serratia,R3,5.21,Serratia | R3
96.07,Serratia,R3,5.18,Serratia | R3
97.07,Serratia,R3,5.14,Serratia | R3
98.07,Serratia,R3,5.13,Serratia | R3
99.07,Serratia,R3,5.09,Serratia | R3
100.07,Serratia,R3,5.07,Serratia | R3
101.07,Serratia,R3,5.06,Serratia | R3
102.07,Serratia,R3,5.02,Serratia | R3
103.07,Serratia,R3,4.99,Serratia | R3
104.07,Serratia,R3,4.96,Serratia | R3
105.07,Serratia,R3,4.93,Serratia | R3
106.07,Serratia,R3,4.9,Serratia | R3
107.07,Serratia,R3,4.88,Serratia | R3
108.07,Serratia,R3,4.84,Serratia | R3
109.07,Serratia,R3,4.8,Serratia | R3
110.07,Serratia,R3,4.76,Serratia | R3
111.07,Serratia,R3,4.74,Serratia | R3
112.07,Serratia,R3,4.69,Serratia | R3
113.07,Serratia,R3,4.66,Serratia | R3
114.07,Serratia,R3,4.63,Serratia | R3
115.07,Serratia,R3,4.59,Serratia | R3
116.07,Serratia,R3,4.54,Serratia | R3
117.07,Serratia,R3,4.52,Serratia | R3
118.07,Serratia,R3,4.46,Serratia | R3
119.07,Serratia,R3,4.43,Serratia | R3
120.07,Serratia,R3,4.38,Serratia | R3
121.07,Serratia,R3,4.33,Serratia | R3
122.07,Serratia,R3,4.3,Serratia | R3
123.07,Serratia,R3,4.25,Serratia | R3
124.08,Serratia,R3,4.21,Serratia | R3
125.08,Serratia,R3,4.15,Serratia | R3
126.08,Serratia,R3,4.11,Serratia | R3
127.08,Serratia,R3,4.05,Serratia | R3
128.08,Serratia,R3,3.99,Serratia | R3
129.08,Serratia,R3,3.95,Serratia | R3
130.08,Serratia,R3,3.87,Serratia | R3
131.08,Serratia,R3,3.84,Serratia | R3
132.08,Serratia,R3,3.78,Serratia | R3
133.08,Serratia,R3,3.69,Serratia | R3
134.08,Serratia,R3,3.64,Serratia | R3
135.08,Serratia,R3,3.58,Serratia | R3
136.08,Serratia,R3,3.51,Serratia | R3
137.08,Serratia,R3,3.43,Serratia | R3
138.08,Serratia,R3,3.37,Serratia | R3
139.08,Serratia,R3,3.31,Serratia | R3
140.08,Serratia,R3,3.22,Serratia | R3
141.08,Serratia,R3,3.17,Serratia | R3
142.08,Serratia,R3,3.08,Serratia | R3
143.08,Serratia,R3,3,Serratia | R3
144.08,Serratia,R3,2.92,Serratia | R3
145.08,Serratia,R3,2.82,Serratia | R3
146.08,Serratia,R3,2.76,Serratia | R3
147.08,Serratia,R3,2.67,Serratia | R3
148.08,Serratia,R3,2.59,Serratia | R3
149.08,Serratia,R3,2.48,Serratia | R3
150.08,Serratia,R3,2.4,Serratia | R3
151.08,Serratia,R3,2.3,Serratia | R3
152.08,Serratia,R3,2.19,Serratia | R3
153.08,Serratia,R3,2.1,Serratia | R3
154.08,Serratia,R3,1.99,Serratia | R3
155.08,Serratia,R3,1.9,Serratia | R3
156.08,Serratia,R3,1.78,Serratia | R3
157.08,Serratia,R3,1.67,Serratia | R3
158.08,Serratia,R3,1.55,Serratia | R3
159.08,Serratia,R3,1.43,Serratia | R3
160.08,Serratia,R3,1.32,Serratia | R3
161.08,Serratia,R3,1.19,Serratia | R3
162.08,Serratia,R3,1.06,Serratia | R3
163.08,Serratia,R3,0.91,Serratia | R3
164.08,Serratia,R3,0.8,Serratia | R3
165.08,Serratia,R3,0.65,Serratia | R3
166.08,Serratia,R3,0.52,Serratia | R3
167.08,Serratia,R3,0.37,Serratia | R3
168.08,Serratia,R3,0.22,Serratia | R3
169.08,Serratia,R3,0.09,Serratia | R3
170.08,Serratia,R3,0,Serratia | R3
171.08,Serratia,R3,0,Serratia | R3
172.08,Serratia,R3,0,Serratia | R3
173.08,Serratia,R3,0,Serratia | R3
174.08,Serratia,R3,0,Serratia | R3
175.08,Serratia,R3,0,Serratia | R3
176.08,Serratia,R3,0,Serratia | R3
177.08,Serratia,R3,0,Serratia | R3
178.08,Serratia,R3,0,Serratia | R3
179.1,Serratia,R3,0,Serratia | R3
180.1,Serratia,R3,0,Serratia | R3
181.1,Serratia,R3,0,Serratia | R3
182.1,Serratia,R3,0,Serratia | R3
183.1,Serratia,R3,0,Serratia | R3
184.1,Serratia,R3,0,Serratia | R3
185.1,Serratia,R3,0,Serratia | R3
186.1,Serratia,R3,0,Serratia | R3
187.1,Serratia,R3,0,Serratia | R3
188.1,Serratia,R3,0,Serratia | R3
189.1,Serratia,R3,0,Serratia | R3
190.1,Serratia,R3,0,Serratia | R3
191.1,Serratia,R3,0,Serratia | R3
192.1,Serratia,R3,0,Serratia | R3
193.1,Serratia,R3,0,Serratia | R3
194.1,Serratia,R3,0,Serratia | R3
195.1,Serratia,R3,0,Serratia | R3
196.1,Serratia,R3,0,Serratia | R3
197.1,Serratia,R3,0,Serratia | R3
198.1,Serratia,R3,0,Serratia | R3
199.1,Serratia,R3,0,Serratia | R3
200.1,Serratia,R3,0,Serratia | R3
201.1,Serratia,R3,0,Serratia | R3
202.1,Serratia,R3,0,Serratia | R3
203.1,Serratia,R3,0,Serratia | R3
204.1,Serratia,R3,0,Serratia | R3
205.1,Serratia,R3,0,Serratia | R3
206.1,Serratia,R3,0,Serratia | R3
207.1,Serratia,R3,0,Serratia | R3
208.1,Serratia,R3,0,Serratia | R3
209.1,Serratia,R3,0,Serratia | R3
210.1,Serratia,R3,0,Serratia | R3
211.1,Serratia,R3,0,Serratia | R3
212.1,Serratia,R3,0,Serratia | R3
0.03,Serratia,R4,4.87,Serratia | R4
1.05,Serratia,R4,4.87,Serratia | R4
2.05,Serratia,R4,4.91,Serratia | R4
3.05,Serratia,R4,4.96,Serratia | R4
4.05,Serratia,R4,5.02,Serratia | R4
5.05,Serratia,R4,5.07,Serratia | R4
6.05,Serratia,R4,5.1,Serratia | R4
7.05,Serratia,R4,5.15,Serratia | R4
8.05,Serratia,R4,5.2,Serratia | R4
9.05,Serratia,R4,5.25,Serratia | R4
10.05,Serratia,R4,5.29,Serratia | R4
11.05,Serratia,R4,5.34,Serratia | R4
12.05,Serratia,R4,5.37,Serratia | R4
13.05,Serratia,R4,5.4,Serratia | R4
14.05,Serratia,R4,5.43,Serratia | R4
15.05,Serratia,R4,5.48,Serratia | R4
16.05,Serratia,R4,5.49,Serratia | R4
17.05,Serratia,R4,5.52,Serratia | R4
18.05,Serratia,R4,5.55,Serratia | R4
19.05,Serratia,R4,5.58,Serratia | R4
20.05,Serratia,R4,5.6,Serratia | R4
21.05,Serratia,R4,5.61,Serratia | R4
22.05,Serratia,R4,5.64,Serratia | R4
23.05,Serratia,R4,5.65,Serratia | R4
24.05,Serratia,R4,5.65,Serratia | R4
25.05,Serratia,R4,5.68,Serratia | R4
26.05,Serratia,R4,5.71,Serratia | R4
27.05,Serratia,R4,5.73,Serratia | R4
28.05,Serratia,R4,5.76,Serratia | R4
29.05,Serratia,R4,5.77,Serratia | R4
30.05,Serratia,R4,5.78,Serratia | R4
31.05,Serratia,R4,5.79,Serratia | R4
32.05,Serratia,R4,5.8,Serratia | R4
33.05,Serratia,R4,5.82,Serratia | R4
34.05,Serratia,R4,5.82,Serratia | R4
35.05,Serratia,R4,5.84,Serratia | R4
36.05,Serratia,R4,5.85,Serratia | R4
37.05,Serratia,R4,5.87,Serratia | R4
38.05,Serratia,R4,5.87,Serratia | R4
39.05,Serratia,R4,5.87,Serratia | R4
40.05,Serratia,R4,5.87,Serratia | R4
41.05,Serratia,R4,5.89,Serratia | R4
42.07,Serratia,R4,5.89,Serratia | R4
43.07,Serratia,R4,5.89,Serratia | R4
44.07,Serratia,R4,5.9,Serratia | R4
45.07,Serratia,R4,5.9,Serratia | R4
46.07,Serratia,R4,5.91,Serratia | R4
47.07,Serratia,R4,5.92,Serratia | R4
48.07,Serratia,R4,5.93,Serratia | R4
49.07,Serratia,R4,5.92,Serratia | R4
50.07,Serratia,R4,5.92,Serratia | R4
51.07,Serratia,R4,5.92,Serratia | R4
52.07,Serratia,R4,5.91,Serratia | R4
53.07,Serratia,R4,5.9,Serratia | R4
54.07,Serratia,R4,5.89,Serratia | R4
55.07,Serratia,R4,5.9,Serratia | R4
56.07,Serratia,R4,5.88,Serratia | R4
57.07,Serratia,R4,5.88,Serratia | R4
58.07,Serratia,R4,5.87,Serratia | R4
59.07,Serratia,R4,5.88,Serratia | R4
60.07,Serratia,R4,5.86,Serratia | R4
61.07,Serratia,R4,5.86,Serratia | R4
62.07,Serratia,R4,5.85,Serratia | R4
63.07,Serratia,R4,5.84,Serratia | R4
64.07,Serratia,R4,5.83,Serratia | R4
65.07,Serratia,R4,5.84,Serratia | R4
66.07,Serratia,R4,5.82,Serratia | R4
67.07,Serratia,R4,5.82,Serratia | R4
68.07,Serratia,R4,5.81,Serratia | R4
69.07,Serratia,R4,5.79,Serratia | R4
70.07,Serratia,R4,5.79,Serratia | R4
71.07,Serratia,R4,5.78,Serratia | R4
72.07,Serratia,R4,5.76,Serratia | R4
73.07,Serratia,R4,5.78,Serratia | R4
74.07,Serratia,R4,5.74,Serratia | R4
75.07,Serratia,R4,5.73,Serratia | R4
76.07,Serratia,R4,5.73,Serratia | R4
77.07,Serratia,R4,5.71,Serratia | R4
78.07,Serratia,R4,5.71,Serratia | R4
79.07,Serratia,R4,5.7,Serratia | R4
80.07,Serratia,R4,5.7,Serratia | R4
81.07,Serratia,R4,5.68,Serratia | R4
82.07,Serratia,R4,5.66,Serratia | R4
83.07,Serratia,R4,5.64,Serratia | R4
84.07,Serratia,R4,5.64,Serratia | R4
85.07,Serratia,R4,5.62,Serratia | R4
86.07,Serratia,R4,5.62,Serratia | R4
87.07,Serratia,R4,5.6,Serratia | R4
88.07,Serratia,R4,5.59,Serratia | R4
89.07,Serratia,R4,5.57,Serratia | R4
90.07,Serratia,R4,5.55,Serratia | R4
91.07,Serratia,R4,5.54,Serratia | R4
92.07,Serratia,R4,5.51,Serratia | R4
93.07,Serratia,R4,5.5,Serratia | R4
94.07,Serratia,R4,5.49,Serratia | R4
95.07,Serratia,R4,5.45,Serratia | R4
96.07,Serratia,R4,5.45,Serratia | R4
97.07,Serratia,R4,5.43,Serratia | R4
98.07,Serratia,R4,5.41,Serratia | R4
99.07,Serratia,R4,5.39,Serratia | R4
100.07,Serratia,R4,5.38,Serratia | R4
101.07,Serratia,R4,5.35,Serratia | R4
102.07,Serratia,R4,5.33,Serratia | R4
103.07,Serratia,R4,5.31,Serratia | R4
104.07,Serratia,R4,5.29,Serratia | R4
105.07,Serratia,R4,5.27,Serratia | R4
106.07,Serratia,R4,5.24,Serratia | R4
107.07,Serratia,R4,5.22,Serratia | R4
108.07,Serratia,R4,5.2,Serratia | R4
109.07,Serratia,R4,5.16,Serratia | R4
110.07,Serratia,R4,5.15,Serratia | R4
111.07,Serratia,R4,5.12,Serratia | R4
112.07,Serratia,R4,5.09,Serratia | R4
113.07,Serratia,R4,5.05,Serratia | R4
114.07,Serratia,R4,5.03,Serratia | R4
115.07,Serratia,R4,5,Serratia | R4
116.07,Serratia,R4,4.98,Serratia | R4
117.07,Serratia,R4,4.94,Serratia | R4
118.07,Serratia,R4,4.91,Serratia | R4
119.07,Serratia,R4,4.87,Serratia | R4
120.07,Serratia,R4,4.84,Serratia | R4
121.07,Serratia,R4,4.82,Serratia | R4
122.07,Serratia,R4,4.78,Serratia | R4
123.07,Serratia,R4,4.74,Serratia | R4
124.08,Serratia,R4,4.69,Serratia | R4
125.08,Serratia,R4,4.65,Serratia | R4
126.08,Serratia,R4,4.62,Serratia | R4
127.08,Serratia,R4,4.57,Serratia | R4
128.08,Serratia,R4,4.52,Serratia | R4
129.08,Serratia,R4,4.49,Serratia | R4
130.08,Serratia,R4,4.43,Serratia | R4
131.08,Serratia,R4,4.41,Serratia | R4
132.08,Serratia,R4,4.35,Serratia | R4
133.08,Serratia,R4,4.31,Serratia | R4
134.08,Serratia,R4,4.24,Serratia | R4
135.08,Serratia,R4,4.2,Serratia | R4
136.08,Serratia,R4,4.14,Serratia | R4
137.08,Serratia,R4,4.08,Serratia | R4
138.08,Serratia,R4,4.02,Serratia | R4
139.08,Serratia,R4,3.96,Serratia | R4
140.08,Serratia,R4,3.9,Serratia | R4
141.08,Serratia,R4,3.85,Serratia | R4
142.08,Serratia,R4,3.8,Serratia | R4
143.08,Serratia,R4,3.71,Serratia | R4
144.08,Serratia,R4,3.67,Serratia | R4
145.08,Serratia,R4,3.58,Serratia | R4
146.08,Serratia,R4,3.52,Serratia | R4
147.08,Serratia,R4,3.45,Serratia | R4
148.08,Serratia,R4,3.37,Serratia | R4
149.08,Serratia,R4,3.3,Serratia | R4
150.08,Serratia,R4,3.22,Serratia | R4
151.08,Serratia,R4,3.14,Serratia | R4
152.08,Serratia,R4,3.05,Serratia | R4
153.08,Serratia,R4,2.96,Serratia | R4
154.08,Serratia,R4,2.87,Serratia | R4
155.08,Serratia,R4,2.79,Serratia | R4
156.08,Serratia,R4,2.69,Serratia | R4
157.08,Serratia,R4,2.59,Serratia | R4
158.08,Serratia,R4,2.51,Serratia | R4
159.08,Serratia,R4,2.39,Serratia | R4
160.08,Serratia,R4,2.3,Serratia | R4
161.08,Serratia,R4,2.19,Serratia | R4
162.08,Serratia,R4,2.09,Serratia | R4
163.08,Serratia,R4,1.98,Serratia | R4
164.08,Serratia,R4,1.86,Serratia | R4
165.08,Serratia,R4,1.75,Serratia | R4
166.08,Serratia,R4,1.61,Serratia | R4
167.08,Serratia,R4,1.49,Serratia | R4
168.08,Serratia,R4,1.36,Serratia | R4
169.08,Serratia,R4,1.23,Serratia | R4
170.08,Serratia,R4,1.08,Serratia | R4
171.08,Serratia,R4,0.94,Serratia | R4
172.08,Serratia,R4,0.8,Serratia | R4
173.08,Serratia,R4,0.67,Serratia | R4
174.08,Serratia,R4,0.51,Serratia | R4
175.08,Serratia,R4,0.35,Serratia | R4
176.08,Serratia,R4,0.26,Serratia | R4
177.08,Serratia,R4,0.24,Serratia | R4
178.08,Serratia,R4,0.24,Serratia | R4
179.1,Serratia,R4,0.24,Serratia | R4
180.1,Serratia,R4,0.24,Serratia | R4
181.1,Serratia,R4,0.24,Serratia | R4
182.1,Serratia,R4,0.24,Serratia | R4
183.1,Serratia,R4,0.24,Serratia | R4
184.1,Serratia,R4,0.24,Serratia | R4
185.1,Serratia,R4,0.24,Serratia | R4
186.1,Serratia,R4,0.24,Serratia | R4
187.1,Serratia,R4,0.24,Serratia | R4
188.1,Serratia,R4,0.24,Serratia | R4
189.1,Serratia,R4,0.24,Serratia | R4
190.1,Serratia,R4,0.24,Serratia | R4
191.1,Serratia,R4,0.24,Serratia | R4
192.1,Serratia,R4,0.24,Serratia | R4
193.1,Serratia,R4,0.24,Serratia | R4
194.1,Serratia,R4,0.24,Serratia | R4
195.1,Serratia,R4,0.24,Serratia | R4
196.1,Serratia,R4,0.24,Serratia | R4
197.1,Serratia,R4,0.24,Serratia | R4
198.1,Serratia,R4,0.24,Serratia | R4
199.1,Serratia,R4,0.24,Serratia | R4
200.1,Serratia,R4,0.24,Serratia | R4
201.1,Serratia,R4,0.24,Serratia | R4
202.1,Serratia,R4,0.24,Serratia | R4
203.1,Serratia,R4,0.24,Serratia | R4
204.1,Serratia,R4,0.24,Serratia | R4
205.1,Serratia,R4,0.24,Serratia | R4
206.1,Serratia,R4,0.23,Serratia | R4
207.1,Serratia,R4,0.24,Serratia | R4
208.1,Serratia,R4,0.24,Serratia | R4
209.1,Serratia,R4,0.24,Serratia | R4
210.1,Serratia,R4,0.24,Serratia | R4
211.1,Serratia,R4,0.24,Serratia | R4
212.1,Serratia,R4,0.24,Serratia | R4
0.03,Serratia,R5,4.61,Serratia | R5
1.05,Serratia,R5,4.62,Serratia | R5
2.05,Serratia,R5,4.66,Serratia | R5
3.05,Serratia,R5,4.72,Serratia | R5
4.05,Serratia,R5,4.79,Serratia | R5
5.05,Serratia,R5,4.84,Serratia | R5
6.05,Serratia,R5,4.91,Serratia | R5
7.05,Serratia,R5,4.95,Serratia | R5
8.05,Serratia,R5,5,Serratia | R5
9.05,Serratia,R5,5.05,Serratia | R5
10.05,Serratia,R5,5.09,Serratia | R5
11.05,Serratia,R5,5.13,Serratia | R5
12.05,Serratia,R5,5.17,Serratia | R5
13.05,Serratia,R5,5.2,Serratia | R5
14.05,Serratia,R5,5.25,Serratia | R5
15.05,Serratia,R5,5.29,Serratia | R5
16.05,Serratia,R5,5.32,Serratia | R5
17.05,Serratia,R5,5.32,Serratia | R5
18.05,Serratia,R5,5.37,Serratia | R5
19.05,Serratia,R5,5.39,Serratia | R5
20.05,Serratia,R5,5.4,Serratia | R5
21.05,Serratia,R5,5.43,Serratia | R5
22.05,Serratia,R5,5.47,Serratia | R5
23.05,Serratia,R5,5.48,Serratia | R5
24.05,Serratia,R5,5.48,Serratia | R5
25.05,Serratia,R5,5.49,Serratia | R5
26.05,Serratia,R5,5.51,Serratia | R5
27.05,Serratia,R5,5.53,Serratia | R5
28.05,Serratia,R5,5.54,Serratia | R5
29.05,Serratia,R5,5.54,Serratia | R5
30.05,Serratia,R5,5.57,Serratia | R5
31.05,Serratia,R5,5.57,Serratia | R5
32.05,Serratia,R5,5.59,Serratia | R5
33.05,Serratia,R5,5.6,Serratia | R5
34.05,Serratia,R5,5.6,Serratia | R5
35.05,Serratia,R5,5.61,Serratia | R5
36.05,Serratia,R5,5.63,Serratia | R5
37.05,Serratia,R5,5.63,Serratia | R5
38.05,Serratia,R5,5.63,Serratia | R5
39.05,Serratia,R5,5.63,Serratia | R5
40.05,Serratia,R5,5.64,Serratia | R5
41.05,Serratia,R5,5.64,Serratia | R5
42.07,Serratia,R5,5.64,Serratia | R5
43.07,Serratia,R5,5.65,Serratia | R5
44.07,Serratia,R5,5.64,Serratia | R5
45.07,Serratia,R5,5.66,Serratia | R5
46.07,Serratia,R5,5.66,Serratia | R5
47.07,Serratia,R5,5.65,Serratia | R5
48.07,Serratia,R5,5.65,Serratia | R5
49.07,Serratia,R5,5.64,Serratia | R5
50.07,Serratia,R5,5.63,Serratia | R5
51.07,Serratia,R5,5.63,Serratia | R5
52.07,Serratia,R5,5.62,Serratia | R5
53.07,Serratia,R5,5.63,Serratia | R5
54.07,Serratia,R5,5.63,Serratia | R5
55.07,Serratia,R5,5.62,Serratia | R5
56.07,Serratia,R5,5.61,Serratia | R5
57.07,Serratia,R5,5.61,Serratia | R5
58.07,Serratia,R5,5.59,Serratia | R5
59.07,Serratia,R5,5.59,Serratia | R5
60.07,Serratia,R5,5.57,Serratia | R5
61.07,Serratia,R5,5.58,Serratia | R5
62.07,Serratia,R5,5.58,Serratia | R5
63.07,Serratia,R5,5.56,Serratia | R5
64.07,Serratia,R5,5.56,Serratia | R5
65.07,Serratia,R5,5.55,Serratia | R5
66.07,Serratia,R5,5.54,Serratia | R5
67.07,Serratia,R5,5.53,Serratia | R5
68.07,Serratia,R5,5.53,Serratia | R5
69.07,Serratia,R5,5.52,Serratia | R5
70.07,Serratia,R5,5.52,Serratia | R5
71.07,Serratia,R5,5.5,Serratia | R5
72.07,Serratia,R5,5.49,Serratia | R5
73.07,Serratia,R5,5.5,Serratia | R5
74.07,Serratia,R5,5.5,Serratia | R5
75.07,Serratia,R5,5.47,Serratia | R5
76.07,Serratia,R5,5.47,Serratia | R5
77.07,Serratia,R5,5.45,Serratia | R5
78.07,Serratia,R5,5.45,Serratia | R5
79.07,Serratia,R5,5.44,Serratia | R5
80.07,Serratia,R5,5.43,Serratia | R5
81.07,Serratia,R5,5.43,Serratia | R5
82.07,Serratia,R5,5.4,Serratia | R5
83.07,Serratia,R5,5.39,Serratia | R5
84.07,Serratia,R5,5.4,Serratia | R5
85.07,Serratia,R5,5.38,Serratia | R5
86.07,Serratia,R5,5.37,Serratia | R5
87.07,Serratia,R5,5.35,Serratia | R5
88.07,Serratia,R5,5.34,Serratia | R5
89.07,Serratia,R5,5.33,Serratia | R5
90.07,Serratia,R5,5.31,Serratia | R5
91.07,Serratia,R5,5.29,Serratia | R5
92.07,Serratia,R5,5.29,Serratia | R5
93.07,Serratia,R5,5.28,Serratia | R5
94.07,Serratia,R5,5.26,Serratia | R5
95.07,Serratia,R5,5.24,Serratia | R5
96.07,Serratia,R5,5.21,Serratia | R5
97.07,Serratia,R5,5.21,Serratia | R5
98.07,Serratia,R5,5.18,Serratia | R5
99.07,Serratia,R5,5.17,Serratia | R5
100.07,Serratia,R5,5.15,Serratia | R5
101.07,Serratia,R5,5.13,Serratia | R5
102.07,Serratia,R5,5.11,Serratia | R5
103.07,Serratia,R5,5.09,Serratia | R5
104.07,Serratia,R5,5.07,Serratia | R5
105.07,Serratia,R5,5.04,Serratia | R5
106.07,Serratia,R5,5.03,Serratia | R5
107.07,Serratia,R5,5.01,Serratia | R5
108.07,Serratia,R5,4.99,Serratia | R5
109.07,Serratia,R5,4.97,Serratia | R5
110.07,Serratia,R5,4.94,Serratia | R5
111.07,Serratia,R5,4.91,Serratia | R5
112.07,Serratia,R5,4.88,Serratia | R5
113.07,Serratia,R5,4.86,Serratia | R5
114.07,Serratia,R5,4.84,Serratia | R5
115.07,Serratia,R5,4.81,Serratia | R5
116.07,Serratia,R5,4.76,Serratia | R5
117.07,Serratia,R5,4.74,Serratia | R5
118.07,Serratia,R5,4.71,Serratia | R5
119.07,Serratia,R5,4.69,Serratia | R5
120.07,Serratia,R5,4.66,Serratia | R5
121.07,Serratia,R5,4.61,Serratia | R5
122.07,Serratia,R5,4.6,Serratia | R5
123.07,Serratia,R5,4.55,Serratia | R5
124.08,Serratia,R5,4.51,Serratia | R5
125.08,Serratia,R5,4.48,Serratia | R5
126.08,Serratia,R5,4.44,Serratia | R5
127.08,Serratia,R5,4.4,Serratia | R5
128.08,Serratia,R5,4.37,Serratia | R5
129.08,Serratia,R5,4.32,Serratia | R5
130.08,Serratia,R5,4.27,Serratia | R5
131.08,Serratia,R5,4.24,Serratia | R5
132.08,Serratia,R5,4.2,Serratia | R5
133.08,Serratia,R5,4.15,Serratia | R5
134.08,Serratia,R5,4.1,Serratia | R5
135.08,Serratia,R5,4.05,Serratia | R5
136.08,Serratia,R5,4,Serratia | R5
137.08,Serratia,R5,3.95,Serratia | R5
138.08,Serratia,R5,3.91,Serratia | R5
139.08,Serratia,R5,3.83,Serratia | R5
140.08,Serratia,R5,3.77,Serratia | R5
141.08,Serratia,R5,3.72,Serratia | R5
142.08,Serratia,R5,3.66,Serratia | R5
143.08,Serratia,R5,3.6,Serratia | R5
144.08,Serratia,R5,3.55,Serratia | R5
145.08,Serratia,R5,3.49,Serratia | R5
146.08,Serratia,R5,3.41,Serratia | R5
147.08,Serratia,R5,3.34,Serratia | R5
148.08,Serratia,R5,3.27,Serratia | R5
149.08,Serratia,R5,3.2,Serratia | R5
150.08,Serratia,R5,3.12,Serratia | R5
151.08,Serratia,R5,3.05,Serratia | R5
152.08,Serratia,R5,2.96,Serratia | R5
153.08,Serratia,R5,2.89,Serratia | R5
154.08,Serratia,R5,2.81,Serratia | R5
155.08,Serratia,R5,2.72,Serratia | R5
156.08,Serratia,R5,2.63,Serratia | R5
157.08,Serratia,R5,2.54,Serratia | R5
158.08,Serratia,R5,2.44,Serratia | R5
159.08,Serratia,R5,2.34,Serratia | R5
160.08,Serratia,R5,2.24,Serratia | R5
161.08,Serratia,R5,2.15,Serratia | R5
162.08,Serratia,R5,2.04,Serratia | R5
163.08,Serratia,R5,1.93,Serratia | R5
164.08,Serratia,R5,1.82,Serratia | R5
165.08,Serratia,R5,1.7,Serratia | R5
166.08,Serratia,R5,1.6,Serratia | R5
167.08,Serratia,R5,1.47,Serratia | R5
168.08,Serratia,R5,1.34,Serratia | R5
169.08,Serratia,R5,1.22,Serratia | R5
170.08,Serratia,R5,1.07,Serratia | R5
171.08,Serratia,R5,0.95,Serratia | R5
172.08,Serratia,R5,0.8,Serratia | R5
173.08,Serratia,R5,0.67,Serratia | R5
174.08,Serratia,R5,0.52,Serratia | R5
175.08,Serratia,R5,0.37,Serratia | R5
176.08,Serratia,R5,0.21,Serratia | R5
177.08,Serratia,R5,0.08,Serratia | R5
178.08,Serratia,R5,0,Serratia | R5
179.1,Serratia,R5,0,Serratia | R5
180.1,Serratia,R5,0,Serratia | R5
181.1,Serratia,R5,0,Serratia | R5
182.1,Serratia,R5,0,Serratia | R5
183.1,Serratia,R5,0,Serratia | R5
184.1,Serratia,R5,0,Serratia | R5
185.1,Serratia,R5,0,Serratia | R5
186.1,Serratia,R5,0,Serratia | R5
187.1,Serratia,R5,0,Serratia | R5
188.1,Serratia,R5,0,Serratia | R5
189.1,Serratia,R5,0,Serratia | R5
190.1,Serratia,R5,0,Serratia | R5
191.1,Serratia,R5,0,Serratia | R5
192.1,Serratia,R5,0,Serratia | R5
193.1,Serratia,R5,0,Serratia | R5
194.1,Serratia,R5,0,Serratia | R5
195.1,Serratia,R5,0,Serratia | R5
196.1,Serratia,R5,0,Serratia | R5
197.1,Serratia,R5,0,Serratia | R5
198.1,Serratia,R5,0,Serratia | R5
199.1,Serratia,R5,0,Serratia | R5
200.1,Serratia,R5,0,Serratia | R5
201.1,Serratia,R5,0,Serratia | R5
202.1,Serratia,R5,0,Serratia | R5
203.1,Serratia,R5,0,Serratia | R5
204.1,Serratia,R5,0,Serratia | R5
205.1,Serratia,R5,0,Serratia | R5
206.1,Serratia,R5,0,Serratia | R5
207.1,Serratia,R5,0,Serratia | R5
208.1,Serratia,R5,0,Serratia | R5
209.1,Serratia,R5,0,Serratia | R5
210.1,Serratia,R5,0,Serratia | R5
211.1,Serratia,R5,0,Serratia | R5
212.1,Serratia,R5,0,Serratia | R5
0.03,Yersinia,R1,4.87,Yersinia | R1
1.05,Yersinia,R1,4.89,Yersinia | R1
2.05,Yersinia,R1,4.96,Yersinia | R1
3.05,Yersinia,R1,5.04,Yersinia | R1
4.05,Yersinia,R1,5.11,Yersinia | R1
5.05,Yersinia,R1,5.19,Yersinia | R1
6.05,Yersinia,R1,5.28,Yersinia | R1
7.05,Yersinia,R1,5.37,Yersinia | R1
8.05,Yersinia,R1,5.44,Yersinia | R1
9.05,Yersinia,R1,5.51,Yersinia | R1
10.05,Yersinia,R1,5.57,Yersinia | R1
11.05,Yersinia,R1,5.6,Yersinia | R1
12.05,Yersinia,R1,5.64,Yersinia | R1
13.05,Yersinia,R1,5.68,Yersinia | R1
14.05,Yersinia,R1,5.73,Yersinia | R1
15.05,Yersinia,R1,5.78,Yersinia | R1
16.05,Yersinia,R1,5.83,Yersinia | R1
17.05,Yersinia,R1,5.85,Yersinia | R1
18.05,Yersinia,R1,5.89,Yersinia | R1
19.05,Yersinia,R1,5.92,Yersinia | R1
20.05,Yersinia,R1,5.96,Yersinia | R1
21.05,Yersinia,R1,5.97,Yersinia | R1
22.05,Yersinia,R1,5.99,Yersinia | R1
23.05,Yersinia,R1,6.01,Yersinia | R1
24.05,Yersinia,R1,6.01,Yersinia | R1
25.05,Yersinia,R1,6.03,Yersinia | R1
26.05,Yersinia,R1,6.04,Yersinia | R1
27.05,Yersinia,R1,6.07,Yersinia | R1
28.05,Yersinia,R1,6.08,Yersinia | R1
29.05,Yersinia,R1,6.09,Yersinia | R1
30.05,Yersinia,R1,6.1,Yersinia | R1
31.05,Yersinia,R1,6.11,Yersinia | R1
32.05,Yersinia,R1,6.12,Yersinia | R1
33.05,Yersinia,R1,6.14,Yersinia | R1
34.05,Yersinia,R1,6.15,Yersinia | R1
35.05,Yersinia,R1,6.15,Yersinia | R1
36.05,Yersinia,R1,6.17,Yersinia | R1
37.05,Yersinia,R1,6.18,Yersinia | R1
38.05,Yersinia,R1,6.18,Yersinia | R1
39.05,Yersinia,R1,6.19,Yersinia | R1
40.05,Yersinia,R1,6.19,Yersinia | R1
41.05,Yersinia,R1,6.2,Yersinia | R1
42.07,Yersinia,R1,6.2,Yersinia | R1
43.07,Yersinia,R1,6.21,Yersinia | R1
44.07,Yersinia,R1,6.2,Yersinia | R1
45.07,Yersinia,R1,6.22,Yersinia | R1
46.07,Yersinia,R1,6.23,Yersinia | R1
47.07,Yersinia,R1,6.21,Yersinia | R1
48.07,Yersinia,R1,6.2,Yersinia | R1
49.07,Yersinia,R1,6.21,Yersinia | R1
50.07,Yersinia,R1,6.2,Yersinia | R1
51.07,Yersinia,R1,6.2,Yersinia | R1
52.07,Yersinia,R1,6.21,Yersinia | R1
53.07,Yersinia,R1,6.2,Yersinia | R1
54.07,Yersinia,R1,6.19,Yersinia | R1
55.07,Yersinia,R1,6.18,Yersinia | R1
56.07,Yersinia,R1,6.19,Yersinia | R1
57.07,Yersinia,R1,6.18,Yersinia | R1
58.07,Yersinia,R1,6.18,Yersinia | R1
59.07,Yersinia,R1,6.19,Yersinia | R1
60.07,Yersinia,R1,6.18,Yersinia | R1
61.07,Yersinia,R1,6.18,Yersinia | R1
62.07,Yersinia,R1,6.19,Yersinia | R1
63.07,Yersinia,R1,6.17,Yersinia | R1
64.07,Yersinia,R1,6.17,Yersinia | R1
65.07,Yersinia,R1,6.16,Yersinia | R1
66.07,Yersinia,R1,6.16,Yersinia | R1
67.07,Yersinia,R1,6.16,Yersinia | R1
68.07,Yersinia,R1,6.15,Yersinia | R1
69.07,Yersinia,R1,6.14,Yersinia | R1
70.07,Yersinia,R1,6.14,Yersinia | R1
71.07,Yersinia,R1,6.15,Yersinia | R1
72.07,Yersinia,R1,6.12,Yersinia | R1
73.07,Yersinia,R1,6.12,Yersinia | R1
74.07,Yersinia,R1,6.12,Yersinia | R1
75.07,Yersinia,R1,6.11,Yersinia | R1
76.07,Yersinia,R1,6.11,Yersinia | R1
77.07,Yersinia,R1,6.09,Yersinia | R1
78.07,Yersinia,R1,6.1,Yersinia | R1
79.07,Yersinia,R1,6.07,Yersinia | R1
80.07,Yersinia,R1,6.09,Yersinia | R1
81.07,Yersinia,R1,6.06,Yersinia | R1
82.07,Yersinia,R1,6.05,Yersinia | R1
83.07,Yersinia,R1,6.06,Yersinia | R1
84.07,Yersinia,R1,6.04,Yersinia | R1
85.07,Yersinia,R1,6.03,Yersinia | R1
86.07,Yersinia,R1,6.02,Yersinia | R1
87.07,Yersinia,R1,6,Yersinia | R1
88.07,Yersinia,R1,5.99,Yersinia | R1
89.07,Yersinia,R1,5.97,Yersinia | R1
90.07,Yersinia,R1,5.96,Yersinia | R1
91.07,Yersinia,R1,5.95,Yersinia | R1
92.07,Yersinia,R1,5.92,Yersinia | R1
93.07,Yersinia,R1,5.92,Yersinia | R1
94.07,Yersinia,R1,5.9,Yersinia | R1
95.07,Yersinia,R1,5.89,Yersinia | R1
96.07,Yersinia,R1,5.89,Yersinia | R1
97.07,Yersinia,R1,5.85,Yersinia | R1
98.07,Yersinia,R1,5.83,Yersinia | R1
99.07,Yersinia,R1,5.83,Yersinia | R1
100.07,Yersinia,R1,5.8,Yersinia | R1
101.07,Yersinia,R1,5.77,Yersinia | R1
102.07,Yersinia,R1,5.75,Yersinia | R1
103.07,Yersinia,R1,5.72,Yersinia | R1
104.07,Yersinia,R1,5.71,Yersinia | R1
105.07,Yersinia,R1,5.68,Yersinia | R1
106.07,Yersinia,R1,5.64,Yersinia | R1
107.07,Yersinia,R1,5.6,Yersinia | R1
108.07,Yersinia,R1,5.6,Yersinia | R1
109.07,Yersinia,R1,5.54,Yersinia | R1
110.07,Yersinia,R1,5.52,Yersinia | R1
111.07,Yersinia,R1,5.49,Yersinia | R1
112.07,Yersinia,R1,5.45,Yersinia | R1
113.07,Yersinia,R1,5.41,Yersinia | R1
114.07,Yersinia,R1,5.37,Yersinia | R1
115.07,Yersinia,R1,5.34,Yersinia | R1
116.07,Yersinia,R1,5.29,Yersinia | R1
117.07,Yersinia,R1,5.25,Yersinia | R1
118.07,Yersinia,R1,5.2,Yersinia | R1
119.07,Yersinia,R1,5.14,Yersinia | R1
120.07,Yersinia,R1,5.08,Yersinia | R1
121.07,Yersinia,R1,5.03,Yersinia | R1
122.07,Yersinia,R1,4.99,Yersinia | R1
123.07,Yersinia,R1,4.91,Yersinia | R1
124.08,Yersinia,R1,4.85,Yersinia | R1
125.08,Yersinia,R1,4.78,Yersinia | R1
126.08,Yersinia,R1,4.72,Yersinia | R1
127.08,Yersinia,R1,4.64,Yersinia | R1
128.08,Yersinia,R1,4.58,Yersinia | R1
129.08,Yersinia,R1,4.49,Yersinia | R1
130.08,Yersinia,R1,4.39,Yersinia | R1
131.08,Yersinia,R1,4.33,Yersinia | R1
132.08,Yersinia,R1,4.23,Yersinia | R1
133.08,Yersinia,R1,4.13,Yersinia | R1
134.08,Yersinia,R1,4.03,Yersinia | R1
135.08,Yersinia,R1,3.93,Yersinia | R1
136.08,Yersinia,R1,3.82,Yersinia | R1
137.08,Yersinia,R1,3.7,Yersinia | R1
138.08,Yersinia,R1,3.59,Yersinia | R1
139.08,Yersinia,R1,3.47,Yersinia | R1
140.08,Yersinia,R1,3.33,Yersinia | R1
141.08,Yersinia,R1,3.18,Yersinia | R1
142.08,Yersinia,R1,3.06,Yersinia | R1
143.08,Yersinia,R1,2.89,Yersinia | R1
144.08,Yersinia,R1,2.72,Yersinia | R1
145.08,Yersinia,R1,2.57,Yersinia | R1
146.08,Yersinia,R1,2.38,Yersinia | R1
147.08,Yersinia,R1,2.2,Yersinia | R1
148.08,Yersinia,R1,2.01,Yersinia | R1
149.08,Yersinia,R1,1.82,Yersinia | R1
150.08,Yersinia,R1,1.61,Yersinia | R1
151.08,Yersinia,R1,1.38,Yersinia | R1
152.08,Yersinia,R1,1.16,Yersinia | R1
153.08,Yersinia,R1,0.92,Yersinia | R1
154.08,Yersinia,R1,0.67,Yersinia | R1
155.08,Yersinia,R1,0.4,Yersinia | R1
156.08,Yersinia,R1,0.12,Yersinia | R1
157.08,Yersinia,R1,0,Yersinia | R1
158.08,Yersinia,R1,0,Yersinia | R1
159.08,Yersinia,R1,0,Yersinia | R1
160.08,Yersinia,R1,0,Yersinia | R1
161.08,Yersinia,R1,0,Yersinia | R1
162.08,Yersinia,R1,0,Yersinia | R1
163.08,Yersinia,R1,0,Yersinia | R1
164.08,Yersinia,R1,0,Yersinia | R1
165.08,Yersinia,R1,0,Yersinia | R1
166.08,Yersinia,R1,0,Yersinia | R1
167.08,Yersinia,R1,0,Yersinia | R1
168.08,Yersinia,R1,0,Yersinia | R1
169.08,Yersinia,R1,0,Yersinia | R1
170.08,Yersinia,R1,0,Yersinia | R1
171.08,Yersinia,R1,0,Yersinia | R1
172.08,Yersinia,R1,0,Yersinia | R1
173.08,Yersinia,R1,0,Yersinia | R1
174.08,Yersinia,R1,0,Yersinia | R1
175.08,Yersinia,R1,0,Yersinia | R1
176.08,Yersinia,R1,0,Yersinia | R1
177.08,Yersinia,R1,0,Yersinia | R1
178.08,Yersinia,R1,0,Yersinia | R1
179.1,Yersinia,R1,0,Yersinia | R1
180.1,Yersinia,R1,0,Yersinia | R1
181.1,Yersinia,R1,0,Yersinia | R1
182.1,Yersinia,R1,0,Yersinia | R1
183.1,Yersinia,R1,0,Yersinia | R1
184.1,Yersinia,R1,0,Yersinia | R1
185.1,Yersinia,R1,0,Yersinia | R1
186.1,Yersinia,R1,0,Yersinia | R1
187.1,Yersinia,R1,0,Yersinia | R1
188.1,Yersinia,R1,0,Yersinia | R1
189.1,Yersinia,R1,0,Yersinia | R1
190.1,Yersinia,R1,0,Yersinia | R1
191.1,Yersinia,R1,0,Yersinia | R1
192.1,Yersinia,R1,0,Yersinia | R1
193.1,Yersinia,R1,0,Yersinia | R1
194.1,Yersinia,R1,0,Yersinia | R1
195.1,Yersinia,R1,0,Yersinia | R1
196.1,Yersinia,R1,0,Yersinia | R1
197.1,Yersinia,R1,0,Yersinia | R1
198.1,Yersinia,R1,0,Yersinia | R1
199.1,Yersinia,R1,0,Yersinia | R1
200.1,Yersinia,R1,0,Yersinia | R1
201.1,Yersinia,R1,0,Yersinia | R1
202.1,Yersinia,R1,0,Yersinia | R1
203.1,Yersinia,R1,0,Yersinia | R1
204.1,Yersinia,R1,0,Yersinia | R1
205.1,Yersinia,R1,0,Yersinia | R1
206.1,Yersinia,R1,0,Yersinia | R1
207.1,Yersinia,R1,0,Yersinia | R1
208.1,Yersinia,R1,0,Yersinia | R1
209.1,Yersinia,R1,0,Yersinia | R1
210.1,Yersinia,R1,0,Yersinia | R1
211.1,Yersinia,R1,0,Yersinia | R1
212.1,Yersinia,R1,0,Yersinia | R1
0.03,Yersinia,R2,4.96,Yersinia | R2
1.05,Yersinia,R2,4.94,Yersinia | R2
2.05,Yersinia,R2,5,Yersinia | R2
3.05,Yersinia,R2,5.05,Yersinia | R2
4.05,Yersinia,R2,5.12,Yersinia | R2
5.05,Yersinia,R2,5.18,Yersinia | R2
6.05,Yersinia,R2,5.23,Yersinia | R2
7.05,Yersinia,R2,5.3,Yersinia | R2
8.05,Yersinia,R2,5.36,Yersinia | R2
9.05,Yersinia,R2,5.42,Yersinia | R2
10.05,Yersinia,R2,5.46,Yersinia | R2
11.05,Yersinia,R2,5.51,Yersinia | R2
12.05,Yersinia,R2,5.55,Yersinia | R2
13.05,Yersinia,R2,5.6,Yersinia | R2
14.05,Yersinia,R2,5.63,Yersinia | R2
15.05,Yersinia,R2,5.69,Yersinia | R2
16.05,Yersinia,R2,5.72,Yersinia | R2
17.05,Yersinia,R2,5.73,Yersinia | R2
18.05,Yersinia,R2,5.77,Yersinia | R2
19.05,Yersinia,R2,5.81,Yersinia | R2
20.05,Yersinia,R2,5.83,Yersinia | R2
21.05,Yersinia,R2,5.86,Yersinia | R2
22.05,Yersinia,R2,5.88,Yersinia | R2
23.05,Yersinia,R2,5.9,Yersinia | R2
24.05,Yersinia,R2,5.92,Yersinia | R2
25.05,Yersinia,R2,5.95,Yersinia | R2
26.05,Yersinia,R2,5.96,Yersinia | R2
27.05,Yersinia,R2,5.98,Yersinia | R2
28.05,Yersinia,R2,6,Yersinia | R2
29.05,Yersinia,R2,6,Yersinia | R2
30.05,Yersinia,R2,6.03,Yersinia | R2
31.05,Yersinia,R2,6.04,Yersinia | R2
32.05,Yersinia,R2,6.04,Yersinia | R2
33.05,Yersinia,R2,6.06,Yersinia | R2
34.05,Yersinia,R2,6.08,Yersinia | R2
35.05,Yersinia,R2,6.07,Yersinia | R2
36.05,Yersinia,R2,6.09,Yersinia | R2
37.05,Yersinia,R2,6.1,Yersinia | R2
38.05,Yersinia,R2,6.1,Yersinia | R2
39.05,Yersinia,R2,6.1,Yersinia | R2
40.05,Yersinia,R2,6.11,Yersinia | R2
41.05,Yersinia,R2,6.14,Yersinia | R2
42.07,Yersinia,R2,6.14,Yersinia | R2
43.07,Yersinia,R2,6.14,Yersinia | R2
44.07,Yersinia,R2,6.13,Yersinia | R2
45.07,Yersinia,R2,6.13,Yersinia | R2
46.07,Yersinia,R2,6.12,Yersinia | R2
47.07,Yersinia,R2,6.14,Yersinia | R2
48.07,Yersinia,R2,6.13,Yersinia | R2
49.07,Yersinia,R2,6.13,Yersinia | R2
50.07,Yersinia,R2,6.12,Yersinia | R2
51.07,Yersinia,R2,6.12,Yersinia | R2
52.07,Yersinia,R2,6.12,Yersinia | R2
53.07,Yersinia,R2,6.11,Yersinia | R2
54.07,Yersinia,R2,6.12,Yersinia | R2
55.07,Yersinia,R2,6.1,Yersinia | R2
56.07,Yersinia,R2,6.1,Yersinia | R2
57.07,Yersinia,R2,6.09,Yersinia | R2
58.07,Yersinia,R2,6.09,Yersinia | R2
59.07,Yersinia,R2,6.1,Yersinia | R2
60.07,Yersinia,R2,6.1,Yersinia | R2
61.07,Yersinia,R2,6.08,Yersinia | R2
62.07,Yersinia,R2,6.09,Yersinia | R2
63.07,Yersinia,R2,6.08,Yersinia | R2
64.07,Yersinia,R2,6.08,Yersinia | R2
65.07,Yersinia,R2,6.07,Yersinia | R2
66.07,Yersinia,R2,6.06,Yersinia | R2
67.07,Yersinia,R2,6.06,Yersinia | R2
68.07,Yersinia,R2,6.05,Yersinia | R2
69.07,Yersinia,R2,6.05,Yersinia | R2
70.07,Yersinia,R2,6.04,Yersinia | R2
71.07,Yersinia,R2,6.04,Yersinia | R2
72.07,Yersinia,R2,6.03,Yersinia | R2
73.07,Yersinia,R2,6.05,Yersinia | R2
74.07,Yersinia,R2,6.02,Yersinia | R2
75.07,Yersinia,R2,6.01,Yersinia | R2
76.07,Yersinia,R2,6.02,Yersinia | R2
77.07,Yersinia,R2,6.02,Yersinia | R2
78.07,Yersinia,R2,5.98,Yersinia | R2
79.07,Yersinia,R2,5.98,Yersinia | R2
80.07,Yersinia,R2,5.98,Yersinia | R2
81.07,Yersinia,R2,5.97,Yersinia | R2
82.07,Yersinia,R2,5.96,Yersinia | R2
83.07,Yersinia,R2,5.95,Yersinia | R2
84.07,Yersinia,R2,5.93,Yersinia | R2
85.07,Yersinia,R2,5.94,Yersinia | R2
86.07,Yersinia,R2,5.93,Yersinia | R2
87.07,Yersinia,R2,5.91,Yersinia | R2
88.07,Yersinia,R2,5.91,Yersinia | R2
89.07,Yersinia,R2,5.88,Yersinia | R2
90.07,Yersinia,R2,5.88,Yersinia | R2
91.07,Yersinia,R2,5.87,Yersinia | R2
92.07,Yersinia,R2,5.86,Yersinia | R2
93.07,Yersinia,R2,5.85,Yersinia | R2
94.07,Yersinia,R2,5.83,Yersinia | R2
95.07,Yersinia,R2,5.81,Yersinia | R2
96.07,Yersinia,R2,5.8,Yersinia | R2
97.07,Yersinia,R2,5.8,Yersinia | R2
98.07,Yersinia,R2,5.77,Yersinia | R2
99.07,Yersinia,R2,5.75,Yersinia | R2
100.07,Yersinia,R2,5.74,Yersinia | R2
101.07,Yersinia,R2,5.71,Yersinia | R2
102.07,Yersinia,R2,5.7,Yersinia | R2
103.07,Yersinia,R2,5.67,Yersinia | R2
104.07,Yersinia,R2,5.65,Yersinia | R2
105.07,Yersinia,R2,5.63,Yersinia | R2
106.07,Yersinia,R2,5.63,Yersinia | R2
107.07,Yersinia,R2,5.59,Yersinia | R2
108.07,Yersinia,R2,5.58,Yersinia | R2
109.07,Yersinia,R2,5.54,Yersinia | R2
110.07,Yersinia,R2,5.52,Yersinia | R2
111.07,Yersinia,R2,5.5,Yersinia | R2
112.07,Yersinia,R2,5.47,Yersinia | R2
113.07,Yersinia,R2,5.44,Yersinia | R2
114.07,Yersinia,R2,5.4,Yersinia | R2
115.07,Yersinia,R2,5.39,Yersinia | R2
116.07,Yersinia,R2,5.35,Yersinia | R2
117.07,Yersinia,R2,5.32,Yersinia | R2
118.07,Yersinia,R2,5.28,Yersinia | R2
119.07,Yersinia,R2,5.25,Yersinia | R2
120.07,Yersinia,R2,5.23,Yersinia | R2
121.07,Yersinia,R2,5.18,Yersinia | R2
122.07,Yersinia,R2,5.13,Yersinia | R2
123.07,Yersinia,R2,5.1,Yersinia | R2
124.08,Yersinia,R2,5.05,Yersinia | R2
125.08,Yersinia,R2,5.01,Yersinia | R2
126.08,Yersinia,R2,4.96,Yersinia | R2
127.08,Yersinia,R2,4.91,Yersinia | R2
128.08,Yersinia,R2,4.85,Yersinia | R2
129.08,Yersinia,R2,4.82,Yersinia | R2
130.08,Yersinia,R2,4.75,Yersinia | R2
131.08,Yersinia,R2,4.71,Yersinia | R2
132.08,Yersinia,R2,4.65,Yersinia | R2
133.08,Yersinia,R2,4.59,Yersinia | R2
134.08,Yersinia,R2,4.53,Yersinia | R2
135.08,Yersinia,R2,4.45,Yersinia | R2
136.08,Yersinia,R2,4.39,Yersinia | R2
137.08,Yersinia,R2,4.31,Yersinia | R2
138.08,Yersinia,R2,4.23,Yersinia | R2
139.08,Yersinia,R2,4.16,Yersinia | R2
140.08,Yersinia,R2,4.1,Yersinia | R2
141.08,Yersinia,R2,4.01,Yersinia | R2
142.08,Yersinia,R2,3.93,Yersinia | R2
143.08,Yersinia,R2,3.84,Yersinia | R2
144.08,Yersinia,R2,3.75,Yersinia | R2
145.08,Yersinia,R2,3.64,Yersinia | R2
146.08,Yersinia,R2,3.56,Yersinia | R2
147.08,Yersinia,R2,3.44,Yersinia | R2
148.08,Yersinia,R2,3.33,Yersinia | R2
149.08,Yersinia,R2,3.23,Yersinia | R2
150.08,Yersinia,R2,3.11,Yersinia | R2
151.08,Yersinia,R2,2.99,Yersinia | R2
152.08,Yersinia,R2,2.89,Yersinia | R2
153.08,Yersinia,R2,2.74,Yersinia | R2
154.08,Yersinia,R2,2.61,Yersinia | R2
155.08,Yersinia,R2,2.48,Yersinia | R2
156.08,Yersinia,R2,2.33,Yersinia | R2
157.08,Yersinia,R2,2.18,Yersinia | R2
158.08,Yersinia,R2,2.02,Yersinia | R2
159.08,Yersinia,R2,1.86,Yersinia | R2
160.08,Yersinia,R2,1.68,Yersinia | R2
161.08,Yersinia,R2,1.5,Yersinia | R2
162.08,Yersinia,R2,1.33,Yersinia | R2
163.08,Yersinia,R2,1.14,Yersinia | R2
164.08,Yersinia,R2,0.94,Yersinia | R2
165.08,Yersinia,R2,0.74,Yersinia | R2
166.08,Yersinia,R2,0.52,Yersinia | R2
167.08,Yersinia,R2,0.31,Yersinia | R2
168.08,Yersinia,R2,0.2,Yersinia | R2
169.08,Yersinia,R2,0.17,Yersinia | R2
170.08,Yersinia,R2,0.17,Yersinia | R2
171.08,Yersinia,R2,0.16,Yersinia | R2
172.08,Yersinia,R2,0.16,Yersinia | R2
173.08,Yersinia,R2,0.16,Yersinia | R2
174.08,Yersinia,R2,0.16,Yersinia | R2
175.08,Yersinia,R2,0.17,Yersinia | R2
176.08,Yersinia,R2,0.17,Yersinia | R2
177.08,Yersinia,R2,0.17,Yersinia | R2
178.08,Yersinia,R2,0.17,Yersinia | R2
179.1,Yersinia,R2,0.17,Yersinia | R2
180.1,Yersinia,R2,0.16,Yersinia | R2
181.1,Yersinia,R2,0.17,Yersinia | R2
182.1,Yersinia,R2,0.17,Yersinia | R2
183.1,Yersinia,R2,0.17,Yersinia | R2
184.1,Yersinia,R2,0.17,Yersinia | R2
185.1,Yersinia,R2,0.16,Yersinia | R2
186.1,Yersinia,R2,0.16,Yersinia | R2
187.1,Yersinia,R2,0.17,Yersinia | R2
188.1,Yersinia,R2,0.16,Yersinia | R2
189.1,Yersinia,R2,0.17,Yersinia | R2
190.1,Yersinia,R2,0.17,Yersinia | R2
191.1,Yersinia,R2,0.17,Yersinia | R2
192.1,Yersinia,R2,0.17,Yersinia | R2
193.1,Yersinia,R2,0.17,Yersinia | R2
194.1,Yersinia,R2,0.17,Yersinia | R2
195.1,Yersinia,R2,0.17,Yersinia | R2
196.1,Yersinia,R2,0.17,Yersinia | R2
197.1,Yersinia,R2,0.16,Yersinia | R2
198.1,Yersinia,R2,0.17,Yersinia | R2
199.1,Yersinia,R2,0.16,Yersinia | R2
200.1,Yersinia,R2,0.17,Yersinia | R2
201.1,Yersinia,R2,0.17,Yersinia | R2
202.1,Yersinia,R2,0.17,Yersinia | R2
203.1,Yersinia,R2,0.17,Yersinia | R2
204.1,Yersinia,R2,0.17,Yersinia | R2
205.1,Yersinia,R2,0.17,Yersinia | R2
206.1,Yersinia,R2,0.16,Yersinia | R2
207.1,Yersinia,R2,0.17,Yersinia | R2
208.1,Yersinia,R2,0.17,Yersinia | R2
209.1,Yersinia,R2,0.17,Yersinia | R2
210.1,Yersinia,R2,0.16,Yersinia | R2
211.1,Yersinia,R2,0.17,Yersinia | R2
212.1,Yersinia,R2,0.16,Yersinia | R2
0.03,Yersinia,R3,4.94,Yersinia | R3
1.05,Yersinia,R3,4.91,Yersinia | R3
2.05,Yersinia,R3,4.99,Yersinia | R3
3.05,Yersinia,R3,5.04,Yersinia | R3
4.05,Yersinia,R3,5.09,Yersinia | R3
5.05,Yersinia,R3,5.17,Yersinia | R3
6.05,Yersinia,R3,5.23,Yersinia | R3
7.05,Yersinia,R3,5.29,Yersinia | R3
8.05,Yersinia,R3,5.35,Yersinia | R3
9.05,Yersinia,R3,5.41,Yersinia | R3
10.05,Yersinia,R3,5.46,Yersinia | R3
11.05,Yersinia,R3,5.5,Yersinia | R3
12.05,Yersinia,R3,5.55,Yersinia | R3
13.05,Yersinia,R3,5.59,Yersinia | R3
14.05,Yersinia,R3,5.62,Yersinia | R3
15.05,Yersinia,R3,5.67,Yersinia | R3
16.05,Yersinia,R3,5.71,Yersinia | R3
17.05,Yersinia,R3,5.73,Yersinia | R3
18.05,Yersinia,R3,5.77,Yersinia | R3
19.05,Yersinia,R3,5.8,Yersinia | R3
20.05,Yersinia,R3,5.82,Yersinia | R3
21.05,Yersinia,R3,5.85,Yersinia | R3
22.05,Yersinia,R3,5.87,Yersinia | R3
23.05,Yersinia,R3,5.9,Yersinia | R3
24.05,Yersinia,R3,5.9,Yersinia | R3
25.05,Yersinia,R3,5.94,Yersinia | R3
26.05,Yersinia,R3,5.96,Yersinia | R3
27.05,Yersinia,R3,5.99,Yersinia | R3
28.05,Yersinia,R3,6.01,Yersinia | R3
29.05,Yersinia,R3,6.02,Yersinia | R3
30.05,Yersinia,R3,6.03,Yersinia | R3
31.05,Yersinia,R3,6.04,Yersinia | R3
32.05,Yersinia,R3,6.05,Yersinia | R3
33.05,Yersinia,R3,6.06,Yersinia | R3
34.05,Yersinia,R3,6.08,Yersinia | R3
35.05,Yersinia,R3,6.07,Yersinia | R3
36.05,Yersinia,R3,6.1,Yersinia | R3
37.05,Yersinia,R3,6.11,Yersinia | R3
38.05,Yersinia,R3,6.11,Yersinia | R3
39.05,Yersinia,R3,6.12,Yersinia | R3
40.05,Yersinia,R3,6.11,Yersinia | R3
41.05,Yersinia,R3,6.12,Yersinia | R3
42.07,Yersinia,R3,6.14,Yersinia | R3
43.07,Yersinia,R3,6.15,Yersinia | R3
44.07,Yersinia,R3,6.14,Yersinia | R3
45.07,Yersinia,R3,6.16,Yersinia | R3
46.07,Yersinia,R3,6.17,Yersinia | R3
47.07,Yersinia,R3,6.16,Yersinia | R3
48.07,Yersinia,R3,6.15,Yersinia | R3
49.07,Yersinia,R3,6.14,Yersinia | R3
50.07,Yersinia,R3,6.14,Yersinia | R3
51.07,Yersinia,R3,6.16,Yersinia | R3
52.07,Yersinia,R3,6.14,Yersinia | R3
53.07,Yersinia,R3,6.14,Yersinia | R3
54.07,Yersinia,R3,6.14,Yersinia | R3
55.07,Yersinia,R3,6.13,Yersinia | R3
56.07,Yersinia,R3,6.12,Yersinia | R3
57.07,Yersinia,R3,6.13,Yersinia | R3
58.07,Yersinia,R3,6.12,Yersinia | R3
59.07,Yersinia,R3,6.13,Yersinia | R3
60.07,Yersinia,R3,6.11,Yersinia | R3
61.07,Yersinia,R3,6.1,Yersinia | R3
62.07,Yersinia,R3,6.12,Yersinia | R3
63.07,Yersinia,R3,6.12,Yersinia | R3
64.07,Yersinia,R3,6.11,Yersinia | R3
65.07,Yersinia,R3,6.09,Yersinia | R3
66.07,Yersinia,R3,6.11,Yersinia | R3
67.07,Yersinia,R3,6.1,Yersinia | R3
68.07,Yersinia,R3,6.09,Yersinia | R3
69.07,Yersinia,R3,6.1,Yersinia | R3
70.07,Yersinia,R3,6.08,Yersinia | R3
71.07,Yersinia,R3,6.08,Yersinia | R3
72.07,Yersinia,R3,6.06,Yersinia | R3
73.07,Yersinia,R3,6.08,Yersinia | R3
74.07,Yersinia,R3,6.05,Yersinia | R3
75.07,Yersinia,R3,6.06,Yersinia | R3
76.07,Yersinia,R3,6.05,Yersinia | R3
77.07,Yersinia,R3,6.05,Yersinia | R3
78.07,Yersinia,R3,6.05,Yersinia | R3
79.07,Yersinia,R3,6.03,Yersinia | R3
80.07,Yersinia,R3,6.03,Yersinia | R3
81.07,Yersinia,R3,6,Yersinia | R3
82.07,Yersinia,R3,6,Yersinia | R3
83.07,Yersinia,R3,6.01,Yersinia | R3
84.07,Yersinia,R3,5.99,Yersinia | R3
85.07,Yersinia,R3,5.99,Yersinia | R3
86.07,Yersinia,R3,5.96,Yersinia | R3
87.07,Yersinia,R3,5.97,Yersinia | R3
88.07,Yersinia,R3,5.94,Yersinia | R3
89.07,Yersinia,R3,5.94,Yersinia | R3
90.07,Yersinia,R3,5.93,Yersinia | R3
91.07,Yersinia,R3,5.92,Yersinia | R3
92.07,Yersinia,R3,5.92,Yersinia | R3
93.07,Yersinia,R3,5.9,Yersinia | R3
94.07,Yersinia,R3,5.88,Yersinia | R3
95.07,Yersinia,R3,5.86,Yersinia | R3
96.07,Yersinia,R3,5.86,Yersinia | R3
97.07,Yersinia,R3,5.84,Yersinia | R3
98.07,Yersinia,R3,5.83,Yersinia | R3
99.07,Yersinia,R3,5.82,Yersinia | R3
100.07,Yersinia,R3,5.8,Yersinia | R3
101.07,Yersinia,R3,5.78,Yersinia | R3
102.07,Yersinia,R3,5.78,Yersinia | R3
103.07,Yersinia,R3,5.75,Yersinia | R3
104.07,Yersinia,R3,5.73,Yersinia | R3
105.07,Yersinia,R3,5.71,Yersinia | R3
106.07,Yersinia,R3,5.69,Yersinia | R3
107.07,Yersinia,R3,5.67,Yersinia | R3
108.07,Yersinia,R3,5.66,Yersinia | R3
109.07,Yersinia,R3,5.63,Yersinia | R3
110.07,Yersinia,R3,5.6,Yersinia | R3
111.07,Yersinia,R3,5.59,Yersinia | R3
112.07,Yersinia,R3,5.55,Yersinia | R3
113.07,Yersinia,R3,5.53,Yersinia | R3
114.07,Yersinia,R3,5.51,Yersinia | R3
115.07,Yersinia,R3,5.47,Yersinia | R3
116.07,Yersinia,R3,5.45,Yersinia | R3
117.07,Yersinia,R3,5.42,Yersinia | R3
118.07,Yersinia,R3,5.39,Yersinia | R3
119.07,Yersinia,R3,5.37,Yersinia | R3
120.07,Yersinia,R3,5.32,Yersinia | R3
121.07,Yersinia,R3,5.29,Yersinia | R3
122.07,Yersinia,R3,5.24,Yersinia | R3
123.07,Yersinia,R3,5.21,Yersinia | R3
124.08,Yersinia,R3,5.18,Yersinia | R3
125.08,Yersinia,R3,5.14,Yersinia | R3
126.08,Yersinia,R3,5.11,Yersinia | R3
127.08,Yersinia,R3,5.06,Yersinia | R3
128.08,Yersinia,R3,5,Yersinia | R3
129.08,Yersinia,R3,4.96,Yersinia | R3
130.08,Yersinia,R3,4.91,Yersinia | R3
131.08,Yersinia,R3,4.86,Yersinia | R3
132.08,Yersinia,R3,4.8,Yersinia | R3
133.08,Yersinia,R3,4.74,Yersinia | R3
134.08,Yersinia,R3,4.69,Yersinia | R3
135.08,Yersinia,R3,4.64,Yersinia | R3
136.08,Yersinia,R3,4.58,Yersinia | R3
137.08,Yersinia,R3,4.49,Yersinia | R3
138.08,Yersinia,R3,4.44,Yersinia | R3
139.08,Yersinia,R3,4.37,Yersinia | R3
140.08,Yersinia,R3,4.31,Yersinia | R3
141.08,Yersinia,R3,4.22,Yersinia | R3
142.08,Yersinia,R3,4.13,Yersinia | R3
143.08,Yersinia,R3,4.06,Yersinia | R3
144.08,Yersinia,R3,3.99,Yersinia | R3
145.08,Yersinia,R3,3.9,Yersinia | R3
146.08,Yersinia,R3,3.8,Yersinia | R3
147.08,Yersinia,R3,3.69,Yersinia | R3
148.08,Yersinia,R3,3.6,Yersinia | R3
149.08,Yersinia,R3,3.5,Yersinia | R3
150.08,Yersinia,R3,3.38,Yersinia | R3
151.08,Yersinia,R3,3.28,Yersinia | R3
152.08,Yersinia,R3,3.17,Yersinia | R3
153.08,Yersinia,R3,3.06,Yersinia | R3
154.08,Yersinia,R3,2.92,Yersinia | R3
155.08,Yersinia,R3,2.79,Yersinia | R3
156.08,Yersinia,R3,2.66,Yersinia | R3
157.08,Yersinia,R3,2.52,Yersinia | R3
158.08,Yersinia,R3,2.37,Yersinia | R3
159.08,Yersinia,R3,2.21,Yersinia | R3
160.08,Yersinia,R3,2.06,Yersinia | R3
161.08,Yersinia,R3,1.89,Yersinia | R3
162.08,Yersinia,R3,1.72,Yersinia | R3
163.08,Yersinia,R3,1.54,Yersinia | R3
164.08,Yersinia,R3,1.36,Yersinia | R3
165.08,Yersinia,R3,1.17,Yersinia | R3
166.08,Yersinia,R3,0.98,Yersinia | R3
167.08,Yersinia,R3,0.76,Yersinia | R3
168.08,Yersinia,R3,0.54,Yersinia | R3
169.08,Yersinia,R3,0.34,Yersinia | R3
170.08,Yersinia,R3,0.09,Yersinia | R3
171.08,Yersinia,R3,0,Yersinia | R3
172.08,Yersinia,R3,0,Yersinia | R3
173.08,Yersinia,R3,0,Yersinia | R3
174.08,Yersinia,R3,0,Yersinia | R3
175.08,Yersinia,R3,0,Yersinia | R3
176.08,Yersinia,R3,0,Yersinia | R3
177.08,Yersinia,R3,0,Yersinia | R3
178.08,Yersinia,R3,0,Yersinia | R3
179.1,Yersinia,R3,0,Yersinia | R3
180.1,Yersinia,R3,0,Yersinia | R3
181.1,Yersinia,R3,0,Yersinia | R3
182.1,Yersinia,R3,0,Yersinia | R3
183.1,Yersinia,R3,0,Yersinia | R3
184.1,Yersinia,R3,0,Yersinia | R3
185.1,Yersinia,R3,0,Yersinia | R3
186.1,Yersinia,R3,0,Yersinia | R3
187.1,Yersinia,R3,0,Yersinia | R3
188.1,Yersinia,R3,0,Yersinia | R3
189.1,Yersinia,R3,0,Yersinia | R3
190.1,Yersinia,R3,0,Yersinia | R3
191.1,Yersinia,R3,0,Yersinia | R3
192.1,Yersinia,R3,0,Yersinia | R3
193.1,Yersinia,R3,0,Yersinia | R3
194.1,Yersinia,R3,0,Yersinia | R3
195.1,Yersinia,R3,0,Yersinia | R3
196.1,Yersinia,R3,0,Yersinia | R3
197.1,Yersinia,R3,0,Yersinia | R3
198.1,Yersinia,R3,0,Yersinia | R3
199.1,Yersinia,R3,0,Yersinia | R3
200.1,Yersinia,R3,0,Yersinia | R3
201.1,Yersinia,R3,0,Yersinia | R3
202.1,Yersinia,R3,0,Yersinia | R3
203.1,Yersinia,R3,0,Yersinia | R3
204.1,Yersinia,R3,0,Yersinia | R3
205.1,Yersinia,R3,0,Yersinia | R3
206.1,Yersinia,R3,0,Yersinia | R3
207.1,Yersinia,R3,0,Yersinia | R3
208.1,Yersinia,R3,0,Yersinia | R3
209.1,Yersinia,R3,0,Yersinia | R3
210.1,Yersinia,R3,0,Yersinia | R3
211.1,Yersinia,R3,0,Yersinia | R3
212.1,Yersinia,R3,0,Yersinia | R3
0.03,Yersinia,R4,5.17,Yersinia | R4
1.05,Yersinia,R4,5.11,Yersinia | R4
2.05,Yersinia,R4,5.12,Yersinia | R4
3.05,Yersinia,R4,5.17,Yersinia | R4
4.05,Yersinia,R4,5.23,Yersinia | R4
5.05,Yersinia,R4,5.31,Yersinia | R4
6.05,Yersinia,R4,5.38,Yersinia | R4
7.05,Yersinia,R4,5.43,Yersinia | R4
8.05,Yersinia,R4,5.49,Yersinia | R4
9.05,Yersinia,R4,5.55,Yersinia | R4
10.05,Yersinia,R4,5.6,Yersinia | R4
11.05,Yersinia,R4,5.65,Yersinia | R4
12.05,Yersinia,R4,5.69,Yersinia | R4
13.05,Yersinia,R4,5.73,Yersinia | R4
14.05,Yersinia,R4,5.76,Yersinia | R4
15.05,Yersinia,R4,5.81,Yersinia | R4
16.05,Yersinia,R4,5.85,Yersinia | R4
17.05,Yersinia,R4,5.87,Yersinia | R4
18.05,Yersinia,R4,5.92,Yersinia | R4
19.05,Yersinia,R4,5.95,Yersinia | R4
20.05,Yersinia,R4,5.97,Yersinia | R4
21.05,Yersinia,R4,6.01,Yersinia | R4
22.05,Yersinia,R4,6.03,Yersinia | R4
23.05,Yersinia,R4,6.04,Yersinia | R4
24.05,Yersinia,R4,6.05,Yersinia | R4
25.05,Yersinia,R4,6.07,Yersinia | R4
26.05,Yersinia,R4,6.09,Yersinia | R4
27.05,Yersinia,R4,6.12,Yersinia | R4
28.05,Yersinia,R4,6.14,Yersinia | R4
29.05,Yersinia,R4,6.14,Yersinia | R4
30.05,Yersinia,R4,6.17,Yersinia | R4
31.05,Yersinia,R4,6.18,Yersinia | R4
32.05,Yersinia,R4,6.19,Yersinia | R4
33.05,Yersinia,R4,6.21,Yersinia | R4
34.05,Yersinia,R4,6.21,Yersinia | R4
35.05,Yersinia,R4,6.22,Yersinia | R4
36.05,Yersinia,R4,6.24,Yersinia | R4
37.05,Yersinia,R4,6.25,Yersinia | R4
38.05,Yersinia,R4,6.25,Yersinia | R4
39.05,Yersinia,R4,6.26,Yersinia | R4
40.05,Yersinia,R4,6.26,Yersinia | R4
41.05,Yersinia,R4,6.26,Yersinia | R4
42.07,Yersinia,R4,6.27,Yersinia | R4
43.07,Yersinia,R4,6.27,Yersinia | R4
44.07,Yersinia,R4,6.27,Yersinia | R4
45.07,Yersinia,R4,6.26,Yersinia | R4
46.07,Yersinia,R4,6.27,Yersinia | R4
47.07,Yersinia,R4,6.28,Yersinia | R4
48.07,Yersinia,R4,6.27,Yersinia | R4
49.07,Yersinia,R4,6.27,Yersinia | R4
50.07,Yersinia,R4,6.27,Yersinia | R4
51.07,Yersinia,R4,6.29,Yersinia | R4
52.07,Yersinia,R4,6.29,Yersinia | R4
53.07,Yersinia,R4,6.27,Yersinia | R4
54.07,Yersinia,R4,6.28,Yersinia | R4
55.07,Yersinia,R4,6.26,Yersinia | R4
56.07,Yersinia,R4,6.26,Yersinia | R4
57.07,Yersinia,R4,6.26,Yersinia | R4
58.07,Yersinia,R4,6.27,Yersinia | R4
59.07,Yersinia,R4,6.25,Yersinia | R4
60.07,Yersinia,R4,6.25,Yersinia | R4
61.07,Yersinia,R4,6.25,Yersinia | R4
62.07,Yersinia,R4,6.23,Yersinia | R4
63.07,Yersinia,R4,6.24,Yersinia | R4
64.07,Yersinia,R4,6.24,Yersinia | R4
65.07,Yersinia,R4,6.22,Yersinia | R4
66.07,Yersinia,R4,6.21,Yersinia | R4
67.07,Yersinia,R4,6.22,Yersinia | R4
68.07,Yersinia,R4,6.21,Yersinia | R4
69.07,Yersinia,R4,6.2,Yersinia | R4
70.07,Yersinia,R4,6.19,Yersinia | R4
71.07,Yersinia,R4,6.2,Yersinia | R4
72.07,Yersinia,R4,6.19,Yersinia | R4
73.07,Yersinia,R4,6.18,Yersinia | R4
74.07,Yersinia,R4,6.16,Yersinia | R4
75.07,Yersinia,R4,6.16,Yersinia | R4
76.07,Yersinia,R4,6.15,Yersinia | R4
77.07,Yersinia,R4,6.14,Yersinia | R4
78.07,Yersinia,R4,6.13,Yersinia | R4
79.07,Yersinia,R4,6.14,Yersinia | R4
80.07,Yersinia,R4,6.12,Yersinia | R4
81.07,Yersinia,R4,6.12,Yersinia | R4
82.07,Yersinia,R4,6.1,Yersinia | R4
83.07,Yersinia,R4,6.1,Yersinia | R4
84.07,Yersinia,R4,6.1,Yersinia | R4
85.07,Yersinia,R4,6.06,Yersinia | R4
86.07,Yersinia,R4,6.07,Yersinia | R4
87.07,Yersinia,R4,6.05,Yersinia | R4
88.07,Yersinia,R4,6.02,Yersinia | R4
89.07,Yersinia,R4,6.02,Yersinia | R4
90.07,Yersinia,R4,6.02,Yersinia | R4
91.07,Yersinia,R4,6,Yersinia | R4
92.07,Yersinia,R4,5.97,Yersinia | R4
93.07,Yersinia,R4,5.96,Yersinia | R4
94.07,Yersinia,R4,5.96,Yersinia | R4
95.07,Yersinia,R4,5.93,Yersinia | R4
96.07,Yersinia,R4,5.93,Yersinia | R4
97.07,Yersinia,R4,5.91,Yersinia | R4
98.07,Yersinia,R4,5.89,Yersinia | R4
99.07,Yersinia,R4,5.88,Yersinia | R4
100.07,Yersinia,R4,5.84,Yersinia | R4
101.07,Yersinia,R4,5.83,Yersinia | R4
102.07,Yersinia,R4,5.81,Yersinia | R4
103.07,Yersinia,R4,5.79,Yersinia | R4
104.07,Yersinia,R4,5.76,Yersinia | R4
105.07,Yersinia,R4,5.75,Yersinia | R4
106.07,Yersinia,R4,5.72,Yersinia | R4
107.07,Yersinia,R4,5.69,Yersinia | R4
108.07,Yersinia,R4,5.68,Yersinia | R4
109.07,Yersinia,R4,5.64,Yersinia | R4
110.07,Yersinia,R4,5.6,Yersinia | R4
111.07,Yersinia,R4,5.59,Yersinia | R4
112.07,Yersinia,R4,5.56,Yersinia | R4
113.07,Yersinia,R4,5.54,Yersinia | R4
114.07,Yersinia,R4,5.5,Yersinia | R4
115.07,Yersinia,R4,5.46,Yersinia | R4
116.07,Yersinia,R4,5.44,Yersinia | R4
117.07,Yersinia,R4,5.4,Yersinia | R4
118.07,Yersinia,R4,5.37,Yersinia | R4
119.07,Yersinia,R4,5.32,Yersinia | R4
120.07,Yersinia,R4,5.27,Yersinia | R4
121.07,Yersinia,R4,5.23,Yersinia | R4
122.07,Yersinia,R4,5.19,Yersinia | R4
123.07,Yersinia,R4,5.16,Yersinia | R4
124.08,Yersinia,R4,5.1,Yersinia | R4
125.08,Yersinia,R4,5.07,Yersinia | R4
126.08,Yersinia,R4,5.02,Yersinia | R4
127.08,Yersinia,R4,4.97,Yersinia | R4
128.08,Yersinia,R4,4.91,Yersinia | R4
129.08,Yersinia,R4,4.86,Yersinia | R4
130.08,Yersinia,R4,4.79,Yersinia | R4
131.08,Yersinia,R4,4.76,Yersinia | R4
132.08,Yersinia,R4,4.68,Yersinia | R4
133.08,Yersinia,R4,4.62,Yersinia | R4
134.08,Yersinia,R4,4.55,Yersinia | R4
135.08,Yersinia,R4,4.49,Yersinia | R4
136.08,Yersinia,R4,4.4,Yersinia | R4
137.08,Yersinia,R4,4.34,Yersinia | R4
138.08,Yersinia,R4,4.27,Yersinia | R4
139.08,Yersinia,R4,4.19,Yersinia | R4
140.08,Yersinia,R4,4.11,Yersinia | R4
141.08,Yersinia,R4,4.01,Yersinia | R4
142.08,Yersinia,R4,3.93,Yersinia | R4
143.08,Yersinia,R4,3.84,Yersinia | R4
144.08,Yersinia,R4,3.74,Yersinia | R4
145.08,Yersinia,R4,3.64,Yersinia | R4
146.08,Yersinia,R4,3.55,Yersinia | R4
147.08,Yersinia,R4,3.43,Yersinia | R4
148.08,Yersinia,R4,3.34,Yersinia | R4
149.08,Yersinia,R4,3.23,Yersinia | R4
150.08,Yersinia,R4,3.1,Yersinia | R4
151.08,Yersinia,R4,2.97,Yersinia | R4
152.08,Yersinia,R4,2.84,Yersinia | R4
153.08,Yersinia,R4,2.72,Yersinia | R4
154.08,Yersinia,R4,2.57,Yersinia | R4
155.08,Yersinia,R4,2.44,Yersinia | R4
156.08,Yersinia,R4,2.28,Yersinia | R4
157.08,Yersinia,R4,2.13,Yersinia | R4
158.08,Yersinia,R4,1.98,Yersinia | R4
159.08,Yersinia,R4,1.83,Yersinia | R4
160.08,Yersinia,R4,1.64,Yersinia | R4
161.08,Yersinia,R4,1.47,Yersinia | R4
162.08,Yersinia,R4,1.29,Yersinia | R4
163.08,Yersinia,R4,1.09,Yersinia | R4
164.08,Yersinia,R4,0.9,Yersinia | R4
165.08,Yersinia,R4,0.69,Yersinia | R4
166.08,Yersinia,R4,0.49,Yersinia | R4
167.08,Yersinia,R4,0.35,Yersinia | R4
168.08,Yersinia,R4,0.3,Yersinia | R4
169.08,Yersinia,R4,0.29,Yersinia | R4
170.08,Yersinia,R4,0.29,Yersinia | R4
171.08,Yersinia,R4,0.28,Yersinia | R4
172.08,Yersinia,R4,0.29,Yersinia | R4
173.08,Yersinia,R4,0.28,Yersinia | R4
174.08,Yersinia,R4,0.28,Yersinia | R4
175.08,Yersinia,R4,0.28,Yersinia | R4
176.08,Yersinia,R4,0.28,Yersinia | R4
177.08,Yersinia,R4,0.28,Yersinia | R4
178.08,Yersinia,R4,0.28,Yersinia | R4
179.1,Yersinia,R4,0.29,Yersinia | R4
180.1,Yersinia,R4,0.28,Yersinia | R4
181.1,Yersinia,R4,0.28,Yersinia | R4
182.1,Yersinia,R4,0.29,Yersinia | R4
183.1,Yersinia,R4,0.29,Yersinia | R4
184.1,Yersinia,R4,0.28,Yersinia | R4
185.1,Yersinia,R4,0.28,Yersinia | R4
186.1,Yersinia,R4,0.29,Yersinia | R4
187.1,Yersinia,R4,0.29,Yersinia | R4
188.1,Yersinia,R4,0.29,Yersinia | R4
189.1,Yersinia,R4,0.28,Yersinia | R4
190.1,Yersinia,R4,0.29,Yersinia | R4
191.1,Yersinia,R4,0.28,Yersinia | R4
192.1,Yersinia,R4,0.29,Yersinia | R4
193.1,Yersinia,R4,0.29,Yersinia | R4
194.1,Yersinia,R4,0.29,Yersinia | R4
195.1,Yersinia,R4,0.29,Yersinia | R4
196.1,Yersinia,R4,0.28,Yersinia | R4
197.1,Yersinia,R4,0.29,Yersinia | R4
198.1,Yersinia,R4,0.29,Yersinia | R4
199.1,Yersinia,R4,0.29,Yersinia | R4
200.1,Yersinia,R4,0.28,Yersinia | R4
201.1,Yersinia,R4,0.28,Yersinia | R4
202.1,Yersinia,R4,0.28,Yersinia | R4
203.1,Yersinia,R4,0.29,Yersinia | R4
204.1,Yersinia,R4,0.28,Yersinia | R4
205.1,Yersinia,R4,0.28,Yersinia | R4
206.1,Yersinia,R4,0.27,Yersinia | R4
207.1,Yersinia,R4,0.28,Yersinia | R4
208.1,Yersinia,R4,0.28,Yersinia | R4
209.1,Yersinia,R4,0.28,Yersinia | R4
210.1,Yersinia,R4,0.27,Yersinia | R4
211.1,Yersinia,R4,0.29,Yersinia | R4
212.1,Yersinia,R4,0.28,Yersinia | R4
0.03,Yersinia,R5,4.75,Yersinia | R5
1.05,Yersinia,R5,4.75,Yersinia | R5
2.05,Yersinia,R5,4.81,Yersinia | R5
3.05,Yersinia,R5,4.86,Yersinia | R5
4.05,Yersinia,R5,4.92,Yersinia | R5
5.05,Yersinia,R5,5,Yersinia | R5
6.05,Yersinia,R5,5.06,Yersinia | R5
7.05,Yersinia,R5,5.11,Yersinia | R5
8.05,Yersinia,R5,5.18,Yersinia | R5
9.05,Yersinia,R5,5.23,Yersinia | R5
10.05,Yersinia,R5,5.27,Yersinia | R5
11.05,Yersinia,R5,5.33,Yersinia | R5
12.05,Yersinia,R5,5.38,Yersinia | R5
13.05,Yersinia,R5,5.42,Yersinia | R5
14.05,Yersinia,R5,5.46,Yersinia | R5
15.05,Yersinia,R5,5.5,Yersinia | R5
16.05,Yersinia,R5,5.54,Yersinia | R5
17.05,Yersinia,R5,5.57,Yersinia | R5
18.05,Yersinia,R5,5.59,Yersinia | R5
19.05,Yersinia,R5,5.63,Yersinia | R5
20.05,Yersinia,R5,5.64,Yersinia | R5
21.05,Yersinia,R5,5.67,Yersinia | R5
22.05,Yersinia,R5,5.71,Yersinia | R5
23.05,Yersinia,R5,5.72,Yersinia | R5
24.05,Yersinia,R5,5.73,Yersinia | R5
25.05,Yersinia,R5,5.75,Yersinia | R5
26.05,Yersinia,R5,5.76,Yersinia | R5
27.05,Yersinia,R5,5.77,Yersinia | R5
28.05,Yersinia,R5,5.8,Yersinia | R5
29.05,Yersinia,R5,5.8,Yersinia | R5
30.05,Yersinia,R5,5.83,Yersinia | R5
31.05,Yersinia,R5,5.83,Yersinia | R5
32.05,Yersinia,R5,5.85,Yersinia | R5
33.05,Yersinia,R5,5.86,Yersinia | R5
34.05,Yersinia,R5,5.87,Yersinia | R5
35.05,Yersinia,R5,5.87,Yersinia | R5
36.05,Yersinia,R5,5.88,Yersinia | R5
37.05,Yersinia,R5,5.89,Yersinia | R5
38.05,Yersinia,R5,5.89,Yersinia | R5
39.05,Yersinia,R5,5.89,Yersinia | R5
40.05,Yersinia,R5,5.9,Yersinia | R5
41.05,Yersinia,R5,5.91,Yersinia | R5
42.07,Yersinia,R5,5.92,Yersinia | R5
43.07,Yersinia,R5,5.93,Yersinia | R5
44.07,Yersinia,R5,5.94,Yersinia | R5
45.07,Yersinia,R5,5.94,Yersinia | R5
46.07,Yersinia,R5,5.93,Yersinia | R5
47.07,Yersinia,R5,5.93,Yersinia | R5
48.07,Yersinia,R5,5.93,Yersinia | R5
49.07,Yersinia,R5,5.91,Yersinia | R5
50.07,Yersinia,R5,5.92,Yersinia | R5
51.07,Yersinia,R5,5.93,Yersinia | R5
52.07,Yersinia,R5,5.93,Yersinia | R5
53.07,Yersinia,R5,5.91,Yersinia | R5
54.07,Yersinia,R5,5.91,Yersinia | R5
55.07,Yersinia,R5,5.91,Yersinia | R5
56.07,Yersinia,R5,5.91,Yersinia | R5
57.07,Yersinia,R5,5.9,Yersinia | R5
58.07,Yersinia,R5,5.89,Yersinia | R5
59.07,Yersinia,R5,5.91,Yersinia | R5
60.07,Yersinia,R5,5.88,Yersinia | R5
61.07,Yersinia,R5,5.89,Yersinia | R5
62.07,Yersinia,R5,5.89,Yersinia | R5
63.07,Yersinia,R5,5.9,Yersinia | R5
64.07,Yersinia,R5,5.87,Yersinia | R5
65.07,Yersinia,R5,5.88,Yersinia | R5
66.07,Yersinia,R5,5.86,Yersinia | R5
67.07,Yersinia,R5,5.86,Yersinia | R5
68.07,Yersinia,R5,5.85,Yersinia | R5
69.07,Yersinia,R5,5.86,Yersinia | R5
70.07,Yersinia,R5,5.84,Yersinia | R5
71.07,Yersinia,R5,5.84,Yersinia | R5
72.07,Yersinia,R5,5.84,Yersinia | R5
73.07,Yersinia,R5,5.82,Yersinia | R5
74.07,Yersinia,R5,5.82,Yersinia | R5
75.07,Yersinia,R5,5.81,Yersinia | R5
76.07,Yersinia,R5,5.8,Yersinia | R5
77.07,Yersinia,R5,5.81,Yersinia | R5
78.07,Yersinia,R5,5.8,Yersinia | R5
79.07,Yersinia,R5,5.79,Yersinia | R5
80.07,Yersinia,R5,5.78,Yersinia | R5
81.07,Yersinia,R5,5.76,Yersinia | R5
82.07,Yersinia,R5,5.75,Yersinia | R5
83.07,Yersinia,R5,5.75,Yersinia | R5
84.07,Yersinia,R5,5.74,Yersinia | R5
85.07,Yersinia,R5,5.73,Yersinia | R5
86.07,Yersinia,R5,5.71,Yersinia | R5
87.07,Yersinia,R5,5.71,Yersinia | R5
88.07,Yersinia,R5,5.71,Yersinia | R5
89.07,Yersinia,R5,5.69,Yersinia | R5
90.07,Yersinia,R5,5.67,Yersinia | R5
91.07,Yersinia,R5,5.65,Yersinia | R5
92.07,Yersinia,R5,5.65,Yersinia | R5
93.07,Yersinia,R5,5.65,Yersinia | R5
94.07,Yersinia,R5,5.63,Yersinia | R5
95.07,Yersinia,R5,5.62,Yersinia | R5
96.07,Yersinia,R5,5.59,Yersinia | R5
97.07,Yersinia,R5,5.58,Yersinia | R5
98.07,Yersinia,R5,5.56,Yersinia | R5
99.07,Yersinia,R5,5.56,Yersinia | R5
100.07,Yersinia,R5,5.53,Yersinia | R5
101.07,Yersinia,R5,5.54,Yersinia | R5
102.07,Yersinia,R5,5.5,Yersinia | R5
103.07,Yersinia,R5,5.49,Yersinia | R5
104.07,Yersinia,R5,5.46,Yersinia | R5
105.07,Yersinia,R5,5.46,Yersinia | R5
106.07,Yersinia,R5,5.43,Yersinia | R5
107.07,Yersinia,R5,5.41,Yersinia | R5
108.07,Yersinia,R5,5.39,Yersinia | R5
109.07,Yersinia,R5,5.36,Yersinia | R5
110.07,Yersinia,R5,5.32,Yersinia | R5
111.07,Yersinia,R5,5.3,Yersinia | R5
112.07,Yersinia,R5,5.29,Yersinia | R5
113.07,Yersinia,R5,5.25,Yersinia | R5
114.07,Yersinia,R5,5.26,Yersinia | R5
115.07,Yersinia,R5,5.22,Yersinia | R5
116.07,Yersinia,R5,5.18,Yersinia | R5
117.07,Yersinia,R5,5.15,Yersinia | R5
118.07,Yersinia,R5,5.12,Yersinia | R5
119.07,Yersinia,R5,5.09,Yersinia | R5
120.07,Yersinia,R5,5.05,Yersinia | R5
121.07,Yersinia,R5,5.02,Yersinia | R5
122.07,Yersinia,R5,4.96,Yersinia | R5
123.07,Yersinia,R5,4.94,Yersinia | R5
124.08,Yersinia,R5,4.9,Yersinia | R5
125.08,Yersinia,R5,4.86,Yersinia | R5
126.08,Yersinia,R5,4.82,Yersinia | R5
127.08,Yersinia,R5,4.77,Yersinia | R5
128.08,Yersinia,R5,4.73,Yersinia | R5
129.08,Yersinia,R5,4.68,Yersinia | R5
130.08,Yersinia,R5,4.63,Yersinia | R5
131.08,Yersinia,R5,4.59,Yersinia | R5
132.08,Yersinia,R5,4.54,Yersinia | R5
133.08,Yersinia,R5,4.48,Yersinia | R5
134.08,Yersinia,R5,4.41,Yersinia | R5
135.08,Yersinia,R5,4.36,Yersinia | R5
136.08,Yersinia,R5,4.31,Yersinia | R5
137.08,Yersinia,R5,4.24,Yersinia | R5
138.08,Yersinia,R5,4.19,Yersinia | R5
139.08,Yersinia,R5,4.11,Yersinia | R5
140.08,Yersinia,R5,4.03,Yersinia | R5
141.08,Yersinia,R5,3.97,Yersinia | R5
142.08,Yersinia,R5,3.9,Yersinia | R5
143.08,Yersinia,R5,3.81,Yersinia | R5
144.08,Yersinia,R5,3.75,Yersinia | R5
145.08,Yersinia,R5,3.66,Yersinia | R5
146.08,Yersinia,R5,3.56,Yersinia | R5
147.08,Yersinia,R5,3.49,Yersinia | R5
148.08,Yersinia,R5,3.39,Yersinia | R5
149.08,Yersinia,R5,3.28,Yersinia | R5
150.08,Yersinia,R5,3.19,Yersinia | R5
151.08,Yersinia,R5,3.1,Yersinia | R5
152.08,Yersinia,R5,2.99,Yersinia | R5
153.08,Yersinia,R5,2.85,Yersinia | R5
154.08,Yersinia,R5,2.75,Yersinia | R5
155.08,Yersinia,R5,2.64,Yersinia | R5
156.08,Yersinia,R5,2.52,Yersinia | R5
157.08,Yersinia,R5,2.38,Yersinia | R5
158.08,Yersinia,R5,2.25,Yersinia | R5
159.08,Yersinia,R5,2.12,Yersinia | R5
160.08,Yersinia,R5,1.98,Yersinia | R5
161.08,Yersinia,R5,1.83,Yersinia | R5
162.08,Yersinia,R5,1.66,Yersinia | R5
163.08,Yersinia,R5,1.52,Yersinia | R5
164.08,Yersinia,R5,1.35,Yersinia | R5
165.08,Yersinia,R5,1.17,Yersinia | R5
166.08,Yersinia,R5,1,Yersinia | R5
167.08,Yersinia,R5,0.83,Yersinia | R5
168.08,Yersinia,R5,0.62,Yersinia | R5
169.08,Yersinia,R5,0.43,Yersinia | R5
170.08,Yersinia,R5,0.22,Yersinia | R5
171.08,Yersinia,R5,0.08,Yersinia | R5
172.08,Yersinia,R5,0.03,Yersinia | R5
173.08,Yersinia,R5,0.02,Yersinia | R5
174.08,Yersinia,R5,0.01,Yersinia | R5
175.08,Yersinia,R5,0.02,Yersinia | R5
176.08,Yersinia,R5,0.02,Yersinia | R5
177.08,Yersinia,R5,0.01,Yersinia | R5
178.08,Yersinia,R5,0.02,Yersinia | R5
179.1,Yersinia,R5,0.02,Yersinia | R5
180.1,Yersinia,R5,0.02,Yersinia | R5
181.1,Yersinia,R5,0.02,Yersinia | R5
182.1,Yersinia,R5,0.03,Yersinia | R5
183.1,Yersinia,R5,0.02,Yersinia | R5
184.1,Yersinia,R5,0.02,Yersinia | R5
185.1,Yersinia,R5,0.02,Yersinia | R5
186.1,Yersinia,R5,0.02,Yersinia | R5
187.1,Yersinia,R5,0.02,Yersinia | R5
188.1,Yersinia,R5,0.03,Yersinia | R5
189.1,Yersinia,R5,0.02,Yersinia | R5
190.1,Yersinia,R5,0.03,Yersinia | R5
191.1,Yersinia,R5,0.02,Yersinia | R5
192.1,Yersinia,R5,0.03,Yersinia | R5
193.1,Yersinia,R5,0.03,Yersinia | R5
194.1,Yersinia,R5,0.02,Yersinia | R5
195.1,Yersinia,R5,0.03,Yersinia | R5
196.1,Yersinia,R5,0.02,Yersinia | R5
197.1,Yersinia,R5,0.02,Yersinia | R5
198.1,Yersinia,R5,0.03,Yersinia | R5
199.1,Yersinia,R5,0.02,Yersinia | R5
200.1,Yersinia,R5,0.03,Yersinia | R5
201.1,Yersinia,R5,0.02,Yersinia | R5
202.1,Yersinia,R5,0.02,Yersinia | R5
203.1,Yersinia,R5,0.03,Yersinia | R5
204.1,Yersinia,R5,0.01,Yersinia | R5
205.1,Yersinia,R5,0.02,Yersinia | R5
206.1,Yersinia,R5,0.01,Yersinia | R5
207.1,Yersinia,R5,0.03,Yersinia | R5
208.1,Yersinia,R5,0.02,Yersinia | R5
209.1,Yersinia,R5,0.02,Yersinia | R5
210.1,Yersinia,R5,0.02,Yersinia | R5
211.1,Yersinia,R5,0.03,Yersinia | R5
212.1,Yersinia,R5,0.02,Yersinia | R5
