Taxon,Replicate,ds,de,is_base,r,K,Rpc,ok,dK_pct,dR_pct,dr_pct
Acinetobacter,R1,-6,-6,FALSE,0.019399979617189866,0.0015648423988416959,5260.19790822163,TRUE,0.2112869827720578,0.39806874837307066,-0.18767247322186553
Acinetobacter,R1,-6,-3,FALSE,0.019421908711503427,0.0015629057419393408,5247.809751518696,TRUE,0.08726498491928333,0.16162384078075134,-0.07484792457897406
Acinetobacter,R1,-6,0,FALSE,0.01943645649580223,0.0015615430616221081,5239.341726189201,TRUE,0,0,0
Acinetobacter,R1,-6,3,FALSE,0.019450127498076366,0.0015602383198325821,5231.311781507583,TRUE,-0.08355464678448615,-0.1532624726781944,0.07033690671490528
Acinetobacter,R1,-6,6,FALSE,0.019444491237716462,0.0015607743001669944,5234.614810864003,TRUE,-0.04923088411760975,-0.09021964155478546,0.041338512068633745
Acinetobacter,R1,-3,-6,FALSE,0.019399979617189866,0.0015648423988416959,5260.19790822163,TRUE,0.2112869827720578,0.39806874837307066,-0.18767247322186553
Acinetobacter,R1,-3,-3,FALSE,0.019421908711503427,0.0015629057419393408,5247.809751518696,TRUE,0.08726498491928333,0.16162384078075134,-0.07484792457897406
Acinetobacter,R1,-3,0,FALSE,0.01943645649580223,0.0015615430616221081,5239.341726189201,TRUE,0,0,0
Acinetobacter,R1,-3,3,FALSE,0.019450127498076366,0.0015602383198325821,5231.311781507583,TRUE,-0.08355464678448615,-0.1532624726781944,0.07033690671490528
Acinetobacter,R1,-3,6,FALSE,0.019444491237716462,0.0015607743001669944,5234.614810864003,TRUE,-0.04923088411760975,-0.09021964155478546,0.041338512068633745
Acinetobacter,R1,0,-6,FALSE,0.019399979617189866,0.0015648423988416959,5260.19790822163,TRUE,0.2112869827720578,0.39806874837307066,-0.18767247322186553
Acinetobacter,R1,0,-3,FALSE,0.019421908711503427,0.0015629057419393408,5247.809751518696,TRUE,0.08726498491928333,0.16162384078075134,-0.07484792457897406
Acinetobacter,R1,0,0,TRUE,0.01943645649580223,0.0015615430616221081,5239.341726189201,TRUE,0,0,0
Acinetobacter,R1,0,3,FALSE,0.019450127498076366,0.0015602383198325821,5231.311781507583,TRUE,-0.08355464678448615,-0.1532624726781944,0.07033690671490528
Acinetobacter,R1,0,6,FALSE,0.019444491237716462,0.0015607743001669944,5234.614810864003,TRUE,-0.04923088411760975,-0.09021964155478546,0.041338512068633745
Acinetobacter,R1,3,-6,FALSE,0.019411321619281014,0.0016671116687021835,5567.5726936045,TRUE,6.760531276698333,6.264736765968421,-0.12931820430665833
Acinetobacter,R1,3,-3,FALSE,0.01943301261244079,0.001665142539252426,5554.842063198697,TRUE,6.634429762231487,6.021755279531527,-0.01771867913364568
Acinetobacter,R1,3,0,FALSE,0.01944701579941521,0.0016637892277884534,5546.361171640684,TRUE,6.547764751369294,5.859885869188982,0.05432730814518226
Acinetobacter,R1,3,3,FALSE,0.019460128250501252,0.001662499093930792,5538.3518556196295,TRUE,6.465145585150383,5.7070171227008615,0.12179048533941321
Acinetobacter,R1,3,6,FALSE,0.019453136575025193,0.0016631880814640119,5542.625056849741,TRUE,6.509267809516338,5.788577010439265,0.08581851957719527
Acinetobacter,R1,6,-6,FALSE,0.019396253327468478,0.0017737631254856373,5912.2614703367,TRUE,13.590407404012163,12.84359332363958,-0.20684412481480408
Acinetobacter,R1,6,-3,FALSE,0.01942087815582871,0.001771467906142884,5897.193096232216,TRUE,13.443423347077532,12.555992802582445,-0.08015010337344569
Acinetobacter,R1,6,0,FALSE,0.019437055016653798,0.0017698640450544785,5886.990210268798,TRUE,13.340713333641249,12.361256774725783,0.0030793722698217213
Acinetobacter,R1,6,3,FALSE,0.019451964663938184,0.0017683563604510607,5877.500002891943,TRUE,13.244162387306693,12.180123192057987,0.07978907132225116
Acinetobacter,R1,6,6,FALSE,0.01944559716048229,0.0017689984122127706,5881.545546080727,TRUE,13.285278881464908,12.257337914826728,0.04702845234177793
Acinetobacter,R2,-6,-6,FALSE,0.014201450114603614,0.0019750534593354356,3774.3867359822398,TRUE,-9.3028481705387,-8.2039156256797785,0.048431254367230406
Acinetobacter,R2,-6,-3,FALSE,0.014167597267211113,0.001979005558608809,3788.60912243983,TRUE,-9.121362375231229,-7.858015886572785,-0.1900601847309758
Acinetobacter,R2,-6,0,FALSE,0.014171607282671288,0.001978539468802018,3786.9263452049545,TRUE,-9.142765855614448,-7.898942365982858,-0.16180984741621532
Acinetobacter,R2,-6,3,FALSE,0.014184477760947053,0.0019769346896242085,3781.3208091707847,TRUE,-9.216459506818973,-8.035273456236657,-0.07113803921407243
Acinetobacter,R2,-6,6,FALSE,0.014225399313603665,0.0019716802966966997,3763.246498580258,TRUE,-9.457748405033538,-8.474855050819567,0.21715203783777648
Acinetobacter,R2,-3,-6,FALSE,0.014209657968734406,0.0020713035336900774,3934.466812055114,TRUE,-4.882913324685356,-4.310640983273786,0.10625513313479086
Acinetobacter,R2,-3,-3,FALSE,0.014173215375546767,0.00207562899640254,3950.1688066579836,TRUE,-4.684282170419343,-3.928755998444582,-0.15048092197517984
Acinetobacter,R2,-3,0,FALSE,0.014176850567914871,0.002075202239314664,3948.609443131397,TRUE,-4.703879438640326,-3.966680958410177,-0.12487119263052109
Acinetobacter,R2,-3,3,FALSE,0.014189837316085991,0.0020735533089328217,3942.8058452656255,TRUE,-4.779600573423422,-4.107829069779408,-0.03338026944092439
Acinetobacter,R2,-3,6,FALSE,0.01423218268369032,0.0020680131154282226,3923.6138343668968,TRUE,-5.034013824404637,-4.574594023931384,0.26494050523448304
Acinetobacter,R2,0,-6,FALSE,0.014233717705571261,0.0021729004381362384,4094.4168101239643,TRUE,-0.21744473982120746,-0.4205299412797008,0.2757546495570596
Acinetobacter,R2,0,-3,FALSE,0.014192788550425085,0.0021778370390025483,4112.470621555618,TRUE,0.009250712991403955,0.018553097471722683,-0.012588986613632223
Acinetobacter,R2,0,0,TRUE,0.0141945755036351,0.0021776355921839167,4111.707772404851,TRUE,0,0,0
Acinetobacter,R2,0,3,FALSE,0.014206425269828146,0.0021761035288813775,4106.281548569375,TRUE,-0.0703544389170632,-0.13197007510828482,0.08348094798616157
Acinetobacter,R2,0,6,FALSE,0.014249197820820285,0.0021704022950413556,4086.4156201471037,TRUE,-0.3321628820048345,-0.6151252388968965,0.3848112060216017
Acinetobacter,R2,3,-6,FALSE,0.01425663866806348,0.0022820245699398597,4260.807448742375,TRUE,4.793684403883798,3.6262225963183674,0.43723156365251065
Acinetobacter,R2,3,-3,FALSE,0.01421097897280688,0.002287624294396383,4281.425891068492,TRUE,5.0508313974681265,4.12767949616167,0.11556153382380951
Acinetobacter,R2,3,0,FALSE,0.014210929270779172,0.002287654655191061,4281.493789283894,TRUE,5.052225606618051,4.129330834709071,0.11521138578525562
Acinetobacter,R2,3,3,FALSE,0.014221713619256764,0.0022862337320866885,4276.433295489286,TRUE,4.98697487736506,4.006255604787067,0.1911865248433436
Acinetobacter,R2,3,6,FALSE,0.014265107096498815,0.002280336874716793,4255.780040425155,TRUE,4.716183134657469,3.503952031494656,0.49689117399567634
Acinetobacter,R2,6,-6,FALSE,0.014251854713322307,0.002401771701786359,4449.6015922912675,TRUE,10.292636215486345,8.217846174627075,0.4035288668726903
Acinetobacter,R2,6,-3,FALSE,0.014204092900816971,0.00240773272089244,4471.748142825661,TRUE,10.566374352733758,8.756467880260596,0.06704953719421874
Acinetobacter,R2,6,0,FALSE,0.014204757259463137,0.0024076732347059052,4471.483036473559,TRUE,10.56364266581845,8.750020283136092,0.07172990714255308
Acinetobacter,R2,6,3,FALSE,0.014216779105472371,0.0024060588322565085,4465.689578201159,TRUE,10.489507100841866,8.609118774734105,0.15642314792425463
Acinetobacter,R2,6,6,FALSE,0.014262965175149269,0.0023996563698128305,4443.112465415965,TRUE,10.195497282731894,8.060025453056017,0.4818014564553569
Acinetobacter,R3,-6,-6,FALSE,0.014900094494695275,0.002174130731702515,5048.238763846415,TRUE,-9.651349767318052,-8.094921777280218,-0.2943650534791358
Acinetobacter,R3,-6,-3,FALSE,0.014867219293162868,0.00217720342540513,5065.363380129974,TRUE,-9.523660238550688,-7.783161721407709,-0.51435311086699
Acinetobacter,R3,-6,0,FALSE,0.014916005145898062,0.002172445773699007,5039.509140950701,TRUE,-9.721370249111468,-8.253847833003093,-0.18789716623511238
Acinetobacter,R3,-6,3,FALSE,0.014957793547248816,0.0021682011350498405,5017.057103261743,TRUE,-9.897761377338318,-8.662595591694874,0.09173455633955575
Acinetobacter,R3,-6,6,FALSE,0.015008969579388791,0.002162838265764435,4989.291541254131,TRUE,-10.120621941445824,-9.168078051534604,0.434184651563874
Acinetobacter,R3,-3,-6,FALSE,0.014884809692507647,0.0022886302569451416,5288.482826928646,TRUE,-4.893182557265609,-3.7211885917101104,-0.39664500262254415
Acinetobacter,R3,-3,-3,FALSE,0.01485143778304354,0.0022917828105440013,5306.390902159914,TRUE,-4.7621743532556735,-3.395165372139971,-0.6199568362274404
Acinetobacter,R3,-3,0,FALSE,0.014905590160051496,0.002286436394750169,5276.824444999715,TRUE,-4.9843511724836445,-3.9334338030107796,-0.257590199199474
Acinetobacter,R3,-3,3,FALSE,0.01495147024917458,0.002281713659870581,5251.436753135442,TRUE,-5.180610171795734,-4.3956262459257625,0.049421505930896
Acinetobacter,R3,-3,6,FALSE,0.015006699903388833,0.0022758429919512544,5220.58220663469,TRUE,-5.424572926537765,-4.957344825876119,0.41899686287036664
Acinetobacter,R3,0,-6,FALSE,0.014933170235903652,0.0024076520282983837,5499.392958094626,TRUE,0.05291209714715224,0.11850937218024651,-0.07303506260679142
Acinetobacter,R3,0,-3,FALSE,0.01489095163410162,0.002411683171499204,5522.583888908733,TRUE,0.22043116202121862,0.5407089570715521,-0.3555455192166179
Acinetobacter,R3,0,0,TRUE,0.01494408465748926,0.002406378762829667,5492.883376490554,TRUE,0,0,0
Acinetobacter,R3,0,3,FALSE,0.014988468608203924,0.0024017500533735623,5467.725397482194,TRUE,-0.19235165833418677,-0.4580104343018715,0.29700012902710904
Acinetobacter,R3,0,6,FALSE,0.015042957581498937,0.002395878043433711,5436.539587309152,TRUE,-0.43637018237344466,-1.02575979352761,0.6616191374432928
Acinetobacter,R3,3,-6,FALSE,0.014885501862513901,0.002543493707779059,5782.265288515484,TRUE,5.697978517237169,5.2683061370550774,-0.39201327025406457
Acinetobacter,R3,3,-3,FALSE,0.01484633382961275,0.0025472738661765485,5804.495296591008,TRUE,5.855067602957181,5.673011763441904,-0.6541105067115836
Acinetobacter,R3,3,0,FALSE,0.014909403854470165,0.0025408940190236894,5768.0703319246,TRUE,5.589945285082459,5.009881633603253,-0.23207044000326763
Acinetobacter,R3,3,3,FALSE,0.014961529476599171,0.0025353818279264285,5737.569581625589,TRUE,5.360879471237797,4.454604046069649,0.11673394195587442
Acinetobacter,R3,3,6,FALSE,0.015023232268977149,0.00252863132853516,5701.129889848272,TRUE,5.080354248212196,3.791205803658775,0.5296250208822458
Acinetobacter,R3,6,-6,FALSE,0.014816097387824002,0.002683110161474794,6092.824811627199,TRUE,11.499910276789421,10.922158618993878,-0.8564410105982457
Acinetobacter,R3,6,-3,FALSE,0.014783178246752222,0.0026863080246494722,6112.157084688965,TRUE,11.632801375400929,11.27410989370159,-1.0767230942873447
Acinetobacter,R3,6,0,FALSE,0.014859768970782469,0.0026784812757577182,6066.383666659841,TRUE,11.307551293715928,10.4407876676184,-0.5642077694235818
Acinetobacter,R3,6,3,FALSE,0.014922411064561695,0.002671784663619495,6028.496933827151,TRUE,11.029265421115024,9.751045500601998,-0.1450312509886946
Acinetobacter,R3,6,6,FALSE,0.014993630005792758,0.0026638981029325046,5985.050982625063,TRUE,10.701529787439616,8.960095680184613,0.33153819346618324
Acinetobacter,R4,-6,-6,FALSE,0.013572385546443331,0.002777641606090515,4288.83198634212,TRUE,-9.828761843293218,-8.41207450792779,0.38665580619082307
Acinetobacter,R4,-6,-3,FALSE,0.013551862006985245,0.002780695486319048,4299.901001198062,TRUE,-9.72962300522811,-8.175695906218737,0.23485570557818503
Acinetobacter,R4,-6,0,FALSE,0.013526490729779845,0.0027845736721160232,4313.776377937567,TRUE,-9.603724540016392,-7.879387499864928,0.047199846299309255
Acinetobacter,R4,-6,3,FALSE,0.013512343651747149,0.002786793198927462,4321.617568456425,TRUE,-9.531671514791475,-7.7119390254790625,-0.057437459226078416
Acinetobacter,R4,-6,6,FALSE,0.013523103386390341,0.002785073016885208,4315.603076915345,TRUE,-9.587514192358245,-7.840378377939444,0.02214573375764666
Acinetobacter,R4,-3,-6,FALSE,0.013564810581236928,0.002917913111193702,4471.873136238627,TRUE,-5.275094708726608,-4.50323423344491,0.33062840980446984
Acinetobacter,R4,-3,-3,FALSE,0.013543824855142628,0.0029210880606734204,4483.5129784673145,TRUE,-5.172025570849553,-4.254665624048359,0.17540979660912084
Acinetobacter,R4,-3,0,FALSE,0.013517803625584126,0.002925133473460495,4498.147552021492,TRUE,-5.040698376201527,-3.9421445841576364,-0.01705336371037964
Acinetobacter,R4,-3,3,FALSE,0.013503758186737613,0.00292737559174154,4506.153190161814,TRUE,-4.9679119587413645,-3.7711843339433004,-0.12093890618241443
Acinetobacter,R4,-3,6,FALSE,0.013515946034906986,0.0029253909944645415,4499.145679719831,TRUE,-5.032338410777873,-3.92082958614462,-0.030792828692179947
Acinetobacter,R4,0,-6,FALSE,0.013571204481816885,0.0030724193646828346,4653.442078756488,TRUE,-0.2593215616364899,-0.6258329195307133,0.37792019167897567
Acinetobacter,R4,0,-3,FALSE,0.01354817653296024,0.0030759636808372114,4666.546393821611,TRUE,-0.14426158580728188,-0.3459905205672699,0.2075965026057373
Acinetobacter,R4,0,0,TRUE,0.013520109258990103,0.003080407525582944,4682.748258899432,TRUE,0,0,0
Acinetobacter,R4,0,3,FALSE,0.013505016760698619,0.0030828630532014544,4691.580001734009,TRUE,0.0797143753908196,0.18860170024712986,-0.11163000240880708
Acinetobacter,R4,0,6,FALSE,0.01351774489720017,0.003080749880359094,4684.06657032911,TRUE,0.011113944285181549,0.02815251550566741,-0.0174877417381846
Acinetobacter,R4,3,-6,FALSE,0.013517321748465247,0.0032341916563392798,4882.8084906112945,TRUE,4.992330705569,4.2722824429362385,-0.02061751478082262
Acinetobacter,R4,3,-3,FALSE,0.013498804338922258,0.0032371027671879,4893.7282867828335,TRUE,5.08683478739724,4.5054744824781086,-0.1575794962875617
Acinetobacter,R4,3,0,FALSE,0.013474377303752576,0.0032410421405503213,4908.314559651479,TRUE,5.21471959905624,4.8169640621480045,-0.33825137328026644
Acinetobacter,R4,3,3,FALSE,0.01346328762579143,0.0032428787189835045,4915.021508764609,TRUE,5.274340880264336,4.960190832888546,-0.4202749556989672
Acinetobacter,R4,3,6,FALSE,0.013481122744430921,0.0032398585555371323,4904.138074637684,TRUE,5.176296598094215,4.727775304117783,-0.28835946376141486
Acinetobacter,R4,6,-6,FALSE,0.01352142925393778,0.003400622436149107,5082.045766183678,TRUE,10.395212578425468,8.526990673167038,0.00976319734102718
Acinetobacter,R4,6,-3,FALSE,0.01350115452621352,0.0034038550097295396,5094.3129817825875,TRUE,10.500152381149157,8.788956828951644,-0.14019659466863033
Acinetobacter,R4,6,0,FALSE,0.013474861662763864,0.0034081601118326615,5110.428163600386,TRUE,10.639909931647521,9.13309623014991,-0.33466886516580063
Acinetobacter,R4,6,3,FALSE,0.013463040769938674,0.0034101492825546007,5117.767785372005,TRUE,10.704484852511694,9.289833713478641,-0.4221007978428941
Acinetobacter,R4,6,6,FALSE,0.013481967425387856,0.0034068908946160376,5105.910269410609,TRUE,10.598707032158313,9.036616685660379,-0.2821118740359611
Acinetobacter,R5,-6,-6,FALSE,0.010169507893072008,0.002838269808921249,3730.00526784802,TRUE,-7.487056099468343,-5.712807029374577,-0.15122876417034214
Acinetobacter,R5,-6,-3,FALSE,0.01016248722930419,0.002839434959714616,3733.057584828908,TRUE,-7.44907819840918,-5.635650462689474,-0.22016077718880303
Acinetobacter,R5,-6,0,FALSE,0.0101673058908406,0.0028386198443289662,3730.9421601375825,TRUE,-7.475646752148522,-5.689124235985489,-0.17284900571756406
Acinetobacter,R5,-6,3,FALSE,0.010180720722704883,0.00283634223945842,3725.046649404335,TRUE,-7.5498849133529715,-5.838151145667796,-0.04113619403900412
Acinetobacter,R5,-6,6,FALSE,0.010179298563854945,0.002836598131935519,3725.6902866546434,TRUE,-7.541544139581567,-5.821881262580489,-0.05509958490919246
Acinetobacter,R5,-3,-6,FALSE,0.010157201042813662,0.0029477401376250896,3851.960145988043,TRUE,-3.9188884973895504,-2.6300277024886554,-0.2720629175039944
Acinetobacter,R5,-3,-3,FALSE,0.010150908831515882,0.0029487974518072786,3854.749531301989,TRUE,-3.8844255131747887,-2.559517530926037,-0.33384265877028374
Acinetobacter,R5,-3,0,FALSE,0.010157052663739372,0.0029477503670595337,3852.006692055826,TRUE,-3.918555070633616,-2.6288511094921536,-0.27351976953662893
Acinetobacter,R5,-3,3,FALSE,0.010172076896521621,0.0029451736733216265,3845.2844143685875,TRUE,-4.002541984941265,-2.798777060793684,-0.12600514072252372
Acinetobacter,R5,-3,6,FALSE,0.01017133892409895,0.002945310199508441,3845.627406456245,TRUE,-3.998091936033995,-2.7901068957847723,-0.13325088362221782
Acinetobacter,R5,0,-6,FALSE,0.010191087900523239,0.003066947651327558,3953.2673519363693,TRUE,-0.033338930179855515,-0.0691808964798251,0.06065338882285852
Acinetobacter,R5,0,-3,FALSE,0.010181212510195386,0.0030686119033488985,3957.6807127229204,TRUE,0.02090709442382655,0.042380179242356424,-0.03630760477468301
Acinetobacter,R5,0,0,TRUE,0.010184910407212693,0.003067970479863778,3956.0041510728606,TRUE,0,0,0
Acinetobacter,R5,0,3,FALSE,0.010198205938029468,0.003065670530118573,3949.98867365463,TRUE,-0.07496648876840635,-0.15205943139870612,0.1305414607021027
Acinetobacter,R5,0,6,FALSE,0.010195096028935202,0.00306623837588688,3951.4336080573275,TRUE,-0.05645764808581628,-0.11553433315517511,0.10000698401133155
Acinetobacter,R5,3,-6,FALSE,0.010176683963387471,0.003195607570031244,4083.685327715108,TRUE,4.16031024435193,3.2275288843572265,-0.08077090024665977
Acinetobacter,R5,3,-3,FALSE,0.01016758604306066,0.003197161131359776,4087.828985286078,TRUE,4.210948323783544,3.332272393532923,-0.17009834607640364
Acinetobacter,R5,3,0,FALSE,0.010172799655855951,0.003196250053160733,4085.427455496095,TRUE,4.181251877712025,3.271566446363178,-0.11890876671988326
Acinetobacter,R5,3,3,FALSE,0.010187947245249502,0.0031935972224745052,4078.448794534051,TRUE,4.094783291927405,3.0951596304059423,0.029817032407660052
Acinetobacter,R5,3,6,FALSE,0.010185600898072031,0.003194032528999962,4079.5603321808067,TRUE,4.108972037494353,3.123257114743872,0.006779547700779673
Acinetobacter,R5,6,-6,FALSE,0.010158468001847215,0.003330613140463987,4220.158698752131,TRUE,8.560794907383539,6.677307141036052,-0.25962334775916385
Acinetobacter,R5,6,-3,FALSE,0.010150580377674457,0.003331979948719457,4223.824103824798,TRUE,8.605345800700174,6.769961368197884,-0.3370675653064545
Acinetobacter,R5,6,0,FALSE,0.010157764160097666,0.003330714529728302,4220.459603298552,TRUE,8.56409967400305,6.6849134158257,-0.2665339804639081
Acinetobacter,R5,6,3,FALSE,0.010175195112297124,0.0033276251164230525,4212.280480717864,TRUE,8.463400748588795,6.478161292512834,-0.0953891053247553
Acinetobacter,R5,6,6,FALSE,0.010173900679241572,0.0033278710557801045,4212.9083573008365,TRUE,8.471417102027209,6.494032776944989,-0.1080984272902725
Aeromonas_A,R1,-6,-6,FALSE,0.02151192083681329,0.0011061937221537189,1524.768097048021,TRUE,-2.122323109267445,-2.0179712028960526,-0.04604138640713156
Aeromonas_A,R1,-6,-3,FALSE,0.021501784118098617,0.0011068146542028646,1526.4603966243185,TRUE,-2.067382111809005,-1.909223553900032,-0.09314109314973262
Aeromonas_A,R1,-6,0,FALSE,0.021521819680805243,0.0011055311195310546,1523.0393758700272,TRUE,-2.18095118146606,-2.1290593143093726,-4.695149823344467e-5
Aeromonas_A,R1,-6,3,FALSE,0.021512241102552374,0.0011061346412389041,1524.6602579959758,TRUE,-2.1275506770748147,-2.0249009708544707,-0.044553289241253166
Aeromonas_A,R1,-6,6,FALSE,0.02152119697546635,0.0011055385701532988,1523.1009217033898,TRUE,-2.180291939253738,-2.1251043616653984,-0.0029403176529529396
Aeromonas_A,R1,-3,-6,FALSE,0.02151192083681329,0.0011061937221537189,1524.768097048021,TRUE,-2.122323109267445,-2.0179712028960526,-0.04604138640713156
Aeromonas_A,R1,-3,-3,FALSE,0.021501784118098617,0.0011068146542028646,1526.4603966243185,TRUE,-2.067382111809005,-1.909223553900032,-0.09314109314973262
Aeromonas_A,R1,-3,0,FALSE,0.021521819680805243,0.0011055311195310546,1523.0393758700272,TRUE,-2.18095118146606,-2.1290593143093726,-4.695149823344467e-5
Aeromonas_A,R1,-3,3,FALSE,0.021512241102552374,0.0011061346412389041,1524.6602579959758,TRUE,-2.1275506770748147,-2.0249009708544707,-0.044553289241253166
Aeromonas_A,R1,-3,6,FALSE,0.02152119697546635,0.0011055385701532988,1523.1009217033898,TRUE,-2.180291939253738,-2.1251043616653984,-0.0029403176529529396
Aeromonas_A,R1,0,-6,FALSE,0.02151168940830944,0.0011308654035105607,1557.9692072971643,TRUE,0.0606641992254395,0.1155415239412074,-0.04711670623892792
Aeromonas_A,R1,0,-3,FALSE,0.021501402899725536,0.001131501794630774,1559.7132078596294,TRUE,0.11697303843951035,0.22761149291842306,-0.09491240338161316
Aeromonas_A,R1,0,0,TRUE,0.021521829785626775,0.001130179788991761,1556.1711833967338,TRUE,0,0,0
Aeromonas_A,R1,0,3,FALSE,0.021512110724852217,0.0011307983517307037,1557.8413425445024,TRUE,0.0547313573439921,0.10732489880213765,-0.04515908206396152
Aeromonas_A,R1,0,6,FALSE,0.021521213119705486,0.0011301860929546475,1556.2317522386757,TRUE,5.577840754032895e-4,0.0038921708991970744,-0.0028653043325367836
Aeromonas_A,R1,3,-6,FALSE,0.021541092353038346,0.001210237266743683,1655.8477315237042,TRUE,7.083605505221571,6.405243150011383,0.08950246147024189
Aeromonas_A,R1,3,-3,FALSE,0.02152650625558422,0.0012111637303593348,1658.4227530050077,TRUE,7.165580393170885,6.570714758069498,0.02172896079946561
Aeromonas_A,R1,3,0,FALSE,0.02154491800604754,0.001209927482314774,1655.0814901064725,TRUE,7.056195315097279,6.356004260009634,0.10727814805126501
Aeromonas_A,R1,3,3,FALSE,0.021531928722696752,0.0012107859203949849,1657.4194105502716,TRUE,7.132151201813025,6.506239688395856,0.0469241564057055
Aeromonas_A,R1,3,6,FALSE,0.021539062054789924,0.0012102907117332612,1656.1026490398356,TRUE,7.088334397925086,6.421624221634556,0.08006879217424877
Aeromonas_A,R1,6,-6,FALSE,0.021493692727151636,0.001298523940475267,1776.4560220199587,TRUE,14.895342592676046,14.155565979727116,-0.13073729676056675
Aeromonas_A,R1,6,-3,FALSE,0.021484493702157215,0.001299132655935973,1778.173007884765,TRUE,14.949202648096866,14.265899976598751,-0.1734800611353907
Aeromonas_A,R1,6,0,FALSE,0.021509365561254337,0.0012974189274505901,1773.4407959986795,TRUE,14.797569385665966,13.961806703533751,-0.0579143339418179
Aeromonas_A,R1,6,3,FALSE,0.021500246113218817,0.0012980345506488848,1775.157384832559,TRUE,14.852040648051915,14.072115187085842,-0.10028734834791943
Aeromonas_A,R1,6,6,FALSE,0.021511655283762664,0.0012972135000845588,1772.9404845022354,TRUE,14.779392864723704,13.929656545390353,-0.047275264071208106
Aeromonas_A,R2,-6,-6,FALSE,0.019913975117969912,0.0014326520360097802,1171.8479673755332,TRUE,-12.109153988999216,-11.377328837913705,0.040795365946542615
Aeromonas_A,R2,-6,-3,FALSE,0.01995441565627239,0.0014291690540656438,1166.0683609936707,TRUE,-12.322829202531038,-11.814419800296164,0.2439543833120005
Aeromonas_A,R2,-6,0,FALSE,0.019916655313966355,0.001432534544859754,1171.556948498167,TRUE,-12.116361877806167,-11.399337554904996,0.05425972640859838
Aeromonas_A,R2,-6,3,FALSE,0.019944197623969092,0.0014299923225190188,1167.4802911752327,TRUE,-12.272323037012418,-11.707640569825996,0.19262258879878624
Aeromonas_A,R2,-6,6,FALSE,0.019936043483622976,0.0014307824746224945,1168.7167604634217,TRUE,-12.22384850509099,-11.614130819261161,0.1516590603762296
Aeromonas_A,R2,-3,-6,FALSE,0.019905992241590523,0.0015284820153207855,1245.3752374951137,TRUE,-6.230142377554816,-5.816724337445023,6.922073571012969e-4
Aeromonas_A,R2,-3,-3,FALSE,0.019949215922383128,0.0015246426218709244,1238.9186298613524,TRUE,-6.465682850744134,-6.305014483504616,0.21783275210117775
Aeromonas_A,R2,-3,0,FALSE,0.019910386219263946,0.0015282136527236079,1244.8170307820599,TRUE,-6.246605981494085,-5.858939514966921,0.02276600320476241
Aeromonas_A,R2,-3,3,FALSE,0.019939807509572877,0.0015254086570705015,1240.26518591364,TRUE,-6.418687851209873,-6.2031792646490045,0.1705682006948013
Aeromonas_A,R2,-3,6,FALSE,0.019931794849836725,0.0015262120747638304,1241.5357404034778,TRUE,-6.369399497169939,-6.107091772174538,0.13031542101355706
Aeromonas_A,R2,0,-6,FALSE,0.01990015442717526,0.0016304244761268264,1323.0726705813838,TRUE,0.02385991991936471,0.05925467539914052,-0.02863491562271223
Aeromonas_A,R2,0,-3,FALSE,0.019946121641597894,0.001626217798312152,1315.899129956999,TRUE,-0.2342128449490785,-0.48325454893864717,0.202288175540919
Aeromonas_A,R2,0,0,TRUE,0.019905854451801513,0.0016300355509497127,1322.2891524362697,TRUE,0,0,0
Aeromonas_A,R2,0,3,FALSE,0.01993708913876095,0.001626962533507792,1317.240053343786,TRUE,-0.18852456562252382,-0.38184530843203607,0.1569120634086044
Aeromonas_A,R2,0,6,FALSE,0.019929017925493654,0.0016277990347190983,1318.577726943593,TRUE,-0.13720659216979994,-0.2806818376932524,0.11636513141511687
Aeromonas_A,R2,3,-6,FALSE,0.019904976011623627,0.0017378075841657636,1403.5632977891555,TRUE,6.6116369764609955,6.1464729709943695,-0.0044129739821693065
Aeromonas_A,R2,3,-3,FALSE,0.019952618610388634,0.001733323699758996,1395.808069810736,TRUE,6.336558043111646,5.559972812225709,0.23492665788525405
Aeromonas_A,R2,3,0,FALSE,0.01990961883376796,0.0017375214090023905,1402.9278106748593,TRUE,6.594080600883395,6.098413353086642,0.018910928820275896
Aeromonas_A,R2,3,3,FALSE,0.01994183365777083,0.0017342555867020388,1397.493698184163,TRUE,6.393727774317812,5.6874508581826895,0.18074685543609154
Aeromonas_A,R2,3,6,FALSE,0.019932818783290368,0.0017352187003930929,1399.0524175193104,TRUE,6.4528132151533155,5.8053312274102264,0.13545930195633607
Aeromonas_A,R2,6,-6,FALSE,0.01993228883162728,0.001851497327384997,1484.5735030349117,TRUE,13.586315728282946,12.272985095554859,0.13279701150117923
Aeromonas_A,R2,6,-3,FALSE,0.01997900870198845,0.0018469830582776244,1476.665456755682,TRUE,13.309372743527646,11.674927835184887,0.3675011809418482
Aeromonas_A,R2,6,0,FALSE,0.01993063236638983,0.0018518429370672916,1485.0032963286358,TRUE,13.607518313839636,12.305488825388247,0.1244755137153758
Aeromonas_A,R2,6,3,FALSE,0.019961879053690096,0.0018485826322058958,1479.5165594444784,TRUE,13.407503973079015,11.890546535795362,0.2814478626086411
Aeromonas_A,R2,6,6,FALSE,0.019950055812857335,0.0018498813460913705,1481.6429197985885,TRUE,13.48717793385355,12.051355565362943,0.22205206595299412
Aeromonas_A,R3,-6,-6,FALSE,0.024626426144704307,7.877516541892831e-4,1336.9183337791142,TRUE,-14.283611576056899,-13.66988818101443,-0.03353815038931939
Aeromonas_A,R3,-6,-3,FALSE,0.02463604044419743,7.872187781624944e-4,1335.2297689202092,TRUE,-14.3415945815525,-13.778925501694156,0.005489335687732459
Aeromonas_A,R3,-6,0,FALSE,0.02464738561609092,7.865552184585885e-4,1333.1802681621975,TRUE,-14.41379746557057,-13.911269882904108,0.05154298093059175
Aeromonas_A,R3,-6,3,FALSE,0.024647480823548434,7.865656309610422e-4,1333.1901653297466,TRUE,-14.412664466229929,-13.910630783596684,0.05192945814874545
Aeromonas_A,R3,-6,6,FALSE,0.02466377615267056,7.855678770846337e-4,1330.174631636393,TRUE,-14.52123149794216,-14.10535573751757,0.11807735908418211
Aeromonas_A,R3,-3,-6,FALSE,0.024625850768416488,8.510054655777537e-4,1439.547155026025,TRUE,-7.400873548868704,-7.042738720768988,-0.03587378493846208
Aeromonas_A,R3,-3,-3,FALSE,0.024635900368397856,8.504229115293734e-4,1437.6790996956365,TRUE,-7.464262091213681,-7.16336645208345,0.004920723661289839
Aeromonas_A,R3,-3,0,FALSE,0.024647692422595475,8.497007131515978e-4,1435.424110383888,TRUE,-7.542845533519835,-7.308980043067402,0.052788405684987806
Aeromonas_A,R3,-3,3,FALSE,0.024647744810248794,8.497152216699016e-4,1435.4440276020302,TRUE,-7.541266840814113,-7.307693909407708,0.05300106375872482
Aeromonas_A,R3,-3,6,FALSE,0.02466454423120116,8.486368925638255e-4,1432.1523234960277,TRUE,-7.658601378943885,-7.520252280675553,0.12119523305727092
Aeromonas_A,R3,0,-6,FALSE,0.02460796275085999,9.206878578721931e-4,1553.9546942425561,TRUE,0.1813675958570375,0.345009209636731,-0.10848691256483571
Aeromonas_A,R3,0,-3,FALSE,0.024620588351757334,9.199225066403006e-4,1551.4662074410362,TRUE,0.09808862954225407,0.1843177609466585,-0.05723560053861982
Aeromonas_A,R3,0,0,TRUE,0.02463468816346851,9.190210514856934e-4,1548.6118407703734,TRUE,0,0,0
Aeromonas_A,R3,0,3,FALSE,0.024636283269065067,9.189379067525118e-4,1548.3209022593612,TRUE,-0.009047097783799016,-0.01878705194889055,0.00647503871764572
Aeromonas_A,R3,0,6,FALSE,0.024655007666528877,9.176786854225467e-4,1544.4321702233128,TRUE,-0.14606477849191962,-0.2698978812522429,0.0824832972332804
Aeromonas_A,R3,3,-6,FALSE,0.0245729705770436,9.962722242246884e-4,1681.3882441844482,TRUE,8.405811010978516,8.573898243476156,-0.2505312265995484
Aeromonas_A,R3,3,-3,FALSE,0.024590428483515107,9.951665784490179e-4,1677.7325926712174,TRUE,8.285504106813141,8.337838346671267,-0.17966405606480507
Aeromonas_A,R3,3,0,FALSE,0.02460877555137707,9.939447677098966e-4,1673.7962997449308,TRUE,8.152557126203057,8.083656322315285,-0.10518749788710345
Aeromonas_A,R3,3,3,FALSE,0.024613544466270242,9.936448400106122e-4,1672.803969100189,TRUE,8.119921562654264,8.019577602353536,-0.08582896222580852
Aeromonas_A,R3,3,6,FALSE,0.02463564468189157,9.920900674950089e-4,1667.933841370488,TRUE,7.950744533130308,7.7050941661892836,0.0038828111673695834
Aeromonas_A,R3,6,-6,FALSE,0.02454806317665849,0.0010781933406784764,1816.3400786379511,TRUE,17.31976530194432,17.28827268519356,-0.3516382518634098
Aeromonas_A,R3,6,-3,FALSE,0.024569408297338106,0.001076781237449847,1811.5981867929322,TRUE,17.16611232235843,16.982069947995065,-0.26499164794466656
Aeromonas_A,R3,6,0,FALSE,0.02459114588284751,0.0010752705263199307,1806.6565811511564,TRUE,17.001729675467573,16.6629708999523,-0.1767519050051253
Aeromonas_A,R3,6,3,FALSE,0.024598254431690926,0.0010747929824584167,1805.0704320822174,TRUE,16.949767442312847,16.560546972459278,-0.14789605427851116
Aeromonas_A,R3,6,6,FALSE,0.02462303593068202,0.0010729686166740069,1799.281380012301,TRUE,16.75125558216987,16.186724952150012,-0.04730010264051886
Aeromonas_A,R4,-6,-6,FALSE,0.021922850456811437,0.0010973697004663435,1578.350173566011,TRUE,-14.334159391331402,-15.369073333957669,1.4031609459107204
Aeromonas_A,R4,-6,-3,FALSE,0.02180099349358483,0.0011046464531662338,1600.0990575782334,TRUE,-13.76610184730354,-14.20290106196554,0.8395170311383033
Aeromonas_A,R4,-6,0,FALSE,0.021749983113822452,0.0011077968365564305,1609.4227755113225,TRUE,-13.520168101141149,-13.702964544793724,0.6035708087642254
Aeromonas_A,R4,-6,3,FALSE,0.021760898224346854,0.0011070743812994213,1607.3540533909177,TRUE,-13.57656635677692,-13.813889150116786,0.6540581626523
Aeromonas_A,R4,-6,6,FALSE,0.02170915331803819,0.0011105518926909162,1617.255307601237,TRUE,-13.305095460093666,-13.282985214469747,0.41471442070207637
Aeromonas_A,R4,-3,-6,FALSE,0.021816875794987277,0.0011825323370692792,1708.5427004586259,TRUE,-7.6859633914412004,-8.388167334485045,0.9129799035178097
Aeromonas_A,R4,-3,-3,FALSE,0.021702406021832626,0.001189613364309263,1730.2366792377022,TRUE,-7.133185097463962,-7.224939073801547,0.38350510490482087
Aeromonas_A,R4,-3,0,FALSE,0.0216613129040939,0.0011922346591669562,1738.1920927423964,TRUE,-6.928554490867086,-6.798370858338516,0.19343073295950838
Aeromonas_A,R4,-3,3,FALSE,0.02168368955058027,0.0011907125485593278,1733.7186863963018,TRUE,-7.047377604578397,-7.038234312446668,0.2969329070749355
Aeromonas_A,R4,-3,6,FALSE,0.021638981979646824,0.0011938311336576934,1742.7781320243857,TRUE,-6.803926182648639,-6.5524680411678915,0.09014004408496004
Aeromonas_A,R4,0,-6,FALSE,0.021771410360998337,0.001271208243864133,1834.4861411774596,TRUE,-0.7635049947050361,-1.6350967712759075,0.7026815789756319
Aeromonas_A,R4,0,-3,FALSE,0.021656793281895754,0.0012785346866488149,1857.3802902191844,TRUE,-0.19156840892690152,-0.4075155405189255,0.17252542331119905
Aeromonas_A,R4,0,0,TRUE,0.021619494158081783,0.0012809886562361004,1864.9803750752442,TRUE,0,0,0
Aeromonas_A,R4,0,3,FALSE,0.021648264360585492,0.0012789656236084931,1858.9267811897878,TRUE,-0.15792744281994886,-0.32459290008411784,0.13307528054699777
Aeromonas_A,R4,0,6,FALSE,0.021605822880825312,0.0012820332330455023,1867.9835524313398,TRUE,0.08154457920580699,0.16102997094403648,-0.06323587941746772
Aeromonas_A,R4,3,-6,FALSE,0.021711788595674127,0.0013682254046518175,1972.6594629069925,TRUE,6.810110924170305,5.773738387322384,0.426903779142504
Aeromonas_A,R4,3,-3,FALSE,0.021598642628005194,0.001375697729350421,1996.5076249866042,TRUE,7.393435738346191,7.05247367045637,-0.09644781660534076
Aeromonas_A,R4,3,0,FALSE,0.021566928273528033,0.0013778447876535808,2003.3095894189146,TRUE,7.561045208789791,7.417194099862278,-0.24314113997944997
Aeromonas_A,R4,3,3,FALSE,0.0216038974905502,0.0013751566449509579,1995.1134644008582,TRUE,7.351196144979851,6.977718965024697,-0.07214168572834728
Aeromonas_A,R4,3,6,FALSE,0.021564891663416214,0.0013780779272291462,2003.8855387901674,TRUE,7.579245180696677,7.448076428649764,-0.2525613886537594
Aeromonas_A,R4,6,-6,FALSE,0.021615510407074205,0.0014698591198642425,2129.9005017730665,TRUE,14.744116796716666,14.204982006158316,-0.018426661504884978
Aeromonas_A,R4,6,-3,FALSE,0.02150872974712799,0.0014771168236182121,2153.7307157673226,TRUE,15.310687290423836,15.482754915339449,-0.5123358120402125
Aeromonas_A,R4,6,0,FALSE,0.02148718256289309,0.001478597620776017,2158.589047319146,TRUE,15.426285281912373,15.743258007852019,-0.6120013457356142
Aeromonas_A,R4,6,3,FALSE,0.021536535858209922,0.0014748999275532764,2147.0287300498076,TRUE,15.13762595579425,15.12339533134143,-0.3837198930986533
Aeromonas_A,R4,6,6,FALSE,0.021504079076217587,0.0014774092982382445,2154.7390023062208,TRUE,15.333519235001058,15.53681910563193,-0.5338472816259313
Aeromonas_A,R5,-6,-6,FALSE,0.01720698797794062,0.001747264640149275,1827.9903428430737,TRUE,-10.07769409655173,-7.798512367958408,-1.080668085551362
Aeromonas_A,R5,-6,-3,FALSE,0.017303687329567503,0.0017391388872123408,1806.8530105783796,TRUE,-10.495882861150331,-8.86465228877792,-0.5247639800940631
Aeromonas_A,R5,-6,0,FALSE,0.017374962888466388,0.0017329514301721916,1791.1998810560563,TRUE,-10.814317969343904,-9.654176059352421,-0.11501587791921475
Aeromonas_A,R5,-6,3,FALSE,0.017392448098629925,0.0017313360184641993,1787.276499242254,TRUE,-10.897454514563343,-9.852066404450444,-0.014497105547304684
Aeromonas_A,R5,-6,6,FALSE,0.01744138331561861,0.001726816559641137,1776.3352439732664,TRUE,-11.130046732975506,-10.403929282890807,0.2668210994642229
Aeromonas_A,R5,-3,-6,FALSE,0.017236096524974025,0.001848946694903603,1917.294084975601,TRUE,-4.844666069538783,-3.2941461890206125,-0.9133292096693028
Aeromonas_A,R5,-3,-3,FALSE,0.017335482122020938,0.001840437659460685,1894.849508189015,TRUE,-5.282580321598497,-4.426221846365845,-0.34198244785353793
Aeromonas_A,R5,-3,0,FALSE,0.017407309409879203,0.0018340780260733753,1878.5521420692444,TRUE,-5.609876419594611,-5.248240084377886,0.0709374273317716
Aeromonas_A,R5,-3,3,FALSE,0.017422049880630164,0.001832675841407842,1875.122868911871,TRUE,-5.6820393166909735,-5.4212082227733545,0.1556772737627049
Aeromonas_A,R5,-3,6,FALSE,0.01747025530607968,0.0018281283165200706,1863.9829713199142,TRUE,-5.916075944380521,-5.983090365131686,0.43280006168066815
Aeromonas_A,R5,0,-6,FALSE,0.017206146120364422,0.0019597902018387613,2027.0497427647151,TRUE,0.8598525872244867,2.241788376394283,-1.0855077465723075
Aeromonas_A,R5,0,-3,FALSE,0.017316080649689782,0.0019502036621419198,2001.2156228499282,TRUE,0.3664849911737347,0.9387485123525137,-0.453517405837757
Aeromonas_A,R5,0,0,TRUE,0.017394969865771288,0.001943082556207305,1982.6039576912594,TRUE,0,0,0
Aeromonas_A,R5,0,3,FALSE,0.01741221848054922,0.0019414122761646918,1978.4387632380642,TRUE,-0.08596032305871246,-0.21008706439008584,0.09915863557701031
Aeromonas_A,R5,0,6,FALSE,0.01746440695469874,0.0019363839809221986,1965.9064324437318,TRUE,-0.3447396130291779,-0.8422017510230292,0.39917912743318207
Aeromonas_A,R5,3,-6,FALSE,0.017230527817056297,0.002075946728620368,2127.6708339676075,TRUE,6.837803776716514,7.316987122595996,-0.945342532835137
Aeromonas_A,R5,3,-3,FALSE,0.017345092046920193,0.002065781877965962,2099.843285395599,TRUE,6.3146736285952425,5.913401274597719,-0.28673702361072334
Aeromonas_A,R5,3,0,FALSE,0.0174256060988722,0.0020583784815880993,2080.2119926261425,TRUE,5.9336606678122745,4.9232240537110386,0.17612121973947584
Aeromonas_A,R5,3,3,FALSE,0.017440234889687458,0.0020569190181666964,2076.5465972277148,TRUE,5.858549941469714,4.738346212415083,0.2602190418578416
Aeromonas_A,R5,3,6,FALSE,0.017492158276267916,0.002051814557802658,2063.656514609573,TRUE,5.595850842672716,4.088186982774883,0.5587156013869788
Aeromonas_A,R5,6,-6,FALSE,0.017186786631053375,0.002203056691983061,2253.098908398075,TRUE,13.37946938719877,13.643418276124423,-1.1968013530598989
Aeromonas_A,R5,6,-3,FALSE,0.01731566536227357,0.002191426314043563,2220.483769617537,TRUE,12.780916438311255,11.998352520353496,-0.45590480529528454
Aeromonas_A,R5,6,0,FALSE,0.017405684047800546,0.002182998483949708,2197.6403268204185,TRUE,12.347181388458019,10.84615857317105,0.061593564760010766
Aeromonas_A,R5,6,3,FALSE,0.017423934366751118,0.002181152337020656,2192.8955830534346,TRUE,12.252170143405461,10.606839784939176,0.1665107856083408
Aeromonas_A,R5,6,6,FALSE,0.017481161611398958,0.0021754123745061278,2178.1227870323078,TRUE,11.956765169685136,9.861718906721533,0.4954981025708627
Aeromonas_B,R1,-6,-6,FALSE,0.03055806800632114,6.99491635257472e-4,1293.3542707464999,TRUE,-17.35963780954928,-16.970757426241388,0.05848102999480855
Aeromonas_B,R1,-6,-3,FALSE,0.03056200330023628,6.993499169916553e-4,1292.8478477722524,TRUE,-17.376380895850495,-17.00326817517134,0.07136664604469317
Aeromonas_B,R1,-6,0,FALSE,0.03055280041160966,6.997118876542786e-4,1294.088882017728,TRUE,-17.333616429266844,-16.92359771229772,0.04123296557519046
Aeromonas_B,R1,-6,3,FALSE,0.03056316184781729,6.992924000199253e-4,1292.6695868120255,TRUE,-17.383176149912558,-17.01471196349978,0.07516016175821268
Aeromonas_B,R1,-6,6,FALSE,0.030589496037931287,6.981836493819331e-4,1288.9886330481456,TRUE,-17.514167786815896,-17.251017521749933,0.16138809545534863
Aeromonas_B,R1,-3,-6,FALSE,0.03056293017585096,7.685239793882013e-4,1416.7295255112651,TRUE,-9.203917806236532,-9.0504573296944,0.07440158156775754
Aeromonas_B,R1,-3,-3,FALSE,0.030566319007418224,7.683973257433953e-4,1416.26550880072,TRUE,-9.218881106084504,-9.08024573097744,0.08549787662858037
Aeromonas_B,R1,-3,0,FALSE,0.03055611217287627,7.688212001101764e-4,1417.741624703587,TRUE,-9.16880312169068,-8.985483771212634,0.05207690380460306
Aeromonas_B,R1,-3,3,FALSE,0.030566413215256466,7.683812707194099e-4,1416.2295089358097,TRUE,-9.220777902172197,-9.082556808138483,0.0858063481325278
Aeromonas_B,R1,-3,6,FALSE,0.03059326950094203,7.671862639285756e-4,1412.2041635369947,TRUE,-9.361960139438333,-9.340971217183942,0.1737438169296154
Aeromonas_B,R1,0,-6,FALSE,0.030541358716298032,8.463590220050241e-4,1557.4952552073219,TRUE,-0.008216544425495019,-0.013743892887851439,0.0037685992725577993
Aeromonas_B,R1,0,-3,FALSE,0.03054815870075187,8.460814107613387e-4,1556.4759535373578,TRUE,-0.04101449735291614,-0.07917982759307096,0.02603427769626196
Aeromonas_B,R1,0,0,TRUE,0.030540207778249864,8.464285691844412e-4,1557.709345111218,TRUE,0,0,0
Aeromonas_B,R1,0,3,FALSE,0.030553270076106098,8.458368218823395e-4,1555.6440442292164,TRUE,-0.06991107385137742,-0.13258576694576527,0.042770821832903934
Aeromonas_B,R1,0,6,FALSE,0.030583079102199304,8.444323809166955e-4,1550.8390588048471,TRUE,-0.23583658921969725,-0.44105059316315165,0.14037666102577137
Aeromonas_B,R1,3,-6,FALSE,0.030493915026458252,9.333994230044631e-4,1715.8367551826998,TRUE,10.275037609354424,10.151278257895521,-0.151579688415153
Aeromonas_B,R1,3,-3,FALSE,0.030508599746668294,9.327542397081e-4,1713.4418074608677,TRUE,10.198813422240237,9.997530209240074,-0.10349645231975224
Aeromonas_B,R1,3,0,FALSE,0.0305064664161376,9.328480185644993e-4,1713.7896689498655,TRUE,10.209892780831561,10.019861813662265,-0.11048176999075313
Aeromonas_B,R1,3,3,FALSE,0.030525285626324963,9.31942331385275e-4,1710.578909589958,TRUE,10.102891763593092,9.813741245021886,-0.048860675844934996
Aeromonas_B,R1,3,6,FALSE,0.030560558919369547,9.301807149464141e-4,1704.4553696536607,TRUE,9.894768301910053,9.420629400664296,0.06663720583517896
Aeromonas_B,R1,6,-6,FALSE,0.030393377777893367,0.0010294876147081524,1900.570558234223,TRUE,21.62722906436085,22.01060256838385,-0.48077603604604846
Aeromonas_B,R1,6,-3,FALSE,0.030425027379627073,0.0010280087025503605,1894.9575173996818,TRUE,21.452505264664815,21.650263147415657,-0.37714346758576967
Aeromonas_B,R1,6,0,FALSE,0.03043599908663772,0.0010274603204242895,1892.9488769069699,TRUE,21.387717502763138,21.521314797775467,-0.3412180177973753
Aeromonas_B,R1,6,3,FALSE,0.030466627475195615,0.0010258978438128985,1887.2918337022254,TRUE,21.203121109366755,21.15815056418473,-0.2409292811250976
Aeromonas_B,R1,6,6,FALSE,0.030512394950703382,0.0010234776387716084,1878.705171799475,TRUE,20.917189711325452,20.60691410086767,-0.09106954264498837
Aeromonas_B,R2,-6,-6,FALSE,0.028666986493533757,8.497012680584809e-4,998.0281126927723,TRUE,-0.1702718493237417,-0.34344512944552774,0.10817074392451125
Aeromonas_B,R2,-6,-3,FALSE,0.02867128231512405,8.49499965785586e-4,997.5514502310543,TRUE,-0.19392245681915926,-0.3910415229406619,0.12317221055385377
Aeromonas_B,R2,-6,0,FALSE,0.028636010707720913,8.511505378197556e-4,1001.4676044030695,TRUE,0,0,0
Aeromonas_B,R2,-6,3,FALSE,0.028584104292734374,8.536698334992211e-4,1007.3583225356219,TRUE,0.2959870865991257,0.588208555788849,-0.18126273074951715
Aeromonas_B,R2,-6,6,FALSE,0.028583274558524326,8.536928406800204e-4,1007.4323229265165,TRUE,0.29869015494919926,0.5955977504636617,-0.18416025100300695
Aeromonas_B,R2,-3,-6,FALSE,0.028666986493533757,8.497012680584809e-4,998.0281126927723,TRUE,-0.1702718493237417,-0.34344512944552774,0.10817074392451125
Aeromonas_B,R2,-3,-3,FALSE,0.02867128231512405,8.49499965785586e-4,997.5514502310543,TRUE,-0.19392245681915926,-0.3910415229406619,0.12317221055385377
Aeromonas_B,R2,-3,0,FALSE,0.028636010707720913,8.511505378197556e-4,1001.4676044030695,TRUE,0,0,0
Aeromonas_B,R2,-3,3,FALSE,0.028584104292734374,8.536698334992211e-4,1007.3583225356219,TRUE,0.2959870865991257,0.588208555788849,-0.18126273074951715
Aeromonas_B,R2,-3,6,FALSE,0.028583274558524326,8.536928406800204e-4,1007.4323229265165,TRUE,0.29869015494919926,0.5955977504636617,-0.18416025100300695
Aeromonas_B,R2,0,-6,FALSE,0.028666986493533757,8.497012680584809e-4,998.0281126927723,TRUE,-0.1702718493237417,-0.34344512944552774,0.10817074392451125
Aeromonas_B,R2,0,-3,FALSE,0.02867128231512405,8.49499965785586e-4,997.5514502310543,TRUE,-0.19392245681915926,-0.3910415229406619,0.12317221055385377
Aeromonas_B,R2,0,0,TRUE,0.028636010707720913,8.511505378197556e-4,1001.4676044030695,TRUE,0,0,0
Aeromonas_B,R2,0,3,FALSE,0.028584104292734374,8.536698334992211e-4,1007.3583225356219,TRUE,0.2959870865991257,0.588208555788849,-0.18126273074951715
Aeromonas_B,R2,0,6,FALSE,0.028583274558524326,8.536928406800204e-4,1007.4323229265165,TRUE,0.29869015494919926,0.5955977504636617,-0.18416025100300695
Aeromonas_B,R2,3,-6,FALSE,0.028650054852483862,9.018852536812066e-4,1059.7231363284784,TRUE,5.960721823827939,5.817016114079146,0.04904364964203198
Aeromonas_B,R2,3,-3,FALSE,0.028656964648090758,9.01555718375227e-4,1058.9257343766599,TRUE,5.9220053698827,5.737392774461104,0.07317339200531685
Aeromonas_B,R2,3,0,FALSE,0.028622660097978998,9.032134296610014e-4,1062.9145822838532,TRUE,6.116766603309238,6.135693017989289,-0.04662175146594646
Aeromonas_B,R2,3,3,FALSE,0.02857114245244844,9.05796536509168e-4,1069.036879554089,TRUE,6.420250738416914,6.747025550696127,-0.22652685785936844
Aeromonas_B,R2,3,6,FALSE,0.028572111143505195,9.057249509211626e-4,1068.8943556563333,TRUE,6.411840288699196,6.732794047137849,-0.22314408549403753
Aeromonas_B,R2,6,-6,FALSE,0.028713388534665103,9.82797714721577e-4,1146.111585151589,TRUE,15.466967481338735,14.443201169221586,0.27021161478797534
Aeromonas_B,R2,6,-3,FALSE,0.028711151080656104,9.828961495262352e-4,1146.3701335639291,TRUE,15.4785323926305,14.469018121382934,0.26239818703144796
Aeromonas_B,R2,6,0,FALSE,0.028667180530843512,9.851208553847694e-4,1151.8000223621207,TRUE,15.739908701483328,15.011211276140852,0.10884834288106619
Aeromonas_B,R2,6,3,FALSE,0.028606875279894844,9.88292377957964e-4,1159.420508235943,TRUE,16.112524640999556,15.772143116603594,-0.10174401778042959
Aeromonas_B,R2,6,6,FALSE,0.02860284378986495,9.884911362570646e-4,1159.9157533728885,TRUE,16.135876362025286,15.821595054416461,-0.11582241044147942
Aeromonas_B,R3,-6,-6,FALSE,0.03391891628699195,6.792233894685847e-4,1099.2360650999728,TRUE,-9.779337986829947,-9.470485867833759,-0.08950446878372159
Aeromonas_B,R3,-6,-3,FALSE,0.03393847865488401,6.785544131589146e-4,1096.9714385918953,TRUE,-9.86819753799586,-9.656993155918814,-0.03188217173500936
Aeromonas_B,R3,-6,0,FALSE,0.03396192687636521,6.777067839375257e-4,1094.187819220151,TRUE,-9.98078740265768,-9.886243011571967,0.03718617371832754
Aeromonas_B,R3,-6,3,FALSE,0.03402699509266075,6.75304924637095e-4,1086.4114008133915,TRUE,-10.299824319682706,-10.526683588808972,0.22884906997403054
Aeromonas_B,R3,-6,6,FALSE,0.03395469532253211,6.78165899661528e-4,1095.365056826218,TRUE,-9.919803453632381,-9.789289543723658,0.015885135654123417
Aeromonas_B,R3,-3,-6,FALSE,0.03391891628699195,6.792233894685847e-4,1099.2360650999728,TRUE,-9.779337986829947,-9.470485867833759,-0.08950446878372159
Aeromonas_B,R3,-3,-3,FALSE,0.03393847865488401,6.785544131589146e-4,1096.9714385918953,TRUE,-9.86819753799586,-9.656993155918814,-0.03188217173500936
Aeromonas_B,R3,-3,0,FALSE,0.03396192687636521,6.777067839375257e-4,1094.187819220151,TRUE,-9.98078740265768,-9.886243011571967,0.03718617371832754
Aeromonas_B,R3,-3,3,FALSE,0.03402699509266075,6.75304924637095e-4,1086.4114008133915,TRUE,-10.299824319682706,-10.526683588808972,0.22884906997403054
Aeromonas_B,R3,-3,6,FALSE,0.03395469532253211,6.78165899661528e-4,1095.365056826218,TRUE,-9.919803453632381,-9.789289543723658,0.015885135654123417
Aeromonas_B,R3,0,-6,FALSE,0.03389807957804011,7.54762498369604e-4,1220.7566559558175,TRUE,0.2544572543307249,0.5375555315655973,-0.1508804248727504
Aeromonas_B,R3,0,-3,FALSE,0.03392205508479386,7.53892551484891e-4,1217.7413005094252,TRUE,0.1389029535335881,0.28922064503433403,-0.08025892446539827
Aeromonas_B,R3,0,0,TRUE,0.03394930242978751,7.528468250093691e-4,1214.2294981227574,TRUE,0,0,0
Aeromonas_B,R3,0,3,FALSE,0.03401919448220878,7.501016533190406e-4,1205.1561069157435,TRUE,-0.36463880820569555,-0.747255047010606,0.20587183658874408
Aeromonas_B,R3,0,6,FALSE,0.03394496424800303,7.532344793906017e-4,1215.1448892421952,TRUE,0.051491799972428025,0.07538864117969687,-0.012778412143975286
Aeromonas_B,R3,3,-6,FALSE,0.033911116114149605,8.37361778539953e-4,1349.442699759267,TRUE,11.226049007981414,11.135720376218346,-0.11248041315983605
Aeromonas_B,R3,3,-3,FALSE,0.03393407258720598,8.364795794430868e-4,1346.318509163901,TRUE,11.10886725632095,10.878422180103342,-0.0448605464369366
Aeromonas_B,R3,3,0,FALSE,0.03396065734715264,8.35395825896182e-4,1342.6078687526012,TRUE,10.96491319941285,10.572825880801071,0.03344668830415647
Aeromonas_B,R3,3,3,FALSE,0.034031847147495825,8.324270055884614e-4,1332.603804844927,TRUE,10.570567336602885,9.748923651186253,0.24314113045188107
Aeromonas_B,R3,3,6,FALSE,0.03395208940679496,8.360076990991774e-4,1344.2251164417826,TRUE,11.046187793748519,10.706017150794237,0.00820923202533764
Aeromonas_B,R3,6,-6,FALSE,0.03388693572002318,9.29910085779088e-4,1497.9562275605117,TRUE,23.5191615196777,23.36681244166824,-0.18370542338334048
Aeromonas_B,R3,6,-3,FALSE,0.03391544409295345,9.287515917332011e-4,1493.74395303335,TRUE,23.36527974620107,23.019903184919492,-0.09973205459547431
Aeromonas_B,R3,6,0,FALSE,0.033946702697274296,9.274031777704054e-4,1489.0107763110868,TRUE,23.18617107256366,22.630094114263507,-0.007657690518361514
Aeromonas_B,R3,6,3,FALSE,0.03402373249393424,9.239955881921134e-4,1477.2620364820666,TRUE,22.73354386273919,21.662506039094506,0.21923886153673697
Aeromonas_B,R3,6,6,FALSE,0.03394140202783985,9.279265286631271e-4,1490.2858575679118,TRUE,23.25568732412189,22.73510566758158,-0.023271176083809415
Aeromonas_B,R4,-6,-6,FALSE,0.03561411517114391,7.717762485521315e-4,1206.8653628743418,TRUE,-9.302953620666157,-7.612663958338959,-0.6853465823002689
Aeromonas_B,R4,-6,-3,FALSE,0.03567579649352608,7.695309671182306e-4,1198.757476404599,TRUE,-9.566812990175395,-8.233334709949355,-0.5133400864125537
Aeromonas_B,R4,-6,0,FALSE,0.035791339568386225,7.651193309113879e-4,1183.3705326628003,TRUE,-10.085256482588381,-9.411228107057063,-0.19113299578550308
Aeromonas_B,R4,-6,3,FALSE,0.03584350466446103,7.630632396502812e-4,1176.3765656802916,TRUE,-10.326882737372175,-9.946626667455215,-0.045663751013469346
Aeromonas_B,R4,-6,6,FALSE,0.03590649893842735,7.604429239432614e-4,1167.7634752934237,TRUE,-10.634815114993176,-10.605971529282707,0.1300040833887074
Aeromonas_B,R4,-3,-6,FALSE,0.03561411517114391,7.717762485521315e-4,1206.8653628743418,TRUE,-9.302953620666157,-7.612663958338959,-0.6853465823002689
Aeromonas_B,R4,-3,-3,FALSE,0.03567579649352608,7.695309671182306e-4,1198.757476404599,TRUE,-9.566812990175395,-8.233334709949355,-0.5133400864125537
Aeromonas_B,R4,-3,0,FALSE,0.035791339568386225,7.651193309113879e-4,1183.3705326628003,TRUE,-10.085256482588381,-9.411228107057063,-0.19113299578550308
Aeromonas_B,R4,-3,3,FALSE,0.03584350466446103,7.630632396502812e-4,1176.3765656802916,TRUE,-10.326882737372175,-9.946626667455215,-0.045663751013469346
Aeromonas_B,R4,-3,6,FALSE,0.03590649893842735,7.604429239432614e-4,1167.7634752934237,TRUE,-10.634815114993176,-10.605971529282707,0.1300040833887074
Aeromonas_B,R4,0,-6,FALSE,0.03570193812691135,8.572473324645079e-4,1328.9555630468917,TRUE,0.7413757769223259,1.7335222010441345,-0.4404406967476727
Aeromonas_B,R4,0,-3,FALSE,0.035751547251764076,8.553338908690062e-4,1321.9137871292355,TRUE,0.5165133229961604,1.1944637956515554,-0.30209911455680816
Aeromonas_B,R4,0,0,TRUE,0.035859879630609284,8.509386792203057e-4,1306.3103825508285,TRUE,0,0,0
Aeromonas_B,R4,0,3,FALSE,0.03590283479500451,8.491400603418015e-4,1300.0794377898,TRUE,-0.21136880041135972,-0.4769880760544305,0.1197861365897007
Aeromonas_B,R4,0,6,FALSE,0.03595874785827729,8.466565450663177e-4,1291.7875230369204,TRUE,-0.5032247632592806,-1.1117464660695218,0.27570708180406855
Aeromonas_B,R4,3,-6,FALSE,0.0357576018362319,9.548481799759702e-4,1469.6155364654555,TRUE,12.211162013562976,12.501252083424577,-0.28521510788920457
Aeromonas_B,R4,3,-3,FALSE,0.03580010726365158,9.531096922047312e-4,1463.0759140953448,TRUE,12.006859657389445,12.000634277927173,-0.16668312212260292
Aeromonas_B,R4,3,0,FALSE,0.035905745196590844,9.485530867186943e-4,1446.5681154967801,TRUE,11.471379769436528,10.736937776768698,0.12790217494876752
Aeromonas_B,R4,3,3,FALSE,0.03594289264863288,9.468999651234293e-4,1440.7223676608355,TRUE,11.277109414164897,10.289437097448547,0.2314927402955867
Aeromonas_B,R4,3,6,FALSE,0.03599468004918843,9.444427258834294e-4,1432.373437819864,TRUE,10.988341339566224,9.650314117757564,0.3759087313390895
Aeromonas_B,R4,6,-6,FALSE,0.0357443938224125,0.001067738207915562,1638.5098715128463,TRUE,25.477691164997275,25.43036428397153,-0.32204739498960666
Aeromonas_B,R4,6,-3,FALSE,0.03579177201580439,0.0010656808162246988,1630.5521000050667,TRUE,25.23591208724417,24.821185055659765,-0.18992705917160133
Aeromonas_B,R4,6,0,FALSE,0.03590485576566973,0.0010604917386885949,1611.2667460900052,TRUE,24.626105803569473,23.34486256962065,0.1254218796151602
Aeromonas_B,R4,6,3,FALSE,0.0359440215726627,0.0010586352578239144,1604.541925413857,TRUE,24.407937219861243,22.830067558727695,0.23464089372345634
Aeromonas_B,R4,6,6,FALSE,0.03599819808674531,0.001055890701424609,1595.0111868879924,TRUE,24.08540441387572,22.100475368910306,0.38571924267686963
Aeromonas_B,R5,-6,-6,FALSE,0.03552798240852315,4.990248583760577e-4,1610.1667908679842,TRUE,-12.617800720049939,-11.042493854695659,-0.7052961265492808
Aeromonas_B,R5,-6,-3,FALSE,0.03566400221875714,4.958263348567161e-4,1587.4796986499211,TRUE,-13.177881074520148,-12.295896394639673,-0.32514375474258833
Aeromonas_B,R5,-6,0,FALSE,0.03577233011317126,4.931194458801832e-4,1569.0859485271449,TRUE,-13.651873317603657,-13.31210300681307,-0.022385605591274078
Aeromonas_B,R5,-6,3,FALSE,0.03599737202256531,4.873195245653265e-4,1530.8500937571262,TRUE,-14.667473786470312,-15.42453403257118,0.6065684817941467
Aeromonas_B,R5,-6,6,FALSE,0.036007485479747144,4.8708227038567295e-4,1529.2222168975213,TRUE,-14.709018394235853,-15.514469973719262,0.6348338846661666
Aeromonas_B,R5,-3,-6,FALSE,0.03555785623989006,5.171119558081245e-4,1663.7624201516528,TRUE,-9.450643161310245,-8.081475438216406,-0.6218038188512597
Aeromonas_B,R5,-3,-3,FALSE,0.03569100229726935,5.139208803927133e-4,1640.9830741006224,TRUE,-10.009419308803631,-9.339974761276096,-0.24968310038844085
Aeromonas_B,R5,-3,0,FALSE,0.035796540057714404,5.112282047632456e-4,1622.5862375383467,TRUE,-10.480922710890871,-10.356351891163738,0.045277096066315234
Aeromonas_B,R5,-3,3,FALSE,0.03602086475909524,5.053229389370852e-4,1583.4487599678923,TRUE,-11.514969625711629,-12.518595219762396,0.6722267083180518
Aeromonas_B,R5,-3,6,FALSE,0.0360272344034083,5.051838999806037e-4,1582.4379323004214,TRUE,-11.539316167971027,-12.574440806040085,0.6900287872138353
Aeromonas_B,R5,0,-6,FALSE,0.03551848524542597,5.779595717499219e-4,1859.4065475915536,TRUE,1.2041336753362306,2.7273511800780805,-0.7318390916557567
Aeromonas_B,R5,0,-3,FALSE,0.03566514433498113,5.742167307515823e-4,1831.9728731775913,TRUE,0.5487401162770712,1.211712381595111,-0.3219517330019145
Aeromonas_B,R5,0,0,TRUE,0.03578033975890891,5.710829694012513e-4,1810.0403896641583,TRUE,0,0,0
Aeromonas_B,R5,0,3,FALSE,0.0360176762467066,5.644120128427237e-4,1764.8383726513046,TRUE,-1.1681238832111887,-2.4972932798057994,0.6633153552953468
Aeromonas_B,R5,0,6,FALSE,0.03602468144480927,5.642477725421949e-4,1763.6198504756069,TRUE,-1.1968833296189498,-2.564613444740006,0.6828936995756756
Aeromonas_B,R5,3,-6,FALSE,0.035389286258079224,6.482518518240345e-4,2098.5447285471932,TRUE,13.51272696919861,15.939110559658015,-1.0929284167356672
Aeromonas_B,R5,3,-3,FALSE,0.03556673997157971,6.434181405162554e-4,2061.916544838846,TRUE,12.666315577724808,13.915499157531066,-0.5969752908118005
Aeromonas_B,R5,3,0,FALSE,0.03570520984230721,6.394012024926309e-4,2032.920672234674,TRUE,11.96292601108512,12.313552992697012,-0.2099754141741792
Aeromonas_B,R5,3,3,FALSE,0.03596707806731286,6.315396616306652e-4,1978.1509793119724,TRUE,10.586323786331663,9.287670629217613,0.5219019988692483
Aeromonas_B,R5,3,6,FALSE,0.035982821746167334,6.310940125516909e-4,1974.9804087037248,TRUE,10.508288001191463,9.112504891129536,0.565902919376302
Aeromonas_B,R5,6,-6,FALSE,0.03532219020151588,7.254892742942718e-4,2350.750195997208,TRUE,27.037455705412984,29.87280335956342,-1.2804505504421833
Aeromonas_B,R5,6,-3,FALSE,0.035522128264507076,7.19702868324366e-4,2305.5521648553167,TRUE,26.024221853250914,27.375730288709057,-0.7216574692741463
Aeromonas_B,R5,6,0,FALSE,0.03567643380912109,7.149413201899174e-4,2270.2253349520306,TRUE,25.190446659527172,25.424015282512936,-0.2903995615691373
Aeromonas_B,R5,6,3,FALSE,0.03595709057270429,7.059650436808031e-4,2206.114620731716,TRUE,23.618647640809208,21.882065910200318,0.49398864009214055
Aeromonas_B,R5,6,6,FALSE,0.03597512559225156,7.054174786689608e-4,2202.1365607143543,TRUE,23.522765774043602,21.662288493073188,0.5443934704229527
Arthrobacter,R1,-6,-6,FALSE,0.02520854574620553,0.001439179903103121,1478.8832389148254,TRUE,-10.624955417535185,-10.562198028038035,0.38922659033316104
Arthrobacter,R1,-6,-3,FALSE,0.025155777710205968,0.0014432198026103327,1487.3488903520927,TRUE,-10.37407212088325,-10.05022437326489,0.17908585567835367
Arthrobacter,R1,-6,0,FALSE,0.025110857369505062,0.0014468374440705744,1494.7689427233959,TRUE,-10.14941162771257,-9.601484975086867,1.973824384032512e-4
Arthrobacter,R1,-6,3,FALSE,0.025094374588056047,0.0014481667319760168,1497.500449250584,TRUE,-10.066861026807377,-9.436292799372547,-0.06544280555114625
Arthrobacter,R1,-6,6,FALSE,0.025117843101805926,0.001446131817272114,1493.4654952404987,TRUE,-10.193232019058371,-9.680313022351605,0.02801700638304666
Arthrobacter,R1,-3,-6,FALSE,0.025178949850447767,0.0014789129443817488,1522.190430105708,TRUE,-8.15747909437545,-7.943127172563195,0.2713654048731782
Arthrobacter,R1,-3,-3,FALSE,0.02512932556305908,0.001482764695984634,1530.329771484522,TRUE,-7.9182800404655245,-7.45088763446772,0.07374417431105364
Arthrobacter,R1,-3,0,FALSE,0.025087206537112845,0.0014862074176315136,1537.4435986472,TRUE,-7.7044823074569955,-7.020667689920099,-0.09398848595623513
Arthrobacter,R1,-3,3,FALSE,0.025073587522716403,0.0014873136835732764,1539.7419555890444,TRUE,-7.635781676179468,-6.8816709201843,-0.14822415412789877
Arthrobacter,R1,-3,6,FALSE,0.025100076696971108,0.0014849852969137287,1535.0913448627339,TRUE,-7.780377679120861,-7.162923956423763,-0.04273501789532877
Arthrobacter,R1,0,-6,FALSE,0.02521657295274514,0.001601520418208458,1635.000204206988,TRUE,-0.5433869188398702,-1.12077773274164,0.4211937281563937
Arthrobacter,R1,0,-3,FALSE,0.025159134208655294,0.0016061581849965533,1644.9279759324106,TRUE,-0.25537524458333205,-0.5203800419457594,0.19245260387445912
Arthrobacter,R1,0,0,TRUE,0.025110807805180314,0.001610270417012452,1653.532629724558,TRUE,0,0,0
Arthrobacter,R1,0,3,FALSE,0.02509344818775871,0.0016117491033872321,1656.6334435699655,TRUE,0.09182845062282362,0.18752661965454703,-0.06913205483586109
Arthrobacter,R1,0,6,FALSE,0.025118541293787752,0.0016094440196523176,1651.9805849968227,TRUE,-0.05132040875889634,-0.09386235867591732,0.030797450513890587
Arthrobacter,R1,3,-6,FALSE,0.025216278242900462,0.0017389875621674031,1763.5537960877384,TRUE,7.9935111391887315,6.6537039781009595,0.42002009070528523
Arthrobacter,R1,3,-3,FALSE,0.025155706414944343,0.0017440824564791254,1774.6282707345601,TRUE,8.30991105922048,7.3234503409935074,0.17880193306551656
Arthrobacter,R1,3,0,FALSE,0.025105254211601896,0.0017485619511172512,1784.1345884915336,TRUE,8.588093816029525,7.898359936733203,-0.02211634775553409
Arthrobacter,R1,3,3,FALSE,0.025087834713020982,0.0017501075053129136,1787.4248029887972,TRUE,8.684074849980947,8.09734086024916,-0.09148687026544798
Arthrobacter,R1,3,6,FALSE,0.025114871933031357,0.0017475114512418204,1782.1189147058385,TRUE,8.522856333906503,7.776458877784591,0.01618477542648138
Arthrobacter,R1,6,-6,FALSE,0.025151748643441014,0.0018904001594296275,1916.408170008064,TRUE,17.39644096156859,15.897813902063433,0.1630407057325099
Arthrobacter,R1,6,-3,FALSE,0.02509708079245597,0.0018951863936966247,1927.0509279075075,TRUE,17.69367266976063,16.54145151211872,-0.05466575520327198
Arthrobacter,R1,6,0,FALSE,0.025052149998947993,0.0018993522007581542,1936.0696112719543,TRUE,17.95237499810983,17.08687064702561,-0.23359585516886336
Arthrobacter,R1,6,3,FALSE,0.0250413033323686,0.0019003312183515802,1938.2245406372174,TRUE,18.013173332543765,17.21719340731018,-0.27679106682253457
Arthrobacter,R1,6,6,FALSE,0.025076087253299614,0.0018968495097122268,1930.972331305014,TRUE,17.79695445386542,16.778604582279772,-0.1382693545746329
Arthrobacter,R2,-6,-6,FALSE,0.02593926966622839,0.0013247445416861648,1451.3421457992542,TRUE,-2.914309451952212,-3.3468621791266457,0.24292709048575686
Arthrobacter,R2,-6,-3,FALSE,0.025924435175862386,0.001325871631992553,1453.9146288951226,TRUE,-2.831709118633275,-3.175545881362889,0.18559884819835648
Arthrobacter,R2,-6,0,FALSE,0.025903016085373404,0.0013275823267618477,1457.7266414321089,TRUE,-2.7063385450866884,-2.921682259901441,0.10282426148641723
Arthrobacter,R2,-6,3,FALSE,0.02589987319574995,0.0013278651376945367,1458.321545367324,TRUE,-2.6856123644302308,-2.8820642193126287,0.0906784894800694
Arthrobacter,R2,-6,6,FALSE,0.02589573636844281,0.0013282149445075777,1459.0802024571346,TRUE,-2.6599763003183727,-2.831540923704845,0.0746916215585105
Arthrobacter,R2,-3,-6,FALSE,0.02593926966622839,0.0013247445416861648,1451.3421457992542,TRUE,-2.914309451952212,-3.3468621791266457,0.24292709048575686
Arthrobacter,R2,-3,-3,FALSE,0.025924435175862386,0.001325871631992553,1453.9146288951226,TRUE,-2.831709118633275,-3.175545881362889,0.18559884819835648
Arthrobacter,R2,-3,0,FALSE,0.025903016085373404,0.0013275823267618477,1457.7266414321089,TRUE,-2.7063385450866884,-2.921682259901441,0.10282426148641723
Arthrobacter,R2,-3,3,FALSE,0.02589987319574995,0.0013278651376945367,1458.321545367324,TRUE,-2.6856123644302308,-2.8820642193126287,0.0906784894800694
Arthrobacter,R2,-3,6,FALSE,0.02589573636844281,0.0013282149445075777,1459.0802024571346,TRUE,-2.6599763003183727,-2.831540923704845,0.0746916215585105
Arthrobacter,R2,0,-6,FALSE,0.025904603379541508,0.0013622677452677068,1496.5099993646816,TRUE,-0.16437086631958775,-0.3388776123116796,0.10895839770581704
Arthrobacter,R2,0,-3,FALSE,0.025894165873715333,0.0013630695445176057,1498.3609056230043,TRUE,-0.10560992682686564,-0.21561522501246058,0.06862240717860663
Arthrobacter,R2,0,0,TRUE,0.025876408859064864,0.0013645106031671553,1501.5985807817408,TRUE,0,0,0
Arthrobacter,R2,0,3,FALSE,0.025876647156875352,0.0013645148613248375,1501.5810636317176,TRUE,3.1206482912333886e-4,-0.0011665667674030365,9.20907579508368e-4
Arthrobacter,R2,0,6,FALSE,0.025873489243601007,0.0013647860312293566,1502.1737925819048,TRUE,0.02018511703477748,0.038306629183447384,-0.011282923684500033
Arthrobacter,R2,3,-6,FALSE,0.025917934687538502,0.0014793138495323716,1614.5779438300046,TRUE,8.413510756072352,7.523939120230531,0.16047755583012607
Arthrobacter,R2,3,-3,FALSE,0.025905223335904455,0.001480336185819703,1616.9686235092977,TRUE,8.488434049812863,7.683148093247038,0.11135423387583607
Arthrobacter,R2,3,0,FALSE,0.025885201418619816,0.0014820363691204841,1620.838144846278,TRUE,8.613034276211605,7.940841553170652,0.03397905637849493
Arthrobacter,R2,3,3,FALSE,0.025884265299429415,0.0014821458224757514,1621.0520071876654,TRUE,8.62105571298265,7.955083864273263,0.030361401411381276
Arthrobacter,R2,3,6,FALSE,0.02588062785034518,0.0014824732679841865,1621.7761403694672,TRUE,8.6450529987256175,8.003308016258329,0.016304392558077405
Arthrobacter,R2,6,-6,FALSE,0.025897484294074524,0.0016075555659929245,1749.7903433093034,TRUE,17.811877918840597,16.52850273728632,0.08144652190512941
Arthrobacter,R2,6,-3,FALSE,0.025887026724367025,0.0016084310254288004,1751.8796747614217,TRUE,17.876037144415232,16.667643215897495,0.04103299402939044
Arthrobacter,R2,6,0,FALSE,0.02586856371204376,0.0016100715423242496,1755.676705959052,TRUE,17.9962646378214,16.920509144663463,-0.030317758015926316
Arthrobacter,R2,6,3,FALSE,0.02586979365705816,0.0016099891489978228,1755.4528835566057,TRUE,17.990226331762397,16.90560353637967,-0.025564606135009015
Arthrobacter,R2,6,6,FALSE,0.025866667593987862,0.001610283851332217,1756.1148169125547,TRUE,18.01182398983191,16.94968544777868,-0.037645351524850885
Arthrobacter,R3,-6,-6,FALSE,0.021782815380601422,0.0017962415540875689,1597.7908481361014,TRUE,-9.927455369830701,-10.89907160431026,1.310977167519655
Arthrobacter,R3,-6,-3,FALSE,0.021634241501800523,0.0018059318087368906,1621.288501037353,TRUE,-9.44153748624065,-9.588723199784388,0.6199661765211105
Arthrobacter,R3,-6,0,FALSE,0.021595999827979283,0.001808563340962907,1627.5083077527047,TRUE,-9.309579285332646,-9.241875204362412,0.4421057266363085
Arthrobacter,R3,-6,3,FALSE,0.02155351733019529,0.0018116710711555426,1634.6081400644093,TRUE,-9.153742134233621,-8.845952514503123,0.24452137916732483
Arthrobacter,R3,-6,6,FALSE,0.021504520536950518,0.0018153451738637336,1642.9104308363326,TRUE,-8.969504229589738,-8.382974636984127,0.016639311814210037
Arthrobacter,R3,-3,-6,FALSE,0.021605521082806462,0.0018504865753838455,1665.1695538425627,TRUE,-7.207338417545137,-7.141692946428331,0.4863886906861006
Arthrobacter,R3,-3,-3,FALSE,0.021480404190353557,0.0018587481415827164,1685.6395662122386,TRUE,-6.793062125768282,-6.000181146847654,-0.09552482292957004
Arthrobacter,R3,-3,0,FALSE,0.02146430847088032,0.0018598773731297842,1688.3490092814673,TRUE,-6.736436802359186,-5.849088847636427,-0.17038535126606172
Arthrobacter,R3,-3,3,FALSE,0.021440046667444958,0.0018616989177637753,1692.548682596327,TRUE,-6.645095434619618,-5.614893745224172,-0.2832259997743192
Arthrobacter,R3,-3,6,FALSE,0.02140612419357874,0.0018642666111346922,1698.4543793717917,TRUE,-6.516338433523527,-5.285562114534721,-0.4409980285629798
Arthrobacter,R3,0,-6,FALSE,0.021671988436081292,0.0019826135177193885,1763.9819071037869,TRUE,-0.5818320187627559,-1.6314145374560087,0.7955256131799944
Arthrobacter,R3,0,-3,FALSE,0.02152527863522145,0.0019924795608050002,1788.9716985980867,TRUE,-0.08709922287030766,-0.2378569105899643,0.11318437190962743
Arthrobacter,R3,0,0,TRUE,0.02150094292801373,0.00199421650788572,1793.2370368134061,TRUE,0,0,0
Arthrobacter,R3,0,3,FALSE,0.02146918225838469,0.0019966440774676123,1798.9617650261034,TRUE,0.12173049276710429,0.31923990499717647,-0.14771756631966462
Arthrobacter,R3,0,6,FALSE,0.021428565075948817,0.001999795171618527,1806.3476769806282,TRUE,0.2797421298413348,0.7311158479371899,-0.336626408931173
Arthrobacter,R3,3,-6,FALSE,0.021592789975671645,0.002133784333615823,1898.295876107423,TRUE,6.998629545899886,5.8586141785643235,0.4271768357574993
Arthrobacter,R3,3,-3,FALSE,0.02144535899255967,0.002143900822944612,1924.8240622854603,TRUE,7.505920970315711,7.337960502192457,-0.2585185944642394
Arthrobacter,R3,3,0,FALSE,0.021431529845427243,0.0021449191056087356,1927.391473151636,TRUE,7.556982761254511,7.481132364777792,-0.3228373881968138
Arthrobacter,R3,3,3,FALSE,0.02140768004767443,0.002146810567158511,1931.9480482441813,TRUE,7.651830113199295,7.73523012201809,-0.43376181524480395
Arthrobacter,R3,3,6,FALSE,0.021373153962347024,0.002149550655979421,1938.5625180933293,TRUE,7.789231885277448,8.104086537168982,-0.5943412160785255
Arthrobacter,R3,6,-6,FALSE,0.021682178162858827,0.0022861846398168142,2006.8166525903841,TRUE,14.640743910030135,11.910283548264784,0.8429176127385739
Arthrobacter,R3,6,-3,FALSE,0.02150424502912978,0.0022985681783056454,2040.0871521775668,TRUE,15.261716529595914,13.765615492908568,0.015357936287284388
Arthrobacter,R3,6,0,FALSE,0.021478947110602015,0.00230044894886921,2044.963959413478,TRUE,15.35602778196632,14.037571020024899,-0.10230164084132583
Arthrobacter,R3,6,3,FALSE,0.02144490475790381,0.0023031780775236237,2051.7193244993714,TRUE,15.492879956422911,14.41428446878891,-0.26063122114011095
Arthrobacter,R3,6,6,FALSE,0.021401561062539733,0.0023066944872111653,2060.3857295637563,TRUE,15.669210343501579,14.897567207572019,-0.46222096308395744
Arthrobacter,R4,-6,-6,FALSE,0.024462267570382525,0.0015447301162425054,1119.2032392042174,TRUE,-2.831886556358287,-3.2695429463187087,0.2844979827306112
Arthrobacter,R4,-6,-3,FALSE,0.02444772792669046,0.001545822255214475,1121.0543228074491,TRUE,-2.7631877704611734,-3.1095575596498035,0.22489186223048302
Arthrobacter,R4,-6,0,FALSE,0.024432070332019554,0.0015470937911155585,1123.119805363063,TRUE,-2.6832043847648572,-2.9310421080835622,0.1607026362451572
Arthrobacter,R4,-6,3,FALSE,0.02444651227896098,0.0015458560862073685,1121.1675136193303,TRUE,-2.761059700502019,-3.0997747082569433,0.21990824319663876
Arthrobacter,R4,-6,6,FALSE,0.024442155332958085,0.001546218081646047,1121.7479391068132,TRUE,-2.738289111981902,-3.049609715230523,0.20204668799203618
Arthrobacter,R4,-3,-6,FALSE,0.024462267570382525,0.0015447301162425054,1119.2032392042174,TRUE,-2.831886556358287,-3.2695429463187087,0.2844979827306112
Arthrobacter,R4,-3,-3,FALSE,0.02444772792669046,0.001545822255214475,1121.0543228074491,TRUE,-2.7631877704611734,-3.1095575596498035,0.22489186223048302
Arthrobacter,R4,-3,0,FALSE,0.024432070332019554,0.0015470937911155585,1123.119805363063,TRUE,-2.6832043847648572,-2.9310421080835622,0.1607026362451572
Arthrobacter,R4,-3,3,FALSE,0.02444651227896098,0.0015458560862073685,1121.1675136193303,TRUE,-2.761059700502019,-3.0997747082569433,0.21990824319663876
Arthrobacter,R4,-3,6,FALSE,0.024442155332958085,0.001546218081646047,1121.7479391068132,TRUE,-2.738289111981902,-3.049609715230523,0.20204668799203618
Arthrobacter,R4,0,-6,FALSE,0.024410406463154635,0.001588379509962504,1154.7174834171378,TRUE,-0.08621001640198973,-0.20011913275430146,0.07189033758023214
Arthrobacter,R4,0,-3,FALSE,0.024402738028784305,0.0015889396962919153,1155.7010832599033,TRUE,-0.050972632063155554,-0.11510860114050783,0.04045314195110839
Arthrobacter,R4,0,0,TRUE,0.02439287034631716,0.001589750033727331,1157.0329276776881,TRUE,0,0,0
Arthrobacter,R4,0,3,FALSE,0.024412729024779416,0.0015880287301264595,1154.2880680218768,TRUE,-0.10827511019677531,-0.2372326309952629,0.08141181492917034
Arthrobacter,R4,0,6,FALSE,0.02441270635017483,0.0015880084758052796,1154.2750483285836,TRUE,-0.10954916717115347,-0.23835789657602532,0.0813188590602448
Arthrobacter,R4,3,-6,FALSE,0.024420273666072863,0.001716585063569783,1240.8838106764206,TRUE,7.97830018251827,7.247061081228847,0.11234151359247754
Arthrobacter,R4,3,-3,FALSE,0.024410863089427394,0.0017173049455931771,1242.164366662728,TRUE,8.023582900437534,7.357736927669772,0.07376230371736885
Arthrobacter,R4,3,0,FALSE,0.02439935078244122,0.0017182871642204848,1243.8059341502244,TRUE,8.085367370100656,7.499614263070345,0.026566927270363548
Arthrobacter,R4,3,3,FALSE,0.024419358197893298,0.0017164831207419275,1240.884012254326,TRUE,7.9718876757912565,7.247078503196769,0.10858849819671697
Arthrobacter,R4,3,6,FALSE,0.024418478471952918,0.001716539792489669,1240.9959969463175,TRUE,7.975452497086374,7.25675711210345,0.10498201020293187
Arthrobacter,R4,6,-6,FALSE,0.024435740141826194,0.0018567392442896066,1332.61341642238,TRUE,16.794414524168438,15.175064126921967,0.1757472363866644
Arthrobacter,R4,6,-3,FALSE,0.024423642846829897,0.0018577096236186196,1334.3595074114914,TRUE,16.855454266796265,15.325975215737401,0.12615366734560327
Arthrobacter,R4,6,0,FALSE,0.024409692302594318,0.0018589461701842423,1336.4599610607283,TRUE,16.933236719344706,15.507513147717674,0.06896259455459341
Arthrobacter,R4,6,3,FALSE,0.024429363092188645,0.0018571007351930523,1333.4258910621074,TRUE,16.81715337592352,15.245284655680662,0.1496041480702367
Arthrobacter,R4,6,6,FALSE,0.024427114929128284,0.0018572898199435335,1333.7566950473079,TRUE,16.829047368467613,15.273875370541681,0.1403876719916041
Arthrobacter,R5,-6,-6,FALSE,0.023908541760728923,0.0017641870576620674,2542.7453232136645,TRUE,-14.028152668268076,-12.564193097143482,-0.3336503272413695
Arthrobacter,R5,-6,-3,FALSE,0.023955038875159842,0.0017610093510306137,2530.029223225252,TRUE,-14.183007737744898,-13.001453743341054,-0.13982011743500744
Arthrobacter,R5,-6,0,FALSE,0.023934460679489296,0.001762454598445723,2535.706087652966,TRUE,-14.112578363723177,-12.806246925975655,-0.22560341889523652
Arthrobacter,R5,-6,3,FALSE,0.023969772876115576,0.0017598237873501013,2525.7549653977903,TRUE,-14.240782280019415,-13.14842999717312,-0.07839921999888495
Arthrobacter,R5,-6,6,FALSE,0.024012670033858124,0.0017564454271517481,2513.4502364184586,TRUE,-14.405415540388823,-13.571545083535398,0.10042402929517623
Arthrobacter,R5,-3,-6,FALSE,0.0239031960239617,0.001904865218590775,2733.5953683125576,TRUE,-7.172665705168294,-6.001550925186539,-0.35593483439503465
Arthrobacter,R5,-3,-3,FALSE,0.02395380641393541,0.001901310170779326,2718.975180553774,TRUE,-7.345909254584153,-6.504286256991178,-0.14495781728226323
Arthrobacter,R5,-3,0,FALSE,0.023931957816854935,0.0019028878714760415,2725.3398490432246,TRUE,-7.269025206011127,-6.285428347799955,-0.23603697795524012
Arthrobacter,R5,-3,3,FALSE,0.023969839985950755,0.0018999786238912482,2714.0645432721103,TRUE,-7.410797807801731,-6.673145296553525,-0.07811946256464547
Arthrobacter,R5,-3,6,FALSE,0.024015361946203094,0.001896276367982197,2700.2748733326334,TRUE,-7.591215059143413,-7.147322127034676,0.11164567048714692
Arthrobacter,R5,0,-6,FALSE,0.02398095919244487,0.00205248225570825,2910.2688128360255,TRUE,0.02096454141360999,0.07360927241160078,-0.031767379128663654
Arthrobacter,R5,0,-3,FALSE,0.024022855837696325,0.0020494829623755816,2897.6211865356586,TRUE,-0.12519614340683938,-0.36129681152948806,0.14288508347388326
Arthrobacter,R5,0,0,TRUE,0.023988579735517032,0.0020520520524058947,2908.1281608560225,TRUE,0,0,0
Arthrobacter,R5,0,3,FALSE,0.02402031584701606,0.0020495616184102706,2898.2406601203384,TRUE,-0.12136310054631654,-0.3399953574526693,0.1322967505743509
Arthrobacter,R5,0,6,FALSE,0.024061267866235674,0.0020461341614487253,2885.223767587043,TRUE,-0.28838893000940535,-0.7875991703968661,0.30301139759025175
Arthrobacter,R5,3,-6,FALSE,0.024035164794671063,0.0022170780888655047,3108.0584066745278,TRUE,8.042000507059653,6.874877404290694,0.19419682060233734
Arthrobacter,R5,3,-3,FALSE,0.024071176725589234,0.0022144532195597796,3096.6688451187256,TRUE,7.9140861443295405,6.483231612708745,0.34431796706126183
Arthrobacter,R5,3,0,FALSE,0.024026321063157077,0.002217920392431763,3111.138474774889,TRUE,8.08304739791559,6.980789796386045,0.15733039661437453
Arthrobacter,R5,3,3,FALSE,0.024054207868294136,0.0022156853418432002,3102.024344530084,TRUE,7.974129566813687,6.667387850506116,0.27358073508593617
Arthrobacter,R5,3,6,FALSE,0.02409269347051034,0.002212369165983374,3089.1614509517763,TRUE,7.812526655428548,6.225079504146256,0.43401375213206095
Arthrobacter,R5,6,-6,FALSE,0.02398375666095603,0.0024020008168203814,3359.821492966076,TRUE,17.05360076047754,15.532098557069624,-0.020105711193313395
Arthrobacter,R5,6,-3,FALSE,0.02403140636021391,0.002398425705633644,3343.8008404097636,TRUE,16.879379488529505,14.981206310573967,0.17852922169238958
Arthrobacter,R5,6,0,FALSE,0.02398939387231343,0.002401745865449371,3358.1574619459625,TRUE,17.041176544887513,15.47487855409617,0.0033938515967808173
Arthrobacter,R5,6,3,FALSE,0.02402516793526457,0.0023987818039493893,3345.7382108417637,TRUE,16.896732767425515,15.047825466430902,0.15252340968467906
Arthrobacter,R5,6,6,FALSE,0.024070948970521356,0.002394712635471557,3329.5208050614992,TRUE,16.69843524017413,14.490167588812096,0.34336853583027893
Bacillus,R1,-6,-6,FALSE,0.04074562259548128,5.889120830044346e-4,28902.38052359259,TRUE,-22.5162397171999,-22.51557829461599,0.22963829169559918
Bacillus,R1,-6,-3,FALSE,0.040742248969349845,5.890334978699928e-4,28913.515435898273,TRUE,-22.50026504014847,-22.48572669675049,0.2213395517243911
Bacillus,R1,-6,0,FALSE,0.04072151218402504,5.896966346684544e-4,28977.93912877242,TRUE,-22.413015458743104,-22.313013152189555,0.1703293975031054
Bacillus,R1,-6,3,FALSE,0.04078838090078028,5.874420433682173e-4,28764.88761855624,TRUE,-22.709654323668452,-22.88418316529917,0.33481890254630847
Bacillus,R1,-6,6,FALSE,0.04075728015661222,5.885340479837619e-4,28865.963541453853,TRUE,-22.565978168431663,-22.613208619528915,0.2583145779096569
Bacillus,R1,-3,-6,FALSE,0.040707667990083435,6.685264366381923e-4,32803.479888816204,TRUE,-12.04129843130052,-12.057116989574004,0.13627424107604377
Bacillus,R1,-3,-3,FALSE,0.04071085526723541,6.684408910878108e-4,32793.73482099345,TRUE,-12.052553746160429,-12.08324255193415,0.1441145835650904
Bacillus,R1,-3,0,FALSE,0.04069483750797635,6.689949810416672e-4,32848.83018776722,TRUE,-11.979651568740865,-11.935537326420741,0.10471270148519946
Bacillus,R1,-3,3,FALSE,0.04076882086570494,6.662863948353664e-4,32587.6336084446,TRUE,-12.336023004089265,-12.635779504870959,0.286703421282521
Bacillus,R1,-3,6,FALSE,0.04073999763605571,6.673872024609296e-4,32691.441590113882,TRUE,-12.191188627892616,-12.357480579926644,0.21580152561577948
Bacillus,R1,0,-6,FALSE,0.04064517563329846,7.602703859395357e-4,37325.96238602131,TRUE,0.029546063512007205,0.06721099381180608,-0.017449911791561665
Bacillus,R1,0,-3,FALSE,0.0406598005801626,7.597667692044026e-4,37272.29702827941,TRUE,-0.036715301309009636,-0.07666051901563191,0.018525808809910498
Bacillus,R1,0,0,TRUE,0.04065226941845325,7.600458223181532e-4,37300.89208574981,TRUE,0,0,0
Bacillus,R1,0,3,FALSE,0.040736716037961286,7.566895603493789e-4,36970.1198257765,TRUE,-0.44158679256174815,-0.8867676923460922,0.20772916424120785
Bacillus,R1,0,6,FALSE,0.0407124229513877,7.57699028969641e-4,37067.19765530613,TRUE,-0.30876998196694566,-0.6265116392027408,0.14797090985318612
Bacillus,R1,3,-6,FALSE,0.04052786813123786,8.660284045740285e-4,42712.79190255413,TRUE,13.944235879440335,14.508767791298604,-0.3060131426732039
Bacillus,R1,3,-3,FALSE,0.04056504655250126,8.646040364430043e-4,42558.48832624738,TRUE,13.756830319249255,14.095095174697311,-0.21455841752439922
Bacillus,R1,3,0,FALSE,0.04057460163749003,8.642045956917546e-4,42517.261139838105,TRUE,13.704275494326815,13.984569168202613,-0.19105398560594386
Bacillus,R1,3,3,FALSE,0.04067670172657288,8.598043983463632e-4,42072.19471735522,TRUE,13.125337065065965,12.791390137900233,0.06010072369672253
Bacillus,R1,3,6,FALSE,0.04066214866272324,8.604632247174675e-4,42136.963721227454,TRUE,13.212019519170491,12.965029427071496,0.024301827207476902
Bacillus,R1,6,-6,FALSE,0.04044087798617879,9.842310423423249e-4,48686.192514381735,TRUE,29.496276861361167,30.522863642131213,-0.5199990930358757
Bacillus,R1,6,-3,FALSE,0.04049654335723789,9.819184690994006e-4,48428.52106226827,TRUE,29.192009253406837,29.832071980845708,-0.38306855544126756
Bacillus,R1,6,0,FALSE,0.04051944259219862,9.808949119686837e-4,48319.282607353285,TRUE,29.057338803197,29.539214494585426,-0.32673901889063
Bacillus,R1,6,3,FALSE,0.040636412064464666,9.754448635616032e-4,47753.456117285015,TRUE,28.340270404549962,28.022289674751335,-0.039007303197160385
Bacillus,R1,6,6,FALSE,0.0406285542879021,9.758329098710572e-4,47792.37899454649,TRUE,28.39132605120433,28.12663805647903,-0.05833654772636589
Bacillus,R2,-6,-6,FALSE,0.026613213716118446,0.001248610157669919,23541.889191911167,TRUE,-14.960199957644562,-13.671616033003481,-0.4351492813740838
Bacillus,R2,-6,-3,FALSE,0.026661992488048045,0.0012455841302509143,23419.54875763089,TRUE,-15.166295323002688,-14.12023984136231,-0.2526590644008887
Bacillus,R2,-6,0,FALSE,0.02669002912376846,0.0012437439299449126,23347.56201127331,TRUE,-15.29162688874319,-14.384216085130692,-0.1477689342598212
Bacillus,R2,-6,3,FALSE,0.026747084025657532,0.001239878560772811,23199.338276219496,TRUE,-15.554887778834637,-14.927754261206402,0.06568378324910164
Bacillus,R2,-6,6,FALSE,0.02674777598142783,0.0012398529075032694,23197.942175631146,TRUE,-15.55663496061019,-14.93287377844927,0.06827251506136557
Bacillus,R2,-3,-6,FALSE,0.026630710478044224,0.0013561889964738008,25444.983196578058,TRUE,-7.633266979826061,-6.692947982156411,-0.3696907272970783
Bacillus,R2,-3,-3,FALSE,0.026679490308868313,0.0013530411370628076,25315.349972537813,TRUE,-7.8476600257483,-7.168314536157143,-0.1871965488078899
Bacillus,R2,-3,0,FALSE,0.026706473757671816,0.0013511932708418744,25241.875407851352,TRUE,-7.973513698304059,-7.437746627199358,-0.08624658159790724
Bacillus,R2,-3,3,FALSE,0.02676396401021253,0.001347126938382245,25083.47828323943,TRUE,-8.250461708976925,-8.01859074218502,0.1288348615171552
Bacillus,R2,-3,6,FALSE,0.026762309234283826,0.0013472752017541331,25088.608152103465,TRUE,-8.240363851433866,-7.9997794528537085,0.12264404517788871
Bacillus,R2,0,-6,FALSE,0.026657124265537024,0.0014732263261054374,27475.591731631594,TRUE,0.33786079630783766,0.7533173481975172,-0.27087196618513887
Bacillus,R2,0,-3,FALSE,0.02670470956400567,0.0014700375164192127,27341.767841494893,TRUE,0.12067872676923852,0.26258357243717206,-0.09284674950255534
Bacillus,R2,0,0,TRUE,0.02672952706103925,0.0014682656321487453,27270.160878849845,TRUE,0,0,0
Bacillus,R2,0,3,FALSE,0.02678666115152504,0.001464050622066808,27103.356721568387,TRUE,-0.28707408180418065,-0.6116728024543042,0.21374897638599658
Bacillus,R2,0,6,FALSE,0.026781706231812686,0.0014644622075067736,27118.6436824735,TRUE,-0.2590419988517697,-0.5556153373992724,0.19521172467541498
Bacillus,R2,3,-6,FALSE,0.026688512196767367,0.001600194300506621,29656.08765753708,TRUE,8.98534062700927,8.74922149996448,-0.15344403280395152
Bacillus,R2,3,-3,FALSE,0.026733926562087208,0.001597041115986861,29521.038504452936,TRUE,8.770584900884598,8.25399467059552,0.01645932993094901
Bacillus,R2,3,0,FALSE,0.02675570757243211,0.0015954214934072826,29454.464142402383,TRUE,8.660276347437893,8.009865703603666,0.09794603298843911
Bacillus,R2,3,3,FALSE,0.02681197096071448,0.0015910979501104754,29280.47415823744,TRUE,8.365810332423987,7.371842389630902,0.3084375547946047
Bacillus,R2,3,6,FALSE,0.026803004552661536,0.0015918528655747587,29309.360771167543,TRUE,8.417225788030512,7.4777699382743945,0.27489259893934714
Bacillus,R2,6,-6,FALSE,0.02674161295599895,0.0017412713720875378,31936.695706340604,TRUE,18.59375674000215,17.112237981368214,0.04521552114297735
Bacillus,R2,6,-3,FALSE,0.02678142573945699,0.0017384136183756518,31811.919051113542,TRUE,18.39912208743565,16.65468052220472,0.19416235199083404
Bacillus,R2,6,0,FALSE,0.026797231145245907,0.0017371869830125264,31760.810728234042,TRUE,18.31557893718631,16.467265702370863,0.2532932365471675
Bacillus,R2,6,3,FALSE,0.02685040019512754,0.0017329286018791855,31586.96347642297,TRUE,18.02555095859031,15.829765789614925,0.4522082781796515
Bacillus,R2,6,6,FALSE,0.026835217386451324,0.0017342428834952776,31638.321741195905,TRUE,18.115063481890925,16.01809714930546,0.39540664214043547
Bacillus,R3,-6,-6,FALSE,0.025131747201082116,0.0012083627508210062,32223.700387869536,TRUE,-2.9190454965468207,-3.0668829816654193,0.19661053917651455
Bacillus,R3,-6,-3,FALSE,0.025148356120119134,0.0012071738716669673,32157.223800599404,TRUE,-3.014561121291903,-3.2668532748121666,0.26282787690929044
Bacillus,R3,-6,0,FALSE,0.025079002177867484,0.0012121511817634967,32435.86028950109,TRUE,-2.6146795338278395,-2.4286781720405237,-0.013676175337655793
Bacillus,R3,-6,3,FALSE,0.02503661282868238,0.0012153203835789587,32610.489475887083,TRUE,-2.3600629983130776,-1.9033706761595697,-0.18267632790668303
Bacillus,R3,-6,6,FALSE,0.0250496546216978,0.0012142931740863614,32555.287432236168,TRUE,-2.442589936476805,-2.069425663403671,-0.13068060134445542
Bacillus,R3,-3,-6,FALSE,0.025131747201082116,0.0012083627508210062,32223.700387869536,TRUE,-2.9190454965468207,-3.0668829816654193,0.19661053917651455
Bacillus,R3,-3,-3,FALSE,0.025148356120119134,0.0012071738716669673,32157.223800599404,TRUE,-3.014561121291903,-3.2668532748121666,0.26282787690929044
Bacillus,R3,-3,0,FALSE,0.025079002177867484,0.0012121511817634967,32435.86028950109,TRUE,-2.6146795338278395,-2.4286781720405237,-0.013676175337655793
Bacillus,R3,-3,3,FALSE,0.02503661282868238,0.0012153203835789587,32610.489475887083,TRUE,-2.3600629983130776,-1.9033706761595697,-0.18267632790668303
Bacillus,R3,-3,6,FALSE,0.0250496546216978,0.0012142931740863614,32555.287432236168,TRUE,-2.442589936476805,-2.069425663403671,-0.13068060134445542
Bacillus,R3,0,-6,FALSE,0.025137276396380727,0.0012407016496172956,33018.507407758705,TRUE,-0.32090916654057056,-0.6759992241031394,0.21865463437997673
Bacillus,R3,0,-3,FALSE,0.025153430307856304,0.001239526977553613,32952.59029808095,TRUE,-0.41528338081799676,-0.87428653527457,0.28305792332970114
Bacillus,R3,0,0,TRUE,0.025082432495314493,0.0012446959931548928,33243.23139404929,TRUE,0,0,0
Bacillus,R3,0,3,FALSE,0.025039027314055107,0.0012479892080310584,33425.45913042227,TRUE,0.26457985679044355,0.5481649308183698,-0.17305012688659316
Bacillus,R3,0,6,FALSE,0.025051944557647848,0.0012469558715328696,33369.72293327052,TRUE,0.18156066946506041,0.3805031397876396,-0.12155096070662276
Bacillus,R3,3,-6,FALSE,0.02512941522311697,0.0013439175085028367,35642.86552850373,TRUE,7.971546136052876,7.218414196894194,0.1873132831564704
Bacillus,R3,3,-3,FALSE,0.02514744734542817,0.001342551823617058,35564.89079367582,TRUE,7.861825779171426,6.983855967871157,0.25920472476431894
Bacillus,R3,3,0,FALSE,0.02507405826125114,0.0013481276965746861,35883.549335722506,TRUE,8.309796447374119,7.942422655535968,-0.03338684979982839
Bacillus,R3,3,3,FALSE,0.025029873031527025,0.0013516296537367995,36080.348871749404,TRUE,8.591146847903417,8.534421470856088,-0.2095469161425461
Bacillus,R3,3,6,FALSE,0.025044508113129343,0.0013504067735863857,36013.393296029775,TRUE,8.492899552408051,8.333010317632237,-0.15119898037095975
Bacillus,R3,6,-6,FALSE,0.025119505359242046,0.0014566998211038551,38484.422910629444,TRUE,17.032578968267,15.76619148257156,0.14780410127478255
Bacillus,R3,6,-3,FALSE,0.025139908644975072,0.001455091501690129,38390.92961067017,TRUE,16.903365134321124,15.48495137431901,0.2291490256031452
Bacillus,R3,6,0,FALSE,0.025064118647017616,0.0014610984372587451,38739.99773563713,TRUE,17.385967761922622,16.534994075731735,-0.07301464202204974
Bacillus,R3,6,3,FALSE,0.025019282798993257,0.0014648093431754276,38951.865030441586,TRUE,17.68410529406624,17.172318685644296,-0.25176862863293614
Bacillus,R3,6,6,FALSE,0.02503597109253072,0.0014633532238363864,38870.91111686907,TRUE,17.56711935155104,16.928798696227727,-0.18523483634393084
Bacillus,R4,-6,-6,FALSE,0.02727323336903787,0.0011416215113320793,29432.579602330326,TRUE,-5.217220263785137,-4.5562335733450565,-0.23495667620052696
Bacillus,R4,-6,-3,FALSE,0.02734098444192965,0.001137350713707101,29173.714919488168,TRUE,-5.5718019413097055,-5.395678184015233,0.012875644625643105
Bacillus,R4,-6,0,FALSE,0.027352445367052287,0.0011366382879833253,29130.367053795446,TRUE,-5.630950870954756,-5.536246344338583,0.05479952200091107
Bacillus,R4,-6,3,FALSE,0.02734707015131636,0.0011370091159333784,29151.631647499773,TRUE,-5.600162992869922,-5.467289666327498,0.03513707041281398
Bacillus,R4,-6,6,FALSE,0.02735299484814803,0.0011366099771488495,29128.439929059525,TRUE,-5.633301369400722,-5.542495611159754,0.05680951489689652
Bacillus,R4,-3,-6,FALSE,0.02727323336903787,0.0011416215113320793,29432.579602330326,TRUE,-5.217220263785137,-4.5562335733450565,-0.23495667620052696
Bacillus,R4,-3,-3,FALSE,0.02734098444192965,0.001137350713707101,29173.714919488168,TRUE,-5.5718019413097055,-5.395678184015233,0.012875644625643105
Bacillus,R4,-3,0,FALSE,0.027352445367052287,0.0011366382879833253,29130.367053795446,TRUE,-5.630950870954756,-5.536246344338583,0.05479952200091107
Bacillus,R4,-3,3,FALSE,0.02734707015131636,0.0011370091159333784,29151.631647499773,TRUE,-5.600162992869922,-5.467289666327498,0.03513707041281398
Bacillus,R4,-3,6,FALSE,0.02735299484814803,0.0011366099771488495,29128.439929059525,TRUE,-5.633301369400722,-5.542495611159754,0.05680951489689652
Bacillus,R4,0,-6,FALSE,0.02725023141704691,0.0012101351292746452,31186.450043702338,TRUE,0.4711020864166438,1.1312054146963066,-0.3190974418317576
Bacillus,R4,0,-3,FALSE,0.027323254831069985,0.0012053818305515867,30894.129975827676,TRUE,0.07646090156160444,0.18327191185634045,-0.05197898304518964
Bacillus,R4,0,0,TRUE,0.027337464567142325,0.001204460888896979,30837.613292375874,TRUE,0,0,0
Bacillus,R4,0,3,FALSE,0.027333986407759168,0.0012047101418889501,30852.049461469487,TRUE,0.0206941540625111,0.04681350971212195,-0.012723050356826726
Bacillus,R4,0,6,FALSE,0.02734180981486682,0.0012041590466794587,30819.830276853078,TRUE,-0.025060358563974,-0.057666640262309825,0.015894845382695772
Bacillus,R4,3,-6,FALSE,0.027230742236699027,0.001318454937538184,33937.11730469337,TRUE,9.464321315206698,10.051050264268667,-0.39038854602328554
Bacillus,R4,3,-3,FALSE,0.027310036828557618,0.0013130536850248923,33597.498297661856,TRUE,9.015883963435314,8.949736087287665,-0.10033022088549304
Bacillus,R4,3,0,FALSE,0.027326694488198564,0.001311918237893613,33526.49448427718,TRUE,8.921613809730358,8.719485410260628,-0.039396773308327714
Bacillus,R4,3,3,FALSE,0.027324561733855873,0.0013120800593905894,33535.998765323566,TRUE,8.93504899043802,8.750305827380052,-0.047198353946695824
Bacillus,R4,3,6,FALSE,0.027333970280702856,0.0013113813647149836,33494.475046940934,TRUE,8.877040076902798,8.61565299939061,-0.012782042866070936
Bacillus,R4,6,-6,FALSE,0.027254056522669493,0.0014361956213449249,36706.098929457774,TRUE,19.239705878715892,19.030284806550814,-0.30510526778361974
Bacillus,R4,6,-3,FALSE,0.02733389437983,0.0014305141048321368,36342.42175401487,TRUE,18.767999693387523,17.85095496673853,-0.013059687022381595
Bacillus,R4,6,0,FALSE,0.027347816578669908,0.001429534427025602,36279.59583613488,TRUE,18.686662240626237,17.647223512931383,0.03786748951117074
Bacillus,R4,6,3,FALSE,0.027342578313204257,0.0014299457337643919,36304.307604678856,TRUE,18.720810857869136,17.72735866577112,0.018705999780529663
Bacillus,R4,6,6,FALSE,0.02734984165663405,0.0014293879886873777,36270.365100302006,TRUE,18.674504242008414,17.617290146346367,0.04527519171108629
Bacillus,R5,-6,-6,FALSE,0.022759236055821117,0.0015771380878482877,12396.99844191221,TRUE,-9.441588755417422,-8.896251137713916,0.11670193039658272
Bacillus,R5,-6,-3,FALSE,0.022710796905123638,0.0015808996096533935,12459.758319074888,TRUE,-9.225604219150867,-8.435037875935476,-0.0963793874581419
Bacillus,R5,-6,0,FALSE,0.0227072190722843,0.0015811982566540624,12464.567753641766,TRUE,-9.208456070797903,-8.399694036779291,-0.11211808901447347
Bacillus,R5,-6,3,FALSE,0.022686077590149217,0.0015829842914647117,12493.183913664301,TRUE,-9.105902923342956,-8.189398014858206,-0.2051183751441856
Bacillus,R5,-6,6,FALSE,0.02265776942886803,0.001585396411189792,12531.741670595511,TRUE,-8.967400320610803,-7.906042634875423,-0.32964451205998785
Bacillus,R5,-3,-6,FALSE,0.02275803443544926,0.0016163425546039248,12684.19690624725,TRUE,-7.190489596481207,-6.78567115409831,0.11141606454820054
Bacillus,R5,-3,-3,FALSE,0.022708841404257142,0.00162020513398691,12748.999442434875,TRUE,-6.968702389055097,-6.309446686527441,-0.10498153459943355
Bacillus,R5,-3,0,FALSE,0.02270545191942472,0.001620492100084036,12753.63786696478,TRUE,-6.95222495183067,-6.275359575403794,-0.1198917030177873
Bacillus,R5,-3,3,FALSE,0.02268417196844078,0.0016223113248154252,12782.926945958017,TRUE,-6.8477660571778705,-6.06011836927552,-0.21350110644974715
Bacillus,R5,-3,6,FALSE,0.02265566916614948,0.0016247684030739503,12822.398261390814,TRUE,-6.706681959906965,-5.770049379971129,-0.3388834590990202
Bacillus,R5,0,-6,FALSE,0.022798461609758396,0.0017362079846064166,13516.631837954243,TRUE,-0.3078817970691924,-0.668227216537387,0.28925311278078897
Bacillus,R5,0,-3,FALSE,0.02274066685931929,0.0017408869401191207,13596.262995851386,TRUE,-0.03921871627793119,-0.08302935233926943,0.03501699568696614
Bacillus,R5,0,0,TRUE,0.02273270654844769,0.0017415699615011034,13607.561265839582,TRUE,0,0,0
Bacillus,R5,0,3,FALSE,0.022706601241566697,0.0017438759262423122,13645.181143571468,TRUE,0.13240724129286183,0.27646304137043914,-0.11483589437692338
Bacillus,R5,0,6,FALSE,0.02267376802987033,0.0017468101000150515,13692.876024420812,TRUE,0.3008859035115317,0.6269658237395083,-0.2592674939596412
Bacillus,R5,3,-6,FALSE,0.02282104151079865,0.0018695693865670919,14436.239802805221,TRUE,7.349657372113979,6.089838735806051,0.3885809292558423
Bacillus,R5,3,-3,FALSE,0.022756372265882164,0.001874973306816092,14529.620030822192,TRUE,7.65994753377606,6.776076528109018,0.10410426661708497
Bacillus,R5,3,0,FALSE,0.0227457039114609,0.001875916637621907,14545.4731755973,TRUE,7.714113075595692,6.892578996592523,0.05717472745935746
Bacillus,R5,3,3,FALSE,0.022716307905051414,0.0018786035540595822,14589.906564140523,TRUE,7.868394356111083,7.219113543637098,-0.07213678389471995
Bacillus,R5,3,6,FALSE,0.022680489271910288,0.0018819204357197724,14644.52497713946,TRUE,8.05884789708346,7.620496362585341,-0.22970109795820387
Bacillus,R5,6,-6,FALSE,0.022773382454255843,0.002015660044530963,15541.811423249526,TRUE,15.738103497927485,14.21452470153991,0.17893120522831973
Bacillus,R5,6,-3,FALSE,0.02271137977422584,0.0020210045547387925,15636.319413080197,TRUE,16.044982367336956,14.909050252329994,-0.0938153764330571
Bacillus,R5,6,0,FALSE,0.0227064071865153,0.002021466875652895,15644.179767895095,TRUE,16.071528582781774,14.966814863205794,-0.11568953250831966
Bacillus,R5,6,3,FALSE,0.02268069861967897,0.0020238986175898275,15685.189997300136,TRUE,16.211157882246532,15.268193108755153,-0.22878018795465124
Bacillus,R5,6,6,FALSE,0.022647799475279094,0.0020270365696966213,15737.996682455392,TRUE,16.39133738557749,15.656261801767922,-0.3735018220889881
Burkholderia,R1,-6,-6,FALSE,0.022566489730592887,0.0014020318516249095,1707.5140285692098,TRUE,-7.119489298609708,-6.534378176133961,0.004272497683859933
Burkholderia,R1,-6,-3,FALSE,0.02255562745992184,0.0014028620768550717,1709.6028061799025,TRUE,-7.064489304647174,-6.420043011111189,-0.043864075132712926
Burkholderia,R1,-6,0,FALSE,0.022555832278043787,0.0014028528421094087,1709.5712258284775,TRUE,-7.065101079545432,-6.421771651189083,-0.04295641569943973
Burkholderia,R1,-6,3,FALSE,0.022595932198373407,0.0013994701920563757,1701.4836686738136,TRUE,-7.28919175486473,-6.864467023437431,0.13474793298985713
Burkholderia,R1,-6,6,FALSE,0.022606267056526227,0.0013985787442030017,1699.380011990314,TRUE,-7.3482475686032505,-6.979616636698282,0.18054725682259415
Burkholderia,R1,-3,-6,FALSE,0.022566489730592887,0.0014020318516249095,1707.5140285692098,TRUE,-7.119489298609708,-6.534378176133961,0.004272497683859933
Burkholderia,R1,-3,-3,FALSE,0.02255562745992184,0.0014028620768550717,1709.6028061799025,TRUE,-7.064489304647174,-6.420043011111189,-0.043864075132712926
Burkholderia,R1,-3,0,FALSE,0.022555832278043787,0.0014028528421094087,1709.5712258284775,TRUE,-7.065101079545432,-6.421771651189083,-0.04295641569943973
Burkholderia,R1,-3,3,FALSE,0.022595932198373407,0.0013994701920563757,1701.4836686738136,TRUE,-7.28919175486473,-6.864467023437431,0.13474793298985713
Burkholderia,R1,-3,6,FALSE,0.022606267056526227,0.0013985787442030017,1699.380011990314,TRUE,-7.3482475686032505,-6.979616636698282,0.18054725682259415
Burkholderia,R1,0,-6,FALSE,0.022579788756326914,0.0015083540119523607,1823.9914284037122,TRUE,-0.07595705742441262,-0.15865743720617695,0.0632076448572542
Burkholderia,R1,0,-3,FALSE,0.022566712376177293,0.001509392489513603,1826.6332589786891,TRUE,-0.007160955446887637,-0.01404935006183839,0.005259160206884404
Burkholderia,R1,0,0,TRUE,0.022565525619033463,0.0015095005841779066,1826.8899251395164,TRUE,0,0,0
Burkholderia,R1,0,3,FALSE,0.02260628826689233,0.0015059277783993866,1818.2583094331071,TRUE,-0.2366879361272814,-0.4724759596969226,0.18064125138075537
Burkholderia,R1,0,6,FALSE,0.02261580581186943,0.0015050750736996968,1816.2250234043634,TRUE,-0.2931771292172094,-0.5837736356413822,0.2228186202476738
Burkholderia,R1,3,-6,FALSE,0.02253488891296982,0.0016224487111645162,1962.9143787063904,TRUE,7.482483158370069,7.445684148511903,-0.13576774847114942
Burkholderia,R1,3,-3,FALSE,0.022527010238027268,0.0016230856147295067,1964.5832450625335,TRUE,7.524676157277541,7.537034280404258,-0.17068240136054244
Burkholderia,R1,3,0,FALSE,0.02253083379363081,0.00162276167678313,1963.7552321021246,TRUE,7.503216215507925,7.491710643275677,-0.1537381667431255
Burkholderia,R1,3,3,FALSE,0.022577935757198134,0.0016184847339452328,1953.2315996525929,TRUE,7.21988125805731,6.915669782536456,0.05499600751246815
Burkholderia,R1,3,6,FALSE,0.02259139342757521,0.0016172322491180475,1950.1959437651126,TRUE,7.136907800457261,6.749504550263447,0.11463419456060642
Burkholderia,R1,6,-6,FALSE,0.02257445387503896,0.0017425372784548479,2089.969456187183,TRUE,15.437999608582869,14.400404065262746,0.03956591198551836
Burkholderia,R1,6,-3,FALSE,0.02256085054214003,0.0017436889440446697,2093.0028806772534,TRUE,15.514294086497825,14.566447155671648,-0.020717784164922825
Burkholderia,R1,6,0,FALSE,0.02256039422961451,0.001743740421582535,2093.120114535053,TRUE,15.517704322863748,14.572864283282138,-0.022739950779722646
Burkholderia,R1,6,3,FALSE,0.02260606234676419,0.0017394435493024798,2082.434382512951,TRUE,15.233049098142825,13.987950442822598,0.1796400775904612
Burkholderia,R1,6,6,FALSE,0.022616571139297437,0.0017384315867759845,2079.9536444708947,TRUE,15.166009539688698,13.852160212228013,0.22621019836080483
Burkholderia,R2,-6,-6,FALSE,0.01990106023913442,0.0016500323227314126,1374.4577981580123,TRUE,-12.336165966937173,-11.694384210994675,0.23065544828589077
Burkholderia,R2,-6,-3,FALSE,0.019883155247959458,0.0016516945764325807,1377.3225302978776,TRUE,-12.247852828720085,-11.510332044372769,0.14047789092474883
Burkholderia,R2,-6,0,FALSE,0.01984906930017878,0.0016549634272735373,1382.8760347441535,TRUE,-12.074183505002782,-11.153532708247218,-0.031194213303897544
Burkholderia,R2,-6,3,FALSE,0.019843374117322593,0.0016555732272348616,1383.8587722615994,TRUE,-12.041785713840477,-11.090394180637768,-0.05987770572663317
Burkholderia,R2,-6,6,FALSE,0.019811825121187895,0.0016588152210714334,1389.1980547458043,TRUE,-11.869543263974418,-10.747358091591577,-0.2187725848596551
Burkholderia,R2,-3,-6,FALSE,0.01988556394216627,0.001759707065814256,1462.0050022804242,TRUE,-6.509305278949175,-6.069686398522044,0.1526091540947658
Burkholderia,R2,-3,-3,FALSE,0.0198685623493194,0.0017613319744968195,1464.8497825386341,TRUE,-6.422976227630155,-5.886916092425852,0.06698151545489962
Burkholderia,R2,-3,0,FALSE,0.019834489976680105,0.001764696732712888,1470.6541061030796,TRUE,-6.244211483599846,-5.514002229749318,-0.10462221827980199
Burkholderia,R2,-3,3,FALSE,0.019830148651967746,0.0017651902151231298,1471.448913653658,TRUE,-6.217993475919814,-5.4629377516099025,-0.12648707453393918
Burkholderia,R2,-3,6,FALSE,0.019798657779497887,0.0017685275239938114,1477.0213163133512,TRUE,-6.040687075962628,-5.104924250614856,-0.28508921685023303
Burkholderia,R2,0,-6,FALSE,0.01991588451281065,0.001876140721717159,1545.807939113214,TRUE,-0.32335331526979594,-0.6855487757706349,0.3053171320986742
Burkholderia,R2,0,-3,FALSE,0.019894207785501026,0.0018782689669939669,1549.5772164955702,TRUE,-0.21028271770786883,-0.44338174759806753,0.19614342174806085
Burkholderia,R2,0,0,TRUE,0.01985526299326895,0.001882226965009419,1556.4783574377634,TRUE,0,0,0
Burkholderia,R2,0,3,FALSE,0.019848177527407022,0.001883028491646539,1557.8038442996874,TRUE,0.042583952521150735,0.08515935063215241,-0.035685580515006685
Burkholderia,R2,0,6,FALSE,0.019813081369065663,0.0018868640038560524,1564.27017723721,TRUE,0.24635917627554627,0.5006057271668884,-0.21244555772234464
Burkholderia,R2,3,-6,FALSE,0.019923449116371166,0.0020049318044133286,1639.406431109921,TRUE,6.51913088511595,5.327929763743822,0.34341586472729807
Burkholderia,R2,3,-3,FALSE,0.019899589676127212,0.0020073425965448665,1643.731089032753,TRUE,6.647212788964661,5.605778659114988,0.2232490341391464
Burkholderia,R2,3,0,FALSE,0.019857880066563742,0.00201170988524936,1651.438403279033,TRUE,6.879240529810013,6.100955107245473,0.01318075361518745
Burkholderia,R2,3,3,FALSE,0.01985004961205689,0.0020126220942076854,1652.9643194692035,TRUE,6.927704874189488,6.198991561326487,-0.02625692348587739
Burkholderia,R2,3,6,FALSE,0.019812993179339034,0.0020168023553325297,1660.087547474196,TRUE,7.149796109866976,6.656641869854945,-0.21288972069645845
Burkholderia,R2,6,-6,FALSE,0.01989138319201154,0.002144370313123978,1747.3465671525605,TRUE,13.927297450722014,12.262824523239738,0.18191750345907737
Burkholderia,R2,6,-3,FALSE,0.019870203508454264,0.002146573645074594,1751.3680027769942,TRUE,14.044357294809675,12.521192113461403,0.07524712813110297
Burkholderia,R2,6,0,FALSE,0.01982981960354992,0.002150927380484629,1759.1811117267157,TRUE,14.275664968696555,13.023165617454302,-0.12814430978656288
Burkholderia,R2,6,3,FALSE,0.01982494060789234,0.002151542395562024,1760.1997489948903,TRUE,14.308339831443078,13.08861061791364,-0.15271711780846883
Burkholderia,R2,6,6,FALSE,0.01978899269165175,0.00215572466932717,1767.4325043811702,TRUE,14.530537995792784,13.553297797900282,-0.33376692940136926
Burkholderia,R3,-6,-6,FALSE,0.02095328092946162,0.0012350112019644318,1295.2923842766554,TRUE,-12.654704589079984,-12.302023736284967,0.2250814472249002
Burkholderia,R3,-6,-3,FALSE,0.020937165541439994,0.0012362434943060268,1297.9029223265381,TRUE,-12.567551583149328,-12.125276843681263,0.14799728639784537
Burkholderia,R3,-6,0,FALSE,0.02090211107530202,0.001239006639103851,1303.6820785036998,TRUE,-12.372130117947064,-11.733998158342542,-0.019677491389702418
Burkholderia,R3,-6,3,FALSE,0.020918807878561776,0.0012376263083314397,1300.859515842226,TRUE,-12.469753037390442,-11.925100210893408,0.0601877322118442
Burkholderia,R3,-6,6,FALSE,0.020952125019699414,0.0012348308019356348,1295.1975695830984,TRUE,-12.66746325376444,-12.30844318014641,0.2195524252806652
Burkholderia,R3,-3,-6,FALSE,0.020921976587277232,0.0013196627915746046,1385.429054205387,TRUE,-6.66778067313201,-6.199306206362492,0.07534450360999477
Burkholderia,R3,-3,-3,FALSE,0.02090882025788084,0.0013207037729890587,1387.672519799216,TRUE,-6.594157997468705,-6.047412012600256,0.012414302380939496
Burkholderia,R3,-3,0,FALSE,0.020875531056198736,0.001323415783666338,1393.4436577302888,TRUE,-6.402352956844178,-5.6566762038843805,-0.14681674888658558
Burkholderia,R3,-3,3,FALSE,0.02089599246413296,0.001321671079353832,1389.812490563372,TRUE,-6.525745937683661,-5.902524952691538,-0.04894442599661678
Burkholderia,R3,-3,6,FALSE,0.020933221009356514,0.0013184404131664667,1383.164800436563,TRUE,-6.754232523117586,-6.35260786680903,0.1291295467503459
Burkholderia,R3,0,-6,FALSE,0.02096435352999642,0.0014091020171842128,1466.5524659231555,TRUE,-0.3422545809240299,-0.7068327527882309,0.27804462249892226
Burkholderia,R3,0,-3,FALSE,0.020945407512027205,0.001410645193399803,1469.9133903966563,TRUE,-0.23311453247148695,-0.4792808283894738,0.18742081038770006
Burkholderia,R3,0,0,TRUE,0.020906224895905823,0.0014139412960414914,1476.992331478214,TRUE,0,0,0
Burkholderia,R3,0,3,FALSE,0.020924008388787135,0.0014123678989048075,1473.6954661752884,TRUE,-0.11127740176263774,-0.22321478809751574,0.08506314731549248
Burkholderia,R3,0,6,FALSE,0.020959556071904507,0.001409174700107587,1467.0718045793747,TRUE,-0.33711413247842353,-0.6716708467206912,0.25509711229179743
Burkholderia,R3,3,-6,FALSE,0.020962284711943713,0.0015068432765451304,1562.1904970761518,TRUE,6.570426987579327,5.768355311138896,0.2681489188842946
Burkholderia,R3,3,-3,FALSE,0.020942640038638417,0.0015084948090214791,1565.840936031849,TRUE,6.687230456080626,6.015508859461227,0.1741832536190019
Burkholderia,R3,3,0,FALSE,0.020901924388133156,0.001512032489045572,1573.5474099049009,TRUE,6.937430378382708,6.537276895002689,-0.020570465467003578
Burkholderia,R3,3,3,FALSE,0.020921059191944397,0.001510282698812215,1569.8313669104434,TRUE,6.813677699381417,6.285681614833676,0.0709563592300156
Burkholderia,R3,3,6,FALSE,0.020958501723122278,0.001506803408904063,1562.521809340864,TRUE,6.5676073768091365,5.790786860555303,0.25005388336128115
Burkholderia,R3,6,-6,FALSE,0.02097460427371343,0.0016105610941458163,1660.8606602558789,TRUE,13.90579641847841,12.448834354721694,0.3270766393649557
Burkholderia,R3,6,-3,FALSE,0.02095234804484028,0.0016124887480954348,1665.1835557480588,TRUE,14.042128383250581,12.74151667947374,0.22061921348358626
Burkholderia,R3,6,0,FALSE,0.020908383188104354,0.0016164293877359097,1673.8865342618062,TRUE,14.320827339954603,13.330753219722887,0.010323682105582026
Burkholderia,R3,6,3,FALSE,0.020927660688679576,0.0016146068152266743,1669.9681862312195,TRUE,14.191927185871974,13.065460845004523,0.10253306314499173
Burkholderia,R3,6,6,FALSE,0.020966003483108002,0.0016109242691365122,1662.1362762553988,TRUE,13.93148171331439,12.535200138235494,0.2859367843779673
Burkholderia,R4,-6,-6,FALSE,0.02079780767716601,0.0012655648491560392,1169.7763737968432,TRUE,-8.638091453081474,-8.539608504074018,0.21966886853057854
Burkholderia,R4,-6,-3,FALSE,0.02079336048282951,0.0012658976663280311,1170.4225431535433,TRUE,-8.614065175762969,-8.489086965376297,0.19823890097263677
Burkholderia,R4,-6,0,FALSE,0.020771661463617034,0.0012676270171551494,1173.6769660664884,TRUE,-8.48922227085922,-8.234635943472718,0.09367650891658642
Burkholderia,R4,-6,3,FALSE,0.020772251906238815,0.0012675982330109191,1173.6052382172784,TRUE,-8.491300216019058,-8.240244072784318,0.09652171091861027
Burkholderia,R4,-6,6,FALSE,0.020755697963445053,0.0012689951858776043,1176.1644585582196,TRUE,-8.390453325292317,-8.040148311278132,0.016752213526781665
Burkholderia,R4,-3,-6,FALSE,0.020763742396950915,0.00129566980647961,1200.2595036295436,TRUE,-6.464795979807905,-6.156247845599897,0.05551641765381235
Burkholderia,R4,-3,-3,FALSE,0.020763184233464686,0.0012957007942723002,1200.331791046052,TRUE,-6.462558951903951,-6.150595965837068,0.05282676109804888
Burkholderia,R4,-3,0,FALSE,0.020744630798605508,0.0012971950640174078,1203.1673041089318,TRUE,-6.354686695584575,-5.928897921123582,-0.036577811096456046
Burkholderia,R4,-3,3,FALSE,0.020748262563980883,0.0012969109295356736,1202.619617197888,TRUE,-6.375198539408731,-5.971719489778353,-0.019077200985138806
Burkholderia,R4,-3,6,FALSE,0.02073416214109702,0.001298111665941648,1204.8376642198436,TRUE,-6.288516636237396,-5.798298780035351,-0.0870237718094512
Burkholderia,R4,0,-6,FALSE,0.02077455534641364,0.0013833815675952793,1275.4445540088252,TRUE,-0.13282974126795868,-0.27781304698063625,0.10762143908048577
Burkholderia,R4,0,-3,FALSE,0.02077269695059102,0.001383517946220059,1275.7245031121909,TRUE,-0.12298448406664772,-0.2559248851350947,0.0986662733793296
Burkholderia,R4,0,0,TRUE,0.020752221506986652,0.0013852215538011814,1278.9977767030987,TRUE,0,0,0
Burkholderia,R4,0,3,FALSE,0.020755101524149923,0.0013849946264842291,1278.5486986963572,TRUE,-0.016382023245996597,-0.03511171128843556,0.013878114987840856
Burkholderia,R4,0,6,FALSE,0.020739672962859085,0.0013863543819435532,1281.0890397567346,TRUE,0.08177956365631105,0.1635079506570043,-0.06046843767228639
Burkholderia,R4,3,-6,FALSE,0.02078856370856499,0.0014793614412031114,1354.8074213809489,TRUE,6.796016647560893,5.927269465101529,0.17512439121808587
Burkholderia,R4,3,-3,FALSE,0.020784973632204464,0.0014796460951839667,1355.3846011404448,TRUE,6.816565994347633,5.972396968058082,0.1578246705143622
Burkholderia,R4,3,0,FALSE,0.020762139012460788,0.001481610543711291,1359.2015225641433,TRUE,6.95838074751356,6.27082762159193,0.04779009066955791
Burkholderia,R4,3,3,FALSE,0.020763978473042507,0.0014814709724473203,1358.910869717866,TRUE,6.948305011716084,6.248102574561242,0.05665401196636612
Burkholderia,R4,3,6,FALSE,0.02074691990548458,0.0014830285532108289,1361.8499459398445,TRUE,7.060747729578394,6.4778978310905035,-0.02554715166416365
Burkholderia,R4,6,-6,FALSE,0.020764309633808854,0.0015837637529403988,1446.790737583506,TRUE,14.332884049804052,13.119097150655799,0.058249796621208536
Burkholderia,R4,6,-3,FALSE,0.020763561287236287,0.0015838106764005384,1446.9040363263166,TRUE,14.336271483389014,13.127955550949718,0.05464369318637559
Burkholderia,R4,6,0,FALSE,0.020742250571596146,0.0015857025711644402,1450.6419699565668,TRUE,14.47284853553712,13.420210447583354,-0.04804755667796446
Burkholderia,R4,6,3,FALSE,0.020746516920247114,0.0015853348174282161,1449.903097651079,TRUE,14.446300166056806,13.362440815849327,-0.02748904129428781
Burkholderia,R4,6,6,FALSE,0.020730785791332973,0.0015868169202968017,1452.7444351255363,TRUE,14.553294088041234,13.584594249280734,-0.10329359508071037
Burkholderia,R5,-6,-6,FALSE,0.02203618564971914,0.0013058473546593583,1057.389969190029,TRUE,0.05383360385171436,0.12825438972685782,-0.045544896891018975
Burkholderia,R5,-6,-3,FALSE,0.022051265893629494,0.0013047716492322566,1055.3397853243987,TRUE,-0.028586788873330826,-0.06588527267299507,0.02285793773933185
Burkholderia,R5,-6,0,FALSE,0.022046226580883763,0.0013051447482059176,1056.035557230804,TRUE,0,0,0
Burkholderia,R5,-6,3,FALSE,0.022086698864937235,0.0013020462377380778,1050.3757811213227,TRUE,-0.2374074195294543,-0.5359456005745378,0.18357918941359733
Burkholderia,R5,-6,6,FALSE,0.02209932547524661,0.0013010512014389227,1048.5921811107987,TRUE,-0.313646955452411,-0.7048414297264487,0.24085252942509247
Burkholderia,R5,-3,-6,FALSE,0.02203618564971914,0.0013058473546593583,1057.389969190029,TRUE,0.05383360385171436,0.12825438972685782,-0.045544896891018975
Burkholderia,R5,-3,-3,FALSE,0.022051265893629494,0.0013047716492322566,1055.3397853243987,TRUE,-0.028586788873330826,-0.06588527267299507,0.02285793773933185
Burkholderia,R5,-3,0,FALSE,0.022046226580883763,0.0013051447482059176,1056.035557230804,TRUE,0,0,0
Burkholderia,R5,-3,3,FALSE,0.022086698864937235,0.0013020462377380778,1050.3757811213227,TRUE,-0.2374074195294543,-0.5359456005745378,0.18357918941359733
Burkholderia,R5,-3,6,FALSE,0.02209932547524661,0.0013010512014389227,1048.5921811107987,TRUE,-0.313646955452411,-0.7048414297264487,0.24085252942509247
Burkholderia,R5,0,-6,FALSE,0.02203618564971914,0.0013058473546593583,1057.389969190029,TRUE,0.05383360385171436,0.12825438972685782,-0.045544896891018975
Burkholderia,R5,0,-3,FALSE,0.022051265893629494,0.0013047716492322566,1055.3397853243987,TRUE,-0.028586788873330826,-0.06588527267299507,0.02285793773933185
Burkholderia,R5,0,0,TRUE,0.022046226580883763,0.0013051447482059176,1056.035557230804,TRUE,0,0,0
Burkholderia,R5,0,3,FALSE,0.022086698864937235,0.0013020462377380778,1050.3757811213227,TRUE,-0.2374074195294543,-0.5359456005745378,0.18357918941359733
Burkholderia,R5,0,6,FALSE,0.02209932547524661,0.0013010512014389227,1048.5921811107987,TRUE,-0.313646955452411,-0.7048414297264487,0.24085252942509247
Burkholderia,R5,3,-6,FALSE,0.0220560256114968,0.001400880394545703,1126.4424585653571,TRUE,7.335251241012596,6.6670957102219255,0.04444765446407249
Burkholderia,R5,3,-3,FALSE,0.022069348256507422,0.0013998985420160717,1124.5429986137824,TRUE,7.260021843585153,6.487228665161852,0.10487815472107784
Burkholderia,R5,3,0,FALSE,0.02206179053206113,0.0014004775517050389,1125.637905397408,TRUE,7.304385481393381,6.590909528569217,0.07059689385058392
Burkholderia,R5,3,3,FALSE,0.022102239805390327,0.0013972707374789852,1119.7015842436017,TRUE,7.058679843726609,6.028776832074326,0.25407170837630866
Burkholderia,R5,3,6,FALSE,0.022113533858605372,0.001396349251836909,1118.0277273533668,TRUE,6.988075748407464,5.870272993943706,0.3053006711813925
Burkholderia,R5,6,-6,FALSE,0.02202703429920226,0.001506281139566131,1208.424021592932,TRUE,15.411040931413936,14.430239902312527,-0.08705472390519581
Burkholderia,R5,6,-3,FALSE,0.02204489080001788,0.0015049195606729247,1205.7363177369602,TRUE,15.306716955465834,14.175731061434147,-0.006058999987971806
Burkholderia,R5,6,0,FALSE,0.02204010620589363,0.0015052989287287555,1206.4676409039105,TRUE,15.335784080499463,14.244982817394709,-0.027761553514293817
Burkholderia,R5,6,3,FALSE,0.022085291665363757,0.0015015871664806949,1199.4725989224667,TRUE,15.051389399130754,13.582595842491457,0.17719623962255301
Burkholderia,R5,6,6,FALSE,0.022099227158434608,0.001500407044687792,1197.2937609041956,TRUE,14.960968639707312,13.376273431910455,0.24040657187476067
Buttiauxella,R1,-6,-6,FALSE,0.02174001265217703,0.0011346292473959207,1047.1282305155598,TRUE,-9.366483587458799,-9.278063470754805,0.416823543011646
Buttiauxella,R1,-6,-3,FALSE,0.021759823430646513,0.0011333048526574658,1044.8280400846568,TRUE,-9.472275459596698,-9.477349216469845,0.5083292600343289
Buttiauxella,R1,-6,0,FALSE,0.02167334183537055,0.0011393141889297644,1055.1069793961951,TRUE,-8.99225321540207,-8.586794217918989,0.10887194455411342
Buttiauxella,R1,-6,3,FALSE,0.0217050262517893,0.001137017318597842,1051.2447560062046,TRUE,-9.175725865524159,-8.921412629530304,0.2552218342017805
Buttiauxella,R1,-6,6,FALSE,0.021685767413595066,0.001138443243128958,1053.6187558257848,TRUE,-9.061823853311315,-8.715732126726603,0.1662655218235473
Buttiauxella,R1,-3,-6,FALSE,0.0217174554652425,0.0011622347013634231,1073.2574875071332,TRUE,-7.161376173753784,-7.014255920481113,0.3126322025431951
Buttiauxella,R1,-3,-3,FALSE,0.02174027136412695,0.0011606897560402208,1070.55870260485,TRUE,-7.284785496780056,-7.248075414097934,0.41801852999896266
Buttiauxella,R1,-3,0,FALSE,0.021654862774855888,0.0011666973128742922,1080.8942234472793,TRUE,-6.804905393063594,-6.352618259436081,0.023517414700353942
Buttiauxella,R1,-3,3,FALSE,0.021689139777445427,0.0011641819785804643,1076.641306172554,TRUE,-7.005828815869676,-6.721085921578836,0.18184242470316112
Buttiauxella,R1,-3,6,FALSE,0.02167145369127784,0.0011655070014969275,1078.8593926406936,TRUE,-6.899986765242234,-6.528913564923095,0.10015063260205706
Buttiauxella,R1,0,-6,FALSE,0.021714653775447176,0.0012470901494538037,1145.9181312662429,TRUE,-0.3831729282054936,-0.7190247165219985,0.29969123538275255
Buttiauxella,R1,0,-3,FALSE,0.021738872818198217,0.0012453920573897972,1142.9161295020097,TRUE,-0.5188155227414247,-0.9791145561220226,0.41155866532504487
Buttiauxella,R1,0,0,TRUE,0.021649771308355624,0.0012518870416892696,1154.2172384933679,TRUE,0,0,0
Buttiauxella,R1,0,3,FALSE,0.02168615418459646,0.0012491175385826766,1149.4849315943463,TRUE,-0.22122627796001934,-0.41000140538524066,0.16805201183253626
Buttiauxella,R1,0,6,FALSE,0.02166808795933758,0.0012505220591462127,1151.8600633088117,TRUE,-0.10903400207857646,-0.20422283656350632,0.08460436242523947
Buttiauxella,R1,3,-6,FALSE,0.021662249994209737,0.001339669649070401,1231.540696637191,TRUE,7.012023006698714,6.699211861083944,0.05763888069014749
Buttiauxella,R1,3,-3,FALSE,0.021694247319613967,0.0013373457190020033,1227.3585176492657,TRUE,6.826388840754964,6.336872879439156,0.2054340926972185
Buttiauxella,R1,3,0,FALSE,0.021606463349921386,0.0013439699273928105,1239.086596725198,TRUE,7.355526707847881,7.352979612625823,-0.20003887254699593
Buttiauxella,R1,3,3,FALSE,0.02164976829244026,0.0013405556777198579,1233.156098641678,TRUE,7.082798453680034,6.839168357193421,-1.3930472159325193e-5
Buttiauxella,R1,3,6,FALSE,0.021635280885346147,0.0013417201685671284,1235.1583396699118,TRUE,7.1758172971133165,7.012640123292444,-0.06693106732210413
Buttiauxella,R1,6,-6,FALSE,0.021659861775228734,0.0014364114238891977,1314.6148567724092,TRUE,14.739699034741573,13.896657659385928,0.046607729612441876
Buttiauxella,R1,6,-3,FALSE,0.021693804439463317,0.0014338655577939285,1309.968472980904,TRUE,14.5363367496081,13.494100529190026,0.2033884352889153
Buttiauxella,R1,6,0,FALSE,0.021601733446028365,0.0014410473746604238,1322.8540663151955,TRUE,15.110016053517517,14.610492912231498,-0.22188623446899416
Buttiauxella,R1,6,3,FALSE,0.021647695521151856,0.0014372974739303255,1316.2590384451037,TRUE,14.81047619047698,14.039107591501017,-0.00958803293671281
Buttiauxella,R1,6,6,FALSE,0.021632810633233503,0.0014385359226269006,1318.4142512116869,TRUE,14.909402743379385,14.225832645910746,-0.07834112832210566
Buttiauxella,R2,-6,-6,FALSE,0.024443528037526807,0.0013256629988350436,1360.222160318024,TRUE,-14.393977231872856,-13.629000323391397,-0.014610060434268548
Buttiauxella,R2,-6,-3,FALSE,0.02446794980710929,0.0013238801607319683,1356.6009537058328,TRUE,-14.509105797260792,-13.858938670416537,0.08528632731179739
Buttiauxella,R2,-6,0,FALSE,0.024453469388905226,0.0013250382689929082,1358.8507966233685,TRUE,-14.434319790378874,-13.71607878504497,0.026054687002002877
Buttiauxella,R2,-6,3,FALSE,0.02442873347900593,0.0013270460046882935,1362.7304864815683,TRUE,-14.30466823655066,-13.469727342417713,-0.07512668063830187
Buttiauxella,R2,-6,6,FALSE,0.02440473644351046,0.0013290060229662166,1366.5144846438204,TRUE,-14.178098082994833,-13.229452103870097,-0.17328570857095016
Buttiauxella,R2,-3,-6,FALSE,0.024436466979428213,0.0014330301444192065,1465.0011970329786,TRUE,-7.460635713324239,-6.975770865560171,-0.0434930697236812
Buttiauxella,R2,-3,-3,FALSE,0.024462965062832007,0.00143101680613371,1460.8491824815342,TRUE,-7.590649060049327,-7.239414304067474,0.06489640652999118
Buttiauxella,R2,-3,0,FALSE,0.02444842525952363,0.0014322311223903886,1463.238286223134,TRUE,-7.512233365254881,-7.087711674516972,0.005421853543997037
Buttiauxella,R2,-3,3,FALSE,0.02442323091288446,0.0014343646793568126,1467.4149325867058,TRUE,-7.374456776178098,-6.822504172212332,-0.09763473342343089
Buttiauxella,R2,-3,6,FALSE,0.024398980356766513,0.0014364294293663493,1471.4546928492155,TRUE,-7.241123465614091,-6.565988624601186,-0.19683077852713773
Buttiauxella,R2,0,-6,FALSE,0.024434260599061435,0.0015494539533841124,1576.8600182492828,TRUE,0.05754896088042813,0.12700873394317758,-0.05251819085139058
Buttiauxella,R2,0,-3,FALSE,0.0244623289949333,0.001547237230146588,1572.2170708878605,TRUE,-0.08559817388076095,-0.16780781643426967,0.0622945932081785
Buttiauxella,R2,0,0,TRUE,0.024447099773578153,0.0015485627716004752,1574.859808744816,TRUE,0,0,0
Buttiauxella,R2,0,3,FALSE,0.024420877553832782,0.0015508777099751535,1579.4510461001419,TRUE,0.14948947612151178,0.29153308312471815,-0.10726106568154525
Buttiauxella,R2,0,6,FALSE,0.02439591253759257,0.0015530928392927614,1583.8427182811072,TRUE,0.29253368189939727,0.5703942335953455,-0.20937958473464763
Buttiauxella,R2,3,-6,FALSE,0.024428982689779683,0.0016756888336512904,1697.8617219550342,TRUE,8.209293441778113,7.810340484100124,-0.07410729275155248
Buttiauxella,R2,3,-3,FALSE,0.024459199060608575,0.0016732100489239882,1692.5835603837104,TRUE,8.049223422482717,7.475189282576314,0.04949170716560176
Buttiauxella,R2,3,0,FALSE,0.02444354443471343,0.0016746300992373838,1695.4540250132147,TRUE,8.140924601113529,7.657457228812883,-0.014542988320298992
Buttiauxella,R2,3,3,FALSE,0.024416484859540954,0.0016771187887625791,1700.458883610019,TRUE,8.301634232704583,7.9752543158306315,-0.1252292268643098
Buttiauxella,R2,3,6,FALSE,0.024390999901381685,0.0016794727869132143,1705.1928632142312,TRUE,8.453646033182146,8.275851205656988,-0.22947455001226635
Buttiauxella,R2,6,-6,FALSE,0.024433583309013938,0.0018121401842282408,1825.9893995587404,TRUE,17.020776778415787,15.946155297091359,-0.05528862191998485
Buttiauxella,R2,6,-3,FALSE,0.024464725029238063,0.0018094922619119056,1820.2547895515922,TRUE,16.849784529028405,15.58202066267468,0.07209548708497172
Buttiauxella,R2,6,0,FALSE,0.02444735700875071,0.0018111280139468295,1823.6113671585344,TRUE,16.95541486348578,15.795155672426274,0.001052211407246593
Buttiauxella,R2,6,3,FALSE,0.02441833605161735,0.0018139048772036507,1829.274489313823,TRUE,17.134733603917027,16.15475099156787,-0.11765699091999622
Buttiauxella,R2,6,6,FALSE,0.024391418143119587,0.001816492752787651,1834.5514645017709,TRUE,17.301848275111514,16.489826860457658,-0.2277637469240629
Buttiauxella,R3,-6,-6,FALSE,0.02165105480632379,0.0013984083833738913,1650.5912525037886,TRUE,-6.791991432044119,-6.554979658053404,0.1157056463658319
Buttiauxella,R3,-6,-3,FALSE,0.021652671495167454,0.001398278640808685,1650.2858963792967,TRUE,-6.800639153463098,-6.572266802415404,0.12318130729053245
Buttiauxella,R3,-6,0,FALSE,0.021610782441334003,0.0014015183728117821,1658.0671840806458,TRUE,-6.584701540464802,-6.131744300895944,-0.07051605391930993
Buttiauxella,R3,-6,3,FALSE,0.021620536369277264,0.0014007632245259638,1656.2519083853085,TRUE,-6.635034382237975,-6.234512611354225,-0.025413337788443794
Buttiauxella,R3,-6,6,FALSE,0.021587639006330133,0.001403520153942366,1662.6291680208772,TRUE,-6.451276973658026,-5.873476433882893,-0.1775326102589322
Buttiauxella,R3,-3,-6,FALSE,0.02165105480632379,0.0013984083833738913,1650.5912525037886,TRUE,-6.791991432044119,-6.554979658053404,0.1157056463658319
Buttiauxella,R3,-3,-3,FALSE,0.021652671495167454,0.001398278640808685,1650.2858963792967,TRUE,-6.800639153463098,-6.572266802415404,0.12318130729053245
Buttiauxella,R3,-3,0,FALSE,0.021610782441334003,0.0014015183728117821,1658.0671840806458,TRUE,-6.584701540464802,-6.131744300895944,-0.07051605391930993
Buttiauxella,R3,-3,3,FALSE,0.021620536369277264,0.0014007632245259638,1656.2519083853085,TRUE,-6.635034382237975,-6.234512611354225,-0.025413337788443794
Buttiauxella,R3,-3,6,FALSE,0.021587639006330133,0.001403520153942366,1662.6291680208772,TRUE,-6.451276973658026,-5.873476433882893,-0.1775326102589322
Buttiauxella,R3,0,-6,FALSE,0.021673707857714757,0.001496516402228117,1757.1257105646503,TRUE,-0.25280504652822416,-0.5237380738547,0.22045464106089968
Buttiauxella,R3,0,-3,FALSE,0.021672500671892005,0.0014966010414729002,1757.346113397126,TRUE,-0.24716359332561574,-0.511260395245372,0.21487254533520475
Buttiauxella,R3,0,0,TRUE,0.021626032265907237,0.001500309259750296,1766.3768989120265,TRUE,0,0,0
Buttiauxella,R3,0,3,FALSE,0.021634310071253205,0.0014996559426709596,1764.7741120968715,TRUE,-0.04354549404334331,-0.09073866489888009,0.038277041503436936
Buttiauxella,R3,0,6,FALSE,0.021598212779850447,0.0015027830075611717,1772.099617363959,TRUE,0.16488252637242648,0.32398059867388856,-0.12863888167154433
Buttiauxella,R3,3,-6,FALSE,0.021719908128963867,0.0015994490860702952,1864.5311849139644,TRUE,6.607959370756638,5.556814407072157,0.43408731616766427
Buttiauxella,R3,3,-3,FALSE,0.021712649282226174,0.0016000181587103256,1865.9671410060687,TRUE,6.645889726537097,5.638108274365641,0.4005219970724146
Buttiauxella,R3,3,0,FALSE,0.021658664584614754,0.0016044580548995138,1876.9167062769188,TRUE,6.941821792565077,6.257996661583249,0.15089369287106935
Buttiauxella,R3,3,3,FALSE,0.02166322510860372,0.0016041086327828998,1876.0197851869889,TRUE,6.918531786565104,6.207219214794719,0.17198181450564676
Buttiauxella,R3,3,6,FALSE,0.021621838024859102,0.001607810309461755,1884.7939297785708,TRUE,7.1652593632162835,6.7039503822475,-0.019394408537655953
Buttiauxella,R3,6,-6,FALSE,0.021789715361661143,0.0017142544500627665,1973.3894133446456,TRUE,14.260072643161486,11.719611740853574,0.7568799201874278
Buttiauxella,R3,6,-3,FALSE,0.021772682958983644,0.001715643527053307,1976.908496076408,TRUE,14.352658687106299,11.918837779980894,0.6781211239918344
Buttiauxella,R3,6,0,FALSE,0.02170788630913265,0.0017211482996179798,1990.5965092638896,TRUE,14.71956787792133,12.693758081300082,0.3784977392938252
Buttiauxella,R3,6,3,FALSE,0.02170627563700271,0.0017213416764244299,1991.0031020540519,TRUE,14.732457007625312,12.716776543011887,0.371049899994719
Buttiauxella,R3,6,6,FALSE,0.02165736049125013,0.0017258696388330014,2001.8189112980258,TRUE,15.034258944735607,13.329092592357627,0.1448634911743946
Buttiauxella,R4,-6,-6,FALSE,0.01862206749485095,0.001897843624892466,1291.0389789520016,TRUE,-11.661553064025792,-10.508763622524686,-0.03656723209601763
Buttiauxella,R4,-6,-3,FALSE,0.01859212560488719,0.0019011490112567433,1295.7313427544952,TRUE,-11.507698081395098,-10.183501995986543,-0.1972955779235688
Buttiauxella,R4,-6,0,FALSE,0.018634204317813638,0.0018964105024260203,1289.0772602538555,TRUE,-11.72826025280276,-10.644744514336654,0.02858334726806084
Buttiauxella,R4,-6,3,FALSE,0.018662732026282745,0.0018930861941386602,1284.505092887205,TRUE,-11.882995989398774,-10.96167445776752,0.1817203535839505
Buttiauxella,R4,-6,6,FALSE,0.018671446462095665,0.001892045085465361,1283.093492049781,TRUE,-11.931456211349898,-11.059522707334002,0.22849952666642123
Buttiauxella,R4,-3,-6,FALSE,0.01862809338426269,0.0020197221110839552,1364.0944330767318,TRUE,-5.988506010070662,-5.444762441826717,-0.004220201281973983
Buttiauxella,R4,-3,-3,FALSE,0.018595883461123907,0.0020233789488737428,1369.3423017558118,TRUE,-5.818292106875706,-5.080994760064908,-0.1771233704404643
Buttiauxella,R4,-3,0,FALSE,0.018639528239155836,0.002018321397775775,1362.1659776119495,TRUE,-6.053704657959369,-5.578437618684935,0.05716220690862561
Buttiauxella,R4,-3,3,FALSE,0.018668762257759618,0.002014812781304366,1357.293933002857,TRUE,-6.217019340956918,-5.916154219703303,0.2140906926443137
Buttiauxella,R4,-3,6,FALSE,0.018677176776040718,0.0020137775037246328,1355.8769788415677,TRUE,-6.265208144471469,-6.014373546812179,0.25925990560628204
Buttiauxella,R4,0,-6,FALSE,0.01861351132503309,0.0021502881381924967,1445.3254738233272,TRUE,0.08891781246497542,0.18594769718308862,-0.08249683183433947
Buttiauxella,R4,0,-3,FALSE,0.018581334857323304,0.002154044682777032,1450.790725286498,TRUE,0.2637727426030604,0.5647837497939656,-0.2552204119365585
Buttiauxella,R4,0,0,TRUE,0.018628879560476718,0.0021483778476069225,1442.6429125488676,TRUE,0,0,0
Buttiauxella,R4,0,3,FALSE,0.018660768430044414,0.002144438464073737,1437.1052625339432,TRUE,-0.18336548841133493,-0.38385451914364555,0.171179750581201
Buttiauxella,R4,0,6,FALSE,0.01867048823923126,0.002143205840767258,1435.3992833387003,TRUE,-0.24074009352803952,-0.5021082588877904,0.22335577735344977
Buttiauxella,R4,3,-6,FALSE,0.018612570211037113,0.002289670252341801,1528.512929341416,TRUE,6.576701807471339,5.952271074540063,-0.08754874058130116
Buttiauxella,R4,3,-3,FALSE,0.01857872873055292,0.002293729291437721,1534.4932840596523,TRUE,6.765636873081037,6.366812654179481,-0.2692101248547406
Buttiauxella,R4,3,0,FALSE,0.018629083126732376,0.0022875602978121843,1525.5152879950847,TRUE,6.478490287930361,5.744482901856694,0.001092745567422847
Buttiauxella,R4,3,3,FALSE,0.018662573838808094,0.002283303931239288,1519.4649503355158,TRUE,6.280370270185924,5.325090299089935,0.1808712017380923
Buttiauxella,R4,3,6,FALSE,0.018672566612918332,0.002281999630122118,1517.640497918178,TRUE,6.219659296153919,5.198624324629603,0.23451250677631294
Buttiauxella,R4,6,-6,FALSE,0.018608476513633797,0.0024387121755805674,1617.1465381414819,TRUE,13.514118491635363,12.096106671629542,-0.10952374659294047
Buttiauxella,R4,6,-3,FALSE,0.018573166566730432,0.002443060484212724,1623.640644388079,TRUE,13.716518113145158,12.546260080356532,-0.2990678723614034
Buttiauxella,R4,6,0,FALSE,0.018626939260032373,0.0024362936319493856,1613.6632450121126,TRUE,13.401543153275965,11.85465446616208,-0.01041555096239894
Buttiauxella,R4,6,3,FALSE,0.018662451032048447,0.002431653491583911,1606.9877738247703,TRUE,13.18555971392691,11.39192934345323,0.18021197390182753
Buttiauxella,R4,6,6,FALSE,0.018672961107782802,0.002430242188779709,1604.991180842095,TRUE,13.119868159446671,11.25353106309515,0.23663015890449887
Buttiauxella,R5,-6,-6,FALSE,0.02167315667533092,0.001463440783081326,1213.2240871698987,TRUE,-2.4070130608705544,-2.5288035412201437,0.1344200253075022
Buttiauxella,R5,-6,-3,FALSE,0.02168764545035091,0.0014622211001880567,1211.1060718471583,TRUE,-2.488350480224197,-2.698966242248532,0.20136113154494753
Buttiauxella,R5,-6,0,FALSE,0.021663382782934486,0.0014642962683784823,1214.6816125581208,TRUE,-2.3499630138873044,-2.4117050225198904,0.08926264185996362
Buttiauxella,R5,-6,3,FALSE,0.021645561785283495,0.001465874505047834,1217.3578835243186,TRUE,-2.2447145935620223,-2.196691707270191,0.006925985008977393
Buttiauxella,R5,-6,6,FALSE,0.021624736832448213,0.001467809989126387,1220.5668046029177,TRUE,-2.1156422904098666,-1.9388849424849028,-0.08928955966010627
Buttiauxella,R5,-3,-6,FALSE,0.02167315667533092,0.001463440783081326,1213.2240871698987,TRUE,-2.4070130608705544,-2.5288035412201437,0.1344200253075022
Buttiauxella,R5,-3,-3,FALSE,0.02168764545035091,0.0014622211001880567,1211.1060718471583,TRUE,-2.488350480224197,-2.698966242248532,0.20136113154494753
Buttiauxella,R5,-3,0,FALSE,0.021663382782934486,0.0014642962683784823,1214.6816125581208,TRUE,-2.3499630138873044,-2.4117050225198904,0.08926264185996362
Buttiauxella,R5,-3,3,FALSE,0.021645561785283495,0.001465874505047834,1217.3578835243186,TRUE,-2.2447145935620223,-2.196691707270191,0.006925985008977393
Buttiauxella,R5,-3,6,FALSE,0.021624736832448213,0.001467809989126387,1220.5668046029177,TRUE,-2.1156422904098666,-1.9388849424849028,-0.08928955966010627
Buttiauxella,R5,0,-6,FALSE,0.02164834526120264,0.0014991413076428138,1244.0375488291932,TRUE,-0.02623970295345907,-0.053230391354403224,0.01978621349314219
Buttiauxella,R5,0,-3,FALSE,0.021666092626913117,0.001497630989165443,1241.3943738179903,TRUE,-0.1269588390743189,-0.2655847564848184,0.10178267570755042
Buttiauxella,R5,0,0,TRUE,0.021644062720744123,0.0014995347811150622,1244.70010756764,TRUE,0,0,0
Buttiauxella,R5,0,3,FALSE,0.021628274928711777,0.001500947087297466,1247.1131870357672,TRUE,0.09418295595341682,0.19386834253936522,-0.07294283072472504
Buttiauxella,R5,0,6,FALSE,0.021609173032324274,0.0015027445058122927,1250.1113296421524,TRUE,0.21404803260673527,0.43474103051913593,-0.1611975019200515
Buttiauxella,R5,3,-6,FALSE,0.021648265106066506,0.0016072772242938969,1327.5282176959565,TRUE,7.1850579616910775,6.654463161425842,0.019415880357599162
Buttiauxella,R5,3,-3,FALSE,0.021666912050820785,0.0016056365447618735,1324.614848805986,TRUE,7.075645392360521,6.4204012478566534,0.10556858188533634
Buttiauxella,R5,3,0,FALSE,0.021643766052345064,0.0016077054093965011,1328.2586040304875,TRUE,7.213612491268968,6.713142865082193,-0.0013706687274303358
Buttiauxella,R5,3,3,FALSE,0.021627319340063036,0.0016092282854214377,1330.896155757518,TRUE,7.315169056952899,6.925045451977985,-0.07735784587724263
Buttiauxella,R5,3,6,FALSE,0.021607495120881535,0.0016111617133270967,1334.1617276747584,TRUE,7.4441042393847,7.187403581248323,-0.16894979622998768
Buttiauxella,R5,6,-6,FALSE,0.0216494639721671,0.0017251326794190868,1416.3771626489615,TRUE,15.04452588530616,13.79264403028037,0.024954887133096387
Buttiauxella,R5,6,-3,FALSE,0.02166896301227882,0.0017233584902754803,1413.1820539992727,TRUE,14.926209913849515,13.535946964837626,0.11504444362394145
Buttiauxella,R5,6,0,FALSE,0.021644466329956466,0.001725623819279035,1417.2269005296032,TRUE,15.07727870078823,13.860912513224603,0.0018647571740607347
Buttiauxella,R5,6,3,FALSE,0.021627195096962815,0.0017272797196498685,1420.132478012669,TRUE,15.18770630751585,14.094348460196908,-0.07793187443105053
Buttiauxella,R5,6,6,FALSE,0.02160649380380311,0.00172937299018314,1423.7105586955747,TRUE,15.327300971116442,14.381813742890415,-0.17357608608760672
Chromobacterium,R1,-6,-6,FALSE,0.025290150029402273,0.0013834788433380522,1957.0651350313049,TRUE,-5.375778362730137,-5.691579846036864,0.2536206512862425
Chromobacterium,R1,-6,-3,FALSE,0.02531072582018152,0.0013821584454036086,1952.7420172495717,TRUE,-5.466088111520171,-5.899905261904146,0.33518590578194773
Chromobacterium,R1,-6,0,FALSE,0.025295798066258587,0.0013831338558642568,1955.9023595775902,TRUE,-5.3993740767807665,-5.7476124808586375,0.2760102434301816
Chromobacterium,R1,-6,3,FALSE,0.02523258281466299,0.0013874690515700762,1969.6219760047477,TRUE,-5.102864649633593,-5.08648203241146,0.02541632265578679
Chromobacterium,R1,-6,6,FALSE,0.025221982820137608,0.0013882073527781054,1971.946162749984,TRUE,-5.052367905516386,-4.974482499967428,-0.01660350833841058
Chromobacterium,R1,-3,-6,FALSE,0.025290150029402273,0.0013834788433380522,1957.0651350313049,TRUE,-5.375778362730137,-5.691579846036864,0.2536206512862425
Chromobacterium,R1,-3,-3,FALSE,0.02531072582018152,0.0013821584454036086,1952.7420172495717,TRUE,-5.466088111520171,-5.899905261904146,0.33518590578194773
Chromobacterium,R1,-3,0,FALSE,0.025295798066258587,0.0013831338558642568,1955.9023595775902,TRUE,-5.3993740767807665,-5.7476124808586375,0.2760102434301816
Chromobacterium,R1,-3,3,FALSE,0.02523258281466299,0.0013874690515700762,1969.6219760047477,TRUE,-5.102864649633593,-5.08648203241146,0.02541632265578679
Chromobacterium,R1,-3,6,FALSE,0.025221982820137608,0.0013882073527781054,1971.946162749984,TRUE,-5.052367905516386,-4.974482499967428,-0.01660350833841058
Chromobacterium,R1,0,-6,FALSE,0.02519397246755044,0.0014641628980243187,2082.2266173296525,TRUE,0.14267673326973557,0.33978898701762744,-0.12764038472379394
Chromobacterium,R1,0,-3,FALSE,0.025229834682704236,0.0014618276795868473,2074.3575980317746,TRUE,-0.017042533897073827,-0.03940880505383746,0.014522350948532362
Chromobacterium,R1,0,0,TRUE,0.025226171249584494,0.0014620768545303819,2075.1753998596305,TRUE,0,0,0
Chromobacterium,R1,0,3,FALSE,0.025170554400866848,0.0014660017736535548,2087.825484721079,TRUE,0.2684482085200396,0.6095911151560675,-0.2204728104292174
Chromobacterium,R1,0,6,FALSE,0.025168308638800586,0.0014661508444249857,2088.3241770825666,TRUE,0.27864403174020586,0.6336224506046836,-0.229375319034439
Chromobacterium,R1,3,-6,FALSE,0.02522755223048389,0.0015833235608936353,2236.9306447273348,TRUE,8.292772434469448,7.794774594891871,0.005474397544248495
Chromobacterium,R1,3,-3,FALSE,0.02526087873744183,0.0015810737223364286,2229.2104368666046,TRUE,8.138892797415117,7.422747832178108,0.13758523841745482
Chromobacterium,R1,3,0,FALSE,0.02525243594128489,0.0015816625187346446,2231.1907101293223,TRUE,8.179164031884875,7.518174621781128,0.10411683739294772
Chromobacterium,R1,3,3,FALSE,0.025189687271704914,0.0015862508208252322,2246.254565424852,TRUE,8.492984887222972,8.244082190681022,-0.14462748832794306
Chromobacterium,R1,3,6,FALSE,0.02518467067843511,0.0015866137401392567,2247.4569203796154,TRUE,8.517807064860213,8.302022110113606,-0.16451395155762358
Chromobacterium,R1,6,-6,FALSE,0.02528867074495212,0.0017129893012193473,2396.07177359674,TRUE,17.161371914991314,15.463578344212047,0.24775656499460028
Chromobacterium,R1,6,-3,FALSE,0.02531485571581821,0.0017111482990700522,2389.6722212370473,TRUE,17.035454994578373,15.155192250191966,0.35155737807487386
Chromobacterium,R1,6,0,FALSE,0.025297577336369347,0.0017123896256721856,2393.930493503443,TRUE,17.120356591802015,15.36039284512402,0.2830635139925537
Chromobacterium,R1,6,3,FALSE,0.025224070025936744,0.0017179548190208451,2412.516400273181,TRUE,17.50099276228889,16.25602348776729,-0.008329538505710077
Chromobacterium,R1,6,6,FALSE,0.025213760931445298,0.0017187451759879825,2415.1463356836193,TRUE,17.555049904681127,16.38275665020823,-0.04919620189845833
Chromobacterium,R2,-6,-6,FALSE,0.026280721346273985,0.0011452605261761,1750.6724012689513,TRUE,-2.8457079160900864,-2.914589963980426,0.10399071643232503
Chromobacterium,R2,-6,-3,FALSE,0.026283928122983323,0.0011450967881741136,1750.0568938210083,TRUE,-2.859598074099233,-2.948723587678641,0.11620541715197406
Chromobacterium,R2,-6,0,FALSE,0.026255963727578144,0.0011468249731477818,1755.8902757884593,TRUE,-2.7129933637566985,-2.625227152939506,0.009688265619237097
Chromobacterium,R2,-6,3,FALSE,0.026265413249791064,0.001146238615741287,1753.9137320140549,TRUE,-2.7627350054479383,-2.7348385015008416,0.04568175572985068
Chromobacterium,R2,-6,6,FALSE,0.026275130419895775,0.0011456009291892519,1751.8299519765803,TRUE,-2.816830981095722,-2.850396751700279,0.08269472402456941
Chromobacterium,R2,-3,-6,FALSE,0.026280721346273985,0.0011452605261761,1750.6724012689513,TRUE,-2.8457079160900864,-2.914589963980426,0.10399071643232503
Chromobacterium,R2,-3,-3,FALSE,0.026283928122983323,0.0011450967881741136,1750.0568938210083,TRUE,-2.859598074099233,-2.948723587678641,0.11620541715197406
Chromobacterium,R2,-3,0,FALSE,0.026255963727578144,0.0011468249731477818,1755.8902757884593,TRUE,-2.7129933637566985,-2.625227152939506,0.009688265619237097
Chromobacterium,R2,-3,3,FALSE,0.026265413249791064,0.001146238615741287,1753.9137320140549,TRUE,-2.7627350054479383,-2.7348385015008416,0.04568175572985068
Chromobacterium,R2,-3,6,FALSE,0.026275130419895775,0.0011456009291892519,1751.8299519765803,TRUE,-2.816830981095722,-2.850396751700279,0.08269472402456941
Chromobacterium,R2,0,-6,FALSE,0.026277858661164853,0.001177236856739973,1797.9675412632942,TRUE,-0.1331043744776921,-0.29178740209990556,0.0930866700854678
Chromobacterium,R2,0,-3,FALSE,0.026281502481269807,0.0011770453509313559,1797.248874426425,TRUE,-0.1493501201756346,-0.3316418400211112,0.10696608112417426
Chromobacterium,R2,0,0,TRUE,0.026253420226492467,0.0011788058989580872,1803.229136715224,TRUE,0,0,0
Chromobacterium,R2,0,3,FALSE,0.026263347117479588,0.0011781803684852129,1801.1084687042342,TRUE,-0.053064755904874375,-0.11760391221566703,0.03781180090624531
Chromobacterium,R2,0,6,FALSE,0.026273476545825687,0.0011775054539595715,1798.890633981328,TRUE,-0.11031884041852826,-0.24059630834266413,0.07639507218561026
Chromobacterium,R2,3,-6,FALSE,0.026329813636039867,0.001276406735134641,1932.4752371565658,TRUE,8.279635880921562,7.167480705018852,0.29098459891451195
Chromobacterium,R2,3,-3,FALSE,0.02632608552951463,0.0012766701086717783,1933.342932453696,TRUE,8.301978281597545,7.215599675562486,0.27678413858181994
Chromobacterium,R2,3,0,FALSE,0.0262902454358996,0.0012790104873556293,1941.4094316101264,TRUE,8.5005163688195,7.662936011926504,0.14026823586960385
Chromobacterium,R2,3,3,FALSE,0.02629548001828699,0.0012786778057127007,1940.24346710889,TRUE,8.472294450077612,7.598276203724848,0.1602069042115895
Chromobacterium,R2,3,6,FALSE,0.026301651567354298,0.001278252565289314,1938.8194619786182,TRUE,8.436220621149317,7.519306476512823,0.18371450441783044
Chromobacterium,R2,6,-6,FALSE,0.02631528652231305,0.0013892613247376464,2095.1552069332224,TRUE,17.853272193969737,16.189072385430347,0.23565042301861452
Chromobacterium,R2,6,-3,FALSE,0.026313398152536624,0.0013894191892767297,2095.6507734323127,TRUE,17.86666409667593,16.216554555555046,0.22845757058211116
Chromobacterium,R2,6,0,FALSE,0.026277453556076108,0.0013918698027903839,2104.2629565631555,TRUE,18.07455358177438,16.694152380229223,0.09154361365605675
Chromobacterium,R2,6,3,FALSE,0.02628470900253685,0.0013913808816678416,2102.5309293731866,TRUE,18.0330776167343,16.59810096032349,0.11917980885709019
Chromobacterium,R2,6,6,FALSE,0.026292649543148926,0.001390806324758892,2100.5770804500717,TRUE,17.984337030225742,16.489748179008405,0.1494255465307839
Chromobacterium,R3,-6,-6,FALSE,0.026518993644765575,0.001119415854041606,1887.650833745741,TRUE,-3.480655835585557,-4.275793355681556,0.5502153294949644
Chromobacterium,R3,-6,-3,FALSE,0.026463212931825707,0.0011226888913234458,1900.0541301640553,TRUE,-3.19844488535802,-3.6468127792995064,0.33871549762092873
Chromobacterium,R3,-6,0,FALSE,0.026373778148233808,0.0011282831729223768,1920.66687077715,TRUE,-2.716089388023953,-2.601525056231444,-3.881225455644292e-4
Chromobacterium,R3,-6,3,FALSE,0.026324501137670205,0.0011314930518159085,1932.3169851780174,TRUE,-2.4393241407458364,-2.01073891167438,-0.1872283205310571
Chromobacterium,R3,-6,6,FALSE,0.026303119005589386,0.0011329601499510023,1937.516295045218,TRUE,-2.312826602487077,-1.7470779616521006,-0.268301456779363
Chromobacterium,R3,-3,-6,FALSE,0.026518993644765575,0.001119415854041606,1887.650833745741,TRUE,-3.480655835585557,-4.275793355681556,0.5502153294949644
Chromobacterium,R3,-3,-3,FALSE,0.026463212931825707,0.0011226888913234458,1900.0541301640553,TRUE,-3.19844488535802,-3.6468127792995064,0.33871549762092873
Chromobacterium,R3,-3,0,FALSE,0.026373778148233808,0.0011282831729223768,1920.66687077715,TRUE,-2.716089388023953,-2.601525056231444,-3.881225455644292e-4
Chromobacterium,R3,-3,3,FALSE,0.026324501137670205,0.0011314930518159085,1932.3169851780174,TRUE,-2.4393241407458364,-2.01073891167438,-0.1872283205310571
Chromobacterium,R3,-3,6,FALSE,0.026303119005589386,0.0011329601499510023,1937.516295045218,TRUE,-2.312826602487077,-1.7470779616521006,-0.268301456779363
Chromobacterium,R3,0,-6,FALSE,0.02652203424811928,0.0011506065292911575,1937.5944189444685,TRUE,-0.7913036093662782,-1.7431162394193473,0.5617441727852444
Chromobacterium,R3,0,-3,FALSE,0.02646495715307157,0.0011540032060078282,1950.545244641863,TRUE,-0.49843210156341927,-1.0863700376803629,0.3453289394507041
Chromobacterium,R3,0,0,TRUE,0.026373880511210212,0.0011597839414809468,1971.9681154001807,TRUE,0,0,0
Chromobacterium,R3,0,3,FALSE,0.026323855508677683,0.0011630916384247425,1984.039958775533,TRUE,0.28519940874264293,0.6121723409763387,-0.18967630687211656
Chromobacterium,R3,0,6,FALSE,0.026302245331051338,0.0011645975015433145,1989.4041926312755,TRUE,0.4150393784743456,0.8841967116469491,-0.2716141074819303
Chromobacterium,R3,3,-6,FALSE,0.026505805293719594,0.0012501460492852737,2102.5054990065505,TRUE,7.791288064304645,6.6196498101024925,0.5002099802996667
Chromobacterium,R3,3,-3,FALSE,0.026448252437616365,0.0012537135238678632,2116.4163872427353,TRUE,8.098886269021474,7.325081511941228,0.2819908370121779
Chromobacterium,R3,3,0,FALSE,0.026355030461830384,0.0012598927296886692,2139.78818441081,TRUE,8.631675661924746,8.510283087238095,-0.07147241518674212
Chromobacterium,R3,3,3,FALSE,0.02630526424250088,0.001263332834269088,2152.5902533688027,TRUE,8.928291648521887,9.159485721804758,-0.26016751186905446
Chromobacterium,R3,3,6,FALSE,0.026285181299879036,0.0012648007305209538,2157.909506900425,TRUE,9.054858002768121,9.42922910609589,-0.3363146022197011
Chromobacterium,R3,6,-6,FALSE,0.02654830955943211,0.0013563632592833168,2264.1620729410724,TRUE,16.949649910771722,14.81737738348753,0.6613704348427526
Chromobacterium,R3,6,-3,FALSE,0.02648157679719401,0.0013606727108881195,2281.2401475322795,TRUE,17.321223567784067,15.683419509515584,0.40834448286068586
Chromobacterium,R3,6,0,FALSE,0.02637872824555132,0.0013677775052880446,2308.5497661788327,TRUE,17.93381994421371,17.068311001080655,0.018380815591573726
Chromobacterium,R3,6,3,FALSE,0.026323188489792943,0.0013717836679534557,2323.6940196742976,TRUE,18.27924313228575,17.836287591431947,-0.1922053957729964
Chromobacterium,R3,6,6,FALSE,0.02629966590089261,0.0013735773055698313,2330.2963591588036,TRUE,18.433895869940084,18.1710972383499,-0.2813943525908394
Chromobacterium,R4,-6,-6,FALSE,0.023311917445762817,0.0016072030349678125,1938.444779378157,TRUE,-5.343227960513643,-5.977896386547107,0.5105819830366821
Chromobacterium,R4,-6,-3,FALSE,0.023289364445009498,0.0016090997549979193,1943.845591361518,TRUE,-5.231519986096988,-5.715936020536962,0.4133435110639708
Chromobacterium,R4,-6,0,FALSE,0.023216647938319738,0.0016154765172962274,1961.6605673415788,TRUE,-4.855958391147024,-4.851840465539628,0.09982239362840749
Chromobacterium,R4,-6,3,FALSE,0.023206099075427256,0.0016164761604917307,1964.3465601068046,TRUE,-4.797084063499005,-4.721559380020102,0.054340405668838396
Chromobacterium,R4,-6,6,FALSE,0.02319457041767778,0.0016175690053306456,1967.2858075033143,TRUE,-4.732720593208668,-4.57899446086421,0.004633979649654002
Chromobacterium,R4,-3,-6,FALSE,0.023311917445762817,0.0016072030349678125,1938.444779378157,TRUE,-5.343227960513643,-5.977896386547107,0.5105819830366821
Chromobacterium,R4,-3,-3,FALSE,0.023289364445009498,0.0016090997549979193,1943.845591361518,TRUE,-5.231519986096988,-5.715936020536962,0.4133435110639708
Chromobacterium,R4,-3,0,FALSE,0.023216647938319738,0.0016154765172962274,1961.6605673415788,TRUE,-4.855958391147024,-4.851840465539628,0.09982239362840749
Chromobacterium,R4,-3,3,FALSE,0.023206099075427256,0.0016164761604917307,1964.3465601068046,TRUE,-4.797084063499005,-4.721559380020102,0.054340405668838396
Chromobacterium,R4,-3,6,FALSE,0.02319457041767778,0.0016175690053306456,1967.2858075033143,TRUE,-4.732720593208668,-4.57899446086421,0.004633979649654002
Chromobacterium,R4,0,-6,FALSE,0.02328531342861668,0.001689748480269302,2038.414483168788,TRUE,-0.4816857478600513,-1.1289773211176701,0.3958773366828893
Chromobacterium,R4,0,-3,FALSE,0.023265547521431437,0.0016914517545880106,2043.3376043740386,TRUE,-0.3813708247302909,-0.8901868139100522,0.3106555680646062
Chromobacterium,R4,0,0,TRUE,0.023193495635809972,0.0016979271533761608,2061.6905013607884,TRUE,0,0,0
Chromobacterium,R4,0,3,FALSE,0.023185570855766106,0.0016987100454204454,2063.8031557412637,TRUE,0.04610869451777279,0.1024719461568494,-0.03416811406224659
Chromobacterium,R4,0,6,FALSE,0.023176294881965254,0.0016996137130014116,2066.2627642429957,TRUE,0.09933050554596458,0.2217725152824546,-0.07416197245472723
Chromobacterium,R4,3,-6,FALSE,0.023340257430852086,0.001819989895800912,2169.72425398799,TRUE,7.188926932586084,5.240056766808373,0.6327713482547191
Chromobacterium,R4,3,-3,FALSE,0.023311788191173514,0.0018225271591403153,2177.14967782115,TRUE,7.338359924122753,5.600218674148927,0.510024694944658
Chromobacterium,R4,3,0,FALSE,0.02322959335458733,0.0018301832522349167,2199.104284040521,TRUE,7.78926814355832,6.665102380257116,0.1556372499608283
Chromobacterium,R4,3,3,FALSE,0.023216427315740876,0.0018315059982665055,2202.7538395551296,TRUE,7.867171723164699,6.842120003038014,0.09887116755051727
Chromobacterium,R4,3,6,FALSE,0.02320268413650606,0.0018328941370078342,2206.5775285224104,TRUE,7.948926628760532,7.027583774867829,0.039616713411247395
Chromobacterium,R4,6,-6,FALSE,0.02331020770141044,0.001963423571544157,2336.400522109115,TRUE,15.636502286925705,13.324503390155238,0.5032103285900035
Chromobacterium,R4,6,-3,FALSE,0.02328427480108052,0.0019658166516475146,2343.5635275392024,TRUE,15.77744355749785,13.671936985321892,0.3913992383726171
Chromobacterium,R4,6,0,FALSE,0.02320121122316982,0.0019738341955027167,2367.0540379541135,TRUE,16.249639543012307,14.811318012658756,0.03326616858880931
Chromobacterium,R4,6,3,FALSE,0.023191089844136765,0.0019749054872860152,2370.04296994376,TRUE,16.312733638725916,14.956292827630921,-0.010372699790419512
Chromobacterium,R4,6,6,FALSE,0.023179978208924142,0.0019760727909796053,2373.317304932709,TRUE,16.381482388710214,15.115110797000604,-0.058281110782453176
Chromobacterium,R5,-6,-6,FALSE,0.024903746694317896,0.0012178068807292947,1744.8755836207488,TRUE,0.14914921509273585,0.28990306897712453,-0.08933720066475155
Chromobacterium,R5,-6,-3,FALSE,0.024925411622622705,0.0012160426997215854,1739.9687317782,TRUE,0.0040677331440531275,0.007872819781998152,-0.0024202651127436664
Chromobacterium,R5,-6,0,FALSE,0.024926014898265285,0.0012159932363616805,1739.8317579593859,TRUE,0,0,0
Chromobacterium,R5,-6,3,FALSE,0.024926014898265285,0.0012159932363616805,1739.8317579593859,TRUE,0,0,0
Chromobacterium,R5,-6,6,FALSE,0.024926014898265285,0.0012159932363616805,1739.8317579593859,TRUE,0,0,0
Chromobacterium,R5,-3,-6,FALSE,0.024903746694317896,0.0012178068807292947,1744.8755836207488,TRUE,0.14914921509273585,0.28990306897712453,-0.08933720066475155
Chromobacterium,R5,-3,-3,FALSE,0.024925411622622705,0.0012160426997215854,1739.9687317782,TRUE,0.0040677331440531275,0.007872819781998152,-0.0024202651127436664
Chromobacterium,R5,-3,0,FALSE,0.024926014898265285,0.0012159932363616805,1739.8317579593859,TRUE,0,0,0
Chromobacterium,R5,-3,3,FALSE,0.024926014898265285,0.0012159932363616805,1739.8317579593859,TRUE,0,0,0
Chromobacterium,R5,-3,6,FALSE,0.024926014898265285,0.0012159932363616805,1739.8317579593859,TRUE,0,0,0
Chromobacterium,R5,0,-6,FALSE,0.024903746694317896,0.0012178068807292947,1744.8755836207488,TRUE,0.14914921509273585,0.28990306897712453,-0.08933720066475155
Chromobacterium,R5,0,-3,FALSE,0.024925411622622705,0.0012160426997215854,1739.9687317782,TRUE,0.0040677331440531275,0.007872819781998152,-0.0024202651127436664
Chromobacterium,R5,0,0,TRUE,0.024926014898265285,0.0012159932363616805,1739.8317579593859,TRUE,0,0,0
Chromobacterium,R5,0,3,FALSE,0.024926014898265285,0.0012159932363616805,1739.8317579593859,TRUE,0,0,0
Chromobacterium,R5,0,6,FALSE,0.024926014898265285,0.0012159932363616805,1739.8317579593859,TRUE,0,0,0
Chromobacterium,R5,3,-6,FALSE,0.024923471414354487,0.0013163960436090828,1874.8719788856843,TRUE,8.256855732833928,7.761682720672049,-0.010204133798277342
Chromobacterium,R5,3,-3,FALSE,0.02494352533689148,0.0013146855932011268,1870.0691149861382,TRUE,8.116192910310858,7.485629367951366,0.07024965160963156
Chromobacterium,R5,3,0,FALSE,0.024943364219041617,0.001314699407153334,1870.1077679684129,TRUE,8.117328932436154,7.487851018527513,0.06960326729781356
Chromobacterium,R5,3,3,FALSE,0.024943364219041617,0.001314699407153334,1870.1077679684129,TRUE,8.117328932436154,7.487851018527513,0.06960326729781356
Chromobacterium,R5,3,6,FALSE,0.024943364219041617,0.001314699407153334,1870.1077679684129,TRUE,8.117328932436154,7.487851018527513,0.06960326729781356
Chromobacterium,R5,6,-6,FALSE,0.024931658853687852,0.001424456399207338,2018.0847982029925,TRUE,17.143447563030104,15.99310042311011,0.022642830976402326
Chromobacterium,R5,6,-3,FALSE,0.024951502749706773,0.0014226850466326551,2013.054227218595,TRUE,16.99777631078015,15.703959190839603,0.10225401671914147
Chromobacterium,R5,6,0,FALSE,0.024950978525786077,0.0014227320501555695,2013.1872962270083,TRUE,17.001641753572827,15.711607574529836,0.10015089705546545
Chromobacterium,R5,6,3,FALSE,0.024950978525786077,0.0014227320501555695,2013.1872962270083,TRUE,17.001641753572827,15.711607574529836,0.10015089705546545
Chromobacterium,R5,6,6,FALSE,0.024950978525786077,0.0014227320501555695,2013.1872962270083,TRUE,17.001641753572827,15.711607574529836,0.10015089705546545
Chryseobacterium,R1,-6,-6,FALSE,0.01544632291855527,7.605848150475816e-4,373.45286308173786,TRUE,-9.286797810453189,-8.715107647491383,-0.0891476263131678
Chryseobacterium,R1,-6,-3,FALSE,0.015445234498085053,7.606306690829845e-4,373.50020343087056,TRUE,-9.28132890507615,-8.703536016633215,-0.0961878142914835
Chryseobacterium,R1,-6,0,FALSE,0.015469168018819517,7.593528643641662e-4,372.32814978660815,TRUE,-9.43372973602052,-8.99002676640273,0.05862045104726246
Chryseobacterium,R1,-6,3,FALSE,0.015483152559817045,7.585810678046437e-4,371.6321973935145,TRUE,-9.525780137196076,-9.1601417810843,0.14907611602881946
Chryseobacterium,R1,-6,6,FALSE,0.015493671191586266,7.579975536051929e-4,371.1078650260528,TRUE,-9.595374534175905,-9.28830688156232,0.21711337456660332
Chryseobacterium,R1,-3,-6,FALSE,0.015454343067266082,7.98691038584285e-4,390.69518791520903,TRUE,-4.741956141284725,-4.50048266552704,-0.03727120898808595
Chryseobacterium,R1,-3,-3,FALSE,0.015452447153036453,7.987800575626691e-4,390.7839769825878,TRUE,-4.731339052401146,-4.47877952368776,-0.0495344775801299
Chryseobacterium,R1,-3,0,FALSE,0.015476669534917536,7.974597923316398e-4,389.56137956341394,TRUE,-4.888804051013686,-4.777624933196139,0.10714221712711242
Chryseobacterium,R1,-3,3,FALSE,0.015490506584686056,7.966793955022026e-4,388.85142403060104,TRUE,-4.9818801866086195,-4.951162803151386,0.1966438703036908
Chryseobacterium,R1,-3,6,FALSE,0.015500726205719892,7.961008311085366e-4,388.32659737208894,TRUE,-5.050884231632861,-5.079448725585238,0.2627470492810028
Chryseobacterium,R1,0,-6,FALSE,0.015432780594278477,8.399844633618966e-4,410.5402101079003,TRUE,0.18301569202223528,0.35033223958314313,-0.176742918004882
Chryseobacterium,R1,0,-3,FALSE,0.015432956586909722,8.399619474456037e-4,410.52479322186923,TRUE,0.18033027045352826,0.34656381545019344,-0.17560455168353623
Chryseobacterium,R1,0,0,TRUE,0.015460105235398145,8.384499683500605e-4,409.1069764749248,TRUE,0,0,0
Chryseobacterium,R1,0,3,FALSE,0.015476110231934003,8.375276118969571e-4,408.2576923872789,TRUE,-0.11000733352265654,-0.2075946235294688,0.10352449929778984
Chryseobacterium,R1,0,6,FALSE,0.015488084073649567,8.368331418305015e-4,407.62099012058144,TRUE,-0.19283518165558466,-0.36322684280463435,0.18097443597834956
Chryseobacterium,R1,3,-6,FALSE,0.015417803432855232,8.833040505400681e-4,430.9289042918276,TRUE,5.349643256385767,5.334039523092889,-0.2736191112467836
Chryseobacterium,R1,3,-3,FALSE,0.015419538445097806,8.831936977247698e-4,430.82941564751496,TRUE,5.336481729823186,5.30972103183422,-0.2623965987466637
Chryseobacterium,R1,3,0,FALSE,0.015449226851360303,8.815054762222566e-4,429.2269619511241,TRUE,5.135131432698679,4.9180255124377,-0.07036423020546101
Chryseobacterium,R1,3,3,FALSE,0.01546699847883445,8.804594076151195e-4,428.2525645923995,TRUE,5.010369234997651,4.679848846001816,0.04458729957750801
Chryseobacterium,R1,3,6,FALSE,0.015480336202685366,8.796681523834859e-4,427.5193294155004,TRUE,4.915998042737888,4.500620619874504,0.1308591822576902
Chryseobacterium,R1,6,-6,FALSE,0.015395861807934317,9.283036415934942e-4,452.74543329718864,TRUE,10.716641020364248,10.66675938852843,-0.4155432740311101
Chryseobacterium,R1,6,-3,FALSE,0.015399952621009273,9.280570252518357e-4,452.51209199873875,TRUE,10.687227656303449,10.60972264462822,-0.3890828262355167
Chryseobacterium,R1,6,0,FALSE,0.015432967288453283,9.261425937261563e-4,450.6690745533933,TRUE,10.458897809807452,10.15922496276861,-0.17553533130373875
Chryseobacterium,R1,6,3,FALSE,0.015453145927419256,9.249311161579222e-4,449.5252632823111,TRUE,10.314407665616965,9.879637633083385,-0.045014622299953067
Chryseobacterium,R1,6,6,FALSE,0.01546838677034567,9.240071957664054e-4,448.6584422826503,TRUE,10.204213804755485,9.667756377200206,0.05356713179780054
Chryseobacterium,R2,-6,-6,FALSE,0.016805186156377324,7.341403852467589e-4,393.61885480569896,TRUE,-6.784244506040039,-6.427175374955712,-0.03928781049343625
Chryseobacterium,R2,-6,-3,FALSE,0.01681675384924269,7.336092791453345e-4,393.01086206540134,TRUE,-6.851680459008461,-6.571710112981035,0.029519211722898092
Chryseobacterium,R2,-6,0,FALSE,0.01681374257176679,7.337572894075957e-4,393.17428927822425,TRUE,-6.83288720271199,-6.532859469172352,0.011607512424225789
Chryseobacterium,R2,-6,3,FALSE,0.016832011864824317,7.328410436323938e-4,392.17380225754147,TRUE,-6.949225363464285,-6.770699692990379,0.12027703433465303
Chryseobacterium,R2,-6,6,FALSE,0.016826279366001697,7.331344036546473e-4,392.4906629773195,TRUE,-6.911976661913976,-6.695374153574864,0.08617894939810826
Chryseobacterium,R2,-3,-6,FALSE,0.016806370545534657,7.469240802245706e-4,400.21583043523947,TRUE,-5.1610647855012575,-4.85891299092078,-0.03224281958558049
Chryseobacterium,R2,-3,-3,FALSE,0.016817978463969843,7.463876040193784e-4,399.59858173212496,TRUE,-5.229182594814687,-5.005648097589085,0.03680347261383958
Chryseobacterium,R2,-3,0,FALSE,0.01681479869272345,7.46544964067626e-4,399.7731617131099,TRUE,-5.209202171346995,-4.964146168135495,0.017889537627856
Chryseobacterium,R2,-3,3,FALSE,0.016833217684044482,7.456141911430444e-4,398.7524111492333,TRUE,-5.327384882857994,-5.206803531555472,0.12744949567473202
Chryseobacterium,R2,-3,6,FALSE,0.016827290747952126,7.45919856688493e-4,399.0839499127749,TRUE,-5.288573716329018,-5.127988662301816,0.09219485776827882
Chryseobacterium,R2,0,-6,FALSE,0.016802189233614057,7.880147324607792e-4,421.1793453898591,TRUE,0.05632451620609516,0.12462701084418903,-0.057114125001675314
Chryseobacterium,R2,0,-3,FALSE,0.016814765732468356,7.874201951764433e-4,420.4855732043735,TRUE,-0.019165462607789577,-0.04029959836060739,0.017693483234732656
Chryseobacterium,R2,0,0,TRUE,0.01681179114102136,7.875711368281819e-4,420.65509551835083,TRUE,0,0,0
Chryseobacterium,R2,0,3,FALSE,0.016831334341340855,7.865598754432121e-4,419.53185623144907,TRUE,-0.1284025452027664,-0.26702143843465315,0.11624698496169081
Chryseobacterium,R2,0,6,FALSE,0.016825366602127842,7.868751516135414e-4,419.8780608100863,TRUE,-0.0883710920950468,-0.18472014639618822,0.08074964168069258
Chryseobacterium,R2,3,-6,FALSE,0.01677613648698913,8.318659169092751e-4,444.69277533255087,TRUE,5.624225928274039,5.714344143289096,-0.2120812335410954
Chryseobacterium,R2,3,-3,FALSE,0.016792101825357012,8.310915384470674e-4,443.7749957756956,TRUE,5.525901037226561,5.496165505580128,-0.11711610915927942
Chryseobacterium,R2,3,0,FALSE,0.016791395560671562,8.311302796505481e-4,443.81795882061607,TRUE,5.530820110776758,5.506378871679392,-0.12131711712759134
Chryseobacterium,R2,3,3,FALSE,0.016813954534142604,8.299361433205873e-4,442.47033135413096,TRUE,5.379197447867854,5.186014877318526,0.012868308338453045
Chryseobacterium,R2,3,6,FALSE,0.016809524814563822,8.301754640337663e-4,442.7372829621223,TRUE,5.409584634750159,5.249475800729524,-0.013480577045767224
Chryseobacterium,R2,6,-6,FALSE,0.016783416311533038,8.76771561692384e-4,467.14200164737593,TRUE,11.32601497097047,11.051074056702383,-0.16877933618320626
Chryseobacterium,R2,6,-3,FALSE,0.016799347604724235,8.759844350604642e-4,466.1944806935907,TRUE,11.226071410939836,10.825825161852404,-0.07401671953182293
Chryseobacterium,R2,6,0,FALSE,0.01679782480742031,8.760667717430991e-4,466.28876132501665,TRUE,11.236525918321412,10.848237972829946,-0.08307463186936632
Chryseobacterium,R2,6,3,FALSE,0.016820763698010974,8.748256297865645e-4,464.86968059801535,TRUE,11.078934826101712,10.510887791619698,0.05337061895636005
Chryseobacterium,R2,6,6,FALSE,0.01681543146696748,8.751203521137497e-4,465.2025523094135,TRUE,11.116356503129158,10.590019535165546,0.02165340929817683
Chryseobacterium,R3,-6,-6,FALSE,0.016655735309194588,8.393940092047639e-4,477.6497005395404,TRUE,-9.859544136293207,-9.1453924769343,-0.1803439430063715
Chryseobacterium,R3,-6,-3,FALSE,0.01666900786078686,8.387022823572002e-4,476.78712063106775,TRUE,-9.933826979259447,-9.309465350743368,-0.10080007956564585
Chryseobacterium,R3,-6,0,FALSE,0.01668342044493234,8.37918029327715e-4,475.8330448325945,TRUE,-10.018045981081094,-9.490941822139932,-0.014423875478169227
Chryseobacterium,R3,-6,3,FALSE,0.016660219473155095,8.392128983743652e-4,477.3880540611709,TRUE,-9.878993182432412,-9.195160723570273,-0.15346985453584208
Chryseobacterium,R3,-6,6,FALSE,0.0166756903674857,8.383306743893528e-4,476.3400342578052,TRUE,-9.973733043940662,-9.394506452885372,-0.06075108095382621
Chryseobacterium,R3,-3,-6,FALSE,0.016659176132615076,8.846495362242933e-4,501.8528000974874,TRUE,-4.99966451938073,-4.5416774349379,-0.1597227092985808
Chryseobacterium,R3,-3,-3,FALSE,0.01667272066990089,8.839287936721801e-4,500.9411117983263,TRUE,-5.0770632874150685,-4.715091303951295,-0.07854880564182057
Chryseobacterium,R3,-3,0,FALSE,0.01668742798024791,8.831105524625374e-4,499.93248878373726,TRUE,-5.1649321962169585,-4.906943299306273,0.009593725030624728
Chryseobacterium,R3,-3,3,FALSE,0.016662819457868166,8.845153768369527e-4,501.6413010822706,TRUE,-5.0140715656553825,-4.581907042529672,-0.1378878598058427
Chryseobacterium,R3,-3,6,FALSE,0.016678682139824028,8.835898233831149e-4,500.52794521294976,TRUE,-5.113464472133484,-4.793680462310712,-0.042821059836855566
Chryseobacterium,R3,0,-6,FALSE,0.016655565613976017,9.328906767449645e-4,527.8623062119185,TRUE,0.18083278013913692,0.4056374429446615,-0.1813609451403433
Chryseobacterium,R3,0,-3,FALSE,0.016670146828717546,9.320983000705487e-4,526.8446359633706,TRUE,0.09574140009072633,0.21206455696717383,-0.09397411931889921
Chryseobacterium,R3,0,0,TRUE,0.01668582718786842,9.312067496906555e-4,525.7297494992504,TRUE,0,0,0
Chryseobacterium,R3,0,3,FALSE,0.016660271391050467,9.326986800702299e-4,527.5697476194148,TRUE,0.16021472998020522,0.34998934755299277,-0.1531587048709967
Chryseobacterium,R3,0,6,FALSE,0.016677074733615748,9.316954755610955e-4,526.3467856302686,TRUE,0.052483067868898725,0.11736755083880732,-0.052454422271821864
Chryseobacterium,R3,3,-6,FALSE,0.016648930098744536,9.834228666319642e-4,555.4641805645502,TRUE,5.607360230008501,5.655839543724027,-0.22112831871295693
Chryseobacterium,R3,3,-3,FALSE,0.01666493469220603,0.00098253556287241175,554.3055103061496,TRUE,5.5120748640199935,5.435446792599656,-0.12521102746154372
Chryseobacterium,R3,3,0,FALSE,0.01668192794793908,9.81549303044388e-4,553.0525434801467,TRUE,5.406162849491379,5.1971177219704385,-0.023368574332193994
Chryseobacterium,R3,3,3,FALSE,0.01665556474702617,9.83121496546858e-4,555.021138303756,TRUE,5.574996838612745,5.571567679478892,-0.18136614086624578
Chryseobacterium,R3,3,6,FALSE,0.016673587565833335,9.820215899126222e-4,553.6605832711986,TRUE,5.4568805733900945,5.312774062824461,-0.07335340284467758
Chryseobacterium,R3,6,-6,FALSE,0.016672284575840732,0.001036731497868721,581.9006284365137,TRUE,11.332042880178921,10.684363780205555,-0.0811623653727731
Chryseobacterium,R3,6,-3,FALSE,0.016686493942978407,0.0010359297163340722,580.8389536780612,TRUE,11.245941535347052,10.482420717355547,0.003995936806016172
Chryseobacterium,R3,6,0,FALSE,0.01670198265226103,0.0010350113796840244,579.6586541316418,TRUE,11.147323623658496,10.257913820505289,0.09682147735748746
Chryseobacterium,R3,6,3,FALSE,0.01667215823691854,0.0010368281090228008,581.960300630105,TRUE,11.342417714136246,10.695714135335393,-0.08191952844757619
Chryseobacterium,R3,6,6,FALSE,0.016689243957496606,0.0010357633034167306,580.6273649436523,TRUE,11.228070861901344,10.442174044115077,0.020477076681406026
Chryseobacterium,R4,-6,-6,FALSE,0.015770816322989243,6.788354025992364e-4,346.00519467921066,TRUE,0,0,0
Chryseobacterium,R4,-6,-3,FALSE,0.015770816322989243,6.788354025992364e-4,346.00519467921066,TRUE,0,0,0
Chryseobacterium,R4,-6,0,FALSE,0.015770816322989243,6.788354025992364e-4,346.00519467921066,TRUE,0,0,0
Chryseobacterium,R4,-6,3,FALSE,0.015770816322989243,6.788354025992364e-4,346.00519467921066,TRUE,0,0,0
Chryseobacterium,R4,-6,6,FALSE,0.015770816322989243,6.788354025992364e-4,346.00519467921066,TRUE,0,0,0
Chryseobacterium,R4,-3,-6,FALSE,0.015770816322989243,6.788354025992364e-4,346.00519467921066,TRUE,0,0,0
Chryseobacterium,R4,-3,-3,FALSE,0.015770816322989243,6.788354025992364e-4,346.00519467921066,TRUE,0,0,0
Chryseobacterium,R4,-3,0,FALSE,0.015770816322989243,6.788354025992364e-4,346.00519467921066,TRUE,0,0,0
Chryseobacterium,R4,-3,3,FALSE,0.015770816322989243,6.788354025992364e-4,346.00519467921066,TRUE,0,0,0
Chryseobacterium,R4,-3,6,FALSE,0.015770816322989243,6.788354025992364e-4,346.00519467921066,TRUE,0,0,0
Chryseobacterium,R4,0,-6,FALSE,0.015770816322989243,6.788354025992364e-4,346.00519467921066,TRUE,0,0,0
Chryseobacterium,R4,0,-3,FALSE,0.015770816322989243,6.788354025992364e-4,346.00519467921066,TRUE,0,0,0
Chryseobacterium,R4,0,0,TRUE,0.015770816322989243,6.788354025992364e-4,346.00519467921066,TRUE,0,0,0
Chryseobacterium,R4,0,3,FALSE,0.015770816322989243,6.788354025992364e-4,346.00519467921066,TRUE,0,0,0
Chryseobacterium,R4,0,6,FALSE,0.015770816322989243,6.788354025992364e-4,346.00519467921066,TRUE,0,0,0
Chryseobacterium,R4,3,-6,FALSE,0.01576912200100318,7.015169020241998e-4,357.1955733399546,TRUE,3.341236968213022,3.234164929552225,-0.010743400667174005
Chryseobacterium,R4,3,-3,FALSE,0.01576912200100318,7.015169020241998e-4,357.1955733399546,TRUE,3.341236968213022,3.234164929552225,-0.010743400667174005
Chryseobacterium,R4,3,0,FALSE,0.01576912200100318,7.015169020241998e-4,357.1955733399546,TRUE,3.341236968213022,3.234164929552225,-0.010743400667174005
Chryseobacterium,R4,3,3,FALSE,0.01576912200100318,7.015169020241998e-4,357.1955733399546,TRUE,3.341236968213022,3.234164929552225,-0.010743400667174005
Chryseobacterium,R4,3,6,FALSE,0.01576912200100318,7.015169020241998e-4,357.1955733399546,TRUE,3.341236968213022,3.234164929552225,-0.010743400667174005
Chryseobacterium,R4,6,-6,FALSE,0.015766286149419707,7.374092531662354e-4,374.67700826971566,TRUE,8.62857923183173,8.286526916767043,-0.028725041727438443
Chryseobacterium,R4,6,-3,FALSE,0.015766286149419707,7.374092531662354e-4,374.67700826971566,TRUE,8.62857923183173,8.286526916767043,-0.028725041727438443
Chryseobacterium,R4,6,0,FALSE,0.015766286149419707,7.374092531662354e-4,374.67700826971566,TRUE,8.62857923183173,8.286526916767043,-0.028725041727438443
Chryseobacterium,R4,6,3,FALSE,0.015766286149419707,7.374092531662354e-4,374.67700826971566,TRUE,8.62857923183173,8.286526916767043,-0.028725041727438443
Chryseobacterium,R4,6,6,FALSE,0.015766286149419707,7.374092531662354e-4,374.67700826971566,TRUE,8.62857923183173,8.286526916767043,-0.028725041727438443
Chryseobacterium,R5,-6,-6,FALSE,0.015441181155141499,9.763270362573745e-4,380.38019127450013,TRUE,-9.47249689884997,-9.203666016639788,0.16629371421857514
Chryseobacterium,R5,-6,-3,FALSE,0.015451230407130154,9.757395861119236e-4,379.84173834464224,TRUE,-9.52696675668361,-9.332194139752318,0.2314827898592484
Chryseobacterium,R5,-6,0,FALSE,0.015430658609862147,9.769957885613595e-4,380.9655883217739,TRUE,-9.410488499999342,-9.063932384246755,0.09803440487670101
Chryseobacterium,R5,-6,3,FALSE,0.01540329353299293,9.787070061164536e-4,382.480440500703,TRUE,-9.251820096101238,-8.702338832509431,-0.07948169960093392
Chryseobacterium,R5,-6,6,FALSE,0.015412397858070467,9.781504832053652e-4,381.9809108973192,TRUE,-9.303422302829576,-8.821576000332097,-0.02042232515128827
Chryseobacterium,R5,-3,-6,FALSE,0.015406257657684464,0.001027151206372764,400.6430990037229,TRUE,-4.759951771172687,-4.366932191221319,-0.060253547202830104
Chryseobacterium,R5,-3,-3,FALSE,0.015420459831963338,0.0010263038408106144,399.8519390114568,TRUE,-4.838521641417559,-4.555781212647428,0.03187536093607392
Chryseobacterium,R5,-3,0,FALSE,0.01540204886675302,0.0010274514529661069,400.89697639013707,TRUE,-4.732112150430282,-4.306331937852583,-0.08755579723053468
Chryseobacterium,R5,-3,3,FALSE,0.015376305771752799,0.001029093269989148,402.37647118237595,TRUE,-4.579878738750287,-3.9531781554942826,-0.25455017343773206
Chryseobacterium,R5,-3,6,FALSE,0.015388453050088909,0.001028327059581943,401.68111985441993,TRUE,-4.6509236985214315,-4.119157753951622,-0.1757512889859422
Chryseobacterium,R5,0,-6,FALSE,0.015423470593178355,0.0010779478060470229,418.459593889092,TRUE,-0.04996304427327274,-0.11415442536386348,0.05140604250355303
Chryseobacterium,R5,0,-3,FALSE,0.015436577842535819,0.0010771536345623505,417.7072027851221,TRUE,-0.12360062560781727,-0.29374935572358135,0.13643221865770264
Chryseobacterium,R5,0,0,TRUE,0.015415546071012936,0.0010784866508098483,418.9378299615164,TRUE,0,0,0
Chryseobacterium,R5,0,3,FALSE,0.015387180208825292,0.0010803284313855484,420.6194228036578,TRUE,0.17077453618151148,0.40139436495765585,-0.18400815681114083
Chryseobacterium,R5,0,6,FALSE,0.015398744405011955,0.0010795894500933226,419.9378245949052,TRUE,0.10225432856736409,0.23869762095264588,-0.1089917017767789
Chryseobacterium,R5,3,-6,FALSE,0.015437480056481797,0.001132278833482633,437.32536739904225,TRUE,4.987746731254529,4.389084996027914,0.14228484263755825
Chryseobacterium,R5,3,-3,FALSE,0.01544977610361365,0.0011315222321188897,436.59770641618417,TRUE,4.9175927462075055,4.215393118422846,0.22204878401992278
Chryseobacterium,R5,3,0,FALSE,0.015426234485221813,0.0011330398290324189,438.01844028353526,TRUE,5.0583081563045695,4.5545207325324615,0.06933529412218196
Chryseobacterium,R5,3,3,FALSE,0.015395341177265971,0.001135082175351542,439.9083657403756,TRUE,5.247679653632752,5.0056438638605485,-0.13106829724934324
Chryseobacterium,R5,3,6,FALSE,0.015406570306958701,0.0011343549312596525,439.2264877044603,TRUE,5.180247748810985,4.842880325419072,-0.058225404490290844
Chryseobacterium,R5,6,-6,FALSE,0.015427127001714096,0.0011908648790123282,458.78170914063946,TRUE,10.419992506916408,9.51069020975812,0.07512501112715943
Chryseobacterium,R5,6,-3,FALSE,0.015441224743417142,0.0011899826343088856,457.91816796086135,TRUE,10.338188554797005,9.304563878350562,0.1665764695322215
Chryseobacterium,R5,6,0,FALSE,0.015417301853534869,0.0011915523673718543,459.4123522329646,TRUE,10.483738160050809,9.66122402342281,0.011389687487198768
Chryseobacterium,R5,6,3,FALSE,0.015385741837428246,0.0011936765741011404,461.4103988459248,TRUE,10.680699960893778,10.138155555995015,-0.19333881166060427
Chryseobacterium,R5,6,6,FALSE,0.015398453582368963,0.0011928354706715594,460.6103514377252,TRUE,10.602710731360949,9.947185118144347,-0.11087825604901963
Flavobacterium_A,R1,-6,-6,FALSE,0.01811365145928041,0.0011914758532696958,1651.5078032534227,TRUE,-0.5958811127862348,-1.0330475834555193,0.5087718131070585
Flavobacterium_A,R1,-6,-3,FALSE,0.018089273300024876,0.001193328105370903,1656.014692384196,TRUE,-0.4413488261501116,-0.7629713045101766,0.37350262945592166
Flavobacterium_A,R1,-6,0,FALSE,0.018021960802547844,0.0011986181926943813,1668.7467512411115,TRUE,0,0,0
Flavobacterium_A,R1,-6,3,FALSE,0.01799557693322549,0.001200752565218211,1673.8398185321832,TRUE,0.17806942501279993,0.30520312847254005,-0.1463984391677571
Flavobacterium_A,R1,-6,6,FALSE,0.017977330495708134,0.0012022809692085086,1677.4410508913998,TRUE,0.30558325715828705,0.5210077349257441,-0.2476440123729526
Flavobacterium_A,R1,-3,-6,FALSE,0.01811365145928041,0.0011914758532696958,1651.5078032534227,TRUE,-0.5958811127862348,-1.0330475834555193,0.5087718131070585
Flavobacterium_A,R1,-3,-3,FALSE,0.018089273300024876,0.001193328105370903,1656.014692384196,TRUE,-0.4413488261501116,-0.7629713045101766,0.37350262945592166
Flavobacterium_A,R1,-3,0,FALSE,0.018021960802547844,0.0011986181926943813,1668.7467512411115,TRUE,0,0,0
Flavobacterium_A,R1,-3,3,FALSE,0.01799557693322549,0.001200752565218211,1673.8398185321832,TRUE,0.17806942501279993,0.30520312847254005,-0.1463984391677571
Flavobacterium_A,R1,-3,6,FALSE,0.017977330495708134,0.0012022809692085086,1677.4410508913998,TRUE,0.30558325715828705,0.5210077349257441,-0.2476440123729526
Flavobacterium_A,R1,0,-6,FALSE,0.01811365145928041,0.0011914758532696958,1651.5078032534227,TRUE,-0.5958811127862348,-1.0330475834555193,0.5087718131070585
Flavobacterium_A,R1,0,-3,FALSE,0.018089273300024876,0.001193328105370903,1656.014692384196,TRUE,-0.4413488261501116,-0.7629713045101766,0.37350262945592166
Flavobacterium_A,R1,0,0,TRUE,0.018021960802547844,0.0011986181926943813,1668.7467512411115,TRUE,0,0,0
Flavobacterium_A,R1,0,3,FALSE,0.01799557693322549,0.001200752565218211,1673.8398185321832,TRUE,0.17806942501279993,0.30520312847254005,-0.1463984391677571
Flavobacterium_A,R1,0,6,FALSE,0.017977330495708134,0.0012022809692085086,1677.4410508913998,TRUE,0.30558325715828705,0.5210077349257441,-0.2476440123729526
Flavobacterium_A,R1,3,-6,FALSE,0.018127698355718723,0.0012618762450517565,1741.1828999149902,TRUE,5.27758153037683,4.340751442362669,0.5867150324504654
Flavobacterium_A,R1,3,-3,FALSE,0.01810070346965999,0.0012639808568429738,1746.3515933613874,TRUE,5.453168035240925,4.650486484097011,0.4369261922987552
Flavobacterium_A,R1,3,0,FALSE,0.018029266450813226,0.0012697454873171208,1760.3508070960418,TRUE,5.934107713053474,5.489392311134136,0.04053747727799204
Flavobacterium_A,R1,3,3,FALSE,0.0180010324500137,0.0012720925279957357,1765.999903481079,TRUE,6.129919915214285,5.827915599993619,-0.11612694513898522
Flavobacterium_A,R1,3,6,FALSE,0.017981494184955,0.0012737754265881244,1769.9978198644867,TRUE,6.270323139747835,6.067491580017811,-0.224540592648073
Flavobacterium_A,R1,6,-6,FALSE,0.018142749152909064,0.001335230714949018,1834.9713452064696,TRUE,11.397501146511422,9.961043749851822,0.6702286820207874
Flavobacterium_A,R1,6,-3,FALSE,0.01811282449814457,0.0013376214574620522,1840.9030729302938,TRUE,11.596959366619036,10.316503781124547,0.5041831829080458
Flavobacterium_A,R1,6,0,FALSE,0.018036863601975654,0.0013439072160302068,1856.3197359387518,TRUE,12.121376450096205,11.240350553979209,0.08269244168871161
Flavobacterium_A,R1,6,3,FALSE,0.018006607762278203,0.001346488428436433,1862.5921092091105,TRUE,12.336725459643938,11.616223841264633,-0.085190731673717
Flavobacterium_A,R1,6,6,FALSE,0.017985668154227925,0.0013483407380189957,1867.0327496941845,TRUE,12.491262541915214,11.882330156184578,-0.20138013126067836
Flavobacterium_A,R2,-6,-6,FALSE,0.01575307918469812,0.0019159495944294001,1574.8162463649755,TRUE,-10.401253086846129,-9.879519444487205,0.48396314618404634
Flavobacterium_A,R2,-6,-3,FALSE,0.015729985387567955,0.0019182603623553807,1578.7950066480566,TRUE,-10.29319079169132,-9.65183079220532,0.3366550400972618
Flavobacterium_A,R2,-6,0,FALSE,0.01574909468618027,0.0019162540535456378,1575.424700262123,TRUE,-10.38701515731996,-9.8447000439804,0.45854727684641045
Flavobacterium_A,R2,-6,3,FALSE,0.015775456349350486,0.0019134586991424569,1570.7616073077122,TRUE,-10.517738978255222,-10.11155033771882,0.6267000779217156
Flavobacterium_A,R2,-6,6,FALSE,0.015781842067965946,0.0019127790562938666,1569.6315575775013,TRUE,-10.549522250507911,-10.176218596617787,0.6674325789454557
Flavobacterium_A,R2,-3,-6,FALSE,0.015657486072266198,0.002027250016822681,1670.9686218126062,TRUE,-5.196325772298167,-4.3771007960283805,-0.1257954079384275
Flavobacterium_A,R2,-3,-3,FALSE,0.01564401070292978,0.0020286198412791,1673.3841083676375,TRUE,-5.1322663862146305,-4.23887209181145,-0.21175057263391886
Flavobacterium_A,R2,-3,0,FALSE,0.01567386843503833,0.002025427487252652,1667.9062709112916,TRUE,-5.281555762774704,-4.552346978237324,-0.021297441684236165
Flavobacterium_A,R2,-3,3,FALSE,0.015709914901902378,0.0020215115771737998,1661.2605671747378,TRUE,-5.464681997989804,-4.932654214557889,0.20863169188068442
Flavobacterium_A,R2,-3,6,FALSE,0.015723713696557957,0.0020199782212975198,1658.693737552911,TRUE,-5.536388876649901,-5.0795436815399,0.29664988549072396
Flavobacterium_A,R2,0,-6,FALSE,0.01566035452341136,0.002140284001694753,1750.7065156068848,TRUE,0.08967101623125472,0.18598224544502448,-0.10749845559166868
Flavobacterium_A,R2,0,-3,FALSE,0.01564575787500712,0.0021417950719187216,1753.4025687189044,TRUE,0.16033571375722896,0.34026665965475983,-0.2006059086243681
Flavobacterium_A,R2,0,0,TRUE,0.015677207279116315,0.0021383665067174307,1747.4565566646236,TRUE,0,0,0
Flavobacterium_A,R2,0,3,FALSE,0.015714874469500185,0.0021341932692308953,1740.3011282570544,TRUE,-0.19516006603290784,-0.40947675524630794,0.2402672217904951
Flavobacterium_A,R2,0,6,FALSE,0.01572885166907842,0.0021326095550265197,1737.6230903455057,TRUE,-0.2692219351933435,-0.562730231067205,0.32942340458112085
Flavobacterium_A,R2,3,-6,FALSE,0.015620067747584216,0.002264823555499119,1843.898358042308,TRUE,5.91372191738124,5.518981345193682,-0.36447519328404165
Flavobacterium_A,R2,3,-3,FALSE,0.015609325530789147,0.0022659516015633746,1845.9480798852721,TRUE,5.966474617197294,5.636278787304428,-0.43299643309298935
Flavobacterium_A,R2,3,0,FALSE,0.015646939721647383,0.002261770400435115,1838.5908464085526,TRUE,5.770942134102141,5.215253529270985,-0.193067278693522
Flavobacterium_A,R2,3,3,FALSE,0.015690199005897486,0.0022568742542869356,1830.0870600291844,TRUE,5.541975484428256,4.728615601310166,0.08287016016224205
Flavobacterium_A,R2,3,6,FALSE,0.01570767705892476,0.0022548448716643126,1826.618533965141,TRUE,5.447072079598077,4.5301256273640496,0.1943571917240271
Flavobacterium_A,R2,6,-6,FALSE,0.015555717011638595,0.0023945818658692463,1947.2046204131955,TRUE,11.981826237314548,11.430788535872486,-0.77494840321183
Flavobacterium_A,R2,6,-3,FALSE,0.01555204202532584,0.002394961418874033,1947.9217595768837,TRUE,11.99957590761635,11.471827562619854,-0.7983899910362734
Flavobacterium_A,R2,6,0,FALSE,0.015598841304905253,0.002389669057195841,1938.4331069514842,TRUE,11.752080370178476,10.928829650070284,-0.4998720296022021
Flavobacterium_A,R2,6,3,FALSE,0.01565024833801468,0.0023837364863312357,1927.9562283516811,TRUE,11.474645662612266,10.329279489017908,-0.1719626501178357
Flavobacterium_A,R2,6,6,FALSE,0.01567324275159489,0.0023810054959970757,1923.2219307395144,TRUE,11.34693180600345,10.058354435453023,-0.025288480600149217
Flavobacterium_A,R3,-6,-6,FALSE,0.024193886884332112,0.0010980025806867683,1885.8439449627035,TRUE,-14.268007005536047,-13.88170159188865,0.13485271010426916
Flavobacterium_A,R3,-6,-3,FALSE,0.024197817209586896,0.0010977214491908348,1884.9012076304864,TRUE,-14.289957740319219,-13.924752309374156,0.15111973418238372
Flavobacterium_A,R3,-6,0,FALSE,0.024180778981154744,0.0010988920529450713,1888.907838083722,TRUE,-14.198557050901234,-13.741786906587556,0.08060107371863066
Flavobacterium_A,R3,-6,3,FALSE,0.02414698037905092,0.001101302618728622,1897.0269704037805,TRUE,-14.010340181011186,-13.371021413598916,-0.059286248217452965
Flavobacterium_A,R3,-6,6,FALSE,0.02414306660782573,0.001101574259355043,1897.9558897864633,TRUE,-13.989130492900271,-13.3286017018255,-0.07548475766115458
Flavobacterium_A,R3,-3,-6,FALSE,0.024194133466893832,0.0011857762587223742,2027.7449494076066,TRUE,-7.414642102021677,-7.401699321372796,0.13587327817655767
Flavobacterium_A,R3,-3,-3,FALSE,0.024198222277662204,0.0011854708605304584,2026.7082724987038,TRUE,-7.438487579355136,-7.449039851129861,0.1527962499176364
Flavobacterium_A,R3,-3,0,FALSE,0.024180435079445634,0.0011867452079551194,2031.1281586191108,TRUE,-7.338986588733407,-7.2472028577435355,0.07917771635761123
Flavobacterium_A,R3,-3,3,FALSE,0.024145358333059377,0.0011893562241591337,2040.0337006504183,TRUE,-7.135118558868692,-6.840525450428538,-0.06599965219543975
Flavobacterium_A,R3,-3,6,FALSE,0.02414151416162626,0.001189633292386368,2040.9958789783648,TRUE,-7.113485083926051,-6.796586947145037,-0.08191009858579847
Flavobacterium_A,R3,0,-6,FALSE,0.024169599153648406,0.001280129669738754,2187.66210237232,TRUE,-0.047531938035955144,-0.09897783353348563,0.034329452047270066
Flavobacterium_A,R3,0,-3,FALSE,0.024177123988856717,0.0012795606816119749,2185.6686459094954,TRUE,-0.09195850583913956,-0.190010328023645,0.06547361126626472
Flavobacterium_A,R3,0,0,TRUE,0.024161304710133946,0.0012807384295354834,2189.8295482172216,TRUE,0,0,0
Flavobacterium_A,R3,0,3,FALSE,0.024127227111968495,0.0012833798081207564,2198.9922096431374,TRUE,0.20623872325210163,0.4184189328057629,-0.14104204460100406
Flavobacterium_A,R3,0,6,FALSE,0.02412552000425536,0.0012834940977484162,2199.421076573944,TRUE,0.2151624523309002,0.43800342198008163,-0.14810750622906604
Flavobacterium_A,R3,3,-6,FALSE,0.024189685361372407,0.0013812082627716181,2345.8956792483473,TRUE,7.844680140704032,7.1268620499792705,0.11746323958472653
Flavobacterium_A,R3,3,-3,FALSE,0.024194942877552736,0.0013807862174676417,2344.4136749401414,TRUE,7.811726862013903,7.059185352977332,0.13922330694617188
Flavobacterium_A,R3,3,0,FALSE,0.024176099054861885,0.0013822477885820426,2349.641871240614,TRUE,7.925846270059698,7.297934359936749,0.06123156388046377
Flavobacterium_A,R3,3,3,FALSE,0.02413867222987483,0.0013852701535243168,2360.256206688156,TRUE,8.161832391235931,7.782644937350568,-0.09367242593328418
Flavobacterium_A,R3,3,6,FALSE,0.02413548195503242,0.0013855128353646082,2361.137200722423,TRUE,8.180780978605126,7.822876106711871,-0.10687649285220058
Flavobacterium_A,R3,6,-6,FALSE,0.024187943377731218,0.0014910667978123762,2523.047990443224,TRUE,16.422429703556073,15.216638322251221,0.11025343174492785
Flavobacterium_A,R3,6,-3,FALSE,0.024193709968598265,0.0014905863352943857,2521.3323675386077,TRUE,16.384915211376377,15.138293279094182,0.13412048253638775
Flavobacterium_A,R3,6,0,FALSE,0.024174127117214454,0.0014921649127331291,2527.0723467270395,TRUE,16.508170468057944,15.400413186696342,0.05307001105420124
Flavobacterium_A,R3,6,3,FALSE,0.024135265118442786,0.0014954300175392123,2538.718426973375,TRUE,16.763109707077064,15.93223906583002,-0.10777394682762362
Flavobacterium_A,R3,6,6,FALSE,0.024132389094261738,0.001495653117557679,2539.5504799039577,TRUE,16.780529346663243,15.970235307649856,-0.11967737760486188
Flavobacterium_A,R4,-6,-6,FALSE,0.023562129067584522,0.0013261365357224444,1300.0635974784584,TRUE,-11.94333025827212,-11.599872089406501,0.19840550338778376
Flavobacterium_A,R4,-6,-3,FALSE,0.023576561559186176,0.0013253030166131676,1297.989420578569,TRUE,-11.998676683735788,-11.740909422976221,0.2597799505686285
Flavobacterium_A,R4,-6,0,FALSE,0.02354503298091357,0.0013271283626563343,1302.5285926051133,TRUE,-11.877472049553877,-11.432260378011824,0.12570406711843377
Flavobacterium_A,R4,-6,3,FALSE,0.02348675963414018,0.0013306899354967679,1311.1385920501268,TRUE,-11.640980380013747,-10.84680820957516,-0.12210445703027652
Flavobacterium_A,R4,-6,6,FALSE,0.023526838829816762,0.0013281427241984471,1305.1157894629114,TRUE,-11.810117522394366,-11.25633934337719,0.04833309083022238
Flavobacterium_A,R4,-3,-6,FALSE,0.02363633433594621,0.001391641655379745,1350.5993108272783,TRUE,-7.593730852270581,-8.163606715348301,0.5139648294769154
Flavobacterium_A,R4,-3,-3,FALSE,0.023640424666032306,0.0013913732962705042,1349.9684671274817,TRUE,-7.611550140720937,-8.20650205051634,0.5313590365722816
Flavobacterium_A,R4,-3,0,FALSE,0.02359819465482189,0.0013938662815164643,1356.2231521210408,TRUE,-7.446013657439509,-7.781203661619444,0.35177510442690085
Flavobacterium_A,R4,-3,3,FALSE,0.02352986421464142,0.0013981263449518227,1366.6169370584335,TRUE,-7.163141578357694,-7.074459837915132,0.06119859778824892
Flavobacterium_A,R4,-3,6,FALSE,0.02356555399726206,0.0013958056999683526,1361.0866378816509,TRUE,-7.317234511771903,-7.450502329651411,0.21297008249123492
Flavobacterium_A,R4,0,-6,FALSE,0.023524924580250874,0.0015054109261933761,1469.1477693247741,TRUE,-0.03934799882216156,-0.10269422221470079,0.0401927078585769
Flavobacterium_A,R4,0,-3,FALSE,0.023546556500833992,0.0015041109229184191,1465.750948770713,TRUE,-0.12566939632720095,-0.3336670546597799,0.13218286478315733
Flavobacterium_A,R4,0,0,TRUE,0.023515473074856335,0.0015060035084361373,1470.658050170835,TRUE,0,0,0
Flavobacterium_A,R4,0,3,FALSE,0.02345466634197876,0.0015099257721429506,1480.513955109776,TRUE,0.2604418704765328,0.67016972013284,-0.25858179711719936
Flavobacterium_A,R4,0,6,FALSE,0.023503362062499443,0.0015066570636372816,1472.4918649109325,TRUE,0.04339665860559889,0.1246934826137526,-0.051502312193929596
Flavobacterium_A,R4,3,-6,FALSE,0.023651109920835252,0.0016148308500563244,1553.6411827260672,TRUE,7.226234269081852,5.642585137013513,0.576798287438857
Flavobacterium_A,R4,3,-3,FALSE,0.02365432208242248,0.001614590218824097,1553.0750395356242,TRUE,7.210256136834519,5.604089227622666,0.5904580661598866
Flavobacterium_A,R4,3,0,FALSE,0.02360412728160998,0.0016177220391920336,1561.335037285217,TRUE,7.418211852102982,6.165742410606512,0.37700371356100215
Flavobacterium_A,R4,3,3,FALSE,0.023525507110888574,0.0016229217620339445,1574.6348022724414,TRUE,7.763478168733971,7.070083496943993,0.04266993056145454
Flavobacterium_A,R4,3,6,FALSE,0.023566969444157475,0.0016200543728753442,1567.487667249366,TRUE,7.573080925796749,6.584101386946011,0.2189892975455458
Flavobacterium_A,R4,6,-6,FALSE,0.023700712701064185,0.0017384920013922577,1658.4681161579852,TRUE,15.43744696833681,12.770478219959683,0.7877350611581578
Flavobacterium_A,R4,6,-3,FALSE,0.023696339184722616,0.0017387000866288104,1659.153234033695,TRUE,15.451264016928466,12.81706402388809,0.769136599083223
Flavobacterium_A,R4,6,0,FALSE,0.02363564750358554,0.0017425833477059107,1669.6414465070884,TRUE,15.709116077388323,13.53022861522018,0.5110440616978308
Flavobacterium_A,R4,6,3,FALSE,0.02354632915278466,0.0017486517933867909,1685.522955420804,TRUE,16.112066379089924,14.610119954465954,0.13121606284552598
Flavobacterium_A,R4,6,6,FALSE,0.02358764029837064,0.0017457092294872027,1678.03079065756,TRUE,15.916677465112976,14.1006769359224,0.3068925013099981
Flavobacterium_A,R5,-6,-6,FALSE,0.021311945170167403,0.0013072207939596556,1742.169317352712,TRUE,-12.499334610693856,-11.645541350892307,-0.14314163716645298
Flavobacterium_A,R5,-6,-3,FALSE,0.02130992851315811,0.0013074298222513952,1742.6976473147458,TRUE,-12.48534300751793,-11.618746993237941,-0.15259065891156548
Flavobacterium_A,R5,-6,0,FALSE,0.0213346373708056,0.0013053910412074991,1736.9272923105225,TRUE,-12.62181168882129,-11.911391679109254,-0.03681760869431298
Flavobacterium_A,R5,-6,3,FALSE,0.021387059293896515,0.001300963672879075,1724.5991289586782,TRUE,-12.918163824933815,-12.536616901618121,0.20880467061429833
Flavobacterium_A,R5,-6,6,FALSE,0.02138881280811674,0.0013008283034010965,1724.2047911614352,TRUE,-12.92722497164388,-12.556615820353086,0.21702074004053676
Flavobacterium_A,R5,-3,-6,FALSE,0.021311250555263932,0.0013988636933242036,1857.394892195224,TRUE,-6.365088039910916,-5.801853721717251,-0.14639624679869337
Flavobacterium_A,R5,-3,-3,FALSE,0.021309124919694788,0.0013990925116249278,1857.9793762028157,TRUE,-6.349771764604456,-5.7722115006280275,-0.1563558862527303
Flavobacterium_A,R5,-3,0,FALSE,0.0213349756591707,0.0013968851352164937,1851.6430169982339,TRUE,-6.497525614141676,-6.093561200539989,-0.03523256269829142
Flavobacterium_A,R5,-3,3,FALSE,0.021389478109199795,0.0013921188774289692,1838.1910764182455,TRUE,-6.816561793609166,-6.775779005598604,0.22013800012584467
Flavobacterium_A,R5,-3,6,FALSE,0.021390982379187354,0.0013920025014417068,1837.8409191854014,TRUE,-6.824351584261103,-6.79353729834424,0.22718623874919924
Flavobacterium_A,R5,0,-6,FALSE,0.021319680858824085,0.0014959192888744565,1977.5917030423093,TRUE,0.13146497519099531,0.29395111651785827,-0.10689616260458261
Flavobacterium_A,R5,0,-3,FALSE,0.021316341778045665,0.0014962632594942658,1978.5158919502996,TRUE,0.1544891331960951,0.3408215382625584,-0.12254138474129785
Flavobacterium_A,R5,0,0,TRUE,0.02134249516716185,0.0014939552609612692,1971.7955878962384,TRUE,0,0,0
Flavobacterium_A,R5,0,3,FALSE,0.021398429324172265,0.0014888974223739773,1957.3236855977739,TRUE,-0.338553551064011,-0.7339453636725608,0.2620788083694987
Flavobacterium_A,R5,0,6,FALSE,0.021398924354337573,0.0014888734016456626,1957.2232478035173,TRUE,-0.34016141235292063,-0.7390390861087546,0.26439826615280926
Flavobacterium_A,R5,3,-6,FALSE,0.021349078072722374,0.001599989548829748,2099.347612555549,TRUE,7.097554434143636,6.468825949417972,0.030844123468058902
Flavobacterium_A,R5,3,-3,FALSE,0.02134180214242015,0.0016006958612333243,2101.3606991373454,TRUE,7.1448324498937135,6.570920030272683,-0.003247158948723002
Flavobacterium_A,R5,3,0,FALSE,0.021366063167217116,0.0015984839478208526,2094.841837523646,TRUE,6.9967749095997345,6.2403146848852105,0.11042757592621495
Flavobacterium_A,R5,3,3,FALSE,0.021421633564637086,0.0015932908086727217,2079.8059333465562,TRUE,6.649164824891482,5.477765855311449,0.37080199318494256
Flavobacterium_A,R5,3,6,FALSE,0.02141935845732669,0.0015935375511449172,2080.4643862135026,TRUE,6.665680879866025,5.51115942161154,0.3601420057159201
Flavobacterium_A,R5,6,-6,FALSE,0.021365361465536237,0.0017131929476600222,2233.079385586424,TRUE,14.674983409990928,13.25105904963284,0.10713976128512974
Flavobacterium_A,R5,6,-3,FALSE,0.021355525674219406,0.0017141600566993426,2235.9023900471666,TRUE,14.739718215951463,13.394228274580469,0.06105428140194893
Flavobacterium_A,R5,6,0,FALSE,0.021379262606428324,0.0017119242936244597,2229.2222875867005,TRUE,14.590064264905806,13.055445568022472,0.17227338686736746
Flavobacterium_A,R5,6,3,FALSE,0.021435778683571275,0.001706465468005222,2213.2065132450925,TRUE,14.224670081968538,12.243202430857545,0.43707877489860597
Flavobacterium_A,R5,6,6,FALSE,0.021431654808700334,0.00170690925885226,2214.4310081045805,TRUE,14.254375847504825,12.305302927836264,0.41775640964261473
Flavobacterium_B,R1,-6,-6,FALSE,0.016080153183290515,0.0014614250754905371,5597.503924479792,TRUE,-10.021652689396124,-8.96119740610326,-0.1253774680717302
Flavobacterium_B,R1,-6,-3,FALSE,0.016091504538598662,0.0014602417463608175,5590.049994368306,TRUE,-10.094508972761135,-9.082429455445913,-0.05487364178946036
Flavobacterium_B,R1,-6,0,FALSE,0.016088348712620944,0.0014605738035338828,5592.133434080735,TRUE,-10.074064574929093,-9.048544020213505,-0.0744746321972234
Flavobacterium_B,R1,-6,3,FALSE,0.016093940688437756,0.001459971280613787,5588.387911710183,TRUE,-10.11116125369573,-9.109461864364082,-0.039742595285278765
Flavobacterium_B,R1,-6,6,FALSE,0.016087196831409325,0.0014607245217621502,5593.007032002547,TRUE,-10.064785018066052,-9.03433566773653,-0.08162902307277814
Flavobacterium_B,R1,-3,-6,FALSE,0.016080851306941316,0.0015393335974372617,5873.576643001682,TRUE,-5.224910000534564,-4.471101452233862,-0.12104138773035063
Flavobacterium_B,R1,-3,-3,FALSE,0.016092602113607163,0.001538079194039666,5865.616754219315,TRUE,-5.302142249022283,-4.600562503678254,-0.04805654941322362
Flavobacterium_B,R1,-3,0,FALSE,0.01608922703975713,0.0015384430786230308,5867.916001204016,TRUE,-5.279738272265564,-4.563167140462996,-0.06901929914248414
Flavobacterium_B,R1,-3,3,FALSE,0.016094941607135232,0.001537812355930207,5863.967634340048,TRUE,-5.318571180269788,-4.627384083648158,-0.03352584001210657
Flavobacterium_B,R1,-3,6,FALSE,0.01608786721325892,0.0015386226949527769,5868.968435973696,TRUE,-5.268679490825728,-4.546050153582319,-0.07746524842353446
Flavobacterium_B,R1,0,-6,FALSE,0.016094083742294395,0.0016248743170530267,6152.819219860563,TRUE,0.04173877118081435,0.07054964322817579,-0.03885408074373825
Flavobacterium_B,R1,0,-3,FALSE,0.016105041672883957,0.0016236740711904132,6145.173949163454,TRUE,-0.03215905697031633,-0.05379440354007285,0.029206165255714955
Flavobacterium_B,R1,0,0,TRUE,0.016100339381157566,0.0016241963974351742,6148.481488106753,TRUE,0,0,0
Flavobacterium_B,R1,0,3,FALSE,0.01610521258638844,0.0016236467549181478,6145.022220354497,TRUE,-0.0338408900484193,-0.05626214796201922,0.030267717440640576
Flavobacterium_B,R1,0,6,FALSE,0.016096915110531313,0.001624624442336501,6151.07132514763,TRUE,0.026354257527153428,0.042121571739077296,-0.02126831332673592
Flavobacterium_B,R1,3,-6,FALSE,0.016074326476403594,0.0017156300635772855,6474.179673754246,TRUE,5.62947105944191,5.297213405903617,-0.16156743120840816
Flavobacterium_B,R1,3,-3,FALSE,0.01608773486937381,0.0017141252573769834,6464.510016984026,TRUE,5.536821783610589,5.139944382829796,-0.07828724280500789
Flavobacterium_B,R1,3,0,FALSE,0.016084545574132143,0.0017144860234443924,6466.81986080567,TRUE,5.559033756742573,5.177512094891903,-0.09809611245776556
Flavobacterium_B,R1,3,3,FALSE,0.01609113805172104,0.0017137189936414854,6461.965531193316,TRUE,5.511808568697694,5.098560411915476,-0.05714990981677971
Flavobacterium_B,R1,3,6,FALSE,0.016083871783406235,0.0017145960966024646,6467.435624277444,TRUE,5.565810840982269,5.187526981867897,-0.10228105980550006
Flavobacterium_B,R1,6,-6,FALSE,0.016062986246105315,0.0018095936220923986,6806.281127020643,TRUE,11.414704831878193,10.698570698900163,-0.23200215950705905
Flavobacterium_B,R1,6,-3,FALSE,0.01607816107245546,0.0018078515215604247,6794.980768862474,TRUE,11.307445602961979,10.514779657485668,-0.13775056647602268
Flavobacterium_B,R1,6,0,FALSE,0.016075804856442583,0.0018081220145687406,6796.734553297861,TRUE,11.324099562344173,10.543303520471657,-0.1523851400529855
Flavobacterium_B,R1,6,3,FALSE,0.01608352950394905,0.0018071998256107597,6790.8530204739645,TRUE,11.267321394418346,10.447645221178197,-0.10440697435353456
Flavobacterium_B,R1,6,6,FALSE,0.016076722086374173,0.0018080406200330456,6796.141651267669,TRUE,11.319088189592485,10.533660456060733,-0.14668817982204677
Flavobacterium_B,R2,-6,-6,FALSE,0.01477724262485252,0.001905830309540099,6159.249762600641,TRUE,-9.4348197600448,-8.197861970654412,-0.18661030629374828
Flavobacterium_B,R2,-6,-3,FALSE,0.014772422280187656,0.0019063632196872874,6162.607110389952,TRUE,-9.409495835196806,-8.147821508415264,-0.21916948886295232
Flavobacterium_B,R2,-6,0,FALSE,0.01479390465693673,0.0019040825553925732,6147.959610892408,TRUE,-9.517873150786599,-8.366138969548803,-0.07406604186424155
Flavobacterium_B,R2,-6,3,FALSE,0.01478825820062164,0.0019046882958655919,6151.827365120942,TRUE,-9.489088324119207,-8.308491021951765,-0.11220522377216062
Flavobacterium_B,R2,-6,6,FALSE,0.014818779945401315,0.0019013015266942158,6130.579269205259,TRUE,-9.65002781537476,-8.625188786987467,0.09395494312541913
Flavobacterium_B,R2,-3,-6,FALSE,0.014778525004852184,0.0020034617961275816,6437.405752922743,TRUE,-4.795365168715612,-4.052013758378458,-0.17794842681519263
Flavobacterium_B,R2,-3,-3,FALSE,0.014773226345518774,0.002004056417371139,6441.194920830603,TRUE,-4.767108728555267,-3.99553712101169,-0.21373840213916548
Flavobacterium_B,R2,-3,0,FALSE,0.014795883772842492,0.0020016095842764546,6425.311371277939,TRUE,-4.883382396325125,-4.232277611271333,-0.0606980359266138
Flavobacterium_B,R2,-3,3,FALSE,0.014789728565336826,0.0020022815149624285,6429.646596538807,TRUE,-4.851452206433946,-4.167662120241383,-0.10227359511621699
Flavobacterium_B,R2,-3,6,FALSE,0.014821686439139675,0.0019986707896704294,6406.7707491274105,TRUE,-5.023034107104717,-4.508621130273891,0.11358695428704851
Flavobacterium_B,R2,0,-6,FALSE,0.014788581752146387,0.0021061457250716037,6720.937885093195,TRUE,0.08418181194198011,0.17396455659675164,-0.11001978395463168
Flavobacterium_B,R2,0,-3,FALSE,0.014781768564778187,0.002106911905475668,6725.905034333571,TRUE,0.12059075456559812,0.24799872272948026,-0.15603969058421596
Flavobacterium_B,R2,0,0,TRUE,0.014804870038177154,0.002104374224719195,6709.266140001845,TRUE,0,0,0
Flavobacterium_B,R2,0,3,FALSE,0.014797405482719158,0.0021052033591000886,6714.668275748184,TRUE,0.03940051969625973,0.08051753550407548,-0.05041959462492568
Flavobacterium_B,R2,0,6,FALSE,0.014830275389152018,0.002101424227084346,6690.497178408887,TRUE,-0.140184079437813,-0.27974686353630496,0.17160131030770398
Flavobacterium_B,R2,3,-6,FALSE,0.01479958726817066,0.002215458186923195,7016.559483724367,TRUE,5.278717107401495,4.580133464826862,-0.0356826503229716
Flavobacterium_B,R2,3,-3,FALSE,0.01479098119696624,0.002216430750813996,7022.966124889648,TRUE,5.324933406735381,4.67562291228049,-0.09381265201989968
Flavobacterium_B,R2,3,0,FALSE,0.014814494271916624,0.0022138037068578182,7005.568250544974,TRUE,5.200096107108767,4.416311774793412,0.06500721529234857
Flavobacterium_B,R2,3,3,FALSE,0.014805522117903173,0.0022148174155468556,7012.238734751063,TRUE,5.2482676099303545,4.515733739385312,0.004404494766505682
Flavobacterium_B,R2,3,6,FALSE,0.014839339293035752,0.002210861693500395,6986.695896876304,TRUE,5.060291441053424,4.135023877207268,0.2328237584640243
Flavobacterium_B,R2,6,-6,FALSE,0.014798241633032663,0.0023311392701590755,7336.286536060024,TRUE,10.775889705175404,9.34558836949054,-0.04477178879245897
Flavobacterium_B,R2,6,-3,FALSE,0.014789123585714272,0.00233218659452509,7343.2675690205115,TRUE,10.825658627152881,9.449638988661315,-0.10635995062622439
Flavobacterium_B,R2,6,0,FALSE,0.014814390430825863,0.0023293204161682324,7324.048542780336,TRUE,10.689457645255747,9.163184019680607,0.06430581710044914
Flavobacterium_B,R2,6,3,FALSE,0.014804879098686798,0.002330411943075354,7331.318279988597,TRUE,10.74132707486099,9.271537706306892,6.119952165248997e-5
Flavobacterium_B,R2,6,6,FALSE,0.014840720176490114,0.0023261496470108885,7303.485008817683,TRUE,10.538782488712853,8.85668948609742,0.2421509828895097
Flavobacterium_B,R3,-6,-6,FALSE,0.014164977287817088,0.0016228354775983686,4120.155535920062,TRUE,-9.028205053810495,-7.850777963897765,-0.15359905944413815
Flavobacterium_B,R3,-6,-3,FALSE,0.014164977287817088,0.0016228354775983686,4120.155535920062,TRUE,-9.028205053810495,-7.850777963897765,-0.15359905944413815
Flavobacterium_B,R3,-6,0,FALSE,0.014164977287817088,0.0016228354775983686,4120.155535920062,TRUE,-9.028205053810495,-7.850777963897765,-0.15359905944413815
Flavobacterium_B,R3,-6,3,FALSE,0.014164977287817088,0.0016228354775983686,4120.155535920062,TRUE,-9.028205053810495,-7.850777963897765,-0.15359905944413815
Flavobacterium_B,R3,-6,6,FALSE,0.014164977287817088,0.0016228354775983686,4120.155535920062,TRUE,-9.028205053810495,-7.850777963897765,-0.15359905944413815
Flavobacterium_B,R3,-3,-6,FALSE,0.014176323925163789,0.001700415466343192,4291.6648892969,TRUE,-4.67927940765302,-4.014890374750896,-0.073618634567628
Flavobacterium_B,R3,-3,-3,FALSE,0.014176323925163789,0.001700415466343192,4291.6648892969,TRUE,-4.67927940765302,-4.014890374750896,-0.073618634567628
Flavobacterium_B,R3,-3,0,FALSE,0.014176323925163789,0.001700415466343192,4291.6648892969,TRUE,-4.67927940765302,-4.014890374750896,-0.073618634567628
Flavobacterium_B,R3,-3,3,FALSE,0.014176323925163789,0.001700415466343192,4291.6648892969,TRUE,-4.67927940765302,-4.014890374750896,-0.073618634567628
Flavobacterium_B,R3,-3,6,FALSE,0.014176323925163789,0.001700415466343192,4291.6648892969,TRUE,-4.67927940765302,-4.014890374750896,-0.073618634567628
Flavobacterium_B,R3,0,-6,FALSE,0.014186768030076808,0.0017838885981729699,4471.177775441085,TRUE,0,0,0
Flavobacterium_B,R3,0,-3,FALSE,0.014186768030076808,0.0017838885981729699,4471.177775441085,TRUE,0,0,0
Flavobacterium_B,R3,0,0,TRUE,0.014186768030076808,0.0017838885981729699,4471.177775441085,TRUE,0,0,0
Flavobacterium_B,R3,0,3,FALSE,0.014186768030076808,0.0017838885981729699,4471.177775441085,TRUE,0,0,0
Flavobacterium_B,R3,0,6,FALSE,0.014186768030076808,0.0017838885981729699,4471.177775441085,TRUE,0,0,0
Flavobacterium_B,R3,3,-6,FALSE,0.014182862758643161,0.0018729904115542201,4668.258420559245,TRUE,4.994808166412795,4.407801590906717,-0.027527562481935337
Flavobacterium_B,R3,3,-3,FALSE,0.014182862758643161,0.0018729904115542201,4668.258420559245,TRUE,4.994808166412795,4.407801590906717,-0.027527562481935337
Flavobacterium_B,R3,3,0,FALSE,0.014182862758643161,0.0018729904115542201,4668.258420559245,TRUE,4.994808166412795,4.407801590906717,-0.027527562481935337
Flavobacterium_B,R3,3,3,FALSE,0.014182862758643161,0.0018729904115542201,4668.258420559245,TRUE,4.994808166412795,4.407801590906717,-0.027527562481935337
Flavobacterium_B,R3,3,6,FALSE,0.014182862758643161,0.0018729904115542201,4668.258420559245,TRUE,4.994808166412795,4.407801590906717,-0.027527562481935337
Flavobacterium_B,R3,6,-6,FALSE,0.014172784414592306,0.001966538429418606,4878.235408010289,TRUE,10.23885860544785,9.104035961286444,-0.09856801390462008
Flavobacterium_B,R3,6,-3,FALSE,0.014172784414592306,0.001966538429418606,4878.235408010289,TRUE,10.23885860544785,9.104035961286444,-0.09856801390462008
Flavobacterium_B,R3,6,0,FALSE,0.014172784414592306,0.001966538429418606,4878.235408010289,TRUE,10.23885860544785,9.104035961286444,-0.09856801390462008
Flavobacterium_B,R3,6,3,FALSE,0.014172784414592306,0.001966538429418606,4878.235408010289,TRUE,10.23885860544785,9.104035961286444,-0.09856801390462008
Flavobacterium_B,R3,6,6,FALSE,0.014172784414592306,0.001966538429418606,4878.235408010289,TRUE,10.23885860544785,9.104035961286444,-0.09856801390462008
Flavobacterium_B,R4,-6,-6,FALSE,0.015013331053306364,0.0016983345530132783,6221.206126585683,TRUE,-9.833357983269888,-9.004954678782042,0.2292546324603566
Flavobacterium_B,R4,-6,-3,FALSE,0.01497733595094295,0.0017019994085321732,6247.896807041674,TRUE,-9.638786357185422,-8.614560978858135,-0.01104928593685351
Flavobacterium_B,R4,-6,0,FALSE,0.014996422472852579,0.00169996327132781,6233.392955583162,TRUE,-9.74688735181986,-8.826702900206726,0.11637266044771294
Flavobacterium_B,R4,-6,3,FALSE,0.014990202495574747,0.001700667773772365,6238.267041978032,TRUE,-9.709484462262314,-8.755411625914212,0.07484798586521217
Flavobacterium_B,R4,-6,6,FALSE,0.015003552772596969,0.0016991947522891902,6227.952169349329,TRUE,-9.787688960027925,-8.906283061972305,0.16397466337089822
Flavobacterium_B,R4,-3,-6,FALSE,0.015013811864552239,0.0017873405276192962,6507.3808047200455,TRUE,-5.107922800071186,-4.819194349231153,0.23246453655304855
Flavobacterium_B,R4,-3,-3,FALSE,0.014975941835679248,0.001791273041916043,6536.298676862911,TRUE,-4.899140844718912,-4.396224424639158,-0.02035642325745028
Flavobacterium_B,R4,-3,0,FALSE,0.014996143107039844,0.001789072996319068,6520.487946225513,TRUE,-5.015943934787922,-4.6274815348582585,0.11450760950859834
Flavobacterium_B,R4,-3,3,FALSE,0.014989627532963817,0.0017898275013969042,6525.748092864481,TRUE,-4.975886344761067,-4.550543514791108,0.07100952565072517
Flavobacterium_B,R4,-3,6,FALSE,0.01500363270322151,0.0017882486301308415,6514.601657041991,TRUE,-5.059710535928224,-4.713577886615434,0.16450828158604372
Flavobacterium_B,R4,0,-6,FALSE,0.014993247021138934,0.0018821611227872275,6826.069378852568,TRUE,-0.07378235633418566,-0.15786652043303487,0.09517329055105594
Flavobacterium_B,R4,0,-3,FALSE,0.01495558730050304,0.001886148247943662,6855.758502104184,TRUE,0.13789895581851833,0.27638417964957546,-0.15624364787521208
Flavobacterium_B,R4,0,0,TRUE,0.014978991022491481,0.001883550850987839,6836.862495781449,TRUE,0,0,0
Flavobacterium_B,R4,0,3,FALSE,0.014973894865520984,0.001884163563474527,6841.144885969079,TRUE,0.03252964932519212,0.0626367751329259,-0.034022031008930295
Flavobacterium_B,R4,0,6,FALSE,0.014990145860851515,0.0018822909310389309,6827.790371393647,TRUE,-0.06689067875429416,-0.13269426426815234,0.0744698914852417
Flavobacterium_B,R4,3,-6,FALSE,0.014982587287519212,0.0019834714503216065,7150.232129378717,TRUE,5.304905852760156,4.5835298543831575,0.024008726771586643
Flavobacterium_B,R4,3,-3,FALSE,0.014944003781349413,0.0019876366131469504,7181.5907535637725,TRUE,5.526039400769197,5.042199663881368,-0.23357541966300507
Flavobacterium_B,R4,3,0,FALSE,0.014969899871543898,0.0019847050700935944,7160.04145141436,TRUE,5.37040022321163,4.727006808054462,-0.06069267905917613
Flavobacterium_B,R4,3,3,FALSE,0.014965442616952757,0.0019852600919849687,7163.929058166657,TRUE,5.399867008835348,4.783869246851435,-0.0904493868671201
Flavobacterium_B,R4,3,6,FALSE,0.014983330613101576,0.001983153601016074,7148.772521225301,TRUE,5.288030847481376,4.562180761077316,0.028971181060049655
Flavobacterium_B,R4,6,-6,FALSE,0.01494581554195306,0.002089778721725685,7514.900804892836,TRUE,10.948887874712202,9.917389877736422,-0.22148007491697722
Flavobacterium_B,R4,6,-3,FALSE,0.014909065440292565,0.002093818624117655,7545.785708841784,TRUE,11.163371194334362,10.369130774500174,-0.466824381521561
Flavobacterium_B,R4,6,0,FALSE,0.01494017850814309,0.0020902347919722424,7519.043269546262,TRUE,10.973101197454103,9.977980019135083,-0.2591130089477511
Flavobacterium_B,R4,6,3,FALSE,0.014938578954745815,0.002090468466720882,7520.594163875228,TRUE,10.985507273378035,10.000664318108816,-0.26979165475823214
Flavobacterium_B,R4,6,6,FALSE,0.014960141951389446,0.002087875544394031,7501.707989097892,TRUE,10.847845881040744,9.724423940464984,-0.12583672073594795
Flavobacterium_B,R5,-6,-6,FALSE,0.007922311119813773,0.0015021796908115282,3578.036600021237,TRUE,-5.448833926767701,-4.136764616846369,-0.629292651199743
Flavobacterium_B,R5,-6,-3,FALSE,0.007949226196027467,0.001500461490806473,3566.8280291875476,TRUE,-5.556981983234394,-4.437066146498789,-0.29169291278344767
Flavobacterium_B,R5,-6,0,FALSE,0.007984758898176283,0.0014981188672391931,3551.901195839526,TRUE,-5.704432911583242,-4.836987862994933,0.15399896842925206
Flavobacterium_B,R5,-6,3,FALSE,0.00797105930714888,0.0014990636706979394,3557.7485821792607,TRUE,-5.644964480954798,-4.680323905712072,-0.01783700597190477
Flavobacterium_B,R5,-6,6,FALSE,0.008011878611046967,0.0014961945560937598,3540.2221623612418,TRUE,-5.825554148810293,-5.149894090776345,0.49416549437092977
Flavobacterium_B,R5,-3,-6,FALSE,0.0079433872511218,0.0015445689026276589,3653.9024673213366,TRUE,-2.7807447290132266,-2.1041561481422257,-0.3649316529278054
Flavobacterium_B,R5,-3,-3,FALSE,0.007970159582501619,0.0015428727382979619,3642.661237135077,TRUE,-2.887505801743504,-2.4053326915390207,-0.02912238384527155
Flavobacterium_B,R5,-3,0,FALSE,0.008006196635643486,0.0015405125325216567,3627.396092699743,TRUE,-3.0360634008692595,-2.814318483957575,0.4228956456559214
Flavobacterium_B,R5,-3,3,FALSE,0.007989260645455035,0.0015416733653965504,3634.6849069704067,TRUE,-2.962997506949442,-2.619035596664419,0.21046504311751707
Flavobacterium_B,R5,-3,6,FALSE,0.008031150537662674,0.0015387427224400625,3616.5398246943555,TRUE,-3.147459932167387,-3.1051810690906825,0.7358960892458785
Flavobacterium_B,R5,0,-6,FALSE,0.00789484467764821,0.0015937349206429302,3765.7418556988623,TRUE,0.31389458940950243,0.8922597110692323,-0.973808253410917
Flavobacterium_B,R5,0,-3,FALSE,0.00792918396639715,0.001591570945532153,3751.078256570313,TRUE,0.17768826780299768,0.4993906010059124,-0.5430855310600429
Flavobacterium_B,R5,0,0,TRUE,0.007972481359125016,0.0015887479268611574,3732.438807974989,TRUE,0,0,0
Flavobacterium_B,R5,0,3,FALSE,0.007957763959538193,0.0015897549224822335,3738.877034818645,TRUE,0.06338296995077983,0.17249383512731073,-0.1846024960594966
Flavobacterium_B,R5,0,6,FALSE,0.0080059507397638955,0.0015863934880346467,3717.6821754925572,TRUE,-0.14819461204033163,-0.3953616721298014,0.4198113376655494
Flavobacterium_B,R5,3,-6,FALSE,0.00782191544285063,0.001644505161232983,3892.183125587101,TRUE,3.5095079231343833,4.279891133668193,-1.8885703144611803
Flavobacterium_B,R5,3,-3,FALSE,0.007867506014236907,0.0016416511388392518,3872.3332618896093,TRUE,3.3298681989542334,3.7480709292731675,-1.3167211080143648
Flavobacterium_B,R5,3,0,FALSE,0.007921204215366557,0.0016381700197635471,3848.7873840172792,TRUE,3.1107573496590786,3.1172266185233095,-0.6431767156127483
Flavobacterium_B,R5,3,3,FALSE,0.007910826785289145,0.001638880371996082,3853.4163315311284,TRUE,3.1554687995074095,3.241245999737508,-0.7733423392116571
Flavobacterium_B,R5,3,6,FALSE,0.007967621574756239,0.001634934873312741,3828.0063083569034,TRUE,2.9071286684750346,2.5604572586084595,-0.06095698628652604
Flavobacterium_B,R5,6,-6,FALSE,0.007878510914823647,0.0016885291792095981,3956.267686647523,TRUE,6.280496148031212,5.996853269082026,-1.1786850300228495
Flavobacterium_B,R5,6,-3,FALSE,0.007921536095091873,0.0016858682611838203,3937.4682500832528,TRUE,6.113010923925526,5.4931762490033,-0.6390138996666653
Flavobacterium_B,R5,6,0,FALSE,0.007973666522392571,0.0016825255555812304,3914.520852557251,TRUE,5.902612185014563,4.8783665037779915,0.014865676245178846
Flavobacterium_B,R5,6,3,FALSE,0.007956578338303395,0.0016836789844737732,3922.1642802959313,TRUE,5.975212052686562,5.083150242558884,-0.19947391665481387
Flavobacterium_B,R5,6,6,FALSE,0.008012923836685176,0.001679797732319387,3896.8297871979153,TRUE,5.730915768249908,4.40438511333869,0.5072759124594343
Herbaspirillum,R1,-6,-6,FALSE,0.018381121830900096,9.28660397308778e-4,452.19996046451956,TRUE,-10.933122168134899,-10.344775427146104,-0.03599708126301068
Herbaspirillum,R1,-6,-3,FALSE,0.018394977509533488,9.278856997469582e-4,451.47197665723274,TRUE,-11.007422626402747,-10.489108813775893,0.03935572429976711
Herbaspirillum,R1,-6,0,FALSE,0.01837169367558084,9.292352233773204e-4,452.71904039143715,TRUE,-10.877991182287106,-10.241860275691312,-0.08727121754929898
Herbaspirillum,R1,-6,3,FALSE,0.018345860958481928,9.307587317878027e-4,454.1183394926325,TRUE,-10.73187303418314,-9.964428860099435,-0.227760020748099
Herbaspirillum,R1,-6,6,FALSE,0.018343790270293675,9.308935079936447e-4,454.23681357753776,TRUE,-10.718946784829605,-9.940939648208898,-0.23902126377769034
Herbaspirillum,R1,-3,-6,FALSE,0.018389232333212678,9.834619531169048e-4,477.3196680986902,TRUE,-5.677160472876303,-5.364427735756362,0.008111123029747917
Herbaspirillum,R1,-3,-3,FALSE,0.018402846342370934,9.82681972925155e-4,476.5773092111153,TRUE,-5.751967582828637,-5.51161119130292,0.08214963187330644
Herbaspirillum,R1,-3,0,FALSE,0.018377594689051376,9.841826510899275e-4,477.98113685870635,TRUE,-5.60803906046019,-5.233281925468688,-0.055179110592010375
Herbaspirillum,R1,-3,3,FALSE,0.01834999477545529,9.858529604445145e-4,479.533597439596,TRUE,-5.447841382538808,-4.9254840170451955,-0.20527864579218122
Herbaspirillum,R1,-3,6,FALSE,0.018347379717533276,9.860262886556225e-4,479.68821153474823,TRUE,-5.431217649419237,-4.894829522054169,-0.21950039243821867
Herbaspirillum,R1,0,-6,FALSE,0.018402885646193246,0.0010417044534724283,503.48911327810765,TRUE,-0.09118127227629509,-0.1759542956049929,0.08236338201567503
Herbaspirillum,R1,0,-3,FALSE,0.01841564948830911,0.00104095547329661,502.7672920540939,TRUE,-0.16301520210837073,-0.3190658603957706,0.15177833733030427
Herbaspirillum,R1,0,0,TRUE,0.018387740880927435,0.0010426551597125086,504.37658554640234,TRUE,0,0,0
Herbaspirillum,R1,0,3,FALSE,0.018357787419939986,0.001044514810342487,506.1251939187418,TRUE,0.17835720781271022,0.34668706328727394,-0.16289908141199588
Herbaspirillum,R1,0,6,FALSE,0.018354210100934448,0.001044755758503824,506.34346273589006,TRUE,0.20146630184946893,0.38996203349863207,-0.1823539944907904
Herbaspirillum,R1,3,-6,FALSE,0.01840688694424031,0.001103638904670142,531.7936200283107,TRUE,5.848889193091273,5.435826179799138,0.10412406525010388
Herbaspirillum,R1,3,-3,FALSE,0.01841986239909233,0.0011028597183545216,531.0318191832118,TRUE,5.774158222994186,5.284788073168245,0.17468985653487093
Herbaspirillum,R1,3,0,FALSE,0.018390054956596867,0.0011047189554625936,532.8164871663622,TRUE,5.952475770339815,5.638624479197482,0.012584882963151682
Herbaspirillum,R1,3,3,FALSE,0.018358434618082974,0.001106730724000009,534.7336621319628,TRUE,6.145422452536272,6.018732323324236,-0.15937935515971394
Herbaspirillum,R1,3,6,FALSE,0.0183546086107409,0.0011069951086342723,534.976115663911,TRUE,6.170779314946676,6.066802265287445,-0.18018673637554242
Herbaspirillum,R1,6,-6,FALSE,0.018433583582251504,0.0011687642158346224,560.0959350831624,TRUE,12.094991805045675,11.047172119696652,0.24931122110611809
Herbaspirillum,R1,6,-3,FALSE,0.018444094410944818,0.0011681186995688674,559.4568993261048,TRUE,12.03308099400312,10.920473978789627,0.3064733747462966
Herbaspirillum,R1,6,0,FALSE,0.018409874057007947,0.0011703021767491063,561.5787546499536,TRUE,12.242496078165841,11.341162683351536,0.12036919719414442
Herbaspirillum,R1,6,3,FALSE,0.018374433883063142,0.0011726124770459843,563.8062158304854,TRUE,12.464074638954342,11.78278928624365,-0.07236885678596285
Herbaspirillum,R1,6,6,FALSE,0.018368607173511825,0.0011730207615775368,564.1867499687312,TRUE,12.503232794721308,11.858235718364122,-0.10405686886449483
Herbaspirillum,R2,-6,-6,FALSE,0.022540643459041,7.427413850517069e-4,477.4910791601986,TRUE,-13.036567165074258,-12.654650811773696,-0.005948225233782333
Herbaspirillum,R2,-6,-3,FALSE,0.022569589804107032,7.412951546066385e-4,475.62352542209345,TRUE,-13.205898195638518,-12.996274227376487,0.12246258666174997
Herbaspirillum,R2,-6,0,FALSE,0.02254857440761954,7.423897414485602e-4,477.0075047706133,TRUE,-13.077739146977418,-12.743108954261082,0.02923478470232632
Herbaspirillum,R2,-6,3,FALSE,0.022554491567967166,7.420807264995662e-4,476.61699890769734,TRUE,-13.113919978290534,-12.814542479294545,0.055484294359634014
Herbaspirillum,R2,-6,6,FALSE,0.02254720985793432,7.424818433670999e-4,477.1109843214712,TRUE,-13.066955448683375,-12.724179893807385,0.023181414836413335
Herbaspirillum,R2,-3,-6,FALSE,0.022530679892685812,7.968938264732976e-4,511.67633833516726,TRUE,-6.6961608040016065,-6.401291262147686,-0.05014826645231482
Herbaspirillum,R2,-3,-3,FALSE,0.022561886163657407,7.952744235401208e-4,509.55330797465996,TRUE,-6.885767632227817,-6.789647895955084,0.08828795347642145
Herbaspirillum,R2,-3,0,FALSE,0.022540955208968524,7.964078131256512e-4,511.0068358112838,TRUE,-6.753065387434752,-6.5237604228990245,-0.00456525058842985
Herbaspirillum,R2,-3,3,FALSE,0.022547928072270566,7.960282089170608e-4,510.5209653082244,TRUE,-6.797511120178333,-6.61263858335518,0.026367533354039217
Herbaspirillum,R2,-3,6,FALSE,0.022540884590172346,7.964320732807583e-4,511.02485786867453,TRUE,-6.750224901618712,-6.520463726971945,-0.004878527340010047
Herbaspirillum,R2,0,-6,FALSE,0.022531641146477578,8.545887562337407e-4,547.3780551406536,TRUE,0.05901569500115282,0.12946723176786862,-0.045883984396782124
Herbaspirillum,R2,0,-3,FALSE,0.02256398656472326,8.528476726874173e-4,545.0618027024088,TRUE,-0.14483803536577272,-0.2942346693909857,0.09760568272883749
Herbaspirillum,R2,0,0,TRUE,0.022541984307039745,8.540847122049343e-4,546.6702962412129,TRUE,0,0,0
Herbaspirillum,R2,0,3,FALSE,0.022549084836651766,8.536834615669207e-4,546.1495111698282,TRUE,-0.04698019204415237,-0.09526492933043915,0.03149913297474399
Herbaspirillum,R2,0,6,FALSE,0.02254169012501894,8.541242880755719e-4,546.7065718536409,TRUE,0.004633717249829612,0.006635738703455185,-0.0013050404826791746
Herbaspirillum,R2,3,-6,FALSE,0.022537046902185286,9.161446231761639e-4,585.1884562779347,TRUE,7.266247725124784,7.045958103369508,-0.021903150970241144
Herbaspirillum,R2,3,-3,FALSE,0.022570111670554376,9.143006716138638e-4,582.6980498006936,TRUE,7.050349754355613,6.590398967567802,0.12477767321418497
Herbaspirillum,R2,3,0,FALSE,0.02254648597100296,9.156783106016432e-4,584.5150272265166,TRUE,7.211649794983071,6.922770680155103,0.019970131741281216
Herbaspirillum,R2,3,3,FALSE,0.02255333015635331,9.152778046498696e-4,583.9873142689179,TRUE,7.164756794083933,6.826238462980111,0.05033207884019369
Herbaspirillum,R2,3,6,FALSE,0.022545319884100908,9.157737482411359e-4,584.622338222842,TRUE,7.2228240541787745,6.942400610126283,0.014797175864066248
Herbaspirillum,R2,6,-6,FALSE,0.022555317145124,9.83088319869368e-4,624.4652710869312,TRUE,15.104310593663893,14.230693597332765,0.05914669224613164
Herbaspirillum,R2,6,-3,FALSE,0.022587566759756865,9.812250919301055e-4,621.9153886420704,TRUE,14.886155659775392,13.764254783591966,0.20221135857540476
Herbaspirillum,R2,6,0,FALSE,0.0225607952820739,9.828443209767646e-4,624.0775895925708,TRUE,15.075742128602213,14.159776721653577,0.08344862092855147
Herbaspirillum,R2,6,3,FALSE,0.02256618202595168,9.825198834367828e-4,623.6429317823674,TRUE,15.037755552406017,14.080266674520601,0.1073451147083655
Herbaspirillum,R2,6,6,FALSE,0.02255680974362788,9.83122694812683e-4,624.4236795520299,TRUE,15.10833536343483,14.223085440242949,0.0657681080165749
Herbaspirillum,R3,-6,-6,FALSE,0.022319390332799057,7.838606611330246e-4,389.72297080390484,TRUE,-0.0031491764102086874,-0.006838112448608402,0.0020648481390679687
Herbaspirillum,R3,-6,-3,FALSE,0.022327383514356047,7.834786804972548e-4,389.2838915148337,TRUE,-0.051878322477265273,-0.11949487051189076,0.03787831116320633
Herbaspirillum,R3,-6,0,FALSE,0.022318929480799013,7.838853470654574e-4,389.7496223213472,TRUE,0,0,0
Herbaspirillum,R3,-6,3,FALSE,0.022364384020980187,7.815937873739961e-4,387.19881168268995,TRUE,-0.29233352811606733,-0.6544741784391311,0.20365914153848189
Herbaspirillum,R3,-6,6,FALSE,0.022368516310279533,7.813799218161728e-4,386.9648382590756,TRUE,-0.31961628810436776,-0.7145059039917636,0.22217387049490586
Herbaspirillum,R3,-3,-6,FALSE,0.022319390332799057,7.838606611330246e-4,389.72297080390484,TRUE,-0.0031491764102086874,-0.006838112448608402,0.0020648481390679687
Herbaspirillum,R3,-3,-3,FALSE,0.022327383514356047,7.834786804972548e-4,389.2838915148337,TRUE,-0.051878322477265273,-0.11949487051189076,0.03787831116320633
Herbaspirillum,R3,-3,0,FALSE,0.022318929480799013,7.838853470654574e-4,389.7496223213472,TRUE,0,0,0
Herbaspirillum,R3,-3,3,FALSE,0.022364384020980187,7.815937873739961e-4,387.19881168268995,TRUE,-0.29233352811606733,-0.6544741784391311,0.20365914153848189
Herbaspirillum,R3,-3,6,FALSE,0.022368516310279533,7.813799218161728e-4,386.9648382590756,TRUE,-0.31961628810436776,-0.7145059039917636,0.22217387049490586
Herbaspirillum,R3,0,-6,FALSE,0.022319390332799057,7.838606611330246e-4,389.72297080390484,TRUE,-0.0031491764102086874,-0.006838112448608402,0.0020648481390679687
Herbaspirillum,R3,0,-3,FALSE,0.022327383514356047,7.834786804972548e-4,389.2838915148337,TRUE,-0.051878322477265273,-0.11949487051189076,0.03787831116320633
Herbaspirillum,R3,0,0,TRUE,0.022318929480799013,7.838853470654574e-4,389.7496223213472,TRUE,0,0,0
Herbaspirillum,R3,0,3,FALSE,0.022364384020980187,7.815937873739961e-4,387.19881168268995,TRUE,-0.29233352811606733,-0.6544741784391311,0.20365914153848189
Herbaspirillum,R3,0,6,FALSE,0.022368516310279533,7.813799218161728e-4,386.9648382590756,TRUE,-0.31961628810436776,-0.7145059039917636,0.22217387049490586
Herbaspirillum,R3,3,-6,FALSE,0.022308402042734432,8.410269642974817e-4,417.4271902276216,TRUE,7.289537614899793,7.101371321780104,-0.047168203446485445
Herbaspirillum,R3,3,-3,FALSE,0.022318119869804788,8.405464669063907e-4,416.86429487327945,TRUE,7.228240718243942,6.956946459739297,-0.00362746338224418
Herbaspirillum,R3,3,0,FALSE,0.02231044015408872,8.40928182964695e-4,417.3100720239558,TRUE,7.276936112249375,7.0713217214833115,-0.03803644219404887
Herbaspirillum,R3,3,3,FALSE,0.02235877772129758,8.384000960805657e-4,414.44872674289627,TRUE,6.954428886722904,6.337172124617157,0.17854010665184017
Herbaspirillum,R3,3,6,FALSE,0.022363528894269298,8.3814477294108e-4,414.1649622251563,TRUE,6.921857396460778,6.264365250283349,0.1998277449133661
Herbaspirillum,R3,6,-6,FALSE,0.02229009091391294,9.028002068529159e-4,447.5770251836603,TRUE,15.169930173159448,14.837064502562773,-0.12921124604512246
Herbaspirillum,R3,6,-3,FALSE,0.02230257506752289,9.021619959882314e-4,446.8138728355633,TRUE,15.088513819725403,14.641258707151954,-0.07327597540102021
Herbaspirillum,R3,6,0,FALSE,0.022296483813009638,9.0247332460926e-4,447.18606156953456,TRUE,15.128229911140316,14.73675302264468,-0.10056785119862183
Herbaspirillum,R3,6,3,FALSE,0.022348593788083883,8.99647186997392e-4,443.9299985564628,TRUE,14.767700450748192,13.901328733153735,0.13291097725090295
Herbaspirillum,R3,6,6,FALSE,0.02235437967547236,8.993244433170895e-4,443.56525162024826,TRUE,14.72652814391649,13.807743796741965,0.1588346551470763
Herbaspirillum,R4,-6,-6,FALSE,0.021655338086994953,8.617680658683202e-4,388.56323436911896,TRUE,-4.2418946672215005,-3.732177469522191,-0.1731718061649944
Herbaspirillum,R4,-6,-3,FALSE,0.02166003141526537,8.614857326632406e-4,388.3210061829571,TRUE,-4.273267021178147,-3.7921903013465172,-0.15153649052013543
Herbaspirillum,R4,-6,0,FALSE,0.021676882983632524,8.604721757578565e-4,387.4522545261212,TRUE,-4.385891627206839,-4.007426388875813,-0.0738540912231796
Herbaspirillum,R4,-6,3,FALSE,0.021724734573113892,8.575559817716996e-4,384.9759119530795,TRUE,-4.70993381669765,-4.620948426629339,0.14673227795602914
Herbaspirillum,R4,-6,6,FALSE,0.021730409823623092,8.571889093877598e-4,384.6734547802895,TRUE,-4.75072223460061,-4.695883188484753,0.17289406103523905
Herbaspirillum,R4,-3,-6,FALSE,0.021655338086994953,8.617680658683202e-4,388.56323436911896,TRUE,-4.2418946672215005,-3.732177469522191,-0.1731718061649944
Herbaspirillum,R4,-3,-3,FALSE,0.02166003141526537,8.614857326632406e-4,388.3210061829571,TRUE,-4.273267021178147,-3.7921903013465172,-0.15153649052013543
Herbaspirillum,R4,-3,0,FALSE,0.021676882983632524,8.604721757578565e-4,387.4522545261212,TRUE,-4.385891627206839,-4.007426388875813,-0.0738540912231796
Herbaspirillum,R4,-3,3,FALSE,0.021724734573113892,8.575559817716996e-4,384.9759119530795,TRUE,-4.70993381669765,-4.620948426629339,0.14673227795602914
Herbaspirillum,R4,-3,6,FALSE,0.021730409823623092,8.571889093877598e-4,384.6734547802895,TRUE,-4.75072223460061,-4.695883188484753,0.17289406103523905
Herbaspirillum,R4,0,-6,FALSE,0.021675032307265172,9.010511087048293e-4,404.5800836342873,TRUE,0.12316584350909217,0.23604974852667632,-0.08238534347257326
Herbaspirillum,R4,0,-3,FALSE,0.021677603314897754,9.008868453597855e-4,404.44076192611806,TRUE,0.10491319837171707,0.2015323359401375,-0.07053350647091848
Herbaspirillum,R4,0,0,TRUE,0.021692904080801316,8.999426867036523e-4,403.62732235488363,TRUE,0,0,0
Herbaspirillum,R4,0,3,FALSE,0.021740110568057986,8.969951233949159e-4,401.10970137224524,TRUE,-0.3275278917519645,-0.6237488998390471,0.21761257543405088
Herbaspirillum,R4,0,6,FALSE,0.021744225124620854,8.967191888316104e-4,400.88230009680854,TRUE,-0.35818924023362514,-0.6800883156422136,0.2365798679069369
Herbaspirillum,R4,3,-6,FALSE,0.021675174497698176,9.649897476242901e-4,431.7541821629049,TRUE,7.22791149721933,6.96852226056469,-0.08172987368173909
Herbaspirillum,R4,3,-3,FALSE,0.02167784187625271,9.648127162671785e-4,431.60238285030516,TRUE,7.208240093725839,6.930913480337898,-0.06943378577853625
Herbaspirillum,R4,3,0,FALSE,0.021693725999889307,9.637957537128144e-4,430.7158761556775,TRUE,7.09523705815598,6.711278523651738,0.003788884535375331
Herbaspirillum,R4,3,3,FALSE,0.021742591470221395,9.606292807691348e-4,427.98016748564345,TRUE,6.743384324591587,6.033497680156528,0.22904904403303736
Herbaspirillum,R4,3,6,FALSE,0.021746581542109823,9.603503937110913e-4,427.7482936460813,TRUE,6.712394900246687,5.976050171843835,0.24744248676235542
Herbaspirillum,R4,6,-6,FALSE,0.021655774578523006,0.0010332561856979435,462.042975824549,TRUE,14.813554347843803,14.472670761942181,-0.17115966649744216
Herbaspirillum,R4,6,-3,FALSE,0.021660870217674225,0.001032918125405247,461.74343202660293,TRUE,14.775989700928923,14.398457798310671,-0.14766977721273403
Herbaspirillum,R4,6,0,FALSE,0.02167940354724354,0.0010316903409789027,460.6559745754361,TRUE,14.639560521106207,14.129036629093916,-0.062234791190201706
Herbaspirillum,R4,6,3,FALSE,0.021731815480717603,0.0010281698381785934,457.56947619729146,TRUE,14.248368631631068,13.364346478750008,0.17937386239919864
Herbaspirillum,R4,6,6,FALSE,0.02173719309599219,0.0010277832681340976,457.2423815156193,TRUE,14.205413669030982,13.283307692831402,0.2041636058773202
Herbaspirillum,R5,-6,-6,FALSE,0.019847340891535007,8.316064925266982e-4,365.7801706125585,TRUE,-9.857549886072576,-9.467773587426201,0.005889524107649365
Herbaspirillum,R5,-6,-3,FALSE,0.01983269795661104,8.324340479652658e-4,366.4823628904234,TRUE,-9.767846552214586,-9.293977861489585,-0.06789263846605295
Herbaspirillum,R5,-6,0,FALSE,0.019850521556800033,8.313919425742359e-4,365.61247369448637,TRUE,-9.880806147971173,-9.509279323863941,0.021916117334703642
Herbaspirillum,R5,-6,3,FALSE,0.019837202070155317,8.322270849272954e-4,366.2872119886465,TRUE,-9.790280426280423,-9.342278581549666,-0.04519751351331312
Herbaspirillum,R5,-6,6,FALSE,0.019815489216342057,8.33590272519881e-4,367.3898011232929,TRUE,-9.642516945998764,-9.06938284471766,-0.15460326572811373
Herbaspirillum,R5,-3,-6,FALSE,0.019853634774395265,8.666991740953142e-4,380.2300617501516,TRUE,-6.053659072219469,-5.891360973492369,0.03760285827369365
Herbaspirillum,R5,-3,-3,FALSE,0.019837935351508195,8.676055480895799e-4,381.00464790326674,TRUE,-5.955412157005495,-5.699647439999211,-0.041502688379470604
Herbaspirillum,R5,-3,0,FALSE,0.019855634029002818,8.665488405950534e-4,380.11619105183246,TRUE,-6.069954555924193,-5.919544480063332,0.04767661256179415
Herbaspirillum,R5,-3,3,FALSE,0.01984142397555902,8.674588234552606e-4,380.8564329755619,TRUE,-5.971316455671361,-5.736331296781894,-0.023924366259418666
Herbaspirillum,R5,-3,6,FALSE,0.019818760036884337,8.689137936020261e-4,382.0407669507397,TRUE,-5.813604154179369,-5.443203346709207,-0.13812240214079521
Herbaspirillum,R5,0,-6,FALSE,0.01984153806776149,9.228656016804622e-4,404.29073763593186,TRUE,0.03453220835687875,0.06376380345535466,-0.023349483595883815
Herbaspirillum,R5,0,-3,FALSE,0.01982655591852346,9.237567757103204e-4,405.0635972052796,TRUE,0.13113151494146325,0.2550499997522769,-0.09884086401405325
Herbaspirillum,R5,0,0,TRUE,0.019846172046447886,9.225470258193161e-4,404.033110757294,TRUE,0,0,0
Herbaspirillum,R5,0,3,FALSE,0.01983240401117773,9.234604913999514e-4,404.7843972073735,TRUE,0.09901561167833758,0.18594675289639323,-0.06937375750816337
Herbaspirillum,R5,0,6,FALSE,0.0198098701448047,9.249560776647913e-4,406.0164063391221,TRUE,0.2611305199684187,0.49087451721734504,-0.18291639092025103
Herbaspirillum,R5,3,-6,FALSE,0.019842296239016042,9.821042670289791e-4,429.0389827068698,TRUE,6.455740416784729,6.1890650255634565,-0.019529244343811456
Herbaspirillum,R5,3,-3,FALSE,0.019826616437266197,9.830652889406559e-4,429.8835895738147,TRUE,6.5599109235210395,6.398108998559091,-0.09853592489232099
Herbaspirillum,R5,3,0,FALSE,0.019847010289636414,9.817683432278874e-4,428.76477530187003,TRUE,6.419327768790611,6.12119746775717,0.0042237021152797425
Herbaspirillum,R5,3,3,FALSE,0.019832566812162222,9.827579023831989e-4,429.58797358302695,TRUE,6.52659158598548,6.324942720123732,-0.06855344322231022
Herbaspirillum,R5,3,6,FALSE,0.01980916088714006,9.843624563653708e-4,430.9248296610993,TRUE,6.700518110841692,6.6558205720816135,-0.18649016657321418
Herbaspirillum,R5,6,-6,FALSE,0.01984804975375281,0.001044737097226625,454.97749190503623,TRUE,13.244861019284258,12.60896193687079,0.009461307200850672
Herbaspirillum,R5,6,-3,FALSE,0.019831048478740648,0.0010458101558499977,455.933270151951,TRUE,13.361175807944463,12.845521323086265,-0.07620395344675318
Herbaspirillum,R5,6,0,FALSE,0.019851795000925775,0.0010444513512641877,454.74565571268255,TRUE,13.213887426129645,12.551581443495099,0.028332690378423692
Herbaspirillum,R5,6,3,FALSE,0.019836184915763402,0.0010455536991431837,455.6738698726105,TRUE,13.333377040007813,12.781318595034037,-0.05032270536156661
Herbaspirillum,R5,6,6,FALSE,0.01981146232238056,0.0010473026072784185,457.14810899317973,TRUE,13.522950913890451,13.14619936379232,-0.17489379808907132
Pseudomonas,R1,-6,-6,FALSE,0.024795977285692692,6.866324898152357e-4,1974.729819576994,TRUE,-2.7254497278234413,-2.76239636454308,0.1064269385959944
Pseudomonas,R1,-6,-3,FALSE,0.024795372710053297,6.866597766073204e-4,1974.872851751704,TRUE,-2.721584034795838,-2.7553533221107998,0.10398614320500661
Pseudomonas,R1,-6,0,FALSE,0.024768977965198884,6.879218065266464e-4,1981.3281852407672,TRUE,-2.542793495965514,-2.4374864661382327,-0.002574835089476948
Pseudomonas,R1,-6,3,FALSE,0.024733668432783844,6.896790933047235e-4,1990.1854710668865,TRUE,-2.2938404045050587,-2.001345157130891,-0.14512663235143475
Pseudomonas,R1,-6,6,FALSE,0.024754822750904123,6.885912878928387e-4,1984.7749127429192,TRUE,-2.447948728527437,-2.2677662748639236,-0.05972232757473064
Pseudomonas,R1,-3,-6,FALSE,0.024795977285692692,6.866324898152357e-4,1974.729819576994,TRUE,-2.7254497278234413,-2.76239636454308,0.1064269385959944
Pseudomonas,R1,-3,-3,FALSE,0.024795372710053297,6.866597766073204e-4,1974.872851751704,TRUE,-2.721584034795838,-2.7553533221107998,0.10398614320500661
Pseudomonas,R1,-3,0,FALSE,0.024768977965198884,6.879218065266464e-4,1981.3281852407672,TRUE,-2.542793495965514,-2.4374864661382327,-0.002574835089476948
Pseudomonas,R1,-3,3,FALSE,0.024733668432783844,6.896790933047235e-4,1990.1854710668865,TRUE,-2.2938404045050587,-2.001345157130891,-0.14512663235143475
Pseudomonas,R1,-3,6,FALSE,0.024754822750904123,6.885912878928387e-4,1984.7749127429192,TRUE,-2.447948728527437,-2.2677662748639236,-0.05972232757473064
Pseudomonas,R1,0,-6,FALSE,0.02479721078593957,7.045332754202606e-4,2023.9595745092943,TRUE,-0.18946301720914,-0.33827568245244927,0.11140683113744002
Pseudomonas,R1,0,-3,FALSE,0.024796448847318044,7.045683291738698e-4,2024.1436647535072,TRUE,-0.18449698637275283,-0.3292109010213537,0.10833072923313987
Pseudomonas,R1,0,0,TRUE,0.024769615741956536,7.05870639230941e-4,2030.829376441898,TRUE,0,0,0
Pseudomonas,R1,0,3,FALSE,0.024733828737694086,7.076790333203015e-4,2039.975770829864,TRUE,0.2561934140412425,0.4503772938320829,-0.14447944867320595
Pseudomonas,R1,0,6,FALSE,0.0247551953022724,7.065631456246673e-4,2034.407392128663,TRUE,0.09810670046862496,0.17618494829112746,-0.05821826157646465
Pseudomonas,R1,3,-6,FALSE,0.024766462160161175,7.608705795395755e-4,2189.440584968973,TRUE,7.791787510606463,7.81016910465264,-0.012731654088678176
Pseudomonas,R1,3,-3,FALSE,0.02476950048689234,7.607211743808906e-4,2188.6510784287884,TRUE,7.770621428553856,7.771293040058395,-4.6530824457704834e-4
Pseudomonas,R1,3,0,FALSE,0.024744997334031467,7.61963400552116e-4,2195.1314270068215,TRUE,7.946606389846322,8.090391663173001,-0.09938954314648035
Pseudomonas,R1,3,3,FALSE,0.024710923067994144,7.637641981084999e-4,2204.376918836079,TRUE,8.20172361052373,8.545648610728875,-0.2369543176359175
Pseudomonas,R1,3,6,FALSE,0.024735755328371804,7.624092587488495e-4,2197.5137514525245,TRUE,8.009770682558544,8.207699619879682,-0.13670140844121936
Pseudomonas,R1,6,-6,FALSE,0.024799626526212867,8.208232688180415e-4,2347.8606243208624,TRUE,16.285226102100452,15.610924854475815,0.12115966823617723
Pseudomonas,R1,6,-3,FALSE,0.024798583008606864,8.208756770348465e-4,2348.1430168919874,TRUE,16.292650722688446,15.62483013743069,0.11694677443566988
Pseudomonas,R1,6,0,FALSE,0.024769501922994326,8.224140911797589e-4,2356.245786495936,TRUE,16.51059634323282,16.02381833889866,-4.595104074111846e-4
Pseudomonas,R1,6,3,FALSE,0.024731133076166607,8.245313980141609e-4,2367.217894240296,TRUE,16.81055312238273,16.564095521789508,-0.15536238507222727
Pseudomonas,R1,6,6,FALSE,0.024754396409274,8.232028293329919e-4,2360.432657895713,TRUE,16.622336102530976,16.229983930570004,-0.061443555851191725
Pseudomonas,R2,-6,-6,FALSE,0.021225029971931576,0.0010207037842549199,1363.7338252727095,TRUE,-2.0248960170891577,-1.7464943193419271,-0.13409837637986274
Pseudomonas,R2,-6,-3,FALSE,0.021194403527443256,0.0010226881325163717,1368.9011516272512,TRUE,-1.8344228061017338,-1.3742017796095112,-0.27819887924824527
Pseudomonas,R2,-6,0,FALSE,0.021253547337822525,0.001018742136615421,1358.7832802002104,TRUE,-2.213190245466127,-2.103168326680479,7.86994780443948e-5
Pseudomonas,R2,-6,3,FALSE,0.02127502902792115,0.0010172691725022238,1355.0689457373421,TRUE,-2.3545768204742132,-2.370776547202771,0.10115221282220876
Pseudomonas,R2,-6,6,FALSE,0.021294376190450708,0.0010159027480740436,1351.6769685903682,TRUE,-2.485736886206176,-2.6151597543232774,0.19218255918347066
Pseudomonas,R2,-3,-6,FALSE,0.021225029971931576,0.0010207037842549199,1363.7338252727095,TRUE,-2.0248960170891577,-1.7464943193419271,-0.13409837637986274
Pseudomonas,R2,-3,-3,FALSE,0.021194403527443256,0.0010226881325163717,1368.9011516272512,TRUE,-1.8344228061017338,-1.3742017796095112,-0.27819887924824527
Pseudomonas,R2,-3,0,FALSE,0.021253547337822525,0.001018742136615421,1358.7832802002104,TRUE,-2.213190245466127,-2.103168326680479,7.86994780443948e-5
Pseudomonas,R2,-3,3,FALSE,0.02127502902792115,0.0010172691725022238,1355.0689457373421,TRUE,-2.3545768204742132,-2.370776547202771,0.10115221282220876
Pseudomonas,R2,-3,6,FALSE,0.021294376190450708,0.0010159027480740436,1351.6769685903682,TRUE,-2.485736886206176,-2.6151597543232774,0.19218255918347066
Pseudomonas,R2,0,-6,FALSE,0.021224475172569594,0.0010438211124630188,1393.0979170323735,TRUE,0.19408530730055426,0.3691127757145925,-0.1367087632004175
Pseudomonas,R2,0,-3,FALSE,0.021193474866158836,0.001045852667466432,1398.410939570614,TRUE,0.38908978928325605,0.7519023498003381,-0.28256832403085463
Pseudomonas,R2,0,0,TRUE,0.021253530611404867,0.0010417991334134788,1387.9747249987138,TRUE,0,0,0
Pseudomonas,R2,0,3,FALSE,0.021275293519042785,0.001040289158176347,1384.1523229940794,TRUE,-0.1449391911264378,-0.27539420825101,0.10239667016189567
Pseudomonas,R2,0,6,FALSE,0.02129485244954801,0.0010388910470571313,1380.6689640600293,TRUE,-0.2791407924115892,-0.5263612374995671,0.1944234061561912
Pseudomonas,R2,3,-6,FALSE,0.021234501156544357,0.0011165988528244546,1482.6221502406356,TRUE,7.179860014462946,6.8191029373398395,-0.08953549981149593
Pseudomonas,R2,3,-3,FALSE,0.02120091446909935,0.0011188752987238697,1488.6452114284984,TRUE,7.398371033180756,7.253048965274057,-0.24756424364280483
Pseudomonas,R2,3,0,FALSE,0.02126265609291533,0.00111456069410866,1477.4150615350327,TRUE,6.984221656700394,6.443945622741926,0.042936308688239
Pseudomonas,R2,3,3,FALSE,0.021284245258611136,0.001113008708795112,1473.4457205315666,TRUE,6.835250011037483,6.1579648385118855,0.14451550553105313
Pseudomonas,R2,3,6,FALSE,0.02130354191078705,0.001111578516162783,1469.8476124147594,TRUE,6.697968976099123,5.898730426530028,0.23530819559619315
Pseudomonas,R2,6,-6,FALSE,0.021209552869099646,0.0011970530404845272,1585.5306756876669,TRUE,14.90247995910262,14.233396842953042,-0.20691970246873923
Pseudomonas,R2,6,-3,FALSE,0.021177401994242284,0.001199310834181077,1591.59206768711,TRUE,15.11920059402502,14.670104507024435,-0.358192803607565
Pseudomonas,R2,6,0,FALSE,0.021244672726024462,0.0011944407449668202,1578.7365194011506,TRUE,14.65173147660506,13.743895401453628,-0.04167724197151591
Pseudomonas,R2,6,3,FALSE,0.02126927978796293,0.0011926069661130768,1573.9844465470076,TRUE,14.47571109081966,13.401520805680821,0.07410146034565696
Pseudomonas,R2,6,6,FALSE,0.021291085642529777,0.0011909304071345136,1569.714268710394,TRUE,14.31478189393408,13.093865503339668,0.17670020012937238
Pseudomonas,R3,-6,-6,FALSE,0.02520037493783858,9.105120532854079e-4,1523.0521840495683,TRUE,-13.868070056214187,-12.780487206780471,-0.4306100060854362
Pseudomonas,R3,-6,-3,FALSE,0.025249447281286367,9.076061449805124e-4,1512.9800129327416,TRUE,-14.142960970219326,-13.35728284568221,-0.236719902675442
Pseudomonas,R3,-6,0,FALSE,0.025297070941437055,9.047214215396849e-4,1503.1468130006292,TRUE,-14.415847854490664,-13.920393496951432,-0.048553702681269295
Pseudomonas,R3,-6,3,FALSE,0.025273786173499298,9.061835211242698e-4,1508.034462333604,TRUE,-14.277537264822032,-13.640496065996235,-0.14055432352247535
Pseudomonas,R3,-6,6,FALSE,0.02528324530710757,9.055743750847818e-4,1506.022221147145,TRUE,-14.335160800731737,-13.755729606739905,-0.10318026993914718
Pseudomonas,R3,-3,-6,FALSE,0.025174393457155875,9.845966106301852e-4,1649.0794669135869,TRUE,-6.859875183766357,-5.563375196326056,-0.533265628832981
Pseudomonas,R3,-3,-3,FALSE,0.02522875874599388,9.812356557084986e-4,1637.2016660673685,TRUE,-7.1778122531487805,-6.243572509137463,-0.31846252928403695
Pseudomonas,R3,-3,0,FALSE,0.02528079078055569,9.779420267100377e-4,1625.768031489309,TRUE,-7.489380475812748,-6.898334077912186,-0.11287836816576075
Pseudomonas,R3,-3,3,FALSE,0.025258702851515866,9.793927302544647e-4,1630.7016230262523,TRUE,-7.352147920123976,-6.615805708445007,-0.2001501498812772
Pseudomonas,R3,-3,6,FALSE,0.025270342027098776,9.786079261078248e-4,1628.066591176978,TRUE,-7.4263882286779035,-6.766704145475084,-0.15416251613848242
Pseudomonas,R3,0,-6,FALSE,0.02520668539172624,0.0010638178379535816,1769.9922069889205,TRUE,0.6342345067734916,1.3608460419927026,-0.40567672450811154
Pseudomonas,R3,0,-3,FALSE,0.02525917234085951,0.0010604303414879397,1757.879090493167,TRUE,0.31378668050838127,0.6671730804018168,-0.1982951470223642
Pseudomonas,R3,0,0,TRUE,0.025309359572634485,0.0010571132608774186,1746.2287225341745,TRUE,0,0,0
Pseudomonas,R3,0,3,FALSE,0.025282817997785978,0.0010589350057962196,1752.4942383684674,TRUE,0.1723320467372616,0.358802701698794,-0.10486861499729488
Pseudomonas,R3,0,6,FALSE,0.025291867857128066,0.0010582974755397646,1750.3288748865245,TRUE,0.11202344215823552,0.23480041872176965,-0.06911164802973593
Pseudomonas,R3,3,-6,FALSE,0.025210727210000308,0.0011501784616321402,1907.9052247604777,TRUE,8.803711409076099,9.258609719331263,-0.3897070660801026
Pseudomonas,R3,3,-3,FALSE,0.025265035334560683,0.0011465231767229134,1894.6184126317323,TRUE,8.45793153434509,8.497723590424666,-0.17512982873627223
Pseudomonas,R3,3,0,FALSE,0.02531655211773077,0.0011429701571807355,1881.9414099091516,TRUE,8.121825681389577,7.771758969697119,0.0284185187524878
Pseudomonas,R3,3,3,FALSE,0.025288052216819755,0.001145013344057029,1889.0742849896594,TRUE,8.315105526786429,8.180232097441598,-0.08418765300473434
Pseudomonas,R3,3,6,FALSE,0.02529679146131249,0.0011443701194982097,1886.8572879231283,TRUE,8.25425825690303,8.053272951831293,-0.04965795869281276
Pseudomonas,R3,6,-6,FALSE,0.025237031709379187,0.0012443280027480128,2050.1072563721714,TRUE,17.709998426772497,17.401989207748233,-0.2857751617449122
Pseudomonas,R3,6,-3,FALSE,0.02529033819188168,0.0012405848940360079,2036.3199984759142,TRUE,17.35591066243037,16.61244441797701,-0.07515551983137492
Pseudomonas,R3,6,0,FALSE,0.02534072688062211,0.0012369586377220566,2023.2117403645912,TRUE,17.01287681278011,15.861783411078669,0.1239356053147291
Pseudomonas,R3,6,3,FALSE,0.025307881889661474,0.0012394182812697186,2031.9057667254342,TRUE,17.245552311110387,16.35965784463088,-0.005838484252319599
Pseudomonas,R3,6,6,FALSE,0.02531441135615047,0.0012389170708397065,2030.155032488331,TRUE,17.19813918627681,16.259399830631292,0.01996013965302346
Pseudomonas,R4,-6,-6,FALSE,0.019007960323551534,0.0014243340370023064,1461.403785506167,TRUE,-11.63668927271485,-11.211787820316244,0.1735177158945933
Pseudomonas,R4,-6,-3,FALSE,0.019007279717548665,0.0014243800964013125,1461.5167631280797,TRUE,-11.633831824335072,-11.204923816564902,0.1699308661576728
Pseudomonas,R4,-6,0,FALSE,0.01900292524330699,0.001424819854156979,1462.3886551840274,TRUE,-11.606549985806188,-11.151951641708758,0.14698242796825842
Pseudomonas,R4,-6,3,FALSE,0.018983378250340778,0.0014267525000927223,1466.2646742980626,TRUE,-11.486651851724293,-10.916462442267365,0.043968163793521614
Pseudomonas,R4,-6,6,FALSE,0.018995042383222253,0.0014255758416648423,1463.9268208016056,TRUE,-11.559649780287078,-11.058499731582682,0.10543910554392177
Pseudomonas,R4,-3,-6,FALSE,0.018985562641541956,0.0015164057681300777,1552.3462575658928,TRUE,-5.924712464265428,-5.686539024968972,0.05548008548132716
Pseudomonas,R4,-3,-3,FALSE,0.018987339969361902,0.0015162160604904767,1551.9697981596203,TRUE,-5.93648161017497,-5.7094109772470905,0.06484674959613676
Pseudomonas,R4,-3,0,FALSE,0.01898494531659578,0.0015164771282169063,1552.4826282540585,TRUE,-5.920285403363881,-5.67825376546983,0.052226732129386826
Pseudomonas,R4,-3,3,FALSE,0.018966541777257977,0.0015183553603404774,1556.2966400557277,TRUE,-5.803763011536201,-5.446531846818074,-0.04476143716968454
Pseudomonas,R4,-3,6,FALSE,0.01897986225879746,0.0015169667722018095,1553.5055358038476,TRUE,-5.889908706283183,-5.616106579680641,0.025438598539895933
Pseudomonas,R4,0,-6,FALSE,0.01897304604505427,0.0016120937865816366,1646.3509786900102,TRUE,0.011612785047981938,0.024758022321258042,-0.010483409741692665
Pseudomonas,R4,0,-3,FALSE,0.018976337216108183,0.0016117475492887377,1645.6395044248386,TRUE,-0.009867199775093588,-0.0184679010292527,0.006861333000994391
Pseudomonas,R4,0,0,TRUE,0.018975035275750857,0.0016119065993330818,1645.9434756369167,TRUE,0,0,0
Pseudomonas,R4,0,3,FALSE,0.018956952628950995,0.0016138080973471514,1649.8550641408817,TRUE,0.1179657689134276,0.23765023294323126,-0.09529703917321045
Pseudomonas,R4,0,6,FALSE,0.01897151151643432,0.0016122430643844853,1646.670370027568,TRUE,0.020873731241172193,0.0441627796707913,-0.01857050205878521
Pseudomonas,R4,3,-6,FALSE,0.0189915814293392,0.0017132607876778256,1738.1209853094442,TRUE,6.287844989695964,5.600284033864432,0.08719959329660806
Pseudomonas,R4,3,-3,FALSE,0.018992928358234962,0.0017131006580755515,1737.8038753382277,TRUE,6.277910815945426,5.581017881902938,0.09429801960353036
Pseudomonas,R4,3,0,FALSE,0.018989671935911133,0.0017134716235419531,1738.554203062712,TRUE,6.300924895455688,5.626604363795582,0.07713640553269739
Pseudomonas,R4,3,3,FALSE,0.018969192262796242,0.0017156903879739797,1743.1625110120228,TRUE,6.438573344376027,5.906584084698665,-0.03079315990564748
Pseudomonas,R4,3,6,FALSE,0.01898345537546673,0.0017141106934557913,1739.9171141686836,TRUE,6.340571728225189,5.709408611094786,0.044374619564652294
Pseudomonas,R4,6,-6,FALSE,0.01900724157291104,0.0018224019735048494,1835.9402573404775,TRUE,13.058782330121296,11.543335753376306,0.16972984077315426
Pseudomonas,R4,6,-3,FALSE,0.019006855898631124,0.0018224165142365805,1836.0016895729839,TRUE,13.059684412893159,11.547068094943054,0.1676973055271825
Pseudomonas,R4,6,0,FALSE,0.019001821344820622,0.0018229928886215477,1837.1933699927906,TRUE,13.095441719501723,11.619469148651511,0.1411647919516435
Pseudomonas,R4,6,3,FALSE,0.01897905961061462,0.0018255336915896613,1842.5227930964859,TRUE,13.253068902687447,11.94326052925363,0.021208576454697786
Pseudomonas,R4,6,6,FALSE,0.01899320131737408,0.0018239197752537193,1839.1746348564725,TRUE,13.152944221976439,11.739841743033296,0.09573653676648251
Pseudomonas,R5,-6,-6,FALSE,0.022807997479023814,0.0015074656692292928,1601.0504558775692,TRUE,-14.086496765219152,-13.683828069105822,0.3784458799212799
Pseudomonas,R5,-6,-3,FALSE,0.022790531419444777,0.0015089229681343173,1604.5607605500945,TRUE,-14.003442366869322,-13.494579778690492,0.3015774078950865
Pseudomonas,R5,-6,0,FALSE,0.02271874830729957,0.0015150787824589648,1619.2307671690025,TRUE,-13.65261011596725,-12.703687268778332,-0.014341481704343354
Pseudomonas,R5,-6,3,FALSE,0.022694472438597225,0.0015171833763050954,1624.2405395025717,TRUE,-13.532665075825879,-12.433599359623733,-0.12118005773310978
Pseudomonas,R5,-6,6,FALSE,0.022664259995268058,0.0015199835153909603,1630.68675446798,TRUE,-13.373079512239359,-12.086069650478672,-0.2541456155558016
Pseudomonas,R5,-3,-6,FALSE,0.02284378598800808,0.0016211370889014554,1705.920407432447,TRUE,-7.608133721170933,-8.030056986773626,0.5359518124567482
Pseudomonas,R5,-3,-3,FALSE,0.0228207444256616,0.0016231231941998246,1710.7702315286017,TRUE,-7.4949415819009895,-7.768592240936605,0.43454544299743564
Pseudomonas,R5,-3,0,FALSE,0.02274156556248931,0.001630163860885271,1727.7502123018978,TRUE,-7.093679813621799,-6.8531639142210965,0.08607770754267216
Pseudomonas,R5,-3,3,FALSE,0.02271337562063036,0.001632705407112212,1733.8653735193584,TRUE,-6.948831977650009,-6.5234820449872215,-0.03798678149671523
Pseudomonas,R5,-3,6,FALSE,0.022679465923640275,0.0016359705799271467,1741.4657535824601,TRUE,-6.762743205663952,-6.1137287421737625,-0.18722402546143796
Pseudomonas,R5,0,-6,FALSE,0.022824779017445077,0.0017452216533382458,1831.6815904552752,TRUE,-0.5363045938271032,-1.2499934002821504,0.4523017608573318
Pseudomonas,R5,0,-3,FALSE,0.02280297159078575,0.0017471708512358036,1836.531515821544,TRUE,-0.4252158816293189,-0.9885231947492469,0.3563268468510976
Pseudomonas,R5,0,0,TRUE,0.022722006979773435,0.0017546318244173484,1854.867309406852,TRUE,0,0,0
Pseudomonas,R5,0,3,FALSE,0.022694998329124718,0.0017571498828774575,1861.0479104287756,TRUE,0.1435092208557925,0.33320987385885026,-0.11886560316947295
Pseudomonas,R5,0,6,FALSE,0.022661784692698514,0.0017604713056929516,1868.910143705232,TRUE,0.3328037936130749,0.7570802626776933,-0.2650394708906212
Pseudomonas,R5,3,-6,FALSE,0.02284447189162968,0.0018782616316591436,1956.332285620455,TRUE,7.04591159930935,5.470201329174829,0.538970487797408
Pseudomonas,R5,3,-3,FALSE,0.022818683614251222,0.0018806427597592877,1962.3551298950188,TRUE,7.181616883290208,5.794906187792979,0.4254757714133519
Pseudomonas,R5,3,0,FALSE,0.022731210469573715,0.0018889887891816125,1983.1820166415603,TRUE,7.657273901827201,6.917729725677287,0.04050473978144716
Pseudomonas,R5,3,3,FALSE,0.022701681782448954,0.0018918430300811763,1990.2923895356062,TRUE,7.819942836691164,7.301065658009808,-0.0894515935259339
Pseudomonas,R5,3,6,FALSE,0.022665941194300494,0.0018955518198595662,1999.194585526502,TRUE,8.031314232489336,7.781002737376551,-0.24674662551969773
Pseudomonas,R5,6,-6,FALSE,0.022842653473804823,0.002024418718044413,2095.615372080378,TRUE,15.375698187661188,12.979260643205384,0.5309675951547052
Pseudomonas,R5,6,-3,FALSE,0.022815514898030857,0.0020270114642655926,2102.29322461025,TRUE,15.523464014377597,13.33927844588084,0.41153018895144045
Pseudomonas,R5,6,0,FALSE,0.022723474330057496,0.0020361052278276962,2125.3878448867636,TRUE,16.04173590683705,14.584360515061233,0.006457837484894819
Pseudomonas,R5,6,3,FALSE,0.022693461653048447,0.002039106934410178,2133.0021405610746,TRUE,16.21280920784015,14.994864039259195,-0.1256285448305646
Pseudomonas,R5,6,6,FALSE,0.022656917104935028,0.002043043269191027,2142.5992174642383,TRUE,16.43714885140933,15.51226368582651,-0.28646182045603974
Serratia,R1,-6,-6,FALSE,0.02086247913346773,0.0016296866609184237,1444.5116798096428,TRUE,-4.524221890216939,-4.540961843467555,0.16453114771655586
Serratia,R1,-6,-3,FALSE,0.020869929003371132,0.0016289848994949854,1443.2974018859368,TRUE,-4.565334835151053,-4.621206125512381,0.20029931894931743
Serratia,R1,-6,0,FALSE,0.020865387069209665,0.001629423311163442,1444.0469852348388,TRUE,-4.539650330158714,-4.571670696685827,0.17849267253511733
Serratia,R1,-6,3,FALSE,0.02080817422745251,0.0016353633256447875,1453.8847780805304,TRUE,-4.191652449222371,-3.921550482526884,-0.09619651629866112
Serratia,R1,-6,6,FALSE,0.020792302926315297,0.00163705843219116,1456.664392154455,TRUE,-4.092344023636621,-3.7378626040196115,-0.17239750022501
Serratia,R1,-3,-6,FALSE,0.02086247913346773,0.0016296866609184237,1444.5116798096428,TRUE,-4.524221890216939,-4.540961843467555,0.16453114771655586
Serratia,R1,-3,-3,FALSE,0.020869929003371132,0.0016289848994949854,1443.2974018859368,TRUE,-4.565334835151053,-4.621206125512381,0.20029931894931743
Serratia,R1,-3,0,FALSE,0.020865387069209665,0.001629423311163442,1444.0469852348388,TRUE,-4.539650330158714,-4.571670696685827,0.17849267253511733
Serratia,R1,-3,3,FALSE,0.02080817422745251,0.0016353633256447875,1453.8847780805304,TRUE,-4.191652449222371,-3.921550482526884,-0.09619651629866112
Serratia,R1,-3,6,FALSE,0.020792302926315297,0.00163705843219116,1456.664392154455,TRUE,-4.092344023636621,-3.7378626040196115,-0.17239750022501
Serratia,R1,0,-6,FALSE,0.020814553701122934,0.0017082606866931508,1515.5625441798925,TRUE,0.07906561894905421,0.1543599512776854,-0.06556751074859435
Serratia,R1,0,-3,FALSE,0.02082794137931199,0.0017069555757736315,1513.2885569665498,TRUE,0.0026052271762853386,0.004085893130537622,-0.0012908492653373924
Serratia,R1,0,0,TRUE,0.020828210240110858,0.0017069111068616005,1513.2267281396153,TRUE,0,0,0
Serratia,R1,0,3,FALSE,0.02077366093430075,0.001712713896298176,1522.9391616287783,TRUE,0.33995850242281656,0.6418359726637675,-0.2619010715815447
Serratia,R1,0,6,FALSE,0.020761285268503078,0.0017140667743352456,1525.1812354725807,TRUE,0.4192173479263295,0.7900010692820987,-0.3213188787527026
Serratia,R1,3,-6,FALSE,0.02079565646688763,0.0018292231796548488,1617.1474185986692,TRUE,7.165696696305203,6.867489750647986,-0.1562965461167554
Serratia,R1,3,-3,FALSE,0.020811968370604304,0.0018275770475405277,1614.24141613968,TRUE,7.06925745540368,6.675449628374845,-0.07798014961110403
Serratia,R1,3,0,FALSE,0.020814177502077032,0.001827324245917732,1613.8217799548952,TRUE,7.054446981572951,6.647718411566327,-0.06737371032870353
Serratia,R1,3,3,FALSE,0.020758821713629895,0.0018334196260504586,1624.1485686988005,TRUE,7.411547014973855,7.3301534063936575,-0.3331468507425329
Serratia,R1,3,6,FALSE,0.02074763538190681,0.0018346851438053133,1626.2711625242366,TRUE,7.485687826980259,7.470422791408129,-0.38685445016720055
Serratia,R1,6,-6,FALSE,0.020792977622704576,0.001958585567641686,1721.8317436276316,TRUE,14.744438639386724,13.785443490314144,-0.16915816097549843
Serratia,R1,6,-3,FALSE,0.020810428766892472,0.001956767440798592,1718.580982440688,TRUE,14.637923025551574,13.57062034937346,-0.08537206516257735
Serratia,R1,6,0,FALSE,0.020812956535688855,0.0019564697610183865,1718.0803568745616,TRUE,14.620483348757114,13.537537034307915,-0.0732357905271556
Serratia,R1,6,3,FALSE,0.02075514214887465,0.001963055259242096,1729.36068272946,TRUE,15.006297126477381,14.28298552825347,-0.3508131058495581
Serratia,R1,6,6,FALSE,0.02074389450511519,0.001964372081727543,1731.5929722803376,TRUE,15.08344364454463,14.430504040143752,-0.40481507543692685
Serratia,R2,-6,-6,FALSE,0.02737482569265361,7.626673961338839e-4,2096.8916635454157,TRUE,-2.1422818959864784,-1.4889479723832761,-0.38400655183029575
Serratia,R2,-6,-3,FALSE,0.02739863044538506,7.615677850872108e-4,2091.2746026334335,TRUE,-2.283372794030457,-1.752835034057689,-0.29738192383247475
Serratia,R2,-6,0,FALSE,0.02745940143964082,7.586669139564745e-4,2076.726884534261,TRUE,-2.6555830534524243,-2.436280459238875,-0.07623848958421857
Serratia,R2,-6,3,FALSE,0.02748007360675236,7.576590639843447e-4,2071.736842060567,TRUE,-2.7849001043238424,-2.6707104692828465,-0.0010132265391575596
Serratia,R2,-6,6,FALSE,0.027487041047246308,7.572926567851159e-4,2069.9838259151156,TRUE,-2.8319137469617357,-2.7530664000693896,0.024341035598913142
Serratia,R2,-3,-6,FALSE,0.02737482569265361,7.626673961338839e-4,2096.8916635454157,TRUE,-2.1422818959864784,-1.4889479723832761,-0.38400655183029575
Serratia,R2,-3,-3,FALSE,0.02739863044538506,7.615677850872108e-4,2091.2746026334335,TRUE,-2.283372794030457,-1.752835034057689,-0.29738192383247475
Serratia,R2,-3,0,FALSE,0.02745940143964082,7.586669139564745e-4,2076.726884534261,TRUE,-2.6555830534524243,-2.436280459238875,-0.07623848958421857
Serratia,R2,-3,3,FALSE,0.02748007360675236,7.576590639843447e-4,2071.736842060567,TRUE,-2.7849001043238424,-2.6707104692828465,-0.0010132265391575596
Serratia,R2,-3,6,FALSE,0.027487041047246308,7.572926567851159e-4,2069.9838259151156,TRUE,-2.8319137469617357,-2.7530664000693896,0.024341035598913142
Serratia,R2,0,-6,FALSE,0.027401288201962245,7.831638914315306e-4,2147.7885484613544,TRUE,0.4876197742892603,0.9021653908699152,-0.2877104444684677
Serratia,R2,0,-3,FALSE,0.027421865464337558,7.821983525014888e-4,2142.843408038279,TRUE,0.36373164571126565,0.669844859499317,-0.2128305363012143
Serratia,R2,0,0,TRUE,0.027480352044972334,7.793635605964574e-4,2128.585189565908,TRUE,0,0,0
Serratia,R2,0,3,FALSE,0.027498522601546598,7.784649633944914e-4,2124.1202873004227,TRUE,-0.11529884734131982,-0.20975915304549567,0.06612199343198787
Serratia,R2,0,6,FALSE,0.02750318638793562,7.782113062081427e-4,2122.912560229379,TRUE,-0.14784555585750805,-0.2664976419236452,0.0830933422028822
Serratia,R2,3,-6,FALSE,0.02739737465878749,8.529765041881136e-4,2332.937210307684,TRUE,9.445263714320856,9.600368439256613,-0.3019516855135307
Serratia,R2,3,-3,FALSE,0.027419438501714306,8.51890648519343e-4,2327.29205666015,TRUE,9.305937766371791,9.335161593169094,-0.22166216487453086
Serratia,R2,3,0,FALSE,0.027480707331234963,8.487726202237244e-4,2311.388148768923,TRUE,8.905864109703472,8.588002965495361,0.001292873766854382
Serratia,R2,3,3,FALSE,0.02749954986148042,8.477936879107015e-4,2306.4582609838035,TRUE,8.780257478534612,8.356398996376084,0.06986015490874233
Serratia,R2,3,6,FALSE,0.027504299943146425,8.475213235544319e-4,2305.1470642335485,TRUE,8.745310456369351,8.294799547282746,0.08714552904889696
Serratia,R2,6,-6,FALSE,0.02737767983486842,9.300413633364639e-4,2538.917329383453,TRUE,19.33344210046089,19.277224225224728,-0.3736204322851802
Serratia,R2,6,-3,FALSE,0.027403541307676332,9.28707426635094e-4,2531.86409705069,TRUE,19.162284919292567,18.94586645916786,-0.279511474854104
Serratia,R2,6,0,FALSE,0.02746968394339585,9.251741767669235e-4,2513.5599249039533,TRUE,18.708934256417542,18.085944467956903,-0.038820833004710315
Serratia,R2,6,3,FALSE,0.027490795475831508,9.240213858722578e-4,2507.669823682555,TRUE,18.561019861525445,17.809230092123094,0.03800326444902395
Serratia,R2,6,6,FALSE,0.027496946886665635,9.236539638028163e-4,2505.869920956794,TRUE,18.51387600107086,17.724671450327406,0.0603880243824468
Serratia,R3,-6,-6,FALSE,0.025558846476694597,0.0011698945212811197,1742.7620658561473,TRUE,-15.045291856230566,-14.217612811773359,0.004563923206792297
Serratia,R3,-6,-3,FALSE,0.025551381584274876,0.0011704876878752327,1744.3235725164714,TRUE,-15.002217635463793,-14.140752194046343,-0.024644097266607004
Serratia,R3,-6,0,FALSE,0.025551381584274876,0.0011704876878752327,1744.3235725164714,TRUE,-15.002217635463793,-14.140752194046343,-0.024644097266607004
Serratia,R3,-6,3,FALSE,0.025551381584274876,0.0011704876878752327,1744.3235725164714,TRUE,-15.002217635463793,-14.140752194046343,-0.024644097266607004
Serratia,R3,-6,6,FALSE,0.025551381584274876,0.0011704876878752327,1744.3235725164714,TRUE,-15.002217635463793,-14.140752194046343,-0.024644097266607004
Serratia,R3,-3,-6,FALSE,0.02555975763751997,0.0012673729140328272,1881.414526097151,TRUE,-7.966663607355215,-7.392849258550741,0.008129038756448851
Serratia,R3,-3,-3,FALSE,0.025551963997329112,0.0012680216900866907,1883.1416856685157,TRUE,-7.919551171743253,-7.3078348587142,-0.02236527910612684
Serratia,R3,-3,0,FALSE,0.025551963997329112,0.0012680216900866907,1883.1416856685157,TRUE,-7.919551171743253,-7.3078348587142,-0.02236527910612684
Serratia,R3,-3,3,FALSE,0.025551963997329112,0.0012680216900866907,1883.1416856685157,TRUE,-7.919551171743253,-7.3078348587142,-0.02236527910612684
Serratia,R3,-3,6,FALSE,0.025551963997329112,0.0012680216900866907,1883.1416856685157,TRUE,-7.919551171743253,-7.3078348587142,-0.02236527910612684
Serratia,R3,0,-6,FALSE,0.025566073936860036,0.0013763470241895974,2029.639220879766,TRUE,-0.053246153739519936,-0.09692033755221963,0.03284293817627187
Serratia,R3,0,-3,FALSE,0.02555768004380396,0.0013770802664653961,2031.6082624654864,TRUE,0,0,0
Serratia,R3,0,0,TRUE,0.02555768004380396,0.0013770802664653961,2031.6082624654864,TRUE,0,0,0
Serratia,R3,0,3,FALSE,0.02555768004380396,0.0013770802664653961,2031.6082624654864,TRUE,0,0,0
Serratia,R3,0,6,FALSE,0.02555768004380396,0.0013770802664653961,2031.6082624654864,TRUE,0,0,0
Serratia,R3,3,-6,FALSE,0.025535287866121126,0.0014931469742036066,2200.324093614078,TRUE,8.428463508240029,8.30454543160028,-0.08761428128239633
Serratia,R3,3,-3,FALSE,0.025527928698694774,0.001493820091154337,2202.1596969776638,TRUE,8.477343516698658,8.39489766128448,-0.11640862964946024
Serratia,R3,3,0,FALSE,0.025527928698694774,0.001493820091154337,2202.1596969776638,TRUE,8.477343516698658,8.39489766128448,-0.11640862964946024
Serratia,R3,3,3,FALSE,0.025527928698694774,0.001493820091154337,2202.1596969776638,TRUE,8.477343516698658,8.39489766128448,-0.11640862964946024
Serratia,R3,3,6,FALSE,0.025527928698694774,0.001493820091154337,2202.1596969776638,TRUE,8.477343516698658,8.39489766128448,-0.11640862964946024
Serratia,R3,6,-6,FALSE,0.02553549169601729,0.0016204290581235535,2375.441153430819,TRUE,17.67135856813706,16.924172701880508,-0.08681675233683649
Serratia,R3,6,-3,FALSE,0.02552779860734545,0.0016211656327165236,2377.4730981371786,TRUE,17.724846706113265,17.02418926235135,-0.11691764044035335
Serratia,R3,6,0,FALSE,0.02552779860734545,0.0016211656327165236,2377.4730981371786,TRUE,17.724846706113265,17.02418926235135,-0.11691764044035335
Serratia,R3,6,3,FALSE,0.02552779860734545,0.0016211656327165236,2377.4730981371786,TRUE,17.724846706113265,17.02418926235135,-0.11691764044035335
Serratia,R3,6,6,FALSE,0.02552779860734545,0.0016211656327165236,2377.4730981371786,TRUE,17.724846706113265,17.02418926235135,-0.11691764044035335
Serratia,R4,-6,-6,FALSE,0.027443037197924628,9.933299646351585e-4,4449.784479481193,TRUE,-15.393476334601301,-14.475621965564988,-0.2891571621012374
Serratia,R4,-6,-3,FALSE,0.02748486128848726,9.910433798684874e-4,4428.957239649937,TRUE,-15.588235372445642,-14.875919270064962,-0.1371945607735631
Serratia,R4,-6,0,FALSE,0.0275336107193657,9.883189824120573e-4,4404.51096636511,TRUE,-15.8202849492004,-15.34577400743157,0.03993039830802577
Serratia,R4,-6,3,FALSE,0.027567473599715717,9.86349588109145e-4,4387.247433224179,TRUE,-15.988027402995245,-15.67757725349061,0.16296693818760324
Serratia,R4,-6,6,FALSE,0.027542721467197665,9.878505277730318e-4,4400.134819655289,TRUE,-15.860185405155567,-15.429883075470869,0.0730331609015774
Serratia,R4,-3,-6,FALSE,0.027424180718712922,0.0010830125592461819,4843.005379323842,TRUE,-7.7547934865319625,-6.9179586575423855,-0.35766982057975033
Serratia,R4,-3,-3,FALSE,0.027470773504654253,0.0010803460106025627,4818.252108537042,TRUE,-7.981915811392226,-7.393713853804359,-0.1883807611046845
Serratia,R4,-3,0,FALSE,0.027523714970471874,0.001077244593651176,4789.926029393277,TRUE,-8.246077888482239,-7.938138041558985,0.00397543255117097
Serratia,R4,-3,3,FALSE,0.027560417347461764,0.0010750049596735599,4769.965920419093,TRUE,-8.436837909698959,-8.32176918445776,0.1373289282820669
Serratia,R4,-3,6,FALSE,0.027535582719989512,0.0010765871421605719,4783.761593862393,TRUE,-8.302076083522168,-8.056617827971847,0.047095415899158714
Serratia,R4,0,-6,FALSE,0.027416301669041472,0.001180505067267569,5263.351358551231,TRUE,0.5490959366972725,1.1610457523272388,-0.3862973619788978
Serratia,R4,0,-3,FALSE,0.027466511766777016,0.0011774995790717938,5234.929061481554,TRUE,0.29310455697953053,0.6147722664083181,-0.20386525258530053
Serratia,R4,0,0,TRUE,0.027522620827244573,0.0011740583605155236,5202.942812036071,TRUE,0,0,0
Serratia,R4,0,3,FALSE,0.02756117389706532,0.0011715925100306151,5180.604142090295,TRUE,-0.21002793113502236,-0.4293468283775776,0.14007775663058591
Serratia,R4,0,6,FALSE,0.027535141000720752,0.0011733329487640589,5196.014070670388,TRUE,-0.06178668589747484,-0.13316966216992787,0.04549048419032156
Serratia,R4,3,-6,FALSE,0.02741078794029792,0.0012865477379867757,5718.337182668999,TRUE,9.581242402793206,9.905824247013753,-0.40633080566205065
Serratia,R4,3,-3,FALSE,0.027464586287825804,0.0012831839440954292,5685.901989068376,TRUE,9.294732463894645,9.282423322337236,-0.2108612394983849
Serratia,R4,3,0,FALSE,0.027523802573159655,0.001279386829466596,5649.95047965861,TRUE,8.971314586510264,8.59143918684763,0.0042937259590946
Serratia,R4,3,3,FALSE,0.02756403863279091,0.0012766927199896066,5625.121267232086,TRUE,8.741844777547234,8.11422440045625,0.1504864155427271
Serratia,R4,3,6,FALSE,0.027536372930892415,0.0012786313001315445,5642.564583351283,TRUE,8.906962646226836,8.449483055977975,0.049966548368204196
Serratia,R4,6,-6,FALSE,0.027422705262531894,0.001401423692424655,6199.779988889828,TRUE,19.365760643218483,19.15910308581048,-0.36303070605024745
Serratia,R4,6,-3,FALSE,0.02747788199837431,0.001397823765751874,6164.412281164552,TRUE,19.05913817930619,18.479339555766305,-0.1625529383668879
Serratia,R4,6,0,FALSE,0.0275383047138337,0.0013937794640670222,6125.417994778279,TRUE,18.71466623303291,17.729873574782097,0.05698544004065934
Serratia,R4,6,3,FALSE,0.02757848842611339,0.0013909663933856138,6099.05212742015,TRUE,18.475063946126735,17.223124446247837,0.20298793207045734
Serratia,R4,6,6,FALSE,0.02754739093720548,0.0013932468407562057,6119.90290479453,TRUE,18.66930023346006,17.623874139789443,0.0899990960758683
Serratia,R5,-6,-6,FALSE,0.02845748482953252,6.967355490911383e-4,1655.5050684222183,TRUE,-8.488194131124198,-8.174829772025985,0.008160349860175014
Serratia,R5,-6,-3,FALSE,0.028452454384873246,6.969387735397271e-4,1656.4384312186544,TRUE,-8.461501885678524,-8.123059349028196,-0.009518145591176719
Serratia,R5,-6,0,FALSE,0.02843809932399476,6.975566320732075e-4,1659.1942475588357,TRUE,-8.380350076725989,-7.970203698277843,-0.05996614683821123
Serratia,R5,-6,3,FALSE,0.028396215132619647,6.994148796189624e-4,1667.3860583008702,TRUE,-8.136281019412545,-7.51583214109526,-0.20715979210441188
Serratia,R5,-6,6,FALSE,0.02841281130151736,6.986350696935004e-4,1664.033114271241,TRUE,-8.23870411897534,-7.701808410306568,-0.14883586325904405
Serratia,R5,-3,-6,FALSE,0.02845748482953252,6.967355490911383e-4,1655.5050684222183,TRUE,-8.488194131124198,-8.174829772025985,0.008160349860175014
Serratia,R5,-3,-3,FALSE,0.028452454384873246,6.969387735397271e-4,1656.4384312186544,TRUE,-8.461501885678524,-8.123059349028196,-0.009518145591176719
Serratia,R5,-3,0,FALSE,0.02843809932399476,6.975566320732075e-4,1659.1942475588357,TRUE,-8.380350076725989,-7.970203698277843,-0.05996614683821123
Serratia,R5,-3,3,FALSE,0.028396215132619647,6.994148796189624e-4,1667.3860583008702,TRUE,-8.136281019412545,-7.51583214109526,-0.20715979210441188
Serratia,R5,-3,6,FALSE,0.02841281130151736,6.986350696935004e-4,1664.033114271241,TRUE,-8.23870411897534,-7.701808410306568,-0.14883586325904405
Serratia,R5,0,-6,FALSE,0.028481542491383332,7.601885799158176e-4,1797.5451735666622,TRUE,-0.1540400231639599,-0.296353841705573,0.09270620900517537
Serratia,R5,0,-3,FALSE,0.028472932611691464,7.605572164285929e-4,1799.254276093348,TRUE,-0.10562194971087663,-0.20155580487470787,0.06244850232535948
Serratia,R5,0,0,TRUE,0.02845516278869568,7.613613811637236e-4,1802.8881017177555,TRUE,0,0,0
Serratia,R5,0,3,FALSE,0.028409378823175145,7.63500253681226e-4,1812.4341102463509,TRUE,0.2809273717341814,0.5294842491611181,-0.16089862447992803
Serratia,R5,0,6,FALSE,0.028424829848515812,7.6273331836759e-4,1809.1015000902278,TRUE,0.18019527097229648,0.3446358299526345,-0.1065990744987734
Serratia,R5,3,-6,FALSE,0.02845393367621096,8.305932811963165e-4,1964.6307724438536,TRUE,9.093172013370765,8.971309454646297,-0.004319470929927829
Serratia,R5,3,-3,FALSE,0.028448887379549526,8.308173560538817e-4,1965.6970580749726,TRUE,9.122602828107219,9.030452649950709,-0.022053675084394545
Serratia,R5,3,0,FALSE,0.028433739291212592,8.315383043465053e-4,1969.014882561619,TRUE,9.217294824636078,9.21448095894478,-0.07528861332538182
Serratia,R5,3,3,FALSE,0.028389111194970902,8.337306747144785e-4,1978.9758299915102,TRUE,9.505248800528868,9.76698044132533,-0.23212516552890305
Serratia,R5,3,6,FALSE,0.02840793621084585,8.327490033455053e-4,1974.6347543339607,TRUE,9.376312477613105,9.526195910471008,-0.165968398074296
Serratia,R5,6,-6,FALSE,0.028478089958216442,9.052647955808987e-4,2133.3914973692126,TRUE,18.900802953417728,18.331886229464832,0.0805729690988421
Serratia,R5,6,-3,FALSE,0.028469398764291363,9.056730525704744e-4,2135.356854448849,TRUE,18.954424925805096,18.440897824680516,0.05002949974806489
Serratia,R5,6,0,FALSE,0.028450707254380776,9.066054305083867e-4,2139.716586972603,TRUE,19.076886868448838,18.682717187712555,-0.015658087595532198
Serratia,R5,6,3,FALSE,0.028401890247185452,9.091228358290298e-4,2151.3290401349577,TRUE,19.407532128758117,19.32682001091553,-0.18721573271544426
Serratia,R5,6,6,FALSE,0.02841977533060079,9.08140795667273e-4,2146.9279777719435,TRUE,19.27854736724371,19.08270822389885,-0.12436217061090936
Yersinia,R1,-6,-6,FALSE,0.0461949109113497,2.968445193971215e-4,1238.7262071174994,TRUE,-24.633789373469458,-24.584689364386023,0.08164465216894053
Yersinia,R1,-6,-3,FALSE,0.046205543079259434,2.966441525351743e-4,1237.178644866942,TRUE,-24.684660756073246,-24.678907027000356,0.10467932914160423
Yersinia,R1,-6,0,FALSE,0.04618725859304841,2.9702213149685564e-4,1239.9803280249712,TRUE,-24.588695224702388,-24.50833680377322,0.0650658432506832
Yersinia,R1,-6,3,FALSE,0.046173238019758985,2.973199987715584e-4,1242.1651556909071,TRUE,-24.51306934550613,-24.37532156911918,0.03469015887140442
Yersinia,R1,-6,6,FALSE,0.046173238019758985,2.973199987715584e-4,1242.1651556909071,TRUE,-24.51306934550613,-24.37532156911918,0.03469015887140442
Yersinia,R1,-3,-6,FALSE,0.046168167923575136,3.418582786777532e-4,1427.8647617791305,TRUE,-13.205192106704734,-13.06968082495261,0.023705754862096768
Yersinia,R1,-3,-3,FALSE,0.046183851986909934,3.4152600852359387e-4,1425.2677515761973,TRUE,-13.289552574178211,-13.227790284535143,0.057685403754322954
Yersinia,R1,-3,0,FALSE,0.04616901479821762,3.41865673795667e-4,1427.830266939385,TRUE,-13.203314551358815,-13.071780916998605,0.025540515561094358
Yersinia,R1,-3,3,FALSE,0.04615580779723621,3.421766660924846e-4,1430.1500612287841,TRUE,-13.124356344575062,-12.930548733534222,-0.0030725578936621287
Yersinia,R1,-3,6,FALSE,0.04615580779723621,3.421766660924846e-4,1430.1500612287841,TRUE,-13.124356344575062,-12.930548733534222,-0.0030725578936621287
Yersinia,R1,0,-6,FALSE,0.046150622367380045,3.9400247032174706e-4,1643.6807150443758,TRUE,0.0337591745009796,0.06948347309939737,-0.01430683322821387
Yersinia,R1,0,-3,FALSE,0.046169904707796756,3.9354814647152433e-4,1640.0745613602141,TRUE,-0.08158965207693299,-0.1500639932641832,0.027468511795198648
Yersinia,R1,0,0,TRUE,0.04615722600472731,3.938695032288459e-4,1642.5394216072164,TRUE,0,0,0
Yersinia,R1,0,3,FALSE,0.04614443295772745,3.942033568902876e-4,1645.0692130711443,TRUE,0.08476250603432202,0.15401709271930666,-0.027716238836686502
Yersinia,R1,0,6,FALSE,0.04614443295772745,3.942033568902876e-4,1645.0692130711443,TRUE,0.08476250603432202,0.15401709271930666,-0.027716238836686502
Yersinia,R1,3,-6,FALSE,0.046098329777055254,4.5469863780330015e-4,1900.2123164737127,TRUE,15.443981845710798,15.687470965802742,-0.12759914919069343
Yersinia,R1,3,-3,FALSE,0.04612774176625463,4.539243748105117e-4,1893.9622496767495,TRUE,15.247403286964504,15.306958527882223,-0.06387783891012565
Yersinia,R1,3,0,FALSE,0.046122393299876344,4.540741155405926e-4,1895.1350084428227,TRUE,15.28542114030257,15.378357652350461,-0.07546533417627893
Yersinia,R1,3,3,FALSE,0.04611148383503551,4.5438940828114904e-4,1897.5699205991464,TRUE,15.365471191898783,15.526598365741748,-0.09910077717217856
Yersinia,R1,3,6,FALSE,0.04611148383503551,4.5438940828114904e-4,1897.5699205991464,TRUE,15.365471191898783,15.526598365741748,-0.09910077717217856
Yersinia,R1,6,-6,FALSE,0.04604426779337918,5.240842946554056e-4,2196.5905998043354,TRUE,33.06038938254694,33.731377823186904,-0.24472487002698315
Yersinia,R1,6,-3,FALSE,0.04608464215890381,5.229059160858363e-4,2186.8724215099132,TRUE,32.761209435912505,33.13972211212258,-0.1572534835955452
Yersinia,R1,6,0,FALSE,0.046087093034409235,5.22829320358841e-4,2186.2623463341083,TRUE,32.74176245502991,33.102579918286644,-0.15194364217401965
Yersinia,R1,6,3,FALSE,0.04607815851534649,5.231145638068302e-4,2188.5121117043273,TRUE,32.81418325573951,33.2395486473548,-0.1713003493163233
Yersinia,R1,6,6,FALSE,0.04607815851534649,5.231145638068302e-4,2188.5121117043273,TRUE,32.81418325573951,33.2395486473548,-0.1713003493163233
Yersinia,R2,-6,-6,FALSE,0.03815136987137335,3.3530472942567527e-4,716.7816312941212,TRUE,-3.446405298006609,-3.3132143775680594,-0.09141685297458971
Yersinia,R2,-6,-3,FALSE,0.038167717921311434,3.348879664338924e-4,715.2464990123243,TRUE,-3.566415430474223,-3.5202886095962893,-0.04860553290830776
Yersinia,R2,-6,0,FALSE,0.038191107897050866,3.342886274062013e-4,713.0473855230641,TRUE,-3.738999747038724,-3.8169273698720114,0.012646771893555531
Yersinia,R2,-6,3,FALSE,0.038196663100247524,3.341413481723426e-4,712.5152250302607,TRUE,-3.781409943513936,-3.8887105814360643,0.027194414149735766
Yersinia,R2,-6,6,FALSE,0.038196663100247524,3.341413481723426e-4,712.5152250302607,TRUE,-3.781409943513936,-3.8887105814360643,0.027194414149735766
Yersinia,R2,-3,-6,FALSE,0.03815136987137335,3.3530472942567527e-4,716.7816312941212,TRUE,-3.446405298006609,-3.3132143775680594,-0.09141685297458971
Yersinia,R2,-3,-3,FALSE,0.038167717921311434,3.348879664338924e-4,715.2464990123243,TRUE,-3.566415430474223,-3.5202886095962893,-0.04860553290830776
Yersinia,R2,-3,0,FALSE,0.038191107897050866,3.342886274062013e-4,713.0473855230641,TRUE,-3.738999747038724,-3.8169273698720114,0.012646771893555531
Yersinia,R2,-3,3,FALSE,0.038196663100247524,3.341413481723426e-4,712.5152250302607,TRUE,-3.781409943513936,-3.8887105814360643,0.027194414149735766
Yersinia,R2,-3,6,FALSE,0.038196663100247524,3.341413481723426e-4,712.5152250302607,TRUE,-3.781409943513936,-3.8887105814360643,0.027194414149735766
Yersinia,R2,0,-6,FALSE,0.03814425732248539,3.4837671096641027e-4,745.4227325841072,TRUE,0.3177730653523778,0.5501882258378339,-0.11004278133196647
Yersinia,R2,0,-3,FALSE,0.03816182733527844,3.479170347557489e-4,743.7192054354672,TRUE,0.18540573902695304,0.32039918405509255,-0.0640314561830503
Yersinia,R2,0,0,TRUE,0.03818627856550605,3.4727317036778617e-4,741.3439454830975,TRUE,0,0,0
Yersinia,R2,0,3,FALSE,0.03819213223363056,3.471137141445723e-4,740.76471262227,TRUE,-0.04591665490455785,-0.07813281060115794,0.015329244808374224
Yersinia,R2,0,6,FALSE,0.03819213223363056,3.471137141445723e-4,740.76471262227,TRUE,-0.04591665490455785,-0.07813281060115794,0.015329244808374224
Yersinia,R2,3,-6,FALSE,0.03813534342258456,3.9112727392420007e-4,836.8518630555292,TRUE,12.628128890570322,12.883077841850296,-0.13338598270086258
Yersinia,R2,3,-3,FALSE,0.03815476638874546,3.905767952669771e-4,834.780686509497,TRUE,12.469614296241035,12.603696515726083,-0.08252225130168848
Yersinia,R2,3,0,FALSE,0.03818086714072843,3.898310072934163e-4,831.9899761714984,TRUE,12.254858871060625,12.227257164598718,-0.014171123714861846
Yersinia,R2,3,3,FALSE,0.03818715507419505,3.8964506872964056e-4,831.3052287522587,TRUE,12.201316421012207,12.134891478817948,0.0022953498532224596
Yersinia,R2,3,6,FALSE,0.03818715507419505,3.8964506872964056e-4,831.3052287522587,TRUE,12.201316421012207,12.134891478817948,0.0022953498532224596
Yersinia,R2,6,-6,FALSE,0.038138888734908796,4.3912117726401087e-4,937.8224786042435,TRUE,26.448345202985692,26.503019862543102,-0.12410172548225251
Yersinia,R2,6,-3,FALSE,0.03815828958652188,4.385251849191998e-4,935.5495495810038,TRUE,26.276724589685823,26.196424113419045,-0.07329590637159858
Yersinia,R2,6,0,FALSE,0.03818446826988312,4.3771471986326765e-4,932.47522177718,TRUE,26.043344897533448,25.781727558256588,-0.0047406966348433124
Yersinia,R2,6,3,FALSE,0.03819071932866552,4.3751417447198554e-4,931.7271962421797,TRUE,25.98559629833423,25.680826277608404,0.011629211660038215
Yersinia,R2,6,6,FALSE,0.03819071932866552,4.3751417447198554e-4,931.7271962421797,TRUE,25.98559629833423,25.680826277608404,0.011629211660038215
Yersinia,R3,-6,-6,FALSE,0.03868474221865438,3.6998676695697643e-4,1030.78961328061,TRUE,-20.741646170127723,-20.206950373015577,-0.1368903145799316
Yersinia,R3,-6,-3,FALSE,0.03874360028962132,3.68405607467742e-4,1023.063026749006,TRUE,-21.080361252534374,-20.805062630473518,0.01504943374827835
Yersinia,R3,-6,0,FALSE,0.03874056516664554,3.6849677321231287e-4,1023.4872498682247,TRUE,-21.060831778818894,-20.77222367287382,0.007214385580554547
Yersinia,R3,-6,3,FALSE,0.038753107121145554,3.6814063861387216e-4,1021.7921174285369,TRUE,-21.13712272902349,-20.903443259433136,0.03959093783531515
Yersinia,R3,-6,6,FALSE,0.038753107121145554,3.6814063861387216e-4,1021.7921174285369,TRUE,-21.13712272902349,-20.903443259433136,0.03959093783531515
Yersinia,R3,-3,-6,FALSE,0.03868544186665218,4.1616832537353683e-4,1157.5213336237482,TRUE,-10.848659111430317,-10.39669392459298,-0.13508420134927646
Yersinia,R3,-3,-3,FALSE,0.03874570380465913,4.1441107950336304e-4,1148.8149499659532,TRUE,-11.225095317756885,-11.070651921770507,0.02047957340794479
Yersinia,R3,-3,0,FALSE,0.0387422503704845,4.1452315924771146e-4,1149.3442154678303,TRUE,-11.201085658958032,-11.029681671475963,0.011564671666506243
Yersinia,R3,-3,3,FALSE,0.03875500840159567,4.1412927812901895e-4,1147.445644123428,TRUE,-11.285462647164927,-11.176649389769231,0.044499017022174354
Yersinia,R3,-3,6,FALSE,0.03875500840159567,4.1412927812901895e-4,1147.445644123428,TRUE,-11.285462647164927,-11.176649389769231,0.044499017022174354
Yersinia,R3,0,-6,FALSE,0.03867732163801967,4.687126276049604e-4,1301.4162078484287,TRUE,0.4073512920071353,0.7421560329035761,-0.15604624571331804
Yersinia,R3,0,-3,FALSE,0.038740516819033156,4.6671196048565626e-4,1291.3592394295208,TRUE,-0.02123047523222395,-0.03635024015922445,0.007089578159286934
Yersinia,R3,0,0,TRUE,0.0387377704745182,4.668110666935519e-4,1291.8288223088762,TRUE,0,0,0
Yersinia,R3,0,3,FALSE,0.038751107128731976,4.663633332070201e-4,1289.6422627075794,TRUE,-0.09591321167750619,-0.16926078467491534,0.03442803767591373
Yersinia,R3,0,6,FALSE,0.038751107128731976,4.663633332070201e-4,1289.6422627075794,TRUE,-0.09591321167750619,-0.16926078467491534,0.03442803767591373
Yersinia,R3,3,-6,FALSE,0.038648573132240724,5.284465421287923e-4,1467.1967591661255,TRUE,13.203516333022648,13.575168306263325,-0.23025935975368178
Yersinia,R3,3,-3,FALSE,0.03871824685533018,5.260522599592131e-4,1454.9559031571814,TRUE,12.690614574600755,12.62760808794693,-0.05039943948468444
Yersinia,R3,3,0,FALSE,0.03871896768176434,5.260370435996121e-4,1454.8560647493287,TRUE,12.687354934740732,12.61987963305193,-0.04853865497042324
Yersinia,R3,3,3,FALSE,0.03873372653882019,5.254984753106221e-4,1452.18577793531,TRUE,12.571983143578048,12.413173700508475,-0.010439257728235762
Yersinia,R3,3,6,FALSE,0.03873372653882019,5.254984753106221e-4,1452.18577793531,TRUE,12.571983143578048,12.413173700508475,-0.010439257728235762
Yersinia,R3,6,-6,FALSE,0.03861324189514498,5.946997924685882e-4,1655.262307606992,TRUE,27.39624976778702,28.13325411400512,-0.3214655305346934
Yersinia,R3,6,-3,FALSE,0.038690808665031134,0.00059181510272316145,1640.211866117817,TRUE,26.778293178655748,26.96820490398088,-0.1212300266943793
Yersinia,R3,6,0,FALSE,0.03869593667416043,5.916293333432763e-4,1639.23402326243,TRUE,26.738497768233923,26.89251044365452,-0.10799227690527402
Yersinia,R3,6,3,FALSE,0.03871242622814846,5.909772241345669e-4,1635.9409774065666,TRUE,26.598803306119247,26.637596959840337,-0.06542515498255674
Yersinia,R3,6,6,FALSE,0.03871242622814846,5.909772241345669e-4,1635.9409774065666,TRUE,26.598803306119247,26.637596959840337,-0.06542515498255674
Yersinia,R4,-6,-6,FALSE,0.03677739409014067,5.024081742403013e-4,3122.953365263567,TRUE,-3.9373646152672723,-4.136193457397601,0.1199431907210295
Yersinia,R4,-6,-3,FALSE,0.03673777029942448,5.037612072333614e-4,3138.701558675003,TRUE,-3.6786588024640077,-3.6527786925850654,0.01207443673094122
Yersinia,R4,-6,0,FALSE,0.03672869206337031,5.040786403146741e-4,3142.363981784367,TRUE,-3.6179642120638578,-3.5403550411983997,-0.012639453431801688
Yersinia,R4,-6,3,FALSE,0.03672869206337031,5.040786403146741e-4,3142.363981784367,TRUE,-3.6179642120638578,-3.5403550411983997,-0.012639453431801688
Yersinia,R4,-6,6,FALSE,0.03672869206337031,5.040786403146741e-4,3142.363981784367,TRUE,-3.6179642120638578,-3.5403550411983997,-0.012639453431801688
Yersinia,R4,-3,-6,FALSE,0.03677739409014067,5.024081742403013e-4,3122.953365263567,TRUE,-3.9373646152672723,-4.136193457397601,0.1199431907210295
Yersinia,R4,-3,-3,FALSE,0.03673777029942448,5.037612072333614e-4,3138.701558675003,TRUE,-3.6786588024640077,-3.6527786925850654,0.01207443673094122
Yersinia,R4,-3,0,FALSE,0.03672869206337031,5.040786403146741e-4,3142.363981784367,TRUE,-3.6179642120638578,-3.5403550411983997,-0.012639453431801688
Yersinia,R4,-3,3,FALSE,0.03672869206337031,5.040786403146741e-4,3142.363981784367,TRUE,-3.6179642120638578,-3.5403550411983997,-0.012639453431801688
Yersinia,R4,-3,6,FALSE,0.03672869206337031,5.040786403146741e-4,3142.363981784367,TRUE,-3.6179642120638578,-3.5403550411983997,-0.012639453431801688
Yersinia,R4,0,-6,FALSE,0.03678441142876723,5.21203923657479e-4,3236.726483679978,TRUE,-0.3435353035221582,-0.643754429990301,0.13904665256281948
Yersinia,R4,0,-3,FALSE,0.03674333543546162,5.226415788970281e-4,3253.539145295451,TRUE,-0.06864934790531921,-0.12766419358169834,0.027224534166375172
Yersinia,R4,0,0,TRUE,0.03673333495613604,5.230006154090472e-4,3257.6980592521218,TRUE,0,0,0
Yersinia,R4,0,3,FALSE,0.03673333495613604,5.230006154090472e-4,3257.6980592521218,TRUE,0,0,0
Yersinia,R4,0,6,FALSE,0.03673333495613604,5.230006154090472e-4,3257.6980592521218,TRUE,0,0,0
Yersinia,R4,3,-6,FALSE,0.0367951765194992,5.833725437797201e-4,3608.966364761219,TRUE,11.543376162847352,10.7827152523073,0.16835270589236676
Yersinia,R4,3,-3,FALSE,0.03675119272796749,5.850326993204863e-4,3628.6521703983835,TRUE,11.860805147030804,11.387001017258877,0.04861462171287563
Yersinia,R4,3,0,FALSE,0.036739707596208176,5.854784488824787e-4,3633.8814082503427,TRUE,11.946034408499985,11.547520431791714,0.017348384184959948
Yersinia,R4,3,3,FALSE,0.036739707596208176,5.854784488824787e-4,3633.8814082503427,TRUE,11.946034408499985,11.547520431791714,0.017348384184959948
Yersinia,R4,3,6,FALSE,0.036739707596208176,5.854784488824787e-4,3633.8814082503427,TRUE,11.946034408499985,11.547520431791714,0.017348384184959948
Yersinia,R4,6,-6,FALSE,0.03677088597825975,6.530244556813979e-4,4043.506296867784,TRUE,24.861125673945324,24.121579818728268,0.10222600852481743
Yersinia,R4,6,-3,FALSE,0.036729363859351945,6.547111932092181e-4,4063.9058962185586,TRUE,25.183637250055234,24.74777656808133,-0.010810607827563264
Yersinia,R4,6,0,FALSE,0.03672096186391038,6.550600775735997e-4,4068.0899979676788,TRUE,25.25034546302908,24.87621393928696,-0.03368355266527155
Yersinia,R4,6,3,FALSE,0.03672096186391038,6.550600775735997e-4,4068.0899979676788,TRUE,25.25034546302908,24.87621393928696,-0.03368355266527155
Yersinia,R4,6,6,FALSE,0.03672096186391038,6.550600775735997e-4,4068.0899979676788,TRUE,25.25034546302908,24.87621393928696,-0.03368355266527155
Yersinia,R5,-6,-6,FALSE,0.036003294128144146,4.835456823529484e-4,1315.2004250649525,TRUE,-19.68444378362,-19.321331584222662,-0.02950293583856459
Yersinia,R5,-6,-3,FALSE,0.03601435633361639,4.8317797158183923e-4,1313.4289823288423,TRUE,-19.745519492050853,-19.429997638764966,0.001213536263955815
Yersinia,R5,-6,0,FALSE,0.036007071925790994,4.8345356124054135e-4,1314.6862591135496,TRUE,-19.69974483717556,-19.352872194697955,-0.01901310934605014
Yersinia,R5,-6,3,FALSE,0.036007071925790994,4.8345356124054135e-4,1314.6862591135496,TRUE,-19.69974483717556,-19.352872194697955,-0.01901310934605014
Yersinia,R5,-6,6,FALSE,0.036007071925790994,4.8345356124054135e-4,1314.6862591135496,TRUE,-19.69974483717556,-19.352872194697955,-0.01901310934605014
Yersinia,R5,-3,-6,FALSE,0.036014510880697674,5.394055968151037e-4,1462.960711556649,TRUE,-10.40627159853016,-10.257235396529364,0.0016426677895576731
Yersinia,R5,-3,-3,FALSE,0.036024139146634666,5.390635868706932e-4,1461.2862545250507,TRUE,-10.463078473080664,-10.35995203275772,0.02837751400004994
Yersinia,R5,-3,0,FALSE,0.03601514579195025,5.3942713302649e-4,1462.9698262457014,TRUE,-10.402694495353753,-10.256676271880554,0.0034056285143573175
Yersinia,R5,-3,3,FALSE,0.03601514579195025,5.3942713302649e-4,1462.9698262457014,TRUE,-10.402694495353753,-10.256676271880554,0.0034056285143573175
Yersinia,R5,-3,6,FALSE,0.03601514579195025,5.3942713302649e-4,1462.9698262457014,TRUE,-10.402694495353753,-10.256676271880554,0.0034056285143573175
Yersinia,R5,0,-6,FALSE,0.03601289596449844,6.020469466684968e-4,1630.23166449394,TRUE,-0.0017223713738884286,0.0037084797260918904,-0.002841476760647281
Yersinia,R5,0,-3,FALSE,0.03602303213576932,6.016596583078254e-4,1628.3068141251786,TRUE,-0.06604986149249507,-0.11436809757094817,0.025303672310177723
Yersinia,R5,0,0,TRUE,0.03601391929164571,6.020573163313677e-4,1630.1712099251192,TRUE,0,0,0
Yersinia,R5,0,3,FALSE,0.03601391929164571,6.020573163313677e-4,1630.1712099251192,TRUE,0,0,0
Yersinia,R5,0,6,FALSE,0.03601391929164571,6.020573163313677e-4,1630.1712099251192,TRUE,0,0,0
Yersinia,R5,3,-6,FALSE,0.036012592594507585,6.722688970948796e-4,1816.2950942714397,TRUE,11.661942951104002,11.417443960065391,-0.003683845480365823
Yersinia,R5,3,-3,FALSE,0.036023080571210224,6.718384645109972e-4,1814.1221619007786,TRUE,11.590449328784914,11.284149226516458,0.025438163201071517
Yersinia,R5,3,0,FALSE,0.03601366127471298,6.722815617046895e-4,1816.2263008028933,TRUE,11.66404650660718,11.413223945129076,-7.164366939530094e-4
Yersinia,R5,3,3,FALSE,0.03601366127471298,6.722815617046895e-4,1816.2263008028933,TRUE,11.66404650660718,11.413223945129076,-7.164366939530094e-4
Yersinia,R5,3,6,FALSE,0.03601366127471298,6.722815617046895e-4,1816.2263008028933,TRUE,11.66404650660718,11.413223945129076,-7.164366939530094e-4
Yersinia,R5,6,-6,FALSE,0.03600533498849594,7.498032798581312e-4,2025.4056202734223,TRUE,24.540182391113948,24.244963224841758,-0.023836070382282526
Yersinia,R5,6,-3,FALSE,0.03601729929582821,7.492749628908897e-4,2022.6937956832098,TRUE,24.452430452401405,24.07861109117004,0.009385271719878914
Yersinia,R5,6,0,FALSE,0.03600845019026948,7.497252689957502e-4,2024.8601083263507,TRUE,24.52722500977086,24.211499749119064,-0.015186076616502791
Yersinia,R5,6,3,FALSE,0.03600845019026948,7.497252689957502e-4,2024.8601083263507,TRUE,24.52722500977086,24.211499749119064,-0.015186076616502791
Yersinia,R5,6,6,FALSE,0.03600845019026948,7.497252689957502e-4,2024.8601083263507,TRUE,24.52722500977086,24.211499749119064,-0.015186076616502791
