arm,r_true,K_true,R_true,noise_sd,dt,duration,r_est,K_est,O2_0_est,R_est,bias_log_r,bias_log_K,bias_log_R
none,0.01,0.002,2e-12,0.005,1,60,0.008894105003184494,0.0020465100844452794,0.999536055300049,2.0465100844452793e-12,-0.11719639490546664,0.022988764032903067,-0.11414221557221974
none,0.01,0.002,2e-12,0.005,1,60,0.011524235347015977,0.001899758840689412,0.999807930666296,1.899758840689412e-12,0.14186714635708408,-0.051420228396272055,0.13758495463370912
none,0.01,0.002,2e-12,0.005,1,60,0.009406191716675776,0.0020700249548165728,1.0015880771121959,2.0700249548165727e-12,-0.0612169272978978,0.034413482111609106,-0.03921874502059475
none,0.01,0.002,2e-12,0.005,1,60,0.010156594735781151,0.00199970683530725,1.000781863199428,1.99970683530725e-12,0.015538129175282158,-1.4659309061708183e-4,0.019271154146245615
none,0.01,0.002,2e-12,0.005,1,60,0.009375159142582114,0.002016587794839259,0.9998558214307204,2.016587794839259e-12,-0.06452154607288962,0.008259692052817447,-0.06922057426700047
none,0.01,0.002,2e-12,0.005,1,60,0.011318586518570971,0.0019341694522174474,0.9993971775060954,1.9341694522174476e-12,0.12386110613398083,-0.033469169881276926,0.13003555842152345
none,0.01,0.002,2e-12,0.005,1,60,0.010378376321543316,0.001952466801252277,0.9987457089433845,1.952466801252277e-12,0.03713934876480875,-0.024053581172655613,0.02286508269871557
none,0.01,0.002,2e-12,0.005,1,60,0.00779892967515664,0.0021590980110612946,1.001621137697156,2.1590980110612946e-12,-0.2485985898479448,0.07654336645057681,-0.19638935382999984
none,0.01,0.002,2e-12,0.005,1,60,0.009495906468591315,0.0020347438988369024,1.0006005981434563,2.034743898836902e-12,-0.05172428529380907,0.017222782177664743,-0.0452848157170122
none,0.01,0.002,2e-12,0.005,1,60,0.012259661260731134,0.0018539904649459626,0.998931776533076,1.8539904649459627e-12,0.20372920750190116,-0.07580685639284968,0.204391139937811
none,0.01,0.002,2e-12,0.005,1,60,0.012740126955841839,0.0017901444709048835,0.996921085723951,1.7901444709048835e-12,0.24217152223704205,-0.1108508539614305,0.2289248885629575
none,0.01,0.002,2e-12,0.005,1,60,0.012054090013775791,0.0019149817248521035,1.000109007886167,1.9149817248521037e-12,0.18681892958295915,-0.04343910113104272,0.21126806057715536
none,0.01,0.002,2e-12,0.005,1,60,0.011402587605028207,0.0018638776044011332,0.9966193901864112,1.8638776044011334e-12,0.13125521954689492,-0.07048812932737539,0.10343273369612224
none,0.01,0.002,2e-12,0.005,1,60,0.009941101677295781,0.001994124929984277,0.9996827476462758,1.994124929984277e-12,-0.005907245741122148,-0.002941858031921442,-0.01024525004724462
none,0.01,0.002,2e-12,0.005,1,60,0.00885400666471709,0.0021017858974839636,1.000751868418705,2.1017858974839635e-12,-0.12171500594922158,0.04964023013427595,-0.09246294344080494
none,0.01,0.002,2e-12,0.005,1,60,0.010464939727331118,0.0020218429407813676,1.0009125291530312,2.0218429407813676e-12,0.045445503434977844,0.010862261839150282,0.06851478802820894
none,0.01,0.002,2e-12,0.005,1,60,0.009503269175745186,0.002019743657394456,0.9994130828536845,2.0197436573944564e-12,-0.05094922982190105,0.009823420520420324,-0.05177120168717667
none,0.01,0.002,2e-12,0.005,1,60,0.013619275491657121,0.0017706714353298888,0.9974574851760428,1.7706714353298888e-12,0.3089010118673007,-0.12178836391190381,0.32700179705357924
none,0.01,0.002,2e-12,0.005,1,60,0.009874963438447472,0.0020042975635058157,0.9991785198277842,2.0042975635058157e-12,-0.01258248464941323,0.002146476423239841,-0.013358057209273716
none,0.01,0.002,2e-12,0.005,1,60,0.012408101070056993,0.0018399405011419428,0.9985007821678072,1.839940501141943e-12,0.21576447840286753,-0.08341394579778233,0.21519058688928472
none,0.01,0.002,2e-12,0.005,1,60,0.013205765041176239,0.0017906243765663259,0.9968662283768907,1.7906243765663259e-12,0.27806838679635915,-0.11058280780444123,0.28693205730141236
none,0.01,0.002,2e-12,0.005,1,60,0.01088335527742449,0.001971823773359029,0.9998127663421253,1.971823773359029e-12,0.08464949036065544,-0.014188292795138663,0.09534776160549813
none,0.01,0.002,2e-12,0.005,1,60,0.008486802966023553,0.0021089569040711456,1.000794367937776,2.1089569040711456e-12,-0.16407272825060285,0.05304628643257753,-0.13459014578050196
none,0.01,0.002,2e-12,0.005,1,60,0.011370848110746425,0.0019038575003892126,0.9973811263439203,1.9038575003892124e-12,0.1284678039607359,-0.04926508922414776,0.12072007650840894
none,0.01,0.002,2e-12,0.005,1,60,0.010338604376725995,0.0019213603994343454,0.9981644694377655,1.9213603994343454e-12,0.03329979373919903,-0.040113704045131315,0.0018732386688920868
none,0.01,0.002,2e-12,0.005,1,60,0.010040887352868694,0.002032643445287797,1.0012249669051354,2.032643445287797e-12,0.004080399123929991,0.016189955176883392,0.021259986932601473
none,0.01,0.002,2e-12,0.005,1,60,0.011446363491255863,0.00191663499447928,0.9993665081620174,1.91663499447928e-12,0.13508698754399892,-0.042576139174835055,0.136772933740892
none,0.01,0.002,2e-12,0.005,1,60,0.010961936397234402,0.0019684600734325916,1.0014425009100376,1.9684600734325916e-12,0.09184385149978283,-0.015895632100796548,0.10338448115626926
none,0.01,0.002,2e-12,0.005,1,60,0.00847757385845481,0.002068794365883712,1.0003384916689082,2.0687943658837118e-12,-0.16516078572241413,0.033818825097726386,-0.15496201645387728
none,0.01,0.002,2e-12,0.005,1,60,0.012037051747425092,0.0018424656947970677,0.9978876073977414,1.8424656947970677e-12,0.1854044454243928,-0.08204245448662204,0.17055196219408938
none,0.01,0.002,2e-12,0.005,1,120,0.0100285562969718,0.0019888603132748994,0.9995939151685255,1.9888603132748993e-12,0.0028515601323023275,-0.005585412779816263,-0.0020444319553130207
none,0.01,0.002,2e-12,0.005,1,120,0.00972362533665709,0.0020299656150994747,1.0006432074429243,2.029965615099475e-12,-0.028026567038002853,0.014871673975651766,-0.01939878427886901
none,0.01,0.002,2e-12,0.005,1,120,0.010387850969022948,0.0019484416271629262,0.9994930495511117,1.948441627162926e-12,0.03805185424830304,-0.026117293044793002,0.021976227114052463
none,0.01,0.002,2e-12,0.005,1,120,0.009919037707167865,0.0020107419612055088,0.9999942887481809,2.0107419612055087e-12,-0.008129181728405254,0.005356608325616896,-0.004682715985567927
none,0.01,0.002,2e-12,0.005,1,120,0.010228707117401361,0.0019731753759171886,0.9989899911020376,1.9731753759171886e-12,0.02261309749698358,-0.013503069523902926,0.014856613033865847
none,0.01,0.002,2e-12,0.005,1,120,0.009590988838457451,0.0020652771920341984,1.0018161253110518,2.0652771920341985e-12,-0.04176109800060822,0.0321172702751545,-0.018600113756121604
none,0.01,0.002,2e-12,0.005,1,120,0.009643918044789892,0.0020581889135405694,1.0020293476029207,2.0581889135405693e-12,-0.03625763076287924,0.02867924736234346,-0.015474915083709975
none,0.01,0.002,2e-12,0.005,1,120,0.010511239524464882,0.001932977122268876,0.9992423383754888,1.932977122268876e-12,0.049860022568205195,-0.034085815753569344,0.029307885280075947
none,0.01,0.002,2e-12,0.005,1,120,0.010069673212591342,0.0019846105151797564,0.9990354632025276,1.9846105151797565e-12,0.006943161630054114,-0.0077244996885159805,9.149786728103486e-4
none,0.01,0.002,2e-12,0.005,1,120,0.009686215191580411,0.0020428059543224205,1.0020037922348854,2.0428059543224205e-12,-0.03188133249535232,0.02117715001197377,-0.01773216623205529
none,0.01,0.002,2e-12,0.005,1,120,0.00978688113355135,0.002040822607208732,1.0023561846203466,2.040822607208732e-12,-0.02154226396473874,0.020205784845062583,-0.006220954594570099
none,0.01,0.002,2e-12,0.005,1,120,0.01008175361217152,0.001983240974626629,0.9986619948636843,1.9832409746266286e-12,0.008142123979705295,-0.008414818169957466,0.0017226297393110705
none,0.01,0.002,2e-12,0.005,1,120,0.010140240700467703,0.001978350509453895,0.999471884518345,1.978350509453895e-12,0.013926642605964518,-0.010883759087569549,0.006506087770425592
none,0.01,0.002,2e-12,0.005,1,120,0.009578077956541198,0.002060123219778797,1.001501024556101,2.060123219778797e-12,-0.0431081519815472,0.029618615879273526,-0.022699717509617977
none,0.01,0.002,2e-12,0.005,1,120,0.009620110380438739,0.002058148165146632,1.0022131074913554,2.058148165146632e-12,-0.038729354324176096,0.028659448986671256,-0.01844686383892514
none,0.01,0.002,2e-12,0.005,1,120,0.00987297538574571,0.002023182112564637,1.000635759435101,2.023182112564637e-12,-0.012783827455482876,0.01152439461436682,-0.0042266575531651005
none,0.01,0.002,2e-12,0.005,1,120,0.00983313231235077,0.0020179405750094985,0.9999231309233542,2.0179405750094986e-12,-0.016827561337124493,0.008930293469848315,-0.011761299798656245
none,0.01,0.002,2e-12,0.005,1,120,0.010156449709486681,0.001985213527383153,0.9996839851209792,1.985213527383153e-12,0.015523850045941173,-0.007420701735977312,0.011979062240371093
none,0.01,0.002,2e-12,0.005,1,120,0.01006465254037238,0.00200030384965074,1.0008283052931093,2.00030384965074e-12,0.006444443929285513,1.5191328596252722e-4,0.008168828292137727
none,0.01,0.002,2e-12,0.005,1,120,0.010263466079638088,0.0019597142670227815,0.9988613922913849,1.9597142670227816e-12,0.02600551422485023,-0.020348500076001176,0.012321293799121759
none,0.01,0.002,2e-12,0.005,1,120,0.009855029113999528,0.0020125021064424293,0.9993325758933338,2.0125021064424293e-12,-0.014603198157345561,0.006231596429556185,-0.011744793434502358
none,0.01,0.002,2e-12,0.005,1,120,0.010013992781856367,0.002005673099470595,1.0002246339676046,2.0056730994705948e-12,0.0013983001082115676,0.002832534319588996,0.004567639269778501
none,0.01,0.002,2e-12,0.005,1,120,0.009829584045653822,0.0020196282558928983,0.9996193243901831,2.0196282558928982e-12,-0.01718847451624577,0.00976628218106135,-0.0113652961578648
none,0.01,0.002,2e-12,0.005,1,120,0.009866671509049444,0.0020133508866393233,0.9992299803586486,2.0133508866393232e-12,-0.013422529550222887,0.006653261210127621,-0.009879471667741387
none,0.01,0.002,2e-12,0.005,1,120,0.010271212785494411,0.0019653070106089195,0.9990717700120547,1.9653070106089194e-12,0.026760014090633173,-0.017498707947206288,0.016131677454100636
none,0.01,0.002,2e-12,0.005,1,120,0.010320554422205057,0.0019527411232823225,0.9987011131603735,1.9527411232823226e-12,0.03155238869822329,-0.023913090814242997,0.015835657539183985
none,0.01,0.002,2e-12,0.005,1,120,0.009927054056701846,0.0020070027065789793,1.0008684578344864,2.007002706578979e-12,-0.007321329979523761,0.003495237822842863,-0.005550059146128291
none,0.01,0.002,2e-12,0.005,1,120,0.010215065300488716,0.0019746452737595247,1.0000455954361753,1.9746452737595247e-12,0.021278527862910773,-0.012758406561374126,0.013909690699226646
none,0.01,0.002,2e-12,0.005,1,120,0.010022342921300314,0.0019917045650193694,0.9992442374831446,1.9917045650193695e-12,0.002231799811058907,-0.004156343129911544,-0.0013858208886726496
none,0.01,0.002,2e-12,0.005,1,120,0.009982581824878673,0.0020028810617955728,0.9998761975006044,2.0028810617955728e-12,-0.0017433362400763866,0.001439494328506521,-7.203593865380406e-4
none,0.01,0.002,2e-12,0.005,1,180,0.010132471445827188,0.0019802638285700514,0.9997851275717841,1.9802638285700514e-12,0.013160168444558987,-0.009917097977510284,0.006509361305061027
none,0.01,0.002,2e-12,0.005,1,180,0.010025715256405734,0.0019933330181447556,0.9995446948043962,1.9933330181447557e-12,0.0025682249258840266,-0.003339059386887252,-1.5036759257620403e-4
none,0.01,0.002,2e-12,0.005,1,180,0.009791047213775444,0.0020352601423751014,1.0009459590176606,2.0352601423751013e-12,-0.021116674473034818,0.01747646425549086,-0.008433681236354088
none,0.01,0.002,2e-12,0.005,1,180,0.009989053475174476,0.0019923209761122857,0.9987802875238297,1.9923209761122856e-12,-0.0010952520521680998,-0.0038469017915108337,-0.005204270869875882
none,0.01,0.002,2e-12,0.005,1,180,0.009899053818858436,0.002016435227327872,0.9996140250252616,2.016435227327872e-12,-0.010145914273656418,0.008184032920389314,-0.004333293541164698
none,0.01,0.002,2e-12,0.005,1,180,0.009880429125310291,0.0020144795346987428,0.9999056945615207,2.0144795346987426e-12,-0.012029148441627157,0.007213686039822731,-0.007613102421701179
none,0.01,0.002,2e-12,0.005,1,180,0.009707983601288463,0.0020513639118022444,1.0020820736137408,2.0513639118022446e-12,-0.02963649432678456,0.02535771419162064,-0.01085231924860993
none,0.01,0.002,2e-12,0.005,1,180,0.009938573606517264,0.002009680098283832,1.0003461736977404,2.0096800982838317e-12,-0.006161582973099185,0.004828373761854105,-0.0027884990300051362
none,0.01,0.002,2e-12,0.005,1,180,0.00988635434417324,0.0020169198368453723,1.000094744149058,2.0169198368453723e-12,-0.011429635723782668,0.008424333866932398,-0.005667727455585839
none,0.01,0.002,2e-12,0.005,1,180,0.010010308208856065,0.0019954783160710935,0.9994383504996742,1.9954783160710935e-12,0.001030289954589226,-0.002263401526218233,-9.851836280661821e-4
none,0.01,0.002,2e-12,0.005,1,180,0.009864908101282146,0.0020227489806957945,1.000110758523919,2.0227489806957947e-12,-0.013601269195686378,0.011310287225727023,-0.005441108215286872
none,0.01,0.002,2e-12,0.005,1,180,0.009920787052020217,0.002022366528867908,1.001469243763873,2.0223665288679083e-12,-0.00795283492311653,0.011121194069735956,0.0012987885202427902
none,0.01,0.002,2e-12,0.005,1,180,0.009906148737303257,0.0020085300249097367,0.9993502541711083,2.008530024909737e-12,-0.009429444070617136,0.004255943067470652,-0.007381613506925545
none,0.01,0.002,2e-12,0.005,1,180,0.009885544628785214,0.0020242202672608738,1.0017371974491096,2.0242202672608737e-12,-0.011511541401086208,0.012037392642029528,-0.0021550733886039064
none,0.01,0.002,2e-12,0.005,1,180,0.00998154739839456,0.002005726725156203,1.0010284715389688,2.005726725156203e-12,-0.0018469647503378866,0.002859270964130132,5.711483650556372e-4
none,0.01,0.002,2e-12,0.005,1,180,0.010168743268832837,0.001967633146617535,0.9985329248534568,1.967633146617535e-12,0.016733537044574733,-0.01631580854530282,0.004608356789968956
none,0.01,0.002,2e-12,0.005,1,180,0.01005963375202468,0.001992023984686016,0.999539822882745,1.992023984686016e-12,0.0059456646554440565,-0.003995980964996925,0.0033986042860634303
none,0.01,0.002,2e-12,0.005,1,180,0.010173506254158428,0.001966842152375738,0.9975866525946062,1.9668421523757376e-12,0.017201822069517238,-0.016717892275581223,0.004796883240063762
none,0.01,0.002,2e-12,0.005,1,180,0.010017562898463674,0.002002947155056446,1.0004909411679943,2.002947155056446e-12,0.0017547493727702393,0.0014724928782703583,0.003650292287765901
none,0.01,0.002,2e-12,0.005,1,180,0.009924603294310037,0.0020109133454048376,0.9993907896124319,2.0109133454048375e-12,-0.007568237566222925,0.005441839001229877,-0.003907352504325561
none,0.01,0.002,2e-12,0.005,1,180,0.009630066537636407,0.0020585624740147124,1.001585524633995,2.0585624740147123e-12,-0.037694957796001106,0.02886073049795247,-0.01701101883513306
none,0.01,0.002,2e-12,0.005,1,180,0.009989191697702798,0.0020014888266039503,0.9993345657096643,2.0014888266039504e-12,-0.001081414747927492,7.441363638221951e-4,-5.960931210308776e-4
none,0.01,0.002,2e-12,0.005,1,180,0.01008334942171919,0.0019819787576611037,0.9986001026374945,1.9819787576611038e-12,0.008300398355821217,-0.009051462337684333,0.0012838659554951035
none,0.01,0.002,2e-12,0.005,1,180,0.010217448293420434,0.0019745506557517466,0.9991377692734045,1.9745506557517465e-12,0.021511782859323418,-0.012806324167633746,0.01415726421650008
none,0.01,0.002,2e-12,0.005,1,180,0.01000236694149119,0.002000296226894767,1.000099380599852,2.0002962268947668e-12,2.366661414782724e-4,1.4810247966961834e-4,4.416032245770548e-4
none,0.01,0.002,2e-12,0.005,1,180,0.010324711559033075,0.0019437595390912432,0.9977748561917962,1.9437595390912434e-12,0.03195510929169793,-0.02852317605552258,0.011741057264578737
none,0.01,0.002,2e-12,0.005,1,180,0.009904619851481906,0.0020203298193249724,1.0008485638567708,2.0203298193249723e-12,-0.00958379303668927,0.010113594418497653,-0.0017135439977460608
none,0.01,0.002,2e-12,0.005,1,180,0.010196861138263905,0.0019796503185118687,1.000379535411804,1.979650318511869e-12,0.019494848394357837,-0.010226958262508452,0.01418382288221578
none,0.01,0.002,2e-12,0.005,1,180,0.0098486177980938,0.0020171409306840335,1.0001593827404942,2.0171409306840335e-12,-0.015253972723150827,0.008533947406055096,-0.010237445630313747
none,0.01,0.002,2e-12,0.005,1,180,0.009864233581545676,0.002022113782395134,1.0008954939251244,2.022113782395134e-12,-0.013669647207013635,0.010996210658443502,-0.0058388252298926715
none,0.01,0.005,5e-12,0.005,1,60,0.01037143377552314,0.00492281895627968,0.9987089406309271,4.92281895627968e-12,0.036470181553469115,-0.01555658741455724,0.030501200750312076
none,0.01,0.005,5e-12,0.005,1,60,0.010684634850462251,0.00486676107391473,0.9974462025967571,4.86676107391473e-12,0.0662216211605742,-0.027009273826470587,0.05788544763084852
none,0.01,0.005,5e-12,0.005,1,60,0.009782867988581287,0.005016634965400516,0.9985031842830021,5.016634965400516e-12,-0.021952401570619402,0.0033214708834425973,-0.02360289853247785
none,0.01,0.005,5e-12,0.005,1,60,0.010193386680672012,0.0049518490221047585,0.9985051615797922,4.951849022104759e-12,0.019154052376931015,-0.00967686578298785,0.014303082620341646
none,0.01,0.005,5e-12,0.005,1,60,0.009395663896044992,0.0050726288194292935,0.9996844767088634,5.072628819429294e-12,-0.062336797798755644,0.014421275610217279,-0.06051640128020375
none,0.01,0.005,5e-12,0.005,1,60,0.011231912550955793,0.004845399930655148,0.9988648323046042,4.845399930655148e-12,0.11617396855359817,-0.03140812547116183,0.1213490308473565
none,0.01,0.005,5e-12,0.005,1,60,0.011576121888657675,0.004798242096985166,0.9985791903131319,4.798242096985166e-12,0.1463594257076294,-0.041188291393521474,0.15425082280003022
none,0.01,0.005,5e-12,0.005,1,60,0.008634527204794818,0.005241500230053325,1.0039763257063887,5.241500230053325e-12,-0.14681613624765813,0.04716984836713117,-0.12214877823831144
none,0.01,0.005,5e-12,0.005,1,60,0.00926794931499596,0.005080237428532992,1.000099146855376,5.080237428532992e-12,-0.0760229552567423,0.015920085964303818,-0.07485419897619727
none,0.01,0.005,5e-12,0.005,1,60,0.01134276728012258,0.00480627458485322,0.9985330387896971,4.80627458485322e-12,0.12599520376501927,-0.03951564299134095,0.12698749974385892
none,0.01,0.005,5e-12,0.005,1,60,0.008945114767877852,0.005150835767994738,1.002018530294798,5.150835767994738e-12,-0.11147754572127827,0.029721074122272532,-0.10108469466087383
none,0.01,0.005,5e-12,0.005,1,60,0.010266402497166599,0.004973836854908074,1.0001776400703986,4.973836854908074e-12,0.02629157719086957,-0.005246367166986738,0.027787542481671472
none,0.01,0.005,5e-12,0.005,1,60,0.009881601090024587,0.005021812829410288,1.0001030089793108,5.021812829410288e-12,-0.01191054071732974,0.004353077477371241,-0.010328387359579996
none,0.01,0.005,5e-12,0.005,1,60,0.010344345022144801,0.004943251124263827,0.9987219438546246,4.943251124263827e-12,0.0338549027283002,-0.011414675381181471,0.031284107364773855
none,0.01,0.005,5e-12,0.005,1,60,0.009383226499452241,0.005096634205143904,1.0004420989146638,5.096634205143904e-12,-0.06366141263481571,0.019142449651159906,-0.057337464416762185
none,0.01,0.005,5e-12,0.005,1,60,0.009652255629539615,0.0050281942968248726,1.0002915496764766,5.028194296824873e-12,-0.03539346096327978,0.005623020511654553,-0.0374972814254332
none,0.01,0.005,5e-12,0.005,1,60,0.010375935097406962,0.0049128565825446195,0.9982230073325282,4.912856582544619e-12,0.03690409893181401,-0.017582351095482694,0.02903360098298057
none,0.01,0.005,5e-12,0.005,1,60,0.009538714940637079,0.005045120296893779,0.999388152636108,5.045120296893779e-12,-0.04722631884631189,0.008983585862963626,-0.04821576149803862
none,0.01,0.005,5e-12,0.005,1,60,0.011076463890049983,0.004804331676468889,0.9967651262788711,4.804331676468889e-12,0.10223739389067443,-0.03991996887005662,0.09356155349614129
none,0.01,0.005,5e-12,0.005,1,60,0.010558627672647989,0.004877738782483103,0.997276451355548,4.877738782483103e-12,0.05435822159748794,-0.024756164200696172,0.044513667207654393
none,0.01,0.005,5e-12,0.005,1,60,0.010169132870051159,0.004952440382276242,0.9992241138089465,4.9524403822762414e-12,0.01677184991615577,-0.009557450820835365,0.01141502506550829
none,0.01,0.005,5e-12,0.005,1,60,0.01108028332134344,0.004836784670228152,0.9985591959743848,4.8367846702281515e-12,0.10258215851653278,-0.033187736799772986,0.10076739504681348
none,0.01,0.005,5e-12,0.005,1,60,0.008150704365774867,0.005352121073821927,1.0046364005067732,5.352121073821927e-12,-0.20448074422727106,0.06805503229998687,-0.16125762634392965
none,0.01,0.005,5e-12,0.005,1,60,0.011005456761372844,0.004826836276529377,0.9972914023600457,4.8268362765293765e-12,0.09580612601838098,-0.035246674597114815,0.08942996381311777
none,0.01,0.005,5e-12,0.005,1,60,0.011645047905898627,0.004709586418788755,0.9957125278477793,4.709586418788755e-12,0.15229592419370458,-0.05983781743558716,0.14414812289584258
none,0.01,0.005,5e-12,0.005,1,60,0.01169011793004777,0.00473044320112026,0.9972108585165467,4.73044320112026e-12,0.15615877055262836,-0.055419014294406974,0.15415560903151643
none,0.01,0.005,5e-12,0.005,1,60,0.009969191031269788,0.004996011528877234,1.0006775391030045,4.996011528877234e-12,-0.003085652606253424,-7.980125518875652e-4,-0.004618324674433926
none,0.01,0.005,5e-12,0.005,1,60,0.008930534823525122,0.005111105675915073,1.000050350212594,5.111105675915073e-12,-0.11310880924670229,0.02197784331028933,-0.11063583857259558
none,0.01,0.005,5e-12,0.005,1,60,0.008953425708740654,0.0051178094446065634,0.9997345077297675,5.117809444606563e-12,-0.11054887318834629,0.023288592216169378,-0.10648661989998956
none,0.01,0.005,5e-12,0.005,1,60,0.010058951977059019,0.00496161828900212,0.9994768320247381,4.96161828900212e-12,0.005877889020008999,-0.007705956967099785,-3.959118117814837e-4
none,0.01,0.005,5e-12,0.005,1,120,0.010305186653691498,0.004964653711226834,1.0004508576010662,4.964653711226834e-12,0.0300622341092788,-0.007094363345796752,0.030748781711948933
none,0.01,0.005,5e-12,0.005,1,120,0.009885360409669084,0.005034789847223517,1.0013396390202272,5.034789847223517e-12,-0.011530176776227362,0.006933874478763963,-0.007281434722269597
none,0.01,0.005,5e-12,0.005,1,120,0.009775086100729328,0.0050562295512199,1.001317511403281,5.0562295512199e-12,-0.022748178902653945,0.011183145124270084,-0.016706178385293244
none,0.01,0.005,5e-12,0.005,1,120,0.010341672962588155,0.0049101605883293134,0.9989443285369806,4.910160588329313e-12,0.03359655822009383,-0.01813126478179767,0.024236182579133486
none,0.01,0.005,5e-12,0.005,1,120,0.009826187630299724,0.005041600559507485,1.000096913426387,5.041600559507485e-12,-0.01753406414191855,0.008285690564925136,-0.013267043277909115
none,0.01,0.005,5e-12,0.005,1,120,0.010270020407975642,0.004958604574801031,0.9997388623897161,4.9586045748010305e-12,0.02664391808910522,-0.008313547005182328,0.025168983583797298
none,0.01,0.005,5e-12,0.005,1,120,0.010212159211140156,0.0049371540997143575,0.9985839745458132,4.9371540997143575e-12,0.020993996857094344,-0.012648840414933228,0.013658901766446074
none,0.01,0.005,5e-12,0.005,1,120,0.010109876664048436,0.004952733506212869,0.9975097829870285,4.95273350621287e-12,0.010927740562183777,-0.009498264795428191,0.004126441546577885
none,0.01,0.005,5e-12,0.005,1,120,0.010049681762954604,0.004982670702458636,0.9994910787824358,4.982670702458636e-12,0.00495587563202899,-0.003471879513023695,0.00268865909334712
none,0.01,0.005,5e-12,0.005,1,120,0.009474558022382739,0.005134565025851671,1.0031178495229316,5.134565025851672e-12,-0.05397498982777029,0.0265572196373259,-0.038597585587214496
none,0.01,0.005,5e-12,0.005,1,120,0.010031011402575658,0.005000630093395964,1.0002240190077614,5.000630093395964e-12,0.0030963416403476988,1.2601073950620242e-4,0.003971424658887765
none,0.01,0.005,5e-12,0.005,1,120,0.00991112884452121,0.00500997683305994,1.0001037622857551,5.00997683305994e-12,-0.008926841500488527,0.001993378512249002,-0.009026644767121
none,0.01,0.005,5e-12,0.005,1,120,0.009578216100662265,0.0050774782330608335,1.0001419060670695,5.077478233060833e-12,-0.04309372913747749,0.015376815088854122,-0.036924388429024985
none,0.01,0.005,5e-12,0.005,1,120,0.010321027335800703,0.00493439633149492,0.9990386132973179,4.9343963314949195e-12,0.0315982101474972,-0.013207570942705738,0.026599818696581432
none,0.01,0.005,5e-12,0.005,1,120,0.009647716497398092,0.005078091830217081,1.0010860355304458,5.078091830217081e-12,-0.035863838038993665,0.015497654618919006,-0.0281854997037176
none,0.01,0.005,5e-12,0.005,1,120,0.01057761335451535,0.004868160726998537,0.9973432206250881,4.868160726998537e-12,0.05615472713025611,-0.02672172080404778,0.04490233515585568
none,0.01,0.005,5e-12,0.005,1,120,0.009981327603180226,0.005017347617206476,0.99985961252031,5.017347617206476e-12,-0.0018689851471320473,0.0034635185302849007,0.0011481413246329187
none,0.01,0.005,5e-12,0.005,1,120,0.009635513147308167,0.00507321727879869,1.0008380815090108,5.0732172787986906e-12,-0.037129533873550974,0.014537275668637217,-0.030659094065150043
none,0.01,0.005,5e-12,0.005,1,120,0.010276216970899237,0.004941748062412103,0.9993858186736108,4.941748062412103e-12,0.027247100364984123,-0.011718785039649229,0.02253211935185616
none,0.01,0.005,5e-12,0.005,1,120,0.009544093798968287,0.005101121613257135,1.0021339613528002,5.101121613257135e-12,-0.04666258019053469,0.02002252728447056,-0.03650984164346183
none,0.01,0.005,5e-12,0.005,1,120,0.00979272900438404,0.00504219905814706,1.0006348636284252,5.04219905814706e-12,-0.020944921018134725,0.008404395549746665,-0.017297207906632396
none,0.01,0.005,5e-12,0.005,1,120,0.00967101321133847,0.005070471600616088,1.000624036669954,5.070471600616088e-12,-0.03345201018234582,0.01399591871609293,-0.026798443077936794
none,0.01,0.005,5e-12,0.005,1,120,0.010067980183372637,0.0049799197716961265,0.999676376670846,4.979919771696127e-12,0.0067750159986438895,-0.004024131628487347,0.00440541110971964
none,0.01,0.005,5e-12,0.005,1,120,0.010074081911452783,0.004990177774894861,1.0002413972223014,4.990177774894861e-12,0.00738088527241242,-0.00196637707383709,0.007219779946308025
none,0.01,0.005,5e-12,0.005,1,120,0.009933373077113585,0.005022362224595992,1.0006938029205967,5.022362224595992e-12,-0.006684987107097576,0.004462473258169111,-0.0037992651797463545
none,0.01,0.005,5e-12,0.005,1,120,0.009604039026416914,0.00506723919812581,1.0002019223347856,5.06723919812581e-12,-0.04040135108468268,0.013358219996137486,-0.035740940728165235
none,0.01,0.005,5e-12,0.005,1,120,0.009382150539995682,0.00514458469823601,1.003136688529973,5.14458469823601e-12,-0.06377608759769829,0.0285067341062634,-0.048106598934272014
none,0.01,0.005,5e-12,0.005,1,120,0.010152091591422528,0.004947667715313673,0.9972916954744719,4.947667715313673e-12,0.015094659385077949,-0.01052161551181656,0.008337741824576826
none,0.01,0.005,5e-12,0.005,1,120,0.01060434805426548,0.0048678172381039185,0.997334305153684,4.867817238103918e-12,0.05867901781612893,-0.026792281541960648,0.048146877186958925
none,0.01,0.005,5e-12,0.005,1,120,0.010680625729224085,0.004825578587401386,0.9972196019739594,4.8255785874013855e-12,0.0658463277004014,-0.03550727034498472,0.048890320078801765
none,0.01,0.005,5e-12,0.005,1,180,0.01038951550099347,0.004917015543437241,0.9980067521878782,4.9170155434372405e-12,0.03821207974911281,-0.016736162846544687,0.03156375927664546
none,0.01,0.005,5e-12,0.005,1,180,0.009899169125542989,0.005026874319492453,1.0000591323987698,5.026874319492453e-12,-0.010134266088374552,0.005360470868211933,-0.007142557564457515
none,0.01,0.005,5e-12,0.005,1,180,0.01018049069204245,0.004936839581025652,0.9991075834344991,4.936839581025652e-12,0.01788811854255153,-0.012712546894597141,0.009668298918666603
none,0.01,0.005,5e-12,0.005,1,180,0.010061017042610733,0.004989766289790424,1.0002559803104323,4.989766289790424e-12,0.006083164242545153,-0.00204883948084127,0.005517273802889581
none,0.01,0.005,5e-12,0.005,1,180,0.010028354581900384,0.004989715327970602,0.99921707481497,4.989715327970602e-12,0.0028314458612022256,-0.0020590528008863095,0.0014569153547612213
none,0.01,0.005,5e-12,0.005,1,180,0.010297912338124259,0.00494563427925124,0.9995381916778827,4.9456342792512405e-12,0.029356096079034253,-0.01093268880002386,0.026008441127384208
none,0.01,0.005,5e-12,0.005,1,180,0.010119543541680385,0.004952110458790857,0.9982346499091364,4.952110458790857e-12,0.011883465270994696,-0.009624071405817154,0.0051993277625505
none,0.01,0.005,5e-12,0.005,1,180,0.01008768917667883,0.004953008581694818,0.9989172556827131,4.953008581694818e-12,0.008730694000284873,-0.009442726203856004,0.001430731704318882
none,0.01,0.005,5e-12,0.005,1,180,0.010001829126080218,0.004995033760796544,1.0000874672864468,4.9950337607965444e-12,1.8289588155026088e-4,-9.93741438197905e-4,-7.669298042509334e-4
none,0.01,0.005,5e-12,0.005,1,180,0.010203474542232253,0.004978478968145809,1.0003481106834389,4.978478968145809e-12,0.020143210686390637,-0.004313496133366374,0.02091734710343294
none,0.01,0.005,5e-12,0.005,1,180,0.010636588604081539,0.0048513215108054375,0.9974794978051854,4.851321510805438e-12,0.061714719592749434,-0.03018676814494654,0.048750218761164255
none,0.01,0.005,5e-12,0.005,1,180,0.010718487876419823,0.004844592169170449,0.996910532671009,4.8445921691704496e-12,0.06938499639511309,-0.03157484624415071,0.05751765043190727
none,0.01,0.005,5e-12,0.005,1,180,0.009775120583842015,0.005042819086134943,1.0003356814982447,5.042819086134943e-12,-0.02274465125578629,0.008527355762568082,-0.019357691841022127
none,0.01,0.005,5e-12,0.005,1,180,0.00945879185400325,0.005116520974361027,1.0029365226745244,5.116520974361027e-12,-0.055640429079316135,0.023036798459353452,-0.04407301164424364
none,0.01,0.005,5e-12,0.005,1,180,0.010161691482642829,0.004919037880647669,0.9976068545757779,4.919037880647669e-12,0.016039819811371248,-0.016324953766697133,0.003724790081013632
none,0.01,0.005,5e-12,0.005,1,180,0.009847250955084217,0.00502383770521519,1.0002998170838604,5.02383770521519e-12,-0.015392767617542704,0.004756212311764515,-0.014184669257792642
none,0.01,0.005,5e-12,0.005,1,180,0.009767530863777081,0.005034992200754196,1.0000977865527072,5.0349922007541954e-12,-0.023521385207866372,0.006974064729107526,-0.021852108162534446
none,0.01,0.005,5e-12,0.005,1,180,0.00951726100106164,0.005117757554405751,1.0028210247812035,5.117757554405751e-12,-0.049477995559743124,0.023278453021961902,-0.03658118284639483
none,0.01,0.005,5e-12,0.005,1,180,0.01026083674904413,0.004931694184781211,0.9992174913186498,4.93169418478121e-12,0.025749297910923206,-0.013755335384318187,0.018588421497153833
none,0.01,0.005,5e-12,0.005,1,180,0.009661346704298857,0.005062337248849815,1.0008036627692571,5.062337248849815e-12,-0.034452044103439015,0.01239037110644193,-0.029602637560499884
none,0.01,0.005,5e-12,0.005,1,180,0.00997624961907446,0.005019673464110832,1.0000306582034608,5.019673464110832e-12,-0.0023778629692040353,0.003926972164016167,9.819249292491354e-4
none,0.01,0.005,5e-12,0.005,1,180,0.010292777702120334,0.004919964449174987,0.9980599192965939,4.919964449174987e-12,0.0288573623211738,-0.01613660773343142,0.020167827329489917
none,0.01,0.005,5e-12,0.005,1,180,0.010628254179340548,0.00487108814813608,0.998407886542906,4.87108814813608e-12,0.06093085062624618,-0.026120561256070852,0.05178295698215705
none,0.01,0.005,5e-12,0.005,1,180,0.010168475323238958,0.004951419809365212,0.9993783664771364,4.951419809365212e-12,0.016707186775221854,-0.009763546806621365,0.01112739327500939
none,0.01,0.005,5e-12,0.005,1,180,0.009691205445873548,0.005054592221800727,1.0006983899525872,5.054592221800727e-12,-0.03136627380959396,0.010859268495793776,-0.027431256215886327
none,0.01,0.005,5e-12,0.005,1,180,0.009870594966275374,0.005012854396410475,0.9988599135025165,5.012854396410475e-12,-0.013024961094376867,0.002567580225062071,-0.013478643956791598
none,0.01,0.005,5e-12,0.005,1,180,0.010227633450781972,0.004954155573925126,0.9994523855401244,4.954155573925126e-12,0.022508125973186726,-0.009211178160961906,0.019015369736002645
none,0.01,0.005,5e-12,0.005,1,180,0.010120204266173462,0.004972458462366108,1.000140314417409,4.972458462366108e-12,0.0119487550660638,-0.005523534193868814,0.009381794811640504
none,0.01,0.005,5e-12,0.005,1,180,0.009515676941557128,0.0050698688428524,0.9994018897220828,5.0698688428524e-12,-0.04964445010427477,0.01387703557449463,-0.046179023672421514
none,0.01,0.005,5e-12,0.005,1,180,0.00989973201378056,0.005027160235787918,1.0002739076128613,5.027160235787918e-12,-0.010077405534976913,0.005417346800748258,-0.007015883490462371
none,0.01,0.008,8e-12,0.005,1,60,0.009484280119418879,0.008123658901664546,1.0006379412055222,8.123658901664545e-12,-0.052949389227605684,0.015339114655680847,-0.048610150536378224
none,0.01,0.008,8e-12,0.005,1,60,0.00968798537911566,0.00805913869556527,1.0002757841520347,8.059138695565271e-12,-0.031698595919077505,0.007365147536195992,-0.031324665453462144
none,0.01,0.008,8e-12,0.005,1,60,0.010278120434440999,0.007887640160018496,0.9992099435899859,7.887640160018496e-12,0.02743231319959568,-0.014144544078977025,0.020342389791706796
none,0.01,0.008,8e-12,0.005,1,60,0.010275090395033298,0.007930357225979933,1.0000406268830568,7.930357225979933e-12,0.02713746491970481,-0.008743459635333796,0.025367749348795175
none,0.01,0.008,8e-12,0.005,1,60,0.010351506178482508,0.00795758526081013,1.0003460711868375,7.95758526081013e-12,0.034546940620734386,-0.005315947040959937,0.03827081909087105
none,0.01,0.008,8e-12,0.005,1,60,0.00936880976735184,0.008171602724768214,1.0021031662865467,8.171602724768215e-12,-0.06519903070846905,0.02122351989513,-0.05704406895324179
none,0.01,0.008,8e-12,0.005,1,60,0.010107595170125315,0.008007488582859199,1.0002836010754237,8.007488582859198e-12,0.010702045287174156,9.356350144165215e-4,0.014277436109955598
none,0.01,0.008,8e-12,0.005,1,60,0.010631849647903915,0.007845036143724499,0.9991046087171297,7.845036143724499e-12,0.06126908684812549,-0.019560548274797,0.05878880806528844
none,0.01,0.008,8e-12,0.005,1,60,0.009894527092082968,0.008067764612768695,1.0023072479616315,8.067764612768696e-12,-0.010603307695771847,0.008434902573615307,-0.004643738008096665
none,0.01,0.008,8e-12,0.005,1,60,0.010100499394127873,0.007982066211448625,0.9996448261658871,7.982066211448626e-12,0.00999977459396194,-0.0022442399926558745,0.010217684879200392
none,0.01,0.008,8e-12,0.005,1,60,0.010224786423075442,0.007889247527384189,0.9972051956320698,7.889247527384189e-12,0.022229720997885203,-0.013940781790355647,0.013932734670999177
none,0.01,0.008,8e-12,0.005,1,60,0.009353910669534633,0.008151228067020445,1.0015006578023709,8.151228067020445e-12,-0.06679058371086892,0.01872705729137506,-0.06138801968633053
none,0.01,0.008,8e-12,0.005,1,60,0.010225972908225304,0.007973784651232645,1.0000905133246758,7.973784651232646e-12,0.022345754357035365,-0.0032822994519620067,0.024738341167975644
none,0.01,0.008,8e-12,0.005,1,60,0.009432663678114968,0.008214088714432575,1.0043378661186888,8.214088714432574e-12,-0.05840656771843643,0.02640927418975171,-0.0439404297239923
none,0.01,0.008,8e-12,0.005,1,60,0.010058429436368602,0.00796141755886438,0.9995420678352146,7.961417558864381e-12,0.005825939844338829,-0.004834472394376271,0.0024107777153303082
none,0.01,0.008,8e-12,0.005,1,60,0.009345713875262545,0.008130794194059512,1.0009285504150436,8.130794194059512e-12,-0.06766726385783485,0.016217063955022412,-0.06491441551242204
none,0.01,0.008,8e-12,0.005,1,60,0.009488567386579898,0.008161525196404649,1.0025161033946768,8.161525196404649e-12,-0.05249745208610536,0.019989521154533552,-0.04342812290955911
none,0.01,0.008,8e-12,0.005,1,60,0.010017703978973239,0.007942644683894004,0.9990112387144282,7.942644683894004e-12,0.0017688325901717345,-0.007195238266969182,-0.00499994487428762
none,0.01,0.008,8e-12,0.005,1,60,0.010054799840022046,0.008013523007842215,0.9997452289563056,8.013523007842215e-12,0.005465023520452952,0.0016889489027715565,0.008484129065505283
none,0.01,0.008,8e-12,0.005,1,60,0.010170080164266066,0.007976447693808153,0.9997582712534432,7.976447693808153e-12,0.01686499946073202,-0.002948380479166585,0.018141559889825545
none,0.01,0.008,8e-12,0.005,1,60,0.009237530013830372,0.008178288659511701,1.002444888604703,8.178288659511702e-12,-0.07931055759587032,0.02204137671864321,-0.07250490156639075
none,0.01,0.008,8e-12,0.005,1,60,0.010778212380278943,0.007824141904275592,0.9988895520124251,7.824141904275592e-12,0.0749416313035364,-0.022227472062255244,0.07427086309233362
none,0.01,0.008,8e-12,0.005,1,60,0.00986980361993878,0.008044661290646668,1.0006676758964381,8.044661290646668e-12,-0.013105136409334212,0.005567136031921734,-0.010577215095669477
none,0.01,0.008,8e-12,0.005,1,60,0.00945668702388032,0.008168866994362053,1.0030541272638736,8.168866994362053e-12,-0.05586298015985773,0.020888678794629977,-0.0464821302442104
none,0.01,0.008,8e-12,0.005,1,60,0.008754242953337526,0.008271216475463042,1.0020737938798592,8.271216475463041e-12,-0.13304660120201603,0.03334005151575186,-0.12113382227039496
none,0.01,0.008,8e-12,0.005,1,60,0.011273468113815285,0.007702022046635772,0.9963005461324369,7.702022046635772e-12,0.11986691742710756,-0.03795864383525974,0.11995140227783563
none,0.01,0.008,8e-12,0.005,1,60,0.009960673141087461,0.00799976648979573,0.9999683942243925,7.99976648979573e-12,-0.003940439234732452,-2.918920153430436e-5,-0.004905719706689178
none,0.01,0.008,8e-12,0.005,1,60,0.01079618170470431,0.007822972913912507,0.9992303632307721,7.822972913912508e-12,0.07660743276334418,-0.022376891348665787,0.07634964003466872
none,0.01,0.008,8e-12,0.005,1,60,0.010639907898056819,0.007854389354428584,0.9980195695572164,7.854389354428584e-12,0.062026734684320003,-0.018369012723156244,0.06097956663588924
none,0.01,0.008,8e-12,0.005,1,60,0.01015218679414018,0.007977444074894391,1.0002693399216471,7.97744407489439e-12,0.015104036986768035,-0.002823472888971084,0.01604768958441115
none,0.01,0.008,8e-12,0.005,1,120,0.009884507601608533,0.008026697132215448,0.999131250344045,8.026697132215447e-12,-0.011616450297182914,0.0033315856272632997,-0.010989471773278659
none,0.01,0.008,8e-12,0.005,1,120,0.009834001324803054,0.007998739993185204,0.9982448757459667,7.998739993185204e-12,-0.016739189287706104,-1.5751325641118224e-4,-0.020741348980832457
none,0.01,0.008,8e-12,0.005,1,120,0.009577300145260769,0.008105426649660297,1.0005943420830168,8.105426649660297e-12,-0.0431893627283905,0.013092252425904291,-0.03932252956176037
none,0.01,0.008,8e-12,0.005,1,120,0.009487426763009064,0.008100979867451343,1.0009854601412593,8.100979867451343e-12,-0.05261766961602411,0.012543483972409966,-0.05101559741446611
none,0.01,0.008,8e-12,0.005,1,120,0.010008959328810128,0.007985890056317703,0.9992149862940988,7.985890056317702e-12,8.955317727086448e-4,-0.0017653001862023275,-6.543434137464819e-4
none,0.01,0.008,8e-12,0.005,1,120,0.010294332906496428,0.007907948969849738,0.999197119258807,7.907948969849739e-12,0.02900844757141802,-0.011573089370316036,0.024924191035241017
none,0.01,0.008,8e-12,0.005,1,120,0.010229247723780775,0.007934858038204219,0.9989633347875477,7.934858038204219e-12,0.022665947978249765,-0.008176078446981658,0.020250639301834447
none,0.01,0.008,8e-12,0.005,1,120,0.009897580542284186,0.008062423031091625,1.0025653942594235,8.062423031091624e-12,-0.01029475538978689,0.007772593865215122,-0.004927418891545855
none,0.01,0.008,8e-12,0.005,1,120,0.010142165757615897,0.007960139288043589,0.9991857063686204,7.96013928804359e-12,0.014116467926540203,-0.004995043478702915,0.012633510465668282
none,0.01,0.008,8e-12,0.005,1,120,0.010427669915924122,0.007892063338999044,0.9988520819347277,7.892063338999044e-12,0.04187774894409036,-0.01358392782954379,0.039447141745047286
none,0.01,0.008,8e-12,0.005,1,120,0.009855376229042175,0.008074831344735675,1.0003518261311546,8.074831344735675e-12,-0.014567976655134865,0.009310441109921382,-0.00862290648884896
none,0.01,0.008,8e-12,0.005,1,120,0.009345789599274484,0.008157763594204222,1.0025676283003195,8.157763594204222e-12,-0.0676591613515765,0.01952852039459742,-0.06159356929536654
none,0.01,0.008,8e-12,0.005,1,120,0.010053027093434409,0.007992867038732804,0.9984635220332181,7.992867038732804e-12,0.0052886994852304695,-8.920178880863752e-4,0.005683341697780267
none,0.01,0.008,8e-12,0.005,1,120,0.008816474790333926,0.00829326612907875,1.0035199459810913,8.29326612907875e-12,-0.1259629865057485,0.036002334083297206,-0.11075479191529597
none,0.01,0.008,8e-12,0.005,1,120,0.00959991198352561,0.008123920628315339,1.0017278232075386,8.123920628315339e-12,-0.04083116294503388,0.015371331965383211,-0.03423958207744107
none,0.01,0.008,8e-12,0.005,1,120,0.010174021055855036,0.007913655226031515,0.9972965002865434,7.913655226031515e-12,0.01725242297928635,-0.010851764736157909,0.010726846189866527
none,0.01,0.008,8e-12,0.005,1,120,0.009823290200520671,0.008003103117810606,0.9990103241935613,8.003103117810605e-12,-0.01782897577519443,3.878145165538497e-4,-0.021524200618882924
none,0.01,0.008,8e-12,0.005,1,120,0.009566157211784604,0.008117106568060334,1.0009901455395767,8.117106568060334e-12,-0.044353513438138446,0.01453221500899387,-0.03926429072971523
none,0.01,0.008,8e-12,0.005,1,120,0.010481920581912498,0.00784655607234444,0.9978106449923316,7.84655607234444e-12,0.04706683074136068,-0.01936682304873117,0.040391329108418535
none,0.01,0.008,8e-12,0.005,1,120,0.009698428520451583,0.008075502453538686,1.0005557252172346,8.075502453538686e-12,-0.030621228810322417,0.009393548841536137,-0.02800131462246758
none,0.01,0.008,8e-12,0.005,1,120,0.010453829108205168,0.007841050797221694,0.9978728110763742,7.841050797221694e-12,0.04438324013850255,-0.020068686040902936,0.03620612337653791
none,0.01,0.008,8e-12,0.005,1,120,0.010071620402355609,0.007965247490252769,0.9989795399518187,7.96524749025277e-12,0.007136514629872139,-0.004353526577985747,0.004527403314109716
none,0.01,0.008,8e-12,0.005,1,120,0.010218773375867598,0.00797094969158388,1.0001712584487115,7.97094969158388e-12,0.02164146264754099,-0.00363789768491915,0.023490000922662964
none,0.01,0.008,8e-12,0.005,1,120,0.010364512464621747,0.007923205815263921,1.0002006162883075,7.923205815263921e-12,0.035802615089100986,-0.009645643098126646,0.03555390251496991
none,0.01,0.008,8e-12,0.005,1,120,0.010088997301162715,0.00792277357508509,0.998129583048222,7.922773575085089e-12,0.008860360929208486,-0.009700198284434908,0.0013354670597417444
none,0.01,0.008,8e-12,0.005,1,120,0.010260540884821253,0.007905043480202979,0.9986736558921375,7.905043480202978e-12,0.025720463177877895,-0.011940570691594618,0.020366499026240728
none,0.01,0.008,8e-12,0.005,1,120,0.010271063691404946,0.007918925232707303,0.9977363398836929,7.918925232707303e-12,0.026745498261325183,-0.010186048002975725,0.023425849731237534
none,0.01,0.008,8e-12,0.005,1,120,0.008839472066624084,0.008316767326717557,1.0039322264942085,8.316767326717557e-12,-0.12335793909798808,0.03883209518926899,-0.10507336854934463
none,0.01,0.008,8e-12,0.005,1,120,0.010292420038143419,0.007967995546014362,1.0002767839791598,7.967995546014362e-12,0.028822612693653868,-0.00400858038183638,0.03225150434794755
none,0.01,0.008,8e-12,0.005,1,120,0.010038683161141702,0.007990841330691292,0.9996613410126989,7.990841330691292e-12,0.003860853418576496,-0.0011454894862335148,0.003651222495337513
none,0.01,0.008,8e-12,0.005,1,180,0.008970588225566498,0.008299927564636048,1.0046855820172207,8.299927564636048e-12,-0.10863384208718595,0.036805245932351176,-0.09084181409740313
none,0.01,0.008,8e-12,0.005,1,180,0.00911950367786043,0.008222705939143525,1.0034802857331422,8.222705939143526e-12,-0.0921697116759312,0.027457802894046864,-0.0817237410512598
none,0.01,0.008,8e-12,0.005,1,180,0.010072634506364926,0.007989774524019845,0.9999732483284478,7.989774524019845e-12,0.0072371988214463626,-0.0012790020720726718,0.0077276767171781426
none,0.01,0.008,8e-12,0.005,1,180,0.009517312541393125,0.008128460398493837,1.001414977159727,8.128460398493837e-12,-0.049472580115959085,0.01592999106758878,-0.043923253799663775
none,0.01,0.008,8e-12,0.005,1,180,0.010876319128568403,0.007815288612718364,0.99878720624725,7.815288612718363e-12,0.08400277580325537,-0.02335964787815887,0.08530392406432308
none,0.01,0.008,8e-12,0.005,1,180,0.00946935642530616,0.008187216686690662,1.004813461065717,8.187216686690661e-12,-0.054524147418369015,0.02313245553054582,-0.04266734773149037
none,0.01,0.008,8e-12,0.005,1,180,0.010006602335197484,0.007973678703447954,0.9999105556939384,7.973678703447954e-12,6.600156614842887e-4,-0.003295586553783333,-0.002476896989295317
none,0.01,0.008,8e-12,0.005,1,180,0.010338894231497238,0.00792230751445619,1.0000967795736577,7.922307514456189e-12,0.033327829506653646,-0.009759025453119132,0.0322638592525383
none,0.01,0.008,8e-12,0.005,1,180,0.009423426960810307,0.008097474012385345,1.0000148698498004,8.097474012385345e-12,-0.05938627429922645,0.01211062104033667,-0.05938443581918533
none,0.01,0.008,8e-12,0.005,1,180,0.00976113610788656,0.0080611470567391,1.0001068117724297,8.0611470567391e-12,-0.024176294846948613,0.007614319444818561,-0.022004803177248126
none,0.01,0.008,8e-12,0.005,1,180,0.009201257721608559,0.00820273952353113,1.001542351841811,8.202739523531131e-12,-0.0832449094123617,0.025026645030827323,-0.07401739748971145
none,0.01,0.008,8e-12,0.005,1,180,0.010099717341643989,0.007972385333762726,0.999660914352801,7.972385333762726e-12,0.009922344485710565,-0.003457804601452758,0.008907145762401793
none,0.01,0.008,8e-12,0.005,1,180,0.009757100191235624,0.008071650913179747,1.0010695727292611,8.071650913179747e-12,-0.02458984826915381,0.008916493803473207,-0.02120308248330944
none,0.01,0.008,8e-12,0.005,1,180,0.009718817725429024,0.008020441145339672,0.9998228609902885,8.020441145339672e-12,-0.02852111510592837,0.002551884339157493,-0.03231471770764362
none,0.01,0.008,8e-12,0.005,1,180,0.010161629124324579,0.007991432464403763,1.0002969289298258,7.991432464403763e-12,0.016033683184443252,-0.0010715158176154355,0.01897049559863228
none,0.01,0.008,8e-12,0.005,1,180,0.010641070917756252,0.0078089786247135685,0.9974465240028519,7.808978624713569e-12,0.06213603601962594,-0.024167364266001246,0.05532542953577396
none,0.01,0.008,8e-12,0.005,1,180,0.010286408663247839,0.007961460550997996,1.001473382851265,7.961460550997996e-12,0.028238383614944514,-0.00482907234881687,0.030685601893915136
none,0.01,0.008,8e-12,0.005,1,180,0.009456266941216047,0.008136649823131796,1.0021043682699358,8.136649823131796e-12,-0.05590740290472522,0.01693698397675456,-0.05048591531245558
none,0.01,0.008,8e-12,0.005,1,180,0.009229063037058659,0.008167899566996113,1.001863500607772,8.167899566996112e-12,-0.08022756241009911,0.02077024319558553,-0.07482594020914077
none,0.01,0.008,8e-12,0.005,1,180,0.009707431745739858,0.008095566866044391,1.0024056083137671,8.09556686604439e-12,-0.02969334148033662,0.01187506968662999,-0.024403393841627673
none,0.01,0.008,8e-12,0.005,1,180,0.010238372226501943,0.007986354426646334,1.0017710358675413,7.986354426646335e-12,0.023557551725807823,-0.001707153026076269,0.027851003060164636
none,0.01,0.008,8e-12,0.005,1,180,0.00998033790433071,0.008038157400219816,1.0008252882124862,8.038157400219817e-12,-0.0019681450944775956,0.004758336168364026,0.0023202363053720226
none,0.01,0.008,8e-12,0.005,1,180,0.009808362829038294,0.00805621632378597,1.0010599597536531,8.05621632378597e-12,-0.01934972131167451,0.0070024658816094255,-0.01676054331764216
none,0.01,0.008,8e-12,0.005,1,180,0.010233631327929957,0.007926346270546383,0.9988948360359284,7.926346270546382e-12,0.023094392500172763,-0.009249359934216746,0.019720924729097956
none,0.01,0.008,8e-12,0.005,1,180,0.008963603156841289,0.008181804370010275,0.999400988569838,8.181804370010275e-12,-0.10941280880271519,0.022471167740778397,-0.10604204081090182
none,0.01,0.008,8e-12,0.005,1,180,0.010168502589289866,0.007949831044277836,0.999906008653103,7.949831044277836e-12,0.01670986820124547,-0.006290865531524748,0.014603455540418649
none,0.01,0.008,8e-12,0.005,1,180,0.009671492704020464,0.008170071588353553,1.0048641443385815,8.170071588353552e-12,-0.03340243101362897,0.021036129498062557,-0.019698775203399965
none,0.01,0.008,8e-12,0.005,1,180,0.01023132134992638,0.00793713906372382,1.0004097249606085,7.93713906372382e-12,0.022868642844187662,-0.007888650781684482,0.020795196609186533
none,0.01,0.008,8e-12,0.005,1,180,0.009839596064426893,0.008052730712692885,1.0001193898542968,8.052730712692885e-12,-0.016170433135593458,0.0065697111969500776,-0.013320376814115163
none,0.01,0.008,8e-12,0.005,1,180,0.00983631355344211,0.008040336324598761,1.0006028919529284,8.04033632459876e-12,-0.016504091002394822,0.005029372053886187,-0.015267747319292303
none,0.02,0.002,2e-12,0.005,1,60,0.021049084735929643,0.001928304250724951,0.9992607934339741,1.928304250724951e-12,0.05112480515069432,-0.036506190429100964,0.09358031682617468
none,0.02,0.002,2e-12,0.005,1,60,0.02129287569157179,0.0019087362516060026,0.998372123894651,1.9087362516060027e-12,0.0626402686381976,-0.04670580586111256,0.1136107798937892
none,0.02,0.002,2e-12,0.005,1,60,0.020501146729920358,0.0019636316463904476,0.9985487645805314,1.9636316463904475e-12,0.02474854907079285,-0.018351540972243053,0.04379065353788131
none,0.02,0.002,2e-12,0.005,1,60,0.01976038074637606,0.0020229460402083426,1.0000352007381905,2.0229460402083425e-12,-0.012053312878606694,0.011407704115376815,-0.018305083333991896
none,0.02,0.002,2e-12,0.005,1,60,0.021492983612913595,0.001901837463342494,0.9992539799624313,1.901837463342494e-12,0.07199426473255598,-0.05032667574418107,0.13480329225710466
none,0.02,0.002,2e-12,0.005,1,60,0.019049141596667235,0.0020810248378059118,1.0021100598747137,2.0810248378059117e-12,-0.04871023353894018,0.039713302294938274,-0.07819313971832463
none,0.02,0.002,2e-12,0.005,1,60,0.019631297145844353,0.002014904846297391,1.0002566064625342,2.014904846297391e-12,-0.018607187680868737,0.0074247910424797,-0.03829436287282059
none,0.02,0.002,2e-12,0.005,1,60,0.021121766797314347,0.0019353036372780534,1.0002015534011683,1.9353036372780536e-12,0.05457183696103926,-0.032882947898668524,0.1062161349683104
none,0.02,0.002,2e-12,0.005,1,60,0.02176211525864766,0.0018473981261015293,0.9971115506725908,1.8473981261015292e-12,0.08443835228686111,-0.07936894972774344,0.13913334234456645
none,0.02,0.002,2e-12,0.005,1,60,0.017917488958378674,0.0021729570839261734,1.004192865368083,2.1729570839261734e-12,-0.10995500091612011,0.08294177083049005,-0.17528959833055446
none,0.02,0.002,2e-12,0.005,1,60,0.022034274689590395,0.001867997557609603,0.9965906942493985,1.867997557609603e-12,0.09686690791004651,-0.06828014824365516,0.18396991326555376
none,0.02,0.002,2e-12,0.005,1,60,0.018709359165407703,0.002111712576391607,1.002679517322943,2.1117125763916074e-12,-0.0667083847681068,0.054352085299216084,-0.10568737819022878
none,0.02,0.002,2e-12,0.005,1,60,0.021995345410003572,0.0018672305721786023,0.9979895807276266,1.8672305721786023e-12,0.09509858514718937,-0.0686908248690873,0.17873200597135563
none,0.02,0.002,2e-12,0.005,1,60,0.02056316042921178,0.0019513672976343914,0.9992922438691957,1.9513672976343915e-12,0.027768872593782207,-0.02461687542087772,0.045215017801383095
none,0.02,0.002,2e-12,0.005,1,60,0.019990011920978774,0.002017456902675537,1.0002912670751218,2.017456902675537e-12,-4.995286947478513e-4,0.008690578626910472,0.007452056828278444
none,0.02,0.002,2e-12,0.005,1,60,0.01957869817035779,0.0020440477505466736,1.0013421165922018,2.0440477505466738e-12,-0.02129012638635469,0.021784852832845536,-0.03045657404278869
none,0.02,0.002,2e-12,0.005,1,60,0.017911788393202698,0.0021538895903662923,1.0026608090032447,2.1538895903662923e-12,-0.11027320801631585,0.0741281389061501,-0.18481010033671547
none,0.02,0.002,2e-12,0.005,1,60,0.01953191063478426,0.0020411862713746853,1.0008721064549202,2.0411862713746855e-12,-0.023682702688397478,0.02038396386315494,-0.03765911742359694
none,0.02,0.002,2e-12,0.005,1,60,0.021347176000496567,0.001920055584001309,0.9997716660109714,1.9200555840013092e-12,0.06518718573247279,-0.040793044938616574,0.12625677912295769
none,0.02,0.002,2e-12,0.005,1,60,0.02006507125474353,0.001976739662737428,0.9988897140324586,1.9767396627374276e-12,0.0032482813543736186,-0.011698328028051735,-0.0036294924398542344
none,0.02,0.002,2e-12,0.005,1,60,0.019898873324166236,0.0020154892312178965,1.0005154718202582,2.0154892312178964e-12,-0.005069160302408689,0.007714780017930303,-0.004824927785456426
none,0.02,0.002,2e-12,0.005,1,60,0.01964842851992074,0.0020105763008092486,0.9992146532537166,2.0105763008092488e-12,-0.017734911977704156,0.0052742172361481265,-0.03832064629368005
none,0.02,0.002,2e-12,0.005,1,60,0.02043537838726115,0.0019505945068645555,0.9977381302716046,1.9505945068645557e-12,0.021535359917251588,-0.02501297913416838,0.02897394088621427
none,0.02,0.002,2e-12,0.005,1,60,0.018772380827544937,0.0021001915949408743,1.0020006076873933,2.1001915949408744e-12,-0.06334558882861367,0.04888139569384042,-0.10334338169058743
none,0.02,0.002,2e-12,0.005,1,60,0.0211048633759009,0.0019346806823698154,0.9987986661340377,1.9346806823698153e-12,0.05377123211774551,-0.033204889726936936,0.10379816888477444
none,0.02,0.002,2e-12,0.005,1,60,0.021601271837426966,0.0018750892017467737,0.9987401815298396,1.875089201746774e-12,0.07701992076504856,-0.06449094800424462,0.13406675983669916
none,0.02,0.002,2e-12,0.005,1,60,0.022308187415652384,0.0018247557324190637,0.9964003331976897,1.8247557324190636e-12,0.10922148621345983,-0.09170104773339335,0.1945141918075022
none,0.02,0.002,2e-12,0.005,1,60,0.019504449167594442,0.0020473412677352093,1.0014663612801844,2.047341267735209e-12,-0.025089671568640386,0.023394828264281898,-0.03805347495400736
none,0.02,0.002,2e-12,0.005,1,60,0.02092083872676177,0.0019471443896395323,1.000216079560822,1.9471443896395324e-12,0.04501345694048728,-0.026783296858211077,0.08740070526024829
none,0.02,0.002,2e-12,0.005,1,60,0.020777376847012228,0.0019649940954016678,1.0005460678795202,1.964994095401668e-12,0.03813246964510214,-0.017657940127882854,0.07873678890163335
none,0.02,0.002,2e-12,0.005,1,120,0.020206052185009756,0.0019726510993789883,0.9993041055394649,1.9726510993789884e-12,0.01024989909741559,-0.013768806775435842,0.011781664165773871
none,0.02,0.002,2e-12,0.005,1,120,0.02018678716925484,0.001984047611689417,1.0003091924943013,1.984047611689417e-12,0.009296016304145567,-0.008008174157880387,0.015153434829719781
none,0.02,0.002,2e-12,0.005,1,120,0.01967258448254197,0.002036112073695749,1.000792055747856,2.036112073695749e-12,-0.016506257687514816,0.017894962632877428,-0.02270456153191815
none,0.02,0.002,2e-12,0.005,1,120,0.02011996020712773,0.0019848075598669626,0.999901492035034,1.9848075598669626e-12,0.0059800938986399555,-0.007625218290768179,0.007249847393070397
none,0.02,0.002,2e-12,0.005,1,120,0.02057086636974991,0.0019227005671009064,0.9962618751118343,1.9227005671009064e-12,0.028143547344977322,-0.039416437413553475,0.03137099243543549
none,0.02,0.002,2e-12,0.005,1,120,0.019757662408977195,0.002037391216706984,1.0012098201875879,2.037391216706984e-12,-0.012190887372994732,0.01852299357434857,-0.01152686771247935
none,0.02,0.002,2e-12,0.005,1,120,0.01976463653100093,0.0020288045989067904,1.000214259441923,2.0288045989067906e-12,-0.011837966501326106,0.014299571509567533,-0.01488549864631728
none,0.02,0.002,2e-12,0.005,1,120,0.01964196296642542,0.0020502036243332587,1.001224442491245,2.050203624333259e-12,-0.01806402824807404,0.024791936600631677,-0.01960465556261614
none,0.02,0.002,2e-12,0.005,1,120,0.020230785126293886,0.0019746429966706856,1.0002677940854523,1.9746429966706855e-12,0.01147318687227235,-0.012759559725530865,0.015857795934910972
none,0.02,0.002,2e-12,0.005,1,120,0.019815307969984406,0.002028377022664635,1.0013241660409367,2.028377022664635e-12,-0.009277504767199265,0.014088796501879877,-0.008813015220053825
none,0.02,0.002,2e-12,0.005,1,120,0.02014051110693633,0.001985434545520232,1.0002620171515026,1.9854345455202323e-12,0.007000991117313106,-0.007309375759336108,0.010114001500768903
none,0.02,0.002,2e-12,0.005,1,120,0.02063221417254119,0.0019243598184515806,0.9981182742845979,1.9243598184515806e-12,0.03112137557127095,-0.03855382997448552,0.03984072742062188
none,0.02,0.002,2e-12,0.005,1,120,0.019455971197362098,0.0020654368189034576,1.0017078725690733,2.0654368189034575e-12,-0.027578248170071106,0.03219455806071214,-0.035265013466387773
none,0.02,0.002,2e-12,0.005,1,120,0.02027676787061622,0.001962592069451521,0.9988249160978582,1.962592069451521e-12,0.01374351725124922,-0.018881096615761796,0.015438119340649321
none,0.02,0.002,2e-12,0.005,1,120,0.019867946222587887,0.002023899425719251,1.0011407894821762,2.0238994257192513e-12,-0.006624583047607176,0.011878878780470213,-0.004495789618631908
none,0.02,0.002,2e-12,0.005,1,120,0.01995297158934325,0.0020136634332314483,1.0011336094792633,2.0136634332314484e-12,-0.002354189463563887,0.006808486182241738,9.769632608048334e-4
none,0.02,0.002,2e-12,0.005,1,120,0.019946215774981325,0.0019986436051988824,0.9995661548778288,1.9986436051988824e-12,-0.0026928336752768773,-6.784274804481876e-4,-0.0073476713827638875
none,0.02,0.002,2e-12,0.005,1,120,0.020114972142342168,0.0019858410876097544,1.0000212459725206,1.9858410876097543e-12,0.005732146927197715,-0.007104634447727978,0.007151911202700756
none,0.02,0.002,2e-12,0.005,1,120,0.019992054417164222,0.002002659175527866,1.000014369272902,2.0026591755278662e-12,-3.9735807805431697e-4,0.001328704644824896,3.434523731883712e-4
none,0.02,0.002,2e-12,0.005,1,120,0.019988125741770217,0.0019974418983560002,0.9994740128742459,1.9974418983560002e-12,-5.938892287911246e-4,-0.001279869505668962,-0.0027522775261620913
none,0.02,0.002,2e-12,0.005,1,120,0.02062624541612209,0.0019310506448891932,0.9986523695661563,1.931050644889193e-12,0.03083204065570476,-0.03508295017153493,0.04257148142760413
none,0.02,0.002,2e-12,0.005,1,120,0.02060614396590451,0.0019289189629532622,0.9976940494095207,1.9289189629532623e-12,0.029857008545687923,-0.03618745739268484,0.03897439437947429
none,0.02,0.002,2e-12,0.005,1,120,0.020102387846870084,0.0019856291127030024,0.9993228285233063,1.9856291127030023e-12,0.005106332806819202,-0.007211383281918679,0.005484709729971662
none,0.02,0.002,2e-12,0.005,1,120,0.02004331584966507,0.0019938873317700725,0.9998894272459727,1.9938873317700724e-12,0.0021634505355520744,-0.0030610142425300016,0.0023101511159386253
none,0.02,0.002,2e-12,0.005,1,120,0.02047115071296801,0.0019404985909855577,0.9982653667047525,1.940498590985558e-12,0.023284339144404333,-0.030202234842347797,0.028220453565685574
none,0.02,0.002,2e-12,0.005,1,120,0.019911809146435706,0.002012519243034007,1.0005446492220278,2.012519243034007e-12,-0.004419293386196663,0.006240111460951033,-0.004695554381021428
none,0.02,0.002,2e-12,0.005,1,120,0.020056817342332566,0.0019875335465789536,0.9994231573368154,1.9875335465789536e-12,0.0028368394798252523,-0.006252734374176961,7.926160750611911e-4
none,0.02,0.002,2e-12,0.005,1,120,0.020381699870816512,0.0019518656570820035,0.9986469191816082,1.9518656570820035e-12,0.018905159536386638,-0.024361518153657544,0.02296926582758993
none,0.02,0.002,2e-12,0.005,1,120,0.020295336262370345,0.0019571618637573597,0.9978262847250758,1.9571618637573597e-12,0.014658845329363552,-0.02165178541946496,0.014969911114457748
none,0.02,0.002,2e-12,0.005,1,120,0.020120408974388784,0.001982960577739085,0.9996420331370631,1.982960577739085e-12,0.006002398229847682,-0.00855621133130282,0.00637450149290638
none,0.02,0.002,2e-12,0.005,1,180,0.020887808945487318,0.001898585429434047,0.9977547484994495,1.8985854294340472e-12,0.04343341118511756,-0.05203808249755675,0.05805022674287059
none,0.02,0.002,2e-12,0.005,1,180,0.019921118558465137,0.0020104613773054237,1.000664068542058,2.0104613773054237e-12,-0.003951870440642932,0.0052170561185183656,-0.004564242631804724
none,0.02,0.002,2e-12,0.005,1,180,0.02033339327477043,0.0019544797785836323,0.9982352042870196,1.9544797785836322e-12,0.016532249886394765,-0.023023120444132787,0.01831764562740052
none,0.02,0.002,2e-12,0.005,1,180,0.02011643758179647,0.001987823341557075,1.0002560849142947,1.9878233415570747e-12,0.005804997442006743,-0.006106938669897285,0.008331321472864885
none,0.02,0.002,2e-12,0.005,1,180,0.019784984777191744,0.002022191648940776,1.0006262184682482,2.0221916489407763e-12,-0.010808968128486788,0.011034717416636766,-0.01562717021158709
none,0.02,0.002,2e-12,0.005,1,180,0.02007346009994092,0.0019797500856399727,0.9980895351383757,1.979750085639973e-12,0.0036662759862852268,-0.01017656319358817,-0.0010675108009139643
none,0.02,0.002,2e-12,0.005,1,180,0.01994448423525874,0.002006303203624523,0.9994466679488199,2.006303203624523e-12,-0.002779647881255994,0.0031466459251949415,-0.003737308902721167
none,0.02,0.002,2e-12,0.005,1,180,0.02037883074430205,0.0019478515955405771,0.9982525215043555,1.947851595540577e-12,0.01876437989118083,-0.02642016122905656,0.020554851064397726
none,0.02,0.002,2e-12,0.005,1,180,0.020087613957118666,0.0019848712083502993,0.999041954703231,1.984871208350299e-12,0.0043711305299474375,-0.007593150968922503,0.003270979713792062
none,0.02,0.002,2e-12,0.005,1,180,0.02006150130177885,0.002000339719352704,1.000198367119746,2.000339719352704e-12,0.003070346746623845,1.6984525183055024e-4,0.0077960066724080046
none,0.02,0.002,2e-12,0.005,1,180,0.020222573130076353,0.0019714468997993283,0.9991141807261703,1.971446899799328e-12,0.011067188622223782,-0.014379440495657213,0.013219627633810519
none,0.02,0.002,2e-12,0.005,1,180,0.020128105593155934,0.00198600337710267,1.0001334191916547,1.98600337710267e-12,0.006384853033144729,-0.007022914483893644,0.00886217906744217
none,0.02,0.002,2e-12,0.005,1,180,0.019907366051728412,0.002011639702345034,0.9998157310704113,2.011639702345034e-12,-0.004642456960209526,0.00580298126062015,-0.0056836283250567545
none,0.02,0.002,2e-12,0.005,1,180,0.01952516778439796,0.0020604226959950135,1.0017691016683081,2.0604226959950134e-12,-0.024027984554128596,0.02976397342308713,-0.029115221311565968
none,0.02,0.002,2e-12,0.005,1,180,0.020207911863782166,0.0019889272871116753,1.0013896927031465,1.988927287111675e-12,0.010341930592840002,-0.005551738866822213,0.020229332242166304
none,0.02,0.002,2e-12,0.005,1,180,0.019858589445775534,0.0020163236780658842,0.99991479435364,2.016323678065884e-12,-0.007095642344772314,0.008128711357839827,-0.009406197365994014
none,0.02,0.002,2e-12,0.005,1,180,0.019506596841459754,0.0020528807891509963,1.001125541970666,2.0528807891509964e-12,-0.0249795656326456,0.026096889132854306,-0.035085102526136294
none,0.02,0.002,2e-12,0.005,1,180,0.020281700028247467,0.001963925124050161,0.9991583707600082,1.963925124050161e-12,0.01398672947848911,-0.018202095565129816,0.01672870793755599
none,0.02,0.002,2e-12,0.005,1,180,0.020186658209566534,0.001978164423626723,0.9991075961496615,1.978164423626723e-12,0.009289627962150167,-0.010977824612637388,0.01216779337361277
none,0.02,0.002,2e-12,0.005,1,180,0.019960706550693357,0.0019994529602692037,0.9989007548881402,1.9994529602692038e-12,-0.001966604965848724,-2.73557278778883e-4,-0.005145944992802645
none,0.02,0.002,2e-12,0.005,1,180,0.020449075479179228,0.0019468951259702055,0.9990582915455809,1.9468951259702054e-12,0.022205399070777735,-0.02691132004270523,0.028774039375519006
none,0.02,0.002,2e-12,0.005,1,180,0.020000914648084425,0.0019988609079902675,0.9996704932157652,1.9988609079902674e-12,4.573135852660494e-5,-5.697082578020124e-4,-4.562918953334244e-4
none,0.02,0.002,2e-12,0.005,1,180,0.01984292147596293,0.0020249779862338783,1.0006076346412285,2.0249779862338783e-12,-0.007884930725100724,0.012411648943851833,-0.007066088036745114
none,0.02,0.002,2e-12,0.005,1,180,0.020176443671189502,0.0019738884790777493,0.9983424930851335,1.9738884790777493e-12,0.008783495473856135,-0.013141736039309317,0.008737279188188885
none,0.02,0.002,2e-12,0.005,1,180,0.020012925175626965,0.001996613098237936,1.000449404704438,1.996613098237936e-12,6.460500460685364e-4,-0.0016948863898466023,-9.216461210296754e-5
none,0.02,0.002,2e-12,0.005,1,180,0.020002324177231207,0.00199632753053082,1.0002890854080042,1.9963275305308196e-12,1.1620210983359012e-4,-0.001837922680216505,-0.001549724703546853
none,0.02,0.002,2e-12,0.005,1,180,0.019907476432293816,0.0020204603295069425,1.001494839320353,2.0204603295069427e-12,-0.004636912265893679,0.010178190785647813,-0.0012947316099190965
none,0.02,0.002,2e-12,0.005,1,180,0.020245977812177893,0.0019675967235931024,0.9991418430466751,1.9675967235931022e-12,0.012223873710573175,-0.016334319801638346,0.0141669289084203
none,0.02,0.002,2e-12,0.005,1,180,0.01966192196395665,0.0020449963737851243,1.0009080932975638,2.0449963737851243e-12,-0.01704840349330931,0.022248835723039307,-0.01967284074633621
none,0.02,0.002,2e-12,0.005,1,180,0.019913987709425547,0.0020081896071127343,1.0003201496537708,2.008189607112734e-12,-0.004309888770896761,0.004086442664652444,-0.006579081366579763
none,0.02,0.005,5e-12,0.005,1,60,0.019659261937067452,0.005073136035205599,1.0020393598839006,5.0731360352055986e-12,-0.017183700889234717,0.014521261325241246,-0.027730258478394734
none,0.02,0.005,5e-12,0.005,1,60,0.020322567346016118,0.0049181502215165,0.99911401599184535,4.9181502215165e-12,0.01599968694384553,-0.01650542386127272,0.02349292704472589
none,0.02,0.005,5e-12,0.005,1,60,0.019816154973721654,0.00507920445120362,1.0024566102747,5.07920445120362e-12,-0.009234760761580309,0.015716732798812968,-0.007080050459701937
none,0.02,0.005,5e-12,0.005,1,60,0.019741834719768987,0.005029625940811711,1.0005703278164024,5.029625940811711e-12,-0.01299229960382616,0.005907703268490761,-0.026104791480154873
none,0.02,0.005,5e-12,0.005,1,60,0.0198081466045466,0.005009822313348193,1.0001384958042543,5.0098223133481924e-12,-0.00963897579958047,0.0019625356361590955,-0.021827285400062683
none,0.02,0.005,5e-12,0.005,1,60,0.020517625346798688,0.004874101188490874,0.9976887489475657,4.874101188490875e-12,0.025552016211837728,-0.02550219657443673,0.03868334642860055
none,0.02,0.005,5e-12,0.005,1,60,0.01981444133047081,0.005026662598271136,1.0003832536700328,5.026662598271136e-12,-0.009321241582547992,0.005318352114766211,-0.01769092290685352
none,0.02,0.005,5e-12,0.005,1,60,0.021026524577024502,0.0048326964011616794,0.9982140831333628,4.832696401161679e-12,0.05005244225753754,-0.03403333942930331,0.09325570812173495
none,0.02,0.005,5e-12,0.005,1,60,0.018725335004550384,0.005225188782437452,1.0034950846876731,5.225188782437452e-12,-0.06585485354704025,0.04405301537411824,-0.11400544406163424
none,0.02,0.005,5e-12,0.005,1,60,0.02066667400346767,0.004889397835978629,0.9971838955114238,4.8893978359786296e-12,0.032790177829428065,-0.022368758456569913,0.060298817973421126
none,0.02,0.005,5e-12,0.005,1,60,0.0201241569989378,0.004990597100846581,1.0003166313492302,4.9905971008465815e-12,0.006188660621760931,-0.0018823503410057946,0.013513117527281505
none,0.02,0.005,5e-12,0.005,1,60,0.019553336512327647,0.005085769777137033,1.0009818712991656,5.085769777137033e-12,-0.02258633609212468,0.017008487543853763,-0.03837778492751811
none,0.02,0.005,5e-12,0.005,1,60,0.019971084004547474,0.004985026121442195,0.9978747324179493,4.985026121442195e-12,-0.001446845949614194,-0.0029992690255631624,-0.006584852461676492
none,0.02,0.005,5e-12,0.005,1,60,0.01921732310132759,0.005147257415794967,1.002181640971913,5.147257415794967e-12,-0.03992015643768024,0.029026119769087783,-0.0680258156662911
none,0.02,0.005,5e-12,0.005,1,60,0.019090483414385864,0.0051726647562720576,1.0022499198158452,5.172664756272058e-12,-0.04654231322517513,0.03395007004457734,-0.07882998657157554
none,0.02,0.005,5e-12,0.005,1,60,0.02002760926528026,0.004979780715385027,0.9997467436859984,4.979780715385027e-12,0.0013795113006010776,-0.004052055422237809,-6.285065274854547e-4
none,0.02,0.005,5e-12,0.005,1,60,0.019539530984942943,0.005058502837410916,0.9994789791162859,5.058502837410916e-12,-0.02329263004508554,0.01163264514897634,-0.04546551271809883
none,0.02,0.005,5e-12,0.005,1,60,0.02063046510035936,0.004876737005195259,0.9976775247211992,4.876737005195259e-12,0.031036598130072496,-0.024961562689179047,0.05321610975538158
none,0.02,0.005,5e-12,0.005,1,60,0.020325687351074755,0.004924715776078944,0.9985425769256187,4.924715776078944e-12,0.01615319931912519,-0.015171349916183295,0.025213881617086223
none,0.02,0.005,5e-12,0.005,1,60,0.019543409026382984,0.005090320823445274,1.0017486539340583,5.090320823445274e-12,-0.023094178165485733,0.017902946288434154,-0.03871433444007591
none,0.02,0.005,5e-12,0.005,1,60,0.02103628460484361,0.004830814384547505,0.9977062662631678,4.8308143845475054e-12,0.05051651149989691,-0.03442284934546174,0.09407644165514603
none,0.02,0.005,5e-12,0.005,1,60,0.020747138806441513,0.00486263117385652,0.9976157172508732,4.862631173856521e-12,0.03667607476898327,-0.027858227224808095,0.0647869847739394
none,0.02,0.005,5e-12,0.005,1,60,0.02057506574473236,0.004906973829768721,0.9991104941616148,4.906973829768721e-12,0.028347668373775222,-0.018780488585161296,0.05252766376165119
none,0.02,0.005,5e-12,0.005,1,60,0.02011799043957089,0.004983140530131399,0.9996978934192822,4.983140530131399e-12,0.0058821879403713265,-0.00337759161971604,0.011253222887074131
none,0.02,0.005,5e-12,0.005,1,60,0.018966717443619763,0.005188906933862649,1.0017681621736036,5.188906933862648e-12,-0.0530465439253975,0.0370851525165542,-0.09104188447459519
none,0.02,0.005,5e-12,0.005,1,60,0.01926400603955761,0.005135892313569542,1.002172218581702,5.1358923135695425e-12,-0.03749389091238819,0.026815686749625995,-0.06444756434523032
none,0.02,0.005,5e-12,0.005,1,60,0.02056017788095777,0.004893645217448556,0.9989421357001996,4.893645217448556e-12,0.027623818793103612,-0.02150044341111887,0.047961613827644675
none,0.02,0.005,5e-12,0.005,1,60,0.020074909073924823,0.004984342838767419,0.999797058082626,4.984342838767419e-12,0.003738456949763661,-0.0031363454400428615,0.0061523797266351404
none,0.02,0.005,5e-12,0.005,1,60,0.01952508722901826,0.005083841240929894,1.0013986085509636,5.083841240929894e-12,-0.02403211028286827,0.01662921320841839,-0.04225997039331752
none,0.02,0.005,5e-12,0.005,1,60,0.01983500358160287,0.00503210866899704,1.0003381599378613,5.03210866899704e-12,-0.008284039017869104,0.006401202318504654,-0.014058353562739469
none,0.02,0.005,5e-12,0.005,1,120,0.02033419212923761,0.004926556101991056,0.9980593988215131,4.926556101991055e-12,0.016571536923446397,-0.014797727919694335,0.026642096105769394
none,0.02,0.005,5e-12,0.005,1,120,0.019678217043041655,0.005040947405603359,0.99923412388903,5.040947405603359e-12,-0.016219983440496525,0.008156129285911288,-0.03174495737692356
none,0.02,0.005,5e-12,0.005,1,120,0.019812994171034257,0.005024229073621589,1.000530418175435,5.0242290736215885e-12,-0.009394279840960655,0.004834111556507121,-0.018354611235245108
none,0.02,0.005,5e-12,0.005,1,120,0.02014822031963778,0.004994672339653045,1.0005869090077648,4.9946723396530444e-12,0.007383689332052745,-0.0010661001522627323,0.01731321948282187
none,0.02,0.005,5e-12,0.005,1,120,0.01993995865881543,0.0049802996002248565,0.9990176629712298,4.980299600224856e-12,-0.0030065823015137287,-0.00394786251939829,-0.011392988826285025
none,0.02,0.005,5e-12,0.005,1,120,0.019931325841099787,0.005010867322781584,1.0006087305820432,5.010867322781584e-12,-0.0034396166498583884,0.002171105999103351,-0.00634448970452314
none,0.02,0.005,5e-12,0.005,1,120,0.021114824698177034,0.004801512020143297,0.9983552460917213,4.8015120201432964e-12,0.054243112556250826,-0.04050703992714036,0.09773122264681186
none,0.02,0.005,5e-12,0.005,1,120,0.02001900662954955,0.004988206957607819,1.0002426307779804,4.9882069576078185e-12,9.498801984061041e-4,-0.0023613943768380314,-4.57231269384694e-6
none,0.02,0.005,5e-12,0.005,1,120,0.020506086807500563,0.004897990245971623,0.998070378573325,4.897990245971623e-12,0.024989485958164023,-0.020612945336972343,0.04214181879309738
none,0.02,0.005,5e-12,0.005,1,120,0.019570355278157966,0.005047034724776697,0.9997091588875222,5.0470347247766964e-12,-0.02171633808708398,0.009362975181056681,-0.04391297032735553
none,0.02,0.005,5e-12,0.005,1,120,0.020058512446429002,0.0049729274283090924,0.9989306759554573,4.9729274283090924e-12,0.002921351017253472,-0.005429225949123498,0.0018263174080726946
none,0.02,0.005,5e-12,0.005,1,120,0.019693030374316363,0.0050384955784370765,0.9997181650042541,5.038495578437076e-12,-0.015467488513593126,0.007669628748426616,-0.030394604836344437
none,0.02,0.005,5e-12,0.005,1,120,0.019835676982034398,0.00506648233793041,1.0025349158569012,5.06648233793041e-12,-0.008250089490307443,0.013208845416598397,-0.007167208811136272
none,0.02,0.005,5e-12,0.005,1,120,0.02046812759139297,0.004943798707851913,1.0000655476786844,4.943798707851913e-12,0.023136651070468937,-0.011303907538813163,0.046743913793914876
none,0.02,0.005,5e-12,0.005,1,120,0.019980437903686095,0.005019837395014449,1.001361976943449,5.019837395014449e-12,-9.785834723535537e-4,0.0039596293135391,0.0015339293706148165
none,0.02,0.005,5e-12,0.005,1,120,0.019933870001262066,0.005046764557691319,1.0022627352103157,5.046764557691319e-12,-0.0033119784876984326,0.009309443883696426,0.0011093240401925837
none,0.02,0.005,5e-12,0.005,1,120,0.019314237323391364,0.005152866138037945,1.0036883874548699,5.152866138037945e-12,-0.034889764449292655,0.03011517909308841,-0.054919392806382535
none,0.02,0.005,5e-12,0.005,1,120,0.020484931089891405,0.004916118941294211,0.9991653467928323,4.9161189412942105e-12,0.02395727350906114,-0.016918526292688363,0.04321292885384577
none,0.02,0.005,5e-12,0.005,1,120,0.02036927275319915,0.004936748466117478,1.0004611678945705,4.936748466117478e-12,0.018295254191685106,-0.012731003185813966,0.03305881821088054
none,0.02,0.005,5e-12,0.005,1,120,0.01952923192294505,0.005092628546651121,1.001333599987723,5.092628546651121e-12,-0.023819857500981277,0.01835619871294907,-0.040019042841864624
none,0.02,0.005,5e-12,0.005,1,120,0.020275817014234178,0.004954709079569695,1.0000623977668432,4.954709079569695e-12,0.013696622268603124,-0.009099458874343163,0.02510185089069484
none,0.02,0.005,5e-12,0.005,1,120,0.019714402274623753,0.005052950164950833,0.9998073405485085,5.052950164950833e-12,-0.014382824988663277,0.010534351359360542,-0.02487976658729411
none,0.02,0.005,5e-12,0.005,1,120,0.019480508367917954,0.005088462509062736,1.000796174988922,5.088462509062736e-12,-0.026317878764414552,0.017537811410820534,-0.046879150967353275
none,0.02,0.005,5e-12,0.005,1,120,0.020518168416188167,0.00491156945692323,0.9999055210217942,4.911569456923231e-12,0.025578484294441137,-0.01784437670870074,0.04640850689863193
none,0.02,0.005,5e-12,0.005,1,120,0.020354476055527728,0.004943948388997242,0.9988527009112877,4.943948388997242e-12,0.01756856773695509,-0.011273631451879668,0.032681399433558564
none,0.02,0.005,5e-12,0.005,1,120,0.019624753657129786,0.005096283870138903,1.0018848955324897,5.096283870138903e-12,-0.01894056246724306,0.019073708785678198,-0.027456837730228348
none,0.02,0.005,5e-12,0.005,1,120,0.019575930010401695,0.005058207392409058,1.0000170540705642,5.058207392409058e-12,-0.0214315226957732,0.01157423782184504,-0.04101044088834481
none,0.02,0.005,5e-12,0.005,1,120,0.019911580827759307,0.005019067724064983,1.000340777018202,5.019067724064983e-12,-0.004430759947760052,0.0038062916852131343,-0.007157685672632827
none,0.02,0.005,5e-12,0.005,1,120,0.02032005415464414,0.004913058163533089,0.9974095157128686,4.913058163533089e-12,0.015876014243493636,-0.017541320617668416,0.02214539455820469
none,0.02,0.005,5e-12,0.005,1,120,0.02003045023141193,0.004993187779556369,1.0003714215943695,4.993187779556369e-12,0.00152135372492835,-0.0013633730595501833,0.002412455635529028
none,0.02,0.005,5e-12,0.005,1,180,0.020216056046392577,0.004964282637247274,1.000385964367377,4.9642826372472735e-12,0.01074486890600596,-0.0071691093138861964,0.019621840438793288
none,0.02,0.005,5e-12,0.005,1,180,0.02066876891286714,0.00488447695670621,0.9983498242388774,4.8844769567062106e-12,0.03289153924004617,-0.023375703970521373,0.05955164122500395
none,0.02,0.005,5e-12,0.005,1,180,0.020063687603757707,0.00497733222799202,0.9998629077308684,4.97733222799202e-12,0.0031793207871530114,-0.004543862124899969,0.0033534007410556737
none,0.02,0.005,5e-12,0.005,1,180,0.019945267273974478,0.005023233074246609,1.0004208664097727,5.023233074246609e-12,-0.0027403877361706504,0.004635852660164126,-0.002151005367000693
none,0.02,0.005,5e-12,0.005,1,180,0.019656926817235302,0.0050720763432314,1.001495430105508,5.0720763432314e-12,-0.017302487572729876,0.014312356486481019,-0.028228718176341594
none,0.02,0.005,5e-12,0.005,1,180,0.019756957615960673,0.0050554051304160155,1.0015747351496307,5.055405130416015e-12,-0.012226559891983985,0.011020081320707567,-0.01911717430016898
none,0.02,0.005,5e-12,0.005,1,180,0.0199131539647201,0.005020021596303831,1.0000130517537926,5.020021596303831e-12,-0.004351756937705805,0.003996323312839592,-0.006772585061868263
none,0.02,0.005,5e-12,0.005,1,180,0.020387457766739208,0.0049216612003466186,0.9983565098707564,4.921661200346619e-12,0.019187622863795533,-0.015791796571359686,0.03225296650430206
none,0.02,0.005,5e-12,0.005,1,180,0.01981592750596641,0.005050829729906897,1.0002823819649407,5.0508297299068964e-12,-0.00924623973220275,0.010114620308777206,-0.012710368951387798
none,0.02,0.005,5e-12,0.005,1,180,0.020548286976715537,0.004904482251675299,0.9994566652906409,4.904482251675298e-12,0.027045305116417426,-0.019288380202124075,0.04869920491060249
none,0.02,0.005,5e-12,0.005,1,180,0.020392241470391242,0.004909666998395036,0.9982858348187875,4.909666998395036e-12,0.01942223487729554,-0.018231794028433376,0.03040614830008055
none,0.02,0.005,5e-12,0.005,1,180,0.019467526528914095,0.005077151452481939,1.0005674348502192,5.077151452481939e-12,-0.02698450235756846,0.015312454183705158,-0.05071425623094706
none,0.02,0.005,5e-12,0.005,1,180,0.019753986873902042,0.0050554554209943465,0.9996441787483705,5.0554554209943465e-12,-0.012376935546253272,0.011030029154143766,-0.01947559848200306
none,0.02,0.005,5e-12,0.005,1,180,0.02087706535014758,0.004840960120319255,0.996825223599304,4.840960120319254e-12,0.04291893121802058,-0.03232483941188888,0.07643126400641115
none,0.02,0.005,5e-12,0.005,1,180,0.019626616399220788,0.005069839230495552,1.0002601450233917,5.069839230495552e-12,-0.01884564898576584,0.013871194704790372,-0.032428371791831986
none,0.02,0.005,5e-12,0.005,1,180,0.019746714292039946,0.005037892557999253,1.000463647656428,5.037892557999253e-12,-0.01274516100704783,0.007549938948792331,-0.023857488838254375
none,0.02,0.005,5e-12,0.005,1,180,0.02048309600424152,0.004929292111725748,1.000501175500017,4.9292921117257475e-12,0.0238676872740737,-0.014242522574472826,0.04566138195147555
none,0.02,0.005,5e-12,0.005,1,180,0.019871213194350645,0.004998150439151158,0.9993563027950318,4.998150439151158e-12,-0.006460162268805993,-3.699806041521153e-4,-0.016339544504672142
none,0.02,0.005,5e-12,0.005,1,180,0.020324217079477663,0.004961177436476418,0.9996107374529798,4.961177436476418e-12,0.01608086106306628,-0.007794813482579526,0.032408104372650584
none,0.02,0.005,5e-12,0.005,1,180,0.01970250334093555,0.005042750814237949,0.9994316395635664,5.042750814237949e-12,-0.014986572739219616,0.008513817232238095,-0.028375768491753717
none,0.02,0.005,5e-12,0.005,1,180,0.020610555585220725,0.004908247713816834,0.9994372766786805,4.908247713816834e-12,0.030071078055430835,-0.018520915421252795,0.05718797714611708
none,0.02,0.005,5e-12,0.005,1,180,0.01988085855991156,0.005019180903095118,1.00109706262766,5.019180903095117e-12,-0.005974886139812116,0.0038288412422809075,-0.010944697328685787
none,0.02,0.005,5e-12,0.005,1,180,0.020229604092065662,0.004978711472315867,1.0005882561581525,4.978711472315867e-12,0.011414807096329749,-0.0042667953754586116,0.02420411204068347
none,0.02,0.005,5e-12,0.005,1,180,0.019755568320300728,0.0050626777228935564,1.000663038840948,5.0626777228935566e-12,-0.012296881676157417,0.012457625139116298,-0.017851903143593476
none,0.02,0.005,5e-12,0.005,1,180,0.01987132518766915,0.005047716470898421,1.0009756093965754,5.047716470898421e-12,-0.006454526326912841,0.00949804460665124,-0.0064576321223742406
none,0.02,0.005,5e-12,0.005,1,180,0.020678454749909207,0.004878284526023574,0.9978670640492047,4.878284526023574e-12,0.03336005133644401,-0.024644285923291112,0.05948410306545045
none,0.02,0.005,5e-12,0.005,1,180,0.020595268166600747,0.004902081800287046,0.9990821626076007,4.902081800287046e-12,0.029329075205860245,-0.019777940342347707,0.05403531231614487
none,0.02,0.005,5e-12,0.005,1,180,0.02074185647856908,0.00485187998511311,0.9977932169270712,4.85187998511311e-12,0.03642143722644031,-0.030071656795661643,0.061918546546904187
none,0.02,0.005,5e-12,0.005,1,180,0.021071844725418346,0.004772345603673041,0.9942966621910161,4.772345603673041e-12,0.05220550265641855,-0.04659998758678413,0.08630875836509075
none,0.02,0.005,5e-12,0.005,1,180,0.02020648457721687,0.004944118298498431,0.9988448785093212,4.944118298498431e-12,0.010271298011800543,-0.011239264875161328,0.01436482269973029
none,0.02,0.008,8e-12,0.005,1,60,0.02006281366112858,0.008003379812934962,1.0010589418885916,8.003379812934962e-12,0.0031357614135863153,4.223873987519312e-4,0.00821128137869595
none,0.02,0.008,8e-12,0.005,1,60,0.020066889100295745,0.008023991154901555,1.0014084578918887,8.023991154901554e-12,0.0033388747635855194,0.0029944066488762607,0.011288655085548573
none,0.02,0.008,8e-12,0.005,1,60,0.020462775288973792,0.007941433677277307,1.0002692347125761,7.941433677277306e-12,0.022875122392964426,-0.00734771883165899,0.05003641700109115
none,0.02,0.008,8e-12,0.005,1,60,0.02003672771955795,0.008005800161303858,0.999949670845692,8.005800161303858e-12,0.001834701882618224,7.247574628314961e-4,0.005278994688017078
none,0.02,0.008,8e-12,0.005,1,60,0.021045455259452235,0.007732448729506516,0.9961437834458292,7.732448729506517e-12,0.05095236110038263,-0.03401594664441781,0.09562050552765927
none,0.02,0.008,8e-12,0.005,1,60,0.01993864968023828,0.008045578803044403,1.0013274065616347,8.045578803044404e-12,-0.0030722304588661144,0.005681181862610151,-0.0019262577878429782
none,0.02,0.008,8e-12,0.005,1,60,0.019746416871423627,0.008030635401347823,1.001508184509645,8.030635401347823e-12,-0.012760222897941938,0.0038221115851844495,-0.027622196358285857
none,0.02,0.008,8e-12,0.005,1,60,0.019995839254248533,0.007963592829473566,0.998471687123277,7.963592829473567e-12,-2.080589303315779e-4,-0.004561283169418809,-0.00507721564260073
none,0.02,0.008,8e-12,0.005,1,60,0.021373223046638027,0.0077421673115801275,0.9982709664883459,7.742167311580127e-12,0.06640660549212207,-0.032759878858882735,0.13751977892423256
none,0.02,0.008,8e-12,0.005,1,60,0.02110541676632567,0.007821569654025404,0.9990426884035886,7.821569654025403e-12,0.05379745276460881,-0.022556284243635153,0.11451539478074807
none,0.02,0.008,8e-12,0.005,1,60,0.02036930356621672,0.00797684929280776,1.0008466327762982,7.97684929280776e-12,0.0182967669110954,-0.0028980336449004017,0.042895608565972965
none,0.02,0.008,8e-12,0.005,1,60,0.019667094631984964,0.008088475729626683,1.0013791480369052,8.088475729626684e-12,-0.016785357604759306,0.010998757500774498,-0.03028150813309003
none,0.02,0.008,8e-12,0.005,1,60,0.02035982508365751,0.007905892470909236,0.9980596625673581,7.905892470909236e-12,0.017831326915469372,-0.011833177845314177,0.03278513252821695
none,0.02,0.008,8e-12,0.005,1,60,0.01978787674963736,0.008014061257659542,0.9991214921926269,8.014061257659542e-12,-0.010662808748589369,0.001756114335641864,-0.02454716870932573
none,0.02,0.008,8e-12,0.005,1,60,0.020247152391340964,0.007950691464473308,1.0013207292547681,7.950691464473308e-12,0.012281887460436453,-0.006182640132536913,0.02446425639374257
none,0.02,0.008,8e-12,0.005,1,60,0.01982470633267943,0.007998903287417728,0.9999391459219933,7.998903287417728e-12,-0.008803319122392614,-1.3709847034979743e-4,-0.021873513218100514
none,0.02,0.008,8e-12,0.005,1,60,0.019907697735347243,0.008051664753318534,1.0019059256434064,8.051664753318534e-12,-0.004625795747729145,0.00643733002459777,-0.0050081507923440995
none,0.02,0.008,8e-12,0.005,1,60,0.019118509178087842,0.008170543188971507,1.0015313915051962,8.170543188971507e-12,-0.04507534082802953,0.02109385078021896,-0.0882110111368887
none,0.02,0.008,8e-12,0.005,1,60,0.02000772483527801,0.007932401192850318,0.9975292813718749,7.932401192850318e-12,3.8616719175166276e-4,-0.008485753273334364,-0.007527873698861053
none,0.02,0.008,8e-12,0.005,1,60,0.02000445523650843,0.00796548147706826,0.9983505041363825,7.96548147706826e-12,2.2273701769000092e-4,-0.004324151046459467,-0.003771701719414413
none,0.02,0.008,8e-12,0.005,1,60,0.02008297907533983,0.007975563716728518,0.9988552986389575,7.975563716728519e-12,0.0041403705909213925,-0.0030592100238288973,0.007230195318309839
none,0.02,0.008,8e-12,0.005,1,60,0.021761561377717547,0.007650777599560658,0.9967739434108545,7.650777599560658e-12,0.08441290035021663,-0.044634252005704686,0.17379935883127107
none,0.02,0.008,8e-12,0.005,1,60,0.019363716058955396,0.008115160923108383,1.000095264070649,8.115160923108383e-12,-0.03233126493070479,0.014292489417688937,-0.06460671927184206
none,0.02,0.008,8e-12,0.005,1,60,0.020561296740110625,0.007870150818761383,0.997608334007504,7.870150818761383e-12,0.02767823606113409,-0.016364315677935205,0.05323648009578228
none,0.02,0.008,8e-12,0.005,1,60,0.02056495324313009,0.007817673240237086,0.9955067058822326,7.817673240237086e-12,0.02785605451190893,-0.023054571007934586,0.046999631140196445
none,0.02,0.008,8e-12,0.005,1,60,0.02009151203229481,0.007990899191586909,0.9999670963154675,7.99089919158691e-12,0.004565165372288218,-0.0011382486108687088,0.010209243393687869
none,0.02,0.008,8e-12,0.005,1,60,0.019905756613285506,0.008043336056101857,1.0009632221544305,8.043336056101858e-12,-0.004723306606559804,0.005402387801393823,-0.006283792151203503
none,0.02,0.008,8e-12,0.005,1,60,0.020661060743438684,0.007881317437294427,1.0003313798620337,7.881317437294427e-12,0.03251853167713442,-0.014946464310404358,0.06702506787599241
none,0.02,0.008,8e-12,0.005,1,60,0.020222143952327108,0.00794428134390954,0.9993930406708623,7.94428134390954e-12,0.011045965689775636,-0.006989199664100179,0.0205566504244611
none,0.02,0.008,8e-12,0.005,1,60,0.020535316816998748,0.007865396262862919,0.9976672020974678,7.86539626286292e-12,0.026413901882523273,-0.016968623366570793,0.04941066194127389
none,0.02,0.008,8e-12,0.005,1,120,0.0198295095272352,0.00801927549542839,1.0001878819806462,8.01927549542839e-12,-0.008561065204361416,0.002406538889553756,-0.01873427973328167
none,0.02,0.008,8e-12,0.005,1,120,0.019355846614784563,0.008145285272565249,1.0024455958667218,8.14528527256525e-12,-0.0327377490816493,0.01799772401685331,-0.06187729574986093
none,0.02,0.008,8e-12,0.005,1,120,0.019781010040458846,0.00803038483924864,0.9990961003607337,8.03038483924864e-12,-0.011009884939227235,0.003790910317089461,-0.023363844666013656
none,0.02,0.008,8e-12,0.005,1,120,0.020428423843191306,0.007956749957472854,1.002437135970677,7.956749957472853e-12,0.021194983165339597,-0.0054209219992709815,0.04770363455645092
none,0.02,0.008,8e-12,0.005,1,120,0.01933408323076844,0.008124519520495874,0.9990435170516766,8.124519520495875e-12,-0.033862764629540985,0.015445048848397242,-0.06712863053631613
none,0.02,0.008,8e-12,0.005,1,120,0.020773324234848244,0.007883843082695324,0.9998169261866646,7.883843082695325e-12,0.03793740135160444,-0.014626055847794379,0.08126614927338786
none,0.02,0.008,8e-12,0.005,1,120,0.020195958613063315,0.00791379956146955,0.9990834168392699,7.91379956146955e-12,0.009750242176531882,-0.010833526119781858,0.013465341900069195
none,0.02,0.008,8e-12,0.005,1,120,0.019352323157329657,0.008109223023224733,1.0008802941026322,8.109223023224733e-12,-0.03291980147448425,0.013560517076747046,-0.06675141141437549
none,0.02,0.008,8e-12,0.005,1,120,0.01946503619791774,0.008156354281010452,1.0010635090625695,8.156354281010452e-12,-0.027112432852009524,0.019355748172641487,-0.04697976328555889
none,0.02,0.008,8e-12,0.005,1,120,0.020021445831613686,0.00803613554939744,1.002674336291188,8.03613554939744e-12,0.001071717086713911,0.004506772900309241,0.007166056020406311
none,0.02,0.008,8e-12,0.005,1,120,0.019586224989759052,0.008103194209369929,1.0012581586915668,8.103194209369929e-12,-0.020905761046831044,0.012816789100072772,-0.03849131216980486
none,0.02,0.008,8e-12,0.005,1,120,0.018726763846146913,0.008277047872440182,1.0016975952564104,8.277047872440182e-12,-0.06577855119598013,0.03404482599794743,-0.12383645707983537
none,0.02,0.008,8e-12,0.005,1,120,0.01920009384429039,0.008179149850313925,1.0006466727473624,8.179149850313925e-12,-0.04081710680874225,0.022146673254222742,-0.07704169005376907
none,0.02,0.008,8e-12,0.005,1,120,0.019440463235101263,0.008067877216789752,0.99834070498244,8.067877216789752e-12,-0.028375645839488987,0.008448859752666269,-0.06093369909477718
none,0.02,0.008,8e-12,0.005,1,120,0.019690953186118854,0.008001805264250404,0.9982081810771762,8.001805264250404e-12,-0.015572972419061835,2.2563257435657169e-4,-0.038096172346905634
none,0.02,0.008,8e-12,0.005,1,120,0.018891216433010085,0.00813064767572042,0.9991246385678513,8.13064767572042e-12,-0.05703519850720618,0.01619904361706359,-0.12129011868968592
none,0.02,0.008,8e-12,0.005,1,120,0.02058465760847513,0.007861316936136339,0.9984336713669426,7.861316936136338e-12,0.028813748470286,-0.017487400146747392,0.05501014330416876
none,0.02,0.008,8e-12,0.005,1,120,0.020316147944788518,0.00791429595094088,0.9993099208844736,7.914295950940879e-12,0.01568376153945928,-0.01077080354256422,0.028431541611211954
none,0.02,0.008,8e-12,0.005,1,120,0.020013736161456165,0.008014613391155348,0.999917015318941,8.014613391155348e-12,6.865723280784965e-4,0.0018250075545911439,0.0035282915751555684
none,0.02,0.008,8e-12,0.005,1,120,0.020299198476608334,0.007910888938896594,0.9981775329172505,7.910888938896594e-12,0.014849127803320875,-0.011201384558917823,0.02589922654051549
none,0.02,0.008,8e-12,0.005,1,120,0.021183962307491398,0.007724341851163101,0.9969662239774549,7.7243418511631e-12,0.057512126907643256,-0.03506491978595954,0.1117464063429737
none,0.02,0.008,8e-12,0.005,1,120,0.01961863773874234,0.00815010391571469,1.0036097062966596,8.150103915714691e-12,-0.019252254103435524,0.018589135886090253,-0.028699784509859712
none,0.02,0.008,8e-12,0.005,1,120,0.019610041210023497,0.008121379535016711,1.0014005452441799,8.12137953501671e-12,-0.019690531867908662,0.015058491538453036,-0.03329639841863341
none,0.02,0.008,8e-12,0.005,1,120,0.020234865570185872,0.007940938115683993,0.9989786864921557,7.940938115683993e-12,0.011674861321370878,-0.007410122810099231,0.021713207892948838
none,0.02,0.008,8e-12,0.005,1,120,0.01978840188285082,0.00803125852272569,1.0009821806165968,8.03125852272569e-12,-0.01063627097234366,0.0038997016105108634,-0.022338464915987406
none,0.02,0.008,8e-12,0.005,1,120,0.020489724564940356,0.007909086877764877,0.9984975029503728,7.909086877764877e-12,0.024191246192624232,-0.011429205531641761,0.0492966405209623
none,0.02,0.008,8e-12,0.005,1,120,0.019347503782858256,0.008077709639027517,0.9989121314413131,8.077709639027518e-12,-0.0331688658697211,0.009666830154245949,-0.07124270077133037
none,0.02,0.008,8e-12,0.005,1,120,0.019668798778681527,0.008086348265620318,1.0016962865972514,8.086348265620317e-12,-0.016698711717257078,0.01073569880916103,-0.030333252634329705
none,0.02,0.008,8e-12,0.005,1,120,0.02001260822225517,0.008022676713098087,1.0010944576441625,8.022676713098088e-12,6.302124871456782e-4,0.0028305792652447525,0.004393998824885819
none,0.02,0.008,8e-12,0.005,1,120,0.019739352052983834,0.008083752881851196,1.0019987609301635,8.083752881851196e-12,-0.013118064151012397,0.0104146885980634,-0.021905656831941202
none,0.02,0.008,8e-12,0.005,1,180,0.018939308226782428,0.008233655029874587,1.0031406200616115,8.233655029874586e-12,-0.05449271092019823,0.028788484977080704,-0.10273729490189826
none,0.02,0.008,8e-12,0.005,1,180,0.0199784559305666,0.00802698568955181,1.0004960954550708,8.026985689551811e-12,-0.0010777840723172236,0.003367534678904107,6.960700691622823e-4
none,0.02,0.008,8e-12,0.005,1,180,0.019809811952100943,0.007988925181026195,0.9979290553858738,7.988925181026195e-12,-0.009554905462995998,-0.0013853114727282003,-0.02496862941221128
none,0.02,0.008,8e-12,0.005,1,180,0.02046300636059982,0.007884448834639951,0.9979537393216186,7.884448834639951e-12,0.02288641462083242,-0.014549224197530625,0.04286356451684697
none,0.02,0.008,8e-12,0.005,1,180,0.019511582386814677,0.008109414387308885,1.002048862570353,8.109414387308886e-12,-0.024724015759193675,0.013584115123773709,-0.04697966891120639
none,0.02,0.008,8e-12,0.005,1,180,0.020141626622221142,0.007929753670149906,0.9980043058245476,7.929753670149905e-12,0.007056376225849116,-0.008819569548344149,0.0087421316070774
none,0.02,0.008,8e-12,0.005,1,180,0.020324580807439915,0.007968158719130114,0.9993066938656398,7.968158719130115e-12,0.016098757186994838,-0.003988102026388337,0.036259918096161116
none,0.02,0.008,8e-12,0.005,1,180,0.019980757305803048,0.008018828990634825,0.9999582288983687,8.018828990634825e-12,-9.625978585456984e-4,0.0023508583951326475,-3.523568528947122e-5
none,0.02,0.008,8e-12,0.005,1,180,0.019772904011741713,0.008042301706721175,0.9996677886043865,8.042301706721175e-12,-0.011419757338702931,0.005273782470680799,-0.022886120073346887
none,0.02,0.008,8e-12,0.005,1,180,0.02090395241789674,0.007766768016614929,0.9947119028845152,7.766768016614929e-12,0.04420597844171163,-0.0295874205118711,0.08250267930732479
none,0.02,0.008,8e-12,0.005,1,180,0.020509616563024857,0.007907815629544146,0.9985105720786128,7.907815629544146e-12,0.02516160323242462,-0.011589951066095297,0.05160250274898695
none,0.02,0.008,8e-12,0.005,1,180,0.019695635554010542,0.008049075623783711,0.9997577517127809,8.049075623783711e-12,-0.015335207836572036,0.006115713813603874,-0.03162547748908899
none,0.02,0.008,8e-12,0.005,1,180,0.02104440217198641,0.007803214741410779,0.9994661324974877,7.803214741410779e-12,0.05090232113682342,-0.024905746558546014,0.10460012276776895
none,0.02,0.008,8e-12,0.005,1,180,0.019888138177559595,0.00795632916673912,0.9976625798982852,7.95632916673912e-12,-0.005608791024192425,-0.005473808147897069,-0.019344674130507323
none,0.02,0.008,8e-12,0.005,1,180,0.01986299619977751,0.008027129664954887,1.0002785323981014,8.027129664954887e-12,-0.006873760264868471,0.003385470940093413,-0.013603000287495235
none,0.02,0.008,8e-12,0.005,1,180,0.019429388575231805,0.008168414021810972,1.0031599078837212,8.168414021810972e-12,-0.02894547873842395,0.020833226170567244,-0.04992259050068893
none,0.02,0.008,8e-12,0.005,1,180,0.019110266564224904,0.008197405838584445,1.0016236029971803,8.197405838584444e-12,-0.04550656646006281,0.024376201389388178,-0.08595074464672382
none,0.02,0.008,8e-12,0.005,1,180,0.020373924052074888,0.007934345017003883,0.9998134760126286,7.934345017003883e-12,0.018523576918454642,-0.008240734649152544,0.038125847808133474
none,0.02,0.008,8e-12,0.005,1,180,0.0199687661898693,0.00800213735941995,1.0003726039483933,8.00213735941995e-12,-0.0015629112162334532,2.6713424396413967e-4,-0.0036058582122427438
none,0.02,0.008,8e-12,0.005,1,180,0.020051559019083055,0.007990852990290976,0.9987109677056804,7.990852990290975e-12,0.0025746337384483153,-0.0011440303668873689,0.005249287999411354
none,0.02,0.008,8e-12,0.005,1,180,0.020375333140748016,0.007950393863935139,0.9988140052063734,7.950393863935139e-12,0.018592735905428263,-0.006220071607440358,0.04032123784531362
none,0.02,0.008,8e-12,0.005,1,180,0.02041913408441176,0.007842965870906911,0.9970860419399947,7.842965870906911e-12,0.020740133014631842,-0.01982447899429512,0.032148147472763164
none,0.02,0.008,8e-12,0.005,1,180,0.019376660288716905,0.00813736305303038,1.0040513898416104,8.13736305303038e-12,-0.031663009665084986,0.01702463659254991,-0.06026948760655393
none,0.02,0.008,8e-12,0.005,1,180,0.020324012015238223,0.00790079018956769,0.9991819399738461,7.900790189567689e-12,0.016070771362038376,-0.01247876321301641,0.027698726676523167
none,0.02,0.008,8e-12,0.005,1,180,0.020075752353909765,0.00794114240479494,0.9987302161913907,7.94114240479494e-12,0.003780462732736032,-0.007384397073386642,0.00200889481142415
none,0.02,0.008,8e-12,0.005,1,180,0.018771478305119795,0.008227592255288515,1.001952123879897,8.227592255288514e-12,-0.06339366712669837,0.028051873132889142,-0.1242848170322563
none,0.02,0.008,8e-12,0.005,1,180,0.02000355191086883,0.00804426432856196,1.0012598054043051,8.04426432856196e-12,1.775797752199022e-4,0.005517790029064475,0.005958226976799298
none,0.02,0.008,8e-12,0.005,1,180,0.020851442156296356,0.007856998780836552,0.9991959478578478,7.856998780836552e-12,0.04169084046650298,-0.018036842655241733,0.08754198472550631
none,0.02,0.008,8e-12,0.005,1,180,0.019261835858785707,0.008153094281094573,1.0000053351829346,8.153094281094572e-12,-0.037606551955847015,0.018955979909860282,-0.07257637360071208
none,0.02,0.008,8e-12,0.005,1,180,0.01988201098157567,0.007995303731085264,0.998132379975392,7.995303731085265e-12,-0.005916921426614916,-5.872059860361179e-4,-0.015217844270653088
none,0.035,0.002,2e-12,0.005,1,60,0.03477315092097062,0.0020351975209984808,1.0013059474445296,2.035197520998481e-12,-0.006502497747235428,0.017445695540125497,-0.010683590259517803
none,0.035,0.002,2e-12,0.005,1,60,0.034362331663419225,0.002038209552567355,0.9988413116447707,2.038209552567355e-12,-0.018387106855615464,0.018924571607966612,-0.060146302128049875
none,0.035,0.002,2e-12,0.005,1,60,0.03413100887378693,0.002063418637407227,1.0006964465657293,2.0634186374072267e-12,-0.02514173927175903,0.03121695946065601,-0.0765379401897652
none,0.035,0.002,2e-12,0.005,1,60,0.03477143892541969,0.0020271617144272504,1.0007675294665492,2.0271617144272502e-12,-0.006551732218387258,0.013489463908827473,-0.014852109339131744
none,0.035,0.002,2e-12,0.005,1,60,0.0343052885407343,0.002053971789891073,1.0017144023763425,2.0539717898910732e-12,-0.020048534341725224,0.02662819662185904,-0.059516024327088066
none,0.035,0.002,2e-12,0.005,1,60,0.03530897130694951,0.0019675355828716397,0.9992818694430564,1.9675355828716395e-12,0.008789014833341173,-0.016365394091754217,0.021947047969984482
none,0.035,0.002,2e-12,0.005,1,60,0.03370450177528801,0.0021068075244946504,1.0014702302993015,2.1068075244946506e-12,-0.037716649216184346,0.05202659958851764,-0.10861518027576927
none,0.035,0.002,2e-12,0.005,1,60,0.034429527524406825,0.0020373062808751482,0.9997509247306658,2.0373062808751482e-12,-0.01643350702120749,0.018481304181750237,-0.05225728279180388
none,0.035,0.002,2e-12,0.005,1,60,0.03405028692536102,0.0020736499387304552,1.0014748802322555,2.073649938730455e-12,-0.027509602340232288,0.03616312943277375,-0.08160129182245981
none,0.035,0.002,2e-12,0.005,1,60,0.03485370976597908,0.002002454236152297,1.0006176613249205,2.002454236152297e-12,-0.0041884804222875535,0.001226365782134705,-0.0169136232364595
none,0.035,0.002,2e-12,0.005,1,60,0.034618360934747724,0.0020169882024726462,0.9993818358499688,2.016988202472646e-12,-0.010963857323494747,0.008458229348244398,-0.03886501474303818
none,0.035,0.002,2e-12,0.005,1,60,0.03535253407168588,0.001977788132597933,0.9998291797797524,1.977788132597933e-12,0.01002201348011286,-0.011168065028606318,0.03254615986044207
none,0.035,0.002,2e-12,0.005,1,60,0.03646548178334608,0.0018757417519856612,0.9968805797957028,1.8757417519856612e-12,0.04101804707247577,-0.06414299830801973,0.1175767428268942
none,0.035,0.002,2e-12,0.005,1,60,0.0346070748785501,0.0020340207167870335,1.0010742306816822,2.0340207167870334e-12,-0.01128992406948255,0.0168673022589161,-0.03185541280087163
none,0.035,0.002,2e-12,0.005,1,60,0.03525325819839521,0.0019903250936814778,1.0006440777688503,1.990325093681478e-12,0.007209894657515177,-0.004849191506899666,0.02655482509410628
none,0.035,0.002,2e-12,0.005,1,60,0.03406587103558728,0.0020957692604365863,1.0037897964918672,2.0957692604365863e-12,-0.027052027780401607,0.04677349416941075,-0.06905849741776686
none,0.035,0.002,2e-12,0.005,1,60,0.035874922691690715,0.001941420059399341,0.9991147178016587,1.941420059399341e-12,0.024690457652599074,-0.029727485877168364,0.0787629278924799
none,0.035,0.002,2e-12,0.005,1,60,0.035121439407315685,0.001972186734272723,0.9987651546990073,1.972186734272723e-12,0.0034636918395507615,-0.014004236026518879,0.0010542504806257073
none,0.035,0.002,2e-12,0.005,1,60,0.03570192342087135,0.0019752818485786806,1.0012016800154468,1.9752818485786807e-12,0.01985650318017992,-0.01243608424759416,0.07460241994045261
none,0.035,0.002,2e-12,0.005,1,60,0.03646084228134714,0.0018911781760948625,0.9977041169915187,1.8911781760948626e-12,0.040890809012290745,-0.05594717210983972,0.12519727077720527
none,0.035,0.002,2e-12,0.005,1,60,0.03674392196272507,0.001873947230565744,0.9985432888284278,1.873947230565744e-12,0.048624761721815346,-0.0651001558564309,0.15114616752147764
none,0.035,0.002,2e-12,0.005,1,60,0.0344806165031011,0.0020534695197503626,1.0002669805003332,2.0534695197503627e-12,-0.01495073583343352,0.02638363067174542,-0.038019922943718455
none,0.035,0.002,2e-12,0.005,1,60,0.03295064122424736,0.0021618670958389575,1.0035447452176385,2.1618670958389575e-12,-0.06033734020681075,0.07782506398260118,-0.17629542421072664
none,0.035,0.002,2e-12,0.005,1,60,0.035360186563512676,0.0019867171305818776,1.0002772757159688,1.9867171305818776e-12,0.010238452383550077,-0.006663587173801338,0.03799954670177005
none,0.035,0.002,2e-12,0.005,1,60,0.034087678690099724,0.002075920960928727,1.0019085757017652,2.075920960928727e-12,-0.026412071230978034,0.037257711248547765,-0.07587013117908692
none,0.035,0.002,2e-12,0.005,1,60,0.03469837620177315,0.0020216483805596203,1.0009326036858446,2.0216483805596205e-12,-0.008655170969485787,0.010766028061735931,-0.026635322918393906
none,0.035,0.002,2e-12,0.005,1,60,0.036244279463695246,0.0019128702692061347,0.9986247496806681,1.912870269206135e-12,0.03493349946023128,-0.04454230776671966,0.10974834573149045
none,0.035,0.002,2e-12,0.005,1,60,0.03451624278620392,0.0020291364884011506,1.0005161940688652,2.0291364884011506e-12,-0.013918042848972127,0.014463146824220625,-0.04552274768649408
none,0.035,0.002,2e-12,0.005,1,60,0.03486985475946906,0.0020145121258818045,1.0015792674673618,2.0145121258818045e-12,-0.003725366010727417,0.0072298643721738385,-0.00890814545366279
none,0.035,0.002,2e-12,0.005,1,60,0.03525327409491095,0.001967440267716094,0.9986641601389721,1.967440267716094e-12,0.00721034558071969,-0.016413839194943363,0.014992148574013809
none,0.035,0.002,2e-12,0.005,1,120,0.0352862290536013,0.001964552231601165,0.99835387691889,1.964552231601165e-12,0.008144714540437688,-0.017882833164175,0.0176095694823857
none,0.035,0.002,2e-12,0.005,1,120,0.03447047860335371,0.0020366473148761654,1.0000923103475714,2.0366473148761654e-12,-0.015244796422457947,0.018157802212843775,-0.04750285097129622
none,0.035,0.002,2e-12,0.005,1,120,0.03557361342913722,0.001944992082940814,0.9986492240619195,1.944992082940814e-12,0.016256105736397946,-0.027889273965267972,0.04323879124774724
none,0.035,0.002,2e-12,0.005,1,120,0.034018140444060326,0.0020780716832140703,1.001707664361734,2.0780716832140703e-12,-0.028454136684067658,0.03829320777527008,-0.08345737716124997
none,0.035,0.002,2e-12,0.005,1,120,0.03489494536610018,0.0020109263782232428,1.000659755384422,2.0109263782232427e-12,-0.003006074687087363,0.005448320024493358,-0.0075784545790845426
none,0.035,0.002,2e-12,0.005,1,120,0.03463055734113698,0.0020355591807535377,1.0003918498747968,2.0355591807535377e-12,-0.010611609033730094,0.01762338228610692,-0.028187507412908087
none,0.035,0.002,2e-12,0.005,1,120,0.03606955204008949,0.0019033678085178174,0.9984237414859837,1.9033678085178174e-12,0.030101014166478018,-0.049522332667528965,0.08310212030356763
none,0.035,0.002,2e-12,0.005,1,120,0.03458929764927679,0.002039996639242667,1.0006800472966397,2.039996639242667e-12,-0.011803743768839768,0.019800979864757585,-0.03112611162492086
none,0.035,0.002,2e-12,0.005,1,120,0.03499547661174122,0.0019934489992853442,1.00086810818093,1.9934489992853442e-12,-1.2924801670177987e-4,-0.0032808765516510684,-0.0038417766957404786
none,0.035,0.002,2e-12,0.005,1,120,0.03516232555164108,0.0019892109899419027,1.0005489413577857,1.9892109899419025e-12,0.004627151109592937,-0.005409107911862814,0.014719260491630849
none,0.035,0.002,2e-12,0.005,1,120,0.03529301081024296,0.0019807284564082074,0.9998488064929095,1.9807284564082075e-12,0.00833688880232034,-0.009682496237916392,0.026650844232210563
none,0.035,0.002,2e-12,0.005,1,120,0.03477164091243615,0.0020276270971620568,1.0015911764504737,2.0276270971620567e-12,-0.006545923243089332,0.01371901112249247,-0.014597515735425719
none,0.035,0.002,2e-12,0.005,1,120,0.03570206686190472,0.0019438562900061275,0.998007917553965,1.9438562900061275e-12,0.01986052091176056,-0.028473402148245026,0.058582888727939694
none,0.035,0.002,2e-12,0.005,1,120,0.03520998564527884,0.0019925316115689522,0.9997221050245323,1.9925316115689524e-12,0.005981663988706638,-0.0037411837242910945,0.02229703629028508
none,0.035,0.002,2e-12,0.005,1,120,0.034982365754098535,0.0020048065687948494,1.0004336900342083,2.0048065687948496e-12,-5.039625649883621e-4,0.0024004011280973378,2.1375463631526396e-4
none,0.035,0.002,2e-12,0.005,1,120,0.035080309877279434,0.001997165358389148,1.0005896778569239,1.997165358389148e-12,0.002291939421375818,-0.0014183261546057936,0.008540098628043561
none,0.035,0.002,2e-12,0.005,1,120,0.03440806830073694,0.002045045787195131,0.9993298571071068,2.0450457871951307e-12,-0.017056980985043414,0.022272998510641195,-0.05112653219797837
none,0.035,0.002,2e-12,0.005,1,120,0.035147632771487185,0.0019878049107963165,0.9996352837753969,1.9878049107963166e-12,0.004209208026758374,-0.006116210543215657,0.012190253121194837
none,0.035,0.002,2e-12,0.005,1,120,0.03553455882269461,0.0019506656214092614,0.9990119076968293,1.950665621409261e-12,0.015157649423071158,-0.02497652191656407,0.04130877209756687
none,0.035,0.002,2e-12,0.005,1,120,0.03490819564725967,0.0020036804064994295,0.9988009326447642,2.0036804064994295e-12,-0.0026264275501167392,0.0018385121500414552,-0.009545227589759574
none,0.035,0.002,2e-12,0.005,1,120,0.034205094738831765,0.0020678546161136055,1.0005275021331812,2.0678546161136053e-12,-0.022973459543940717,0.03336447192908065,-0.0652037804557809
none,0.035,0.002,2e-12,0.005,1,120,0.03525438066742198,0.001978780702881782,1.0003851425551131,1.9787807028817823e-12,0.007241734300564465,-0.01066633216564152,0.020876870594683662
none,0.035,0.002,2e-12,0.005,1,120,0.03543775538215944,0.0019545469650324326,0.9980065530647433,1.9545469650324327e-12,0.012429726523826408,-0.022988745417706295,0.03129292197006353
none,0.035,0.002,2e-12,0.005,1,120,0.03441223785881099,0.0020654954290134048,1.002813305938376,2.0654954290134046e-12,-0.016935808665074832,0.03222293427529693,-0.04065957123214037
none,0.035,0.002,2e-12,0.005,1,120,0.03455763773313494,0.002039348526778936,1.0005610099576776,2.039348526778936e-12,-0.012719472518903756,0.019483226675062953,-0.035369694416205286
none,0.035,0.002,2e-12,0.005,1,120,0.03438517861133305,0.0020494634688819056,1.0008850523180324,2.0494634688819056e-12,-0.017722444276167308,0.024430855838430392,-0.05180699635627194
none,0.035,0.002,2e-12,0.005,1,120,0.0347664707595526,0.002045500642278143,1.0036630414046435,2.045500642278143e-12,-0.0066946230788703055,0.02249539182299149,-0.0064622339924862646
none,0.035,0.002,2e-12,0.005,1,120,0.03526596265335043,0.0019619288933297434,0.9982163299216014,1.9619288933297436e-12,0.0075702064970169375,-0.019219062005361776,0.013760307010090789
none,0.035,0.002,2e-12,0.005,1,120,0.0351601022379142,0.0019866670497822457,1.000248553294087,1.986667049782246e-12,0.004563919113841062,-0.006688795307402979,0.013163882193957515
none,0.035,0.002,2e-12,0.005,1,120,0.035126402602155,0.001984540047658003,1.0001275860866163,1.984540047658003e-12,0.003604997101195845,-0.007760007296829317,0.00791391537039033
none,0.035,0.002,2e-12,0.005,1,180,0.0350714365690362,0.001993487841023662,0.9999252768842698,1.993487841023662e-12,0.00203896472751417,-0.003261392050203016,0.005596742510285075
none,0.035,0.002,2e-12,0.005,1,180,0.03519422297674914,0.0019852605504322544,1.0001733955575083,1.9852605504322543e-12,0.005533887666762489,-0.007397015370983199,0.016686633745909393
none,0.035,0.002,2e-12,0.005,1,180,0.035735567311328625,0.0019211406364638105,0.997506115363899,1.9211406364638105e-12,0.020798414565919993,-0.04022808942523737,0.05098225717951177
none,0.035,0.002,2e-12,0.005,1,180,0.035036248392111745,0.0020036837263853516,1.001155068924347,2.0036837263853518e-12,0.0010351324115898813,0.0018401690426082815,0.00633496966446423
none,0.035,0.002,2e-12,0.005,1,180,0.0346532240182093,0.002031663220034688,1.0014671878480994,2.0316632200346877e-12,-0.009957294923377448,0.015707597248295974,-0.027292624493751427
none,0.035,0.002,2e-12,0.005,1,180,0.03419553473804974,0.0020736924266099334,1.0003948803337086,2.0736924266099334e-12,-0.023252989159892722,0.03618361864043348,-0.06357007384139929
none,0.035,0.002,2e-12,0.005,1,180,0.03454065510097094,0.0020400330271736784,0.9997285363703032,2.0400330271736783e-12,-0.013211022506881357,0.019818816956145176,-0.037139950523458254
none,0.035,0.002,2e-12,0.005,1,180,0.034994970057676635,0.0020160329295208575,1.0018439535319166,2.0160329295208574e-12,-1.4372296546116568e-4,0.00798450360350413,0.007360790755406401
none,0.035,0.002,2e-12,0.005,1,180,0.03507989906463459,0.001994111629453153,1.0006551678085145,1.994111629453153e-12,0.0022802287195109153,-0.0029485279126699165,0.006958956102018467
none,0.035,0.002,2e-12,0.005,1,180,0.03469693396229849,0.0020213042691750722,0.9993445858904002,2.0213042691750724e-12,-0.00869673687563876,0.010595800302377202,-0.026984388372610434
none,0.035,0.002,2e-12,0.005,1,180,0.03537592455831435,0.00197461777482019,0.9997528703235067,1.97461777482019e-12,0.01068343005653105,-0.012772332673155954,0.03384231255782293
none,0.035,0.002,2e-12,0.005,1,180,0.03529780084166894,0.0019729738447193976,0.9988032217945034,1.9729738447193977e-12,0.008472601406304752,-0.0136052102117981,0.02332209415515006
none,0.035,0.002,2e-12,0.005,1,180,0.03490769103388034,0.0020201061507674114,1.001207188718058,2.0201061507674113e-12,-0.002640883096077081,0.010002879357328274,-0.001443432441509903
none,0.035,0.002,2e-12,0.005,1,180,0.03535922217640199,0.001966965718805632,0.9994023375332216,1.966965718805632e-12,0.010211178764386113,-0.01665506946675008,0.027888480407096624
none,0.035,0.002,2e-12,0.005,1,180,0.03577610832651109,0.0019398571234019693,0.9984281662746122,1.939857123401969e-12,0.021932243948717983,-0.03053285792777953,0.0657045745595952
none,0.035,0.002,2e-12,0.005,1,180,0.034959222625431455,0.002002606341221301,0.9992762722104868,2.002606341221301e-12,-0.001165747063965984,0.001302322220814576,-0.0037540722256854476
none,0.035,0.002,2e-12,0.005,1,180,0.033865716390172,0.002116699942658335,1.0035932723709815,2.116699942658335e-12,-0.032944874752127595,0.05671106449391828,-0.08394010312475378
none,0.035,0.002,2e-12,0.005,1,180,0.03436326923344082,0.0020607101545194306,1.000634187444609,2.0607101545194306e-12,-0.018359822408206803,0.029903478037623943,-0.049051137015715146
none,0.035,0.002,2e-12,0.005,1,180,0.03598894397483867,0.0019125400836031722,0.9981080047087321,1.9125400836031722e-12,0.027863717988169702,-0.044714935314266166,0.07791411756572857
none,0.035,0.002,2e-12,0.005,1,180,0.036005272551674086,0.001905913742576334,0.997685333459917,1.905913742576334e-12,0.028317326011235967,-0.04818563208320584,0.07646816432438044
none,0.035,0.002,2e-12,0.005,1,180,0.034816059925578506,0.0020038511710003867,0.9988543451657106,2.0038511710003867e-12,-0.005269289049395232,0.001923733936948656,-0.020884835291317003
none,0.035,0.002,2e-12,0.005,1,180,0.035159632824257964,0.0019841208464071625,1.0007582138474687,1.9841208464071623e-12,0.00455056827695786,-0.007971263064751597,0.011823207143235483
none,0.035,0.002,2e-12,0.005,1,180,0.03463429682965893,0.0020362539822687347,0.999642151986081,2.0362539822687347e-12,-0.01050363252615359,0.017964656059791004,-0.027382537062502484
none,0.035,0.002,2e-12,0.005,1,180,0.03515415886124979,0.0019929806003980903,0.9998471158922245,1.99298060039809e-12,0.0043948673002927605,-0.003515873246160136,0.015599825548813603
none,0.035,0.002,2e-12,0.005,1,180,0.03394654967177891,0.0020918777884014594,1.002338531483876,2.0918777884014594e-12,-0.03056084234659017,0.044914945390153935,-0.08571289530926167
none,0.035,0.002,2e-12,0.005,1,180,0.03549970801555689,0.0019423474307215822,0.9977206737160916,1.9423474307215823e-12,0.014176410044241002,-0.029249923127994834,0.03271387080105874
none,0.035,0.002,2e-12,0.005,1,180,0.035135066010545564,0.0019989536586751105,1.0010188479627014,1.9989536586751106e-12,0.0038516019218898085,-5.233075639664599e-4,0.016224877743683055
none,0.035,0.002,2e-12,0.005,1,180,0.035178728797818005,0.0019735427681056047,0.9987286649216522,1.9735427681056048e-12,0.0050935429379772015,-0.013316893477846242,0.008845477451586026
none,0.035,0.002,2e-12,0.005,1,180,0.035559401742454706,0.0019556198516319707,0.9982444746890847,1.955619851631971e-12,0.015856525124291736,-0.022439977717110825,0.04692583834727233
none,0.035,0.002,2e-12,0.005,1,180,0.03520071287597284,0.0019731109821048503,0.9981655264311132,1.97311098210485e-12,0.0057182730678846175,-0.013535704668188982,0.011352691952442515
none,0.035,0.005,5e-12,0.005,1,60,0.03442400563374695,0.005065902239542072,1.0012288844050081,5.0659022395420716e-12,-0.016593902295594598,0.01309434159283668,-0.05832895982254177
none,0.035,0.005,5e-12,0.005,1,60,0.035095417924180264,0.004978078763335955,1.0001801264813936,4.978078763335955e-12,0.002722516990217994,-0.004393886328625131,0.007437936269727173
none,0.035,0.005,5e-12,0.005,1,60,0.034322789678757286,0.0051059436777838646,1.001369447364627,5.105943677783864e-12,-0.019538505826970892,0.02096737572973303,-0.06300670410436393
none,0.035,0.005,5e-12,0.005,1,60,0.03461710105411798,0.005022819985401227,0.9994505186113863,5.022819985401227e-12,-0.011000251408077822,0.004553613626951279,-0.042925855662419826
none,0.035,0.005,5e-12,0.005,1,60,0.035192729144014966,0.004971438241193716,0.9998550961350474,4.971438241193716e-12,0.0054914413698456096,-0.005728729643175214,0.01816968421468011
none,0.035,0.005,5e-12,0.005,1,60,0.035396233442,0.00494553708119392,1.000287681112229,4.945537081193921e-12,0.011257353045936544,-0.010952342297831376,0.038180604510168
none,0.035,0.005,5e-12,0.005,1,60,0.03456498034729812,0.005093980972611169,1.0035849375135717,5.093980972611169e-12,-0.012507020664656572,0.018621728861216203,-0.03532070807381697
none,0.035,0.005,5e-12,0.005,1,60,0.035680508213390034,0.004903501290993686,0.9999937208339826,4.9035012909936856e-12,0.01925648976977882,-0.01948841330385509,0.06489460515650877
none,0.035,0.005,5e-12,0.005,1,60,0.036233241049026,0.004808595242835235,0.9980431250902109,4.808595242835235e-12,0.034628897021392206,-0.03903292027773827,0.11388896980148505
none,0.035,0.005,5e-12,0.005,1,60,0.036204011988278745,0.00483976741459882,0.9999999873480618,4.8397674145988196e-12,0.033821879606787696,-0.03257124769518525,0.1167262388513787
none,0.035,0.005,5e-12,0.005,1,60,0.03484705091077553,0.005058464724328718,1.0015098412037544,5.058464724328718e-12,-0.0043795502229369695,0.011625110661598454,-0.007340576402236381
none,0.035,0.005,5e-12,0.005,1,60,0.03484012360213309,0.005017666992462735,0.9993246478774638,5.017666992462735e-12,-0.00457836180379609,0.0035271707059497445,-0.01629750262954787
none,0.035,0.005,5e-12,0.005,1,60,0.035101394148800986,0.0049944263411822246,1.0007333615360134,4.9944263411822244e-12,0.002892787532673758,-0.0011153535391257516,0.011457520912196156
none,0.035,0.005,5e-12,0.005,1,60,0.03435163017148711,0.005095937112698156,1.0018867935252016,5.095937112698156e-12,-0.018698586261921488,0.019005665237277248,-0.06139219349832149
none,0.035,0.005,5e-12,0.005,1,60,0.0357216439206204,0.00488508370745947,0.9980928572392287,4.88508370745947e-12,0.020408715873670526,-0.023251491475221587,0.0662323546817072
none,0.035,0.005,5e-12,0.005,1,60,0.03510904717347655,0.004975592633449821,1.0002832692764212,4.975592633449821e-12,0.003110789999592877,-0.004893426616570619,0.008628422894521162
none,0.035,0.005,5e-12,0.005,1,60,0.03367771786247824,0.005181221909372537,1.0025086856361016,5.1812219093725374e-12,-0.038511633838667264,0.035603005859915465,-0.1283599791927835
none,0.035,0.005,5e-12,0.005,1,60,0.034542858760040124,0.005059809098188715,1.0005862875909968,5.0598090981887155e-12,-0.013147225547324271,0.011890842522880007,-0.044794671232145054
none,0.035,0.005,5e-12,0.005,1,60,0.03505504668464596,0.005024268814726301,1.0020804160391905,5.024268814726301e-12,0.0015715269229010541,0.0048420214162999764,0.011667810312398282
none,0.035,0.005,5e-12,0.005,1,60,0.03460317216571328,0.005040560985472828,0.9999580715355095,5.040560985472828e-12,-0.011402702538210331,0.008079470096486269,-0.04112718135506768
none,0.035,0.005,5e-12,0.005,1,60,0.03570972774855584,0.0048750839270005125,0.9969239908151862,4.875083927000512e-12,0.020075076132569616,-0.025300592337503047,0.06270564848342057
none,0.035,0.005,5e-12,0.005,1,60,0.03545749499305032,0.004909119507765923,0.9972427055706695,4.909119507765923e-12,0.012986593487311682,-0.018343313029144298,0.038386066109095174
none,0.035,0.005,5e-12,0.005,1,60,0.03433934890839305,0.005092615356785884,1.000898569052776,5.092615356785884e-12,-0.019056166351459618,0.018353608717979315,-0.06356712664128328
none,0.035,0.005,5e-12,0.005,1,60,0.03522445317225058,0.00494247548817363,0.9980603353671523,4.94247548817363e-12,0.006392472321053335,-0.011571595782118409,0.016260597576952814
none,0.035,0.005,5e-12,0.005,1,60,0.035504762323620986,0.004933588031401534,0.9995654840590695,4.933588031401534e-12,0.014318775955809463,-0.013371393678021893,0.04921913445098001
none,0.035,0.005,5e-12,0.005,1,60,0.03503292419547839,0.004985134589914698,0.9997906666556774,4.9851345899146985e-12,9.402491265992007e-4,-0.00297751040488535,0.00110508983443465
none,0.035,0.005,5e-12,0.005,1,60,0.035459266927766714,0.004900688227634698,0.9981426357484977,4.9006882276346975e-12,0.01303656572712541,-0.02006226256101997,0.036886836482052134
none,0.035,0.005,5e-12,0.005,1,60,0.03450685626862798,0.005104551847827531,1.0034629964375148,5.104551847827531e-12,-0.014190024772772513,0.020694748419635756,-0.04045507427049472
none,0.035,0.005,5e-12,0.005,1,60,0.0362686732269386,0.004807157658698156,0.997692203455722,4.807157658698156e-12,0.035606310682458994,-0.03933192632802066,0.11798355381236547
none,0.035,0.005,5e-12,0.005,1,60,0.03413641432565689,0.0051486515499755674,1.0009913877949237,5.1486515499755674e-12,-0.024983378178636773,0.029296933000586906,-0.0777876906179595
none,0.035,0.005,5e-12,0.005,1,120,0.03598459641631021,0.004851436349975677,0.99836096466708,4.851436349975677e-12,0.027742908076357122,-0.030163096695675625,0.0919268589267899
none,0.035,0.005,5e-12,0.005,1,120,0.03545640418645644,0.004956029888818314,1.0008965390136757,4.956029888818314e-12,0.012955829233573274,-0.008832917850378862,0.047761201270218975
none,0.035,0.005,5e-12,0.005,1,120,0.03549151624426082,0.004947186425112231,1.0004875098475254,4.947186425112231e-12,0.01394562739701001,-0.010618896420658852,0.050329117867682495
none,0.035,0.005,5e-12,0.005,1,120,0.03395567045022949,0.005140658638545505,1.0016524516429892,5.140658638545505e-12,-0.030292197860767724,0.02774329861861635,-0.10175356555292694
none,0.035,0.005,5e-12,0.005,1,120,0.03543854580985142,0.004917452460223248,0.9986882678531481,4.9174524602232476e-12,0.012452030952209925,-0.016647308668335616,0.03773237175323967
none,0.035,0.005,5e-12,0.005,1,120,0.03448253613869104,0.005073136730855646,1.0009563130555081,5.073136730855646e-12,-0.014895064492524705,0.014521398449496133,-0.04964412035281545
none,0.035,0.005,5e-12,0.005,1,120,0.035604635330752483,0.004935278588706501,0.9995830652586866,4.935278588706501e-12,0.017127773812529612,-0.01302878952972832,0.061945991483579224
none,0.035,0.005,5e-12,0.005,1,120,0.03576566898655491,0.0048967752985154284,0.9969938910788657,4.896775298515428e-12,0.021640404958344836,-0.020861026305711704,0.07408192802709643
none,0.035,0.005,5e-12,0.005,1,120,0.03511996299464755,0.004992024660969058,1.0002926762661233,4.992024660969058e-12,0.0034216535937907216,-0.0015963412812076716,0.013279070055088047
none,0.035,0.005,5e-12,0.005,1,120,0.0355004000185601,0.0049405646345744335,0.9996282746161522,4.940564634574434e-12,0.01419590305692491,-0.011958289268995823,0.05009131303245608
none,0.035,0.005,5e-12,0.005,1,120,0.034836889357276496,0.0050141807715226175,0.9998170756699004,5.014180771522618e-12,-0.004671197151396278,0.002832140007223767,-0.01739357969049115
none,0.035,0.005,5e-12,0.005,1,120,0.03379240464473122,0.005218628619296345,1.0044121935157448,5.218628619296345e-12,-0.03511199890548394,0.04279673833449738,-0.10694508571883202
none,0.035,0.005,5e-12,0.005,1,120,0.03527881803350645,0.004963504134441846,1.0001347105799023,4.963504134441847e-12,0.007934666636325954,-0.007325942417764538,0.027247493737034983
none,0.035,0.005,5e-12,0.005,1,120,0.03482666793608882,0.005028243889489414,0.9999427093628519,5.0282438894894144e-12,-0.004964648179685891,0.00563288338032102,-0.01586029254466532
none,0.035,0.005,5e-12,0.005,1,120,0.035969570904745854,0.00482932605138832,0.9960834620692436,4.82932605138832e-12,0.027325266893304813,-0.034730988379429624,0.08549580380905586
none,0.035,0.005,5e-12,0.005,1,120,0.03355786437998842,0.005236606708992839,1.005029662542161,5.236606708992839e-12,-0.04207681779164457,0.046235801512154465,-0.13258901536928158
none,0.035,0.005,5e-12,0.005,1,120,0.034284332208629836,0.005066014528218068,1.0000257363288372,5.066014528218068e-12,-0.020659598596858866,0.01311650693007242,-0.07562629919982829
none,0.035,0.005,5e-12,0.005,1,120,0.034918336156471316,0.0050161518727466015,1.0016352159386954,5.016151872746602e-12,-0.0023359789478165187,0.0032251680989657905,-0.006901148498591404
none,0.035,0.005,5e-12,0.005,1,120,0.03490790079061243,0.005014389172117327,1.0002584586918104,5.014389172117327e-12,-0.002634874216782154,0.002873701385547924,-0.008546600578511374
none,0.035,0.005,5e-12,0.005,1,120,0.0333604999078182,0.005256811424649782,1.004472108987844,5.256811424649781e-12,-0.04797549886479664,0.050086737473874494,-0.15321127395666945
none,0.035,0.005,5e-12,0.005,1,120,0.03524833179356076,0.004948814848639036,0.9982448369828634,4.948814848639036e-12,0.0070701416436319406,-0.010289789037493422,0.020503353364040352
none,0.035,0.005,5e-12,0.005,1,120,0.035657101191994174,0.004922180376041015,0.9994303641348398,4.922180376041015e-12,0.018600257456109662,-0.015686314236876994,0.06579423357040018
none,0.035,0.005,5e-12,0.005,1,120,0.03510576121792735,0.004997095368597834,1.001755678873065,4.997095368597834e-12,0.003017192776247026,-5.81095083482836e-4,0.012533295939508027
none,0.035,0.005,5e-12,0.005,1,120,0.03490736399313944,0.0050140737933977424,0.9997199862273825,5.0140737933977425e-12,-0.002650251870212586,0.00281080466433099,-0.008676060186378554
none,0.035,0.005,5e-12,0.005,1,120,0.03530228867617869,0.004936383509904608,0.9980042534898576,4.936383509904608e-12,0.008599735367364678,-0.012804932353158842,0.024678863492998374
none,0.035,0.005,5e-12,0.005,1,120,0.034990796130766444,0.005004520431717025,1.0010731696752122,5.004520431717025e-12,-2.630022744538248e-4,9.036779035050281e-4,-2.3760188145634058e-4
none,0.035,0.005,5e-12,0.005,1,120,0.03505396477955934,0.004991354736727601,1.0000806052826965,4.991354736727601e-12,0.0015406634129438812,-0.0017305491913303152,0.004961083474027512
none,0.035,0.005,5e-12,0.005,1,120,0.03447929371173551,0.005081031649774668,1.0022033828225663,5.081031649774668e-12,-0.014989099902111397,0.016076409202508083,-0.04849117054228885
none,0.035,0.005,5e-12,0.005,1,120,0.0350398227958674,0.005001113754326044,0.9998503843338252,5.001113754326044e-12,0.0011371473704241018,2.2272605991839872e-4,0.005160752747475339
none,0.035,0.005,5e-12,0.005,1,120,0.03436574609900243,0.0051244304427161946,1.0017563735636266,5.124430442716195e-12,-0.01828774613734209,0.024581473286080426,-0.05406601043761905
none,0.035,0.005,5e-12,0.005,1,180,0.034153495932504316,0.005123314062562348,1.000970442411989,5.123314062562348e-12,-0.02448311079977794,0.02436359506757323,-0.08060290930189203
none,0.035,0.005,5e-12,0.005,1,180,0.03572325644547166,0.004920352902449482,1.0004195423507656,4.9203529024494815e-12,0.020453856250192352,-0.016057656362085077,0.07362614287640053
none,0.035,0.005,5e-12,0.005,1,180,0.0348786637962198,0.005039710088341222,1.0001950931513361,5.0397100883412215e-12,-0.0034727717770435974,0.00791064584019477,-0.007135043428550118
none,0.035,0.005,5e-12,0.005,1,180,0.0357525133059772,0.004886090514787354,0.9995531355810188,4.886090514787354e-12,0.021272507444611073,-0.02304541443503221,0.07026623550614038
none,0.035,0.005,5e-12,0.005,1,180,0.034894734525521866,0.005032161822362278,1.001074622815586,5.032161822362279e-12,-0.0030121168577534737,0.00641176510401092,-0.0066411537312781365
none,0.035,0.005,5e-12,0.005,1,180,0.036763426679350834,0.004747224646069268,0.9955457015690028,4.747224646069268e-12,0.04915544926377793,-0.05187775018662087,0.1667871580528822
none,0.035,0.005,5e-12,0.005,1,180,0.03505570530272962,0.004993166836225522,0.9995886554751502,4.993166836225522e-12,0.0015903148567061934,-0.0013675674491251675,0.0055398900893471326
none,0.035,0.005,5e-12,0.005,1,180,0.03474380604569101,0.005032562237590923,1.0008847108831433,5.032562237590923e-12,-0.007346748655302992,0.006491333153064481,-0.025276717181250866
none,0.035,0.005,5e-12,0.005,1,180,0.034593175815620866,0.005086332570952985,1.0016481590921436,5.086332570952985e-12,-0.011691629640682565,0.017119141919373766,-0.03332705694363923
none,0.035,0.005,5e-12,0.005,1,180,0.03515914887524061,0.004995190389984149,0.9991556688887612,4.9951903899841495e-12,0.004536803845730039,-9.623849470413e-4,0.01877207558279397
none,0.035,0.005,5e-12,0.005,1,180,0.034872504246477705,0.005039128926647976,1.0009261862872874,5.0391289266479756e-12,-0.003649386733637244,0.007795322697712613,-0.00801415073905239
none,0.035,0.005,5e-12,0.005,1,180,0.03413178702166999,0.00514469241565057,1.0027966313414836,5.1446924156505695e-12,-0.025118940677799195,0.028527671906532718,-0.07913073740638907
none,0.035,0.005,5e-12,0.005,1,180,0.03498950253886043,0.004993121395966514,0.9986185673000142,4.993121395966514e-12,-2.999724483671891e-4,-0.0013766679793627604,-0.0026783531606701986
none,0.035,0.005,5e-12,0.005,1,180,0.03579678569647331,0.004880372043528198,0.9973870932199878,4.880372043528199e-12,0.02251004287161294,-0.024216457047136323,0.07458496931555336
none,0.035,0.005,5e-12,0.005,1,180,0.034625174002199964,0.005070656105219861,1.0029937507622348,5.070656105219861e-12,-0.010767071660243155,0.014032306109910509,-0.032446117617294365
none,0.035,0.005,5e-12,0.005,1,180,0.03416379656445235,0.005131804413121775,1.0008895544755396,5.131804413121775e-12,-0.024181558099148088,0.026019422354100718,-0.07766980365380839
none,0.035,0.005,5e-12,0.005,1,180,0.03503471293832073,0.005001259212828191,1.0001865898154196,5.001259212828191e-12,9.913067308197486e-4,2.51810858622555e-4,0.0045562152103925686
none,0.035,0.005,5e-12,0.005,1,180,0.03572029252667562,0.00492093364491508,1.0003652597823793,4.92093364491508e-12,0.02037088392195868,-0.01593963470638436,0.07337663860139217
none,0.035,0.005,5e-12,0.005,1,180,0.03396372903891206,0.005154989695035836,1.0016670710299878,5.154989695035836e-12,-0.030054899275061935,0.030527206009708506,-0.09797039316519657
none,0.035,0.005,5e-12,0.005,1,180,0.035736659286933196,0.004922875288814174,0.9999562602582454,4.922875288814174e-12,0.020828971207474973,-0.015545144334345307,0.07580060724537063
none,0.035,0.005,5e-12,0.005,1,180,0.03475915845680763,0.0050492017652661435,1.001010077265669,5.0492017652661434e-12,-0.006904971488639549,0.009792252075444485,-0.020072099280409594
none,0.035,0.005,5e-12,0.005,1,180,0.03559347842933125,0.004932054181932395,1.0002712505714126,4.932054181932396e-12,0.01681436939987465,-0.013682341399078372,0.05990898383799609
none,0.035,0.005,5e-12,0.005,1,180,0.0345788973229434,0.005066612944629617,1.0020374856465404,5.066612944629617e-12,-0.012104469453988822,0.013234623660179655,-0.03898210829483934
none,0.035,0.005,5e-12,0.005,1,180,0.03518664890454589,0.00498788421129966,1.0013888448838997,4.98788421129966e-12,0.005318656680557693,-0.0024260983381004324,0.02071836582558958
none,0.035,0.005,5e-12,0.005,1,180,0.03409253073994881,0.005132463975404122,1.002195069416807,5.132463975404122e-12,-0.02626974107688081,0.02614793853436605,-0.0863782497119815
none,0.035,0.005,5e-12,0.005,1,180,0.03615078982613212,0.004822341087898257,0.9979820263208544,4.822341087898257e-12,0.032350735455718246,-0.036178399403601416,0.10651953903678064
none,0.035,0.005,5e-12,0.005,1,180,0.03486136444311711,0.00502159624393988,1.0017495585008214,5.02159624393988e-12,-0.00396888151184725,0.004309947606057596,-0.012880861447421016
none,0.035,0.005,5e-12,0.005,1,180,0.03467614822274737,0.005066134501180108,1.0004513692980843,5.066134501180108e-12,-0.009295981986809587,0.013140188571883427,-0.027017431807442732
none,0.035,0.005,5e-12,0.005,1,180,0.03488210263465856,0.005019613819161332,1.0009669055251253,5.019613819161332e-12,-0.0033741823085649504,0.003915089856474158,-0.010704183445864816
none,0.035,0.005,5e-12,0.005,1,180,0.035500511623073626,0.004957634013340311,1.0004091046585384,4.957634013340311e-12,0.014199046805672681,-0.008509298943821457,0.05355414231730774
none,0.035,0.008,8e-12,0.005,1,60,0.03515577007692266,0.007996912663304736,1.0003719168409388,7.996912663304736e-12,0.004440699110891416,-3.85991572071048e-4,0.018929497966338204
none,0.035,0.008,8e-12,0.005,1,60,0.035372821977368366,0.0079116808560598835,1.0000376241973812,7.911680856059884e-12,0.01059572303414855,-0.011101284869143864,0.03512864032453305
none,0.035,0.008,8e-12,0.005,1,60,0.036407383346033155,0.0077537008942621015,0.997875988945636,7.753700894262101e-12,0.03942353176093189,-0.03127127755451309,0.14324425735359772
none,0.035,0.008,8e-12,0.005,1,60,0.03423544737225189,0.008121942345822246,1.0010492417205787,8.121942345822245e-12,-0.02208648131513567,0.015127789039283114,-0.0796767368014828
none,0.035,0.008,8e-12,0.005,1,60,0.03420921552637837,0.008109115510754808,1.0008851852761813,8.109115510754808e-12,-0.022852993883010486,0.013547258940631505,-0.0845100157884507
none,0.035,0.008,8e-12,0.005,1,60,0.03311565180924448,0.008337317790124855,1.0029556126929513,8.337317790124854e-12,-0.055342026543873137,0.041300015065209944,-0.19235916058847496
none,0.035,0.008,8e-12,0.005,1,60,0.034951763268653915,0.008051070215986517,1.000924150569028,8.051070215986517e-12,-0.0013791429047040249,0.006363486999370054,3.8213231245514626e-4
none,0.035,0.008,8e-12,0.005,1,60,0.033150808499329616,0.0083129268284987,1.0024324024106046,8.3129268284987e-12,-0.05428095603490327,0.038370210773201276,-0.19092953530992673
none,0.035,0.008,8e-12,0.005,1,60,0.03603759038609474,0.007759530913219136,0.9966270583313697,7.759530913219136e-12,0.029214509584198526,-0.030519658639273625,0.09814154923647382
none,0.035,0.008,8e-12,0.005,1,60,0.03486529003894012,0.007998369995945581,1.0001396409099088,7.998369995945581e-12,-0.003856281936940928,-2.0377126675678468e-4,-0.016907806438182054
none,0.035,0.008,8e-12,0.005,1,60,0.03272525328613438,0.008440341488434106,1.0041298736570234,8.440341488434106e-12,-0.06720100988736327,0.0535812268244586,-0.22848736569487832
none,0.035,0.008,8e-12,0.005,1,60,0.03496242137155275,0.007973480540499057,0.9995787268069874,7.973480540499057e-12,-0.001074251900503815,-0.003320438998770687,-0.007980188926230425
none,0.035,0.008,8e-12,0.005,1,60,0.034945675395651056,0.007985937368407546,0.9994729739735291,7.985937368407546e-12,-0.0015533373568782424,-0.0017593757432960502,-0.008495626682565517
none,0.035,0.008,8e-12,0.005,1,60,0.03745654190121623,0.007599294643639197,0.9974396228622686,7.599294643639197e-12,0.06783331682898953,-0.05138610874214362,0.25322508700866847
none,0.035,0.008,8e-12,0.005,1,60,0.03500561691298488,0.008021853569579096,1.000254300092773,8.021853569579096e-12,1.6047035208353736e-4,0.002727971896227528,0.0034244691063520473
none,0.035,0.008,8e-12,0.005,1,60,0.034924262006944165,0.008057377375223657,1.0032849057959943,8.057377375223657e-12,-0.002166287365805128,0.00714657419926774,-0.0022449369396562073
none,0.035,0.008,8e-12,0.005,1,60,0.036133042699101385,0.007798124201906463,0.9982496964099785,7.798124201906463e-12,0.03185969543287127,-0.02555832384097867,0.11493897084759266
none,0.035,0.008,8e-12,0.005,1,60,0.03376077799569824,0.008203597634717215,0.999826436467735,8.203597634717215e-12,-0.0360483471309121,0.02513125231502355,-0.12853227621839536
none,0.035,0.008,8e-12,0.005,1,60,0.03424799792022951,0.008106866545694359,0.999759744812257,8.106866545694359e-12,-0.021719953373542635,0.013269882576124012,-0.07997837531541681
none,0.035,0.008,8e-12,0.005,1,60,0.03542609823340171,0.007958767517765827,1.0010665409021704,7.958767517765827e-12,0.012100725255390656,-0.005167388263164758,0.047668792678646967
none,0.035,0.008,8e-12,0.005,1,60,0.03580369233107645,0.007787205404674832,0.9975582463034168,7.787205404674833e-12,0.02270296433847538,-0.02695948753704704,0.07269836151643223
none,0.035,0.008,8e-12,0.005,1,60,0.03442231766834944,0.008113623860499082,1.0008362827318842,8.113623860499082e-12,-0.01664293804120574,0.014103065177440406,-0.05752954394722955
none,0.035,0.008,8e-12,0.005,1,60,0.03308981811770719,0.008359292462258205,1.0027480606064192,8.359292462258205e-12,-0.056122436164919166,0.0439322481339689,-0.1929303052703398
none,0.035,0.008,8e-12,0.005,1,60,0.03494708977020136,0.00803976272616154,1.0015475339660256,8.03976272616154e-12,-0.0015128646542417437,0.004958029404110809,-0.0016028390909207596
none,0.035,0.008,8e-12,0.005,1,60,0.03405310084033859,0.008208224641701832,1.0019309225831614,8.208224641701832e-12,-0.02742696577628173,0.025695115002454617,-0.09172038079556025
none,0.035,0.008,8e-12,0.005,1,60,0.033605466971057624,0.008267520899527502,1.0022646496876453,8.267520899527502e-12,-0.04065930028372726,0.032893152104598956,-0.14002894348425612
none,0.035,0.008,8e-12,0.005,1,60,0.03658531345306626,0.0077394597536154484,0.9985254776190766,7.739459753615449e-12,0.04429882661269859,-0.03310965578877278,0.16346921239144296
none,0.035,0.008,8e-12,0.005,1,60,0.03492533988880174,0.00797614035114288,0.9979930291466853,7.97614035114288e-12,-0.002135424430916296,-0.00298691249220979,-0.012244766280794414
none,0.035,0.008,8e-12,0.005,1,60,0.03405416953127502,0.008140984724235585,1.0001477166350967,8.140984724235584e-12,-0.027395583196105428,0.017469604511225128,-0.0998133736106729
none,0.035,0.008,8e-12,0.005,1,60,0.03583649131369112,0.007907139148635021,1.00027080576442,7.9071391486350208e-12,0.023618623211404826,-0.011675500587927682,0.09204942230977076
none,0.035,0.008,8e-12,0.005,1,120,0.03465776977738049,0.007981324167048675,0.9988183195324181,7.981324167048675e-12,-0.009826124991198577,-0.0023372082635420115,-0.044773755868361506
none,0.035,0.008,8e-12,0.005,1,120,0.035194766272424294,0.008014844269649966,1.00028661262858,8.014844269649966e-12,0.005549324617369708,0.00185381433015638,0.026004832110768396
none,0.035,0.008,8e-12,0.005,1,120,0.03291996686574742,0.008350561582883246,1.0040111327494554,8.350561582883247e-12,-0.06126869218933126,0.04288725035650215,-0.21503685829081814
none,0.035,0.008,8e-12,0.005,1,120,0.03329318650518957,0.008266569435062775,1.00109737232148,8.266569435062775e-12,-0.04999529489215221,0.03277806086625187,-0.17886681249024147
none,0.035,0.008,8e-12,0.005,1,120,0.03501487780885201,0.008011904453035316,0.9995557172083972,8.011904453035316e-12,4.2498993189882717e-4,0.0014869505702647297,0.0033317988679139226
none,0.035,0.008,8e-12,0.005,1,120,0.0350000879339609,0.007921724107512,0.9979836831906499,7.921724107512e-12,2.512395726645919e-6,-0.009832669202181586,-0.009821765391030295
none,0.035,0.008,8e-12,0.005,1,120,0.03508447093312224,0.007965580489598844,0.9979457685310976,7.965580489598844e-12,0.0024105475264570545,-0.004311720923371297,0.006162674783785895
none,0.035,0.008,8e-12,0.005,1,120,0.03538670856715863,0.007908859454605621,0.9983190857519453,7.908859454605621e-12,0.010988223941423552,-0.011457960612041306,0.036493901715628205
none,0.035,0.008,8e-12,0.005,1,120,0.034114255457472334,0.008211430223031614,1.0015405734290033,8.211430223031615e-12,-0.025632715951688683,0.026085571610332894,-0.08374675166309811
none,0.035,0.008,8e-12,0.005,1,120,0.03416715115166023,0.008173550067254442,1.0027837888220623,8.173550067254442e-12,-0.02408337163100436,0.0214617975692783,-0.08181145962485326
none,0.035,0.008,8e-12,0.005,1,120,0.035008211372997804,0.007980244605894677,0.9975614283073528,7.980244605894677e-12,2.3458314030360843e-4,-0.0024724783201386905,-0.0014542680684114487
none,0.035,0.008,8e-12,0.005,1,120,0.0348494449232723,0.008044580681840803,1.000736943615716,8.044580681840804e-12,-0.004310852005930131,0.005557115820155182,-0.013111713694080138
none,0.035,0.008,8e-12,0.005,1,120,0.034135578916808726,0.00818683510852052,1.000418078409918,8.18683510852052e-12,-0.02500785113770898,0.023085847864345466,-0.08410236645137294
none,0.035,0.008,8e-12,0.005,1,120,0.034623824839254795,0.008042980296594395,0.9990361975803084,8.042980296594394e-12,-0.010806037218385871,0.005358156480845348,-0.041287563451560476
none,0.035,0.008,8e-12,0.005,1,120,0.035306309285039375,0.007897025180054683,0.9990531055190219,7.897025180054683e-12,0.00871361976618066,-0.01295541260993596,0.02502693873494613
none,0.035,0.008,8e-12,0.005,1,120,0.03618289459994717,0.007740028855376833,0.9966878625127532,7.740028855376833e-12,0.03323842080391957,-0.03303612600028732,0.11364280439316116
none,0.035,0.008,8e-12,0.005,1,120,0.03647423226430845,0.007773648200196192,0.9984764389392147,7.773648200196192e-12,0.041257984426730655,-0.028701963657331412,0.15410283711691627
none,0.035,0.008,8e-12,0.005,1,120,0.033405738519077764,0.008294104343775957,1.0006959958812256,8.294104343775957e-12,-0.04662036431630547,0.03610340069892416,-0.16158502293543348
none,0.035,0.008,8e-12,0.005,1,120,0.03512832384093759,0.007904355538075433,0.9970282927851005,7.904355538075432e-12,0.0036596906109521436,-0.012027600201974447,0.0038845560742867165
none,0.035,0.008,8e-12,0.005,1,120,0.03430228307879042,0.00816259951418749,1.0031366563397852,8.16259951418749e-12,-0.02013614746881477,0.020121144479329237,-0.06639575375065891
none,0.035,0.008,8e-12,0.005,1,120,0.03664082298904364,0.0076847351543488695,0.996658908852768,7.68473515434887e-12,0.0458149395556261,-0.04020562795731578,0.16325642268409543
none,0.035,0.008,8e-12,0.005,1,120,0.03474094558979982,0.008121549256276834,1.0044181753711607,8.121549256276833e-12,-0.007429081996805224,0.015079389402663169,-0.017043357462159275
none,0.035,0.008,8e-12,0.005,1,120,0.03611445139071326,0.007785757701595215,0.9979591562901517,7.785757701595215e-12,0.03134503927675948,-0.027145412729819633,0.1110465597186241
none,0.035,0.008,8e-12,0.005,1,120,0.03440648266010212,0.00806185332033762,1.0006979571629029,8.06185332033762e-12,-0.01710306544284955,0.007701928894977216,-0.0658942212523602
none,0.035,0.008,8e-12,0.005,1,120,0.03477836038579051,0.008011779996149802,0.999757287013373,8.011779996149802e-12,-0.00635269611872289,0.0014714164543863167,-0.026011895707590625
none,0.035,0.008,8e-12,0.005,1,120,0.03456133790000469,0.008050291895566622,0.9997418624507186,8.050291895566622e-12,-0.012612405918468874,0.00626680941208156,-0.04812729098733688
none,0.035,0.008,8e-12,0.005,1,120,0.03561544877313597,0.007950307890095699,1.0013393509070572,7.950307890095699e-12,0.017431436539206764,-0.0062308854495927895,0.07008476241926744
none,0.035,0.008,8e-12,0.005,1,120,0.033554788450046995,0.008283010220079073,1.0051151497360242,8.283010220079073e-12,-0.042168482472263555,0.03476491379754539,-0.14444131839662766
none,0.035,0.008,8e-12,0.005,1,120,0.03495138674505521,0.008049448345033043,1.0007252558046351,8.049448345033043e-12,-0.0013899156266380947,0.006162018835122559,1.339752219685483e-4
none,0.035,0.008,8e-12,0.005,1,120,0.03701606566381663,0.007660308097309346,0.9956771932694626,7.660308097309346e-12,0.05600396404435286,-0.04338933715534763,0.20660280515791377
none,0.035,0.008,8e-12,0.005,1,180,0.03515275293208753,0.00801050002638303,0.9999851673043182,8.01050002638303e-12,0.00435487324774257,0.0013116427183518904,0.0202530062972049
none,0.035,0.008,8e-12,0.005,1,180,0.0354524481932701,0.007970762181565741,0.9998071752813965,7.97076218156574e-12,0.012844249563118078,-0.0036614221369528966,0.052442153828538944
none,0.035,0.008,8e-12,0.005,1,180,0.03593311037152023,0.007875836583778046,0.9988853056097717,7.875836583778046e-12,0.026311103423917914,-0.015642129749745784,0.10006355631876214
none,0.035,0.008,8e-12,0.005,1,180,0.03304628698920458,0.0083299000346404,1.0014812959009745,8.329900034640399e-12,-0.05743884676148005,0.04040991378349765,-0.2018504995551348
none,0.035,0.008,8e-12,0.005,1,180,0.035009072929708514,0.008030666063269562,0.9997921288914496,8.030666063269562e-12,2.5919296970019053e-4,0.0038259296969118182,0.004950972980767111
none,0.035,0.008,8e-12,0.005,1,180,0.03302815418661904,0.008335020703066439,1.0027314582144808,8.33502070306644e-12,-0.05798770658437273,0.041024458391035024,-0.20348442246820483
none,0.035,0.008,8e-12,0.005,1,180,0.03526719283623814,0.007903570775790375,0.9984042056398823,7.903570775790375e-12,0.0076050888974794496,-0.01212688739121368,0.0210050243023149
none,0.035,0.008,8e-12,0.005,1,180,0.03428042092532414,0.008106678817565178,1.0013678333541196,8.106678817565178e-12,-0.020773688800094742,0.013246725626180662,-0.07598107963362606
none,0.035,0.008,8e-12,0.005,1,180,0.035379806698307315,0.007848966084911166,0.996983880859959,7.848966084911166e-12,0.010793163640734616,-0.01905972748841546,0.028036303101691126
none,0.035,0.008,8e-12,0.005,1,180,0.03527847823652265,0.00794854337874706,0.9999869628762859,7.948543378747061e-12,0.007925034833471581,-0.006452852600054947,0.028078448728753327
none,0.035,0.008,8e-12,0.005,1,180,0.036496883109812236,0.007737761428983206,0.9979281147016621,7.737761428983206e-12,0.04187880120101579,-0.03332911697227888,0.15228438864443802
none,0.035,0.008,8e-12,0.005,1,180,0.0342931833726035,0.008032291838175437,0.9991728250969435,8.032291838175437e-12,-0.020401462560643614,0.004028355043650785,-0.08361690675351544
none,0.035,0.008,8e-12,0.005,1,180,0.035625364165723705,0.007957098952595413,1.0020087889724598,7.957098952595413e-12,0.017709799242907637,-0.005377061444280379,0.07216809510545866
none,0.035,0.008,8e-12,0.005,1,180,0.035010585852684566,0.008051700742945622,1.0014602304252955,8.051700742945621e-12,3.024072041765637e-4,0.006441799851367422,0.007754445584253147
none,0.035,0.008,8e-12,0.005,1,180,0.035785695660239654,0.00785160345377473,1.0006433579542395,7.85160345377473e-12,0.022200189507711895,-0.018723769116730616,0.07870249275298606
none,0.035,0.008,8e-12,0.005,1,180,0.034208859823471875,0.008151797145422144,1.001681842470712,8.151797145422144e-12,-0.022863391805041513,0.01879686990523235,-0.07930451198425553
none,0.035,0.008,8e-12,0.005,1,180,0.03493777891251269,0.007962978669286918,0.9981700933871772,7.962978669286918e-12,-0.0017793274213404229,-0.004638407136369352,-0.012353821984795824
none,0.035,0.008,8e-12,0.005,1,180,0.03476080589341116,0.008018021885417658,1.0007372328235675,8.018021885417658e-12,-0.006857576855479469,0.0022502020725059632,-0.027409867144510203
none,0.035,0.008,8e-12,0.005,1,180,0.036482050432098706,0.007784903152746525,0.9974467079416487,7.784903152746525e-12,0.04147230915741105,-0.027255176709337574,0.15651907687090155
none,0.035,0.008,8e-12,0.005,1,180,0.03413692114403307,0.008143164415048325,1.0000130423819806,8.143164415048325e-12,-0.024968531434363717,0.017737311568820132,-0.0892844665710795
none,0.035,0.008,8e-12,0.005,1,180,0.03402288670644001,0.008199716632196128,1.0028766005443726,8.199716632196127e-12,-0.028314624904597095,0.024658054944010115,-0.0965039934574287
none,0.035,0.008,8e-12,0.005,1,180,0.035698028853547455,0.007881583612177698,0.9980494698290561,7.881583612177699e-12,0.019747411585474536,-0.014912691988613946,0.07164288585127002
none,0.035,0.008,8e-12,0.005,1,180,0.035108041795208295,0.007991169695975079,1.0011744093161992,7.99116969597508e-12,0.003082153715090461,-0.0011043976257304531,0.012292784980097664
none,0.035,0.008,8e-12,0.005,1,180,0.036071433879018636,0.007817086311400387,0.9988074570801712,7.817086311400387e-12,0.030153185311787352,-0.023129651003253548,0.10972814999505685
none,0.035,0.008,8e-12,0.005,1,180,0.03441055312694361,0.008113859981778118,1.0016755272579958,8.113859981778118e-12,-0.016984767210451588,0.01413216658112658,-0.058959245677865965
none,0.035,0.008,8e-12,0.005,1,180,0.03434998572506903,0.008148661826503565,1.0013385072258199,8.148661826503565e-12,-0.018746458394095753,0.018412179024730826,-0.0621895910667096
none,0.035,0.008,8e-12,0.005,1,180,0.03368197506010984,0.00823618327481549,1.0029348178267596,8.236183274815489e-12,-0.0383852319074067,0.02909550012974802,-0.13433959241663265
none,0.035,0.008,8e-12,0.005,1,180,0.03503944421628654,0.007963015110180537,0.9990873441925747,7.963015110180536e-12,0.0011263430456359066,-0.004633830857598461,2.572519619321121e-4
none,0.035,0.008,8e-12,0.005,1,180,0.03543022733099515,0.007891410661525057,1.0001303862994118,7.891410661525057e-12,0.012217273709328277,-0.013666631735456663,0.03968155730794147
none,0.035,0.008,8e-12,0.005,1,180,0.03536422796926547,0.007962325237075709,0.9996161831037745,7.962325237075709e-12,0.010352738398751381,-0.004720469270369127,0.04044379891854893
lag,0.01,0.002,2e-12,0.005,1,60,0.026558391155143704,8.96697743854332e-4,1.0098006066327487,8.96697743854332e-13,0.9767606558014867,-0.8021836176412973,1.2510568855965218
lag,0.01,0.002,2e-12,0.005,1,60,0.023789434157121654,9.428492823780314e-4,1.0079484763923912,9.428492823780314e-13,0.866656446133443,-0.7519960174894156,0.9578938179936696
lag,0.01,0.002,2e-12,0.005,1,60,0.02453578989311965,9.221087756121486e-4,1.0080038346553435,9.221087756121485e-13,0.897547770572879,-0.7742392650569693,1.0281986816898674
lag,0.01,0.002,2e-12,0.005,1,60,0.025788524782479852,8.740388471902436e-4,1.0083616291892046,8.740388471902436e-13,0.9473445241185244,-0.8277776372882205,1.1299994357392809
lag,0.01,0.002,2e-12,0.005,1,60,0.027272689632969152,8.132115723734112e-4,1.0050156885720418,8.132115723734113e-13,1.003300728738368,-0.8999111472282858,1.2419023672598888
lag,0.01,0.002,2e-12,0.005,1,60,0.02400348078428481,9.515380640650737e-4,1.0092269066421267,9.515380640650737e-13,0.8756137595162117,-0.7428227693337485,0.9936088479175681
lag,0.01,0.002,2e-12,0.005,1,60,0.020797486215452646,0.0010838821896579011,1.0116956140287532,1.083882189657901e-12,0.7322470313833543,-0.6125979645761099,0.7262903261400182
lag,0.01,0.002,2e-12,0.005,1,60,0.020670046105979632,0.0010688887056229883,1.0112757364259435,1.0688887056229882e-12,0.7261005112718717,-0.626527664673149,0.6965580524683253
lag,0.01,0.002,2e-12,0.005,1,60,0.02612981577024334,9.019695472433608e-4,1.0096162455316404,9.019695472433608e-13,0.9604919360062855,-0.7963217014203834,1.203775454089791
lag,0.01,0.002,2e-12,0.005,1,60,0.024282064870309636,9.51863370345404e-4,1.0103864236569051,9.51863370345404e-13,0.8871529136631543,-0.7424809535952326,1.0284950903231622
lag,0.01,0.002,2e-12,0.005,1,60,0.02666836882129904,8.730146944310963e-4,1.0082123440875754,8.730146944310962e-13,0.9808930817733414,-0.8289500717352081,1.2379276621058726
lag,0.01,0.002,2e-12,0.005,1,60,0.02246710228782468,9.827609086949596e-4,1.009595615511448,9.827609086949596e-13,0.8094670257339157,-0.7105365951287763,0.835384088561484
lag,0.01,0.002,2e-12,0.005,1,60,0.02511291865239291,8.813925022606798e-4,1.007468801717246,8.813925022606798e-13,0.9207973080839211,-0.8193994137954286,1.0546024991012921
lag,0.01,0.002,2e-12,0.005,1,60,0.017984591361824787,0.0011934617004058705,1.014423031807098,1.1934617004058704e-12,0.5869302628403568,-0.516289104428185,0.47380022443808856
lag,0.01,0.002,2e-12,0.005,1,60,0.025690776931572328,8.655857109381938e-4,1.0068119538775926,8.655857109381938e-13,0.9435469602384651,-0.8374960592822904,1.1081602802326784
lag,0.01,0.002,2e-12,0.005,1,60,0.021041276423611876,0.0010089195585194324,1.0096282841752025,1.0089195585194323e-12,0.7439009595568014,-0.6842671663314813,0.6848511101963913
lag,0.01,0.002,2e-12,0.005,1,60,0.026652985259853552,8.695157092879897e-4,1.0081305137907646,8.695157092879897e-13,0.9803160685996364,-0.8329660588747357,1.2320041133471045
lag,0.01,0.002,2e-12,0.005,1,60,0.023704223269917633,0.00095411844917550235,1.0094251662343432,9.541184491755024e-13,0.8630681363147709,-0.7401146352397572,0.9592090502300292
lag,0.01,0.002,2e-12,0.005,1,60,0.023037884506728102,9.636467858144208e-4,1.0094135341075845,9.636467858144208e-13,0.8345549203337175,-0.730177636830986,0.8865200420032986
lag,0.01,0.002,2e-12,0.005,1,60,0.025595918323957585,8.648927368479484e-4,1.0074344641740227,8.648927368479484e-13,0.9398478053090812,-0.8382969639432809,1.0955969082274597
lag,0.01,0.002,2e-12,0.005,1,60,0.027075024157178197,8.466654363022729e-4,1.007737880942777,8.466654363022728e-13,0.9960265921244923,-0.8595968413849575,1.2577061541051386
lag,0.01,0.002,2e-12,0.005,1,60,0.024978375612381056,9.52309428296057e-4,1.0103980275897775,9.52309428296057e-13,0.9154253820622253,-0.7420124478386855,1.1153061280965653
lag,0.01,0.002,2e-12,0.005,1,60,0.02555856275316919,8.807154729380954e-4,1.0080086084173734,8.807154729380954e-13,0.9383873046201106,-0.8201678449760692,1.1090939364169103
lag,0.01,0.002,2e-12,0.005,1,60,0.026993805744336404,8.574099603591347e-4,1.0082719368124435,8.574099603591348e-13,0.9930223298137767,-0.8469862885117714,1.260245623785943
lag,0.01,0.002,2e-12,0.005,1,60,0.025335776154648902,8.758915101789e-4,1.0070551575847975,8.758915101789e-13,0.9296323811325697,-0.8256602231030824,1.0759760200733814
lag,0.01,0.002,2e-12,0.005,1,60,0.025167913670559885,9.16637375189894e-4,1.0086954730198512,9.16637375189894e-13,0.9229848231888433,-0.7801905123984233,1.1006307827510025
lag,0.01,0.002,2e-12,0.005,1,60,0.026748663182444885,8.257098294023e-4,1.006444722432719,8.257098294023e-13,0.9838994046111618,-0.8846590438631657,1.19217519076
lag,0.01,0.002,2e-12,0.005,1,60,0.024415086442280985,9.448004536868514e-4,1.0103826620789935,9.448004536868515e-13,0.8926161450531827,-0.7499287144655106,1.0375420043773316
lag,0.01,0.002,2e-12,0.005,1,60,0.024932734952456244,8.819483005770282e-4,1.0079915326497981,8.819483005770283e-13,0.9135965037972517,-0.8187690213791017,1.0328901127254726
lag,0.01,0.002,2e-12,0.005,1,60,0.02349225658009523,9.458753969471083e-4,1.0091613401860196,9.458753969471084e-13,0.8540857666266417,-0.7487916148662099,0.9242482010655984
lag,0.01,0.002,2e-12,0.005,1,120,0.011572526320987504,0.0015169008290199949,1.0186365820710928,1.5169008290199948e-12,0.14604877536930086,-0.27647785542209546,-0.08148459161964505
lag,0.01,0.002,2e-12,0.005,1,120,0.011900540827080702,0.0014722814340430341,1.0161525991225433,1.4722814340430342e-12,0.1739987537445651,-0.3063339869227244,-0.07066692436471739
lag,0.01,0.002,2e-12,0.005,1,120,0.01202777678503596,0.0014681332647458727,1.0164018198290472,1.4681332647458727e-12,0.18463361401490477,-0.30915547468821736,-0.057711153343758315
lag,0.01,0.002,2e-12,0.005,1,120,0.011680456778790826,0.0014977367381662384,1.0168759625891026,1.4977367381662384e-12,0.1553319914145335,-0.28919205312151364,-0.08081541255145128
lag,0.01,0.002,2e-12,0.005,1,120,0.01145529091956253,0.0015234419775876592,1.0179112740584075,1.5234419775876592e-12,0.13586661932070082,-0.2721749467856715,-0.09171887275991777
lag,0.01,0.002,2e-12,0.005,1,120,0.01217749551132972,0.0014477829469668232,1.0162451259855398,1.4477829469668232e-12,0.1970045251008518,-0.32311379633589943,-0.053104352931014176
lag,0.01,0.002,2e-12,0.005,1,120,0.011291318673267374,0.0015456896257015778,1.0190050602028715,1.5456896257015778e-12,0.12144907845917931,-0.25767701012168687,-0.09755349463653251
lag,0.01,0.002,2e-12,0.005,1,120,0.01203428994261867,0.0014635161715388781,1.016568443266919,1.4635161715388782e-12,0.18517497713350128,-0.31230530356420283,-0.060053350679487694
lag,0.01,0.002,2e-12,0.005,1,120,0.012218419726806058,0.0014494328511909548,1.016431847329954,1.4494328511909547e-12,0.2003595337950579,-0.32197483775122016,-0.04689079162726906
lag,0.01,0.002,2e-12,0.005,1,120,0.011821786234456092,0.0014744516152106401,1.017405660531853,1.4744516152106401e-12,0.16735902723281607,-0.3048610461956937,-0.07895955312313827
lag,0.01,0.002,2e-12,0.005,1,120,0.01241368654056192,0.0014259958996746566,1.0150117489381556,1.4259958996746565e-12,0.21621452420027915,-0.33827673397544167,-0.038979602945763636
lag,0.01,0.002,2e-12,0.005,1,120,0.011443302273460118,0.00150870744085903,1.016576630807456,1.50870744085903e-12,0.13481951157073982,-0.28189389574093926,-0.10292441383188464
lag,0.01,0.002,2e-12,0.005,1,120,0.011931243208235966,0.001473619936455227,1.017082868680229,1.473619936455227e-12,0.17657534625609678,-0.3054252650505628,-0.06595110722930303
lag,0.01,0.002,2e-12,0.005,1,120,0.011322065116638594,0.001537761405581818,1.0182631323937334,1.5377614055818181e-12,0.12416839394097894,-0.2628194544225396,-0.098883379959354
lag,0.01,0.002,2e-12,0.005,1,120,0.011658086600936713,0.0014993293614647895,1.0168951481471395,1.4993293614647896e-12,0.15341497505743537,-0.2881292647841756,-0.08252652626802318
lag,0.01,0.002,2e-12,0.005,1,120,0.011916079392456555,0.0014790709866734073,1.0172641775538673,1.4790709866734073e-12,0.17530360451157823,-0.3017330015845554,-0.06413915691994265
lag,0.01,0.002,2e-12,0.005,1,120,0.012249650105686438,0.001438045618828813,1.0152829838521384,1.438045618828813e-12,0.20291228078765866,-0.32986219796121063,-0.05090558485609237
lag,0.01,0.002,2e-12,0.005,1,120,0.011453119633472966,0.0015258054995669296,1.0187388533001693,1.5258054995669295e-12,0.13567705696839008,-0.27062471350987644,-0.09043787895922864
lag,0.01,0.002,2e-12,0.005,1,120,0.011214339668100749,0.0015484122909401772,1.0193590537350241,1.5484122909401773e-12,0.11460819389564969,-0.2559171030373779,-0.10533898419288512
lag,0.01,0.002,2e-12,0.005,1,120,0.011196242988027323,0.0015592144218362222,1.019610152449896,1.559214421836222e-12,0.11299318153434566,-0.24896506188136022,-0.10063093136597215
lag,0.01,0.002,2e-12,0.005,1,120,0.01138301746795655,0.00152805693674,1.018481091853877,1.52805693674e-12,0.12953745591313373,-0.26915022824543955,-0.09765606221882728
lag,0.01,0.002,2e-12,0.005,1,120,0.011559209469434003,0.0015044212978240247,1.0172194891494108,1.5044212978240248e-12,0.14489738291476656,-0.2847388760240258,-0.09139690181420948
lag,0.01,0.002,2e-12,0.005,1,120,0.012140939300843494,0.001454135252352118,1.0165887747282591,1.454135252352118e-12,0.19399806203659742,-0.31873578489988175,-0.05325931159528852
lag,0.01,0.002,2e-12,0.005,1,120,0.01174251212576149,0.00149500143415566,1.0179405298814095,1.49500143415566e-12,0.16063067856326677,-0.2910200144163109,-0.0749485108218862
lag,0.01,0.002,2e-12,0.005,1,120,0.011915445292495013,0.0014738606314289781,1.0167672138677057,1.473860631428978e-12,0.1752503892876198,-0.30526194253240346,-0.06774672626302192
lag,0.01,0.002,2e-12,0.005,1,120,0.011640622043194444,0.0015009287147349796,1.0168573293751464,1.5009287147349796e-12,0.15191578801835257,-0.287063120885175,-0.08362598752906392
lag,0.01,0.002,2e-12,0.005,1,120,0.011856212630462541,0.0014840231154632404,1.0184891068147384,1.4840231154632404e-12,0.1702669098170962,-0.2983904594783592,-0.06822009330100409
lag,0.01,0.002,2e-12,0.005,1,120,0.011734349526917993,0.0014913761511305477,1.0170116744699926,1.4913761511305477e-12,0.15993530459947453,-0.2934478954878641,-0.07838855415003293
lag,0.01,0.002,2e-12,0.005,1,120,0.011728767453198799,0.0015035638749997813,1.0188838369247373,1.5035638749997812e-12,0.15945948769678073,-0.28530897381254716,-0.0709418096158961
lag,0.01,0.002,2e-12,0.005,1,120,0.011324224770983621,0.0015239322636332118,1.0162295685163945,1.5239322636332118e-12,0.12435912313876739,-0.27185317071816323,-0.1076492991161942
lag,0.01,0.002,2e-12,0.005,1,180,0.010644221278476335,0.0016103203628798587,1.021390768740559,1.6103203628798586e-12,0.062432048939161294,-0.21671403820290425,-0.13683059967183878
lag,0.01,0.002,2e-12,0.005,1,180,0.010743714195408408,0.0015925562241497161,1.020152904112833,1.5925562241497162e-12,0.07173576455218393,-0.2278067671304729,-0.13558620689983036
lag,0.01,0.002,2e-12,0.005,1,180,0.010649734946421316,0.001601461764269442,1.0191911710062755,1.601461764269442e-12,0.06294991119171499,-0.2222303657267149,-0.1416632323704718
lag,0.01,0.002,2e-12,0.005,1,180,0.01058848426834977,0.0016146526411154778,1.0207588494391693,1.614652641115478e-12,0.057181927796527136,-0.21402732991960263,-0.14105528064423117
lag,0.01,0.002,2e-12,0.005,1,180,0.010722378912957267,0.0015871218001385463,1.0181115966183851,1.5871218001385463e-12,0.06974795155157983,-0.23122499329117036,-0.14165000808446934
lag,0.01,0.002,2e-12,0.005,1,180,0.010586159747827322,0.0016152308585213346,1.0208537158930582,1.6152308585213346e-12,0.0569623708084607,-0.21366928764835733,-0.1409854789177694
lag,0.01,0.002,2e-12,0.005,1,180,0.010954730365598372,0.0015493775014248931,1.0167160523169494,1.5493775014248931e-12,0.09118626684298461,-0.25529394228042157,-0.13690737694622346
lag,0.01,0.002,2e-12,0.005,1,180,0.010730974963227525,0.0015885405737614898,1.0184960350504493,1.5885405737614898e-12,0.07054932282246805,-0.23033146397331902,-0.13969056853310602
lag,0.01,0.002,2e-12,0.005,1,180,0.010618318662493766,0.0016058526120877655,1.019939279287909,1.6058526120877655e-12,0.05999559225352245,-0.21949234254209118,-0.1428208283928642
lag,0.01,0.002,2e-12,0.005,1,180,0.01055416755312944,0.0016137361888710793,1.0194859993095524,1.6137361888710793e-12,0.053935717657369923,-0.21459507582462078,-0.1458782992365703
lag,0.01,0.002,2e-12,0.005,1,180,0.010883100829482448,0.0015674090199242444,1.0187979880318598,1.5674090199242444e-12,0.08462611053797739,-0.24372323023511416,-0.13421872737929066
lag,0.01,0.002,2e-12,0.005,1,180,0.01070217352604356,0.001593096052331598,1.0188212424194043,1.593096052331598e-12,0.06786176112014361,-0.22746785494533925,-0.14039833771593785
lag,0.01,0.002,2e-12,0.005,1,180,0.010794681928531601,0.0015853485596776817,1.0205469049003342,1.5853485596776816e-12,0.07646850583567702,-0.232342885939115,-0.13380232680119652
lag,0.01,0.002,2e-12,0.005,1,180,0.010810429725218897,0.0015766372888712363,1.018241932058321,1.5766372888712363e-12,0.07792629043114932,-0.23785289974903145,-0.13735961382188827
lag,0.01,0.002,2e-12,0.005,1,180,0.010682457523955175,0.001597660487110959,1.02002339187233,1.5976604871109591e-12,0.06601781930710171,-0.22460681692099174,-0.13998208395055
lag,0.01,0.002,2e-12,0.005,1,180,0.010625026313407058,0.0016039055011081865,1.0189639445529508,1.6039055011081866e-12,0.06062709836932656,-0.22070558737223192,-0.14320232450975673
lag,0.01,0.002,2e-12,0.005,1,180,0.010679886289114662,0.001592853362713776,1.0188916842569953,1.592853362713776e-12,0.06577709339468031,-0.22762020489612336,-0.14331430504590525
lag,0.01,0.002,2e-12,0.005,1,180,0.01065259288845132,0.001602074436277749,1.0192762662342794,1.602074436277749e-12,0.06321823323325958,-0.22184786840037166,-0.140926350232408
lag,0.01,0.002,2e-12,0.005,1,180,0.010773819997309333,0.0015783245020294105,1.0181825036429482,1.5783245020294105e-12,0.07453402398804344,-0.23678333794078213,-0.1408296582744249
lag,0.01,0.002,2e-12,0.005,1,180,0.010598035681441872,0.0016045498119942048,1.0190383923609876,1.6045498119942049e-12,0.058083577879865345,-0.22030395429225832,-0.1461475297934662
lag,0.01,0.002,2e-12,0.005,1,180,0.010730640834895545,0.001595410644052468,1.0203347743651014,1.5954106440524681e-12,0.07051818552738737,-0.22601602037333884,-0.13541655684629134
lag,0.01,0.002,2e-12,0.005,1,180,0.010565917505210218,0.0016205845184906447,1.0205325466382036,1.6205845184906447e-12,0.05504839814711065,-0.21036028251021424,-0.14018651186414718
lag,0.01,0.002,2e-12,0.005,1,180,0.010726748606519136,0.0015895917759500295,1.0190619645550563,1.5895917759500296e-12,0.07015539876530488,-0.22966994197788038,-0.1395531147695075
lag,0.01,0.002,2e-12,0.005,1,180,0.010625792265637906,0.0016043264327273328,1.020052426748976,1.6043264327273327e-12,0.06069918521420084,-0.22044318014591988,-0.14284493920681957
lag,0.01,0.002,2e-12,0.005,1,180,0.010571636022092044,0.0016138123505988772,1.019802253143671,1.6138123505988773e-12,0.05558947467367779,-0.21454788104078978,-0.14366501430137635
lag,0.01,0.002,2e-12,0.005,1,180,0.010825704610341534,0.0015766335437484168,1.019026831982965,1.5766335437484167e-12,0.07933826980080105,-0.2378552751382818,-0.13546790345593157
lag,0.01,0.002,2e-12,0.005,1,180,0.010692275030008228,0.0015960657281044,1.0198184865834383,1.5960657281044e-12,0.06693642792301158,-0.2256054993575187,-0.13976339563649848
lag,0.01,0.002,2e-12,0.005,1,180,0.0107953221389179,0.0015888042824671552,1.0200781931351133,1.5888042824671552e-12,0.07652781202056588,-0.230165470844966,-0.1315455256191465
lag,0.01,0.002,2e-12,0.005,1,180,0.010723487463342753,0.001593321270833697,1.0198325942735609,1.593321270833697e-12,0.06985133281555145,-0.2273264933598139,-0.1376140479053125
lag,0.01,0.002,2e-12,0.005,1,180,0.010738217698406024,0.0015903517499080682,1.0194361758903085,1.5903517499080682e-12,0.07122403244638445,-0.22919196243747172,-0.13765296783512482
lag,0.01,0.005,5e-12,0.005,1,60,0.02499451313040076,0.0022744089228314787,1.0201478402223922,2.2744089228314786e-12,0.9160712330020704,-0.787717707928737,1.0716019202409572
lag,0.01,0.005,5e-12,0.005,1,60,0.02444674217233893,0.002351969020161285,1.0241192400731445,2.351969020161285e-12,0.8939118695638848,-0.7541850541846015,1.0372109751854257
lag,0.01,0.005,5e-12,0.005,1,60,0.024920369308842606,0.0022798682981915977,1.0223962381388532,2.2798682981915977e-12,0.9131004205923855,-0.7853202350872058,1.0648055592092773
lag,0.01,0.005,5e-12,0.005,1,60,0.022670300064303147,0.002471694092098402,1.0249903402039633,2.471694092098402e-12,0.8184706076223178,-0.704534129647346,0.8665830783262443
lag,0.01,0.005,5e-12,0.005,1,60,0.025235288339674967,0.0022624034844585237,1.0216008937001586,2.2624034844585237e-12,0.9256582529137999,-0.7930101755549314,1.0961655785647646
lag,0.01,0.005,5e-12,0.005,1,60,0.024872629081696452,0.0023116069926238355,1.021493047397132,2.3116069926238354e-12,0.9111828722093746,-0.7714949619625527,1.0727110441678072
lag,0.01,0.005,5e-12,0.005,1,60,0.025717337051199513,0.0022361041925052674,1.0230716754531561,2.2361041925052676e-12,0.9445802649031457,-0.8047027605053907,1.1442470338433492
lag,0.01,0.005,5e-12,0.005,1,60,0.025408458997027802,0.002241350928956701,1.0202087062932568,2.241350928956701e-12,0.9324970569668519,-0.8023591350705789,1.1082897805608685
lag,0.01,0.005,5e-12,0.005,1,60,0.02558225551997085,0.002245731846614081,1.0214870601877255,2.245731846614081e-12,0.9393138744051381,-0.8004064547798327,1.1317932296965525
lag,0.01,0.005,5e-12,0.005,1,60,0.02474028436338416,0.0022779375889682677,1.0204074233164777,2.2779375889682675e-12,0.9058477679779731,-0.7861674450766669,1.041627815982969
lag,0.01,0.005,5e-12,0.005,1,60,0.027060697062780407,0.002085685188004198,1.0169951088514058,2.085685188004198e-12,0.995497289312618,-0.8743404838293298,1.2411859519554402
lag,0.01,0.005,5e-12,0.005,1,60,0.025161221333462915,0.0022583866749133724,1.022900998100304,2.2583866749133724e-12,0.9227188803254948,-0.7947872147275504,1.085204230621851
lag,0.01,0.005,5e-12,0.005,1,60,0.025413430925192063,0.0022422986636344484,1.0208650447903378,2.2422986636344482e-12,0.9326927178597362,-0.8019363836167506,1.1093290511070653
lag,0.01,0.005,5e-12,0.005,1,60,0.026916005108655296,0.002126390970882593,1.0208085579235155,2.1263909708825933e-12,0.9901360021319521,-0.8550117496652027,1.2425728838080543
lag,0.01,0.005,5e-12,0.005,1,60,0.02536647536851191,0.0022486945112059026,1.0217132816734276,2.2486945112059026e-12,0.9308433418568877,-0.7990880818507553,1.1063548638447216
lag,0.01,0.005,5e-12,0.005,1,60,0.023608348618483474,0.0024089967422626785,1.0244329677554762,2.4089967422626786e-12,0.8590153115014504,-0.7302275411216335,0.9572076875703173
lag,0.01,0.005,5e-12,0.005,1,60,0.024069895742981913,0.002362981188411342,1.0224487691775133,2.362981188411342e-12,0.8783768273824106,-0.7495138751533824,0.9951531969763748
lag,0.01,0.005,5e-12,0.005,1,60,0.025746590302205302,0.00221012056589981,1.0208488069444106,2.21012056589981e-12,0.9457171098996622,-0.8163908436866965,1.1361863537867607
lag,0.01,0.005,5e-12,0.005,1,60,0.02438216070989607,0.0023114895518776017,1.0214334515471386,2.311489551877602e-12,0.8912666534607956,-0.7715457680597771,1.0118421599673355
lag,0.01,0.005,5e-12,0.005,1,60,0.02590259448943077,0.0022158948159207515,1.0213334369854266,2.2158948159207514e-12,0.9517580440315281,-0.8137816104153299,1.158140106274086
lag,0.01,0.005,5e-12,0.005,1,60,0.025382276676723853,0.0022677766135782854,1.0224381262431939,2.2677766135782856e-12,0.9314660688436908,-0.7906380263144713,1.1167642815992864
lag,0.01,0.005,5e-12,0.005,1,60,0.025799851547745067,0.0022227054708617864,1.0200878190087346,2.2227054708617864e-12,0.9477836449536025,-0.8107127779699339,1.1484688139504546
lag,0.01,0.005,5e-12,0.005,1,60,0.027428136376585335,0.0020723393777576852,1.0173367898328767,2.0723393777576853e-12,1.008984268582305,-0.8807598090952717,1.2803291016013099
lag,0.01,0.005,5e-12,0.005,1,60,0.023684147916593554,0.002388569693395182,1.0227348163030399,2.388569693395182e-12,0.8622208670787797,-0.7387431802825075,0.9580911613750931
lag,0.01,0.005,5e-12,0.005,1,60,0.02546522967439548,0.002269117705466021,1.0226586914451246,2.269117705466021e-12,0.9347288865202071,-0.7900468325010442,1.1276416471239954
lag,0.01,0.005,5e-12,0.005,1,60,0.023786673334133243,0.002384005888614695,1.024039864037933,2.384005888614695e-12,0.866540386912246,-0.7406556931775481,0.968891800254974
lag,0.01,0.005,5e-12,0.005,1,60,0.02690837433781753,0.0021184807400845334,1.0192458855070594,2.1184807400845336e-12,0.9898524588392149,-0.858738712689258,1.2378997052001153
lag,0.01,0.005,5e-12,0.005,1,60,0.026175257882964924,0.002192124341014282,1.021245598732971,2.192124341014282e-12,0.9622295159762918,-0.8245668200418538,1.1811651574457964
lag,0.01,0.005,5e-12,0.005,1,60,0.02476290662067807,0.002296508387076876,1.0220407317357214,2.296508387076876e-12,0.9067617397207632,-0.778048035544332,1.0525523854197485
lag,0.01,0.005,5e-12,0.005,1,60,0.026231997839021554,0.0021760826310502973,1.0189668975011836,2.176082631050297e-12,0.9643948641688208,-0.8319116103331301,1.1808561217055424
lag,0.01,0.005,5e-12,0.005,1,120,0.013903089265161931,0.003332225109730763,1.0347948827774274,3.332225109730763e-12,0.3295259717411103,-0.4057976304683681,0.07818543841171133
lag,0.01,0.005,5e-12,0.005,1,120,0.014219074707923952,0.0032756295554569803,1.0332301511633057,3.2756295554569804e-12,0.35199925949767186,-0.42292783114694654,0.10023743263562346
lag,0.01,0.005,5e-12,0.005,1,120,0.014273594677876653,0.003283866485487872,1.0347898396402389,3.283866485487872e-12,0.3558262113184431,-0.42041637773377516,0.10950936232292974
lag,0.01,0.005,5e-12,0.005,1,120,0.013815639702107883,0.003348331606577268,1.0344563656446677,3.348331606577268e-12,0.32321616920309826,-0.4009757185415873,0.0721636045197902
lag,0.01,0.005,5e-12,0.005,1,120,0.014288099540870718,0.0032801983338742653,1.034131279686334,3.2801983338742654e-12,0.35684189786210074,-0.4215340242215493,0.11019031884641972
lag,0.01,0.005,5e-12,0.005,1,120,0.013867911734678174,0.003347918363691919,1.035226032114041,3.347918363691919e-12,0.326992570132833,-0.4010991437087206,0.07852191139137299
lag,0.01,0.005,5e-12,0.005,1,120,0.013864707205546596,0.0033367997916784837,1.0346191918368437,3.336799791678484e-12,0.32676146832793335,-0.40442571096503,0.07479798252274783
lag,0.01,0.005,5e-12,0.005,1,120,0.014013338491416926,0.0033331456239796965,1.03527855988527,3.3331456239796966e-12,0.33742453243051346,-0.40552142249988105,0.0921325504358178
lag,0.01,0.005,5e-12,0.005,1,120,0.013973803425214072,0.003334942989758371,1.035894777307289,3.334942989758371e-12,0.3345992998563672,-0.4049823277378525,0.08776929698869246
lag,0.01,0.005,5e-12,0.005,1,120,0.014103151306814849,0.003312159869699324,1.0349346162157282,3.3121598696993243e-12,0.34381317635558045,-0.4118374072392857,0.09695335480575556
lag,0.01,0.005,5e-12,0.005,1,120,0.014232625026257205,0.003290875873845001,1.0349649093290458,3.2908758738450013e-12,0.3529517733709623,-0.4182841600346968,0.10656134322119659
lag,0.01,0.005,5e-12,0.005,1,120,0.013684007282767276,0.003386987495872772,1.0357547785424341,3.386987495872772e-12,0.31364270633158287,-0.38949703040546585,0.06731987265767642
lag,0.01,0.005,5e-12,0.005,1,120,0.013919144301965758,0.0033452869016788716,1.0347370646665388,3.3452869016788717e-12,0.3306800874627815,-0.40188545222438615,0.08408844121936776
lag,0.01,0.005,5e-12,0.005,1,120,0.014218257448106909,0.003292562893219886,1.034514189436837,3.292562893219886e-12,0.351941781544903,-0.4177716560162041,0.10529226754905258
lag,0.01,0.005,5e-12,0.005,1,120,0.013527815891840898,0.003421480098068877,1.036877451345253,3.421480098068877e-12,0.3021629090951433,-0.37936467776751237,0.058084492820759004
lag,0.01,0.005,5e-12,0.005,1,120,0.013714640025756975,0.0033764009404911068,1.0355063308582653,3.3764009404911067e-12,0.3158787842962,-0.3926275807582258,0.06798778243563908
lag,0.01,0.005,5e-12,0.005,1,120,0.013600734124383852,0.0034109232536627724,1.0376147379822924,3.4109232536627723e-12,0.3075386780252139,-0.3824549089098239,0.06403612251377366
lag,0.01,0.005,5e-12,0.005,1,120,0.014323364102387872,0.0032614310477417784,1.0331485421772428,3.2614310477417783e-12,0.3593069642993928,-0.42727184167544197,0.10882530702065418
lag,0.01,0.005,5e-12,0.005,1,120,0.014130070543389784,0.003307838008732406,1.0345708046710005,3.307838008732406e-12,0.34572009614497295,-0.41314310602055243,0.09898564135978077
lag,0.01,0.005,5e-12,0.005,1,120,0.014223121628019388,0.003280341548505235,1.034410109669656,3.280341548505235e-12,0.3522838310599343,-0.421490364817427,0.10217671705697712
lag,0.01,0.005,5e-12,0.005,1,120,0.013462641076196042,0.0034045783706951292,1.0361264015232872,3.404578370695129e-12,0.29733342863103246,-0.3843168070210155,0.04505068642729365
lag,0.01,0.005,5e-12,0.005,1,120,0.013692688503275437,0.003388611430001481,1.037044150063318,3.388611430001481e-12,0.31427691148672526,-0.3890176826230572,0.06887569178309694
lag,0.01,0.005,5e-12,0.005,1,120,0.013853940694768556,0.0033546145415506326,1.0351018689529854,3.3546145415506326e-12,0.3259846258673479,-0.3991010393558705,0.0787876067954304
lag,0.01,0.005,5e-12,0.005,1,120,0.013879188657741693,0.003342592847504654,1.0340202382210364,3.342592847504654e-12,0.3278054063229158,-0.4026911049636619,0.07832828859630803
lag,0.01,0.005,5e-12,0.005,1,120,0.013749890548785119,0.003351610224222462,1.0338968444337713,3.3516102242224618e-12,0.31844577099849786,-0.399997018132033,0.06498940991732172
lag,0.01,0.005,5e-12,0.005,1,120,0.014040919642819887,0.0033149479145101095,1.0336496606749255,3.3149479145101096e-12,0.3393908050838296,-0.41099600098302563,0.09007803472664028
lag,0.01,0.005,5e-12,0.005,1,120,0.014161251128184888,0.0032989659876291808,1.0340263361258972,3.298965987629181e-12,0.3479243478785537,-0.41582883014405275,0.10016630975087332
lag,0.01,0.005,5e-12,0.005,1,120,0.013830383920872751,0.0033464741944524493,1.0350409567871637,3.3464741944524494e-12,0.3242828123025797,-0.4015306001102776,0.07343700607794357
lag,0.01,0.005,5e-12,0.005,1,120,0.0134442415189287,0.0034318501889567836,1.0370001394267354,3.4318501889567837e-12,0.2959657815191634,-0.37633838299749584,0.050747565349662904
lag,0.01,0.005,5e-12,0.005,1,120,0.013945784690154672,0.003316938648548868,1.0341756004647766,3.316938648548868e-12,0.33259219686117586,-0.41039564870630274,0.07888165287287657
lag,0.01,0.005,5e-12,0.005,1,180,0.013735376556901142,0.003380161857142292,1.0361819132228618,3.380161857142292e-12,0.3173896420420462,-0.391514317357217,0.07167237569852458
lag,0.01,0.005,5e-12,0.005,1,180,0.013927880309925937,0.0033456787531608695,1.0352988715622018,3.3456787531608696e-12,0.3313075159488423,-0.40176832369536364,0.08528883473545257
lag,0.01,0.005,5e-12,0.005,1,180,0.013571160714481842,0.0033971458691753153,1.0359772472563096,3.397145869175315e-12,0.3053619125287544,-0.3865022835901984,0.056321645005550036
lag,0.01,0.005,5e-12,0.005,1,180,0.01375187346676861,0.00335722114515452,1.0352376876339149,3.35722114515452e-12,0.31858997396568256,-0.3983243207779423,0.06690798910136525
lag,0.01,0.005,5e-12,0.005,1,180,0.013725717904246704,0.003376860065002477,1.0369027042798709,3.3768600650024773e-12,0.31668619935396347,-0.39249160955506796,0.06949741057152325
lag,0.01,0.005,5e-12,0.005,1,180,0.014396778773244988,0.0032650450205807505,1.0330115070445027,3.2650450205807505e-12,0.36441939226172804,-0.4261643609552122,0.11903620692716627
lag,0.01,0.005,5e-12,0.005,1,180,0.014089970928919492,0.0032959084209254193,1.033544909904771,3.295908420925419e-12,0.3428781696723629,-0.41675608568628736,0.0904003094997296
lag,0.01,0.005,5e-12,0.005,1,180,0.013713438605163858,0.003401704810518566,1.0381272170593914,3.4017048105185663e-12,0.31579117913726396,-0.38516119162000745,0.07530519542031089
lag,0.01,0.005,5e-12,0.005,1,180,0.014005829378535513,0.0033398207847636,1.0355159619244332,3.3398207847636e-12,0.33688853413848396,-0.4035207641415007,0.0932020787969029
lag,0.01,0.005,5e-12,0.005,1,180,0.013904788324098468,0.0033410400643331083,1.0358278799784846,3.3410400643331083e-12,0.3296481715697882,-0.4031557574124021,0.08103799477580792
lag,0.01,0.005,5e-12,0.005,1,180,0.013577604447816494,0.003382786944212011,1.0345264362182207,3.382786944212011e-12,0.3058366106166513,-0.39073800297759886,0.05288494855164638
lag,0.01,0.005,5e-12,0.005,1,180,0.013745174453790945,0.003391879033978305,1.0375028442539598,3.391879033978305e-12,0.3181027207063831,-0.38805385729297576,0.07634777497710138
lag,0.01,0.005,5e-12,0.005,1,180,0.013700953361460922,0.003393247016548132,1.0368925501330417,3.393247016548132e-12,0.3148803258466757,-0.38765062746992585,0.07126758935122846
lag,0.01,0.005,5e-12,0.005,1,180,0.013878584778654866,0.0033656762722676127,1.0362385854003564,3.3656762722676125e-12,0.3277618956942045,-0.39580899708758116,0.08513551546562215
lag,0.01,0.005,5e-12,0.005,1,180,0.01372505260037988,0.0033830003414258695,1.0372176512982252,3.3830003414258697e-12,0.3166377268444692,-0.3906749217115406,0.0712316007355644
lag,0.01,0.005,5e-12,0.005,1,180,0.01354544964921169,0.003409482697507939,1.0374136106421556,3.409482697507939e-12,0.3034655786853842,-0.3828773342571032,0.056758422245146434
lag,0.01,0.005,5e-12,0.005,1,180,0.013879592754300372,0.0033543744958723426,1.0356002792881804,3.3543744958723426e-12,0.32783452118589984,-0.3991725987747496,0.08189690275849648
lag,0.01,0.005,5e-12,0.005,1,180,0.014343046385947465,0.003262377895635989,1.0327668049150847,3.262377895635989e-12,0.36068015936059167,-0.4269815671106664,0.11155618474681922
lag,0.01,0.005,5e-12,0.005,1,180,0.013891880215710244,0.003341510369759415,1.0347973411220877,3.341510369759415e-12,0.32871941931319354,-0.40301500114524885,0.07957814560282134
lag,0.01,0.005,5e-12,0.005,1,180,0.01437351858056855,0.0032668749714077987,1.0322507321878196,3.2668749714077988e-12,0.3628024331140132,-0.42560405070120766,0.11671225328929247
lag,0.01,0.005,5e-12,0.005,1,180,0.013290452528995194,0.0034637310417664686,1.039016124402751,3.4637310417664688e-12,0.28446082948964746,-0.36709156858020087,0.040924545015203206
lag,0.01,0.005,5e-12,0.005,1,180,0.013823472598184538,0.0033478951778696474,1.0356566786353691,3.3478951778696474e-12,0.32378296716688615,-0.4011060691770383,0.07300453299784443
lag,0.01,0.005,5e-12,0.005,1,180,0.013623968764248635,0.0033992678875692053,1.0369392176630505,3.399267887569205e-12,0.30924555766323136,-0.3858778311837395,0.06349429558309122
lag,0.01,0.005,5e-12,0.005,1,180,0.014184813303937983,0.0032994425875685655,1.0357809821068713,3.2994425875685653e-12,0.34958681366714756,-0.4156843710870597,0.10323247860125018
lag,0.01,0.005,5e-12,0.005,1,180,0.01411669794187975,0.0033176715771241917,1.0363107405049714,3.3176715771241918e-12,0.34477325491490013,-0.41017470774568104,0.10029583704740802
lag,0.01,0.005,5e-12,0.005,1,180,0.014297594955741183,0.0032655310599708325,1.0333600427009315,3.2655310599708326e-12,0.35750624521394336,-0.426015510567441,0.10688626394446565
lag,0.01,0.005,5e-12,0.005,1,180,0.014270688065670752,0.003290648824954055,1.0345825428990845,3.2906488249540548e-12,0.3556225549686191,-0.4183531558681631,0.11121216427501018
lag,0.01,0.005,5e-12,0.005,1,180,0.013633800249525218,0.0034036653880297214,1.0375635407501917,3.4036653880297215e-12,0.30996692893158095,-0.3845850061934411,0.06600622474768592
lag,0.01,0.005,5e-12,0.005,1,180,0.013716926485311922,0.0033846959694977374,1.0360619284651944,3.3846959694977376e-12,0.3160454871025687,-0.39017382709102366,0.07072505708765459
lag,0.01,0.005,5e-12,0.005,1,180,0.013992695861750733,0.0033344590289295702,1.0367240550020251,3.33445902892957e-12,0.3359503763151454,-0.4051274564400343,0.08996683041705655
lag,0.01,0.008,8e-12,0.005,1,60,0.024886621743330672,0.003686731005892174,1.0359276507169894,3.686731005892174e-12,0.911745286706018,-0.7747013825365524,1.071239713636451
lag,0.01,0.008,8e-12,0.005,1,60,0.02485349510850752,0.0036745387774648683,1.0367000503835393,3.674538777464868e-12,0.9104132978882359,-0.7780139196218108,1.0638194738331215
lag,0.01,0.008,8e-12,0.005,1,60,0.02517211251576633,0.003632931638724523,1.0345110616111453,3.632931638724523e-12,0.9231516425385449,-0.7894016053740641,1.0919403465809605
lag,0.01,0.008,8e-12,0.005,1,60,0.024844975543315256,0.003665215690729217,1.035106023103827,3.665215690729217e-12,0.9100704476892668,-0.7805543565778909,1.060222610793201
lag,0.01,0.008,8e-12,0.005,1,60,0.025238286786189168,0.0036179236920544154,1.0350290363834331,3.6179236920544154e-12,0.9257770654413552,-0.7935412461247283,1.0960063153627284
lag,0.01,0.008,8e-12,0.005,1,60,0.025331953102593955,0.003605342435433719,1.0340129857462406,3.6053424354337192e-12,0.9294814743475907,-0.7970247864294853,1.1041373982921652
lag,0.01,0.008,8e-12,0.005,1,60,0.02497838985633646,0.0036341973164337447,1.0328153635445252,3.6341973164337447e-12,0.9154259523135326,-0.7890532758673693,1.0682670663183518
lag,0.01,0.008,8e-12,0.005,1,60,0.024809037000774047,0.003668722695682582,1.0350242511469725,3.668722695682582e-12,0.9086228889935887,-0.779597979516646,1.0567226085793355
lag,0.01,0.008,8e-12,0.005,1,60,0.023856252506292495,0.003797243332321039,1.0361845361086695,3.797243332321039e-12,0.8694612495754599,-0.7451661770684784,0.9730091337117909
lag,0.01,0.008,8e-12,0.005,1,60,0.02495153179705457,0.003657421116049927,1.034521178865069,3.657421116049927e-12,0.9143501219904321,-0.7826832557241553,1.0713066871106114
lag,0.01,0.008,8e-12,0.005,1,60,0.025258147880041486,0.003636674809154935,1.035410547547929,3.636674809154935e-12,0.92656369899312,-0.7883717915077821,1.103638545617362
lag,0.01,0.008,8e-12,0.005,1,60,0.023959498624704933,0.003772775861356422,1.0370953825076201,3.772775861356422e-12,0.8737797545211116,-0.751630508410736,0.9793473210526757
lag,0.01,0.008,8e-12,0.005,1,60,0.025278344068424358,0.003615526039010657,1.034659021147812,3.615526039010657e-12,0.9273629705167008,-0.7942041810232103,1.10031048346141
lag,0.01,0.008,8e-12,0.005,1,60,0.024278127585435853,0.0037573811038279616,1.0363524801194959,3.757381103827961e-12,0.8869907526549994,-0.7557193418966281,1.0147684786974176
lag,0.01,0.008,8e-12,0.005,1,60,0.024779662948618237,0.0036797536149522653,1.036731994093804,3.679753614952265e-12,0.9074381813637696,-0.7765957441990358,1.0560824614296256
lag,0.01,0.008,8e-12,0.005,1,60,0.02513757259563119,0.003627488840863565,1.0339421193368223,3.627488840863565e-12,0.9217785500421236,-0.7909009121692675,1.086158089689
lag,0.01,0.008,8e-12,0.005,1,60,0.025300936026409,0.0036055426926692746,1.032656567391845,3.6055426926692745e-12,0.9282562991463181,-0.796969243390857,1.100346823883859
lag,0.01,0.008,8e-12,0.005,1,60,0.025252179152983247,0.0036004721942748995,1.034939570387787,3.6004721942748996e-12,0.9263273620918713,-0.7983765397427971,1.0928936752271254
lag,0.01,0.008,8e-12,0.005,1,60,0.025665187505308967,0.0035729966886810243,1.0337600840256604,3.5729966886810244e-12,0.9425504088675887,-0.8060368894005309,1.1364463612577809
lag,0.01,0.008,8e-12,0.005,1,60,0.02514602424926387,0.0036139940605263384,1.0335837285818053,3.6139940605263385e-12,0.922114709515295,-0.7946279929737012,1.0834790139350186
lag,0.01,0.008,8e-12,0.005,1,60,0.026015563067288958,0.003512504675538452,1.0326524324936273,3.512504675538452e-12,0.9561098454612923,-0.8231121759067076,1.1628176444371228
lag,0.01,0.008,8e-12,0.005,1,60,0.026108247724017132,0.0034917661817590526,1.0326364340169845,3.4917661817590527e-12,0.9596661761672309,-0.8290338642034333,1.1683888535746907
lag,0.01,0.008,8e-12,0.005,1,60,0.02479055370900924,0.00367931081998814,1.0357964577115304,3.67931081998814e-12,0.9078775887862327,-0.7767160842146925,1.0573125757024533
lag,0.01,0.008,8e-12,0.005,1,60,0.024542884850187612,0.003718702441948124,1.0375024843608147,3.718702441948124e-12,0.8978368964367902,-0.7660667401696417,1.0372509812536221
lag,0.01,0.008,8e-12,0.005,1,60,0.02595119738127826,0.0035026080905109567,1.0318526997666948,3.5026080905109567e-12,0.9536326574137829,-0.8259336819674127,1.1520147933110914
lag,0.01,0.008,8e-12,0.005,1,60,0.02549907643701676,0.003590810498257372,1.0332929347012265,3.590810498257372e-12,0.936057140358236,-0.8010635991295496,1.1208218790605284
lag,0.01,0.008,8e-12,0.005,1,60,0.025277340229465938,0.003607506474530744,1.0347026316327,3.607506474530744e-12,0.9273232583073817,-0.7964247352738406,1.0979654531799357
lag,0.01,0.008,8e-12,0.005,1,60,0.025717148123307037,0.003554798748039395,1.0338545493343194,3.5547987480393948e-12,0.9445729185520804,-0.8111430909864752,1.1377832763035975
lag,0.01,0.008,8e-12,0.005,1,60,0.024856851404055868,0.0036511791814731365,1.0341024569178656,3.651179181473136e-12,0.910548331972241,-0.7843913628418873,1.0578582112610404
lag,0.01,0.008,8e-12,0.005,1,60,0.024556054112333237,0.003713585740785293,1.0366501001111634,3.713585740785293e-12,0.8983733341985709,-0.7674436248773893,1.0375070850519321
lag,0.01,0.008,8e-12,0.005,1,120,0.019179527006542706,0.004384755467502739,1.0438185189425584,4.384755467502739e-12,0.651258315392968,-0.6013076830884775,0.5369536657228179
lag,0.01,0.008,8e-12,0.005,1,120,0.019642987225909937,0.004300182126497954,1.0428005112985774,4.300182126497954e-12,0.6751352974452993,-0.6207841648777427,0.5749462511350895
lag,0.01,0.008,8e-12,0.005,1,120,0.019425871809812166,0.00432940794467069,1.0432446550297596,4.3294079446706904e-12,0.6640206830665629,-0.614010742346696,0.5547973620700125
lag,0.01,0.008,8e-12,0.005,1,120,0.018944466295558023,0.004441914002470786,1.0451862760589514,4.4419140024707856e-12,0.6389267798238565,-0.588356176487133,0.5207576441620618
lag,0.01,0.008,8e-12,0.005,1,120,0.01984802195070755,0.004262867757381936,1.0410411704316926,4.262867757381936e-12,0.6855192593353682,-0.6294994254002243,0.591655296487512
lag,0.01,0.008,8e-12,0.005,1,120,0.01917647885637306,0.004381333455334175,1.043696977806692,4.381333455334175e-12,0.6510993754769112,-0.6020884217673821,0.5357949564228772
lag,0.01,0.008,8e-12,0.005,1,120,0.018900965586136246,0.004429380095946907,1.0440435924205362,4.4293800959469066e-12,0.6366279169800995,-0.5911819006091839,0.5125378320717107
lag,0.01,0.008,8e-12,0.005,1,120,0.019567252473795645,0.004305876432865273,1.0419843385334013,4.305876432865273e-12,0.6712722837592839,-0.6194608396507472,0.5668784670999129
lag,0.01,0.008,8e-12,0.005,1,120,0.01971414827097812,0.004291867732510086,1.0417839832139282,4.291867732510086e-12,0.6787514713215633,-0.6227195346019742,0.5818348509993126
lag,0.01,0.008,8e-12,0.005,1,120,0.01943348159152997,0.004327401025796039,1.0418201462012835,4.327401025796039e-12,0.6644123407319124,-0.6144744048619375,0.5552773124877788
lag,0.01,0.008,8e-12,0.005,1,120,0.01964835956749424,0.004288232449133638,1.0409040414848822,4.288232449133638e-12,0.6754087592660931,-0.6235669101610034,0.5728296762082824
lag,0.01,0.008,8e-12,0.005,1,120,0.01955377656657923,0.004288243747117635,1.0398434713570521,4.288243747117635e-12,0.6705833495425733,-0.6235642755162522,0.5611040187395723
lag,0.01,0.008,8e-12,0.005,1,120,0.01940418998294448,0.0043559282022158615,1.0434568964255526,4.355928202215861e-12,0.6629039282575306,-0.6079038192482056,0.5582157386369102
lag,0.01,0.008,8e-12,0.005,1,120,0.01884766167023077,0.004447140599927993,1.0448887205798278,4.447140599927993e-12,0.6338037638805926,-0.5871802138469412,0.5099298332616741
lag,0.01,0.008,8e-12,0.005,1,120,0.019102744978749104,0.004382840728027833,1.0416442449444674,4.382840728027833e-12,0.6472469478972344,-0.6017444594779562,0.5269959178869328
lag,0.01,0.008,8e-12,0.005,1,120,0.01909615515503156,0.004409593182418052,1.0447266522471594,4.409593182418052e-12,0.6469019210111283,-0.5956591053610669,0.5322641338628467
lag,0.01,0.008,8e-12,0.005,1,120,0.019206457349659915,0.0043434317795774165,1.0416599833881317,4.343431779577416e-12,0.6526614497914844,-0.6107767734103309,0.5308239379474986
lag,0.01,0.008,8e-12,0.005,1,120,0.01949038759610883,0.004302534411971682,1.0408645796582412,4.3025344119716816e-12,0.6673363072496328,-0.6202372944742294,0.5565707674432656
lag,0.01,0.008,8e-12,0.005,1,120,0.018873914933160374,0.004427953246322834,1.044595107632176,4.427953246322834e-12,0.6351957135037218,-0.5915040855335348,0.5088613661783515
lag,0.01,0.008,8e-12,0.005,1,120,0.01944272423507378,0.004347975139466693,1.0430685948296086,4.347975139466693e-12,0.6648878317692413,-0.6097312901311718,0.561166515017977
lag,0.01,0.008,8e-12,0.005,1,120,0.01876980050424702,0.004447250204013761,1.043961571679132,4.447250204013761e-12,0.6296641291113961,-0.5871555681824567,0.5002996943441735
lag,0.01,0.008,8e-12,0.005,1,120,0.018954171274219073,0.004425103909389225,1.04398439295636,4.425103909389225e-12,0.6394389343230951,-0.5921477811478015,0.5181694568553636
lag,0.01,0.008,8e-12,0.005,1,120,0.019079622369941204,0.004383065332057792,1.0424639542704668,4.383065332057792e-12,0.6460357808984292,-0.6016932145687663,0.5241799593039429
lag,0.01,0.008,8e-12,0.005,1,120,0.01965346365956687,0.004284398814341785,1.0409718017782241,4.284398814341785e-12,0.6756684974503416,-0.6244612995099867,0.572568194276305
lag,0.01,0.008,8e-12,0.005,1,120,0.019944925174631617,0.004244143941118446,1.0408359443616655,4.244143941118446e-12,0.6903896407710083,-0.6339014051228401,0.5992693165314803
lag,0.01,0.008,8e-12,0.005,1,120,0.018600998338104423,0.0044805375560275,1.0448947764652277,4.4805375560275e-12,0.6206301603763431,-0.5796985122664788,0.4868252816584697
lag,0.01,0.008,8e-12,0.005,1,120,0.01890404989381932,0.0044163342993845224,1.0437107690864114,4.416334299384522e-12,0.6367910862131105,-0.5941315337169033,0.5099706531166923
lag,0.01,0.008,8e-12,0.005,1,120,0.019376593586000797,0.0043315678677694315,1.0418433032236263,4.3315678677694316e-12,0.6614807284630932,-0.6135119710326331,0.5491856336314658
lag,0.01,0.008,8e-12,0.005,1,120,0.019102043441964568,0.00439638471174621,1.0437785048895596,4.3963847117462104e-12,0.6472102228261836,-0.5986589949215931,0.5299943918820132
lag,0.01,0.008,8e-12,0.005,1,120,0.019525584272930843,0.004300969852404106,1.0414536022583996,4.300969852404106e-12,0.6691405266338306,-0.6206009973415135,0.5605714525019111
lag,0.01,0.008,8e-12,0.005,1,180,0.01884478441955417,0.004436111272238564,1.0441559463005332,4.436111272238564e-12,0.6336510939968002,-0.5896633885931997,0.5070898794315173
lag,0.01,0.008,8e-12,0.005,1,180,0.0191225237334463,0.004388832010755953,1.0442928357850325,4.388832010755953e-12,0.6482818003458194,-0.6003784067675481,0.530814536179793
lag,0.01,0.008,8e-12,0.005,1,180,0.019591694229488015,0.004320964270339579,1.0434812518708603,4.320964270339579e-12,0.6725206196275402,-0.6159629536048704,0.5734071308516434
lag,0.01,0.008,8e-12,0.005,1,180,0.019279297524408018,0.004355455060245645,1.0438769190619426,4.355455060245645e-12,0.6564467600685507,-0.6080124453886075,0.5426204476379866
lag,0.01,0.008,8e-12,0.005,1,180,0.01927080675369126,0.004350934863427011,1.0442418154014697,4.350934863427011e-12,0.6560062543416244,-0.60905080853668625,0.5405292289210301
lag,0.01,0.008,8e-12,0.005,1,180,0.01908700983441254,0.004407589069082286,1.0447747812192296,4.407589069082286e-12,0.6464228972949736,-0.5961136980672432,0.5306755213999119
lag,0.01,0.008,8e-12,0.005,1,180,0.019709586598475635,0.004279908050192607,1.042939832561311,4.279908050192607e-12,0.678520053748472,-0.6255100159167647,0.5784787222942139
lag,0.01,0.008,8e-12,0.005,1,180,0.019244345162998135,0.004364726753853732,1.0434724407359781,4.3647267538537326e-12,0.6546321668181526,-0.6058859536939152,0.5404128465178535
lag,0.01,0.008,8e-12,0.005,1,180,0.01940043461136797,0.004336335724193478,1.041705576424099,4.336335724193478e-12,0.6627103754721347,-0.6124118533734267,0.5532420384362017
lag,0.01,0.008,8e-12,0.005,1,180,0.019260667153491187,0.0043496241924267315,1.0427059482506043,4.349624192426731e-12,0.6554799521057666,-0.609352092856873,0.5389706341760343
lag,0.01,0.008,8e-12,0.005,1,180,0.01923539997361145,0.004354850032449177,1.041823278267216,4.354850032449177e-12,0.6541672370471231,-0.6081513676860476,0.537038229041772
lag,0.01,0.008,8e-12,0.005,1,180,0.01899909283594994,0.004398128884028518,1.0438825682399178,4.3981288840285186e-12,0.6418061395562243,-0.5982623448314702,0.5176251668263222
lag,0.01,0.008,8e-12,0.005,1,180,0.019443961870683802,0.00432226627939075,1.0421111225990338,4.3222662793907504e-12,0.6649514852061565,-0.615661675268367,0.5553895966964244
lag,0.01,0.008,8e-12,0.005,1,180,0.019869342305766608,0.0042439618954410036,1.041039974561671,4.243961895441004e-12,0.6865928631611028,-0.6339442994224577,0.5898541464926018
lag,0.01,0.008,8e-12,0.005,1,180,0.01931488383194995,0.004326639674530715,1.041669982477809,4.326639674530716e-12,0.6582908887105624,-0.6146503576436846,0.5403952375181094
lag,0.01,0.008,8e-12,0.005,1,180,0.019423322609578374,0.0043261011674855234,1.0430825279993652,4.326101167485523e-12,0.6638894473858468,-0.6147748285034315,0.5537171750842868
lag,0.01,0.008,8e-12,0.005,1,180,0.019187393187583817,0.0043751030035214964,1.0442891934421996,4.375103003521497e-12,0.6516683655669997,-0.6035114784853496,0.5357252767750437
lag,0.01,0.008,8e-12,0.005,1,180,0.018923977222341213,0.004409976940395185,1.0432975042498158,4.409976940395185e-12,0.63784466113543,-0.5955720811700846,0.5110010944002257
lag,0.01,0.008,8e-12,0.005,1,180,0.018811972072201713,0.004441946747074964,1.0440459058821603,4.441946747074964e-12,0.6319083865140686,-0.5883488047812719,0.5043357321717405
lag,0.01,0.008,8e-12,0.005,1,180,0.019451942805977496,0.0043292166676220396,1.0427257142048845,4.32921666762204e-12,0.6653618592788022,-0.6140549242017241,0.5579859837394854
lag,0.01,0.008,8e-12,0.005,1,180,0.019493404743695226,0.00431384077844879,1.0414258487825814,4.31384077844879e-12,0.6674910970949163,-0.6176129024958025,0.5595692857224056
lag,0.01,0.008,8e-12,0.005,1,180,0.018695642189262875,0.004450130526760513,1.0441649896863137,4.450130526760513e-12,0.6257053657015866,-0.5865081140755625,0.4917515173930339
lag,0.01,0.008,8e-12,0.005,1,180,0.019343474365369446,0.004364578210962819,1.0435319035974913,4.364578210962819e-12,0.6597700275030697,-0.605919986848107,0.5526708344577044
lag,0.01,0.008,8e-12,0.005,1,180,0.018433626524180572,0.004515354097143966,1.0448931253271636,4.515354097143966e-12,0.6115914322105601,-0.5719579310546673,0.47381175794372365
lag,0.01,0.008,8e-12,0.005,1,180,0.019389237226722728,0.004349929420945584,1.043070566596705,4.3499294209455834e-12,0.6621330369989964,-0.6092819217808518,0.5549834943327663
lag,0.01,0.008,8e-12,0.005,1,180,0.019250831419851122,0.0043692435009920335,1.042757121114153,4.369243500992033e-12,0.6549691574486753,-0.6048516594590683,0.5422514366024709
lag,0.01,0.008,8e-12,0.005,1,180,0.01896330447642432,0.004387753347949206,1.0425058592531173,4.387753347949206e-12,0.6399206753779028,-0.6006242114325954,0.5108255436440204
lag,0.01,0.008,8e-12,0.005,1,180,0.019222603151362372,0.004358015001113253,1.0418244395469438,4.358015001113253e-12,0.6535017410940552,-0.6074248629620349,0.5361779278068992
lag,0.01,0.008,8e-12,0.005,1,180,0.018903228074484975,0.0044492642230623105,1.0465970416004946,4.449264223062311e-12,0.6367476120791006,-0.5867028023044347,0.5172974789317022
lag,0.01,0.008,8e-12,0.005,1,180,0.019484464842383448,0.004305425167905263,1.0407792005674477,4.305425167905264e-12,0.6670323803121122,-0.6195656472585499,0.5565079931969975
lag,0.02,0.002,2e-12,0.005,1,60,0.03155220383070745,8.928565275216309e-4,1.0100061555388988,8.928565275216309e-13,0.4559111649970992,-0.8064765550429593,0.6259967199647642
lag,0.02,0.002,2e-12,0.005,1,60,0.030686665669800172,9.263351822282464e-4,1.0108413476094416,9.263351822282464e-13,0.4280959436816641,-0.7696663225413826,0.5554802205138388
lag,0.02,0.002,2e-12,0.005,1,60,0.03244294204896608,8.667717803880934e-4,1.008513428741368,8.667717803880933e-13,0.4837506435959329,-0.8361267464918727,0.7067980675799208
lag,0.02,0.002,2e-12,0.005,1,60,0.03167048082605682,8.941674049155241e-4,1.009256097936258,8.941674049155242e-13,0.4596527692639024,-0.8050094480778798,0.642130174353166
lag,0.02,0.002,2e-12,0.005,1,60,0.03524454095738668,7.833412442023663e-4,1.0076495239288197,7.833412442023663e-13,0.5665783772541232,-0.9373340421412376,0.9529890365747108
lag,0.02,0.002,2e-12,0.005,1,60,0.03063233365195827,9.03412804242169e-4,1.0080361051270066,9.03412804242169e-13,0.42632383282984176,-0.7947228630302015,0.523686509812624
lag,0.02,0.002,2e-12,0.005,1,60,0.031390236519471,8.916239561807258e-4,1.0084143032101995,8.916239561807258e-13,0.4507646321383527,-0.8078579896377092,0.6045313387766951
lag,0.02,0.002,2e-12,0.005,1,60,0.030633892129251324,9.183525224141154e-4,1.0101594876104742,9.183525224141155e-13,0.4263747084068345,-0.7783211312907253,0.5402814927364389
lag,0.02,0.002,2e-12,0.005,1,60,0.03266883203932018,8.692658052651207e-4,1.009503053040791,8.692658052651207e-13,0.4906892011695552,-0.833253506173316,0.7376816667023864
lag,0.02,0.002,2e-12,0.005,1,60,0.03104626721141912,8.906879609943638e-4,1.0078422338097341,8.906879609943637e-13,0.43974630896481287,-0.8089083055373995,0.5608288286785715
lag,0.02,0.002,2e-12,0.005,1,60,0.030758789046917895,9.364084062423343e-4,1.0107935459359902,9.364084062423342e-13,0.4304435025230165,-0.7588507467738933,0.5752390950439256
lag,0.02,0.002,2e-12,0.005,1,60,0.02940688479233171,9.673216965104729e-4,1.0106388229816048,9.673216965104729e-13,0.38549654998550453,-0.7263713446346205,0.4400823696145113
lag,0.02,0.002,2e-12,0.005,1,60,0.03225172393699224,8.947917163355324e-4,1.0103884265826022,8.947917163355323e-13,0.47783922366971293,-0.8043114875287131,0.7149022806583242
lag,0.02,0.002,2e-12,0.005,1,60,0.032141967676937076,8.572488270784844e-4,1.0082179832296836,8.572488270784844e-13,0.47443030693916266,-0.8471742364373939,0.6584297555028035
lag,0.02,0.002,2e-12,0.005,1,60,0.03155938293268622,8.945813124245487e-4,1.0101478516675846,8.945813124245487e-13,0.4561386700362816,-0.8045466580700945,0.6288168255829963
lag,0.02,0.002,2e-12,0.005,1,60,0.030373643957257026,9.377340277789873e-4,1.0107089782142322,9.377340277789874e-13,0.41784298372769135,-0.7574361032188888,0.5288957474809823
lag,0.02,0.002,2e-12,0.005,1,60,0.02978642845858551,9.622880606100022e-4,1.0104952214154808,9.622880606100022e-13,0.3983205953689592,-0.73158861439584,0.48192851446876317
lag,0.02,0.002,2e-12,0.005,1,60,0.03308125286737638,8.344542122860359e-4,1.0081020928664755,8.344542122860358e-13,0.5032344697469503,-0.8741245863864602,0.7479507691682106
lag,0.02,0.002,2e-12,0.005,1,60,0.03463730747748002,7.904033200835125e-4,1.0064961964955508,7.904033200835125e-13,0.5491990784090495,-0.9283591126067297,0.8866670146007927
lag,0.02,0.002,2e-12,0.005,1,60,0.031627472159277685,8.654391229740175e-4,1.0079597089480385,8.654391229740176e-13,0.45829384148285013,-0.8376654248068687,0.6041411229435643
lag,0.02,0.002,2e-12,0.005,1,60,0.034349744799394476,8.0155160321032e-4,1.0073706031600749,8.015516032103199e-13,0.5408623156659387,-0.9143531062707668,0.865015248854148
lag,0.02,0.002,2e-12,0.005,1,60,0.032511230346875704,8.574275722933324e-4,1.0087687100255123,8.574275722933324e-13,0.48585330522798537,-0.8469657478671179,0.7044268151454695
lag,0.02,0.002,2e-12,0.005,1,60,0.03063741507491394,9.224770156622534e-4,1.010618014910063,9.224770156622533e-13,0.4264897033637646,-0.7738399992090607,0.5451994700802679
lag,0.02,0.002,2e-12,0.005,1,60,0.03089514187762181,9.143774146261669e-4,1.0102433156596673,9.14377414626167e-13,0.4348666772002867,-0.7826590470316951,0.5683385457934093
lag,0.02,0.002,2e-12,0.005,1,60,0.031827168981895484,8.653667090749525e-4,1.0080007216600844,8.653667090749525e-13,0.4645880219652717,-0.8377491013207403,0.6288198524342996
lag,0.02,0.002,2e-12,0.005,1,60,0.030854225920246822,9.131578157477822e-4,1.009227143395498,9.131578157477822e-13,0.43354145024421287,-0.783993739834509,0.5619302742760969
lag,0.02,0.002,2e-12,0.005,1,60,0.03237155250934588,8.761514063654992e-4,1.0091244238352257,8.761514063654992e-13,0.48154775459784255,-0.825363545223732,0.7087089659351573
lag,0.02,0.002,2e-12,0.005,1,60,0.03318324777239754,8.408469999886701e-4,1.0083860057156635,8.408469999886702e-13,0.5063128898537671,-0.8664927424114416,0.7682299813658534
lag,0.02,0.002,2e-12,0.005,1,60,0.031338534795145555,9.064425040216516e-4,1.0091627354180714,9.064425040216516e-13,0.44911621037113725,-0.7913748576999678,0.6146034568980808
lag,0.02,0.002,2e-12,0.005,1,60,0.032273396097171815,8.889588788527642e-4,1.0106402640349397,8.889588788527643e-13,0.47851096704603047,-0.8108514806066984,0.7110496354426066
lag,0.02,0.002,2e-12,0.005,1,120,0.02109469769284494,0.0013524154359839708,1.016780812328075,1.3524154359839708e-12,0.05328944117039238,-0.3912549750024361,-0.2555124610896636
lag,0.02,0.002,2e-12,0.005,1,120,0.020990621465954006,0.001363397418556759,1.0188637059201404,1.363397418556759e-12,0.048343467556020606,-0.38316749400175365,-0.26033043222345703
lag,0.02,0.002,2e-12,0.005,1,120,0.02089338597034463,0.0013734433302332563,1.01856659323964,1.3734433302332562e-12,0.04370037458344391,-0.37582621424399865,-0.2650463539212644
lag,0.02,0.002,2e-12,0.005,1,120,0.021002572418781864,0.0013552652490472028,1.0167524375613184,1.3552652490472029e-12,0.04891265279986313,-0.38914998963154546,-0.2648310097025944
lag,0.02,0.002,2e-12,0.005,1,120,0.0210375188491222,0.0013636146147160155,1.0184167674510958,1.3636146147160156e-12,0.05057518193982013,-0.383008201591551,-0.25435586430039814
lag,0.02,0.002,2e-12,0.005,1,120,0.020837562174083262,0.0013765039644955766,1.0179512244460382,1.3765039644955766e-12,0.04102495827771471,-0.37360025483601506,-0.2697425452496906
lag,0.02,0.002,2e-12,0.005,1,120,0.021498088654535254,0.0013085480935748222,1.015393778791405,1.3085480935748223e-12,0.07223175783874773,-0.4242289835092067,-0.2384659903468352
lag,0.02,0.002,2e-12,0.005,1,120,0.021025318482569378,0.0013621683742667415,1.0185902135034801,1.3621683742667415e-12,0.04999507999383161,-0.3840693576636459,-0.25692986582504307
lag,0.02,0.002,2e-12,0.005,1,120,0.020858962272959514,0.0013793414865291274,1.0192123165953864,1.3793414865291274e-12,0.04205142755970151,-0.3715409789537389,-0.2650296571067592
lag,0.02,0.002,2e-12,0.005,1,120,0.02074457544026265,0.001384741098578147,1.0191184141152458,1.384741098578147e-12,0.03655251437970253,-0.36763399082923964,-0.27530663623667107
lag,0.02,0.002,2e-12,0.005,1,120,0.021018827748525162,0.0013562015127530022,1.0167819027791645,1.3562015127530022e-12,0.04968632195364662,-0.38845939385792194,-0.26212475304080185
lag,0.02,0.002,2e-12,0.005,1,120,0.021145960088418018,0.0013454619361649932,1.0172041018754994,1.3454619361649932e-12,0.055716601325167744,-0.3964097795077305,-0.25431072854389636
lag,0.02,0.002,2e-12,0.005,1,120,0.021101897367041628,0.0013523594820625021,1.0168927939045975,1.3523594820625022e-12,0.0536306854938423,-0.39129634918193124,-0.25466107566876944
lag,0.02,0.002,2e-12,0.005,1,120,0.02116180970666942,0.001347841021851443,1.0174723068400031,1.347841021851443e-12,0.05646585466892187,-0.39464311133684965,-0.2505787077098415
lag,0.02,0.002,2e-12,0.005,1,120,0.0212651935983488,0.001338351294236815,1.0171663521081034,1.338351294236815e-12,0.06133935919428325,-0.40170870156808824,-0.2448246953728372
lag,0.02,0.002,2e-12,0.005,1,120,0.021033017390679008,0.0013524416275386524,1.016225088232139,1.3524416275386524e-12,0.05036118616687769,-0.39123560868912083,-0.2631414522449239
lag,0.02,0.002,2e-12,0.005,1,120,0.021220833526217096,0.0013429184786177694,1.0182878933423387,1.3429184786177694e-12,0.0592511390779808,-0.39830196581597344,-0.24691860856505363
lag,0.02,0.002,2e-12,0.005,1,120,0.021616704660874137,0.0012988273857168387,1.0148701676334884,1.2988273857168387e-12,0.07773410617369432,-0.43168533413620996,-0.231213956187817
lag,0.02,0.002,2e-12,0.005,1,120,0.021393406043274058,0.0013233015223788574,1.0172262592031722,1.3233015223788574e-12,0.06735047217340712,-0.4130174133225272,-0.24023506395654406
lag,0.02,0.002,2e-12,0.005,1,120,0.021072417669332662,0.001352038852339818,1.0172434423208212,1.352038852339818e-12,0.05223269230842768,-0.39153346641433573,-0.25855367541708574
lag,0.02,0.002,2e-12,0.005,1,120,0.021087587126532543,0.0013475264728966872,1.0171973018753593,1.3475264728966873e-12,0.052952305976782243,-0.3948765110174473,-0.2600157073274121
lag,0.02,0.002,2e-12,0.005,1,120,0.021151760906626522,0.0013461903410785698,1.0169104873198325,1.3461903410785699e-12,0.05599088646906712,-0.39586854694398804,-0.2530501945222993
lag,0.02,0.002,2e-12,0.005,1,120,0.021077495481062282,0.0013577185445747576,1.0184314559163778,1.3577185445747576e-12,0.052473632864393625,-0.38734143021292555,-0.25373199056120266
lag,0.02,0.002,2e-12,0.005,1,120,0.021498835775393108,0.0013092080096518916,1.0152451750182054,1.3092080096518916e-12,0.07226651013174692,-0.4237247989595191,-0.23786916281077372
lag,0.02,0.002,2e-12,0.005,1,120,0.02141527395074981,0.0013205796815624069,1.0154851348165976,1.320579681562407e-12,0.0683721299017427,-0.4150763876621975,-0.239582417769221
lag,0.02,0.002,2e-12,0.005,1,120,0.021170192285687083,0.0013450139997961232,1.0173126987031487,1.3450139997961232e-12,0.056861894484319414,-0.3967427587899619,-0.25163891536476374
lag,0.02,0.002,2e-12,0.005,1,120,0.02145772555631653,0.001318959247482324,1.0161556270389118,1.3189592474823242e-12,0.07035247277154659,-0.41630420382798566,-0.2355462348447358
lag,0.02,0.002,2e-12,0.005,1,120,0.021362138226516933,0.0013293000008513655,1.0171674214203454,1.3293000008513655e-12,0.0658878397655923,-0.40849469202806743,-0.23958955193996778
lag,0.02,0.002,2e-12,0.005,1,120,0.021647579206270313,0.0012967164465028582,1.0158885299844724,1.2967164465028582e-12,0.07916135968987761,-0.43331192171543015,-0.22901210013791135
lag,0.02,0.002,2e-12,0.005,1,120,0.021252978735317018,0.0013379908211189995,1.0168044740853275,1.3379908211189995e-12,0.06076478777235267,-0.40197807902766414,-0.24660871584835398
lag,0.02,0.002,2e-12,0.005,1,180,0.021092125015521695,0.0013554872491565416,1.0180435754559685,1.3554872491565417e-12,0.053167475250170286,-0.3889861973930566,-0.2535626954683665
lag,0.02,0.002,2e-12,0.005,1,180,0.021537653753197723,0.00131418566546993,1.0167677133602016,1.31418566546993e-12,0.07407046713459733,-0.4199299725568166,-0.22926090716029895
lag,0.02,0.002,2e-12,0.005,1,180,0.021210814114410205,0.0013401640849836321,1.017342581421555,1.3401640849836321e-12,0.05877887780366176,-0.4003551226133734,-0.25021417242650806
lag,0.02,0.002,2e-12,0.005,1,180,0.02123981391383462,0.0013391168015369293,1.0167226997118615,1.3391168015369293e-12,0.06014516166247079,-0.4011368872318645,-0.24739996191637184
lag,0.02,0.002,2e-12,0.005,1,180,0.02097066660009211,0.001365394602381311,1.017362106462516,1.3653946023813111e-12,0.04739235912794933,-0.3817037077066924,-0.26134104929527074
lag,0.02,0.002,2e-12,0.005,1,180,0.02103716252566964,0.001357092411961798,1.0182631757400489,1.357092411961798e-12,0.05055824427370251,-0.38780270183300203,-0.25919454864996655
lag,0.02,0.002,2e-12,0.005,1,180,0.02125055106168397,0.0013315805625199355,1.0161938488987705,1.3315805625199355e-12,0.060650553794737896,-0.4067805510340115,-0.2517122193851993
lag,0.02,0.002,2e-12,0.005,1,180,0.021320280259187783,0.0013262146051855243,1.0159641392222232,1.3262146051855243e-12,0.06392647102253385,-0.41081845786029136,-0.24710370572100634
lag,0.02,0.002,2e-12,0.005,1,180,0.021265970489180202,0.0013354444205012255,1.0168123726844618,1.3354444205012255e-12,0.061375891974335635,-0.4038830448545397,-0.2469027041961947
lag,0.02,0.002,2e-12,0.005,1,180,0.021055281932919535,0.001354886626823665,1.0179413620195739,1.354886626823665e-12,0.05141917827751914,-0.3894293999696686,-0.25857444028764626
lag,0.02,0.002,2e-12,0.005,1,180,0.021364527559263033,0.0013195737976108642,1.0160498644944709,1.3195737976108643e-12,0.06599968246170015,-0.4158383766966593,-0.24663695934804325
lag,0.02,0.002,2e-12,0.005,1,180,0.021269902087152327,0.0013386999530811967,1.0169432903353024,1.3386999530811966e-12,0.06156075231668632,-0.40144822179826506,-0.24398036299137654
lag,0.02,0.002,2e-12,0.005,1,180,0.021247925407802987,0.0013394738436107122,1.0172969762064734,1.339473843610712e-12,0.06052698918242954,-0.4008702977277578,-0.24612754716018748
lag,0.02,0.002,2e-12,0.005,1,180,0.02117613852539434,0.001347618837488208,1.0178010353465554,1.347618837488208e-12,0.05714273297173722,-0.39480796956166675,-0.24896679241276867
lag,0.02,0.002,2e-12,0.005,1,180,0.021205119105058016,0.0013461618627133949,1.0167660936641194,1.3461618627133949e-12,0.058510346195176526,-0.39588970195122364,-0.24645493292402973
lag,0.02,0.002,2e-12,0.005,1,180,0.021195543400190312,0.0013449746115105615,1.0173176524972984,1.3449746115105614e-12,0.05805866905313587,-0.39677204388462667,-0.248524662261028
lag,0.02,0.002,2e-12,0.005,1,180,0.021199599631530723,0.0013446768378002334,1.0179559175944997,1.3446768378002335e-12,0.05825002264049149,-0.3969934656689407,-0.24824311135913113
lag,0.02,0.002,2e-12,0.005,1,180,0.021061797147233968,0.0013548886135091056,1.0175694049506303,1.3548886135091055e-12,0.0517285641375406,-0.38942793365954,-0.25776508740252796
lag,0.02,0.002,2e-12,0.005,1,180,0.021257733652593622,0.0013332688769390716,1.015731113749511,1.3332688769390715e-12,0.06098849220021745,-0.4055134515723872,-0.2495544786507781
lag,0.02,0.002,2e-12,0.005,1,180,0.021340728938307723,0.0013271605144259927,1.017023380462433,1.3271605144259926e-12,0.0648851300449376,-0.41010547214368626,-0.24385508379352866
lag,0.02,0.002,2e-12,0.005,1,180,0.02109908921850087,0.0013476436002534346,1.016003313479549,1.3476436002534345e-12,0.05349760099643576,-0.39478959453081225,-0.2585025314367042
lag,0.02,0.002,2e-12,0.005,1,180,0.02116922149143965,0.0013449919662913,1.0166538198163062,1.3449919662913e-12,0.056816036775815704,-0.39675914054160233,-0.2517756756030856
lag,0.02,0.002,2e-12,0.005,1,180,0.021468799666843515,0.0013137371670642886,1.0160442264724645,1.3137371670642885e-12,0.07086842931427086,-0.4202713055704374,-0.23814014688184165
lag,0.02,0.002,2e-12,0.005,1,180,0.021313508410987458,0.0013312262558402709,1.0169692430480066,1.3312262558402708e-12,0.06360879584195514,-0.40704666623193925,-0.24417162326949454
lag,0.02,0.002,2e-12,0.005,1,180,0.020993595561774422,0.0013599086962121205,1.0176771005268492,1.3599086962121205e-12,0.048485144406796424,-0.3857296182037956,-0.26252376854376724
lag,0.02,0.002,2e-12,0.005,1,180,0.021319539086579457,0.0013318609864814918,1.0170295536572913,1.3318609864814918e-12,0.0638917066816068,-0.4065699783914861,-0.24294713165563347
lag,0.02,0.002,2e-12,0.005,1,180,0.021033853675340487,0.0013517678426570954,1.0170393495008252,1.3517678426570955e-12,0.05040094594175033,-0.3917339316947358,-0.2635360759525155
lag,0.02,0.002,2e-12,0.005,1,180,0.021258553089996617,0.0013343849912473803,1.0164062001104772,1.3343849912473803e-12,0.06102703918848373,-0.4046766755672661,-0.24861609240768562
lag,0.02,0.002,2e-12,0.005,1,180,0.021145695927005853,0.0013420185829790792,1.0164542288324347,1.3420185829790793e-12,0.05570410895967279,-0.3989722948789955,-0.25690599993026975
lag,0.02,0.002,2e-12,0.005,1,180,0.021187976242807816,0.0013406126139807128,1.017310442601499,1.3406126139807128e-12,0.05770158887071405,-0.4000204964571261,-0.2527114423489569
lag,0.02,0.005,5e-12,0.005,1,60,0.03191687714926537,0.0022137155463020633,1.0242827490358666,2.2137155463020635e-12,0.46740266057196,-0.8147655659402216,0.6629272005686838
lag,0.02,0.005,5e-12,0.005,1,60,0.03211480480335153,0.002212659969983675,1.0246843958040743,2.212659969983675e-12,0.473584859085029,-0.8152425143303954,0.686993281285194
lag,0.02,0.005,5e-12,0.005,1,60,0.03253223922327156,0.0021442245653125656,1.0217381451177519,2.1442245653125657e-12,0.48649930019920373,-0.8466599334266842,0.7073377302589889
lag,0.02,0.005,5e-12,0.005,1,60,0.03181950913302626,0.0022212101314549536,1.0234091138325974,2.2212101314549536e-12,0.46434732287042274,-0.8113857608062822,0.6542333716889739
lag,0.02,0.005,5e-12,0.005,1,60,0.03080084503338578,0.002294956707671634,1.0252215929338333,2.294956707671634e-12,0.43180985219806256,-0.7787239328591515,0.5605808512806851
lag,0.02,0.005,5e-12,0.005,1,60,0.03263160436897304,0.0021322655255961334,1.02137069960204,2.1322655255961335e-12,0.4895490043675762,-0.852252870922794,0.7140660708298631
lag,0.02,0.005,5e-12,0.005,1,60,0.03195751012975833,0.0022184595640977883,1.024040714518125,2.218459564097788e-12,0.4686749384819299,-0.812624847449075,0.6701064086409579
lag,0.02,0.005,5e-12,0.005,1,60,0.03264604361625189,0.002150814274397986,1.0227152758480247,2.150814274397986e-12,0.48999139921359175,-0.843591409717362,0.7245179986978723
lag,0.02,0.005,5e-12,0.005,1,60,0.032297961783783934,0.00217828911674402,1.022405352560439,2.17828911674402e-12,0.4792718520143346,-0.8308981525897958,0.6940491085994118
lag,0.02,0.005,5e-12,0.005,1,60,0.032181658794078416,0.002170354851475219,1.0215764119145332,2.170354851475219e-12,0.4756644140427712,-0.8345472322252087,0.675978458240515
lag,0.02,0.005,5e-12,0.005,1,60,0.032662640069119085,0.0021270095181076935,1.0219163450444249,2.1270095181076936e-12,0.49049964566070775,-0.8547209013281784,0.7154464672425881
lag,0.02,0.005,5e-12,0.005,1,60,0.032340698953087194,0.002185063721922215,1.023526269098335,2.185063721922215e-12,0.480594193010993,-0.8277929209606611,0.7024537492221508
lag,0.02,0.005,5e-12,0.005,1,60,0.033375575142679505,0.002084453253886264,1.0219207489727447,2.084453253886264e-12,0.5120920757574015,-0.8749313199231135,0.7836399977691451
lag,0.02,0.005,5e-12,0.005,1,60,0.03225975625826294,0.0021819211891309083,1.0230701308965766,2.181921189130908e-12,0.47808824357401214,-0.8292321443139623,0.6909776317106422
lag,0.02,0.005,5e-12,0.005,1,60,0.032374992167165405,0.0021555784402828952,1.021217378076899,2.155578440282895e-12,0.48165400452484464,-0.841378807131308,0.6931202215972021
lag,0.02,0.005,5e-12,0.005,1,60,0.03276856339728742,0.0021296516259011254,1.021109934909515,2.1296516259011253e-12,0.49373734923597895,-0.8534795020044585,0.7298223592591813
lag,0.02,0.005,5e-12,0.005,1,60,0.031793948583361924,0.0022104556968812793,1.0237549704779352,2.2104556968812793e-12,0.46354370200284173,-0.8162392204764227,0.6462104038604558
lag,0.02,0.005,5e-12,0.005,1,60,0.032239132731181945,0.0021662254205579473,1.0223108212604266,2.166225420557947e-12,0.47744874332503195,-0.8364516969906914,0.6812007616758697
lag,0.02,0.005,5e-12,0.005,1,60,0.03192748957923849,0.0022121470108013527,1.0238692090730541,2.2121470108013526e-12,0.4677351074459651,-0.8154743704031451,0.6635343374224272
lag,0.02,0.005,5e-12,0.005,1,60,0.033921306992368463,0.002035787700868335,1.0191913274523938,2.035787700868335e-12,0.528311068242024,-0.8985550918405842,0.8276869752131051
lag,0.02,0.005,5e-12,0.005,1,60,0.03213612013799485,0.0021795127547711334,1.0232182395673763,2.179512754771133e-12,0.4742483619200391,-0.8303365676002302,0.6745423295111309
lag,0.02,0.005,5e-12,0.005,1,60,0.03192974557921647,0.002194782088380938,1.0222862841793614,2.194782088380938e-12,0.4678057650612947,-0.8233551471992274,0.6559333046236148
lag,0.02,0.005,5e-12,0.005,1,60,0.03283735688162438,0.0021259638569424803,1.0205471052658326,2.12596385694248e-12,0.49583452306596565,-0.8552126331562766,0.7366196201651467
lag,0.02,0.005,5e-12,0.005,1,60,0.03161612060659219,0.0022257917828970883,1.0226616988918389,2.2257917828970882e-12,0.45793486273698975,-0.8093252026363158,0.6310737525811159
lag,0.02,0.005,5e-12,0.005,1,60,0.030965201192742185,0.0022789128789426293,1.0228812885377385,2.2789128789426292e-12,0.4371317582391842,-0.7857393906578872,0.5739455572421436
lag,0.02,0.005,5e-12,0.005,1,60,0.031719193765432016,0.002213217769816462,1.023601751954847,2.213217769816462e-12,0.46118970565861195,-0.8149904514093056,0.6381895755042644
lag,0.02,0.005,5e-12,0.005,1,60,0.030855187988824525,0.002299573878892239,1.0249986258630828,2.299573878892239e-12,0.43357263085400444,-0.7767140767104642,0.5693292339037769
lag,0.02,0.005,5e-12,0.005,1,60,0.0325327034265885,0.0021511407339505654,1.0226048828768806,2.1511407339505652e-12,0.4865135691218536,-0.843439637068614,0.7106155878283594
lag,0.02,0.005,5e-12,0.005,1,60,0.03286386274918913,0.0021436362720797706,1.022234014820695,2.1436362720797707e-12,0.49664138385642537,-0.8469343328341259,0.748184648065326
lag,0.02,0.005,5e-12,0.005,1,60,0.032058693136006025,0.002179213429343622,1.0210644849052637,2.179213429343622e-12,0.4718361097275221,-0.8304739129691927,0.6648040358955543
lag,0.02,0.005,5e-12,0.005,1,120,0.024961667043129642,0.002814497737823436,1.032032689320098,2.814497737823436e-12,0.22160905630390226,-0.574654090270363,0.04059262307771261
lag,0.02,0.005,5e-12,0.005,1,120,0.025436749563118234,0.0027347695490248115,1.0296297132315282,2.7347695490248116e-12,0.24046268800945644,-0.6033907400645904,0.0707662057620706
lag,0.02,0.005,5e-12,0.005,1,120,0.025460057473648004,0.0027412116223948773,1.0300871640961118,2.7412116223948774e-12,0.2413785769823053,-0.6010378918204894,0.07600923491186307
lag,0.02,0.005,5e-12,0.005,1,120,0.025123253440051122,0.0027881801453892604,1.032059044886409,2.7881801453892606e-12,0.2280615755851455,-0.5840488070646954,0.05123461950164365
lag,0.02,0.005,5e-12,0.005,1,120,0.025073440090600814,0.002783647450205226,1.0308229202684107,2.7836474502052263e-12,0.22607684861217442,-0.5856758122460869,0.043430758988413976
lag,0.02,0.005,5e-12,0.005,1,120,0.02579176167035522,0.0026834268202631743,1.028341211942687,2.6834268202631742e-12,0.2543228522791472,-0.6223432704290013,0.09583517669504582
lag,0.02,0.005,5e-12,0.005,1,120,0.025341357008077933,0.0027654531314235172,1.0314967830850534,2.7654531314235174e-12,0.2367054519208477,-0.5922334097210247,0.07009485928063897
lag,0.02,0.005,5e-12,0.005,1,120,0.025232538482027916,0.002758985784479852,1.02985429910476,2.758985784479852e-12,0.23240209767343148,-0.5945747696298213,0.054260002141640284
lag,0.02,0.005,5e-12,0.005,1,120,0.024688377308404428,0.0028461780917750103,1.0328476774673865,2.8461780917750104e-12,0.21060030501890573,-0.5634608385559365,0.017897947686212445
lag,0.02,0.005,5e-12,0.005,1,120,0.025317046864593736,0.002751515391952096,1.0297356287815258,2.7515153919520962e-12,0.2357456843998886,-0.5972861009098657,0.06202771029975762
lag,0.02,0.005,5e-12,0.005,1,120,0.025211757168086515,0.0027785538934020303,1.0311932095971394,2.77855389340203e-12,0.2315781664499219,-0.587507302302753,0.05875058653997467
lag,0.02,0.005,5e-12,0.005,1,120,0.0246137949111941,0.002854650433765567,1.0337908376365397,2.854650433765567e-12,0.20757478096001492,-0.5604885168345776,0.01162205215349088
lag,0.02,0.005,5e-12,0.005,1,120,0.02494556530391692,0.0028054642667658504,1.0313622514353729,2.8054642667658505e-12,0.22096378951533566,-0.5778688731568508,0.035381224528847066
lag,0.02,0.005,5e-12,0.005,1,120,0.02556750752628927,0.002727879893729849,1.0304736389532745,2.7278798937298492e-12,0.24559003451338215,-0.60591320064724,0.08445773261262934
lag,0.02,0.005,5e-12,0.005,1,120,0.025097701658138023,0.002778087286198206,1.0305361564408022,2.778087286198206e-12,0.2270440009863368,-0.5876752480778498,0.044439757531265056
lag,0.02,0.005,5e-12,0.005,1,120,0.025632500746096288,0.002724795681784945,1.029886093114366,2.7247956817849447e-12,0.24812883311555126,-0.6070444662914589,0.09138562622448076
lag,0.02,0.005,5e-12,0.005,1,120,0.02514535692877989,0.0027849869610687096,1.0304707921797045,2.7849869610687094e-12,0.2289409907904241,-0.5851947209082871,0.05282953826041936
lag,0.02,0.005,5e-12,0.005,1,120,0.02576735357161942,0.0026765241655215253,1.027799944127165,2.676524165521525e-12,0.2533760516816352,-0.6249189128466036,0.09023293003420463
lag,0.02,0.005,5e-12,0.005,1,120,0.025022408951748763,0.002790171826497391,1.0305534257807545,2.790171826497391e-12,0.22403950789516608,-0.5833347319389955,0.03944397807785094
lag,0.02,0.005,5e-12,0.005,1,120,0.025374897111634577,0.0027594350567020846,1.0307080515320255,2.7594350567020845e-12,0.23802810908583177,-0.5944119432575111,0.07207529858517636
lag,0.02,0.005,5e-12,0.005,1,120,0.024885914852522242,0.002812297968858969,1.0303811003618832,2.812297968858969e-12,0.21856970129243952,-0.5754359807782854,0.030417460934472618
lag,0.02,0.005,5e-12,0.005,1,120,0.025136295617915888,0.0027889102215751475,1.0308705532865237,2.7889102215751473e-12,0.22858056862833698,-0.5837869944914647,0.05311366213010538
lag,0.02,0.005,5e-12,0.005,1,120,0.024881014178644648,0.0028100275469492234,1.0303087793729069,2.8100275469492235e-12,0.21837275629346778,-0.5762436259517197,0.029002132200216524
lag,0.02,0.005,5e-12,0.005,1,120,0.025516274853101456,0.0027294920369257186,1.02855289011513,2.7294920369257184e-12,0.243584204561928,-0.6053223876100313,0.07869569417454914
lag,0.02,0.005,5e-12,0.005,1,120,0.025261151169534247,0.002764487412441322,1.0314857599352,2.764487412441322e-12,0.23353541515394471,-0.5925826789344463,0.05980006608780031
lag,0.02,0.005,5e-12,0.005,1,120,0.025238673951992502,0.0027832480267470064,1.032569142033243,2.7832480267470062e-12,0.23264522517914898,-0.5858193117820704,0.06377625826499977
lag,0.02,0.005,5e-12,0.005,1,120,0.024855388751780616,0.00281780217479912,1.0306970593878266,2.81780217479912e-12,0.21734230665812293,-0.573480701989878,0.0285875032309183
lag,0.02,0.005,5e-12,0.005,1,120,0.025465713324139834,0.002746006888145132,1.028868817518583,2.746006888145132e-12,0.24160069833369496,-0.5992900966627955,0.07845835553054381
lag,0.02,0.005,5e-12,0.005,1,120,0.025213754762662677,0.0027679697234683225,1.0315013824600598,2.7679697234683226e-12,0.23165739597088147,-0.5913238127918499,0.055181777778322116
lag,0.02,0.005,5e-12,0.005,1,120,0.024835666117458133,0.002829131549882103,1.032288069098593,2.8291315498821027e-12,0.21654849636731535,-0.5694681207072362,0.030154477857572193
lag,0.02,0.005,5e-12,0.005,1,180,0.024894816658195984,0.002825871145793545,1.0320429474294537,2.825871145793545e-12,0.21892734190954083,-0.5706212251796063,0.03633604043669558
lag,0.02,0.005,5e-12,0.005,1,180,0.025311493206989416,0.002755265623738688,1.029797882532297,2.7552656237386882e-12,0.23552629598304928,-0.5959240593267054,0.06270109833998205
lag,0.02,0.005,5e-12,0.005,1,180,0.02487731977723984,0.0028304565252762932,1.0342195342470173,2.8304565252762933e-12,0.2182242625189427,-0.5689998974369906,0.03578775494074948
lag,0.02,0.005,5e-12,0.005,1,180,0.025309772526133322,0.0027489608023141014,1.0299710022637805,2.7489608023141013e-12,0.23545831345310503,-0.5982149622416643,0.060196830998867634
lag,0.02,0.005,5e-12,0.005,1,180,0.025335810552355603,0.0027622011093056493,1.0313976061943513,2.7622011093056493e-12,0.23648655824499795,-0.5934100471702708,0.06823046132182387
lag,0.02,0.005,5e-12,0.005,1,180,0.02530705300394722,0.002751180657573555,1.0295236010309157,2.751180657573555e-12,0.23535085818856658,-0.597407762864639,0.0606668096248163
lag,0.02,0.005,5e-12,0.005,1,180,0.024984770116213435,0.0028006404423250347,1.0311779906988752,2.800640442325035e-12,0.22253417032786318,-0.5795897920057255,0.0385217024047404
lag,0.02,0.005,5e-12,0.005,1,180,0.024702992057171278,0.002849069099185047,1.0327772208018189,2.849069099185047e-12,0.2111920986614431,-0.5624456033742433,0.02072541171499509
lag,0.02,0.005,5e-12,0.005,1,180,0.02498270433176632,0.002807543994322604,1.030610299180021,2.8075439943226037e-12,0.22245148516231858,-0.5771278346423193,0.040727502496704426
lag,0.02,0.005,5e-12,0.005,1,180,0.025825197335349655,0.0027039616750294364,1.0297338778911087,2.7039616750294363e-12,0.2556183826751659,-0.6147199277896861,0.10760454179367118
lag,0.02,0.005,5e-12,0.005,1,180,0.02517464534592396,0.0027884032563582745,1.031491960887908,2.7884032563582744e-12,0.2301050774012141,-0.5839687899814529,0.05768723291311795
lag,0.02,0.005,5e-12,0.005,1,180,0.025221742945519474,0.0027736515619944456,1.0308155302534674,2.7736515619944457e-12,0.2319741642506281,-0.5892732069404426,0.05822291830397208
lag,0.02,0.005,5e-12,0.005,1,180,0.025113279636769837,0.0027980403520527796,1.0327506898411798,2.79804035205278e-12,0.22766450187000364,-0.580518614546133,0.053528060413326806
lag,0.02,0.005,5e-12,0.005,1,180,0.025339470093126395,0.0027483017276834837,1.029285707594842,2.7483017276834835e-12,0.23663098924688064,-0.5984547450900107,0.06363954645766212
lag,0.02,0.005,5e-12,0.005,1,180,0.025240634009714873,0.0027673653218051363,1.030302346374255,2.7673653218051363e-12,0.23272288304739233,-0.5915421922253059,0.05829642497933829
lag,0.02,0.005,5e-12,0.005,1,180,0.02501823082055003,0.0028001052648746467,1.0310448527374145,2.800105264874647e-12,0.22387251837514976,-0.5797809013615133,0.042479720386690345
lag,0.02,0.005,5e-12,0.005,1,180,0.025106671480705826,0.002793392178258136,1.0312123878205723,2.793392178258136e-12,0.22740133331029355,-0.582181220627911,0.05104604297961146
lag,0.02,0.005,5e-12,0.005,1,180,0.02505931699851509,0.0027825379960573363,1.0306394885003634,2.782537996057336e-12,0.22551342089427598,-0.5860744529932533,0.04128085482261801
lag,0.02,0.005,5e-12,0.005,1,180,0.02459232491929862,0.0028571780750004283,1.0327217227175807,2.8571780750004284e-12,0.20670212555325082,-0.5596034617612404,0.009844828231788227
lag,0.02,0.005,5e-12,0.005,1,180,0.02523846347262537,0.0027682979099111263,1.0305125924423169,2.7682979099111265e-12,0.23263688558709303,-0.5912052540570051,0.058364216548540626
lag,0.02,0.005,5e-12,0.005,1,180,0.025818505979613056,0.0026998097790051395,1.0298850002902131,2.6998097790051397e-12,0.25535924727841725,-0.61625659412601,0.10523814734600889
lag,0.02,0.005,5e-12,0.005,1,180,0.025240338884977582,0.0027819294802154206,1.0316680720668827,2.7819294802154208e-12,0.23271119053354528,-0.5862931678467181,0.06350885389050198
lag,0.02,0.005,5e-12,0.005,1,180,0.02560667283257161,0.0027102313378581135,1.0282482184181532,2.7102313378581133e-12,0.24712070148858437,-0.6124039166625453,0.08282351457633419
lag,0.02,0.005,5e-12,0.005,1,180,0.024900103841929633,0.002821621230406494,1.0328625745939566,2.8216212304064942e-12,0.2191397002665949,-0.5721262882788355,0.03548658812043903
lag,0.02,0.005,5e-12,0.005,1,180,0.024884762335379493,0.0028069179316692707,1.0310497238811402,2.806917931669271e-12,0.21852338819372064,-0.5773508525073189,0.028359677079738188
lag,0.02,0.005,5e-12,0.005,1,180,0.025300838545912818,0.002769334449869383,1.0315066812278653,2.769334449869383e-12,0.2351052657374557,-0.5908308919097846,0.06647308778340477
lag,0.02,0.005,5e-12,0.005,1,180,0.02511969809829597,0.002766807806273538,1.029994722315862,2.766807806273538e-12,0.22792004959384823,-0.5917436732851071,0.04309889090359331
lag,0.02,0.005,5e-12,0.005,1,180,0.02511537465499002,0.0027895813054679315,1.0312243111585735,2.7895813054679315e-12,0.22774792111548972,-0.5835463975871698,0.05076005963159269
lag,0.02,0.005,5e-12,0.005,1,180,0.02527740971287842,0.0027652381693572025,1.0308015998231836,2.7652381693572027e-12,0.23417882658557967,-0.5923111439696862,0.06208766042723779
lag,0.02,0.005,5e-12,0.005,1,180,0.025289985967932076,0.0027515402602935547,1.0295629199367375,2.7515402602935546e-12,0.2346762322812312,-0.5972770628978847,0.05868119712569264
lag,0.02,0.008,8e-12,0.005,1,60,0.0322583369319719,0.0034734520484777883,1.0360650307698964,3.4734520484777884e-12,0.4780442457984708,-0.834292615582499,0.6857411639820166
lag,0.02,0.008,8e-12,0.005,1,60,0.03186641489807414,0.0035551862461275304,1.0374368784705508,3.5551862461275303e-12,0.4658203571159942,-0.8110340898876439,0.6604013574735491
lag,0.02,0.008,8e-12,0.005,1,60,0.03191372967627268,0.0035168433670610777,1.0357433815800394,3.5168433670610776e-12,0.467304041017744,-0.8218777251305337,0.6554247547272783
lag,0.02,0.008,8e-12,0.005,1,60,0.03171742718965865,0.0035713405684284967,1.0390712960610566,3.5713405684284967e-12,0.46113400988707726,-0.80650050701056,0.6464604645071126
lag,0.02,0.008,8e-12,0.005,1,60,0.03216781393814231,0.003494956570280961,1.0363199264853,3.4949565702809608e-12,0.47523411195755155,-0.8281205923141984,0.680688336015448
lag,0.02,0.008,8e-12,0.005,1,60,0.0323536128922247,0.003458273589306679,1.0354686752916515,3.4582735893066788e-12,0.48099342252408855,-0.8386720397616061,0.6931759588742568
lag,0.02,0.008,8e-12,0.005,1,60,0.03159881691699605,0.003588457313934277,1.0392153821476,3.5884573139342774e-12,0.457387407002438,-0.8017191491017545,0.6365341486057557
lag,0.02,0.008,8e-12,0.005,1,60,0.03147473548231578,0.00358299497322884,1.0371206409037845,3.58299497322884e-12,0.4534529022844187,-0.8032425063083689,0.619624693498788
lag,0.02,0.008,8e-12,0.005,1,60,0.03212717533161554,0.0034982818501870902,1.0364907651498514,3.4982818501870904e-12,0.47396998197168105,-0.8271695936618397,0.6766001474584873
lag,0.02,0.008,8e-12,0.005,1,60,0.032500546937906195,0.0034334281653364313,1.0336427458331088,3.4334281653364314e-12,0.4855246444987493,-0.8458823145220314,0.7041855057783367
lag,0.02,0.008,8e-12,0.005,1,60,0.03286383681145534,0.0034027748099649652,1.0341302832814678,3.4027748099649653e-12,0.4966405946082405,-0.8548503223251058,0.7402654422953563
lag,0.02,0.008,8e-12,0.005,1,60,0.031557662975146096,0.0035745305248770305,1.0373480209213,3.5745305248770304e-12,0.45608416946465924,-0.8056076958700348,0.6275425130480811
lag,0.02,0.008,8e-12,0.005,1,60,0.03184070845277207,0.0035373355946391885,1.035362199411256,3.5373355946391885e-12,0.46501333757578767,-0.8160677548041337,0.6521800933396031
lag,0.02,0.008,8e-12,0.005,1,60,0.031792798571220755,0.003553871755985043,1.0383951326906566,3.553871755985043e-12,0.46350753056169225,-0.8114038970145733,0.6509031258168004
lag,0.02,0.008,8e-12,0.005,1,60,0.03241125476998444,0.0034885625461187975,1.0377078922053367,3.4885625461187976e-12,0.48277345836945973,-0.829951768213425,0.7090438232646452
lag,0.02,0.008,8e-12,0.005,1,60,0.03254025009105076,0.0034362632735383406,1.0348579656193078,3.4362632735383408e-12,0.4867455138573588,-0.8450569183923525,0.7099340928979413
lag,0.02,0.008,8e-12,0.005,1,60,0.03173850579935007,0.0035735557662809198,1.0378744369567234,3.5735557662809197e-12,0.46179836417118675,-0.8058804286162409,0.649694290503168
lag,0.02,0.008,8e-12,0.005,1,60,0.03204148973108606,0.0034899521674646074,1.036325462519968,3.4899521674646073e-12,0.47129934354173175,-0.8295535111569564,0.6635912154977149
lag,0.02,0.008,8e-12,0.005,1,60,0.032059343763990694,0.003518551750358574,1.0376253012806753,3.518551750358574e-12,0.47185640442199966,-0.8213920712894738,0.6739665554453722
lag,0.02,0.008,8e-12,0.005,1,60,0.03167313134472613,0.0035546568905063616,1.0358435812116276,3.5546568905063616e-12,0.4597364562713219,-0.811182997707964,0.636285289038076
lag,0.02,0.008,8e-12,0.005,1,60,0.032453243195543574,0.0034479874264785916,1.0346381430577751,3.4479874264785917e-12,0.48406810899471403,-0.8416508354979757,0.7025513207494274
lag,0.02,0.008,8e-12,0.005,1,60,0.032549351811873156,0.003459467389562039,1.0354886920424462,3.459467389562039e-12,0.4870251812885807,-0.8383268981117937,0.7177927265604775
lag,0.02,0.008,8e-12,0.005,1,60,0.03201060579063405,0.0035072513014532633,1.0356002519989267,3.5072513014532634e-12,0.47033500529194233,-0.8246089159880262,0.6647062020505957
lag,0.02,0.008,8e-12,0.005,1,60,0.03221720696631573,0.0035009732730616797,1.036211082367336,3.5009732730616796e-12,0.47676841410327325,-0.826400533823371,0.6885331299997791
lag,0.02,0.008,8e-12,0.005,1,60,0.03216564988979184,0.0034945574902971073,1.0366047913706706,3.4945574902971074e-12,0.47516683597946735,-0.828234786228347,0.6803058001058413
lag,0.02,0.008,8e-12,0.005,1,60,0.03223387918412981,0.003505776839692226,1.0373405298390197,3.505776839692226e-12,0.4772857744514617,-0.8250294081785857,0.6919716106535104
lag,0.02,0.008,8e-12,0.005,1,60,0.031472846982441925,0.0035799817306273692,1.0381896300262723,3.579981730627369e-12,0.4533928999840769,-0.8040838444569607,0.6185491813658379
lag,0.02,0.008,8e-12,0.005,1,60,0.03173437495463374,0.0035510981222303937,1.0362029278514333,3.5510981222303935e-12,0.4616682032371598,-0.8121846558194912,0.6428778385550928
lag,0.02,0.008,8e-12,0.005,1,60,0.0324435120746843,0.003463598226996738,1.035696928651134,3.4635982269967378e-12,0.4837682135410296,-0.8371335429845378,0.7058619542763155
lag,0.02,0.008,8e-12,0.005,1,60,0.03299846444733591,0.0033875883894451007,1.0341465354808494,3.3875883894451007e-12,0.500728754930935,-0.8593232629893065,0.7524863284803461
lag,0.02,0.008,8e-12,0.005,1,120,0.03145558251086451,0.0035819532469358695,1.037230988298502,3.5819532469358693e-12,0.45284419816044696,-0.8035332903498723,0.6169589409973272
lag,0.02,0.008,8e-12,0.005,1,120,0.03174743794105863,0.0035552580369857365,1.0387258886620672,3.5552580369857364e-12,0.4620797537589047,-0.8110138968152141,0.645668407876056
lag,0.02,0.008,8e-12,0.005,1,120,0.03151307665845447,0.003570950350806918,1.036977254503349,3.570950350806918e-12,0.4546703181485692,-0.8066097766066543,0.6210117290417002
lag,0.02,0.008,8e-12,0.005,1,120,0.03134855160590545,0.0035952051921503757,1.0369899470227715,3.5952051921503755e-12,0.4494357916890842,-0.7998404750423718,0.6073799240899043
lag,0.02,0.008,8e-12,0.005,1,120,0.03134702385167944,0.0035745310373026273,1.0370629852422146,3.5745310373026273e-12,0.44938705605773643,-0.8056075525153883,0.6014234050928617
lag,0.02,0.008,8e-12,0.005,1,120,0.031366448028241144,0.0035809259656461923,1.0370518251141836,3.5809259656461922e-12,0.45000651393817503,-0.8038201250894322,0.6056194304124695
lag,0.02,0.008,8e-12,0.005,1,120,0.03173662783907351,0.003553805680990129,1.037093119943332,3.553805680990129e-12,0.4617391926446546,-0.8114224895845097,0.6439193624606052
lag,0.02,0.008,8e-12,0.005,1,120,0.03143352353282439,0.003561358383634084,1.034550511474791,3.5613583836340837e-12,0.45214267828419186,-0.8092995011580795,0.6084574169121444
lag,0.02,0.008,8e-12,0.005,1,120,0.03136883369386612,0.00358981731011391,1.038168537019529,3.58981731011391e-12,0.4500825689286251,-0.8013402290221718,0.6083951490172275
lag,0.02,0.008,8e-12,0.005,1,120,0.031277342947626456,0.003579973970061224,1.0368406717188254,3.5799739700612237e-12,0.44716169438557346,-0.8040860122262794,0.5943045132794011
lag,0.02,0.008,8e-12,0.005,1,120,0.030902447633359743,0.0036428157661559145,1.0382105830865358,3.642815766155914e-12,0.43510311864823903,-0.786684596945416,0.565218909591192
lag,0.02,0.008,8e-12,0.005,1,120,0.032094824363165714,0.003483583402978219,1.0353993508888848,3.4835834029782193e-12,0.4729625087899073,-0.8313800641852526,0.6683781568472958
lag,0.02,0.008,8e-12,0.005,1,120,0.031061106553152924,0.003655433217431926,1.039266960041372,3.655433217431926e-12,0.44022416984079954,-0.7832269281607482,0.5883502844302144
lag,0.02,0.008,8e-12,0.005,1,120,0.031240888038489043,0.0035894528791663234,1.0375329456882199,3.5894528791663236e-12,0.44599547734154815,-0.8014417521403416,0.5924283646322996
lag,0.02,0.008,8e-12,0.005,1,120,0.03157905376579224,0.003567250884338712,1.037342117124433,3.5672508843387123e-12,0.45676177174012655,-0.807646302946431,0.6281563640118065
lag,0.02,0.008,8e-12,0.005,1,120,0.03189113425470059,0.0035018297327172277,1.0352033175468383,3.5018297327172276e-12,0.46659577455890144,-0.8261559290103806,0.6483447185724924
lag,0.02,0.008,8e-12,0.005,1,120,0.03121049745659886,0.0036014412138102945,1.0370937578066053,3.6014412138102944e-12,0.4450222216147726,-0.7981074391617892,0.5919942454564694
lag,0.02,0.008,8e-12,0.005,1,120,0.03157481155099586,0.003580562840182165,1.0390803066993464,3.580562840182165e-12,0.45662742636691855,-0.8039215356966912,0.6313550966267955
lag,0.02,0.008,8e-12,0.005,1,120,0.031241057774141854,0.003620579717932839,1.038850145115333,3.6205797179328392e-12,0.44600091045188434,-0.7928073855883198,0.60108377840527
lag,0.02,0.008,8e-12,0.005,1,120,0.03135676338116458,0.0035887771690569386,1.0375638765948072,3.5887771690569387e-12,0.44969770809306897,-0.801630018636913,0.6066086406274951
lag,0.02,0.008,8e-12,0.005,1,120,0.031790828359062266,0.003533987403617661,1.0376947543150952,3.533987403617661e-12,0.46344555825044687,-0.8170147321300357,0.6450479843936853
lag,0.02,0.008,8e-12,0.005,1,120,0.03185382647957576,0.0035111568269425154,1.0347062303780008,3.5111568269425153e-12,0.4654252418938927,-0.8234959781762236,0.6463785052911709
lag,0.02,0.008,8e-12,0.005,1,120,0.03152896157484136,0.003563794840308573,1.0370056292415082,3.563794840308573e-12,0.4551742649487752,-0.8086155981758201,0.620975637104509
lag,0.02,0.008,8e-12,0.005,1,120,0.03218047300781557,0.0034792507837316687,1.035204391763152,3.4792507837316687e-12,0.4756275667156307,-0.832624563103239,0.6777540898658916
lag,0.02,0.008,8e-12,0.005,1,120,0.031017491294872235,0.003635936697083781,1.0385076496500236,3.6359366970837813e-12,0.43881900712871874,-0.7885747755591246,0.5775941450050326
lag,0.02,0.008,8e-12,0.005,1,120,0.032014757388994786,0.003484900594907282,1.0349518533854978,3.4849005949072818e-12,0.47046469134635505,-0.8310020215736459,0.6588278946617075
lag,0.02,0.008,8e-12,0.005,1,120,0.030854134662776894,0.0036749357688416998,1.0414568340693644,3.6749357688417e-12,0.4335384925422397,-0.7779058870339798,0.568006811150355
lag,0.02,0.008,8e-12,0.005,1,120,0.031395840620094206,0.0035869282399250088,1.0382874768337458,3.586928239925009e-12,0.45094314625783266,-0.8021453489264014,0.6109388879652802
lag,0.02,0.008,8e-12,0.005,1,120,0.030972819374725926,0.003629367722508395,1.0378776200024014,3.629367722508395e-12,0.43737775195846557,-0.7903830897015348,0.5702465127644799
lag,0.02,0.008,8e-12,0.005,1,120,0.03071925102428462,0.003669356180120928,1.0382526896726147,3.669356180120928e-12,0.4291572537083641,-0.7794253227625715,0.5497618042487212
lag,0.02,0.008,8e-12,0.005,1,180,0.0312962269183793,0.0035821117053874653,1.0361210243544778,3.5821117053874654e-12,0.4477652709872145,-0.8034890533272668,0.5972430845517663
lag,0.02,0.008,8e-12,0.005,1,180,0.031544201229697824,0.0035704418646206643,1.0370344112364511,3.5704418646206642e-12,0.45565750233454744,-0.8067521819449341,0.6247287705375959
lag,0.02,0.008,8e-12,0.005,1,180,0.031019919368315704,0.00361708253720472,1.036384252681403,3.61708253720472e-12,0.43889728484594626,-0.7937737697264589,0.5726962319446884
lag,0.02,0.008,8e-12,0.005,1,180,0.031906873843451256,0.0035107680799748423,1.03657596975254,3.5107680799748424e-12,0.46708919401004756,-0.8236067019373642,0.6528456546505915
lag,0.02,0.008,8e-12,0.005,1,180,0.0310478075304957,0.0036208418706230295,1.0378740758285394,3.6208418706230295e-12,0.43979592139831136,-0.7927349819346728,0.5771931518467938
lag,0.02,0.008,8e-12,0.005,1,180,0.03216085664296219,0.0034676967224855555,1.0353611304191883,3.4676967224855555e-12,0.4750178073100468,-0.8359509368492184,0.6719952868780934
lag,0.02,0.008,8e-12,0.005,1,180,0.031543848095959996,0.003569389245622256,1.0378666100120129,3.569389245622256e-12,0.45564630738584927,-0.8070470401817135,0.624390123717326
lag,0.02,0.008,8e-12,0.005,1,180,0.030853007432782138,0.0036571676969255457,1.0373975709834455,3.657167696925546e-12,0.43350195771153455,-0.78275254714462,0.5630203745203652
lag,0.02,0.008,8e-12,0.005,1,180,0.03220458151278627,0.003483101303522277,1.0364053956595505,3.4831013035222767e-12,0.4763764518808895,-0.8315184655847768,0.6818496420007204
lag,0.02,0.008,8e-12,0.005,1,180,0.03128747501529724,0.0035841674190017743,1.0379708057825094,3.5841674190017743e-12,0.447485584651357,-0.802915334767045,0.5967315671298123
lag,0.02,0.008,8e-12,0.005,1,180,0.03118668071908741,0.003612757904530355,1.0372284745860851,3.612757904530355e-12,0.44425883008443684,-0.7949700985320537,0.592178310634785
lag,0.02,0.008,8e-12,0.005,1,180,0.03149774287487773,0.003565293749901201,1.0356877180053146,3.565293749901201e-12,0.4541836149444845,-0.8081950929188724,0.617525023565966
lag,0.02,0.008,8e-12,0.005,1,180,0.031709092713542004,0.0035462483706395734,1.036207330178241,3.5462483706395736e-12,0.4608712025888893,-0.8135512939991307,0.6383762024800779
lag,0.02,0.008,8e-12,0.005,1,180,0.031610086135904235,0.0035691900321248916,1.0375038544114754,3.5691900321248916e-12,0.45774397762724867,-0.8071028533875813,0.6325478274645437
lag,0.02,0.008,8e-12,0.005,1,180,0.03188974899431269,0.003509903233373663,1.0361911835738562,3.509903233373663e-12,0.4665523364527622,-0.8238530734215013,0.6504758018732724
lag,0.02,0.008,8e-12,0.005,1,180,0.031195871222636264,0.0036275114087846393,1.0374524751006922,3.6275114087846393e-12,0.4445534798969015,-0.7908946908266629,0.5973933407802338
lag,0.02,0.008,8e-12,0.005,1,180,0.03206670386404077,0.003508788076738066,1.0377690658585133,3.508788076738066e-12,0.47208595545015875,-0.8241708411065891,0.6721004380344664
lag,0.02,0.008,8e-12,0.005,1,180,0.0312991481737567,0.0035676934125150857,1.035086761929088,3.5676934125150856e-12,0.4478586087258325,-0.8075222576396902,0.5935721159061408
lag,0.02,0.008,8e-12,0.005,1,180,0.031777670237206096,0.0035189353760717336,1.0363899107858108,3.5189353760717338e-12,0.4630315757800519,-0.8212830477966708,0.639148061616885
lag,0.02,0.008,8e-12,0.005,1,180,0.03147702612243542,0.00356586699993954,1.036203062632688,3.5658669999395402e-12,0.45352567674099487,-0.8080343196423516,0.6151169195396406
lag,0.02,0.008,8e-12,0.005,1,180,0.03124874407956081,0.003604213208280354,1.038100202399622,3.604213208280354e-12,0.4462469123667477,-0.7973380448932254,0.5975062209723151
lag,0.02,0.008,8e-12,0.005,1,180,0.03166039300972882,0.0035315797772925714,1.0352609385014566,3.5315797772925715e-12,0.45933419426872774,-0.8176962418677908,0.6281924913385825
lag,0.02,0.008,8e-12,0.005,1,180,0.03108330110684137,0.0036168232285852656,1.037643359202044,3.6168232285852655e-12,0.44093845952406546,-0.7938454622886684,0.5804838749596615
lag,0.02,0.008,8e-12,0.005,1,180,0.03163546881703038,0.003559229444725739,1.0369366441079366,3.559229444725739e-12,0.4585466485029436,-0.8098974683549174,0.6329006649568498
lag,0.02,0.008,8e-12,0.005,1,180,0.03204752128660288,0.0034976293972803583,1.0360334865951113,3.497629397280358e-12,0.471487567870329,-0.8273561177286965,0.666536521810061
lag,0.02,0.008,8e-12,0.005,1,180,0.031535698603617233,0.003559438350879526,1.0363226214372063,3.559438350879526e-12,0.4553879195941007,-0.8098387758692319,0.6205878509793049
lag,0.02,0.008,8e-12,0.005,1,180,0.031566341203981274,0.003559921903285409,1.0381772184843439,3.559921903285409e-12,0.45635912758883734,-0.809702934335902,0.624523374957776
lag,0.02,0.008,8e-12,0.005,1,180,0.03135178221910065,0.003561686411734933,1.0358632812126454,3.561686411734933e-12,0.44953884100320973,-0.8092073978201096,0.5984135973483707
lag,0.02,0.008,8e-12,0.005,1,180,0.03227824090539078,0.003468960416089308,1.0362552193617092,3.468960416089308e-12,0.47866107348648745,-0.8355865845127868,0.6869152877556703
lag,0.02,0.008,8e-12,0.005,1,180,0.03145489385972788,0.003542819669072257,1.0359371080834274,3.5428196690722568e-12,0.45282230510935617,-0.8145186148981446,0.6058882237081121
lag,0.035,0.002,2e-12,0.005,1,60,0.04271306831508387,8.380715151064522e-4,1.0114772229631699,8.380715151064522e-13,0.19915686145513997,-0.8697990224787723,0.08662144859162701
lag,0.035,0.002,2e-12,0.005,1,60,0.04326839642917241,8.152270439683837e-4,1.0103946101686505,8.152270439683837e-13,0.21207443241592105,-0.8974358035415573,0.12784535367582062
lag,0.035,0.002,2e-12,0.005,1,60,0.04164057262647995,8.597888317065246e-4,1.0099083503318316,8.597888317065246e-13,0.17372693399949307,-0.844215644972819,-0.020784639289305296
lag,0.035,0.002,2e-12,0.005,1,60,0.04290466823023689,8.264446231609676e-4,1.0094063186816455,8.264446231609676e-13,0.20363257508010416,-0.8837695461458362,0.09640931440353795
lag,0.035,0.002,2e-12,0.005,1,60,0.04352766826247523,8.125990860612247e-4,1.0100570816740249,8.125990860612247e-13,0.21804872642080242,-0.9006646006983862,0.15676626384854175
lag,0.035,0.002,2e-12,0.005,1,60,0.044335496320884266,7.873732796474514e-4,1.0104968034587016,7.873732796474514e-13,0.23643756606695443,-0.9322000165238541,0.22540152726579443
lag,0.035,0.002,2e-12,0.005,1,60,0.040658089317815775,9.013963491791635e-4,1.011334023199503,9.013963491791635e-13,0.14984975391495003,-0.7969573994610722,-0.09535432405191657
lag,0.035,0.002,2e-12,0.005,1,60,0.043277392121998194,8.135288644254042e-4,1.0108936201829262,8.135288644254042e-13,0.2122823152721243,-0.8995210517356811,0.1268755713920946
lag,0.035,0.002,2e-12,0.005,1,60,0.04427595582309344,7.834037664958043e-4,1.008162366240518,7.834037664958043e-13,0.23509371027155068,-0.9372542304385746,0.21296429162501151
lag,0.035,0.002,2e-12,0.005,1,60,0.04360754538594849,7.97524195887323e-4,1.0084588214057024,7.97524195887323e-13,0.2198821332032851,-0.9193902856726968,0.14794534218491595
lag,0.035,0.002,2e-12,0.005,1,60,0.04434270690774393,7.725227709343657e-4,1.0073948996502016,7.725227709343657e-13,0.23660018972447197,-0.951240974266928,0.20725468229331911
lag,0.035,0.002,2e-12,0.005,1,60,0.04071637504011886,8.9039748872521e-4,1.0097377046690514,8.9039748872521e-13,0.151282285182112,-0.8092344799742013,-0.10040397499946319
lag,0.035,0.002,2e-12,0.005,1,60,0.0422192525757683,8.487441840993118e-4,1.010271243556892,8.487441840993117e-13,0.187528277689462,-0.8571446330056884,0.038042686389580305
lag,0.035,0.002,2e-12,0.005,1,60,0.04398224283410094,7.927382499262859e-4,1.0099274409709467,7.927382499262859e-13,0.228437919019519,-0.9254093681492255,0.18838874327929056
lag,0.035,0.002,2e-12,0.005,1,60,0.04196368773614774,8.591037560551222e-4,1.0109095983081335,8.591037560551222e-13,0.18145660512031528,-0.845012757826239,0.01848452145608026
lag,0.035,0.002,2e-12,0.005,1,60,0.0437456148615215,7.893668576866483e-4,1.0082047222194404,7.893668576866482e-13,0.22304331455402204,-0.9296712813767986,0.15478496145186738
lag,0.035,0.002,2e-12,0.005,1,60,0.043739207133506874,8.043394314904466e-4,1.009104652463801,8.043394314904466e-13,0.22289682678894557,-0.9108811009846675,0.17278058357018466
lag,0.035,0.002,2e-12,0.005,1,60,0.04494071591387819,7.579614127379101e-4,1.00843762454325,7.579614127379101e-13,0.24999613557875816,-0.9702699818737185,0.26237879144717635
lag,0.035,0.002,2e-12,0.005,1,60,0.04425154481040161,7.791089833715961e-4,1.0083092703422154,7.791089833715961e-13,0.23454222032467895,-0.9427515218243107,0.20444003466548877
lag,0.035,0.002,2e-12,0.005,1,60,0.04285251753329999,8.205968375907337e-4,1.009888908406693,8.205968375907336e-13,0.20241633406423576,-0.8908705333182521,0.08284164081094592
lag,0.035,0.002,2e-12,0.005,1,60,0.04355390022984917,7.975154391969487e-4,1.0078238258211225,7.975154391969487e-13,0.2186511953156915,-0.9194012655758689,0.1412823629254275
lag,0.035,0.002,2e-12,0.005,1,60,0.04498785041284031,7.633356629936454e-4,1.0088182291899057,7.633356629936455e-13,0.25104440100105047,-0.9632045997098232,0.27528885148237514
lag,0.035,0.002,2e-12,0.005,1,60,0.04567467513922028,7.214124417750803e-4,1.0052078038562118,7.214124417750803e-13,0.266195928307552,-1.0196914445134646,0.3039682727498496
lag,0.035,0.002,2e-12,0.005,1,60,0.03951241389383165,9.316937968406157e-4,1.010980965372013,9.316937968406156e-13,0.12126683683657616,-0.7638982430013782,-0.2043589201662539
lag,0.035,0.002,2e-12,0.005,1,60,0.042398221072702434,8.511175329872888e-4,1.0114959503361027,8.511175329872888e-13,0.19175834403583805,-0.8543522288868041,0.06302718412829733
lag,0.035,0.002,2e-12,0.005,1,60,0.04470136751771325,7.705243679371695e-4,1.0082070651973656,7.705243679371696e-13,0.24465603289957885,-0.9538311791468104,0.2491383930496327
lag,0.035,0.002,2e-12,0.005,1,60,0.04257899315555492,8.476736965403732e-4,1.0108396103626205,8.476736965403732e-13,0.19601295174883726,-0.8584066896171445,0.08138846167166502
lag,0.035,0.002,2e-12,0.005,1,60,0.043574835066625434,8.11871996712603e-4,1.0099106137931653,8.11871996712603e-13,0.21913174486361958,-0.9015597713233177,0.1617197769382357
lag,0.035,0.002,2e-12,0.005,1,60,0.04408404202604587,7.793994792949018e-4,1.008506241855771,7.793994792949018e-13,0.2307497966568638,-0.9423787347222466,0.184042476507441
lag,0.035,0.002,2e-12,0.005,1,60,0.044072452217267924,7.779860672298836e-4,1.0078582188482974,7.779860672298836e-13,0.2304868595030171,-0.9441938439689286,0.18079023097229352
lag,0.035,0.002,2e-12,0.005,1,120,0.03635563844788571,0.0010769964759522676,1.015317354355345,1.0769964759522676e-12,0.03800124594611564,-0.6189710544873631,-0.45087188694953545
lag,0.035,0.002,2e-12,0.005,1,120,0.03681791316846322,0.0010464033067379703,1.0137551214451543,1.0464033067379703e-12,0.05063643613311048,-0.6477883187352247,-0.4223670858457854
lag,0.035,0.002,2e-12,0.005,1,120,0.03690444743158552,0.0010440207580365672,1.015678942574573,1.0440207580365672e-12,0.05298400889555394,-0.6500678081203776,-0.41391632660377387
lag,0.035,0.002,2e-12,0.005,1,120,0.03686152292868423,0.0010470082420542448,1.0142538826713605,1.0470082420542448e-12,0.05182020646642511,-0.6472103766354386,-0.41638153347859475
lag,0.035,0.002,2e-12,0.005,1,120,0.03664209845211146,0.0010693998039530783,1.0164984024985357,1.0693998039530783e-12,0.04584974884114188,-0.6260496203516888,-0.42242941228986847
lag,0.035,0.002,2e-12,0.005,1,120,0.037186074523043684,0.00103099983255498,1.013319280318721,1.0309998325549799e-12,0.06058628892829186,-0.6626181379354364,-0.39154489707802
lag,0.035,0.002,2e-12,0.005,1,120,0.03722459353758385,0.001026261987129635,1.013857322200677,1.026261987129635e-12,0.06162159795009445,-0.6672241183275733,-0.391374519667176
lag,0.035,0.002,2e-12,0.005,1,120,0.03757053294806693,0.001004571670518867,1.0123125651437592,1.0045716705188672e-12,0.07087198346476031,-0.6885859283859855,-0.36983984282568694
lag,0.035,0.002,2e-12,0.005,1,120,0.03660397427578626,0.0010667639825314153,1.0157126635386071,1.0667639825314153e-12,0.04480875979290654,-0.6285174299607063,-0.42962461976321054
lag,0.035,0.002,2e-12,0.005,1,120,0.036370312871000086,0.0010773239582435024,1.0149959625174252,1.0773239582435024e-12,0.038404799919557114,-0.6186670307325317,-0.44874823472852143
lag,0.035,0.002,2e-12,0.005,1,120,0.03664890194110177,0.0010612039498435906,1.015405240933149,1.0612039498435906e-12,0.046035405715065154,-0.6337431152315323,-0.4292792745349131
lag,0.035,0.002,2e-12,0.005,1,120,0.036795222278687395,0.0010478629692240653,1.013763962802775,1.0478629692240652e-12,0.0500199458734129,-0.6463943577674068,-0.42378679521017026
lag,0.035,0.002,2e-12,0.005,1,120,0.03748772707359772,0.0010084866296068496,1.0128622181499944,1.0084866296068495e-12,0.06866553988241231,-0.6846963599383777,-0.37621820281226126
lag,0.035,0.002,2e-12,0.005,1,120,0.03663016659782439,0.0010654943824083935,1.0150657036659319,1.0654943824083936e-12,0.04552406341612068,-0.6297082802759729,-0.4275676221457486
lag,0.035,0.002,2e-12,0.005,1,120,0.03711466256160274,0.001033995330768302,1.0150444741728846,1.0339953307683022e-12,0.05866404734006655,-0.6597169201818708,-0.39749876254313105
lag,0.035,0.002,2e-12,0.005,1,120,0.03675803580566785,0.0010461622400645752,1.0132538401668008,1.0461622400645753e-12,0.049008801645234204,-0.6480187217205265,-0.4300222818177132
lag,0.035,0.002,2e-12,0.005,1,120,0.036846915598320755,0.0010450643079977426,1.0137286577531808,1.0450643079977426e-12,0.05142385210465563,-0.6490687582827817,-0.4200512240910085
lag,0.035,0.002,2e-12,0.005,1,120,0.036663497310791625,0.0010548898740828482,1.013957269068061,1.0548898740828482e-12,0.046433574920591705,-0.6397108038359773,-0.4334371372978163
lag,0.035,0.002,2e-12,0.005,1,120,0.0370834940089585,0.001026495659720462,1.0125458013792608,1.026495659720462e-12,0.05782390370528668,-0.6669964513234389,-0.408643194212585
lag,0.035,0.002,2e-12,0.005,1,120,0.03719173313479648,0.001026257336874605,1.0135506210027427,1.026257336874605e-12,0.06073844753424967,-0.6672286495931021,-0.3954537408783394
lag,0.035,0.002,2e-12,0.005,1,120,0.0369349860248981,0.0010499136966525741,1.0148944771676993,1.0499136966525742e-12,0.05381117112105461,-0.6444392134328127,-0.4045009463454487
lag,0.035,0.002,2e-12,0.005,1,120,0.03672943986115713,0.001054497037753665,1.0141801304101756,1.0544970377536649e-12,0.04823054805318797,-0.6400832687749798,-0.4256327259914964
lag,0.035,0.002,2e-12,0.005,1,120,0.03708948243533935,0.0010395421723628656,1.0144526907454214,1.0395421723628657e-12,0.057985375623522455,-0.6543667832133025,-0.39527096123122385
lag,0.035,0.002,2e-12,0.005,1,120,0.03775057132208925,9.884872529515244e-4,1.010750598436055,9.884872529515244e-13,0.07565254845107675,-0.7047267123594989,-0.3636558684204326
lag,0.035,0.002,2e-12,0.005,1,120,0.036595551740811215,0.0010637723540908317,1.0158534830120014,1.0637723540908318e-12,0.044578634395365004,-0.6313257654538349,-0.4334773495932447
lag,0.035,0.002,2e-12,0.005,1,120,0.037228483305061275,0.0010243756718864064,1.01356302448937,1.0243756718864064e-12,0.06172608704969707,-0.669063854145332,-0.39273192431773435
lag,0.035,0.002,2e-12,0.005,1,120,0.036683114643428584,0.0010591053315448418,1.0150398413315884,1.0591053315448419e-12,0.046968496236847686,-0.6357226556716655,-0.4270164398865215
lag,0.035,0.002,2e-12,0.005,1,120,0.03662270889588939,0.0010600052490419708,1.014828729877341,1.0600052490419707e-12,0.045320448147491095,-0.6348733205218429,-0.4336574174315593
lag,0.035,0.002,2e-12,0.005,1,120,0.03626903651565298,0.001085062001684223,1.0154269784953354,1.0850620016842229e-12,0.03561632723014629,-0.6115100507907799,-0.4541495228498104
lag,0.035,0.002,2e-12,0.005,1,120,0.0365846169746213,0.0010703106447582632,1.016002795557109,1.0703106447582632e-12,0.04427978932672842,-0.6251982520174824,-0.4287057471644415
lag,0.035,0.002,2e-12,0.005,1,180,0.03672910480605967,0.001056608492853656,1.0149296020398537,1.056608492853656e-12,0.04822142576254154,-0.6380829369361111,-0.42367394098471256
lag,0.035,0.002,2e-12,0.005,1,180,0.03692687269813706,0.0010404766263235115,1.0140545510292747,1.0404766263235115e-12,0.05359148190840993,-0.6534682778496949,-0.41453606328069964
lag,0.035,0.002,2e-12,0.005,1,180,0.03658753668388317,0.0010625570776518001,1.0142145933833941,1.0625570776518e-12,0.04435959316240746,-0.632468840043515,-0.43561429124200246
lag,0.035,0.002,2e-12,0.005,1,180,0.03702606274899708,0.00103440580904877,1.0129638905344247,1.03440580904877e-12,0.056274001804085094,-0.6593200162371234,-0.4080882353614862
lag,0.035,0.002,2e-12,0.005,1,180,0.037107951913869903,0.0010330447756039221,1.0132795622603847,1.0330447756039222e-12,0.05848322245809362,-0.6606366461498919,-0.3992506088300243
lag,0.035,0.002,2e-12,0.005,1,180,0.0368298336719597,0.0010535961231619927,1.0147179332036738,1.0535961231619926e-12,0.05096015285526379,-0.6409379887306457,-0.414038613407643
lag,0.035,0.002,2e-12,0.005,1,180,0.036697612795532485,0.0010530271151952975,1.0140835587217405,1.0530271151952975e-12,0.04736364501224264,-0.6414781973167587,-0.43097421067073105
lag,0.035,0.002,2e-12,0.005,1,180,0.037265615531028355,0.0010150159731002442,1.0121687854595234,1.0150159731002442e-12,0.06272300437932571,-0.6782428311454451,-0.39730650529792955
lag,0.035,0.002,2e-12,0.005,1,180,0.036896026095386183,0.0010477933647721792,1.0132846985698447,1.0477933647721792e-12,0.05275578986569072,-0.6464607851207685,-0.4113535492928822
lag,0.035,0.002,2e-12,0.005,1,180,0.03731359798245639,0.0010197645748044111,1.0139337014428471,1.019764574804411e-12,0.0640097558959492,-0.6735753889195489,-0.3866892390949569
lag,0.035,0.002,2e-12,0.005,1,180,0.03703909320297719,0.0010421253392913941,1.0143217557699633,1.0421253392913942e-12,0.05662586642779558,-0.6518849572348733,-0.39903740006570176
lag,0.035,0.002,2e-12,0.005,1,180,0.03670696903843066,0.0010587345379185317,1.0154962059395969,1.0587345379185316e-12,0.04761856759922787,-0.6360728177735742,-0.42440865700817265
lag,0.035,0.002,2e-12,0.005,1,180,0.03712112199335421,0.001029084374051418,1.012578252624197,1.0290843740514181e-12,0.058838072085854495,-0.6644777309068345,-0.4014586037309127
lag,0.035,0.002,2e-12,0.005,1,180,0.037543170294854794,0.0010054392182628406,1.0126467680079942,1.0054392182628407e-12,0.07014341721809282,-0.6877227014227014,-0.37236958486070737
lag,0.035,0.002,2e-12,0.005,1,180,0.03702162144301748,0.0010341313345597592,1.0133147305259615,1.0341313345597592e-12,0.05615404380584685,-0.659585396524318,-0.40890433759015077
lag,0.035,0.002,2e-12,0.005,1,180,0.03706465312038433,0.0010355061455127798,1.013428845812618,1.0355061455127797e-12,0.05731570789165981,-0.6582568438976133,-0.40223985696995673
lag,0.035,0.002,2e-12,0.005,1,180,0.036997120197685356,0.0010393839772021756,1.0139961506615596,1.0393839772021756e-12,0.05549201563071442,-0.6545189725164468,-0.4068760680034631
lag,0.035,0.002,2e-12,0.005,1,180,0.03684895597636268,0.001047223927370923,1.0147040921706518,1.047223927370923e-12,0.051479225031221265,-0.6470043963047095,-0.4177338552357375
lag,0.035,0.002,2e-12,0.005,1,180,0.037292003155285476,0.0010211813551309447,1.012764207568883,1.0211813551309447e-12,0.06343084955528065,-0.6721870321450478,-0.3879786408896492
lag,0.035,0.002,2e-12,0.005,1,180,0.03680574123557147,0.001051095423707005,1.0148467198239417,1.051095423707005e-12,0.05030578335307166,-0.643314299535395,-0.41940238632453336
lag,0.035,0.002,2e-12,0.005,1,180,0.03710108668931053,0.0010356549467247396,1.013691676002827,1.0356549467247396e-12,0.05829819851200358,-0.6581131552074642,-0.3975784057329588
lag,0.035,0.002,2e-12,0.005,1,180,0.03718039422819733,0.001031701883947531,1.0140487819581467,1.031701883947531e-12,0.06043352398051936,-0.6619374273760343,-0.3915685430795661
lag,0.035,0.002,2e-12,0.005,1,180,0.03685039964816429,0.0010464838503648475,1.0139017767289746,1.0464838503648474e-12,0.05151840235616697,-0.6477113498201605,-0.41826179344778874
lag,0.035,0.002,2e-12,0.005,1,180,0.03700744463454392,0.0010407726655548837,1.0136864024400714,1.0407726655548838e-12,0.05577103725455479,-0.6531837956067228,-0.4042606609232774
lag,0.035,0.002,2e-12,0.005,1,180,0.03647569819346978,0.001068186527206831,1.0148069817054644,1.068186527206831e-12,0.04129817443520146,-0.627184804328917,-0.44419822833866435
lag,0.035,0.002,2e-12,0.005,1,180,0.03732842695883085,0.001015845444119037,1.0121170611503125,1.015845444119037e-12,0.06440709175550602,-0.6774259649054513,-0.3887010220104259
lag,0.035,0.002,2e-12,0.005,1,180,0.03688678074086704,0.0010412639961338186,1.0126441473645271,1.0412639961338186e-12,0.052505179866858806,-0.6527118244862364,-0.4187510126187236
lag,0.035,0.002,2e-12,0.005,1,180,0.036692003206873824,0.0010567552206358869,1.015747186513678,1.0567552206358869e-12,0.04721077355780149,-0.6379440798321208,-0.42813568217976694
lag,0.035,0.002,2e-12,0.005,1,180,0.037172613514997684,0.0010285177021492821,1.0130591909715965,1.0285177021492822e-12,0.06022423283106329,-0.6650285389790243,-0.3956244631193119
lag,0.035,0.002,2e-12,0.005,1,180,0.037166164746523116,0.0010276482737921627,1.0146558150962,1.0276482737921626e-12,0.06005073607360891,-0.6658742181888823,-0.39726978962001636
lag,0.035,0.005,5e-12,0.005,1,60,0.043254042488527815,0.002026904988059707,1.0223117067728613,2.026904988059707e-12,0.21174263546345812,-0.9029279192450064,0.12057334933244235
lag,0.035,0.005,5e-12,0.005,1,60,0.04340243267644505,0.0020129514693888527,1.022984833523978,2.0129514693888525e-12,0.21516743049871637,-0.9098358746667388,0.13206577721244717
lag,0.035,0.005,5e-12,0.005,1,60,0.04310900986324124,0.002052269912413045,1.023198524755827,2.052269912413045e-12,0.20838395932415263,-0.890491457512046,0.11502576552986721
lag,0.035,0.005,5e-12,0.005,1,60,0.0436816444056986,0.0019868640737067396,1.0216609489781718,1.9868640737067397e-12,0.22157991588922743,-0.9228803590016534,0.15364354730497243
lag,0.035,0.005,5e-12,0.005,1,60,0.043229481551388955,0.0020339986348210525,1.0236948371752486,2.0339986348210524e-12,0.21117464432128807,-0.8994342859873811,0.12102142638484892
lag,0.035,0.005,5e-12,0.005,1,60,0.04380267928821784,0.0019874449588159096,1.0221415650422288,1.9874449588159095e-12,0.22434692498599718,-0.9225880389487572,0.16894419279025497
lag,0.035,0.005,5e-12,0.005,1,60,0.04306583812006021,0.0020550511677909925,1.0257613763393325,2.0550511677909926e-12,0.2073820023076194,-0.8891371656275154,0.1110267612599497
lag,0.035,0.005,5e-12,0.005,1,60,0.043365484287116736,0.002024995992010063,1.0242804594742472,2.024995992010063e-12,0.2143157702801789,-0.9038701911318465,0.13344986047062823
lag,0.035,0.005,5e-12,0.005,1,60,0.04346008355433462,0.0020250602434009565,1.0250794704071016,2.0250602434009566e-12,0.2164948358941921,-0.9038384624904824,0.14521189824701042
lag,0.035,0.005,5e-12,0.005,1,60,0.043096481125938585,0.0020375314298891147,1.0227435929925313,2.0375314298891145e-12,0.2080932878774245,-0.8976989207077457,0.10626473890863841
lag,0.035,0.005,5e-12,0.005,1,60,0.042314954790473966,0.002115285111302688,1.0253195677822562,2.1152851113026883e-12,0.18979250322783026,-0.8602483046227215,0.04680608939604991
lag,0.035,0.005,5e-12,0.005,1,60,0.04305688698771887,0.0020484123253567688,1.0244489722260122,2.0484123253567688e-12,0.2071741330753728,-0.892372894780543,0.10668109169659612
lag,0.035,0.005,5e-12,0.005,1,60,0.0428214535444542,0.0020653225513368664,1.0244162134180448,2.0653225513368662e-12,0.20169116655264943,-0.8841514990243199,0.08570874048800048
lag,0.035,0.005,5e-12,0.005,1,60,0.04375607718810233,0.00199077391311439,1.0230903884179459,1.99077391311439e-12,0.2232824488241286,-0.9209144482376094,0.16483912308707904
lag,0.035,0.005,5e-12,0.005,1,60,0.04363629972757355,0.0019975235102758456,1.0227672463439477,1.9975235102758456e-12,0.22054130503664035,-0.9175297439948362,0.1533714222242839
lag,0.035,0.005,5e-12,0.005,1,60,0.043850010352282545,0.0019862670391987834,1.02306202296422,1.9862670391987835e-12,0.2254268934127309,-0.9231808950249982,0.1742203886580369
lag,0.035,0.005,5e-12,0.005,1,60,0.04418654428701523,0.0019572789498415112,1.0216197098207083,1.9572789498415114e-12,0.23307225335107734,-0.9378826946575083,0.20124879693238018
lag,0.035,0.005,5e-12,0.005,1,60,0.04280692277474533,0.0020763506713155863,1.026235743371293,2.0763506713155862e-12,0.20135177509217886,-0.8788260445766144,0.08923237949180585
lag,0.035,0.005,5e-12,0.005,1,60,0.04383104510335745,0.001978978118715658,1.0231335821017618,1.9789781187156583e-12,0.2249942971324442,-0.926857302612717,0.16819229020360604
lag,0.035,0.005,5e-12,0.005,1,60,0.04317831786023682,0.002035140224990749,1.0237904495258046,2.035140224990749e-12,0.2099904063825848,-0.8988731892841341,0.11523822538523121
lag,0.035,0.005,5e-12,0.005,1,60,0.043587265180424016,0.0020060600416047414,1.0240163663690058,2.0060600416047413e-12,0.21941696318322446,-0.9132652923329376,0.15155559003963992
lag,0.035,0.005,5e-12,0.005,1,60,0.043736659503790465,0.002001017148468102,1.0237746070242468,2.0010171484681018e-12,0.2228385791872912,-0.9157822869201494,0.16756349154986794
lag,0.035,0.005,5e-12,0.005,1,60,0.043253240581787034,0.0020528682549962175,1.0255394700226073,2.0528682549962175e-12,0.211724095828127,-0.890199948401751,0.13320188373984088
lag,0.035,0.005,5e-12,0.005,1,60,0.043752684727775853,0.00199600113535705,1.0229826347615019,1.99600113535705e-12,0.2232049146377477,-0.9182921657288325,0.16704074051537288
lag,0.035,0.005,5e-12,0.005,1,60,0.04320775009697837,0.002045964392928703,1.0243264281253344,2.045964392928703e-12,0.2106718180633427,-0.8935686483167576,0.12419236370856013
lag,0.035,0.005,5e-12,0.005,1,60,0.04288514537899679,0.00205885499206983,1.023920223204726,2.05885499206983e-12,0.20317744292033446,-0.8872879132551803,0.09047011374042147
lag,0.035,0.005,5e-12,0.005,1,60,0.0434769430647572,0.002033984266193015,1.0255658036547677,2.033984266193015e-12,0.2168826915936466,-0.8994413502393148,0.15169958979057707
lag,0.035,0.005,5e-12,0.005,1,60,0.04389446060100535,0.0019767346555585345,1.0223708116094996,1.9767346555585346e-12,0.22644006842062195,-0.9279915929546515,0.17492152157001184
lag,0.035,0.005,5e-12,0.005,1,60,0.04351646224228359,0.0020215677317343256,1.0239778551847458,2.0215677317343255e-12,0.21779124736532632,-0.9055645972156235,0.15047672082754093
lag,0.035,0.005,5e-12,0.005,1,60,0.04361541200069705,0.00199226345812885,1.022145688034823,1.9922634581288503e-12,0.22006251265854748,-0.9201665039202126,0.14814458416622156
lag,0.035,0.005,5e-12,0.005,1,120,0.04235607335478935,0.002093647614017642,1.0238739918245665,2.093647614017642e-12,0.19076375794029757,-0.8705300978062358,0.04162299818764337
lag,0.035,0.005,5e-12,0.005,1,120,0.04164739775106988,0.0021538798498049586,1.0252628292413744,2.1538798498049587e-12,0.17389082620563684,-0.8421671152905057,-0.017889794157840644
lag,0.035,0.005,5e-12,0.005,1,120,0.04210542672722063,0.0021106520205811737,1.024485915303784,2.1106520205811738e-12,0.18482857177601744,-0.862440998187823,0.018631915987534886
lag,0.035,0.005,5e-12,0.005,1,120,0.04308336378606718,0.0020171695426210085,1.0235151908374018,2.0171695426210086e-12,0.20778887006404606,-0.907742600167132,0.0945945093051983
lag,0.035,0.005,5e-12,0.005,1,120,0.04224041238122895,0.002086359178818092,1.0230103075907757,2.086359178818092e-12,0.18802934067412164,-0.8740173852424034,0.02379375002998596
lag,0.035,0.005,5e-12,0.005,1,120,0.041844610858235376,0.002143763509027168,1.0267260824789515,2.143763509027168e-12,0.1786149543521193,-0.8468749789348252,0.0018567674863609884
lag,0.035,0.005,5e-12,0.005,1,120,0.041996653117416884,0.0021221708407695235,1.0254067410516323,2.1221708407695236e-12,0.18224186593817218,-0.8569983661665523,0.010586620393140844
lag,0.035,0.005,5e-12,0.005,1,120,0.04175477548616648,0.002147056345211502,1.0259163166634062,2.1470563452115018e-12,0.1764657661684166,-0.8453401501875908,-0.007747989902947339
lag,0.035,0.005,5e-12,0.005,1,120,0.04170104541758589,0.0021437345285984645,1.02532234387129,2.1437345285984647e-12,0.175178136967184,-0.8468884975083381,-0.015958865727688232
lag,0.035,0.005,5e-12,0.005,1,120,0.042821010197979854,0.0020458248846528327,1.0239330945078413,2.0458248846528325e-12,0.20168081312620714,-0.8936368376913614,0.07616842685814018
lag,0.035,0.005,5e-12,0.005,1,120,0.041646477753950445,0.002144655337543216,1.0248337908606495,2.144655337543216e-12,0.1738687358151034,-0.8464590547628577,-0.022295813273002896
lag,0.035,0.005,5e-12,0.005,1,120,0.04168233547211521,0.0021399369633793015,1.0245463827284027,2.1399369633793016e-12,0.17472936778596238,-0.848661540199,-0.020051941656714534
lag,0.035,0.005,5e-12,0.005,1,120,0.042220864436518644,0.002103260227384466,1.0250065598916343,2.103260227384466e-12,0.187566455295263,-0.8659492823395996,0.029437907788711914
lag,0.035,0.005,5e-12,0.005,1,120,0.042466405054514655,0.0020817391037928406,1.0246436786035806,2.0817391037928407e-12,0.19336523254982121,-0.8762342604714031,0.04959996628841379
lag,0.035,0.005,5e-12,0.005,1,120,0.04233787871340222,0.0020951477582745056,1.0244082175610225,2.0951477582745057e-12,0.19033410171992451,-0.8698138325377424,0.04008312792413271
lag,0.035,0.005,5e-12,0.005,1,120,0.04157990302040652,0.002157123510702571,1.025708304910596,2.157123510702571e-12,0.1722688885761775,-0.8406622862572298,-0.024754311726821965
lag,0.035,0.005,5e-12,0.005,1,120,0.042179636348479606,0.0021124183823748137,1.0257619949498136,2.112418382374814e-12,0.18658949210346232,-0.8616044684934995,0.02867043871797126
lag,0.035,0.005,5e-12,0.005,1,120,0.041788438349010824,0.0021350362210375887,1.0246982728205059,2.1350362210375888e-12,0.17727164526070513,-0.8509543005402381,-0.0091879452628963465
lag,0.035,0.005,5e-12,0.005,1,120,0.04217629490452811,0.0021121729331305466,1.0253430376611756,2.112172933130547e-12,0.1865102696017694,-0.8617206687250543,0.028139899436430804
lag,0.035,0.005,5e-12,0.005,1,120,0.04202418370673112,0.002120035217792,1.0256360070062702,2.120035217792e-12,0.18289719362449644,-0.8580052117221222,0.01299356791253603
lag,0.035,0.005,5e-12,0.005,1,120,0.041731650605200135,0.0021455127044938465,1.0255337241136788,2.1455127044938466e-12,0.17591178673390467,-0.8460593655415296,-0.011334690496713318
lag,0.035,0.005,5e-12,0.005,1,120,0.041808674789394,0.00213508073667024,1.0247034695044501,2.13508073667024e-12,0.17775578735649597,-0.8509334506979065,-0.0066577768130511306
lag,0.035,0.005,5e-12,0.005,1,120,0.04185407705919346,0.0021291121260622334,1.025300713775415,2.1291121260622336e-12,0.17884115147023388,-0.8537328618399409,-0.003827306499952332
lag,0.035,0.005,5e-12,0.005,1,120,0.042354047428126214,0.002091023517538587,1.023676855414611,2.091023517538587e-12,0.19071592595411213,-0.8717842450213977,0.040117636066252405
lag,0.035,0.005,5e-12,0.005,1,120,0.04189355547663398,0.0021289377443718185,1.025392503714889,2.1289377443718186e-12,0.17978394636889253,-0.8538147686732653,9.861104293479306e-4
lag,0.035,0.005,5e-12,0.005,1,120,0.04225433084162623,0.002093935352934895,1.0251975885180284,2.093935352934895e-12,0.18835879218772555,-0.8703926729862493,0.02914435137540239
lag,0.035,0.005,5e-12,0.005,1,120,0.041253574399533983,0.0021953254009051417,1.026846145201137,2.195325400905142e-12,0.16438969964711372,-0.8231076304683486,-0.047664404926134996
lag,0.035,0.005,5e-12,0.005,1,120,0.0419579481440372,0.0021222443032005425,1.0245050267785971,2.1222443032005424e-12,0.18131982055792467,-0.8569637501223932,0.005821819738219269
lag,0.035,0.005,5e-12,0.005,1,120,0.04143905143862075,0.0021709010872658246,1.026573857755631,2.1709010872658245e-12,0.1688756462051608,-0.8342955834852145,-0.035853205096242124
lag,0.035,0.005,5e-12,0.005,1,120,0.04274486135139533,0.002050708792131313,1.0228725998719173,2.0507087921313127e-12,0.19990092436193738,-0.891252426783145,0.06911038078987575
lag,0.035,0.005,5e-12,0.005,1,180,0.04196871890444232,0.0021298811136232425,1.0257095550827096,2.1298811136232427e-12,0.1815764913121208,-0.8533717494708486,0.010749394679998914
lag,0.035,0.005,5e-12,0.005,1,180,0.042372624056957714,0.0020868393622134516,1.0247976950237012,2.0868393622134514e-12,0.19115443318692463,-0.8737872579705962,0.04041812509215992
lag,0.035,0.005,5e-12,0.005,1,180,0.04167744266585855,0.0021547108406287695,1.0273797231544342,2.1547108406287694e-12,0.1746119776879663,-0.841781378564128,-0.01377848799766812
lag,0.035,0.005,5e-12,0.005,1,180,0.04130018934332554,0.002184452579511005,1.026928534203639,2.184452579511005e-12,0.1655190230512177,-0.8280726509687604,-0.046849172396393524
lag,0.035,0.005,5e-12,0.005,1,180,0.04148578767032702,0.0021860029725163806,1.028270589998655,2.1860029725163808e-12,0.17000284131719076,-0.8273631628836147,-0.023125491763064665
lag,0.035,0.005,5e-12,0.005,1,180,0.041082305666641,0.002212559527290502,1.0268421831668495,2.212559527290502e-12,0.160229448253008,-0.8152879099060283,-0.06108200724254487
lag,0.035,0.005,5e-12,0.005,1,180,0.04200269339388617,0.0021175561299469577,1.0247993992283588,2.1175561299469576e-12,0.18238568316367604,-0.8591752575922549,0.009158723249629519
lag,0.035,0.005,5e-12,0.005,1,180,0.04117861835482748,0.0022014884979480527,1.0274824167173016,2.2014884979480526e-12,0.16257108818329724,-0.8203041908772514,-0.05415551487864423
lag,0.035,0.005,5e-12,0.005,1,180,0.0421830643510212,0.0020979596607451057,1.0236066280650313,2.0979596607451055e-12,0.18667076030647264,-0.8684726301257292,0.022227349400898877
lag,0.035,0.005,5e-12,0.005,1,180,0.04262526854556386,0.002068205426567414,1.024948908294105,2.068205426567414e-12,0.19709917428360238,-0.882756624857078,0.0627766747928401
lag,0.035,0.005,5e-12,0.005,1,180,0.04210944338552456,0.002111409025802168,1.0265221744880517,2.111409025802168e-12,0.18492396249030793,-0.8620824030747776,0.019488576730267493
lag,0.035,0.005,5e-12,0.005,1,180,0.04218983637969109,0.002120015914332219,1.0268348387538482,2.1200159143322193e-12,0.18683128646180905,-0.8580143170178741,0.033525394063820935
lag,0.035,0.005,5e-12,0.005,1,180,0.04240635914291392,0.002090258647540717,1.024787100692883,2.090258647540717e-12,0.19195026928836037,-0.8721500993102039,0.046238434411121854
lag,0.035,0.005,5e-12,0.005,1,180,0.04268524532932872,0.0020650743468937746,1.0238830737119138,2.0650743468937747e-12,0.1985052563928798,-0.8842716833308193,0.06869873750594169
lag,0.035,0.005,5e-12,0.005,1,180,0.04248889349467403,0.0020741277528846898,1.0239542941829434,2.07412775288469e-12,0.1938946507513621,-0.8798972071830655,0.0487255861565139
lag,0.035,0.005,5e-12,0.005,1,180,0.04230402397969965,0.0021082403584279205,1.026350679967512,2.1082403584279204e-12,0.18953414958201736,-0.8635842662303712,0.042114707252385086
lag,0.035,0.005,5e-12,0.005,1,180,0.04249987845669094,0.0020802186806670783,1.024437675254944,2.0802186806670784e-12,0.19415315459430185,-0.8769648893110685,0.05302003931860766
lag,0.035,0.005,5e-12,0.005,1,180,0.04146516223536922,0.002150090439203477,1.0239595392219345,2.1500904392034767e-12,0.16950554899187545,-0.8439280064334225,-0.04224788924764
lag,0.035,0.005,5e-12,0.005,1,180,0.04194791867839527,0.0021232292343781817,1.0258162702798623,2.1232292343781816e-12,0.18108075585197456,-0.8564997589154801,0.005042157205533027
lag,0.035,0.005,5e-12,0.005,1,180,0.041820152083762725,0.0021311032595424046,1.0244263165541998,2.1311032595424048e-12,0.17803026913197742,-0.8527981045824171,-0.00709924619583957
lag,0.035,0.005,5e-12,0.005,1,180,0.04233805864876505,0.0020912719264333385,1.0241644216673598,2.0912719264333385e-12,0.19033835169620922,-0.8716654543245801,0.03825381812228612
lag,0.035,0.005,5e-12,0.005,1,180,0.04283525502178219,0.002048549251584914,1.0240905325217302,2.048549251584914e-12,0.20201341749314067,-0.8923060519627012,0.07926557073828999
lag,0.035,0.005,5e-12,0.005,1,180,0.04144329338985536,0.002173208590501866,1.0273287394776163,2.173208590501866e-12,0.1689780069973681,-0.8332332238192638,-0.03426484347719927
lag,0.035,0.005,5e-12,0.005,1,180,0.04182028034112804,0.0021293867165319237,1.025477739591394,2.1293867165319237e-12,0.17803333600673138,-0.8536039006823967,-0.0078891383825204775
lag,0.035,0.005,5e-12,0.005,1,180,0.04256052265786099,0.0020567917519037204,1.0226576699601895,2.05679175190372e-12,0.19557906396342462,-0.8882905456322053,0.049214263942557124
lag,0.035,0.005,5e-12,0.005,1,180,0.04204830606303797,0.002116476224281113,1.0264967478756977,2.116476224281113e-12,0.18347104024269156,-0.8596853650259797,0.014304586790728324
lag,0.035,0.005,5e-12,0.005,1,180,0.042166509538626086,0.0021003418739378088,1.0249787938053565,2.1003418739378086e-12,0.1862782316464149,-0.8673377838414927,0.021309398948141545
lag,0.035,0.005,5e-12,0.005,1,180,0.04299534266714997,0.0020311762690740434,1.0236920559366927,2.0311762690740435e-12,0.2057437382719102,-0.9008228442989985,0.09059964642759777
lag,0.035,0.005,5e-12,0.005,1,180,0.042822022108292807,0.0020431905967746326,1.0231624900543461,2.0431905967746324e-12,0.2017044440109562,-0.8949253083536073,0.07500543307470031
lag,0.035,0.005,5e-12,0.005,1,180,0.042816535711296434,0.0020609674143092925,1.0250052383493236,2.0609674143092924e-12,0.20157631487978991,-0.8862624212721687,0.08298800692858876
lag,0.035,0.008,8e-12,0.005,1,60,0.04847384986562787,0.002789856487119461,1.0331896234866156,2.789856487119461e-12,0.32567641301698946,-1.0534513854779939,0.6173059978598612
lag,0.035,0.008,8e-12,0.005,1,60,0.04879658818957792,0.002756998994857442,1.032581988545629,2.7569989948574423e-12,0.33231233477758626,-1.0652987742166098,0.6454781612910516
lag,0.035,0.008,8e-12,0.005,1,60,0.050162239372533945,0.002628563104047554,1.0310369611344106,2.628563104047554e-12,0.3599144784267089,-1.1130041930636547,0.7671134891305542
lag,0.035,0.008,8e-12,0.005,1,60,0.048548632176884904,0.002781107574520641,1.0331497580419935,2.7811075745206406e-12,0.327217959357423,-1.0565922852197744,0.6234381047139532
lag,0.035,0.008,8e-12,0.005,1,60,0.049836314329087805,0.0026528814865015484,1.0300183250278552,2.6528814865015485e-12,0.3533958601969127,-1.1037951390254088,0.7359078377814785
lag,0.035,0.008,8e-12,0.005,1,60,0.05024075110468705,0.0026288395557648916,1.0300179364481987,2.6288395557648916e-12,0.36147841089092103,-1.1128990264118,0.776954110569394
lag,0.035,0.008,8e-12,0.005,1,60,0.049170135994753734,0.002707316951035069,1.0309310583287963,2.7073169510350688e-12,0.33993838573808816,-1.0834834521849834,0.6736134111644791
lag,0.035,0.008,8e-12,0.005,1,60,0.049829291352664985,0.0026712047240532045,1.0320853750247567,2.6712047240532046e-12,0.35325492940365855,-1.0969119635206133,0.7419201642098445
lag,0.035,0.008,8e-12,0.005,1,60,0.04906715827316334,0.0027322459907488483,1.0316048040517447,2.7322459907488483e-12,0.3378418752412052,-1.0743175634870525,0.670010062385201
lag,0.035,0.008,8e-12,0.005,1,60,0.04926256930938491,0.0027092521769813945,1.0305225613964835,2.7092521769813945e-12,0.34181648797078285,-1.0827688943226426,0.6857897000410862
lag,0.035,0.008,8e-12,0.005,1,60,0.049415750413195805,0.0026869591136465683,1.0303983848565794,2.6869591136465684e-12,0.3449211461628355,-1.0910314285200602,0.6965216227162192
lag,0.035,0.008,8e-12,0.005,1,60,0.049699515742551235,0.0026667527527221234,1.0308073162743114,2.6667527527221235e-12,0.35064712795506087,-1.0985800069183747,0.7241599451579781
lag,0.035,0.008,8e-12,0.005,1,60,0.04999511746983944,0.0026422211811979192,1.031000393552603,2.6422211811979192e-12,0.3565772885673904,-1.1078216217492385,0.7515729445108512
lag,0.035,0.008,8e-12,0.005,1,60,0.049371299562363406,0.00270203687417932,1.0309566591016002,2.70203687417932e-12,0.3440212133509257,-1.0854356552403812,0.6966054904926808
lag,0.035,0.008,8e-12,0.005,1,60,0.04959575230466463,0.0026805914669377467,1.0309911442738708,2.680591466937747e-12,0.34855712955537954,-1.0934040748884246,0.7164692108899886
lag,0.035,0.008,8e-12,0.005,1,60,0.049381006428624794,0.0026948349118707604,1.0316851128748046,2.6948349118707605e-12,0.3442178035205473,-1.0881045963859863,0.6951402007634877
lag,0.035,0.008,8e-12,0.005,1,60,0.04985457941299537,0.002654347988023716,1.0291273067376696,2.654347988023716e-12,0.35376229455067015,-1.103242496044158,0.7387253511672673
lag,0.035,0.008,8e-12,0.005,1,60,0.04920762522610993,0.0027048334173031905,1.0308863961286363,2.7048334173031905e-12,0.34070053427055436,-1.0844012145297728,0.6773443135078578
lag,0.035,0.008,8e-12,0.005,1,60,0.04987191201214734,0.002654934393338839,1.030657414009591,2.654934393338839e-12,0.3541098972604177,-1.1030215978980862,0.741095491608184
lag,0.035,0.008,8e-12,0.005,1,60,0.04900067142862857,0.0027209410838548603,1.031411835730614,2.7209410838548603e-12,0.3364859391524056,-1.0784637345001844,0.6576195226497581
lag,0.035,0.008,8e-12,0.005,1,60,0.04913487599307499,0.002713815576275785,1.0305420681035542,2.713815576275785e-12,0.3392210265215472,-1.0810859353115754,0.6716386878297231
lag,0.035,0.008,8e-12,0.005,1,60,0.0493923438179493,0.0027047182182369416,1.0302577382196438,2.7047182182369414e-12,0.3444473672509663,-1.0844438055147665,0.7002068279109459
lag,0.035,0.008,8e-12,0.005,1,60,0.04936431492114716,0.0027071197814060315,1.0318287483882753,2.7071197814060313e-12,0.3438797316522613,-1.0835562832619237,0.6976187669603235
lag,0.035,0.008,8e-12,0.005,1,60,0.049979182170415914,0.0026389360563878867,1.030799602761769,2.6389360563878867e-12,0.35625850064657855,-1.109065714695523,0.7483528744360499
lag,0.035,0.008,8e-12,0.005,1,60,0.04891310323340019,0.0027400052186017567,1.0317037806785185,2.7400052186017566e-12,0.3346972588798368,-1.0714817166824895,0.6537430842591334
lag,0.035,0.008,8e-12,0.005,1,60,0.04913406659906316,0.0027265123021427196,1.032319457347695,2.7265123021427197e-12,0.3392045534835658,-1.076418294241954,0.6762059640418772
lag,0.035,0.008,8e-12,0.005,1,60,0.048703153631085544,0.0027533618803072964,1.0325398886223338,2.7533618803072964e-12,0.3303957227876568,-1.066618874718458,0.6325721755361491
lag,0.035,0.008,8e-12,0.005,1,60,0.04932633737725612,0.002690578990043182,1.0301562446097399,2.690578990043182e-12,0.3431101036301301,-1.0896851332921806,0.6867807014875777
lag,0.035,0.008,8e-12,0.005,1,60,0.04976389069507253,0.0026601668528455007,1.0310541265516595,2.6601668528455007e-12,0.35194157309455026,-1.1010526942198144,0.729669751969179
lag,0.035,0.008,8e-12,0.005,1,60,0.04979651751222725,0.002660339469380268,1.0299505042013941,2.660339469380268e-12,0.3525969906226655,-1.1009878069612065,0.7337803645549723
lag,0.035,0.008,8e-12,0.005,1,120,0.049167208261689674,0.002695373339383432,1.0294328168601703,2.695373339383432e-12,0.3398788410536744,-1.0879048165298602,0.668829007919659
lag,0.035,0.008,8e-12,0.005,1,120,0.04819317056051742,0.0027971803584767867,1.033290433349289,2.7971803584767868e-12,0.3198692599123978,-1.0508296467084852,0.5851235027956743
lag,0.035,0.008,8e-12,0.005,1,120,0.049615838335634294,0.0026716435512790637,1.0298845530664005,2.6716435512790637e-12,0.34896204255222735,-1.09674769637162,0.7156162572470319
lag,0.035,0.008,8e-12,0.005,1,120,0.04934451795854374,0.002683580670781738,1.0293353476720186,2.683580670781738e-12,0.3434786132864312,-1.0922895677187587,0.6864306591406648
lag,0.035,0.008,8e-12,0.005,1,120,0.04914232844134565,0.0027364670239185744,1.0329251275280429,2.7364670239185743e-12,0.33937268830980893,-1.0727738606097434,0.6808748661171162
lag,0.035,0.008,8e-12,0.005,1,120,0.04856930108453389,0.002747495703964696,1.0316592891071583,2.747495703964696e-12,0.3276436049054065,-1.0687516980015441,0.6138416364806576
lag,0.035,0.008,8e-12,0.005,1,120,0.04902396281798925,0.0027266496866534024,1.0317924807497778,2.726649686653402e-12,0.33696115418336203,-1.076367907141408,0.6626034822892586
lag,0.035,0.008,8e-12,0.005,1,120,0.04987346984383531,0.0026536818918223657,1.0309340908869293,2.6536818918223656e-12,0.3541411334271274,-1.1034934728547354,0.7408167877808427
lag,0.035,0.008,8e-12,0.005,1,120,0.050946045160969934,0.0025385028795936442,1.0266080151565888,2.5385028795936443e-12,0.3754190732032809,-1.1478670519069798,0.8294425480532917
lag,0.035,0.008,8e-12,0.005,1,120,0.04968231172699908,0.0026737598465288977,1.0308664427373022,2.6737598465288977e-12,0.35030090740021586,-1.0959558776058842,0.7246507765420012
lag,0.035,0.008,8e-12,0.005,1,120,0.0494050719282968,0.0026849315947283132,1.0297715194487644,2.6849315947283134e-12,0.344705028047492,-1.0917862908672673,0.6944426282415357
lag,0.035,0.008,8e-12,0.005,1,120,0.049131751291159716,0.00270308551116773,1.0296646425140674,2.70308551116773e-12,0.3391574301205576,-1.0850476392337836,0.6672895208700207
lag,0.035,0.008,8e-12,0.005,1,120,0.049339753337673875,0.002685304379667393,1.0303638191450886,2.685304379667393e-12,0.3433820503628571,-1.091647457139492,0.6864819567320679
lag,0.035,0.008,8e-12,0.005,1,120,0.048966862248504404,0.0027299813394961983,1.0311464296201027,2.7299813394961985e-12,0.3357957271975392,-1.0751467678557065,0.6567441509588392
lag,0.035,0.008,8e-12,0.005,1,120,0.0500401091473204,0.0026325168396356857,1.0279049843400565,2.6325168396356858e-12,0.35747680530836456,-1.1115011798516294,0.7534723544160995
lag,0.035,0.008,8e-12,0.005,1,120,0.04921818963431942,0.0027105310145823457,1.0314805180876958,2.7105310145823455e-12,0.3409152016983027,-1.0822969796428543,0.6807585350127532
lag,0.035,0.008,8e-12,0.005,1,120,0.049200492630689756,0.002706339228742418,1.0309252162722182,2.7063392287424182e-12,0.3405555747776182,-1.0838446580949312,0.6770164281105981
lag,0.035,0.008,8e-12,0.005,1,120,0.049626386863594385,0.0026691049491707687,1.031062536302517,2.669104949170769e-12,0.34917462400087257,-1.097698350497823,0.7159736205878802
lag,0.035,0.008,8e-12,0.005,1,120,0.0494002565841764,0.00266274107090998,1.0287093694306837,2.66274107090998e-12,0.3446075567026422,-1.1000854716782873,0.6855463447595858
lag,0.035,0.008,8e-12,0.005,1,120,0.048758532439504315,0.0027390780685888046,1.0318546962488184,2.7390780685888048e-12,0.33153214503954764,-1.0718201492169863,0.6342378732815483
lag,0.035,0.008,8e-12,0.005,1,120,0.04917491720748508,0.0027109241048553947,1.0297642556928823,2.7109241048553946e-12,0.3400356191540951,-1.0821519668132438,0.6755377669149061
lag,0.035,0.008,8e-12,0.005,1,120,0.04986382493700891,0.0026468741842789007,1.0299111045216267,2.646874184278901e-12,0.35394772720174983,-1.1060621510043072,0.7370521411847972
lag,0.035,0.008,8e-12,0.005,1,120,0.05011665330290386,0.0026284401379341555,1.029268973727247,2.6284401379341557e-12,0.35900529262391334,-1.113050974892678,0.7614140346674001
lag,0.035,0.008,8e-12,0.005,1,120,0.048376234079665674,0.0027800236619172276,1.031787801160186,2.7800236619172276e-12,0.32366060022590326,-1.0569821025324955,0.6016709233460478
lag,0.035,0.008,8e-12,0.005,1,120,0.04973908693342096,0.002655594644181765,1.02993315454811,2.655594644181765e-12,0.3514430199304844,-1.102772940620567,0.7248738391236316
lag,0.035,0.008,8e-12,0.005,1,120,0.04897795643507268,0.0027379467489923493,1.0320050486656975,2.7379467489923492e-12,0.3360222667279571,-1.0722332638732917,0.6610333340757206
lag,0.035,0.008,8e-12,0.005,1,120,0.0502135093489011,0.0025975020245262927,1.0280994852640788,2.5975020245262926e-12,0.36093603954040304,-1.1248913182754996,0.7615838409882363
lag,0.035,0.008,8e-12,0.005,1,120,0.04998276563474711,0.002630686463559087,1.0297727589099455,2.630686463559087e-12,0.3563301972153511,-1.1121967167879578,0.7456662219206831
lag,0.035,0.008,8e-12,0.005,1,120,0.05021212932515314,0.0026133636277285055,1.0297616373854992,2.6133636277285055e-12,0.360908556045824,-1.1188034038097683,0.7675006325092208
lag,0.035,0.008,8e-12,0.005,1,120,0.04914259324910839,0.0026959606081943563,1.0293874961441998,2.695960608194356e-12,0.3393780768833192,-1.0876869599403938,0.6659946029490464
lag,0.035,0.008,8e-12,0.005,1,180,0.04949702589181709,0.0026689273268538046,1.0292699697342256,2.6689273268538047e-12,0.3465645232865813,-1.0977649002329481,0.6998663103523708
lag,0.035,0.008,8e-12,0.005,1,180,0.04890439556330024,0.0027168693068790224,1.0322613535019862,2.7168693068790225e-12,0.3345192197717005,-1.0799613143877704,0.6441837354614592
lag,0.035,0.008,8e-12,0.005,1,180,0.04954098049681651,0.002662722893959308,1.029604430074072,2.662722893959308e-12,0.3474521543988815,-1.10009229810723,0.7029892834980167
lag,0.035,0.008,8e-12,0.005,1,180,0.04903066156329191,0.0027167077447971064,1.0302284653912532,2.7167077447971066e-12,0.33709778711333055,-1.0800207824252812,0.6597812514229151
lag,0.035,0.008,8e-12,0.005,1,180,0.04975482996330721,0.002659082329047123,1.0300103871919983,2.659082329047123e-12,0.3517594820923667,-1.1014604674886799,0.7281384479614139
lag,0.035,0.008,8e-12,0.005,1,180,0.049323314880675935,0.002693890993696633,1.0303694260148815,2.6938909936966326e-12,0.3430488262406624,-1.088454927132186,0.6876361180716295
lag,0.035,0.008,8e-12,0.005,1,180,0.0483692563678415,0.002794645902447065,1.0337172721275254,2.7946459024470653e-12,0.3235163513972706,-1.0517361327418524,0.6060516568704932
lag,0.035,0.008,8e-12,0.005,1,180,0.0491414924586345,0.0027207296380743766,1.029888534833046,2.7207296380743764e-12,0.33935567670599637,-1.0785414480522884,0.6750036168183893
lag,0.035,0.008,8e-12,0.005,1,180,0.0501916032028392,0.002611061545211621,1.0277614354972668,2.611061545211621e-12,0.36049968434189256,-1.1196846807310266,0.7640741164210336
lag,0.035,0.008,8e-12,0.005,1,180,0.049364542209487064,0.0026918435610297923,1.0311121615611583,2.6918435610297923e-12,0.34388433594621376,-1.0892152441306076,0.6919879898457879
lag,0.035,0.008,8e-12,0.005,1,180,0.048851327628315844,0.002746524986807529,1.0322959480779033,2.746524986807529e-12,0.3334334942823925,-1.0691050702299738,0.6484595556811903
lag,0.035,0.008,8e-12,0.005,1,180,0.049436406223853244,0.0026823810271921758,1.0302080112142566,2.682381027192176e-12,0.34533905937101983,-1.092736698606779,0.6973776731510228
lag,0.035,0.008,8e-12,0.005,1,180,0.04912620884233585,0.0027223884153627317,1.0309856581427574,2.7223884153627315e-12,0.33904461587482715,-1.077931952787471,0.6737179436621743
lag,0.035,0.008,8e-12,0.005,1,180,0.04858798789892392,0.0027735977995372546,1.032852072542561,2.7735977995372544e-12,0.32802827629374964,-1.0592962196512754,0.6256142798152904
lag,0.035,0.008,8e-12,0.005,1,180,0.049813667743587,0.0026412756187674134,1.029268309209793,2.6412756187674135e-12,0.35294133756841556,-1.1081795522927402,0.7287152479120478
lag,0.035,0.008,8e-12,0.005,1,180,0.04896737134984939,0.0027215673249261483,1.0305293007880498,2.7215673249261484e-12,0.33580612399805065,-1.0782336049249903,0.6537204424563334
lag,0.035,0.008,8e-12,0.005,1,180,0.05006118095239572,0.002631069598153883,1.0304568839618966,2.631069598153883e-12,0.3578978149749849,-1.1120510868533964,0.7555353512436727
lag,0.035,0.008,8e-12,0.005,1,180,0.049365825295863676,0.00269484121943631,1.03173623733344,2.6948412194363103e-12,0.3439103276731587,-1.0881022557757543,0.6932600809113412
lag,0.035,0.008,8e-12,0.005,1,180,0.04950095425562801,0.0026691521666988532,1.0294626022239053,2.669152166698853e-12,0.3466438857908897,-1.0976806602565845,0.7004376674412884
lag,0.035,0.008,8e-12,0.005,1,180,0.049175685262101955,0.0027049285257155797,1.0307156452300779,2.7049285257155797e-12,0.34005123786099883,-1.0843660527561492,0.6734189197444929
lag,0.035,0.008,8e-12,0.005,1,180,0.04942278946762072,0.00267279498047974,1.0304578832142148,2.67279498047974e-12,0.3450635815821628,-1.0963168076218857,0.6921090863630834
lag,0.035,0.008,8e-12,0.005,1,180,0.04959744531802176,0.0026830022916911624,1.0306617477275697,2.6830022916911625e-12,0.3485912652299595,-1.0925051160842119,0.7175781033504858
lag,0.035,0.008,8e-12,0.005,1,180,0.04942825107598424,0.002679430584812602,1.030391279550066,2.679430584812602e-12,0.3451740833702884,-1.0938372380851757,0.6952658953368696
lag,0.035,0.008,8e-12,0.005,1,180,0.04919908188841848,0.0026897924356990128,1.02953698776064,2.6897924356990127e-12,0.34052690103023137,-1.0899775124933673,0.6707086416705244
lag,0.035,0.008,8e-12,0.005,1,180,0.04995239594530824,0.002641997112667486,1.0307476890269036,2.641997112667486e-12,0.35572240932781285,-1.1079064284389346,0.7461906687792865
lag,0.035,0.008,8e-12,0.005,1,180,0.04855926936958873,0.0027758810633206578,1.0321302465979663,2.7758810633206576e-12,0.3274370392175986,-1.0584733445782584,0.6228760572507437
lag,0.035,0.008,8e-12,0.005,1,180,0.049623072611648174,0.0026565519451819705,1.0285566583880204,2.6565519451819705e-12,0.34910783770369846,-1.1024125209693154,0.7108484828750576
lag,0.035,0.008,8e-12,0.005,1,180,0.05062548736545362,0.002562052247660178,1.0282966234703603,2.562052247660178e-12,0.3691070908628738,-1.1386329451032506,0.7989274882129982
lag,0.035,0.008,8e-12,0.005,1,180,0.04915368945111537,0.0027224366883946446,1.0315523191025284,2.7224366883946447e-12,0.33960384741602495,-1.07791422107672,0.677143270861585
lag,0.035,0.008,8e-12,0.005,1,180,0.049975787977181274,0.002643664300316283,1.0307354063858678,2.6436643003162832e-12,0.3561905862000845,-1.107275594348809,0.7497221148216686
drift,0.01,0.002,2e-12,0.005,1,60,0.011139012038095513,0.0020488786973128286,0.996242779988788,2.0488786973128288e-12,0.10786845158442204,0.024145486023352994,0.1653829787471966
drift,0.01,0.002,2e-12,0.005,1,60,0.006526277714106299,0.0024837512155804005,1.005032750698193,2.4837512155804005e-12,-0.42674834070134143,0.21662282373717143,-0.21411873971364756
drift,0.01,0.002,2e-12,0.005,1,60,0.009461241240417022,0.0021842984057497744,0.9985678845695718,2.1842984057497742e-12,-0.055381509191043926,0.08814750065863086,0.021341414470341546
drift,0.01,0.002,2e-12,0.005,1,60,0.011184741822569162,0.0020696621274162437,0.9976242259900836,2.0696621274162437e-12,0.11196541921129531,0.03423818992451825,0.1811461759230943
drift,0.01,0.002,2e-12,0.005,1,60,0.008584139956838877,0.002241127680945524,1.0001147694697117,2.241127680945524e-12,-0.15266878341379211,0.11383198762267849,-0.06173465772930084
drift,0.01,0.002,2e-12,0.005,1,60,0.010065835010797605,0.002103913457133485,0.9984786209036679,2.103913457133485e-12,0.006561924484446143,0.050651980928432545,0.05881552226733548
drift,0.01,0.002,2e-12,0.005,1,60,0.010578240546916955,0.002068863174487975,0.9980749350628482,2.068863174487975e-12,0.056214019693412526,0.033852084788069656,0.10555391260577209
drift,0.01,0.002,2e-12,0.005,1,60,0.008656281466636735,0.0022281183905572123,0.9998191178272055,2.228118390557212e-12,-0.14429985447811128,0.10801027768634407,-0.05861082045070089
drift,0.01,0.002,2e-12,0.005,1,60,0.009570989321258687,0.0021510635937459573,0.9980375254579871,2.151063593745957e-12,-0.043848515520248196,0.07281523402407161,0.01961790986014872
drift,0.01,0.002,2e-12,0.005,1,60,0.010494603069932515,0.0020890498940914575,0.9991299530156263,2.0890498940914576e-12,0.04827603868981342,0.043562185928139124,0.1048929665997709
drift,0.01,0.002,2e-12,0.005,1,60,0.009053575344321722,0.00221687240949828,0.9993453059733559,2.2168724094982797e-12,-0.09942534762919719,0.10295019744755352,-0.014406459856553033
drift,0.01,0.002,2e-12,0.005,1,60,0.00822597144381897,0.002307450762997824,1.0034786564407945,2.307450762997824e-12,-0.19528869464589077,0.1429961687948433,-0.07698337217160447
drift,0.01,0.002,2e-12,0.005,1,60,0.010956376108858346,0.002091862914179593,0.9991442487275726,2.091862914179593e-12,0.09133648684807548,0.044907834900798076,0.16349847239923299
drift,0.01,0.002,2e-12,0.005,1,60,0.008985359527983234,0.002236901207528205,1.002747938715589,2.236901207528205e-12,-0.10698855931497242,0.11194433804400532,-0.01387108048607373
drift,0.01,0.002,2e-12,0.005,1,60,0.008963248692903845,0.0022540941786618482,1.0013962619126946,2.2540941786618483e-12,-0.1094523543894652,0.11960101708708651,-0.008956144992836673
drift,0.01,0.002,2e-12,0.005,1,60,0.011975030192682359,0.002014152058481181,0.9984244476047355,2.0141520584811808e-12,0.1802385716093463,0.007051111621830548,0.251954855514443
drift,0.01,0.002,2e-12,0.005,1,60,0.007745092487520786,0.0023143863497379394,1.002452390988572,2.3143863497379394e-12,-0.25552567761862016,0.14599739613232343,-0.1336111354150991
drift,0.01,0.002,2e-12,0.005,1,60,0.009946862010132371,0.0021040444261527223,0.9964785049946221,2.1040444261527223e-12,-0.005327967431064519,0.05071422918419563,0.04412511844060966
drift,0.01,0.002,2e-12,0.005,1,60,0.011756442862574254,0.0020258333983248413,0.9994260953567397,2.0258333983248413e-12,0.16181632604857987,0.012833990061455388,0.23063290502066286
drift,0.01,0.002,2e-12,0.005,1,60,0.009355419534817121,0.0021494982581727155,0.9986412151457599,2.1494982581727156e-12,-0.06662928822147622,0.0720872660532489,-0.00784071162942808
drift,0.01,0.002,2e-12,0.005,1,60,0.011213774602252424,0.0020502155387462466,0.9980012053192466,2.0502155387462465e-12,0.11455780483113612,0.024797747915287053,0.17530579859458764
drift,0.01,0.002,2e-12,0.005,1,60,0.007414319482122174,0.00232121322915854,1.001885452784521,2.32121322915854e-12,-0.29917189745907785,0.14894281203373744,-0.17168157218311303
drift,0.01,0.002,2e-12,0.005,1,60,0.008423633119695004,0.002243623450644596,0.9993754426628166,2.243623450644596e-12,-0.17154387090386897,0.1149449902769991,-0.08052450288082046
drift,0.01,0.002,2e-12,0.005,1,60,0.009874959177847071,0.0020991956050347843,0.9966832419231455,2.0991956050347843e-12,-0.012582916104308828,0.048407045567340594,0.032901983620377405
drift,0.01,0.002,2e-12,0.005,1,60,0.008922337295769084,0.002226277511717832,0.9999645840717981,2.2262775117178323e-12,-0.11402715205198077,0.10718373285980831,-0.02644644246482536
drift,0.01,0.002,2e-12,0.005,1,60,0.010089822393068569,0.0021637892762416187,1.000630420315598,2.1637892762416187e-12,0.008942138943861106,0.07871379871501642,0.08985177545551895
drift,0.01,0.002,2e-12,0.005,1,60,0.008330641019364945,0.0022694897463505395,1.0012943661263907,2.2694897463505394e-12,-0.18264468667099726,0.1264078443228786,-0.08059266927586822
drift,0.01,0.002,2e-12,0.005,1,60,0.007427785135351279,0.00231489820508018,1.000076747156373,2.31489820508018e-12,-0.2973573762343889,0.146218534123849,-0.17273610909259246
drift,0.01,0.002,2e-12,0.005,1,60,0.009223135516810407,0.002196935767130637,0.9997607843007587,2.1969357671306367e-12,-0.08087003549370919,0.09391637578820018,-0.002414820127309328
drift,0.01,0.002,2e-12,0.005,1,60,0.008993500727735203,0.002186869270774895,0.9989470074806625,2.1868692707748947e-12,-0.10608291789025283,0.0893237837535837,-0.035482126007251105
drift,0.01,0.002,2e-12,0.005,1,120,0.00943696366052531,0.0021893909295186867,0.9996260170871722,2.1893909295186865e-12,-0.05795081070664137,0.09047621021246031,0.020659704117598654
drift,0.01,0.002,2e-12,0.005,1,120,0.009390324435585977,0.002209983725157121,1.0014333803535733,2.209983725157121e-12,-0.0629052491901372,0.09983797076030215,0.024238200772963306
drift,0.01,0.002,2e-12,0.005,1,120,0.009342894968234608,0.002194078806456305,1.0002902008182897,2.194078806456305e-12,-0.06796893500659947,0.09261509972564146,0.011134075786732825
drift,0.01,0.002,2e-12,0.005,1,120,0.00958493672064652,0.0021689324050349007,1.00010794748763,2.168932405034901e-12,-0.04239231843304336,0.08108788668433563,0.02962004004450413
drift,0.01,0.002,2e-12,0.005,1,120,0.009560399671415582,0.0021639763432462723,0.9992356624830441,2.1639763432462724e-12,-0.04495556017117969,0.07880024840809936,0.02428980766363148
drift,0.01,0.002,2e-12,0.005,1,120,0.009562004721580536,0.00216502154515701,0.9980022429531061,2.16502154515701e-12,-0.04478768900438106,0.07928313241866777,0.02497171789465416
drift,0.01,0.002,2e-12,0.005,1,120,0.009580539718179192,0.0021629679493349882,0.9991576806351453,2.1629679493349884e-12,-0.042851164583673426,0.07833414861048046,0.026321073664700274
drift,0.01,0.002,2e-12,0.005,1,120,0.009798435529967179,0.0021274840140527267,0.997473046138537,2.1274840140527267e-12,-0.020362359860575968,0.061792886918451445,0.03679889263438161
drift,0.01,0.002,2e-12,0.005,1,120,0.009488408490606818,0.002184521760581162,1.0000157148859112,2.1845217605811618e-12,-0.052514198270967725,0.0882497501553272,0.024812402990572552
drift,0.01,0.002,2e-12,0.005,1,120,0.009613327643692191,0.0021622618854705397,0.999938555435877,2.16226188547054e-12,-0.039434661094522094,0.07800766243624827,0.030060290254079948
drift,0.01,0.002,2e-12,0.005,1,120,0.009432285097939138,0.0021846379156700096,1.0002231148847727,2.1846379156700096e-12,-0.05844670354709669,0.08830292060341428,0.017906272747867366
drift,0.01,0.002,2e-12,0.005,1,120,0.00983286478561191,0.0021237286707059435,0.9978402606204163,2.1237286707059434e-12,-0.016854768372449723,0.06002617017099779,0.0393014035868747
drift,0.01,0.002,2e-12,0.005,1,120,0.009980761342038237,0.002103637520286412,0.9966760826061655,2.1036375202864117e-12,-0.0019257188029828585,0.05052081824070779,0.04813522465344921
drift,0.01,0.002,2e-12,0.005,1,120,0.009441062597007693,0.0021788933043857214,1.0001302777523169,2.1788933043857214e-12,-0.05751655592906236,0.08566990880016914,0.0163616708291231
drift,0.01,0.002,2e-12,0.005,1,120,0.009334038113927858,0.0021990364300786456,0.9991958696584254,2.1990364300786457e-12,-0.06891736213129847,0.09487209753240897,0.012292823659463312
drift,0.01,0.002,2e-12,0.005,1,120,0.009615548426804423,0.0021506393526844613,0.9985772189170385,2.1506393526844614e-12,-0.03920367691073887,0.07261799071454753,0.024945995638295977
drift,0.01,0.002,2e-12,0.005,1,120,0.00908486168359266,0.0022505687100554204,1.0029322284098403,2.2505687100554202e-12,-0.09597561596267108,0.11803576374258133,0.004558612508071089
drift,0.01,0.002,2e-12,0.005,1,120,0.009851775518222031,0.0021262209105455624,0.9977143655431245,2.1262209105455624e-12,-0.014933398397088082,0.06119900296708273,0.04281916722661459
drift,0.01,0.002,2e-12,0.005,1,120,0.009307173048649012,0.0022045607144695095,1.000204420135707,2.2045607144695094e-12,-0.07179969457673507,0.09738108602862566,0.011470544061103136
drift,0.01,0.002,2e-12,0.005,1,120,0.009479712053450101,0.002180382900114932,0.9990692061211233,2.180382900114932e-12,-0.053431151297056945,0.08635332307231355,0.021837617700126113
drift,0.01,0.002,2e-12,0.005,1,120,0.008835181470716533,0.002281040935339767,1.0024636931387085,2.281040935339767e-12,-0.12384344745409448,0.13148470880651167,-0.012952788824638295
drift,0.01,0.002,2e-12,0.005,1,120,0.009444208500578305,0.002192159938951487,1.001346870840357,2.192159938951487e-12,-0.05718339644372014,0.09174015071414951,0.022822004785859343
drift,0.01,0.002,2e-12,0.005,1,120,0.009533671478634351,0.002178146697273385,1.0001133285034425,2.178146697273385e-12,-0.04775519467856642,0.08532719580264808,0.02750245915330763
drift,0.01,0.002,2e-12,0.005,1,120,0.009471889457365155,0.0021764308411570316,0.9995993729208882,2.1764308411570317e-12,-0.05425668538447904,0.08453912569021392,0.01905341840349313
drift,0.01,0.002,2e-12,0.005,1,120,0.009409389653270655,0.002189679817397261,1.0002014683323797,2.189679817397261e-12,-0.060877003001879954,0.09060815047818772,0.017372467483748946
drift,0.01,0.002,2e-12,0.005,1,120,0.009497816305262065,0.0021751248802418825,0.9994374835618793,2.1751248802418824e-12,-0.051523183414001195,0.0839388985356193,0.02166812038811531
drift,0.01,0.002,2e-12,0.005,1,120,0.009370899594473533,0.0021976926059719486,1.0001945449553558,2.1976926059719488e-12,-0.06497599340410046,0.09426081394521327,0.01625236365993135
drift,0.01,0.002,2e-12,0.005,1,120,0.009216895708535865,0.0022148195424827244,0.9995437917913302,2.2148195424827246e-12,-0.08154680316687075,0.10202374895581205,0.00491881681425925
drift,0.01,0.002,2e-12,0.005,1,120,0.009760246706591893,0.002141095969365568,0.9987363674964832,2.141095969365568e-12,-0.02426741557376737,0.06817065259488682,0.038441244212281504
drift,0.01,0.002,2e-12,0.005,1,120,0.009250288116161432,0.0022068864684085857,0.9994382160414785,2.2068864684085855e-12,-0.07793039426166345,0.09843550380045495,0.00547123020447246
drift,0.01,0.002,2e-12,0.005,1,180,0.009341968440285618,0.0021922342102494597,0.9999614866643272,2.1922342102494595e-12,-0.06806810918084866,0.09177403055955223,0.010178117154968816
drift,0.01,0.002,2e-12,0.005,1,180,0.009288332824209992,0.0022170791801351805,1.0001132661562004,2.2170791801351805e-12,-0.07382601545386464,0.10304346442752424,0.014796734629563185
drift,0.01,0.002,2e-12,0.005,1,180,0.009532998358715985,0.0021713325010168983,0.9990053301530539,2.1713325010168982e-12,-0.04782580165129821,0.08219385430547956,0.024285650786261652
drift,0.01,0.002,2e-12,0.005,1,180,0.009553167788231096,0.0021767095727705885,0.9998745106771548,2.1767095727705884e-12,-0.045712287929601254,0.08466718570548298,0.029259991446138896
drift,0.01,0.002,2e-12,0.005,1,180,0.009558164586209714,0.002164540700229706,0.9984446614072963,2.164540700229706e-12,-0.045189373253159346,0.07906101068809669,0.02427341937810116
drift,0.01,0.002,2e-12,0.005,1,180,0.009491961565850028,0.0021777408838822283,0.9988003036513097,2.1777408838822283e-12,-0.052139803538499944,0.08514086712231823,0.022144101287721735
drift,0.01,0.002,2e-12,0.005,1,180,0.009639241189857315,0.0021503069954274074,0.99972741078216,2.1503069954274076e-12,-0.03674270221485138,0.07246343995719552,0.027729347499502607
drift,0.01,0.002,2e-12,0.005,1,180,0.009634759828210061,0.0021575280367987478,0.9993394959131238,2.1575280367987476e-12,-0.03720771845344214,0.07581595837104162,0.030526177069089153
drift,0.01,0.002,2e-12,0.005,1,180,0.009490972440873194,0.002183698274385519,0.9998618289003096,2.183698274385519e-12,-0.05224401556150738,0.08787271502485927,0.02475329769313532
drift,0.01,0.002,2e-12,0.005,1,180,0.009467518854815806,0.0021847859108446747,1.0003510094371855,2.1847859108446748e-12,-0.05471822067163171,0.08837066188034125,0.02234299987750117
drift,0.01,0.002,2e-12,0.005,1,180,0.009439538228962527,0.0021876893208697197,0.9995441145927147,2.1876893208697195e-12,-0.05767803045654483,0.08969870162803933,0.02020144201939264
drift,0.01,0.002,2e-12,0.005,1,180,0.009504216073754006,0.002184764469383231,1.0005561418874311,2.184764469383231e-12,-0.05084959559915416,0.0883608478447641,0.026883640990260783
drift,0.01,0.002,2e-12,0.005,1,180,0.009445729284377953,0.0021899099431107534,1.0011955133123442,2.1899099431107534e-12,-0.05702238121749271,0.09071324055570097,0.02198367181856717
drift,0.01,0.002,2e-12,0.005,1,180,0.00983158877662536,0.0021207676049851557,0.9973779749825576,2.1207676049851557e-12,-0.016984546602422292,0.058630920412805904,0.037747928714350516
drift,0.01,0.002,2e-12,0.005,1,180,0.009423907821694857,0.0021930190569830555,1.0008618527168265,2.1930190569830556e-12,-0.059335247361974666,0.0921319787528026,0.0206965486429648
drift,0.01,0.002,2e-12,0.005,1,180,0.009522190824615183,0.0021676193485698583,0.9994034608481228,2.1676193485698585e-12,-0.04896014203025587,0.0804823103740433,0.021233972626325995
drift,0.01,0.002,2e-12,0.005,1,180,0.00969970855647547,0.0021463771193703587,0.999285663662461,2.146377119370359e-12,-0.030489253660268785,0.07063417950988553,0.033398040512843716
drift,0.01,0.002,2e-12,0.005,1,180,0.009563677444773188,0.00216777210666682,0.999867322165158,2.16777210666682e-12,-0.04461276994190072,0.08055278064119333,0.026448783793068656
drift,0.01,0.002,2e-12,0.005,1,180,0.009830685651543174,0.0021273380775840606,0.9985063584960592,2.1273380775840607e-12,-0.017076410347496147,0.06172428876530653,0.040729309556660084
drift,0.01,0.002,2e-12,0.005,1,180,0.009621395320375951,0.0021643056130517297,1.000264052052262,2.1643056130517295e-12,-0.038595795136126966,0.07895239644716757,0.03200541617378548
drift,0.01,0.002,2e-12,0.005,1,180,0.0095326835498351,0.0021696673920651387,0.998709676948504,2.169667392065139e-12,-0.04785882526749241,0.08142669969850683,0.023479459878059133
drift,0.01,0.002,2e-12,0.005,1,180,0.00970031691020767,0.002152391008078125,0.9991475672987548,2.152391008078125e-12,-0.030426536862969193,0.07343214043860802,0.03627143730435909
drift,0.01,0.002,2e-12,0.005,1,180,0.009611966619070624,0.0021608226380415933,1.0004014471703062,2.1608226380415933e-12,-0.03957624796494796,0.07734181957599777,0.029225680340755143
drift,0.01,0.002,2e-12,0.005,1,180,0.009541112184074725,0.0021757388217908246,1.0008296719389982,2.1757388217908247e-12,-0.04697503318899524,0.08422111447942389,0.027319025304689777
drift,0.01,0.002,2e-12,0.005,1,180,0.009626643904291488,0.002144001419450899,0.9976176390234661,2.144001419450899e-12,-0.03805043215298247,0.06952672470571325,0.02323056883785772
drift,0.01,0.002,2e-12,0.005,1,180,0.009539637994974719,0.0021763896446866542,0.9998436660375873,2.176389644686654e-12,-0.04712955427324043,0.08452019705738265,0.027435308434247782
drift,0.01,0.002,2e-12,0.005,1,180,0.009465166430310132,0.0021948162251218045,1.0004107933640292,2.1948162251218043e-12,-0.054966724725056086,0.09295113814402856,0.026631775502484883
drift,0.01,0.002,2e-12,0.005,1,180,0.009253942436768818,0.0022250458316092478,1.0021429046044241,2.225045831609248e-12,-0.07753542289071769,0.10663033332217899,0.014119195481512442
drift,0.01,0.002,2e-12,0.005,1,180,0.009342960975128833,0.002206917057651269,1.0015873644867215,2.2069170576512688e-12,-0.06796187010206149,0.09844936451831571,0.01697652543429093
drift,0.01,0.002,2e-12,0.005,1,180,0.009646218694930295,0.002156184019952989,0.9994100231185926,2.156184019952989e-12,-0.03601909951944078,0.07519282132732305,0.031323939498679655
drift,0.01,0.005,5e-12,0.005,1,60,0.010420314754704802,0.005047908024635899,0.9976811112522497,5.047908024635899e-12,0.0411721496604491,0.009535992479531477,0.06165502206292691
drift,0.01,0.005,5e-12,0.005,1,60,0.009884942411591395,0.005211758504050788,1.0010007934565228,5.211758504050788e-12,-0.01157246222643315,0.04147941115232893,0.02721227018966193
drift,0.01,0.005,5e-12,0.005,1,60,0.009987147858523534,0.005141433176982112,0.9993360529815383,5.141433176982112e-12,-0.0012860407436605286,0.02789395637424987,0.026300290831168006
drift,0.01,0.005,5e-12,0.005,1,60,0.009733923577173828,0.005243648953431282,1.0015655588491115,5.243648953431282e-12,-0.026968032736078434,0.04757970870777755,0.014586232277332203
drift,0.01,0.005,5e-12,0.005,1,60,0.010462935058427958,0.005080017241475322,0.9990455457443649,5.080017241475323e-12,0.04525392460245779,0.015876743141735684,0.07328069038680249
drift,0.01,0.005,5e-12,0.005,1,60,0.00947428434502456,0.005227737266349222,1.0000413112017716,5.227737266349222e-12,-0.05400387574627555,0.044540626967344885,-0.020648114249609648
drift,0.01,0.005,5e-12,0.005,1,60,0.009693281741760887,0.005196760437843605,1.000505865731186,5.196760437843605e-12,-0.031152051387800556,0.03859752629029526,5.64462268645205e-4
drift,0.01,0.005,5e-12,0.005,1,60,0.010873985377864787,0.005017020489734352,0.9997532012422483,5.0170204897343516e-12,0.08378818104097224,0.0033983171207385343,0.11177250397597212
drift,0.01,0.005,5e-12,0.005,1,60,0.009347964589495139,0.005246796352429695,0.9998066418721719,5.246796352429695e-12,-0.0674264643546538,0.04817975932547512,-0.0326726315771277
drift,0.01,0.005,5e-12,0.005,1,60,0.009602661582482378,0.005219488585136796,1.0006392321079334,5.219488585136796e-12,-0.040544784771180536,0.04296151246484172,-0.006308451307343373
drift,0.01,0.005,5e-12,0.005,1,60,0.009811673981798887,0.005147476659689367,0.9988154079720467,5.147476659689367e-12,-0.019012193627710273,0.0290687131751585,0.005716286918220449
drift,0.01,0.005,5e-12,0.005,1,60,0.009199454434627942,0.005275320531844052,1.0004698908440683,5.275320531844052e-12,-0.08344091128131959,0.05360152941257866,-0.04566612069355652
drift,0.01,0.005,5e-12,0.005,1,60,0.009242164961777226,0.005260736527461395,1.0003651105744407,5.260736527461395e-12,-0.0788089315625226,0.050833128745244704,-0.04313841599437927
drift,0.01,0.005,5e-12,0.005,1,60,0.009516249176607454,0.005217455817100611,0.9996817814236746,5.217455817100612e-12,-0.049584315880660694,0.042571979286634476,-0.01741312281404131
drift,0.01,0.005,5e-12,0.005,1,60,0.010841005970920008,0.005007506914013948,0.9972785976693104,5.007506914013948e-12,0.08075070045702706,0.0015002568544748081,0.1057849972485558
drift,0.01,0.005,5e-12,0.005,1,60,0.009837033931720902,0.005177017027587396,1.0000061724028986,5.1770170275873955e-12,-0.016430857072108306,0.034791114564163755,0.014583322097555584
drift,0.01,0.005,5e-12,0.005,1,60,0.009139724529657755,0.005296107571767278,1.0020489852560044,5.296107571767278e-12,-0.0899548469692919,0.057534217883914815,-0.04913994043852356
drift,0.01,0.005,5e-12,0.005,1,60,0.009829285648944709,0.005164284610454497,0.9987132932273927,5.164284610454496e-12,-0.017218831979698302,0.03232867337208625,0.011160093841230123
drift,0.01,0.005,5e-12,0.005,1,60,0.011018183524863761,0.004976598818020733,0.9972973383416216,4.976598818020734e-12,0.0969618627396618,-0.004691222995539688,0.12156353408756664
drift,0.01,0.005,5e-12,0.005,1,60,0.010431497832861913,0.005108746770016954,1.0001414987250246,5.1087467700169535e-12,0.04224477384430329,0.02151621121677533,0.07502194249165249
drift,0.01,0.005,5e-12,0.005,1,60,0.010894184554023564,0.005015042261313697,0.9977237154285175,5.0150422613136975e-12,0.0856440267109957,0.0030039359260856657,0.11388282062500762
drift,0.01,0.005,5e-12,0.005,1,60,0.008861753673438718,0.005363865197670581,1.0020945224165145,5.363865197670581e-12,-0.12084041642356014,0.07024692173564832,-0.07089562275795068
drift,0.01,0.005,5e-12,0.005,1,60,0.010542643069506058,0.005022180487467845,0.9980448355419883,5.022180487467845e-12,0.05284318429051619,0.004426287015872749,0.07171402763462392
drift,0.01,0.005,5e-12,0.005,1,60,0.010269703169288,0.005100183494606621,0.9985886674268873,5.100183494606621e-12,0.02661302783038548,0.01983860598357044,0.05328179897528243
drift,0.01,0.005,5e-12,0.005,1,60,0.009609707217187182,0.005193496364244731,0.9994252573676109,5.193496364244731e-12,-0.03981133694971547,0.03796923119260452,-0.010427073876184967
drift,0.01,0.005,5e-12,0.005,1,60,0.010185865323567396,0.005124415614906838,0.9982772439433087,5.124415614906839e-12,0.018415913661677705,0.024578579729230696,0.04762587985158773
drift,0.01,0.005,5e-12,0.005,1,60,0.01001511960470311,0.0051443297885251415,0.9997229801396051,5.144329788525142e-12,0.001510818608900298,0.02845718374577619,0.030332014728961795
drift,0.01,0.005,5e-12,0.005,1,60,0.010263922412231296,0.005110153040364609,0.9987134560741046,5.110153040364609e-12,0.02604997507708813,0.021791440523770453,0.054517819640451125
drift,0.01,0.005,5e-12,0.005,1,60,0.009476289649059383,0.005183479967195222,0.9989245967829712,5.183479967195222e-12,-0.05379224056911068,0.036038726613932474,-0.028901356902704033
drift,0.01,0.005,5e-12,0.005,1,60,0.010341648826665445,0.005125819892171043,1.0005630097066545,5.125819892171043e-12,0.03359422436647424,0.02485257875530578,0.06721703326182088
drift,0.01,0.005,5e-12,0.005,1,120,0.010188103663018476,0.005067614512498384,0.9976148649390085,5.0676145124983834e-12,0.0186356390830287,0.013432284088913072,0.036757138303204026
drift,0.01,0.005,5e-12,0.005,1,120,0.009731392987142635,0.005191704430376401,0.9993435461595499,5.191704430376401e-12,-0.027228042896929153,0.037624137453629206,0.00431686785931594
drift,0.01,0.005,5e-12,0.005,1,120,0.008959405703906442,0.005346917541113653,1.0016725513326619,5.346917541113653e-12,-0.10988119589599815,0.06708232189004516,-0.06195137082555606
drift,0.01,0.005,5e-12,0.005,1,120,0.009850580692393212,0.005153464101653997,0.9986127106066331,5.153464101653997e-12,-0.015054686005281934,0.03023121721777792,0.011703223074536133
drift,0.01,0.005,5e-12,0.005,1,120,0.009031656285015389,0.005350302060812879,1.002676523767017,5.3503020608128794e-12,-0.1018493221171074,0.06771510684503514,-0.05235951381305669
drift,0.01,0.005,5e-12,0.005,1,120,0.009494925474813344,0.005256643800272718,1.0014658622387564,5.256643800272718e-12,-0.0518275976480827,0.05005484988345036,-0.012574391239694956
drift,0.01,0.005,5e-12,0.005,1,120,0.010077727682336503,0.005112426031974668,0.9982510218308585,5.1124260319746686e-12,0.007742715896756895,0.022236140756741678,0.03187437336646804
drift,0.01,0.005,5e-12,0.005,1,120,0.010297344449680156,0.005071915902692061,0.9981163064757901,5.07191590269206e-12,0.029300948580743953,0.014280723863848155,0.05115143562418746
drift,0.01,0.005,5e-12,0.005,1,120,0.010106289680123899,0.0051077613492596634,0.9983099871291703,5.107761349259664e-12,0.010572877637026556,0.021323303669726484,0.03450322400508995
drift,0.01,0.005,5e-12,0.005,1,120,0.010577366346811388,0.005004643906376119,0.9972618739032875,5.004643906376118e-12,0.05613137492595619,9.28350224775473e-4,0.07252177722938757
drift,0.01,0.005,5e-12,0.005,1,120,0.009779796444853375,0.005187080978711182,0.9996978400748384,5.187080978711182e-12,-0.02226642257359712,0.036733194672019145,0.009427953833837613
drift,0.01,0.005,5e-12,0.005,1,120,0.009977956950147105,0.0051378290891669854,0.9994601932750464,5.137829089166986e-12,-0.0022067380416467114,0.02719272162228096,0.02445938344052192
drift,0.01,0.005,5e-12,0.005,1,120,0.010217563312017343,0.005081640828980434,0.999186595474214,5.081640828980434e-12,0.021523039872446876,0.016196294834514662,0.0431741455246652
drift,0.01,0.005,5e-12,0.005,1,120,0.010394467403064529,0.0050039512352283485,0.9958708311398491,5.0039512352283486e-12,0.03868859112690002,7.899349648762998e-4,0.04970389294487786
drift,0.01,0.005,5e-12,0.005,1,120,0.009760610966148161,0.005177904694917635,0.999369824388867,5.177904694917635e-12,-0.024230095537689345,0.034962562954832806,0.005278322757204731
drift,0.01,0.005,5e-12,0.005,1,120,0.009759626175126969,0.005191187992941208,1.0011977687843567,5.1911879929412085e-12,-0.02433099503136871,0.037524658924032,0.007718304639776116
drift,0.01,0.005,5e-12,0.005,1,120,0.00998066498046755,0.0051440755910908565,0.9999683218877788,5.144075591090857e-12,-0.0019353735810664636,0.02840776939535791,0.026010226973334005
drift,0.01,0.005,5e-12,0.005,1,120,0.009941761459914957,0.005127626361759364,0.9983391877248344,5.127626361759364e-12,-0.0058408787782893,0.025204942158258182,0.017983363187712844
drift,0.01,0.005,5e-12,0.005,1,120,0.01019306475098966,0.005099919659736918,0.998858312951676,5.0999196597369184e-12,0.019122469667850143,0.019786874179338814,0.043726903302056544
drift,0.01,0.005,5e-12,0.005,1,120,0.009534161274049303,0.005245415131999585,1.001437395557696,5.245415131999585e-12,-0.04770382067907603,0.04791647442311881,-0.009847527594767591
drift,0.01,0.005,5e-12,0.005,1,120,0.009157875520850182,0.005314996554633053,1.0011852516731015,5.314996554633053e-12,-0.08797087124612722,0.061094451124991636,-0.043328984289585856
drift,0.01,0.005,5e-12,0.005,1,120,0.00909805038126109,0.005363182969733543,1.003980546887355,5.3631829697335425e-12,-0.09452494624218909,0.07011972403366902,-0.04172202868995581
drift,0.01,0.005,5e-12,0.005,1,120,0.00938331995109626,0.005287179686310776,1.0015849281924247,5.287179686310776e-12,-0.0636514532483867,0.05584705068215883,-0.02062127538190494
drift,0.01,0.005,5e-12,0.005,1,120,0.009134140525653697,0.005330567657506845,1.0030338336692124,5.330567657506845e-12,-0.09056599345209226,0.06401982241918033,-0.043346752399761324
drift,0.01,0.005,5e-12,0.005,1,120,0.010147377358576251,0.005100318509827532,0.9981203086108643,5.100318509827532e-12,0.014630190788127028,0.019865078253437234,0.03813987071689234
drift,0.01,0.005,5e-12,0.005,1,120,0.009331088730008777,0.005257874565545663,0.9993383376535054,5.257874565545663e-12,-0.06923339362342698,0.05028895766390127,-0.03265603981501041
drift,0.01,0.005,5e-12,0.005,1,120,0.00962547416197871,0.0052252531286407404,1.0012684843610062,5.22525312864074e-12,-0.038171950451404556,0.04406532991618951,-0.002375873998450455
drift,0.01,0.005,5e-12,0.005,1,120,0.009843037753777767,0.005142115138861579,0.9987425094417399,5.142115138861579e-12,-0.015820714757683294,0.02802658800285152,0.008563269471294547
drift,0.01,0.005,5e-12,0.005,1,120,0.00971888664021522,0.00520379951238134,1.001185042793651,5.20379951238134e-12,-0.02851402427000438,0.039951121797880206,0.005093065184567536
drift,0.01,0.005,5e-12,0.005,1,120,0.009970962121140297,0.005143172306173005,0.9985567263481596,5.143172306173005e-12,-0.0029080120573939817,0.028232156844908318,0.02463145986630516
drift,0.01,0.005,5e-12,0.005,1,180,0.009920274780331612,0.005132264628978954,0.9978422544088023,5.132264628978954e-12,-0.008004472450689151,0.026109097483057963,0.016223170244177774
drift,0.01,0.005,5e-12,0.005,1,180,0.0092422451504596,0.005294051408951741,1.001686984355508,5.294051408951741e-12,-0.07880025520424157,0.05714590211922843,-0.03681569922378128
drift,0.01,0.005,5e-12,0.005,1,180,0.010016782551746473,0.005123911693182327,0.9989919024415451,5.123911693182327e-12,0.001676848478075595,0.024480237490586518,0.02656127390714918
drift,0.01,0.005,5e-12,0.005,1,180,0.010069993775483711,0.005113751762279291,0.9978038221080988,5.113751762279291e-12,0.006974995611478702,0.022495422443159083,0.031174650603139255
drift,0.01,0.005,5e-12,0.005,1,180,0.009642863533153268,0.005214942092641982,1.0002385038084032,5.214942092641982e-12,-0.03636698147371854,0.0420900719573656,-0.00219484993162921
drift,0.01,0.005,5e-12,0.005,1,180,0.009548012181757725,0.00520870778522613,0.998896003846455,5.20870778522613e-12,-0.04625210867435838,0.04089388669936743,-0.015152602762674695
drift,0.01,0.005,5e-12,0.005,1,180,0.009826748974468521,0.0052147553862438205,1.001646300500046,5.214755386243821e-12,-0.017476938412544007,0.042054269116763576,0.020571141950860183
drift,0.01,0.005,5e-12,0.005,1,180,0.009474238915397646,0.0052397913334212886,1.0006184279062025,5.2397913334212885e-12,-0.054008670803525186,0.04684376323977257,-0.018350611250919358
drift,0.01,0.005,5e-12,0.005,1,180,0.00932630888501856,0.005292389952741499,1.0018087483921159,5.292389952741499e-12,-0.06974577430945991,0.05683201831878624,-0.026705679938912312
drift,0.01,0.005,5e-12,0.005,1,180,0.009491649996705357,0.005238646695255287,1.0009406260891913,5.2386466952552866e-12,-0.0521726286038119,0.04662528827863386,-0.016410112129901934
drift,0.01,0.005,5e-12,0.005,1,180,0.00950789633106527,0.005212506876875144,1.0003185534800678,5.212506876875144e-12,-0.05046244689322713,0.0416229939945331,-0.019397860953373355
drift,0.01,0.005,5e-12,0.005,1,180,0.009679045898759429,0.0051955879870408134,1.0003306643401035,5.195587987040813e-12,-0.03262176074107279,0.038371888973332505,-0.0014264195804983629
drift,0.01,0.005,5e-12,0.005,1,180,0.009369974612224947,0.005264912353305998,1.0022145190473906,5.264912353305998e-12,-0.06507470622177747,0.05162658596788041,-0.02649656211622612
drift,0.01,0.005,5e-12,0.005,1,180,0.009391667619511643,0.005243603171304467,1.0001340755209318,5.243603171304467e-12,-0.06276222027989012,0.04757097770250164,-0.027862237478054677
drift,0.01,0.005,5e-12,0.005,1,180,0.009758810078082067,0.005184270336128558,1.0000779777832889,5.1842703361285574e-12,-0.024414618230972483,0.03619119342915165,0.006283643111327876
drift,0.01,0.005,5e-12,0.005,1,180,0.009449865769968532,0.005248288904774573,1.0005870649989657,5.2482889047745736e-12,-0.05658455582540962,0.04846418814493896,-0.019752456378963147
drift,0.01,0.005,5e-12,0.005,1,180,0.009375146218823729,0.005281773529975666,1.0012660259433697,5.2817735299756655e-12,-0.06452292458466695,0.05482402471241973,-0.022657844153437884
drift,0.01,0.005,5e-12,0.005,1,180,0.010039882433590509,0.005139021225488544,0.9994558113450027,5.139021225488544e-12,0.00398031139923495,0.02742472584349757,0.03237014760872066
drift,0.01,0.005,5e-12,0.005,1,180,0.009911192314303057,0.005155084169827381,1.000016455315745,5.155084169827381e-12,-0.008920437630695622,0.03054553270509137,0.019533379678670384
drift,0.01,0.005,5e-12,0.005,1,180,0.009618138966795147,0.005208623581760966,0.9991919868879293,5.208623581760966e-12,-0.038934301626283405,0.040877720665630134,-0.006473047451771609
drift,0.01,0.005,5e-12,0.005,1,180,0.009472358282970989,0.005250267805106807,1.0001826371578186,5.250267805106807e-12,-0.05420719008518232,0.04884117336497562,-0.01658639954662179
drift,0.01,0.005,5e-12,0.005,1,180,0.009549880713176003,0.005244136689844985,1.0017130820495879,5.244136689844985e-12,-0.04605642934632785,0.047672719078249375,-0.008142072487926304
drift,0.01,0.005,5e-12,0.005,1,180,0.010066492327859626,0.005118379380352485,0.9990229196215811,5.118379380352485e-12,0.006627224144162502,0.0233999492370794,0.03164499789167305
drift,0.01,0.005,5e-12,0.005,1,180,0.01025220586951579,0.005077882887142298,0.9972029303477232,5.0778828871422975e-12,0.02490779621874202,0.015456507790450541,0.04673003561040842
drift,0.01,0.005,5e-12,0.005,1,180,0.00970030516519936,0.005191446917628372,0.9990319904361066,5.191446917628373e-12,-0.030427747649743424,0.03757453541288999,4.123758976106659e-4
drift,0.01,0.005,5e-12,0.005,1,180,0.009517485138064656,0.005264426092351237,1.0015300342799234,5.264426092351237e-12,-0.04945444525847935,0.05153422290867833,-0.008297619971304342
drift,0.01,0.005,5e-12,0.005,1,180,0.009611365555439667,0.005210752596387612,1.0000180122201006,5.210752596387612e-12,-0.03963878276647952,0.041286385180640366,-0.006904285944840993
drift,0.01,0.005,5e-12,0.005,1,180,0.009197904692774362,0.005305188725987815,1.000785423054714,5.305188725987815e-12,-0.08360938566359521,0.05924743411458316,-0.04021238398139599
drift,0.01,0.005,5e-12,0.005,1,180,0.009358064520753627,0.005298351807235032,1.002638231017163,5.298351807235032e-12,-0.06634660585765075,0.05795787999276586,-0.021642119433784412
drift,0.01,0.005,5e-12,0.005,1,180,0.009341036228036208,0.00528953450981125,1.0011709371321804,5.2895345098112496e-12,-0.06816790172136689,0.0562923351997734,-0.025419172523736787
drift,0.01,0.008,8e-12,0.005,1,60,0.009547619540109988,0.008237273787292908,0.9998636203588421,8.237273787292908e-12,-0.046293232388253835,0.029227896441572743,-0.026867280584788742
drift,0.01,0.008,8e-12,0.005,1,60,0.00913115671007585,0.008352250888411353,1.0015638368875512,8.352250888411354e-12,-0.09089271308505316,0.0430895283305583,-0.06464703962003632
drift,0.01,0.008,8e-12,0.005,1,60,0.009859892748659166,0.008207001559980744,1.000535603657863,8.207001559980744e-12,-0.014109801856595671,0.025546097047011995,0.00817279788074858
drift,0.01,0.008,8e-12,0.005,1,60,0.009291566788830185,0.008367998051875906,1.0025852113802498,8.367998051875905e-12,-0.07347790112384082,0.044973132836287504,-0.042872585348769636
drift,0.01,0.008,8e-12,0.005,1,60,0.010659362189907925,0.008012962130337612,0.9980134384752145,8.012962130337612e-12,0.06385349186245269,0.0016189550769269564,0.0833798666255096
drift,0.01,0.008,8e-12,0.005,1,60,0.008759478506213463,0.008518143760266455,1.0047067084276624,8.518143760266455e-12,-0.13244872107197198,0.06275690691126921,-0.09106775831826143
drift,0.01,0.008,8e-12,0.005,1,60,0.010017527550543174,0.008148548405793137,0.9999145375068902,8.148548405793138e-12,0.0017512207717298044,0.018398259990882414,0.020571676258235912
drift,0.01,0.008,8e-12,0.005,1,60,0.01054463037976332,0.007978673934535427,0.9969209242375618,7.978673934535427e-12,0.05303166861665988,-0.002669317643598261,0.06486484944705348
drift,0.01,0.008,8e-12,0.005,1,60,0.009740078798135493,0.008236544489818615,1.0013417924749426,8.236544489818614e-12,-0.026335885214678945,0.029139356254652804,-0.0030908727765461275
drift,0.01,0.008,8e-12,0.005,1,60,0.009816213288990738,0.00816799131993596,0.9997245307889542,8.16799131993596e-12,-0.018549657114212383,0.020781476490480136,-0.00200807567466834
drift,0.01,0.008,8e-12,0.005,1,60,0.00911607019450624,0.008381048804057463,1.002405894178784,8.381048804057464e-12,-0.09254628149696295,0.04653152059829428,-0.06307577528293203
drift,0.01,0.008,8e-12,0.005,1,60,0.009994011641661523,0.008147306241774479,1.0009659069533432,8.147306241774479e-12,-5.990152076395049e-4,0.018245808456681875,0.017503252022710712
drift,0.01,0.008,8e-12,0.005,1,60,0.010744827231171648,0.007964155278338755,0.996851833949341,7.964155278338756e-12,0.07183935797363962,-0.00449065813672547,0.08786791852855885
drift,0.01,0.008,8e-12,0.005,1,60,0.010537284568835962,0.008036068543759928,0.998064256638425,8.036068543759928e-12,0.05233478588636162,0.004498434823325503,0.07112172135898474
drift,0.01,0.008,8e-12,0.005,1,60,0.00987459959528189,0.0081624849318442,0.9988103224556255,8.1624849318442e-12,-0.012619330342151095,0.020107106898859445,0.00455745671381369
drift,0.01,0.008,8e-12,0.005,1,60,0.009298871084026442,0.008300362285854164,1.000213294534403,8.300362285854164e-12,-0.0726920890174149,0.03685762106822284,-0.050082364512498354
drift,0.01,0.008,8e-12,0.005,1,60,0.00963723781016817,0.008225351631938698,1.000215432008312,8.225351631938698e-12,-0.03695055964528308,0.02777950566126509,-0.01720300587788182
drift,0.01,0.008,8e-12,0.005,1,60,0.010081447373965597,0.00807641337200049,0.997173731203035,8.07641337200049e-12,0.0081117480283713,0.009506342701113975,0.019605817072847934
drift,0.01,0.008,8e-12,0.005,1,60,0.009118560550076158,0.008328073928791969,1.0009927623496677,8.32807392879197e-12,-0.09227313578644267,0.040190666729833915,-0.06910782506072255
drift,0.01,0.008,8e-12,0.005,1,60,0.009670076762576014,0.008254257852675828,1.0006620395908814,8.254257852675829e-12,-0.033548845341527654,0.03128762888586895,-0.009622852554705318
drift,0.01,0.008,8e-12,0.005,1,60,0.009353471520166662,0.008303555045060475,1.0020494683815009,8.303555045060475e-12,-0.06683753302356245,0.037242200102438915,-0.04292733139689504
drift,0.01,0.008,8e-12,0.005,1,60,0.0095442340594618,0.008275569749387554,1.0016854594738416,8.275569749387553e-12,-0.04664788424707062,0.0338662291028427,-0.02264874752389407
drift,0.01,0.008,8e-12,0.005,1,60,0.009169224545776681,0.008371805134832528,1.0020216735546337,8.371805134832528e-12,-0.08673237455697234,0.04542798681274071,-0.05758816951095089
drift,0.01,0.008,8e-12,0.005,1,60,0.01168462758615859,0.007772102530859038,0.9963541052046272,7.772102530859037e-12,0.1556890033856368,-0.028900817912617966,0.17999300277104716
drift,0.01,0.008,8e-12,0.005,1,60,0.010242115700516564,0.008093229637057858,0.9984758216505536,8.093229637057857e-12,0.023923116654695497,0.011586323206640022,0.041608670070693986
drift,0.01,0.008,8e-12,0.005,1,60,0.010137417645812833,0.008085891950816004,0.9983202592394121,8.085891950816004e-12,0.013648202696888228,0.01067926694835163,0.0277190550291429
drift,0.01,0.008,8e-12,0.005,1,60,0.009869172175661686,0.008168440795860207,1.0004824739304763,8.168440795860207e-12,-0.013169115846144816,0.02083650391888959,0.004613853700938572
drift,0.01,0.008,8e-12,0.005,1,60,0.009754465946314673,0.0082298163490478991,1.0013529985710166,8.2298163490479e-12,-0.02485986707936989,0.02832215794216806,-0.0021240647148125374
drift,0.01,0.008,8e-12,0.005,1,60,0.010240559454497429,0.008069812624800067,0.9991421614837651,8.069812624800066e-12,0.023771159353185477,0.008688721596411245,0.03851809395409242
drift,0.01,0.008,8e-12,0.005,1,60,0.010209567390429018,0.008126708685742298,0.9994822500449204,8.126708685742298e-12,0.020740167122163495,0.015714464209732874,0.04170082062293111
drift,0.01,0.008,8e-12,0.005,1,120,0.009103919105851484,0.008402558555248065,1.0023904141745001,8.402558555248065e-12,-0.0938801012106762,0.04909470770182647,-0.06201932317258953
drift,0.01,0.008,8e-12,0.005,1,120,0.009598767838180302,0.008284152771337887,1.001370038786395,8.284152771337887e-12,-0.04095035294739745,0.03490284341907636,-0.01484994464656618
drift,0.01,0.008,8e-12,0.005,1,120,0.00976933269168644,0.008212445566672319,1.0013166093993213,8.21244556667232e-12,-0.023336931044141338,0.026209214002055573,-0.002393532228825969
drift,0.01,0.008,8e-12,0.005,1,120,0.01049203159557945,0.008034078528743835,0.9981929044894401,8.034078528743836e-12,0.04803098040324991,0.00425076876062101,0.06526268661247268
drift,0.01,0.008,8e-12,0.005,1,120,0.00987603298354704,0.008151627167124522,0.9980403790173616,8.151627167124522e-12,-0.012474181748864532,0.018776018052962588,0.0034041080127955904
drift,0.01,0.008,8e-12,0.005,1,120,0.010509819888849248,0.008005700975214095,0.9982206332986532,8.005700975214095e-12,0.04972495462611158,7.123681073400726e-4,0.06393003432464678
drift,0.01,0.008,8e-12,0.005,1,120,0.009667484303509595,0.00827503589102479,1.0021057567949856,8.27503589102479e-12,-0.03381697213094967,0.03380171685784731,-0.007430229506962975
drift,0.01,0.008,8e-12,0.005,1,120,0.009745628327890329,0.008208859458242491,0.9998141447835728,8.208859458242492e-12,-0.02576628516178003,0.025772451091751674,-0.005769636249847592
drift,0.01,0.008,8e-12,0.005,1,120,0.010205142091284496,0.008124487765999309,0.9999546364640933,8.124487765999309e-12,0.02030662686357697,0.015441140363896641,0.040878759683174115
drift,0.01,0.008,8e-12,0.005,1,120,0.009951914506680584,0.00811122396709614,0.9967781950724562,8.11122396709614e-12,-0.004820147600782795,0.013807235787119258,0.00784463461551163
drift,0.01,0.008,8e-12,0.005,1,120,0.00971285838297551,0.008203549247813496,0.9995868672103946,8.203549247813497e-12,-0.029134478832979017,0.025125354043488084,-0.010480206467548672
drift,0.01,0.008,8e-12,0.005,1,120,0.008957496000043074,0.008456876339336044,1.0038930135980746,8.456876339336045e-12,-0.11009436934553263,0.05553833672837668,-0.07373215926628221
drift,0.01,0.008,8e-12,0.005,1,120,0.009178473648029904,0.008388973483440552,1.003641521279933,8.388973483440552e-12,-0.08572417146370365,0.04747662130682057,-0.05439264633747142
drift,0.01,0.008,8e-12,0.005,1,120,0.010799409374366867,0.008005585791192508,0.998825378550879,8.005585791192508e-12,0.07690635208208577,6.979802541628526e-4,0.09982474267565432
drift,0.01,0.008,8e-12,0.005,1,120,0.009303166378445542,0.008363219898687428,1.002931401733176,8.363219898687427e-12,-0.07223027998127006,0.0444019666088801,-0.0420054024638727
drift,0.01,0.008,8e-12,0.005,1,120,0.009426872137840377,0.008241667155031086,0.9985174120734329,8.241667155031087e-12,-0.059020744070724364,0.029761106416369743,-0.0413067484914235
drift,0.01,0.008,8e-12,0.005,1,120,0.009658059299015012,0.00829906238401054,1.0028365086317526,8.29906238401054e-12,-0.03479236567595616,0.036701000959739154,-0.005699645962399323
drift,0.01,0.008,8e-12,0.005,1,120,0.009019687379034495,0.008390042135735352,1.0012901470493958,8.390042135735352e-12,-0.10317541816376395,0.04760400092437373,-0.07395476407534893
drift,0.01,0.008,8e-12,0.005,1,120,0.010233668980543315,0.008095897380674165,0.99957907894682,8.095897380674166e-12,0.0230980717947342,0.011915895472955804,0.04089084906032678
drift,0.01,0.008,8e-12,0.005,1,120,0.010132435325125652,0.00813970850027066,0.9996354119667576,8.139708500270661e-12,0.013156603592083468,0.017312826915831733,0.03373480723141262
drift,0.01,0.008,8e-12,0.005,1,120,0.010250542690271652,0.008137819803523521,1.0000064644948565,8.137819803523522e-12,0.024745556581169902,0.017080765054796613,0.04814805864848143
drift,0.01,0.008,8e-12,0.005,1,120,0.00970499350398317,0.008292973872025938,1.0021756943215838,8.292973872025938e-12,-0.029944545720728456,0.03596709317844794,-6.137123276390363e-4
drift,0.01,0.008,8e-12,0.005,1,120,0.009028732241446935,0.008404828371630842,1.003454251809899,8.404828371630843e-12,-0.1021731295025042,0.04936480517818619,-0.07107239688239392
drift,0.01,0.008,8e-12,0.005,1,120,0.010530754156756863,0.008076171703962938,0.9998841849695952,8.076171703962938e-12,0.05171485041222448,0.009476419560460893,0.07528993499831182
drift,0.01,0.008,8e-12,0.005,1,120,0.010015813927931239,0.00818607585173971,1.000763968967469,8.186075851739709e-12,0.0015801437082299597,0.022993102379660523,0.024954029443134126
drift,0.01,0.008,8e-12,0.005,1,120,0.009706814031473816,0.008185677994612079,0.9985974015362556,8.185677994612079e-12,-0.029756976634989368,0.022944499507733324,-0.01341056058951352
drift,0.01,0.008,8e-12,0.005,1,120,0.008521886366194546,0.008508989377587612,1.002996254994122,8.508989377587612e-12,-0.15994737217624871,0.06168163681303764,-0.12160445377883863
drift,0.01,0.008,8e-12,0.005,1,120,0.010269495412334722,0.00809562171550815,1.0001177279109228,8.09562171550815e-12,0.026592797542191883,0.011881844910509618,0.045299276040015116
drift,0.01,0.008,8e-12,0.005,1,120,0.010752085779502934,0.008005612723774425,0.9978923013899647,8.005612723774425e-12,0.07251466875928902,7.013444722619065e-4,0.09395998113062572
drift,0.01,0.008,8e-12,0.005,1,120,0.010093753928009316,0.008135769809776722,0.9995702296976748,8.135769809776722e-12,0.009331716581434195,0.016828823865869494,0.02845431093902461
drift,0.01,0.008,8e-12,0.005,1,180,0.009804245441471958,0.008145945762147068,0.9986760673912024,8.145945762147068e-12,-0.01976959281168468,0.018078809305101088,-0.0061947559523761984
drift,0.01,0.008,8e-12,0.005,1,180,0.009856691147788843,0.008192659249230731,0.9991229080382493,8.192659249230732e-12,-0.014434564088762994,0.023796998139007014,0.006026700464823481
drift,0.01,0.008,8e-12,0.005,1,180,0.00985326994329697,0.008187958425630878,1.0007442498303336,8.187958425630878e-12,-0.014781718962425342,0.023223048630849986,0.005028521599674193
drift,0.01,0.008,8e-12,0.005,1,180,0.010643750613606997,0.007993167337517957,0.9983223979184956,7.993167337517957e-12,0.06238783008432636,-8.544477467843124e-4,0.07897062834048332
drift,0.01,0.008,8e-12,0.005,1,180,0.009825719143826697,0.008163154133742799,0.9997019999195004,8.163154133742798e-12,-0.017581742616938907,0.02018908860827808,-0.0014217375572114915
drift,0.01,0.008,8e-12,0.005,1,180,0.009205585062571265,0.00837383083987247,1.0029969098531868,8.373830839872471e-12,-0.08277472111411115,0.04566992507688113,-0.05283752716428208
drift,0.01,0.008,8e-12,0.005,1,180,0.010946989288617714,0.007923034608347949,0.9968165186086664,7.92303460834795e-12,0.09047937465139223,-0.009667251619946603,0.10775942016864987
drift,0.01,0.008,8e-12,0.005,1,180,0.009583103242772947,0.008247615470529759,1.00130227569709,8.247615470529759e-12,-0.042583624156806846,0.03048258301323201,-0.021212614882922632
drift,0.01,0.008,8e-12,0.005,1,180,0.009936343299964855,0.008155554992440079,0.9976565593115461,8.155554992440078e-12,-0.0063860172761220375,0.0192577475575554,0.01136431675319743
drift,0.01,0.008,8e-12,0.005,1,180,0.011759121633693456,0.007691960503311067,0.9928084841562588,7.691960503311067e-12,0.16204415567446145,-0.039265848741437986,0.17886523383655056
drift,0.01,0.008,8e-12,0.005,1,180,0.009706251985123105,0.008245543782918583,1.001119489652797,8.245543782918583e-12,-0.029814880559118313,0.030231365209506724,-0.006193388635228229
drift,0.01,0.008,8e-12,0.005,1,180,0.009360801398163046,0.008316643994162383,1.0025894176118126,8.316643994162383e-12,-0.06605418670781808,0.03881726569304648,-0.04044336093473582
drift,0.01,0.008,8e-12,0.005,1,180,0.010246444796634157,0.008137984727806719,0.9995431999993426,8.137984727806719e-12,0.02434570331544369,0.017101031245986796,0.04766018602862219
drift,0.01,0.008,8e-12,0.005,1,180,0.00916484805345074,0.008326359521166112,1.0002825779449158,8.326359521166113e-12,-0.08720979084136639,0.03998478669950264,-0.0635740546726056
drift,0.01,0.008,8e-12,0.005,1,180,0.009816543554206402,0.008218072573868595,1.0013064188229166,8.218072573868594e-12,-0.01851601281063013,0.02689415982885635,0.00414556055045014
drift,0.01,0.008,8e-12,0.005,1,180,0.010886334161383881,0.007901225007705638,0.996083665262641,7.901225007705638e-12,0.08492316298114513,-0.012423729961544453,0.0974817060500568
drift,0.01,0.008,8e-12,0.005,1,180,0.00963093320903354,0.00825057922099455,1.0007824043166502,8.25057922099455e-12,-0.037604965437440636,0.03084186480764478,-0.014922417272196287
drift,0.01,0.008,8e-12,0.005,1,180,0.009305972783791942,0.008337675907124826,1.001132431760874,8.337675907124826e-12,-0.07192866416301989,0.04134296764516625,-0.044716407164632974
drift,0.01,0.008,8e-12,0.005,1,180,0.010821262444615933,0.007935517901596863,0.9972049665155671,7.935517901596862e-12,0.07892785056962869,-0.008092921829201783,0.09374362130317383
drift,0.01,0.008,8e-12,0.005,1,180,0.009194968666561712,0.008303879004814687,0.9996929693031956,8.303879004814687e-12,-0.08392864260406639,0.037281213926402344,-0.06254267141994543
drift,0.01,0.008,8e-12,0.005,1,180,0.0097533729822029,0.008242059755876274,1.0010606875536308,8.242059755876274e-12,-0.02497192091751366,0.029808741377490445,-7.730088293499381e-4
drift,0.01,0.008,8e-12,0.005,1,180,0.01018282734000709,0.00809911377208152,0.9972439099151208,8.09911377208152e-12,0.0181176143419314,0.01231310315861966,0.03498369331949884
drift,0.01,0.008,8e-12,0.005,1,180,0.00986182809809332,0.0081600031264876,0.9984244533711926,8.1600031264876e-12,-0.013913536078836768,0.01980301044409657,0.0026696946076681626
drift,0.01,0.008,8e-12,0.005,1,180,0.010299568975594345,0.008064949701823448,0.9988981944190543,8.064949701823449e-12,0.029516954336257714,0.008085933278192087,0.04523248625189086
drift,0.01,0.008,8e-12,0.005,1,180,0.009076482278701127,0.008353411188512003,1.0010890732736097,8.353411188512003e-12,-0.09689838968509237,0.04322843932937677,-0.07128775811168354
drift,0.01,0.008,8e-12,0.005,1,180,0.01000610359625617,0.008104432425054892,0.9971324040867098,8.104432425054893e-12,6.101734319403207e-4,0.012969583301876872,0.013726429237641927
drift,0.01,0.008,8e-12,0.005,1,180,0.009305753049432361,0.008319687666145745,1.0016799640575547,8.319687666145746e-12,-0.07195227662771664,0.03918317232191974,-0.04690344954846752
drift,0.01,0.008,8e-12,0.005,1,180,0.009767977490411051,0.008197620354458847,0.9998806693086653,8.197620354458847e-12,-0.02347566060977043,0.024402369798256687,-0.004368421390773026
drift,0.01,0.008,8e-12,0.005,1,180,0.010097045582122832,0.008134132359104403,0.9997405195382276,8.134132359104403e-12,0.009657771440334407,0.01662753799938407,0.028661190182615152
drift,0.01,0.008,8e-12,0.005,1,180,0.010568310184308644,0.007981611803924682,0.9977562260587315,7.981611803924682e-12,0.055274825073497506,-0.0023011701717322764,0.06816929268253955
drift,0.02,0.002,2e-12,0.005,1,60,0.019207755685814322,0.002170643035768391,1.0004211550026592,2.1706430357683914e-12,-0.040418134113352995,0.0818762729425903,-0.01636202201643383
drift,0.02,0.002,2e-12,0.005,1,60,0.018514438947429983,0.0022489868761958443,1.0030355571060212,2.248986876195844e-12,-0.07718136224382213,0.11733265700485129,-0.0668769135138309
drift,0.02,0.002,2e-12,0.005,1,60,0.016394525391206744,0.0023614231046378453,1.0020787450827278,2.3614231046378454e-12,-0.19878481206268392,0.1661172671795993,-0.28096158431076446
drift,0.02,0.002,2e-12,0.005,1,60,0.02100120933503058,0.0020174026720262946,0.995508267765789,2.0174026720262948e-12,0.0488477498937509,0.008663697567859169,0.13281365511165097
drift,0.02,0.002,2e-12,0.005,1,60,0.019027095126441615,0.002211556946977204,1.0013375978596597,2.211556946977204e-12,-0.04986825095802715,0.10054958782011475,-0.02009061650112505
drift,0.02,0.002,2e-12,0.005,1,60,0.02240150382377087,0.0019656936519486285,0.9976202101293405,1.9656936519486283e-12,0.11339581804332168,-0.017301993993612527,0.28048448015397537
drift,0.02,0.002,2e-12,0.005,1,60,0.018037058680501556,0.002216372430969829,0.9984996292849924,2.216372430969829e-12,-0.1033038165307787,0.10272463872090411,-0.14068008489690298
drift,0.02,0.002,2e-12,0.005,1,60,0.018877061794015774,0.0022017188843088003,1.0016521246769818,2.2017188843088004e-12,-0.057784750264473723,0.0960911857891915,-0.0431531517528526
drift,0.02,0.002,2e-12,0.005,1,60,0.018029117282721736,0.0022781565273530444,1.000372933917945,2.2781565273530446e-12,-0.10374419578896568,0.13021939472649738,-0.11417006221600745
drift,0.02,0.002,2e-12,0.005,1,60,0.018388739986910534,0.002228562168541137,1.0014128948568535,2.228562168541137e-12,-0.08399375349442784,0.10820942948980271,-0.09158681213329119
drift,0.02,0.002,2e-12,0.005,1,60,0.018278714168517896,0.0022409438277317586,1.0014813401275608,2.2409438277317584e-12,-0.08999505089272945,0.11374994822928086,-0.09968949487450013
drift,0.02,0.002,2e-12,0.005,1,60,0.018174358898877693,0.002238362028109072,1.000946439471164,2.2383620281090724e-12,-0.09572052454594066,0.11259718037118649,-0.11378231616797968
drift,0.02,0.002,2e-12,0.005,1,60,0.02002002851710619,0.002116361534132166,0.9989879333584238,2.1163615341321662e-12,0.001000924762947644,0.05655117618199772,0.05903471230316522
drift,0.02,0.002,2e-12,0.005,1,60,0.01828501061151533,0.002245549822383713,1.0005553715360422,2.245549822383713e-12,-0.08965064161290077,0.11580322039653217,-0.0968554637755671
drift,0.02,0.002,2e-12,0.005,1,60,0.01791255479046568,0.00226839501693171,1.001356565640614,2.2683950169317097e-12,-0.11023042162053066,0.12592535986275114,-0.1329178461195046
drift,0.02,0.002,2e-12,0.005,1,60,0.019333044223469112,0.002168546514448548,1.0003495201777768,2.168546514448548e-12,-0.03391650574598714,0.08090995356026326,-0.0017925627295669183
drift,0.02,0.002,2e-12,0.005,1,60,0.01977638316120055,0.002126133194290273,0.9991340210798556,2.1261331942902733e-12,-0.011243817405697354,0.0611577475809416,0.03342925956980987
drift,0.02,0.002,2e-12,0.005,1,60,0.018921201548121158,0.0022284822845055445,1.0014762855795813,2.2284822845055443e-12,-0.055449205174997025,0.10817358329780585,-0.02559742473517057
drift,0.02,0.002,2e-12,0.005,1,60,0.019985750112216517,0.002111551439593691,0.999017902951843,2.111551439593691e-12,-7.127483339314777e-4,0.054275776170833755,0.05250879008568186
drift,0.02,0.002,2e-12,0.005,1,60,0.01770974082876205,0.0022546882705150465,1.0006693577149952,2.2546882705150463e-12,-0.12161745604125597,0.11986454359932484,-0.16412759363418095
drift,0.02,0.002,2e-12,0.005,1,60,0.019537120646546897,0.002149524779967784,0.999696425322537,2.1495247799677837e-12,-0.023415994678362393,0.07209960457520292,0.014702564747018157
drift,0.02,0.002,2e-12,0.005,1,60,0.020132178616199717,0.0020823718534179014,0.9983244586156329,2.0823718534179014e-12,0.006587187573879725,0.040360377632164574,0.05675052604092941
drift,0.02,0.002,2e-12,0.005,1,60,0.017635875508614025,0.0022552084118489316,0.999587517905322,2.2552084118489316e-12,-0.12579706501868568,0.12009521022999298,-0.173056226701868
drift,0.02,0.002,2e-12,0.005,1,60,0.018957916559650147,0.002196096093631122,1.0013500791448842,2.196096093631122e-12,-0.05351066885943594,0.09353410061408195,-0.035684245989299826
drift,0.02,0.002,2e-12,0.005,1,60,0.020177299878533166,0.002097195232214192,0.999064180406312,2.097195232214192e-12,0.008825930562572904,0.04745366774830969,0.06943885268642216
drift,0.02,0.002,2e-12,0.005,1,60,0.018612076699097972,0.0022090557349263903,1.0009209122544567,2.20905573492639e-12,-0.07192161863133874,0.09941797440011833,-0.07268451491173318
drift,0.02,0.002,2e-12,0.005,1,60,0.019306756278671088,0.002130354529815025,0.9985762500535149,2.1303545298150247e-12,-0.03527717264965771,0.06314123123334962,-0.022820990211435577
drift,0.02,0.002,2e-12,0.005,1,60,0.01891620895544818,0.0021970462525942817,0.9992067458272367,2.1970462525942816e-12,-0.055713102341082545,0.0939666652355272,-0.04042342428889863
drift,0.02,0.002,2e-12,0.005,1,60,0.01854683193288273,0.0022249352369543515,1.0009368000345658,2.2249352369543513e-12,-0.07543328437535586,0.10658062764783338,-0.07361221267470824
drift,0.02,0.002,2e-12,0.005,1,60,0.01680752875972941,0.002317201916697759,1.0003626743630087,2.3172019166977592e-12,-0.17390534706963998,0.14721320684116962,-0.24865322695238362
drift,0.02,0.002,2e-12,0.005,1,120,0.01918671012457071,0.0021643143250449077,0.9994347029199816,2.164314325044908e-12,-0.04151441520007608,0.07895642174543935,-0.021891522807792593
drift,0.02,0.002,2e-12,0.005,1,120,0.019853970233336585,0.002086988881825087,0.997363966536975,2.086988881825087e-12,-0.007328274665484258,0.042575120173101964,0.02446742910683842
drift,0.02,0.002,2e-12,0.005,1,120,0.019531922418443967,0.0021253717646796235,0.9992307447446502,2.1253717646796234e-12,-0.023682099385608838,0.060799554599332055,0.0027579344863839297
drift,0.02,0.002,2e-12,0.005,1,120,0.01940959493037902,0.002132225778600338,0.9983776357611528,2.132225778600338e-12,-0.029964745710926957,0.06401922004300348,-0.009191008589998204
drift,0.02,0.002,2e-12,0.005,1,120,0.01968608995225585,0.002108478128423799,0.9983439464745099,2.1084781284237987e-12,-0.015819981005798064,0.05281924054060084,0.013894394620326302
drift,0.02,0.002,2e-12,0.005,1,120,0.01916489105273823,0.00217024562984677,0.9994271219335984,2.17024562984677e-12,-0.042652259436914086,0.08169317406429889,-0.0218603353961606
drift,0.02,0.002,2e-12,0.005,1,120,0.019490439165038526,0.0021202295883240136,0.9979025453102688,2.1202295883240136e-12,-0.02580822744905293,0.05837719863959795,-0.004808344895624844
drift,0.02,0.002,2e-12,0.005,1,120,0.019254332111177185,0.0021609322152542276,0.9999209398783667,2.1609322152542277e-12,-0.0379961934024889,0.07739252916799334,-0.015070289046035829
drift,0.02,0.002,2e-12,0.005,1,120,0.01926353207788635,0.002157312198405022,0.999327889593661,2.157312198405022e-12,-0.037518494699416594,0.07571591369631883,-0.015606108645773817
drift,0.02,0.002,2e-12,0.005,1,120,0.019705659366668418,0.002095006501597487,0.9973343961351163,2.095006501597487e-12,-0.014826401570468075,0.04640947619716211,0.009911237664045919
drift,0.02,0.002,2e-12,0.005,1,120,0.01947235160821684,0.0021204040897600898,0.9980415750826287,2.1204040897600897e-12,-0.0267366803530697,0.058459498337907874,-0.006968902243203977
drift,0.02,0.002,2e-12,0.005,1,120,0.019235109604467646,0.0021522270273618828,0.9985329021469562,2.152227027361883e-12,-0.03899503918724882,0.07335595216128753,-0.021490456884724382
drift,0.02,0.002,2e-12,0.005,1,120,0.01933957141160818,0.002148434918056559,1.00038125809947,2.148434918056559e-12,-0.03357894449786051,0.07159245140897605,-0.010300693551609508
drift,0.02,0.002,2e-12,0.005,1,120,0.01970455738405122,0.002099497656815247,0.9978572833335515,2.099497656815247e-12,-0.014882325272915964,0.048550924513548796,0.011916040135899891
drift,0.02,0.002,2e-12,0.005,1,120,0.01925864197487039,0.00215712700281962,0.9993012814696735,2.15712700281962e-12,-0.037772379801307765,0.07563006449234214,-0.01629833062372965
drift,0.02,0.002,2e-12,0.005,1,120,0.019198213234597396,0.0021784927888095404,1.001186951918288,2.1784927888095403e-12,-0.04091505954872293,0.08548607584676862,-0.013935483063154355
drift,0.02,0.002,2e-12,0.005,1,120,0.019258035366438282,0.0021580677500014794,1.0000964712991793,2.1580677500014793e-12,-0.0378038782832138,0.07606608059388573,-0.01593753396776733
drift,0.02,0.002,2e-12,0.005,1,120,0.018920002183294593,0.002202910824209097,1.0008196233034954,2.202910824209097e-12,-0.055512594534145296,0.09663240718952258,-0.03728732208194792
drift,0.02,0.002,2e-12,0.005,1,120,0.019280509146032618,0.002152046245053101,0.9991783183579758,2.152046245053101e-12,-0.03663757673103256,0.07327195084564295,-0.0159449150463125
drift,0.02,0.002,2e-12,0.005,1,120,0.01898667232136963,0.002200149597618901,1.0012467632950912,2.200149597618901e-12,-0.051994997293479374,0.0953781764101856,-0.03027445573998054
drift,0.02,0.002,2e-12,0.005,1,120,0.019206850559265038,0.0021693810201543233,1.000097808648739,2.1693810201543234e-12,-0.04046525819650382,0.08129470213405246,-0.01705582851708287
drift,0.02,0.002,2e-12,0.005,1,120,0.01962532697226675,0.0021119227531342794,0.9982299635744537,2.111922753134279e-12,-0.01891134901708886,0.05445160939466832,0.007992153955745478
drift,0.02,0.002,2e-12,0.005,1,120,0.01907294384137022,0.002185749500889617,1.0011477511874418,2.1857495008896168e-12,-0.04746149556868055,0.0888116101714674,-0.026143353498625566
drift,0.02,0.002,2e-12,0.005,1,120,0.018710932398178993,0.0022277425248322115,1.000928773138397,2.2277425248322114e-12,-0.06662430029380259,0.10784157146636582,-0.052002811159439125
drift,0.02,0.002,2e-12,0.005,1,120,0.019005696639738303,0.0021886968007056177,1.0008339661765473,2.1886968007056177e-12,-0.050993516181406115,0.09015911797417876,-0.03313449869827172
drift,0.02,0.002,2e-12,0.005,1,120,0.01935789134321336,0.0021315842671845915,0.9971023007853348,2.1315842671845913e-12,-0.032632115860030876,0.06371831009922149,-0.01590316334232203
drift,0.02,0.002,2e-12,0.005,1,120,0.01954982476505574,0.002129839283494749,0.9996406340740559,2.129839283494749e-12,-0.022765950587046713,0.06289934255627663,0.0070776134231885085
drift,0.02,0.002,2e-12,0.005,1,120,0.019567269753015957,0.002119582482734603,0.998212037422373,2.1195824827346028e-12,-0.021874013732754622,0.05807194662201314,0.004413395995991741
drift,0.02,0.002,2e-12,0.005,1,120,0.01980444546281699,0.002092604717589408,0.9973877170373966,2.092604717589408e-12,-0.009825842729878128,0.04526238581760008,0.021013623206906785
drift,0.02,0.002,2e-12,0.005,1,120,0.019436939069824324,0.0021270611127456552,0.9980049145297848,2.127061112745655e-12,-0.02855694217502858,0.061594087142747965,-0.008225468199035947
drift,0.02,0.002,2e-12,0.005,1,180,0.01955831932544371,0.002117720045322075,0.9985126359736317,2.117720045322075e-12,-0.02233153669607294,0.057192879092550504,0.0024244754475706495
drift,0.02,0.002,2e-12,0.005,1,180,0.019752991309588637,0.002094308019980214,0.997424863773573,2.094308019980214e-12,-0.01242733496222434,0.04607601752742163,0.015446939916412564
drift,0.02,0.002,2e-12,0.005,1,180,0.019505170032078013,0.002129140346520883,0.9990827276905853,2.129140346520883e-12,-0.02505271327484304,0.06257112451305585,0.0012122084907293662
drift,0.02,0.002,2e-12,0.005,1,180,0.019081620962349503,0.0021767187910863507,0.9991068728132667,2.1767187910863507e-12,-0.04700665504443318,0.08467142067387656,-0.029207579994785154
drift,0.02,0.002,2e-12,0.005,1,180,0.019128395115988933,0.0021775130303180383,1.000367546616697,2.1775130303180385e-12,-0.04455838719197892,0.08503623323924879,-0.02304277237812355
drift,0.02,0.002,2e-12,0.005,1,180,0.019419417846633074,0.0021395033121076905,0.998556889709571,2.1395033121076904e-12,-0.029458788141517957,0.06742652438916477,-0.004565662628334105
drift,0.02,0.002,2e-12,0.005,1,180,0.019064901011874164,0.002175027437314978,0.999812855429643,2.175027437314978e-12,-0.047883272396722965,0.08389409875859663,-0.032058175769007144
drift,0.02,0.002,2e-12,0.005,1,180,0.01934781692952644,0.002137779962097734,0.9988005893460296,2.1377799620977343e-12,-0.0331526806223876,0.06662070911216303,-0.014249991626558614
drift,0.02,0.002,2e-12,0.005,1,180,0.019369667804720565,0.002137423637337829,0.9984872813809028,2.137423637337829e-12,-0.03202394627076228,0.06645401540860359,-0.011707176806046452
drift,0.02,0.002,2e-12,0.005,1,180,0.019342815766767982,0.0021406102121346283,0.9988498049312371,2.1406102121346283e-12,-0.03341120122222199,0.06794375368476431,-0.013547091236006004
drift,0.02,0.002,2e-12,0.005,1,180,0.019500248257464457,0.0021335475863211804,1.0002989560810331,2.1335475863211805e-12,-0.025305076913306895,0.06463894718276027,0.0026697311083529185
drift,0.02,0.002,2e-12,0.005,1,180,0.019198638069521674,0.0021689931798889762,0.999296097103935,2.168993179888976e-12,-0.04089293091526118,0.08111590692252998,-0.018252972456782535
drift,0.02,0.002,2e-12,0.005,1,180,0.018920366903381107,0.0022072994894341068,1.0009526934164257,2.207299489434107e-12,-0.055493317761992775,0.09862263729717263,-0.035251866683570166
drift,0.02,0.002,2e-12,0.005,1,180,0.019562524806126292,0.002128383380833279,0.9992627337363843,2.128383380833279e-12,-0.02211653720962854,0.06221553485857345,0.007968610818233607
drift,0.02,0.002,2e-12,0.005,1,180,0.01966159556427307,0.0021082547567692527,0.9981648927943673,2.1082547567692527e-12,-0.017065004230176473,0.052713295174443245,0.010751145144303836
drift,0.02,0.002,2e-12,0.005,1,180,0.019452549591542537,0.0021309923233903123,0.9978326626732315,2.1309923233903123e-12,-0.027754127682270827,0.06344057019918393,-0.0044432804495415645
drift,0.02,0.002,2e-12,0.005,1,180,0.019493742491359115,0.0021296338164565726,0.9989849685478419,2.1296338164565728e-12,-0.02563875736205157,0.06280286722540152,2.6936153931664264e-5
drift,0.02,0.002,2e-12,0.005,1,180,0.01922589101468674,0.002157870957480058,0.9987416144539915,2.157870957480058e-12,-0.03947441256854614,0.07597488721284122,-0.02001462696600309
drift,0.02,0.002,2e-12,0.005,1,180,0.0192421456748668,0.0021640758618022863,0.9996625559137801,2.1640758618022863e-12,-0.03862931297177427,0.07884623609554715,-0.015127700220969695
drift,0.02,0.002,2e-12,0.005,1,180,0.019606269659849553,0.002127161775239687,0.9996719238556371,2.127161775239687e-12,-0.01988287786384327,0.06164141070651068,0.012818848527855142
drift,0.02,0.002,2e-12,0.005,1,180,0.01942120669064792,0.002148131989889379,1.0008834627000032,2.148131989889379e-12,-0.029366676130579767,0.07145144200580732,-3.1892835385056995e-4
drift,0.02,0.002,2e-12,0.005,1,180,0.019660995571010503,0.002105342440054096,0.9976014997010775,2.105342440054096e-12,-0.017095520696426066,0.05133095270416287,0.009294403509465234
drift,0.02,0.002,2e-12,0.005,1,180,0.019390021971429312,0.002135844588825231,0.9986863372602709,2.1358445888252307e-12,-0.03097367116808121,0.06571497985038621,-0.00992229569237911
drift,0.02,0.002,2e-12,0.005,1,180,0.019157158918014082,0.002171928033975841,1.0002138737578092,2.1719280339758407e-12,-0.04305579394694036,0.08246808743419773,-0.022044206732056162
drift,0.02,0.002,2e-12,0.005,1,180,0.019367480391688795,0.002144842060072206,0.9994565978984012,2.144842060072206e-12,-0.03213688246436141,0.06991873744112143,-0.008513693989467996
drift,0.02,0.002,2e-12,0.005,1,180,0.019755782420368826,0.0020917589895079122,0.9969948101512885,2.091758989507912e-12,-0.012286044280619806,0.04485815322587878,0.014575173351613159
drift,0.02,0.002,2e-12,0.005,1,180,0.0190570738788748,0.002185967784086745,1.0004080413114713,2.185967784086745e-12,-0.04829390868362991,0.08891147170554226,-0.028011367313982585
drift,0.02,0.002,2e-12,0.005,1,180,0.01914279929364863,0.0021751578795041844,1.0002145514138112,2.1751578795041844e-12,-0.04380564463653806,0.08395406962408637,-0.022338817963483346
drift,0.02,0.002,2e-12,0.005,1,180,0.019595306884342623,0.0021224753219194576,0.9985248670077745,2.1224753219194576e-12,-0.02044218066536969,0.05943583168275647,0.009253885341241705
drift,0.02,0.002,2e-12,0.005,1,180,0.01954571842766743,0.0021250185284604614,0.9996881294264568,2.1250185284604613e-12,-0.022976017365409152,0.060633341053933455,0.004302426084694645
drift,0.02,0.005,5e-12,0.005,1,60,0.01997680820139318,0.0051188297539035334,0.998878713897121,5.118829753903534e-12,-0.0011602627749438287,0.023487936801938676,0.02061215377469277
drift,0.02,0.005,5e-12,0.005,1,60,0.01946364624758869,0.00518205536257574,0.9996096909422408,5.18205536257574e-12,-0.027183842940526427,0.035763853279728454,-0.030744012019274007
drift,0.02,0.005,5e-12,0.005,1,60,0.01974803010071606,0.005165361974804285,1.0011673537340438,5.165361974804285e-12,-0.012678528917293496,0.03253726992857108,0.0012930024173625002
drift,0.02,0.005,5e-12,0.005,1,60,0.020156032262109606,0.005058194674293971,0.9983744269852878,5.05819467429397e-12,0.007771337883719018,0.01157172346644422,0.030919723968035273
drift,0.02,0.005,5e-12,0.005,1,60,0.018901996786948035,0.005321559383677009,1.0025503422561859,5.3215593836770085e-12,-0.056464706965902785,0.06232846520150977,-0.07382393321693391
drift,0.02,0.005,5e-12,0.005,1,60,0.019559680343818216,0.0051623466357706,0.9994785655191878,5.1623466357706e-12,-0.022261951421439254,0.0319533380549941,-0.022646299311547123
drift,0.02,0.005,5e-12,0.005,1,60,0.02005516572393673,0.005135379727259135,0.9999788245015314,5.135379727259135e-12,0.0027544891061705985,0.026715877045668166,0.03355642681382261
drift,0.02,0.005,5e-12,0.005,1,60,0.019466630273495957,0.0051959940580407794,0.9999402281150737,5.1959940580407795e-12,-0.027030541901860824,0.03845004280946863,-0.027687803277032734
drift,0.02,0.005,5e-12,0.005,1,60,0.019285042322999196,0.005251339989606156,1.0003592001678971,5.251339989606157e-12,-0.036402487289042086,0.049045367717694466,-0.03960938423040533
drift,0.02,0.005,5e-12,0.005,1,60,0.019301613549528526,0.00520893223151395,0.998909586070793,5.20893223151395e-12,-0.0355435775352233,0.040936976360268336,-0.045662943498194546
drift,0.02,0.005,5e-12,0.005,1,60,0.019500073932894917,0.005213265921778966,1.0001793439570983,5.213265921778966e-12,-0.025314016560968773,0.04176860332629622,-0.02022222899473409
drift,0.02,0.005,5e-12,0.005,1,60,0.019996839952509168,0.00509370263750283,0.9982254573491562,5.0937026375028304e-12,-1.5801485823183206e-4,0.01856708737075374,0.018175241481890477
drift,0.02,0.005,5e-12,0.005,1,60,0.020705125140043096,0.004974596796203547,0.9973302144916911,4.974596796203547e-12,0.03464898737809299,-0.005093591097184711,0.0823419262681592
drift,0.02,0.005,5e-12,0.005,1,60,0.020182916340316128,0.005088959462984058,0.9996442031311343,5.088959462984058e-12,0.009104247298477381,0.01763546952563225,0.04031709572483208
drift,0.02,0.005,5e-12,0.005,1,60,0.01988041109154389,0.005138836776081421,1.0000619478691426,5.138836776081422e-12,-0.005997393890274283,0.027388833266053125,0.012559808617495574
drift,0.02,0.005,5e-12,0.005,1,60,0.02023921100386787,0.005052894161256277,0.9974796187778104,5.052894161256277e-12,0.011889588083116567,0.010523267932236992,0.04018543241185298
drift,0.02,0.005,5e-12,0.005,1,60,0.019163575902436034,0.005273921077057693,1.0032473111833948,5.2739210770576926e-12,-0.04272088468635341,0.053336210852922596,-0.050380377245009204
drift,0.02,0.005,5e-12,0.005,1,60,0.01918058655697882,0.0052609741312023605,1.0017895261509826,5.26097413120236e-12,-0.04183362286772653,0.050878293214923494,-0.050728973719702856
drift,0.02,0.005,5e-12,0.005,1,60,0.01934468932463767,0.00522157578019151,1.0003082069133586,5.22157578019151e-12,-0.03331434525455361,0.04336131750568549,-0.037897206239243586
drift,0.02,0.005,5e-12,0.005,1,60,0.018682047939888362,0.005342870397750347,1.0018267651998614,5.342870397750347e-12,-0.06816921400618955,0.06632512379035958,-0.09710093166348362
drift,0.02,0.005,5e-12,0.005,1,60,0.020460306147541987,0.005044873520548002,0.9997171809460277,5.0448735205480026e-12,0.02275445008051253,0.008934670799130864,0.06601263309433715
drift,0.02,0.005,5e-12,0.005,1,60,0.019379500023039807,0.005215344223886562,1.000462931931801,5.215344223886562e-12,-0.03151646602891771,0.04216718033820498,-0.03477481680485899
drift,0.02,0.005,5e-12,0.005,1,60,0.019958948647646642,0.005103433092276313,0.9980165723587616,5.103433092276313e-12,-0.002054677021537451,0.020475556177041214,0.01538518848522475
drift,0.02,0.005,5e-12,0.005,1,60,0.019613472963079602,0.005176044781076864,1.0001891870191686,5.176044781076864e-12,-0.019515547390499734,0.03460329640343828,-0.013326056174691119
drift,0.02,0.005,5e-12,0.005,1,60,0.019902282457755785,0.005088642459120533,0.9987179803332553,5.088642459120533e-12,-0.004897852031032568,0.017573175113637467,0.005456199875354752
drift,0.02,0.005,5e-12,0.005,1,60,0.019216048648242893,0.005273993553294667,1.0018020033490282,5.2739935532946675e-12,-0.03998647656662807,0.05334995314028748,-0.043860014477593856
drift,0.02,0.005,5e-12,0.005,1,60,0.01956634451822019,0.00519995018551228,0.9996180654216306,5.19995018551228e-12,-0.021921299669061315,0.039211133398218634,-0.014562146342478058
drift,0.02,0.005,5e-12,0.005,1,60,0.019127455185839057,0.005277559328362089,1.0025642164311879,5.2775593283620885e-12,-0.04460752635070356,0.05402582999806452,-0.054169726957892406
drift,0.02,0.005,5e-12,0.005,1,60,0.019695038111755526,0.005154554793523113,0.9997825878560215,5.154554793523113e-12,-0.015365542034973015,0.0304428372942016,-0.007372436848113166
drift,0.02,0.005,5e-12,0.005,1,60,0.019690022044305592,0.0051378778170283355,0.9987452597030242,5.137877817028336e-12,-0.015620261334990818,0.027202205711657105,-0.01123506079444955
drift,0.02,0.005,5e-12,0.005,1,120,0.01976712318240208,0.005148659042474677,1.0004257113670414,5.148659042474677e-12,-0.011712161253977772,0.029298388234755626,4.216628526135663e-4
drift,0.02,0.005,5e-12,0.005,1,120,0.018997365436240587,0.005335190505991696,1.0037829734563126,5.335190505991696e-12,-0.05143196525240589,0.06488668039654508,-0.059440005509622126
drift,0.02,0.005,5e-12,0.005,1,120,0.01923763223989545,0.005216149180857802,1.000162789810418,5.2161491808578016e-12,-0.038863900343980406,0.04232151240583999,-0.05221208984712447
drift,0.02,0.005,5e-12,0.005,1,120,0.01984900241923338,0.005127226203439384,0.9993689795334665,5.127226203439384e-12,-0.007578523641680595,0.02512689943309177,0.006403199418031042
drift,0.02,0.005,5e-12,0.005,1,120,0.02018611886146939,0.005052808551651171,0.9969564957055278,5.052808551651171e-12,0.00926290955750701,0.01050632510153213,0.033585063923736225
drift,0.02,0.005,5e-12,0.005,1,120,0.018977859464550686,0.005285191149835978,1.0008933361367565,5.285191149835977e-12,-0.05245926520685362,0.0554708746041406,-0.07127455179157441
drift,0.02,0.005,5e-12,0.005,1,120,0.019093756535271643,0.005291685443265665,1.0023733503534589,5.291685443265665e-12,-0.04637087490936157,0.05669889200391886,-0.05567529762239747
drift,0.02,0.005,5e-12,0.005,1,120,0.018695987280191666,0.005353960624533665,1.002425175914687,5.353960624533665e-12,-0.06742335666684907,0.06839867823538509,-0.09329889902084842
drift,0.02,0.005,5e-12,0.005,1,120,0.01946490795594791,0.005152702933161357,0.997570693875482,5.152702933161357e-12,-0.027119021197953393,0.030083505951028072,-0.036267907511431
drift,0.02,0.005,5e-12,0.005,1,120,0.019213814221207534,0.005239331086922066,1.0010734040367513,5.2393310869220656e-12,-0.040102762541702475,0.04675592258269129,-0.05073111398757453
drift,0.02,0.005,5e-12,0.005,1,120,0.019831982627233527,0.005134343867134145,0.9992721275273628,5.134343867134145e-12,-0.0084363548181812225,0.026514146177455167,0.0056799919544124645
drift,0.02,0.005,5e-12,0.005,1,120,0.019683244129606807,0.0051495838276294495,0.9987067729916801,5.14958382762945e-12,-0.01596455153107449,0.029477988807187792,-0.009799739121568195
drift,0.02,0.005,5e-12,0.005,1,120,0.019625127778498674,0.005174419041723951,1.0009210397594763,5.174419041723951e-12,-0.018921498900413492,0.03428915794662807,-0.012194997519536357
drift,0.02,0.005,5e-12,0.005,1,120,0.018866407781626286,0.005294109692183335,1.0009890276348388,5.294109692183335e-12,-0.05834929892903677,0.0571569112512275,-0.08340852382711307
drift,0.02,0.005,5e-12,0.005,1,120,0.01998605813209932,0.0051317230055228594,1.0002817067969088,5.131723005522859e-12,-6.973364776088684e-4,0.026003558880346247,0.0242747672606617
drift,0.02,0.005,5e-12,0.005,1,120,0.019785952112888687,0.005133010668062674,0.9996386483450967,5.133010668062674e-12,-0.01076007690815385,0.02625444947088988,-2.874885309129861e-4
drift,0.02,0.005,5e-12,0.005,1,120,0.019327890784060706,0.005203873820648719,0.9999913654250049,5.203873820648719e-12,-0.034183102476662404,0.03996540131358036,-0.0433761414628922
drift,0.02,0.005,5e-12,0.005,1,120,0.020081963903958534,0.005060388881605925,0.9964231953618965,5.0603888816059255e-12,0.004089820469038486,0.012005421984468093,0.022168946075326296
drift,0.02,0.005,5e-12,0.005,1,120,0.019651547475425996,0.005154524518986483,0.9989596074192568,5.1545245189864825e-12,-0.017576186409415148,0.030436963920700014,-0.012771149126476589
drift,0.02,0.005,5e-12,0.005,1,120,0.01898659471393142,0.005293460154575135,1.0012885832340919,5.293460154575134e-12,-0.05199908477102705,0.057034213102659576,-0.0686280423698444
drift,0.02,0.005,5e-12,0.005,1,120,0.020080705682834432,0.005103104560279464,0.9996217658085811,5.103104560279464e-12,0.004027164219468443,0.020411179400479665,0.030418684071949198
drift,0.02,0.005,5e-12,0.005,1,120,0.019279086765872235,0.005229784372839222,1.0003042807137092,5.229784372839222e-12,-0.036711352408779804,0.04493213589016203,-0.04446110514168094
drift,0.02,0.005,5e-12,0.005,1,120,0.02035301289486861,0.00502673662023673,0.9975728788740029,5.026736620236731e-12,0.017496681177627694,0.005333077873484689,0.049106676837192276
drift,0.02,0.005,5e-12,0.005,1,120,0.019742697098468445,0.0051295459115579,0.9983787004719398,5.1295459115578996e-12,-0.012948617753750554,0.025579226565265196,-0.006326333224647648
drift,0.02,0.005,5e-12,0.005,1,120,0.01923958448638944,0.00524175280608953,1.0011752724047287,5.24175280608953e-12,-0.038762424891140186,0.04721803494345113,-0.0470734887442584
drift,0.02,0.005,5e-12,0.005,1,120,0.019175864387571642,0.005272838918957026,1.0019795435648,5.272838918957026e-12,-0.042079848434208825,0.053130999374729565,-0.04906181656638685
drift,0.02,0.005,5e-12,0.005,1,120,0.019097508338383237,0.005306114313486695,1.0017907900227183,5.306114313486694e-12,-0.046174400498991734,0.05942188724211788,-0.05248707879836075
drift,0.02,0.005,5e-12,0.005,1,120,0.020195739955030885,0.005045404886387449,0.996474751408532,5.04540488638745e-12,0.009739415296742958,0.009039993133859062,0.033311747557688745
drift,0.02,0.005,5e-12,0.005,1,120,0.020163133280840028,0.005021245663405578,0.9958968457753493,5.0212456634055775e-12,0.008123578249223527,0.00424013060850279,0.02446865743266622
drift,0.02,0.005,5e-12,0.005,1,120,0.0195889479475768,0.005175034130137104,1.0000533528014544,5.175034130137104e-12,-0.0207667465834366,0.034408021891159823,-0.016562432609316946
drift,0.02,0.005,5e-12,0.005,1,180,0.02046526141116277,0.005008410813375542,0.9967837638793047,5.008410813375542e-12,0.02299660988137003,0.0016807494241324176,0.05937316440831572
drift,0.02,0.005,5e-12,0.005,1,180,0.019880099326494694,0.005125073130957189,0.9994279753224165,5.125073130957189e-12,-0.006013076035494521,0.02470688194362495,0.009839198428966973
drift,0.02,0.005,5e-12,0.005,1,180,0.020534899145243774,0.004987815519685788,0.9970143374255664,4.987815519685788e-12,0.026393562483511032,-0.0024398701266918114,0.06388762388353614
drift,0.02,0.005,5e-12,0.005,1,180,0.01908608031780849,0.005282798916163587,1.001088625629119,5.282798916163587e-12,-0.04677298336237163,0.05501814259014157,-0.05830789800160577
drift,0.02,0.005,5e-12,0.005,1,180,0.01928787204210956,0.005216057452370717,1.0006089796818642,5.216057452370717e-12,-0.036255766764445155,0.04230392677121594,-0.04599994000719868
drift,0.02,0.005,5e-12,0.005,1,180,0.019752774870647243,0.005147369552250421,1.0005465367632196,5.1473695522504214e-12,-0.012438292296422522,0.02904790520255849,-0.0016080108371834892
drift,0.02,0.005,5e-12,0.005,1,180,0.019472261650502205,0.005179004836642049,1.000301439258596,5.179004836642049e-12,-0.026741300130086753,0.0351750089021879,-0.030264546435538692
drift,0.02,0.005,5e-12,0.005,1,180,0.019231786132240167,0.0052519274181918015,1.000883696338312,5.251927418191802e-12,-0.0391678356748311,0.0491572240693326,-0.04610129553288669
drift,0.02,0.005,5e-12,0.005,1,180,0.020042821974635517,0.0050743256629005,0.9983512908476984,5.0743256629005006e-12,0.002138809846456901,0.014755729359858017,0.02006565421466207
drift,0.02,0.005,5e-12,0.005,1,180,0.01933433920137206,0.005219908720686689,1.0001148120918417,5.219908720686689e-12,-0.033849525371897476,0.04304200284906838,-0.03949993618079618
drift,0.02,0.005,5e-12,0.005,1,180,0.02002508100979447,0.00508955723968243,0.9981853203867906,5.08955723968243e-12,0.001253264825181619,0.017752928034867277,0.02086297324938162
drift,0.02,0.005,5e-12,0.005,1,180,0.019047645920406833,0.005266928604358994,1.0001944232534794,5.266928604358994e-12,-0.048788753349068494,0.052009472698838904,-0.06608243317071391
drift,0.02,0.005,5e-12,0.005,1,180,0.020351470406575575,0.005060455716013133,0.9986038221204998,5.060455716013133e-12,0.01742089157566436,0.012018629263082793,0.055600959678454076
drift,0.02,0.005,5e-12,0.005,1,180,0.019066872756309524,0.005289102266591517,1.0027518626698173,5.289102266591517e-12,-0.047779854997411574,0.05621061517684224,-0.05949716304077683
drift,0.02,0.005,5e-12,0.005,1,180,0.018991838256699086,0.005296997534438796,1.0013888492159626,5.2969975344387955e-12,-0.05172295211410365,0.05770224466448362,-0.06730981150482976
drift,0.02,0.005,5e-12,0.005,1,180,0.019310585563793673,0.005221138403161643,1.0000119155082512,5.221138403161643e-12,-0.03507885319252071,0.04327755058025913,-0.042209839509325456
drift,0.02,0.005,5e-12,0.005,1,180,0.019334230353736902,0.005214527546876605,1.0004097941516819,5.214527546876605e-12,-0.03385515514493594,0.04201057687661393,-0.04054485926001031
drift,0.02,0.005,5e-12,0.005,1,180,0.019289486090418993,0.005203176399683834,0.9990261683507657,5.203176399683834e-12,-0.0361720882344209,0.03983137275579247,-0.04827235203225242
drift,0.02,0.005,5e-12,0.005,1,180,0.01907545219747281,0.005264308388900283,1.0008033984361777,5.264308388900283e-12,-0.04732999037492868,0.051511864390440816,-0.06313206312293096
drift,0.02,0.005,5e-12,0.005,1,180,0.020141505783381104,0.005099698752370249,0.9993251386816999,5.099698752370249e-12,0.0070503767499978075,0.01974355738889074,0.03729027452814753
drift,0.02,0.005,5e-12,0.005,1,180,0.018982996133938012,0.0052836552760484184,1.0014175450066756,5.2836552760484185e-12,-0.05218863540477497,0.05518023289425458,-0.07092824649743198
drift,0.02,0.005,5e-12,0.005,1,180,0.018980315349038695,0.0052567541432121424,1.0002045324885223,5.256754143212142e-12,-0.05232986570313691,0.05007584080189969,-0.0763650559173022
drift,0.02,0.005,5e-12,0.005,1,180,0.019475311690187003,0.0051940165695151365,1.0002012874647015,5.194016569515136e-12,-0.026584677294340206,0.03806939092750118,-0.02699195948931045
drift,0.02,0.005,5e-12,0.005,1,180,0.019446884791562324,0.005224226443117423,1.0016121436241374,5.224226443117423e-12,-0.028045381275547593,0.04386882529228555,-0.02471746055398636
drift,0.02,0.005,5e-12,0.005,1,180,0.01986595156883213,0.005129851114982644,0.9986236074857102,5.129851114982644e-12,-0.006724983656070169,0.025638723906881794,0.009016718442065919
drift,0.02,0.005,5e-12,0.005,1,180,0.019721880786397382,0.005158508569511142,0.9999252767654392,5.158508569511142e-12,-0.014003554363604459,0.031209588363705444,-0.0032771941230192517
drift,0.02,0.005,5e-12,0.005,1,180,0.01970018350671846,0.005151577463810868,0.9996490486179894,5.151577463810868e-12,-0.015104322791582414,0.02986505899275347,-0.007312186174157735
drift,0.02,0.005,5e-12,0.005,1,180,0.019580129115978277,0.005185372935016203,0.9999897942379755,5.185372935016203e-12,-0.021217042194600823,0.03640385241133052,-0.015660137207363152
drift,0.02,0.005,5e-12,0.005,1,180,0.02034142389705729,0.005044080098613317,0.9977995982554511,5.0440800986133174e-12,0.016927119387948122,0.008777385521336781,0.051113948756440736
drift,0.02,0.005,5e-12,0.005,1,180,0.020399463164331687,0.005055704520934837,0.9993686561501646,5.055704520934837e-12,0.01977631147598459,0.011079301431898725,0.06061273380902783
drift,0.02,0.008,8e-12,0.005,1,60,0.018819204603443565,0.00830796174464349,0.9995226476798873,8.30796174464349e-12,-0.0608544036563205,0.03777275968253912,-0.10864586949045885
drift,0.02,0.008,8e-12,0.005,1,60,0.0213979560544444,0.007807956309410319,0.9953159935840312,7.80795630941032e-12,0.06756313243774263,-0.024298288203255605,0.1490482625478499
drift,0.02,0.008,8e-12,0.005,1,60,0.01985401616939789,0.008133680140483376,0.9994651963766171,8.133680140483376e-12,-0.007325960971667604,0.01657194126550799,-0.0015300537291536784
drift,0.02,0.008,8e-12,0.005,1,60,0.019435392694446926,0.008209446250048496,0.9994616024642654,8.209446250048497e-12,-0.028636503925406214,0.025843931281812647,-0.04416737460676855
drift,0.02,0.008,8e-12,0.005,1,60,0.021020036880656952,0.00789891301616495,0.9962017767075598,7.89891301616495e-12,0.04974384644403383,-0.01271638456414296,0.11376818863731909
drift,0.02,0.008,8e-12,0.005,1,60,0.018843969055549872,0.008327089550307348,1.0021224801314936,8.327089550307348e-12,-0.05953935485563252,0.040072459726101566,-0.1032753773857143
drift,0.02,0.008,8e-12,0.005,1,60,0.02076587008473433,0.00794268919125355,0.9975333013937374,7.942689191253551e-12,0.03757850415506393,-0.007189634688234704,0.08777825581882209
drift,0.02,0.008,8e-12,0.005,1,60,0.01851120459548159,0.00846750123675386,1.0028024519710248,8.46750123675386e-12,-0.07735607099414389,0.05679391008885775,-0.12781672007142503
drift,0.02,0.008,8e-12,0.005,1,60,0.01957925898473697,0.008218559717399465,1.0019743360441569,8.218559717399465e-12,-0.021261482686837908,0.02695343517460608,-0.02521845071800954
drift,0.02,0.008,8e-12,0.005,1,60,0.01886528515453083,0.00829401701797073,0.9998527560758027,8.29401701797073e-12,-0.05840880471891407,0.036092871983426464,-0.10461176885475047
drift,0.02,0.008,8e-12,0.005,1,60,0.02004791460663501,0.008084583552727623,1.000660918770236,8.084583552727624e-12,0.002392865145069978,0.010517441392764414,0.016458852615505552
drift,0.02,0.008,8e-12,0.005,1,60,0.019501390347691057,0.008264258653404261,1.0009981215102695,8.264258653404262e-12,-0.02524651064441297,0.03249848846235294,-0.029329108423956057
drift,0.02,0.008,8e-12,0.005,1,60,0.019850296685334928,0.008052645718729635,0.9969781576956089,8.052645718729635e-12,-0.007513320168007407,0.006559156465291182,-0.012004054553177846
drift,0.02,0.008,8e-12,0.005,1,60,0.020007284866573237,0.008173326413406342,1.0018658968576202,8.173326413406343e-12,3.6417700816472365e-4,0.021434434072847914,0.022337757527929245
drift,0.02,0.008,8e-12,0.005,1,60,0.02000926950851291,0.00808906815304852,0.9979515223103451,8.089068153048519e-12,4.6336805408508225e-4,0.011071997718992638,0.012221416774593244
drift,0.02,0.008,8e-12,0.005,1,60,0.018864736621757982,0.008344348082665239,1.0003383053923378,8.34434808266524e-12,-0.05843788144599042,0.04214289167120503,-0.09862976723080527
drift,0.02,0.008,8e-12,0.005,1,60,0.019071793147919486,0.008265958598512625,0.9988628720800833,8.265958598512625e-12,-0.0475218285814055,0.03270416574879766,-0.08239348390918616
drift,0.02,0.008,8e-12,0.005,1,60,0.019699451007691247,0.008209828404724501,1.0004496999969086,8.209828404724501e-12,-0.015141505828243744,0.025890480801704304,-0.011377594244581155
drift,0.02,0.008,8e-12,0.005,1,60,0.019651760248774422,0.0081456391555212709,0.9977866406417485,8.145639155521271e-12,-0.017565359160476097,0.01804116942814857,-0.025140559723823157
drift,0.02,0.008,8e-12,0.005,1,60,0.01832428091719363,0.00846122307674116,1.0023748665265704,8.46122307674116e-12,-0.08750526708634206,0.05605219320762556,-0.15173697306036457
drift,0.02,0.008,8e-12,0.005,1,60,0.019267174457077898,0.008244038267010223,1.0003506283456127,8.244038267010223e-12,-0.0373294309873825,0.030048763138940695,-0.06082160418340002
drift,0.02,0.008,8e-12,0.005,1,60,0.02049955451432506,0.008018536351258407,0.9986509044370305,8.018536351258407e-12,0.024670881345716173,0.00231436370037297,0.06425912347668053
drift,0.02,0.008,8e-12,0.005,1,60,0.020135225564322654,0.008054648569543733,0.99747895052424,8.054648569543732e-12,0.006738523285269954,0.006807845138705185,0.02357581511471426
drift,0.02,0.008,8e-12,0.005,1,60,0.0192109057716062,0.0082956961603596,1.001632285608856,8.2956961603596e-12,-0.04025414683844863,0.03629530374057088,-0.06155238058026044
drift,0.02,0.008,8e-12,0.005,1,60,0.020017680518881115,0.008117649888735737,0.999372373745019,8.117649888735738e-12,8.836354232575267e-4,0.014599148033465386,0.016791532374723552
drift,0.02,0.008,8e-12,0.005,1,60,0.019801897693074364,0.008158844114818606,0.9998460762815318,8.158844114818605e-12,-0.009954497361592585,0.019660964666744208,-0.004903721392034693
drift,0.02,0.008,8e-12,0.005,1,60,0.019681017584426357,0.008149248971161335,0.9987250383551427,8.149248971161335e-12,-0.01607767674089044,0.018484230549041268,-0.02106958898209057
drift,0.02,0.008,8e-12,0.005,1,60,0.021565684946916262,0.007860184572689163,0.9981717560238643,7.860184572689163e-12,0.07537111801295489,-0.017631452984003298,0.17651348043361317
drift,0.02,0.008,8e-12,0.005,1,60,0.019615635607301292,0.00822360459667285,0.9997807332406827,8.22360459667285e-12,-0.019405290272625067,0.027567086678791403,-0.020094098015848452
drift,0.02,0.008,8e-12,0.005,1,60,0.01999739980936762,0.008148963593036967,1.0001697774913652,8.148963593036967e-12,-1.3001798359073483e-4,0.018449210988059066,0.018126787349643965
drift,0.02,0.008,8e-12,0.005,1,120,0.019360618102178782,0.008245811639645825,1.0015995161624305,8.245811639645825e-12,-0.03249126544977543,0.030263849710677346,-0.04901950561915369
drift,0.02,0.008,8e-12,0.005,1,120,0.019415686024982847,0.008296963334474336,1.0026838254391677,8.296963334474337e-12,-0.029650976202816794,0.03644804286205933,-0.036006890040067685
drift,0.02,0.008,8e-12,0.005,1,120,0.018578940948548398,0.008466518273567775,1.0037766678297118,8.466518273567776e-12,-0.07370354133274809,0.05667781677898656,-0.11953350560101211
drift,0.02,0.008,8e-12,0.005,1,120,0.018911743725518782,0.008377776651594313,1.0017119444857394,8.377776651594313e-12,-0.055949183314736896,0.0461410215727641,-0.08880275646290697
drift,0.02,0.008,8e-12,0.005,1,120,0.01982193664384102,0.00817234118410054,0.9999133297166806,8.17234118410054e-12,-0.00894303782919736,0.0213138847834271,-7.659713802864107e-4
drift,0.02,0.008,8e-12,0.005,1,120,0.018937870608272834,0.008358118086914418,1.0015690287997148,8.358118086914418e-12,-0.05456862040208151,0.04379175085512725,-0.0879122937190414
drift,0.02,0.008,8e-12,0.005,1,120,0.02002844053951984,0.008144498249160869,1.0015429020263844,8.14449824916087e-12,0.0014210168531329375,0.017901096163703226,0.02142772306416334
drift,0.02,0.008,8e-12,0.005,1,120,0.01945483436927508,0.008208912558668074,0.99985880730661,8.208912558668075e-12,-0.027636680683651164,0.02577891974359157,-0.04182161846629856
drift,0.02,0.008,8e-12,0.005,1,120,0.020489109079333663,0.008036504212285795,0.9993771204175422,8.036504212285794e-12,0.024161206996678182,0.004552647491401296,0.06520217332877547
drift,0.02,0.008,8e-12,0.005,1,120,0.020348315175732268,0.00803991260694419,0.9988881772855986,8.039912606944191e-12,0.017265842559828617,0.004976671668901631,0.04816775345970278
drift,0.02,0.008,8e-12,0.005,1,120,0.01992439180590846,0.00807555954597755,0.9977233166953933,8.075559545977548e-12,-0.003787573513799465,0.009400618647703137,2.520258035226472e-5
drift,0.02,0.008,8e-12,0.005,1,120,0.01900417311595532,0.008325321626147289,1.000432319081333,8.325321626147288e-12,-0.051073680822515954,0.039860127211852836,-0.08362240640968742
drift,0.02,0.008,8e-12,0.005,1,120,0.018577126387272717,0.008416136108254929,1.00258899424785,8.416136108254929e-12,-0.07380121374036452,0.05070928674355173,-0.12572704123463144
drift,0.02,0.008,8e-12,0.005,1,120,0.019285242201866785,0.008261539074345396,1.0001609030560168,8.261539074345396e-12,-0.03639212289219864,0.032169357109274876,-0.056460609859243865
drift,0.02,0.008,8e-12,0.005,1,120,0.020003103142746077,0.008098433905813728,0.9993537338234799,8.098433905813728e-12,1.5514510168003853e-4,0.01222915634374241,0.012613946044255859
drift,0.02,0.008,8e-12,0.005,1,120,0.020445044284635717,0.008062443652912922,0.9989199371838389,8.062443652912922e-12,0.022008246297721266,0.007775151631639097,0.06296064292646793
drift,0.02,0.008,8e-12,0.005,1,120,0.019930945839100718,0.008105804004460072,0.9981064509476226,8.105804004460072e-12,-0.003458682397145936,0.013138807164146558,0.004576091212635537
drift,0.02,0.008,8e-12,0.005,1,120,0.01831845680746065,0.008557472236616665,1.0055495773377072,8.557472236616666e-12,-0.08782315325662692,0.0673633054036736,-0.14114805047120574
drift,0.02,0.008,8e-12,0.005,1,120,0.02099679171891982,0.00796469542413145,0.9998993790427417,7.96469542413145e-12,0.04863737720856636,-0.004422838329384728,0.11917933481667294
drift,0.02,0.008,8e-12,0.005,1,120,0.02041464249674335,0.008089677841486788,1.0000726756001856,8.089677841486787e-12,0.020520139271089664,0.011147366778963474,0.062563036375139
drift,0.02,0.008,8e-12,0.005,1,120,0.019283998383647645,0.008243507434964046,0.9981030317961381,8.243507434964046e-12,-0.03645662082893204,0.02998437125721908,-0.058799829170472995
drift,0.02,0.008,8e-12,0.005,1,120,0.020070200619657613,0.008114395613024412,0.9991928430150794,8.114395613024412e-12,0.0035038852011876234,0.014198178758881495,0.022903055596425487
drift,0.02,0.008,8e-12,0.005,1,120,0.018512764431442872,0.008427291936640624,1.000969305135388,8.427291936640624e-12,-0.07727181012189269,0.05203393751977397,-0.13238327298130995
drift,0.02,0.008,8e-12,0.005,1,120,0.02045867654326353,0.008069462429751997,0.9996768131606308,8.069462429751998e-12,0.02267479979733554,0.008645324969618456,0.06552121633429611
drift,0.02,0.008,8e-12,0.005,1,120,0.019296734620272177,0.008273552378588685,1.0017630683942338,8.273552378588685e-12,-0.03579638261697811,0.0336224251362925,-0.05358248194995763
drift,0.02,0.008,8e-12,0.005,1,120,0.018150228474701033,0.00858015126072115,1.0054329566054854,8.58015126072115e-12,-0.09704912478456316,0.0700100011193175,-0.15936166801775448
drift,0.02,0.008,8e-12,0.005,1,120,0.018666491937464905,0.008403286140078035,1.0032103293485837,8.403286140078035e-12,-0.06900223202371271,0.04918129482001251,-0.11617370493433934
drift,0.02,0.008,8e-12,0.005,1,120,0.019980420699842273,0.008102038009408858,0.9986023684953184,8.102038009408858e-12,-9.794445070972543e-4,0.01267409445090978,0.010246261231351599
drift,0.02,0.008,8e-12,0.005,1,120,0.02044356731878395,0.008007878015391918,0.9974015062974767,8.007878015391918e-12,0.021936002912852384,9.842673738956016e-4,0.05598661490310534
drift,0.02,0.008,8e-12,0.005,1,120,0.020198065373162388,0.008083626506174557,0.999122010234347,8.083626506174557e-12,0.009854552660760971,0.010399055182949226,0.034959161455085236
drift,0.02,0.008,8e-12,0.005,1,180,0.01921010597239947,0.008303193188703735,1.001199722314431,8.303193188703735e-12,-0.040295780266124716,0.03719862066693431,-0.060748238755531266
drift,0.02,0.008,8e-12,0.005,1,180,0.020548165125445498,0.007955259957932271,0.9959390401361023,7.955259957932271e-12,0.0270393751023259,-0.005608201865593162,0.06236427368964853
drift,0.02,0.008,8e-12,0.005,1,180,0.01980983130269045,0.008171430715365585,1.0003106305323277,8.171430715365586e-12,-0.009553928645038205,0.021202470020482752,-0.002378448445901616
drift,0.02,0.008,8e-12,0.005,1,180,0.020504480050129344,0.008013133435605075,0.9979327101731541,8.013133435605074e-12,0.02491112774489573,0.0016403333679479277,0.06419585958398649
drift,0.02,0.008,8e-12,0.005,1,180,0.021273026767671115,0.007847465797295027,0.9951098662120278,7.847465797295027e-12,0.06170764772838063,-0.019250890375875063,0.13860442881534307
drift,0.02,0.008,8e-12,0.005,1,180,0.019433605460934148,0.008186428237291026,0.9985756541571602,8.186428237291027e-12,-0.02872846582814911,0.02303614839747854,-0.04719677444668714
drift,0.02,0.008,8e-12,0.005,1,180,0.01871942701435399,0.008414563112566676,1.0015614682060436,8.414563112566677e-12,-0.06617041118057171,0.0505223669166099,-0.10826868330349533
drift,0.02,0.008,8e-12,0.005,1,180,0.02042055133265029,0.008035275521734123,0.9981354647994507,8.035275521734122e-12,0.02080953845811784,0.004399747118897436,0.05654811236753351
drift,0.02,0.008,8e-12,0.005,1,180,0.019784143816484526,0.008176364161375243,0.9997935257036367,8.176364161375243e-12,-0.010851474028274482,0.021806031075245362,-0.004960135680673418
drift,0.02,0.008,8e-12,0.005,1,180,0.020254346274251565,0.008039511051797944,0.9985447661842246,8.039511051797944e-12,0.012637127795894133,0.004926725208773075,0.03646566321596713
drift,0.02,0.008,8e-12,0.005,1,180,0.019177669181667367,0.008302012171191038,1.0010980221744419,8.302012171191037e-12,-0.04198573485826936,0.037056374005228855,-0.06491264746801775
drift,0.02,0.008,8e-12,0.005,1,180,0.0192541086609898,0.008242910860258745,1.0001864756395094,8.242910860258745e-12,-0.0380077986600847,0.02991199960015211,-0.06257852643711273
drift,0.02,0.008,8e-12,0.005,1,180,0.019863491582969222,0.008179620676045081,1.0010243661302825,8.17962067604508e-12,-0.006848820572517886,0.022204235737971464,0.005277192026154939
drift,0.02,0.008,8e-12,0.005,1,180,0.020566181634975936,0.008011653723939962,1.000140136186861,8.011653723939962e-12,0.027915785022620695,0.0014556555117510542,0.07166217824876704
drift,0.02,0.008,8e-12,0.005,1,180,0.01966874383880402,0.00821550919049043,1.0004015215100794,8.21550919049043e-12,-0.016701504971428516,0.02658219090623054,-0.014493573082070818
drift,0.02,0.008,8e-12,0.005,1,180,0.020312457960410958,0.008066799364490325,1.000434287607484,8.066799364490325e-12,0.015502116892516907,0.008315252822821534,0.04706003991378029
drift,0.02,0.008,8e-12,0.005,1,180,0.019756854165140496,0.008196193936149286,1.0008531331343395,8.196193936149285e-12,-0.01223179607728295,0.02422835070936431,-0.005921732813214262
drift,0.02,0.008,8e-12,0.005,1,180,0.019848912778923655,0.008144000071339415,0.9995825425761893,8.144000071339416e-12,-0.007583039763460735,0.017839926888082253,-8.94888525384635e-4
drift,0.02,0.008,8e-12,0.005,1,180,0.019774957242739737,0.008214419176953062,1.0014098178631696,8.214419176953061e-12,-0.01131592209023488,0.026449504565232578,-0.0014557973350400495
drift,0.02,0.008,8e-12,0.005,1,180,0.020446937761002898,0.008051689810351904,0.9992794035798739,8.051689810351904e-12,0.022100854984012038,0.006440442051135073,0.06186072441549437
drift,0.02,0.008,8e-12,0.005,1,180,0.018658171492488496,0.008388229681516885,1.002531440627143,8.388229681516885e-12,-0.06944807369244459,0.047387953140041995,-0.1189987817913846
drift,0.02,0.008,8e-12,0.005,1,180,0.019319213836271495,0.008267666355722859,1.0011586225023583,8.267666355722858e-12,-0.034632137301922945,0.03291074563929766,-0.05150673866303704
drift,0.02,0.008,8e-12,0.005,1,180,0.01918682831629477,0.008320367553009987,1.000777972461621,8.320367553009986e-12,-0.04150825513619541,0.03926488922197402,-0.06156839955747441
drift,0.02,0.008,8e-12,0.005,1,180,0.020904179657334855,0.007932647839307637,0.9973763496408836,7.932647839307636e-12,0.044216849027257456,-0.00845466021376191,0.10366361729576007
drift,0.02,0.008,8e-12,0.005,1,180,0.017989994737859793,0.008572498812644342,1.0045938464234718,8.572498812644342e-12,-0.10591651809521663,0.06911772516757957,-0.18012292733780616
drift,0.02,0.008,8e-12,0.005,1,180,0.021021942404052377,0.007928602118800619,0.9981124155807977,7.928602118800618e-12,0.04983449504950624,-0.008964799150534511,0.11775605895196016
drift,0.02,0.008,8e-12,0.005,1,180,0.018439983321179226,0.008452543114892786,1.0026575986251423,8.452543114892786e-12,-0.0812109599173175,0.05502581475210885,-0.13841625342166722
drift,0.02,0.008,8e-12,0.005,1,180,0.019508925304559728,0.00825759600692052,1.0012472788542912,8.25759600692052e-12,-0.024860204774471043,0.03169196316820411,-0.02920129906638967
drift,0.02,0.008,8e-12,0.005,1,180,0.019107207701711513,0.008301979441392745,1.00145740000256,8.301979441392745e-12,-0.04566664310451276,0.03705243160402106,-0.0736538133837514
drift,0.02,0.008,8e-12,0.005,1,180,0.018736158813985618,0.008473450450343867,1.0032344083600033,8.473450450343867e-12,-0.06527699032626957,0.05749625715228703,-0.0992200499134964
drift,0.035,0.002,2e-12,0.005,1,60,0.0341013182390967,0.002127562892764844,0.9990517936300408,2.127562892764844e-12,-0.026012019909119034,0.061829962285117876,-0.049606576066891825
drift,0.035,0.002,2e-12,0.005,1,60,0.034234214717860714,0.0021118864401124763,0.9997438267565291,2.1118864401124765e-12,-0.022122487170975584,0.05443441495233328,-0.040522960032938565
drift,0.035,0.002,2e-12,0.005,1,60,0.03472590917832314,0.0020867922174563716,0.9983532691728719,2.0867922174563716e-12,-0.00786199095062808,0.04248088218400624,0.008493620296075213
drift,0.035,0.002,2e-12,0.005,1,60,0.03418851392910691,0.0021389108298600686,1.000351650314132,2.1389108298600685e-12,-0.02345832385721855,0.06714956090141021,-0.03347471188933297
drift,0.035,0.002,2e-12,0.005,1,60,0.0344673126663442,0.002087908076129427,0.9976668141629912,2.087908076129427e-12,-0.015336645521578388,0.04301546364909665,-0.023037765724222718
drift,0.035,0.002,2e-12,0.005,1,60,0.033809223960481305,0.002175189969174747,1.0027835914882484,2.175189969174747e-12,-0.034614397991300144,0.08396882231590772,-0.06368740658441088
drift,0.035,0.002,2e-12,0.005,1,60,0.033768844899542176,0.002150772037894438,0.9995275385260365,2.150772037894438e-12,-0.03580943260610211,0.0726796845159401,-0.07998354794083047
drift,0.035,0.002,2e-12,0.005,1,60,0.03336085145969012,0.0021707842519149314,0.999127116616685,2.1707842519149314e-12,-0.04796496095257737,0.08194132811326692,-0.12131309088515822
drift,0.035,0.002,2e-12,0.005,1,60,0.034593998096716906,0.002080690520657752,0.9980611014915621,2.080690520657752e-12,-0.011667859885406195,0.039552639145211524,-0.01079159686189253
drift,0.035,0.002,2e-12,0.005,1,60,0.032142126748715964,0.002307531451781997,1.0037114204529527,2.307531451781997e-12,-0.08518053197176785,0.14303113698341952,-0.21134514617580136
drift,0.035,0.002,2e-12,0.005,1,60,0.033607847786460025,0.0021675095231797944,1.0011295147424508,2.1675095231797944e-12,-0.04058845671911541,0.08043164272685858,-0.09219523175209869
drift,0.035,0.002,2e-12,0.005,1,60,0.03278136953257292,0.0022425658966904257,1.001556676195484,2.2425658966904256e-12,-0.06548770952929721,0.11447351932832482,-0.16063665863263338
drift,0.035,0.002,2e-12,0.005,1,60,0.03461784964182684,0.0020980267467915216,1.0000804352118529,2.0980267467915217e-12,-0.010978626847032656,0.04785007804191483,4.6343362844267905e-4
drift,0.035,0.002,2e-12,0.005,1,60,0.035027994810361854,0.0020589083738047184,0.9987848798955828,2.0589083738047184e-12,7.995320137032157e-4,0.029028746157858457,0.032500102642727915
drift,0.035,0.002,2e-12,0.005,1,60,0.03328589656496923,0.002191955853635628,1.0001548532224758,2.191955853635628e-12,-0.050214280793228434,0.09164704855824779,-0.12090177738556768
drift,0.035,0.002,2e-12,0.005,1,60,0.03375666568118734,0.002153301578314895,1.0009809004249237,2.153301578314895e-12,-0.0361701620069511,0.07385510154513124,-0.08031835398763891
drift,0.035,0.002,2e-12,0.005,1,60,0.03424700131315953,0.0021347795596279116,1.0002230752318462,2.1347795596279114e-12,-0.021749053514609987,0.06521621003015554,-0.028155627138062883
drift,0.035,0.002,2e-12,0.005,1,60,0.033145165847663256,0.002219008192581014,1.0025536596361646,2.219008192581014e-12,-0.05445118210777012,0.10391315539857392,-0.12608627949118273
drift,0.035,0.002,2e-12,0.005,1,60,0.03554072606840345,0.0020224149351977206,0.9975488046706873,2.0224149351977206e-12,0.015331190640212138,0.011145129271301167,0.0781951617533287
drift,0.035,0.002,2e-12,0.005,1,60,0.034414363026023354,0.0021111943900325053,0.9990837972881638,2.1111943900325053e-12,-0.016874054425123502,0.05410666840236146,-0.018512316370743118
drift,0.035,0.002,2e-12,0.005,1,60,0.03315896132937333,0.0021985322467185336,1.0002948873293167,2.1985322467185337e-12,-0.05403505471128672,0.09464279657118413,-0.13364599858652362
drift,0.035,0.002,2e-12,0.005,1,60,0.032279324217366685,0.0022898194622697865,1.0031735500296648,2.2898194622697866e-12,-0.08092115333262166,0.13532579646159446,-0.20203800058493696
drift,0.035,0.002,2e-12,0.005,1,60,0.03392001067834525,0.002146050212555018,1.0005184957283708,2.146050212555018e-12,-0.031342935756054416,0.07048186158313043,-0.06343681430205918
drift,0.035,0.002,2e-12,0.005,1,60,0.03331290248702599,0.0022211828946050276,1.0026921446452057,2.2211828946050276e-12,-0.04940327747420823,0.10489270882553328,-0.1043073827832447
drift,0.035,0.002,2e-12,0.005,1,60,0.034567946587927334,0.0020956126075121406,0.9997397048913064,2.0956126075121406e-12,-0.012421207991520104,0.046698744156429814,-0.006875878940581184
drift,0.035,0.002,2e-12,0.005,1,60,0.034056439809635006,0.002129269911680761,0.9991839670855888,2.129269911680761e-12,-0.027328918740074433,0.06263197593509452,-0.05436948767016518
drift,0.035,0.002,2e-12,0.005,1,60,0.035228431129922494,0.002061218474317746,0.9983841776134078,2.0612184743177463e-12,0.00650539765308325,0.030150119766127637,0.05847557987651647
drift,0.035,0.002,2e-12,0.005,1,60,0.034018099732034464,0.00212180603657809,0.9981140648012338,2.1218060365780898e-12,-0.028455333458779312,0.059120449505948004,-0.0626351837217789
drift,0.035,0.002,2e-12,0.005,1,60,0.0335808924149482,0.0021464745048294697,0.9978188610633942,2.1464745048294698e-12,-0.04139083440553135,0.07067955049758927,-0.10528979004883411
drift,0.035,0.002,2e-12,0.005,1,60,0.03444712676667995,0.0021112988636596175,0.9996342213774044,2.1112988636596174e-12,-0.015922470507100363,0.054156152733469416,-0.01440012819821717
drift,0.035,0.002,2e-12,0.005,1,120,0.033695433713905855,0.0021608447552706866,0.9990505224047611,2.1608447552706864e-12,-0.037985731415478965,0.07735205508330566,-0.08441416439236875
drift,0.035,0.002,2e-12,0.005,1,120,0.03429647624479763,0.0021136985565520365,1.0002744982336644,2.1136985565520364e-12,-0.02030544598277958,0.05529210284741875,-0.031944842797675184
drift,0.035,0.002,2e-12,0.005,1,120,0.03458061455898003,0.0020950666921464604,0.9995645184506513,2.0950666921464605e-12,-0.012054809299072797,0.04643820626759021,-0.005565588418886297
drift,0.035,0.002,2e-12,0.005,1,120,0.03424193228484111,0.002121874451004555,1.0002592093819758,2.121874451004555e-12,-0.021897078255582854,0.05915269247366032,-0.03484770420604224
drift,0.035,0.002,2e-12,0.005,1,120,0.03386204851926553,0.00215444765248089,1.0006386086678498,2.1544476524808898e-12,-0.033053186931481515,0.07438720038915975,-0.06671878322191468
drift,0.035,0.002,2e-12,0.005,1,120,0.033963303870759,0.0021493597438265316,0.999316059990969,2.1493597438265317e-12,-0.030067417653529254,0.07202282366126127,-0.05652749636462316
drift,0.035,0.002,2e-12,0.005,1,120,0.03384353219159199,0.0021718060985279172,0.9993651802293725,2.1718060985279174e-12,-0.033600153014358834,0.08241194428904379,-0.060990063953550125
drift,0.035,0.002,2e-12,0.005,1,120,0.03476965796067003,0.0020530308952227223,0.9977880071388211,2.0530308952227225e-12,-0.006602952714749614,0.026170006181311198,-0.0023924066956052398
drift,0.035,0.002,2e-12,0.005,1,120,0.03452292252085779,0.00209811477598572,0.999479087487254,2.09811477598572e-12,-0.013724537187511477,0.04789203525128614,-0.011265572162348074
drift,0.035,0.002,2e-12,0.005,1,120,0.03487867457269585,0.0020601693543095597,0.9988037536362182,2.06016935430956e-12,-0.0034724628066528703,0.02964100969230263,0.014596656706587306
drift,0.035,0.002,2e-12,0.005,1,120,0.03346431000723654,0.002206407132254454,1.0015088028059302,2.206407132254454e-12,-0.044868563489828074,0.09821828002184917,-0.09220727908082006
drift,0.035,0.002,2e-12,0.005,1,120,0.03300584561944087,0.0022399302943963044,1.0024063243099002,2.2399302943963044e-12,-0.058663375727310986,0.11329756624973195,-0.13397757693960027
drift,0.035,0.002,2e-12,0.005,1,120,0.03393609107415705,0.0021497183982359643,1.0007627194219064,2.1497183982359644e-12,-0.03086897996733338,0.07218967543664805,-0.05973503136787815
drift,0.035,0.002,2e-12,0.005,1,120,0.033934272746570605,0.002143670809982501,0.9988611836370458,2.1436708099825012e-12,-0.030922562340685123,0.06937251074001709,-0.06277766868522826
drift,0.035,0.002,2e-12,0.005,1,120,0.034639690746591054,0.0020842165948265225,0.9982509902433278,2.0842165948265227e-12,-0.010347905473857354,0.04124587018900023,-0.003432477233709534
drift,0.035,0.002,2e-12,0.005,1,120,0.033730997618566946,0.002165110681038954,1.0004436646819423,2.165110681038954e-12,-0.03693083625771206,0.07932430246951182,-0.07803199282818725
drift,0.035,0.002,2e-12,0.005,1,120,0.03350903708425436,0.0021932079362876372,1.0021887511326546,2.1932079362876373e-12,-0.04353289532899459,0.09221810256946264,-0.09266129898299727
drift,0.035,0.002,2e-12,0.005,1,120,0.03432559099769397,0.0021110675582669673,0.999967602034319,2.1110675582669675e-12,-0.019456892279480432,0.0540465907628738,-0.02958012552307407
drift,0.035,0.002,2e-12,0.005,1,120,0.034744949272775535,0.00206752615281471,0.9979172628315529,2.0675261528147102e-12,-0.007313844710502474,0.033205616762923267,0.0015793265870892512
drift,0.035,0.002,2e-12,0.005,1,120,0.033911622600387464,0.002159877575640702,1.0002910943649856,2.159877575640702e-12,-0.03159025629354089,0.07690436158575353,-0.0580544359662013
drift,0.035,0.002,2e-12,0.005,1,120,0.03424244659267568,0.0021175926391491288,0.9989286152389405,2.1175926391491287e-12,-0.021882058543262767,0.05713271533016671,-0.03680390717804912
drift,0.035,0.002,2e-12,0.005,1,120,0.0345740316787271,0.0020790786740742424,0.9971274878672771,2.0790786740742424e-12,-0.012245190730573036,0.038777669867482774,-0.014042401970357186
drift,0.035,0.002,2e-12,0.005,1,120,0.03444672111166645,0.0021092788288521146,0.99999074326048365,2.1092788288521145e-12,-0.015934246740421387,0.053198921231567796,-0.015407660921792389
drift,0.035,0.002,2e-12,0.005,1,120,0.03466341446619763,0.002076525608225106,0.9981326636538905,2.076525608225106e-12,-0.00966326889197839,0.03754893585099984,-0.00418767034049413
drift,0.035,0.002,2e-12,0.005,1,120,0.03441909197864978,0.002099801439210785,0.9976412876394947,2.0998014392107852e-12,-0.016736651685901854,0.048695606942269196,-0.023336987705158727
drift,0.035,0.002,2e-12,0.005,1,120,0.034143836512615565,0.0021351098373968364,1.0002500654967337,2.1351098373968364e-12,-0.02476597455469604,0.06537091088484911,-0.04079336155082125
drift,0.035,0.002,2e-12,0.005,1,120,0.03395399246970437,0.002132989965818686,0.9983072146873273,2.132989965818686e-12,-0.030341615880334308,0.06437755466067184,-0.06532737909598695
drift,0.035,0.002,2e-12,0.005,1,120,0.033550255296912794,0.0021804908838766765,1.0011450101042643,2.1804908838766765e-12,-0.04230358865468977,0.08640284698294029,-0.09336549619987367
drift,0.035,0.002,2e-12,0.005,1,120,0.033455800215191574,0.00218643481824019,1.000915961926624,2.1864348182401903e-12,-0.045122890389845224,0.08912509986273555,-0.10235567345350972
drift,0.035,0.002,2e-12,0.005,1,120,0.034238272789159876,0.0021072850678422223,0.9970859435675198,2.1072850678422224e-12,-0.022003955730052,0.052253240716662,-0.04220093342751373
drift,0.035,0.002,2e-12,0.005,1,180,0.03476294544800002,0.0020810831745558217,0.998654487052239,2.081083174555822e-12,-0.006796027973313156,0.03974133460440302,0.010346570156405388
drift,0.035,0.002,2e-12,0.005,1,180,0.03341688172817632,0.0021932982203745166,1.0004044424563565,2.1932982203745164e-12,-0.04628684823565443,0.09225926703323738,-0.10404739867289932
drift,0.035,0.002,2e-12,0.005,1,180,0.03468522420237666,0.002063926933206769,0.9965502288831194,2.063926933206769e-12,-0.009034280715229928,0.03146326585464,-0.007568933050654855
drift,0.035,0.002,2e-12,0.005,1,180,0.03379462074925794,0.002166683238668821,1.000181079926038,2.166683238668821e-12,-0.03504642109629362,0.08005035626066466,-0.06941667083135146
drift,0.035,0.002,2e-12,0.005,1,180,0.03409662872204276,0.002130268652320675,0.9992448393552859,2.130268652320675e-12,-0.026149546543579153,0.06310091905802222,-0.048917119408675616
drift,0.035,0.002,2e-12,0.005,1,180,0.03403533107632437,0.0021277359972678993,0.9982506409448969,2.1277359972678993e-12,-0.027948927111487942,0.06191132178893852,-0.057707624746839714
drift,0.035,0.002,2e-12,0.005,1,180,0.03362604256337961,0.0021808289911599246,1.000464227151447,2.1808289911599248e-12,-0.04004721844570675,0.0865578951305714,-0.08381282701035754
drift,0.035,0.002,2e-12,0.005,1,180,0.034487520630580526,0.0020900468207202772,0.9984103220314355,2.090046820720277e-12,-0.014750523741606137,0.04403928742435329,-0.0195081543836619
drift,0.035,0.002,2e-12,0.005,1,180,0.034089622010465497,0.0021273755115921375,0.9997769351811506,2.1273755115921374e-12,-0.026355063389765995,0.061741885253198486,-0.05114498544908036
drift,0.035,0.002,2e-12,0.005,1,180,0.03386933365136397,0.002153550146814082,1.0001650996639326,2.153550146814082e-12,-0.03283806856557609,0.07397053087278259,-0.0662320963580854
drift,0.035,0.002,2e-12,0.005,1,180,0.0348969629762668,0.0020592624448262853,0.9978033978497529,2.0592624448262854e-12,-0.002948256804897246,0.029200701639081915,0.016424110696164722
drift,0.035,0.002,2e-12,0.005,1,180,0.03476534281393422,0.0020639722720402764,0.998379183078593,2.0639722720402765e-12,-0.006727067094365108,0.031485232880119354,0.002387741807962626
drift,0.035,0.002,2e-12,0.005,1,180,0.03443177676079017,0.0021090178972857955,0.9995891578549716,2.1090178972857957e-12,-0.016368180451881112,0.05307520704852557,-0.017384474613493614
drift,0.035,0.002,2e-12,0.005,1,180,0.033972692222249364,0.0021437705348334793,0.9990294078501988,2.1437705348334793e-12,-0.029791029520873483,0.06941903025735904,-0.05796713418372029
drift,0.035,0.002,2e-12,0.005,1,180,0.033450146301053134,0.0021833103146585513,0.9986481084204555,2.1833103146585513e-12,-0.0452919012011795,0.08769503745904841,-0.1044868212103634
drift,0.035,0.002,2e-12,0.005,1,180,0.03406726911312066,0.002130294352042703,0.9983470146838949,2.130294352042703e-12,-0.02701098820610553,0.06311298306083209,-0.05254564691220613
drift,0.035,0.002,2e-12,0.005,1,180,0.03428781127801646,0.00210924779621107,0.9990950690945943,2.10924779621107e-12,-0.020558126797591416,0.053184208681996074,-0.03512719284396349
drift,0.035,0.002,2e-12,0.005,1,180,0.03425649447526363,0.0021156742004905436,0.9996189077968675,2.1156742004905436e-12,-0.021471895040998955,0.05622635205915645,-0.03596833300815354
drift,0.035,0.002,2e-12,0.005,1,180,0.03389292961254699,0.002166355732312,1.0020693461052947,2.166355732312e-12,-0.03214163485748615,0.0798991892115624,-0.057377538832611555
drift,0.035,0.002,2e-12,0.005,1,180,0.033873689246640824,0.002165637855206987,1.001532732024488,2.165637855206987e-12,-0.03270947686427534,0.07956775884488182,-0.06009477457165638
drift,0.035,0.002,2e-12,0.005,1,180,0.03376916819675047,0.0021630405762612446,1.0002412595631527,2.163040576261245e-12,-0.03579985882110377,0.07836772548663946,-0.07425541811630239
drift,0.035,0.002,2e-12,0.005,1,180,0.03451445782162523,0.0020805321015442153,0.9968544641563244,2.080532101544215e-12,-0.013969757942788846,0.03947649848752674,-0.020730731630944965
drift,0.035,0.002,2e-12,0.005,1,180,0.03416875005203601,0.0021362759233023226,1.000248325861818,2.1362759233023228e-12,-0.02403657630532904,0.06591690977129216,-0.037158083776242745
drift,0.035,0.002,2e-12,0.005,1,180,0.03403483074729773,0.0021368518154862974,0.9998875766588408,2.1368518154862973e-12,-0.027963627503355598,0.06618645106407113,-0.05349453627101043
drift,0.035,0.002,2e-12,0.005,1,180,0.03463376423690634,0.0020881674215572233,0.9984581087665247,2.0881674215572235e-12,-0.01051901025564095,0.043139668984116794,-0.0022735656394975573
drift,0.035,0.002,2e-12,0.005,1,180,0.03551774794264911,0.0020036182800155793,0.9965387582401201,2.0036182800155795e-12,0.014684452109021662,0.001807505485095651,0.06600825037358449
drift,0.035,0.002,2e-12,0.005,1,180,0.03412758767223674,0.0021245109918094536,0.9986661994653225,2.1245109918094534e-12,-0.02524198163612554,0.06039447383298572,-0.04778465480965901
drift,0.035,0.002,2e-12,0.005,1,180,0.0343608616371532,0.002105808032860787,0.9996420111785641,2.105808032860787e-12,-0.018429887937100473,0.051552076509442345,-0.027701080483561548
drift,0.035,0.002,2e-12,0.005,1,180,0.034043741268222454,0.0021416153547887933,1.000184429498443,2.1416153547887934e-12,-0.027701855826547408,0.06841320241272884,-0.05016288032768733
drift,0.035,0.002,2e-12,0.005,1,180,0.03456455691176847,0.0020825754703994483,0.9985863885348932,2.0825754703994484e-12,-0.012519271159783461,0.040458154130102265,-0.013536788810607929
drift,0.035,0.005,5e-12,0.005,1,60,0.03414197260234552,0.005246174976195228,1.0017735060224657,5.2461749761952284e-12,-0.024820565993083108,0.048061322666166084,-0.058334074642989814
drift,0.035,0.005,5e-12,0.005,1,60,0.034918750064723954,0.005082684091427997,0.9985765047925178,5.082684091427997e-12,-0.0023241254105331914,0.016401574075270136,0.00632658210103999
drift,0.035,0.005,5e-12,0.005,1,60,0.034038477801758275,0.005200131485562924,1.0003133558440367,5.200131485562924e-12,-0.0278564767113119,0.03924599851878151,-0.07998275406319276
drift,0.035,0.005,5e-12,0.005,1,60,0.03274537313324356,0.005392631637798311,1.0014533597806985,5.392631637798311e-12,-0.06658638776312478,0.07559559782372932,-0.20397813365406925
drift,0.035,0.005,5e-12,0.005,1,60,0.034708557865594854,0.00514746545272111,0.9987737960739657,5.14746545272111e-12,-0.008361780574662827,0.02906653599569785,-0.007072288670540699
drift,0.035,0.005,5e-12,0.005,1,60,0.03370286669775465,0.005267715779116998,1.0024274932579207,5.267715779116999e-12,-0.03776516253366647,0.052158917659829586,-0.10868561181859415
drift,0.035,0.005,5e-12,0.005,1,60,0.03495074563719591,0.005051992253047033,0.9963619857644586,5.051992253047033e-12,-0.001408258639575522,0.01034475861018016,0.004237217622472889
drift,0.035,0.005,5e-12,0.005,1,60,0.03421118196474639,0.005201174631568322,0.9999139863124267,5.201174631568322e-12,-0.022795512826464154,0.039446578330037424,-0.05836685804141098
drift,0.035,0.005,5e-12,0.005,1,60,0.03411035485605875,0.005207406328532735,0.9995297883768723,5.207406328532735e-12,-0.025747061827756334,0.04064399375734446,-0.06967200409137131
drift,0.035,0.005,5e-12,0.005,1,60,0.03420955009187903,0.005185699510723143,0.9992690851241709,5.185699510723143e-12,-0.022843213949168106,0.036466830605486805,-0.06154895800151383
drift,0.035,0.005,5e-12,0.005,1,60,0.034426330599414696,0.0051566377686882645,1.0011124116436376,5.156637768688265e-12,-0.016526365496333205,0.03084685946349363,-0.04028814620908442
drift,0.035,0.005,5e-12,0.005,1,60,0.03543218146466635,0.005012436064529315,0.9982554443570745,5.012436064529316e-12,0.012272426609290498,0.0024841249111172375,0.05607462652974387
drift,0.035,0.005,5e-12,0.005,1,60,0.03420613475734985,0.005220022102214773,1.0008145352524571,5.220022102214773e-12,-0.022943054637441486,0.04306372359224415,-0.05537556649637503
drift,0.035,0.005,5e-12,0.005,1,60,0.0351790391860834,0.00505682561125503,0.9983331111440058,5.05682561125503e-12,0.005102366079310116,0.011301024444860091,0.03350188351920139
drift,0.035,0.005,5e-12,0.005,1,60,0.03397849231184078,0.0052243400092407775,0.9987315575542453,5.2243400092407775e-12,-0.029620316099311466,0.04389056341758274,-0.08277638991416078
drift,0.035,0.005,5e-12,0.005,1,60,0.03411403644365844,0.005205756443109641,1.000371603594476,5.205756443109641e-12,-0.02563913598091102,0.04032710916174507,-0.0695323718246092
drift,0.035,0.005,5e-12,0.005,1,60,0.03428250577010478,0.005178045406582698,1.000797544945827,5.178045406582698e-12,-0.020712873287053905,0.034989737992118915,-0.053979546514888364
drift,0.035,0.005,5e-12,0.005,1,60,0.03414048183982703,0.005196745022938371,0.9998011184564387,5.196745022938371e-12,-0.024864230578104562,0.038594560033089226,-0.06798569182835976
drift,0.035,0.005,5e-12,0.005,1,60,0.03569694569554025,0.004985229773233597,0.9980654214433092,4.985229773233597e-12,0.0197170688893918,-0.0029584171570491823,0.08346284908994155
drift,0.035,0.005,5e-12,0.005,1,60,0.03400966328478504,0.0052194707308569335,1.0010074798942932,5.219470730856934e-12,-0.028703362996090127,0.04295809176373122,-0.07984366092292444
drift,0.035,0.005,5e-12,0.005,1,60,0.03488419820866325,0.005061492630338538,0.9966813700854923,5.0614926303385384e-12,-0.0033141082045923683,0.012223513598301953,-0.0021359085274552676
drift,0.035,0.005,5e-12,0.005,1,60,0.03473111909008013,0.005127710075403967,0.9994654123143244,5.127710075403967e-12,-0.0077119726761165925,0.025221268028231675,-0.008119964801832785
drift,0.035,0.005,5e-12,0.005,1,60,0.03439663594770785,0.005163185110218448,0.9997818932167823,5.163185110218448e-12,-0.017389294109826783,0.0321157460491424,-0.04270139643508443
drift,0.035,0.005,5e-12,0.005,1,60,0.03412590364658299,0.005196583078623359,1.001114142679939,5.196583078623359e-12,-0.025291327848943505,0.03856339690354265,-0.06982455092016729
drift,0.035,0.005,5e-12,0.005,1,60,0.034077768458322916,0.005215878582007696,0.9998397549656396,5.215878582007695e-12,-0.0267028411814796,0.042269633929992736,-0.07208707723796613
drift,0.035,0.005,5e-12,0.005,1,60,0.03421430660822604,0.005177844600955605,0.9998808073656518,5.177844600955604e-12,-0.022704183015103203,0.03495095704195973,-0.06247502353801186
drift,0.035,0.005,5e-12,0.005,1,60,0.034535394250848644,0.00512717893804546,0.9985523202321326,5.127178938045461e-12,-0.013363343034237448,0.025117680879061303,-0.0324934320157072
drift,0.035,0.005,5e-12,0.005,1,60,0.033778620513764145,0.005252604658738365,1.001311621553071,5.252604658738365e-12,-0.035519988309994005,0.04928616661385363,-0.10216488967939286
drift,0.035,0.005,5e-12,0.005,1,60,0.035835061754277316,0.004963029705813883,0.9966544030416613,4.963029705813883e-12,0.0235787312500116,-0.007421530391564755,0.09612612713882196
drift,0.035,0.005,5e-12,0.005,1,60,0.03409204192291814,0.005195167916511312,0.9987020064542519,5.195167916511312e-12,-0.026284079130536948,0.038291034311048265,-0.07429576724710263
drift,0.035,0.005,5e-12,0.005,1,120,0.03448230800371796,0.0051753696995889735,1.0006396342416513,5.175369699588974e-12,-0.014901680471315536,0.034472863699751485,-0.029720943839221928
drift,0.035,0.005,5e-12,0.005,1,120,0.034787160828695575,0.005090961540292839,0.9985199013173742,5.090961540292839e-12,-0.006099684488870321,0.01802880800712923,-0.008363249234619886
drift,0.035,0.005,5e-12,0.005,1,120,0.03369750312967285,0.005281579267987483,1.002511156861817,5.2815792679874824e-12,-0.037924317983609866,0.05478724434695818,-0.10672236757360852
drift,0.035,0.005,5e-12,0.005,1,120,0.035077273538780845,0.005119948384933109,1.001218868538023,5.119948384933109e-12,0.0022053817506967476,0.02370644549874948,0.0332883643075739
drift,0.035,0.005,5e-12,0.005,1,120,0.03511373063676497,0.005047498499754359,0.998855710040956,5.047498499754359e-12,0.0032441787216403555,0.009454861545224715,0.023557460504080564
drift,0.035,0.005,5e-12,0.005,1,120,0.035720597412266124,0.004948274769660363,0.9965730787758282,4.948274769660363e-12,0.020379419246498134,-0.010398927986424535,0.07895515113457441
drift,0.035,0.005,5e-12,0.005,1,120,0.03451763090032565,0.005169422613440043,1.0007610048316944,5.169422613440042e-12,-0.013877827399721194,0.033323089663862625,-0.02649067869575745
drift,0.035,0.005,5e-12,0.005,1,120,0.034714483278123716,0.0051403543162599425,1.0014897482572984,5.140354316259942e-12,-0.008191076081006787,0.027684097781697028,-0.007719975730962617
drift,0.035,0.005,5e-12,0.005,1,120,0.034405428077690654,0.00512727364068429,0.999257329123918,5.12727364068429e-12,-0.017133716601936428,0.025136151419171644,-0.048590766947187634
drift,0.035,0.005,5e-12,0.005,1,120,0.03408679227261996,0.005179098020962784,0.9988835727836989,5.179098020962784e-12,-0.02643807561259762,0.03519300144812371,-0.07804475674700179
drift,0.035,0.005,5e-12,0.005,1,120,0.03378906845628654,0.0052448172549579685,1.000348661397062,5.244817254957969e-12,-0.03521072976452867,0.047802487045106735,-0.1023530243753625
drift,0.035,0.005,5e-12,0.005,1,120,0.03468182908665766,0.005119548381972208,0.9992136453902473,5.119548381972208e-12,-0.00913216913806852,0.023628316080827865,-0.01582487717362301
drift,0.035,0.005,5e-12,0.005,1,120,0.03431168177777167,0.005185176518174503,1.0008672358663586,5.185176518174503e-12,-0.01986218868915,0.03636597267456051,-0.04898548688175281
drift,0.035,0.005,5e-12,0.005,1,120,0.034899365288646234,0.00510521872123562,0.9986691802323496,5.10521872123562e-12,-0.002879419018151172,0.020825382777092803,0.00834667856922535
drift,0.035,0.005,5e-12,0.005,1,120,0.03472092603758054,0.005156512965695028,1.0002543570262323,5.1565129656950274e-12,-0.008005500463643503,0.030822656773848513,-0.0037825145661646888
drift,0.035,0.005,5e-12,0.005,1,120,0.034642910535857496,0.005174904649920322,1.001657530089894,5.174904649920322e-12,-0.010254958927129543,0.034383001411417646,-0.009896092142253232
drift,0.035,0.005,5e-12,0.005,1,120,0.034796728439122245,0.005131683588820235,1.0005137427023776,5.131683588820235e-12,-0.005824689498287323,0.02599587786288641,7.902043140443141e-4
drift,0.035,0.005,5e-12,0.005,1,120,0.035298918233888116,0.005068607371917337,0.9995030898962688,5.068607371917338e-12,0.008504257047923876,0.013628187342304808,0.05069404834443075
drift,0.035,0.005,5e-12,0.005,1,120,0.03541740318885198,0.005031244743854546,0.9994153821094165,5.031244743854546e-12,0.011855253351297246,0.006229505050372812,0.05798750046801826
drift,0.035,0.005,5e-12,0.005,1,120,0.033862731476734576,0.0052685902004181405,1.0029348536513865,5.26859020041814e-12,-0.03303301831759735,0.05232490017872158,-0.08869639670619148
drift,0.035,0.005,5e-12,0.005,1,120,0.034345615648818224,0.005172167904948002,1.0002871268447577,5.172167904948002e-12,-0.018873688556414733,0.03385401216897726,-0.04728964737756334
drift,0.035,0.005,5e-12,0.005,1,120,0.0340544298075078,0.00522799610457915,0.9999495875520665,5.22799610457915e-12,-0.027387940218998,0.044590138220319445,-0.07266056564871366
drift,0.035,0.005,5e-12,0.005,1,120,0.03463190703684572,0.0051442376010421165,1.0005310928296853,5.1442376010421164e-12,-0.010572635667101376,0.028439263372698587,-0.017204264058432867
drift,0.035,0.005,5e-12,0.005,1,120,0.03432392713005286,0.00516824666132416,0.9993706172098691,5.16824666132416e-12,-0.01950536654956459,0.03309558149162391,-0.05073745438182169
drift,0.035,0.005,5e-12,0.005,1,120,0.033639818119983594,0.00530081046236447,1.0022669894191734,5.30081046236447e-12,-0.0396376330585098,0.05842181386055633,-0.11024073926147837
drift,0.035,0.005,5e-12,0.005,1,120,0.03541561375066911,0.005006906086013328,0.9977459372047048,5.006906086013328e-12,0.01180472781220341,0.0013802641996202183,0.05291636928258929
drift,0.035,0.005,5e-12,0.005,1,120,0.035596648605886044,0.004996473511521882,0.9985696638481113,4.9964735115218816e-12,0.01690343165299642,-7.055465350541869e-4,0.0732788805948149
drift,0.035,0.005,5e-12,0.005,1,120,0.0340346738871313,0.005218442162353806,1.0003139221986874,5.218442162353806e-12,-0.02796823632685956,0.0427610085887747,-0.07693942940694447
drift,0.035,0.005,5e-12,0.005,1,120,0.03518115511369609,0.005052804224382186,0.9982702671098561,5.052804224382185e-12,0.005162511666865352,0.01050546869250872,0.032968702790823826
drift,0.035,0.005,5e-12,0.005,1,120,0.03527780087999538,0.0050375304484793024,0.9979979514191083,5.0375304484793025e-12,0.007905834372909502,0.007478059183570908,0.04192536830299764
drift,0.035,0.005,5e-12,0.005,1,180,0.03542874281654617,0.005002210856597901,0.9964456322639956,5.002210856597901e-12,0.012175373172357288,4.420735906497605e-4,0.05360618284237444
drift,0.035,0.005,5e-12,0.005,1,180,0.03476627015012612,0.005134905473763168,1.0022676236387402,5.134905473763168e-12,-0.006700393293703074,0.02662352255170404,-0.002358978832657274
drift,0.035,0.005,5e-12,0.005,1,180,0.03477845224974864,0.005093400453839647,0.9984514420786753,5.093400453839647e-12,-0.006350054710796117,0.0185077606592122,-0.008964160371956877
drift,0.035,0.005,5e-12,0.005,1,180,0.033948608862597644,0.005259526659288065,1.002798060516572,5.259526659288065e-12,-0.030500184389121082,0.05060312153778463,-0.0797693795001079
drift,0.035,0.005,5e-12,0.005,1,180,0.03381874959203961,0.005225918759656829,1.0001115877006244,5.225918759656829e-12,-0.03433269114364779,0.044192709127650845,-0.1022823414594383
drift,0.035,0.005,5e-12,0.005,1,180,0.03449840418926242,0.005147279743675864,0.9994078026171974,5.147279743675864e-12,-0.014434993905610911,0.029030457580599203,-0.033167422950860934
drift,0.035,0.005,5e-12,0.005,1,180,0.034995210136878396,0.005085758863269691,1.0001827924188236,5.085758863269691e-12,-1.368625973039447e-4,0.01700634157981496,0.016412398552735692
drift,0.035,0.005,5e-12,0.005,1,180,0.03510213855163964,0.0050626126453584535,0.9995212709106334,5.0626126453584536e-12,0.002913994523548619,0.012444770686011835,0.025109951089326992
drift,0.035,0.005,5e-12,0.005,1,180,0.03500429164752302,0.0051066877386495655,1.0005269378436954,5.106687738649566e-12,1.2261098362388316e-4,0.02111308956913017,0.021645253861984386
drift,0.035,0.005,5e-12,0.005,1,180,0.03434647202431193,0.005161628762497894,0.9982678006395787,5.161628762497894e-12,-0.018848754811561255,0.03181426889874953,-0.049223200086571516
drift,0.035,0.005,5e-12,0.005,1,180,0.03438090413441399,0.005171013286753401,1.000584391654825,5.1710132867534005e-12,-0.017846763613663014,0.033630750451330196,-0.04313713688133537
drift,0.035,0.005,5e-12,0.005,1,180,0.034590313693932576,0.005160868809980515,1.0009468150052505,5.160868809980515e-12,-0.011774369661754467,0.03166702691328687,-0.019134075039074168
drift,0.035,0.005,5e-12,0.005,1,180,0.03283685153816323,0.005406624122122814,1.0030119403233702,5.406624122122814e-12,-0.06379665427340488,0.07818697864956178,-0.1900434306181982
drift,0.035,0.005,5e-12,0.005,1,180,0.033888676981137046,0.005282050354005442,1.0015824653073022,5.282050354005442e-12,-0.03226711525339986,0.05487643452782,-0.0829276198111867
drift,0.035,0.005,5e-12,0.005,1,180,0.03385133079354102,0.00523628865297409,0.9997178819883152,5.23628865297409e-12,-0.03336974847139548,0.04617506262231477,-0.09625991897859959
drift,0.035,0.005,5e-12,0.005,1,180,0.03579264832004278,0.0049845888523140725,0.9982704364938497,4.984588852314072e-12,0.022394456640433182,-0.0030869893898006606,0.09520140229550368
drift,0.035,0.005,5e-12,0.005,1,180,0.03456318138746282,0.005136829826574968,0.9983708188026588,5.136829826574968e-12,-0.0125590677548892,0.02699821149725151,-0.027167296457359578
drift,0.035,0.005,5e-12,0.005,1,180,0.03452069523609751,0.005138902886676188,1.000110190276375,5.138902886676188e-12,-0.013789055381471054,0.027401698078149277,-0.032032092645760304
drift,0.035,0.005,5e-12,0.005,1,180,0.03378004944197913,0.005277466938581463,1.0007724044054283,5.277466938581463e-12,-0.03547768646432008,0.054008323688124464,-0.09726554550646341
drift,0.035,0.005,5e-12,0.005,1,180,0.034886785490303884,0.005144175944119975,1.0020973066397003,5.144175944119975e-12,-0.0032399432292787903,0.028427277672109997,0.014388678469791239
drift,0.035,0.005,5e-12,0.005,1,180,0.03378713101362312,0.0052447674590869065,0.999132795477564,5.2447674590869064e-12,-0.03526807074194823,0.04779299269954016,-0.1026027616111932
drift,0.035,0.005,5e-12,0.005,1,180,0.034507033077141085,0.005110355962279414,0.9973624718461086,5.110355962279414e-12,-0.014184900919740007,0.021831149292634883,-0.039296749141871035
drift,0.035,0.005,5e-12,0.005,1,180,0.033705268888904995,0.005274427451469196,1.0021955435119065,5.274427451469196e-12,-0.03769388950021277,0.05343222103129745,-0.10711443674448361
drift,0.035,0.005,5e-12,0.005,1,180,0.034587033360729304,0.005142844375608364,0.9994835277154336,5.142844375608364e-12,-0.011869208025623428,0.028168394443018788,-0.023039468826547962
drift,0.035,0.005,5e-12,0.005,1,180,0.0337482930507051,0.005255068152860993,1.0010328485244675,5.255068152860993e-12,-0.03641822172530242,0.049755060956480086,-0.10545660075608812
drift,0.035,0.005,5e-12,0.005,1,180,0.03434032410048717,0.005175612747121867,0.9988393158587127,5.175612747121867e-12,-0.019027768077225962,0.03451982494892566,-0.04727998659066535
drift,0.035,0.005,5e-12,0.005,1,180,0.034152976170753295,0.00521657012204625,1.0016162431241658,5.21657012204625e-12,-0.024498329321098876,0.042402208756705945,-0.06262874606988589
drift,0.035,0.005,5e-12,0.005,1,180,0.03423461586606753,0.005191791266258754,0.999733378006736,5.191791266258754e-12,-0.022110769482696076,0.03764086320474261,-0.057266769402883694
drift,0.035,0.005,5e-12,0.005,1,180,0.034347565012086585,0.005193935902251103,1.0019296160968372,5.1939359022511034e-12,-0.018816932900318186,0.038053860000833224,-0.04284807850043062
drift,0.035,0.005,5e-12,0.005,1,180,0.034466648151578565,0.005173069603474181,1.0002876258422224,5.173069603474181e-12,-0.015355925271581776,0.03402833364351629,-0.0321072955607421
drift,0.035,0.008,8e-12,0.005,1,60,0.03440054031464294,0.008190049742618562,0.9999226447240377,8.190049742618561e-12,-0.017275790412396297,0.023478429746498056,-0.05085457123777817
drift,0.035,0.008,8e-12,0.005,1,60,0.034420950075202746,0.008225439810840066,0.9998268711128397,8.225439810840066e-12,-0.016682668669681096,0.027790225984560882,-0.04401196469029908
drift,0.035,0.008,8e-12,0.005,1,60,0.03443051461505599,0.008214129848406814,0.9995943522023981,8.214129848406814e-12,-0.01640483754559985,0.026414281911566702,-0.04420190582149124
drift,0.035,0.008,8e-12,0.005,1,60,0.034369097422163215,0.008198473113597412,0.9992850092905083,8.198473113597412e-12,-0.018190231602012972,0.02450638959309327,-0.05372553005866844
drift,0.035,0.008,8e-12,0.005,1,60,0.033937779961070155,0.008324200802671208,1.0022567864997236,8.324200802671207e-12,-0.0308192145159839,0.039725489899273186,-0.09198979492802797
drift,0.035,0.008,8e-12,0.005,1,60,0.033455909988538084,0.008342734283720787,1.001612697282055,8.342734283720787e-12,-0.04511960924978241,0.041949472724255636,-0.1495176886970224
drift,0.035,0.008,8e-12,0.005,1,60,0.0343010110119904,0.008226862290520508,1.000781014632886,8.226862290520509e-12,-0.020173232183682256,0.02796314764321045,-0.058711486869980234
drift,0.035,0.008,8e-12,0.005,1,60,0.03426882236276537,0.008275340949633815,1.0007488214638167,8.275340949633816e-12,-0.021112089695950405,0.0338385811071627,-0.056827445909931745
drift,0.035,0.008,8e-12,0.005,1,60,0.03355669397194206,0.008374235937589403,1.0017401999556599,8.374235937589402e-12,-0.042111695710093884,0.045718300536854356,-0.1332516469423306
drift,0.035,0.008,8e-12,0.005,1,60,0.034013469587132236,0.008234246584929899,0.9986194222092337,8.234246584929898e-12,-0.028591450998201547,0.028860328381225722,-0.0934694428143774
drift,0.035,0.008,8e-12,0.005,1,60,0.03545066979234786,0.008057096937152244,0.9999735787975776,8.057096937152244e-12,0.012794085311583369,0.007111768463007786,0.06299482271414178
drift,0.035,0.008,8e-12,0.005,1,60,0.034132528899332604,0.008292989351422472,1.0027317888966465,8.292989351422471e-12,-0.025097205232196742,0.03596895974432968,-0.07159745673842788
drift,0.035,0.008,8e-12,0.005,1,60,0.033959353647104625,0.008298651488426609,1.0006802655102731,8.298651488426609e-12,-0.03018373299816349,0.036651488648926596,-0.09238865911010039
drift,0.035,0.008,8e-12,0.005,1,60,0.03400279217150462,0.008318693330701336,1.0017648800368242,8.318693330701337e-12,-0.028905417553823615,0.03906364922099054,-0.084590121512437
drift,0.035,0.008,8e-12,0.005,1,60,0.03566038413156718,0.007972389002388823,0.9980297072302298,7.972389002388824e-12,0.018692322944970495,-0.00345734443487783,0.07843028787945172
drift,0.035,0.008,8e-12,0.005,1,60,0.03517850706565526,0.00806463693342391,0.9988204747476637,8.06463693342391e-12,0.005087239900058526,0.008047151329633719,0.030182027470885144
drift,0.035,0.008,8e-12,0.005,1,60,0.034921980016518764,0.00803585565456042,0.9969150887798551,8.035855654560419e-12,-0.002231630621508037,0.004471942762151792,-0.005202535189521907
drift,0.035,0.008,8e-12,0.005,1,60,0.03479317934291153,0.008167767835758658,1.0004155629258147,8.167767835758658e-12,-0.005926689812036996,0.020754115144712645,-0.00489164633425768
drift,0.035,0.008,8e-12,0.005,1,60,0.03479203135012704,0.008206655718646797,1.0005059588207283,8.206655718646797e-12,-0.005959685121619783,0.025503956367682816,-2.841562165646974e-4
drift,0.035,0.008,8e-12,0.005,1,60,0.032687929684164035,0.00855670721843964,1.0053143492548895,8.55670721843964e-12,-0.06834217453723836,0.0672739037260128,-0.21942281543764722
drift,0.035,0.008,8e-12,0.005,1,60,0.035942362870613094,0.007939857932250818,0.9989742805448724,7.939857932250818e-12,0.026568562574490803,-0.007546159244492149,0.1093068367115311
drift,0.035,0.008,8e-12,0.005,1,60,0.034841105532891964,0.008093033414471597,0.9990555305314395,8.093033414471597e-12,-0.004550178295234905,0.011562077636721109,-0.008140836284675783
drift,0.035,0.008,8e-12,0.005,1,60,0.03567911840724318,0.007995249538599303,0.9980502866922893,7.995249538599303e-12,0.019217537599963877,-5.939840486893839e-4,0.08361669844946445
drift,0.035,0.008,8e-12,0.005,1,60,0.035691323858828804,0.008043017726660743,1.0015241268245032,8.043017726660743e-12,0.01955956859534749,0.005362810225834458,0.0910869687206057
drift,0.035,0.008,8e-12,0.005,1,60,0.03476896562219277,0.00816924247289265,1.0015064056863152,8.16924247289265e-12,-0.006622865058181673,0.02093464231708221,-0.007713620531014917
drift,0.035,0.008,8e-12,0.005,1,60,0.036033454865412665,0.007865997930696892,0.9954486001490255,7.865997930696892e-12,0.0290997472501104,-0.016892130739551987,0.11125627257161802
drift,0.035,0.008,8e-12,0.005,1,60,0.0348924597413379,0.008122425694599622,1.000126715181383,8.122425694599622e-12,-0.003077308880693106,0.015187298744593382,0.0018523066704927496
drift,0.035,0.008,8e-12,0.005,1,60,0.033515277664618134,0.008335401209451917,1.0008631137941995,8.335401209451917e-12,-0.04334667692735364,0.04107010887157358,-0.14303546071577816
drift,0.035,0.008,8e-12,0.005,1,60,0.035103631740968644,0.008078083603731469,0.9992905953972243,8.07808360373147e-12,0.0029565320335852496,0.00971312496606974,0.02256346084618116
drift,0.035,0.008,8e-12,0.005,1,60,0.03335927637578383,0.008417144096402316,1.004002209388557,8.417144096402316e-12,-0.048012175607515466,0.050829048089687155,-0.1526206813131186
drift,0.035,0.008,8e-12,0.005,1,120,0.035199687341758296,0.00811788978098487,1.001213428719901,8.11788978098487e-12,0.005689138738777392,0.014628699530247088,0.039389929908275334
drift,0.035,0.008,8e-12,0.005,1,120,0.03335207003877909,0.00837753268856723,1.0016962180281777,8.37753268856723e-12,-0.04822822092574324,0.04611190088962429,-0.15823141430176912
drift,0.035,0.008,8e-12,0.005,1,120,0.03266085985982207,0.008510588132350248,1.001620067819488,8.510588132350249e-12,-0.06917064668122704,0.06186950925186932,-0.22818386813019462
drift,0.035,0.008,8e-12,0.005,1,120,0.03578666395899601,0.00796673021486013,0.9979691286390385,7.966730214860129e-12,0.02222724740440759,-0.004167394681609077,0.09337893623389586
drift,0.035,0.008,8e-12,0.005,1,120,0.034408311891735405,0.008186680219186046,0.9998742531671808,8.186680219186046e-12,-0.017049901536871897,0.023066928367660812,-0.050302397057149416
drift,0.035,0.008,8e-12,0.005,1,120,0.035180827364101684,0.008054295613271699,0.9971622779618464,8.054295613271698e-12,0.0051531955679475225,0.006764023983440615,0.029186617132049036
drift,0.035,0.008,8e-12,0.005,1,120,0.03424478926355134,0.008217456860842763,0.9995935363389894,8.217456860842763e-12,-0.02181364664585505,0.026819235193350586,-0.0668268961262839
drift,0.035,0.008,8e-12,0.005,1,120,0.03327487552965553,0.008392359321301866,1.002573691953998,8.392359321301865e-12,-0.05054543787171764,0.047880145621206495,-0.1660352887015082
drift,0.035,0.008,8e-12,0.005,1,120,0.03265683986421795,0.0085185672757628,1.0041913065954156,8.518567275762799e-12,-0.06929373722563319,0.06280662489915262,-0.2277452319378223
drift,0.035,0.008,8e-12,0.005,1,120,0.034020725774646016,0.008236941861469359,0.9986197351043189,8.23694186146936e-12,-0.02837814098541427,0.029187600037704774,-0.0922424039061897
drift,0.035,0.008,8e-12,0.005,1,120,0.03645686429640576,0.00783942493958251,0.996665496765658,7.83942493958251e-12,0.040781700124147606,-0.02027605955077596,0.1603751132035378
drift,0.035,0.008,8e-12,0.005,1,120,0.03487130217590196,0.008131822537196269,0.9988042993526102,8.131822537196269e-12,-0.0036838577680567354,0.016343531073460017,3.8500088530258464e-4
drift,0.035,0.008,8e-12,0.005,1,120,0.03393340040098225,0.008278576814323285,1.000011982626213,8.278576814323285e-12,-0.030948269589746377,0.03422952961576652,-0.0980288206624349
drift,0.035,0.008,8e-12,0.005,1,120,0.035898834902921874,0.007955463167528974,0.9995682075543835,7.955463167528974e-12,0.02535677952057042,-0.005582658136987973,0.10587286982532396
drift,0.035,0.008,8e-12,0.005,1,120,0.03413527043497353,0.008190240534562736,0.9991327683617598,8.190240534562737e-12,-0.025016888137779372,0.023501725053351904,-0.08372474100993058
drift,0.035,0.008,8e-12,0.005,1,120,0.03344130052093964,0.008403486195729084,1.0026927530282712,8.403486195729083e-12,-0.04555638285273052,0.049205101372164224,-0.14407363403132098
drift,0.035,0.008,8e-12,0.005,1,120,0.03562247728554569,0.008028726166106432,0.9985081891764928,8.028726166106433e-12,0.017628761554725442,0.0035843393372198065,0.08077152274488505
drift,0.035,0.008,8e-12,0.005,1,120,0.03443103597440002,0.00828252977178356,1.0034264415626473,8.28252977178356e-12,-0.016389695297434413,0.03470690804634301,-0.03584463112805521
drift,0.035,0.008,8e-12,0.005,1,120,0.03404001859431845,0.008262898477803088,0.9990368574005943,8.262898477803088e-12,-0.027811211535316478,0.03233388960322123,-0.08670380470129177
drift,0.035,0.008,8e-12,0.005,1,120,0.034351191040647586,0.00825575563145659,1.001123181153155,8.25575563145659e-12,-0.018711369749754486,0.031469067718285594,-0.0489832432414142
drift,0.035,0.008,8e-12,0.005,1,120,0.03439516691263093,0.008231698750380663,1.0025528510818116,8.231698750380663e-12,-0.017432003706495783,0.02855086123340193,-0.04644844160036353
drift,0.035,0.008,8e-12,0.005,1,120,0.034635340043047136,0.008168073283996368,1.0013170949817884,8.168073283996367e-12,-0.01047351216071258,0.020791511228024865,-0.0244263234341307
drift,0.035,0.008,8e-12,0.005,1,120,0.033604950533630926,0.008332191636479079,1.0013763274102894,8.332191636479079e-12,-0.040674668062886506,0.04068498151189106,-0.13230115231787457
drift,0.035,0.008,8e-12,0.005,1,120,0.03569355556523222,0.007986646294626828,0.998334238177383,7.986646294626828e-12,0.019622094621086952,-0.0016706078601904156,0.08433028222860409
drift,0.035,0.008,8e-12,0.005,1,120,0.035326703990142254,0.007991577599116147,0.9989030118545227,7.991577599116147e-12,0.009291103430659295,-0.0010533546937956555,0.039457940083843415
drift,0.035,0.008,8e-12,0.005,1,120,0.034343593015636435,0.008230921840658727,0.9991483754575152,8.230921840658728e-12,-0.018932580869245326,0.02845647653708756,-0.05293798952399488
drift,0.035,0.008,8e-12,0.005,1,120,0.03356126628665603,0.008437969525887158,1.0037492997263981,8.437969525887158e-12,-0.041975448580311346,0.05330016048309902,-0.12510281997155348
drift,0.035,0.008,8e-12,0.005,1,120,0.03480329817987536,0.008192686126318112,1.000353642398416,8.192686126318112e-12,-0.005635903916103823,0.023800278764073448,-5.907469313822002e-4
drift,0.035,0.008,8e-12,0.005,1,120,0.03478705469942177,0.00812300774589275,0.9979528545725458,8.12300774589275e-12,-0.0061027353108738715,0.015258955963898578,-0.011146261307802564
drift,0.035,0.008,8e-12,0.005,1,120,0.03288398127048027,0.008483084414214059,1.003133549668804,8.48308441421406e-12,-0.062362413762994263,0.05863257008222987,-0.20375375237821708
drift,0.035,0.008,8e-12,0.005,1,180,0.03491250750601113,0.008059198813176762,0.9965978372945885,8.059198813176761e-12,-0.0025029152231934282,0.00737260706624483,-0.0034764621883753176
drift,0.035,0.008,8e-12,0.005,1,180,0.03372927220783905,0.008354565113925136,1.0016819939465582,8.354565113925136e-12,-0.03698198964718754,0.043366568016428034,-0.11420367821153028
drift,0.035,0.008,8e-12,0.005,1,180,0.03306074713183018,0.00850259512249729,1.00486245973454,8.50259512249729e-12,-0.05700137008298478,0.06092988374836292,-0.17953747190469516
drift,0.035,0.008,8e-12,0.005,1,180,0.03529785902598781,0.0080193641703325165,0.9971455422766374,8.019364170332516e-12,0.008474249788626832,0.002417596548554045,0.03935211577104207
drift,0.035,0.008,8e-12,0.005,1,180,0.03582491859935555,0.00790259963842696,0.9973245771459676,7.902599638426961e-12,0.023295640047936148,-0.012249768182599197,0.09004013813748842
drift,0.035,0.008,8e-12,0.005,1,180,0.03393187027040504,0.008301939598076841,1.0014707860561858,8.30193959807684e-12,-0.03099336277400184,0.03704763233755766,-0.09540045413221761
drift,0.035,0.008,8e-12,0.005,1,180,0.03389218338118562,0.008282653666360764,1.0004198950032737,8.282653666360765e-12,-0.03216365241645867,0.03472186647740059,-0.10264739425558331
drift,0.035,0.008,8e-12,0.005,1,180,0.03489296475576549,0.008071912440913565,0.998764321529412,8.071912440913565e-12,-0.003062835530957427,0.008948894052179657,-0.004323476232899947
drift,0.035,0.008,8e-12,0.005,1,180,0.035715312246407116,0.007935794282758623,0.996934024654081,7.935794282758623e-12,0.02023144980384948,-0.00805809406466941,0.08064062448981256
drift,0.035,0.008,8e-12,0.005,1,180,0.033927746148502566,0.00831117452006668,1.001780782241034,8.31117452006668e-12,-0.031114911410000435,0.038159395355060154,-0.09480008223062206
drift,0.035,0.008,8e-12,0.005,1,180,0.03411813277238325,0.008279983985571868,1.0016270515093866,8.279983985571868e-12,-0.025519065674578977,0.03439949260578414,-0.07495204361869326
drift,0.035,0.008,8e-12,0.005,1,180,0.03507630085385596,0.00805261830626496,0.9986435534413086,8.052618306264961e-12,0.0021776515905910262,0.006555752303194546,0.016017058181333525
drift,0.035,0.008,8e-12,0.005,1,180,0.034780901062473064,0.00813339313150936,0.9991129815454739,8.13339313150936e-12,-0.0062796454097077395,0.016536654158940362,-0.010631614094400065
drift,0.035,0.008,8e-12,0.005,1,180,0.034747105029613756,0.008145278525544862,1.0009303719009897,8.145278525544861e-12,-0.007251801449282052,0.017996895682061517,-0.013362080645833121
drift,0.035,0.008,8e-12,0.005,1,180,0.03526840758090419,0.008069807962843973,0.997926459314339,8.069807962843973e-12,0.007639532346149088,0.008688143893104188,0.041970683925223025
drift,0.035,0.008,8e-12,0.005,1,180,0.03490194264981754,0.00818029348187509,1.0020621073666984,8.18029348187509e-12,-0.002805570511623202,0.022286486271060273,0.010127374848434616
drift,0.035,0.008,8e-12,0.005,1,180,0.034581277118445844,0.00819652737285792,1.0014886159219711,8.19652737285792e-12,-0.012035649630366177,0.024269031777796518,-0.027652605534919245
drift,0.035,0.008,8e-12,0.005,1,180,0.035608821122797736,0.008010825417828006,0.9988486304085424,8.010825417828006e-12,0.017245330023350585,0.0013522625092866577,0.07684608173620552
drift,0.035,0.008,8e-12,0.005,1,180,0.03429147555577479,0.008207046185781186,0.9976349650924529,8.207046185781186e-12,-0.020451264275946988,0.025551534560187654,-0.06230549652373891
drift,0.035,0.008,8e-12,0.005,1,180,0.03453137923752612,0.008213965686647094,1.0007328356758405,8.213965686647093e-12,-0.01347960771910002,0.026394296422758572,-0.031714678124003234
drift,0.035,0.008,8e-12,0.005,1,180,0.03470820773530912,0.008102371997250371,0.9975666753869107,8.102371997250372e-12,-0.008371868347629758,0.012715316296249782,-0.02346692452542012
drift,0.035,0.008,8e-12,0.005,1,180,0.03585278069624539,0.007926641468111626,0.9971994313626046,7.926641468111625e-12,0.024073067297051415,-0.00921211805020809,0.09653268828421967
drift,0.035,0.008,8e-12,0.005,1,180,0.033618669071015635,0.008284104807675224,0.9995030793000006,8.284104807675224e-12,-0.040266521710285136,0.034897053593268265,-0.13638798160079346
drift,0.035,0.008,8e-12,0.005,1,180,0.034433256146806486,0.008172961045186371,1.0002868043512652,8.172961045186372e-12,-0.016325215656713545,0.021389730561918372,-0.04888650723407778
drift,0.035,0.008,8e-12,0.005,1,180,0.03452480537758771,0.008163867652149956,0.9986697349777068,8.163867652149956e-12,-0.013669999354401219,0.02027649198373352,-0.03864764119539088
drift,0.035,0.008,8e-12,0.005,1,180,0.03441970106269473,0.008241454383008311,1.001950514203755,8.241454383008311e-12,-0.01671895573226716,0.029735289459029885,-0.04222177876682422
drift,0.035,0.008,8e-12,0.005,1,180,0.033994927865191246,0.008276135268156874,0.9994500326866712,8.276135268156874e-12,-0.029136728437311913,0.03393456269976717,-0.09069438201651872
drift,0.035,0.008,8e-12,0.005,1,180,0.03504186874326592,0.008109630600555612,1.0011607619812013,8.109630600555612e-12,0.0011955348709015046,0.013610776773322314,0.01880250093829572
drift,0.035,0.008,8e-12,0.005,1,180,0.034472137643890954,0.008228372412211063,1.0011742369545544,8.228372412211063e-12,-0.015196668265220287,0.028146690658193363,-0.03730824149932871
drift,0.035,0.008,8e-12,0.005,1,180,0.0349868856679823,0.008095640180365557,0.9971596203660787,8.095640180365556e-12,-3.747654162927934e-4,0.011884125752796697,0.010257948582601083
saturating,0.01,0.002,2e-12,0.005,1,60,1e-4,0.0013204085175858578,0.9922951637819798,1.3204085175858578e-12,-4.605170185988091,-0.4152060088220679,-1.642806008822068
saturating,0.01,0.002,2e-12,0.005,1,60,1e-4,0.001216908101018665,0.9883148538670549,1.216908101018665e-12,-4.605170185988091,-0.4968338821266839,-1.724433882126684
saturating,0.01,0.002,2e-12,0.005,1,60,1e-4,0.0012223164736329427,0.9884924650358845,1.2223164736329428e-12,-4.605170185988091,-0.4923993732803972,-1.7199993732803973
saturating,0.01,0.002,2e-12,0.005,1,60,1e-4,0.00118878518836217,0.9861533472875994,1.18878518836217e-12,-4.605170185988091,-0.5202152449747034,-1.7478152449747033
saturating,0.01,0.002,2e-12,0.005,1,60,1e-4,0.0012074996339622131,0.9894924117132373,1.2074996339622132e-12,-4.605170185988091,-0.5045953771522842,-1.7321953771522842
saturating,0.01,0.002,2e-12,0.005,1,60,1e-4,0.0012545039737382599,0.9899076587509779,1.2545039737382598e-12,-4.605170185988091,-0.4664069261533286,-1.6940069261533286
saturating,0.01,0.002,2e-12,0.005,1,60,1e-4,0.0012273197243539782,0.9895789340830927,1.2273197243539783e-12,-4.605170185988091,-0.48831447472906914,-1.715914474729069
saturating,0.01,0.002,2e-12,0.005,1,60,1e-4,0.0012488552156580234,0.9889281171247889,1.2488552156580234e-12,-4.605170185988091,-0.47091987634552046,-1.6985198763455205
saturating,0.01,0.002,2e-12,0.005,1,60,1e-4,0.0011720417215208025,0.9881324102070614,1.1720417215208025e-12,-4.605170185988091,-0.5343998914715007,-1.7619998914715007
saturating,0.01,0.002,2e-12,0.005,1,60,1e-4,0.001198651319024155,0.9880130956255201,1.198651319024155e-12,-4.605170185988091,-0.5119501566293326,-1.7395501566293325
saturating,0.01,0.002,2e-12,0.005,1,60,1e-4,0.0012537344051517442,0.9900687626269974,1.2537344051517443e-12,-4.605170185988091,-0.46702055890621247,-1.6946205589062124
saturating,0.01,0.002,2e-12,0.005,1,60,1e-4,0.0012237590872657515,0.9882247454046877,1.2237590872657515e-12,-4.605170185988091,-0.49121983997150986,-1.71881983997151
saturating,0.01,0.002,2e-12,0.005,1,60,1e-4,0.0011951891036204945,0.988157663983247,1.1951891036204946e-12,-4.605170185988091,-0.5148427619884758,-1.742442761988476
saturating,0.01,0.002,2e-12,0.005,1,60,1e-4,0.0011769255174221465,0.9875485132695714,1.1769255174221465e-12,-4.605170185988091,-0.5302416359985819,-1.7578416359985818
saturating,0.01,0.002,2e-12,0.005,1,60,1e-4,0.001249770774561923,0.9891391669206128,1.249770774561923e-12,-4.605170185988091,-0.4701870264124296,-1.6977870264124295
saturating,0.01,0.002,2e-12,0.005,1,60,1e-4,0.0012075469128818594,0.9877508888717753,1.2075469128818594e-12,-4.605170185988091,-0.504556223522128,-1.7321562235221282
saturating,0.01,0.002,2e-12,0.005,1,60,1e-4,0.0011879131931588512,0.9879636482666458,1.1879131931588512e-12,-4.605170185988091,-0.5209490320208218,-1.7485490320208217
saturating,0.01,0.002,2e-12,0.005,1,60,1e-4,0.0011642389205602222,0.986147989457327,1.1642389205602222e-12,-4.605170185988091,-0.5410795941000349,-1.768679594100035
saturating,0.01,0.002,2e-12,0.005,1,60,1e-4,0.0013292546152097466,0.9922527170552833,1.3292546152097466e-12,-4.605170185988091,-0.4085288351232282,-1.6361288351232282
saturating,0.01,0.002,2e-12,0.005,1,60,1e-4,0.0012934878757619418,0.9917325533211607,1.2934878757619417e-12,-4.605170185988091,-0.43580483116291013,-1.6634048311629102
saturating,0.01,0.002,2e-12,0.005,1,60,1e-4,0.0012288218815639472,0.9885904040717498,1.2288218815639472e-12,-4.605170185988091,-0.4870912900448953,-1.7146912900448954
saturating,0.01,0.002,2e-12,0.005,1,60,1e-4,0.0012570813922014286,0.9894746721678561,1.2570813922014286e-12,-4.605170185988091,-0.4643545018934238,-1.691954501893424
saturating,0.01,0.002,2e-12,0.005,1,60,1e-4,0.001228374499338197,0.9890470894608087,1.228374499338197e-12,-4.605170185988091,-0.487455430440161,-1.715055430440161
saturating,0.01,0.002,2e-12,0.005,1,60,1e-4,0.0012600180900884084,0.990629542472267,1.2600180900884085e-12,-4.605170185988091,-0.46202110248659994,-1.6896211024866
saturating,0.01,0.002,2e-12,0.005,1,60,1e-4,0.0012007051782387053,0.9883443139525303,1.2007051782387052e-12,-4.605170185988091,-0.5102381478315204,-1.7378381478315204
saturating,0.01,0.002,2e-12,0.005,1,60,1e-4,0.0012237008748567483,0.9883424250317906,1.2237008748567483e-12,-4.605170185988091,-0.4912674096232427,-1.7188674096232428
saturating,0.01,0.002,2e-12,0.005,1,60,1e-4,0.001227934423976265,0.9870009543127322,1.2279344239762652e-12,-4.605170185988091,-0.4878137529316551,-1.715413752931655
saturating,0.01,0.002,2e-12,0.005,1,60,1e-4,0.0012454215115591982,0.9891957014313294,1.2454215115591982e-12,-4.605170185988091,-0.47367314444159986,-1.7012731444415998
saturating,0.01,0.002,2e-12,0.005,1,60,1e-4,0.0012768409199918403,0.9909386001300279,1.2768409199918404e-12,-4.605170185988091,-0.4487581844943023,-1.6763581844943023
saturating,0.01,0.002,2e-12,0.005,1,60,1e-4,0.0011995248078104956,0.9875710296040026,1.1995248078104955e-12,-4.605170185988091,-0.5112216956833717,-1.7388216956833717
saturating,0.01,0.002,2e-12,0.005,1,120,1e-4,0.0014961073123208484,0.9775233506649914,1.4961073123208484e-12,-4.605170185988091,-0.29028057074554486,-1.517880570745545
saturating,0.01,0.002,2e-12,0.005,1,120,1e-4,0.0015006507351443107,0.9783742454205655,1.5006507351443107e-12,-4.605170185988091,-0.28724834309641767,-1.5148483430964177
saturating,0.01,0.002,2e-12,0.005,1,120,1e-4,0.0014895403242218602,0.9783221323852387,1.4895403242218603e-12,-4.605170185988091,-0.29467961543437493,-1.522279615434375
saturating,0.01,0.002,2e-12,0.005,1,120,1e-4,0.0015198226484426781,0.9798237727377184,1.5198226484426782e-12,-4.605170185988091,-0.2745535311653771,-1.502153531165377
saturating,0.01,0.002,2e-12,0.005,1,120,1e-4,0.001516322232254567,0.9796972306153637,1.516322232254567e-12,-4.605170185988091,-0.27685936166859126,-1.5044593616685913
saturating,0.01,0.002,2e-12,0.005,1,120,1e-4,0.0015271212965406401,0.9809027536007455,1.5271212965406402e-12,-4.605170185988091,-0.2697627229394763,-1.4973627229394764
saturating,0.01,0.002,2e-12,0.005,1,120,1e-4,0.001505428106782901,0.9776577986965952,1.505428106782901e-12,-4.605170185988091,-0.28406986647498517,-1.5116698664749852
saturating,0.01,0.002,2e-12,0.005,1,120,1e-4,0.0015199804356350423,0.9805428911264424,1.5199804356350423e-12,-4.605170185988091,-0.27444971707733135,-1.5020497170773313
saturating,0.01,0.002,2e-12,0.005,1,120,1e-4,0.0014922262767656205,0.9782913464731412,1.4922262767656205e-12,-4.605170185988091,-0.2928780302470193,-1.5204780302470193
saturating,0.01,0.002,2e-12,0.005,1,120,1e-4,0.0015068878013891256,0.9790388387304562,1.5068878013891256e-12,-4.605170185988091,-0.28310071532020975,-1.5107007153202097
saturating,0.01,0.002,2e-12,0.005,1,120,1e-4,0.0014972670256942623,0.9783926681608205,1.4972670256942623e-12,-4.605170185988091,-0.28950571715191986,-1.51710571715192
saturating,0.01,0.002,2e-12,0.005,1,120,1e-4,0.001471053238318391,0.9772337111094402,1.471053238318391e-12,-4.605170185988091,-0.30716854767278917,-1.5347685476727893
saturating,0.01,0.002,2e-12,0.005,1,120,1e-4,0.00151892647116804,0.9796229595576718,1.51892647116804e-12,-4.605170185988091,-0.2751433641955779,-1.5027433641955779
saturating,0.01,0.002,2e-12,0.005,1,120,1e-4,0.0014976540485979537,0.9781214174806085,1.4976540485979538e-12,-4.605170185988091,-0.2892472643271239,-1.516847264327124
saturating,0.01,0.002,2e-12,0.005,1,120,1e-4,0.0015176889563306762,0.9798110302703711,1.5176889563306761e-12,-4.605170185988091,-0.27595842618509864,-1.5035584261850987
saturating,0.01,0.002,2e-12,0.005,1,120,1e-4,0.0015083210007522854,0.9795141673462736,1.5083210007522854e-12,-4.605170185988091,-0.28215006840641904,-1.5097500684064191
saturating,0.01,0.002,2e-12,0.005,1,120,1e-4,0.0015120840195912966,0.9800848356169803,1.5120840195912967e-12,-4.605170185988091,-0.2796583358337144,-1.5072583358337144
saturating,0.01,0.002,2e-12,0.005,1,120,1e-4,0.001520743521625712,0.9807878204532702,1.520743521625712e-12,-4.605170185988091,-0.2739478063367219,-1.5015478063367218
saturating,0.01,0.002,2e-12,0.005,1,120,1e-4,0.0014828071002161987,0.977390065113975,1.4828071002161986e-12,-4.605170185988091,-0.2992101998926973,-1.5268101998926973
saturating,0.01,0.002,2e-12,0.005,1,120,1e-4,0.0014940185080988696,0.9781088009761949,1.4940185080988695e-12,-4.605170185988091,-0.29167770564033135,-1.5192777056403313
saturating,0.01,0.002,2e-12,0.005,1,120,1e-4,0.001492206794610313,0.9782587287564901,1.492206794610313e-12,-4.605170185988091,-0.2928910860970531,-1.520491086097053
saturating,0.01,0.002,2e-12,0.005,1,120,1e-4,0.001495280310657039,0.9782992332347352,1.495280310657039e-12,-4.605170185988091,-0.29083349252574237,-1.5184334925257423
saturating,0.01,0.002,2e-12,0.005,1,120,1e-4,0.0015348016615572269,0.98140033235728,1.5348016615572268e-12,-4.605170185988091,-0.26474601858111235,-1.4923460185811124
saturating,0.01,0.002,2e-12,0.005,1,120,1e-4,0.001498338973333102,0.9779638608750342,1.4983389733331019e-12,-4.605170185988091,-0.2887900371292855,-1.5163900371292856
saturating,0.01,0.002,2e-12,0.005,1,120,1e-4,0.0015012061436986642,0.9780825259736663,1.5012061436986643e-12,-4.605170185988091,-0.28687829976450163,-1.5144782997645017
saturating,0.01,0.002,2e-12,0.005,1,120,1e-4,0.001520283600639874,0.980879902527478,1.520283600639874e-12,-4.605170185988091,-0.27425028373718763,-1.5018502837371877
saturating,0.01,0.002,2e-12,0.005,1,120,1e-4,0.0015051518458808458,0.9795573809986349,1.5051518458808457e-12,-4.605170185988091,-0.2842533931756039,-1.511853393175604
saturating,0.01,0.002,2e-12,0.005,1,120,1e-4,0.0015160582723008089,0.979381294318446,1.5160582723008088e-12,-4.605170185988091,-0.2770334558853481,-1.5046334558853482
saturating,0.01,0.002,2e-12,0.005,1,120,1e-4,0.0015034222853861593,0.9787926269268387,1.5034222853861593e-12,-4.605170185988091,-0.2854031475840078,-1.5130031475840078
saturating,0.01,0.002,2e-12,0.005,1,120,1e-4,0.0015150044389215373,0.9789685935470503,1.5150044389215372e-12,-4.605170185988091,-0.2777288116216926,-1.5053288116216925
saturating,0.01,0.002,2e-12,0.005,1,180,1e-4,0.0018463453009288874,0.9722646682583571,1.8463453009288873e-12,-4.605170185988091,-0.07993900838068002,-1.30753900838068
saturating,0.01,0.002,2e-12,0.005,1,180,1e-4,0.0018560763099701749,0.9737015877449247,1.856076309970175e-12,-4.605170185988091,-0.07468243175549208,-1.3022824317554922
saturating,0.01,0.002,2e-12,0.005,1,180,1e-4,0.0018524472027021482,0.9735099429091744,1.852447202702148e-12,-4.605170185988091,-0.07663960334363128,-1.3042396033436312
saturating,0.01,0.002,2e-12,0.005,1,180,1e-4,0.0018458830545215,0.9726362539601229,1.8458830545215e-12,-4.605170185988091,-0.08018939723277797,-1.307789397232778
saturating,0.01,0.002,2e-12,0.005,1,180,1e-4,0.0018470383244354237,0.9732873962081909,1.847038324435424e-12,-4.605170185988091,-0.07956372999913827,-1.3071637299991383
saturating,0.01,0.002,2e-12,0.005,1,180,1e-4,0.001852803880753529,0.9736173518689883,1.852803880753529e-12,-4.605170185988091,-0.0764470776310958,-1.3040470776310957
saturating,0.01,0.002,2e-12,0.005,1,180,1e-4,0.0018581470236408476,0.9732190070281164,1.8581470236408478e-12,-4.605170185988091,-0.07356741324463868,-1.3011674132446387
saturating,0.01,0.002,2e-12,0.005,1,180,1e-4,0.00185194535998106,0.9730433068158971,1.85194535998106e-12,-4.605170185988091,-0.0769105480211547,-1.3045105480211547
saturating,0.01,0.002,2e-12,0.005,1,180,1e-4,0.0018496175779586848,0.9728453181383812,1.8496175779586847e-12,-4.605170185988091,-0.07816827745505027,-1.3057682774550503
saturating,0.01,0.002,2e-12,0.005,1,180,1e-4,0.0018333262247828242,0.9717816883819118,1.8333262247828244e-12,-4.605170185988091,-0.0870152543883337,-1.3146152543883338
saturating,0.01,0.002,2e-12,0.005,1,180,1e-4,0.0018442423084102297,0.972221960467415,1.8442423084102296e-12,-4.605170185988091,-0.08107866036506912,-1.308678660365069
saturating,0.01,0.002,2e-12,0.005,1,180,1e-4,0.0018404272385581272,0.9725253577727689,1.8404272385581273e-12,-4.605170185988091,-0.08314944102356008,-1.31074944102356
saturating,0.01,0.002,2e-12,0.005,1,180,1e-4,0.0018467573135928408,0.9728406757462756,1.8467573135928407e-12,-4.605170185988091,-0.07971588289045249,-1.3073158828904525
saturating,0.01,0.002,2e-12,0.005,1,180,1e-4,0.0018445602545693754,0.9726495938800925,1.8445602545693753e-12,-4.605170185988091,-0.08090627588283968,-1.3085062758828396
saturating,0.01,0.002,2e-12,0.005,1,180,1e-4,0.0018372980923022164,0.9719899992665281,1.8372980923022164e-12,-4.605170185988091,-0.08485111623282171,-1.3124511162328218
saturating,0.01,0.002,2e-12,0.005,1,180,1e-4,0.0018462851872076847,0.9730018499892891,1.846285187207685e-12,-4.605170185988091,-0.07997156713325548,-1.3075715671332555
saturating,0.01,0.002,2e-12,0.005,1,180,1e-4,0.0018486666645055514,0.9725488066395397,1.8486666645055512e-12,-4.605170185988091,-0.07868252320348165,-1.3062825232034816
saturating,0.01,0.002,2e-12,0.005,1,180,1e-4,0.0018471879961655042,0.9727608745244212,1.847187996165504e-12,-4.605170185988091,-0.07948269991750637,-1.3070826999175065
saturating,0.01,0.002,2e-12,0.005,1,180,1e-4,0.001855581309414676,0.9731418346381868,1.855581309414676e-12,-4.605170185988091,-0.0749491592444977,-1.3025491592444978
saturating,0.01,0.002,2e-12,0.005,1,180,1e-4,0.0018542192749587516,0.974538478137198,1.8542192749587514e-12,-4.605170185988091,-0.07568344912674113,-1.303283449126741
saturating,0.01,0.002,2e-12,0.005,1,180,1e-4,0.0018500142032838523,0.9728930048740386,1.8500142032838522e-12,-4.605170185988091,-0.07795386404845239,-1.3055538640484525
saturating,0.01,0.002,2e-12,0.005,1,180,1e-4,0.0018533732304306238,0.973716074855714,1.8533732304306237e-12,-4.605170185988091,-0.076139833986502925,-1.303739833986503
saturating,0.01,0.002,2e-12,0.005,1,180,1e-4,0.0018527032379987926,0.9725553938701811,1.8527032379987926e-12,-4.605170185988091,-0.07650139826874995,-1.30410139826875
saturating,0.01,0.002,2e-12,0.005,1,180,1e-4,0.0018512749710179635,0.9734454001533344,1.8512749710179635e-12,-4.605170185988091,-0.0772726053175073,-1.3048726053175073
saturating,0.01,0.002,2e-12,0.005,1,180,1e-4,0.0018528725993289575,0.9732637978069015,1.8528725993289577e-12,-4.605170185988091,-0.07640998935541622,-1.3040099893554162
saturating,0.01,0.002,2e-12,0.005,1,180,1e-4,0.0018539823186704166,0.9732838175026866,1.8539823186704167e-12,-4.605170185988091,-0.07581125031698101,-1.303411250316981
saturating,0.01,0.002,2e-12,0.005,1,180,1e-4,0.0018501089995462362,0.9736921627758114,1.850108999546236e-12,-4.605170185988091,-0.07790262453170761,-1.3055026245317076
saturating,0.01,0.002,2e-12,0.005,1,180,1e-4,0.001851439001112497,0.9737109250276016,1.8514390011124968e-12,-4.605170185988091,-0.07718400539006204,-1.3047840053900621
saturating,0.01,0.002,2e-12,0.005,1,180,1e-4,0.0018580499215894693,0.9735573933608825,1.8580499215894694e-12,-4.605170185988091,-0.07361967207420636,-1.3012196720742064
saturating,0.01,0.002,2e-12,0.005,1,180,1e-4,0.0018566387491514287,0.9734800628256449,1.8566387491514287e-12,-4.605170185988091,-0.07437945176559253,-1.3019794517655925
saturating,0.01,0.005,5e-12,0.005,1,60,1e-4,0.003053126210717812,0.9718809250199083,3.053126210717812e-12,-4.605170185988091,-0.4932718596348104,-1.7208718596348105
saturating,0.01,0.005,5e-12,0.005,1,60,1e-4,0.003124789217342913,0.9729340943424206,3.124789217342913e-12,-4.605170185988091,-0.47007108197088726,-1.6976710819708873
saturating,0.01,0.005,5e-12,0.005,1,60,1e-4,0.0030578493701724947,0.970552520635533,3.0578493701724948e-12,-4.605170185988091,-0.49172606376878025,-1.7193260637687802
saturating,0.01,0.005,5e-12,0.005,1,60,1e-4,0.003062658449760749,0.9721845132595095,3.062658449760749e-12,-4.605170185988091,-0.49015459920426785,-1.7177545992042678
saturating,0.01,0.005,5e-12,0.005,1,60,1e-4,0.003085967496730862,0.9721695546288502,3.085967496730862e-12,-4.605170185988091,-0.48257269104021794,-1.710172691040218
saturating,0.01,0.005,5e-12,0.005,1,60,1e-4,0.003078615830491857,0.9722105453387223,3.078615830491857e-12,-4.605170185988091,-0.4849578221460789,-1.7125578221460789
saturating,0.01,0.005,5e-12,0.005,1,60,1e-4,0.0030504562978690844,0.9709424153484197,3.0504562978690844e-12,-4.605170185988091,-0.49414672714590446,-1.7217467271459044
saturating,0.01,0.005,5e-12,0.005,1,60,1e-4,0.0030585490747930843,0.9719498805365511,3.0585490747930845e-12,-4.605170185988091,-0.49149726748288164,-1.7190972674828817
saturating,0.01,0.005,5e-12,0.005,1,60,1e-4,0.0031416206789916514,0.9749688787352389,3.1416206789916514e-12,-4.605170185988091,-0.4646991058620143,-1.6922991058620143
saturating,0.01,0.005,5e-12,0.005,1,60,1e-4,0.0031785095377879803,0.9751420811266612,3.1785095377879805e-12,-4.605170185988091,-0.453025524324446,-1.6806255243244461
saturating,0.01,0.005,5e-12,0.005,1,60,1e-4,0.0030901444288167225,0.9718248994921403,3.0901444288167225e-12,-4.605170185988091,-0.4812200818993737,-1.7088200818993737
saturating,0.01,0.005,5e-12,0.005,1,60,1e-4,0.003085267638664597,0.9727191580134602,3.085267638664597e-12,-4.605170185988091,-0.48279950400517907,-1.7103995040051791
saturating,0.01,0.005,5e-12,0.005,1,60,1e-4,0.003088729643777222,0.9720174568794686,3.088729643777222e-12,-4.605170185988091,-0.48167802457553216,-1.7092780245755321
saturating,0.01,0.005,5e-12,0.005,1,60,1e-4,0.0029950320194518237,0.9697409531552745,2.9950320194518237e-12,-4.605170185988091,-0.5124829899549463,-1.7400829899549464
saturating,0.01,0.005,5e-12,0.005,1,60,1e-4,0.0030652657958466284,0.970272288598301,3.0652657958466283e-12,-4.605170185988091,-0.4893036271169116,-1.7169036271169116
saturating,0.01,0.005,5e-12,0.005,1,60,1e-4,0.0030652526874093157,0.9720858448021034,3.065252687409316e-12,-4.605170185988091,-0.4893079035699877,-1.7169079035699877
saturating,0.01,0.005,5e-12,0.005,1,60,1e-4,0.0030604278045220754,0.9711486570156962,3.0604278045220753e-12,-4.605170185988091,-0.49088320084230413,-1.718483200842304
saturating,0.01,0.005,5e-12,0.005,1,60,1e-4,0.003016042929402545,0.9694304762295702,3.016042929402545e-12,-4.605170185988091,-0.5054922285029061,-1.733092228502906
saturating,0.01,0.005,5e-12,0.005,1,60,1e-4,0.003033067550493017,0.9706478944438371,3.033067550493017e-12,-4.605170185988091,-0.4998634121349127,-1.7274634121349126
saturating,0.01,0.005,5e-12,0.005,1,60,1e-4,0.003067241616891468,0.9719503485584265,3.0672416168914682e-12,-4.605170185988091,-0.4886592508511439,-1.7162592508511438
saturating,0.01,0.005,5e-12,0.005,1,60,1e-4,0.0030559004741667357,0.9710943664339409,3.0559004741667357e-12,-4.605170185988091,-0.49236360901397097,-1.719963609013971
saturating,0.01,0.005,5e-12,0.005,1,60,1e-4,0.002986810390961139,0.9691333285628972,2.9868103909611387e-12,-4.605170185988091,-0.5152318532996004,-1.7428318532996006
saturating,0.01,0.005,5e-12,0.005,1,60,1e-4,0.0030972014139981716,0.972938846610105,3.0972014139981717e-12,-4.605170185988091,-0.47893897836297117,-1.7065389783629712
saturating,0.01,0.005,5e-12,0.005,1,60,1e-4,0.003030706162470987,0.9709463055716323,3.030706162470987e-12,-4.605170185988091,-0.5006422631452503,-1.7282422631452503
saturating,0.01,0.005,5e-12,0.005,1,60,1e-4,0.0031279123102645533,0.9744853580020485,3.127912310264553e-12,-4.605170185988091,-0.46907212394688225,-1.6966721239468823
saturating,0.01,0.005,5e-12,0.005,1,60,1e-4,0.003061116634376064,0.9716350572144051,3.061116634376064e-12,-4.605170185988091,-0.49065814983964573,-1.7182581498396456
saturating,0.01,0.005,5e-12,0.005,1,60,1e-4,0.0030654879292479876,0.9711771357958912,3.0654879292479878e-12,-4.605170185988091,-0.48923116183403875,-1.7168311618340388
saturating,0.01,0.005,5e-12,0.005,1,60,1e-4,0.003053757130766245,0.9700608942141836,3.053757130766245e-12,-4.605170185988091,-0.493065233761874,-1.720665233761874
saturating,0.01,0.005,5e-12,0.005,1,60,1e-4,0.003082736818048389,0.9718710269137697,3.082736818048389e-12,-4.605170185988091,-0.4836201327112693,-1.7112201327112693
saturating,0.01,0.005,5e-12,0.005,1,60,1e-4,0.0030752017262573737,0.9713902551904737,3.0752017262573738e-12,-4.605170185988091,-0.48606741129242026,-1.7136674112924202
saturating,0.01,0.005,5e-12,0.005,1,120,1e-4,0.0037684681221647883,0.9479472297063622,3.768468122164788e-12,-4.605170185988091,-0.28276932719335773,-1.5103693271933578
saturating,0.01,0.005,5e-12,0.005,1,120,1e-4,0.003728120007682466,0.9458377040543114,3.728120007682466e-12,-4.605170185988091,-0.2935338252269225,-1.5211338252269226
saturating,0.01,0.005,5e-12,0.005,1,120,1e-4,0.0037489601981826916,0.9467996738762486,3.748960198182691e-12,-4.605170185988091,-0.2879593913857378,-1.5155593913857377
saturating,0.01,0.005,5e-12,0.005,1,120,1e-4,0.0037568989670581712,0.9471487939539618,3.756898967058171e-12,-4.605170185988091,-0.2858440381234339,-1.513444038123434
saturating,0.01,0.005,5e-12,0.005,1,120,1e-4,0.0037569331683892254,0.9465613716984372,3.7569331683892255e-12,-4.605170185988091,-0.2858349345580526,-1.5134349345580527
saturating,0.01,0.005,5e-12,0.005,1,120,1e-4,0.0037400081147763494,0.9457474554340608,3.7400081147763494e-12,-4.605170185988091,-0.29035013128371706,-1.5179501312837171
saturating,0.01,0.005,5e-12,0.005,1,120,1e-4,0.0037533738619483577,0.946438176875243,3.753373861948357e-12,-4.605170185988091,-0.286782780416542,-1.514382780416542
saturating,0.01,0.005,5e-12,0.005,1,120,1e-4,0.003742697200009352,0.9452227614873081,3.742697200009352e-12,-4.605170185988091,-0.28963138445736436,-1.5172313844573644
saturating,0.01,0.005,5e-12,0.005,1,120,1e-4,0.003756890497129273,0.9465345300592041,3.756890497129273e-12,-4.605170185988091,-0.2858462926260224,-1.5134462926260224
saturating,0.01,0.005,5e-12,0.005,1,120,1e-4,0.0037521224595170924,0.9460664621239171,3.752122459517092e-12,-4.605170185988091,-0.28711624335870145,-1.5147162433587016
saturating,0.01,0.005,5e-12,0.005,1,120,1e-4,0.0037837747231736184,0.9482352812173692,3.783774723173618e-12,-4.605170185988091,-0.27871579706171695,-1.506315797061717
saturating,0.01,0.005,5e-12,0.005,1,120,1e-4,0.0037427817373635918,0.944763838779615,3.742781737363592e-12,-4.605170185988091,-0.28960879743121665,-1.5172087974312167
saturating,0.01,0.005,5e-12,0.005,1,120,1e-4,0.0037713375210192625,0.9465686987660312,3.771337521019262e-12,-4.605170185988091,-0.28200819378255315,-1.5096081937825532
saturating,0.01,0.005,5e-12,0.005,1,120,1e-4,0.0037770201173844497,0.9478010763693298,3.7770201173844495e-12,-4.605170185988091,-0.28050254243137535,-1.5081025424313754
saturating,0.01,0.005,5e-12,0.005,1,120,1e-4,0.0037589237107306297,0.9472662889376242,3.7589237107306296e-12,-4.605170185988091,-0.28530524315494055,-1.5129052431549406
saturating,0.01,0.005,5e-12,0.005,1,120,1e-4,0.003757952378901158,0.9466033764665464,3.757952378901158e-12,-4.605170185988091,-0.28556368344936484,-1.513163683449365
saturating,0.01,0.005,5e-12,0.005,1,120,1e-4,0.003751530475740197,0.9466219397289263,3.751530475740197e-12,-4.605170185988091,-0.28727402884884373,-1.5148740288488438
saturating,0.01,0.005,5e-12,0.005,1,120,1e-4,0.0037549437143592065,0.9465194176628472,3.754943714359207e-12,-4.605170185988091,-0.28636461684853365,-1.5139646168485337
saturating,0.01,0.005,5e-12,0.005,1,120,1e-4,0.0037334065701482453,0.945066316060949,3.733406570148246e-12,-4.605170185988091,-0.2921168059895778,-1.5197168059895778
saturating,0.01,0.005,5e-12,0.005,1,120,1e-4,0.0037479820612562292,0.946194620973095,3.747982061256229e-12,-4.605170185988091,-0.28822033428703353,-1.5158203342870336
saturating,0.01,0.005,5e-12,0.005,1,120,1e-4,0.0037317351317945613,0.9442747657305469,3.731735131794561e-12,-4.605170185988091,-0.29256460415560037,-1.5201646041556005
saturating,0.01,0.005,5e-12,0.005,1,120,1e-4,0.0037202905614781394,0.9450175330781451,3.720290561478139e-12,-4.605170185988091,-0.2956361392750792,-1.5232361392750793
saturating,0.01,0.005,5e-12,0.005,1,120,1e-4,0.0037464040748196553,0.9458047775123113,3.7464040748196554e-12,-4.605170185988091,-0.288641445884766,-1.516241445884766
saturating,0.01,0.005,5e-12,0.005,1,120,1e-4,0.0037587112553092825,0.9474867637153251,3.758711255309282e-12,-4.605170185988091,-0.2853617650324628,-1.512961765032463
saturating,0.01,0.005,5e-12,0.005,1,120,1e-4,0.0037429748739749853,0.9455566737193878,3.742974873974986e-12,-4.605170185988091,-0.289557196338244,-1.517157196338244
saturating,0.01,0.005,5e-12,0.005,1,120,1e-4,0.0037606450398170897,0.9473289261455106,3.760645039817089e-12,-4.605170185988091,-0.2848474166030118,-1.512447416603012
saturating,0.01,0.005,5e-12,0.005,1,120,1e-4,0.0037716104968077953,0.9476333719761948,3.7716104968077955e-12,-4.605170185988091,-0.2819358147106023,-1.5095358147106024
saturating,0.01,0.005,5e-12,0.005,1,120,1e-4,0.003745729217431234,0.9456338671642297,3.745729217431234e-12,-4.605170185988091,-0.28882159681479397,-1.516421596814794
saturating,0.01,0.005,5e-12,0.005,1,120,1e-4,0.0037480156754946593,0.9460962071335738,3.74801567549466e-12,-4.605170185988091,-0.2882113657041682,-1.5158113657041683
saturating,0.01,0.005,5e-12,0.005,1,120,1e-4,0.003741166489767187,0.9455418006828942,3.741166489767187e-12,-4.605170185988091,-0.29004045397732414,-1.5176404539773243
saturating,0.01,0.005,5e-12,0.005,1,180,0.0022341468355578987,0.006030860370830911,1.009577672764552,6.030860370830911e-12,-1.4987256668624653,0.18745176985675974,-0.7755140225340609
saturating,0.01,0.005,5e-12,0.005,1,180,0.001869356365980085,0.006138021231851477,1.0108588735685402,6.1380212318514765e-12,-1.6769909106897507,0.2050645028404652,-0.8031353077780041
saturating,0.01,0.005,5e-12,0.005,1,180,0.002023272631726001,0.006094885040747645,1.0112924195781423,6.094885040747646e-12,-1.5978687778351797,0.19801198908215245,-0.7911022045838234
saturating,0.01,0.005,5e-12,0.005,1,180,0.0020311665850633654,0.006104819462493253,1.0097861708964468,6.104819462493253e-12,-1.5939747925563175,0.19964062261812798,-0.7884947208340147
saturating,0.01,0.005,5e-12,0.005,1,180,0.0019030981389929536,0.006131470771907699,1.0112253527891277,6.131470771907699e-12,-1.6591019353355805,0.203996738899769,-0.8000190918651049
saturating,0.01,0.005,5e-12,0.005,1,180,0.0018523512810938994,0.006157474047448054,1.0117004995931325,6.157474047448054e-12,-1.6861292981398168,0.20822872378241195,-0.8020797173619446
saturating,0.01,0.005,5e-12,0.005,1,180,0.0016446357301475162,0.006248002231798715,1.0139208679285,6.248002231798714e-12,-1.8050661739381169,0.22282385730531973,-0.8132413121563883
saturating,0.01,0.005,5e-12,0.005,1,180,0.0019080150939711341,0.006149175798268949,1.0122577781736133,6.149175798268949e-12,-1.6565216091129031,0.20688014386167267,-0.7965259844859068
saturating,0.01,0.005,5e-12,0.005,1,180,0.002255704454927675,0.006036941489102688,1.0094291744632156,6.0369414891026875e-12,-1.4891227719614304,0.18845959528463468,-0.7718330523043337
saturating,0.01,0.005,5e-12,0.005,1,180,0.0019271685706673616,0.0061751960729042625,1.0131589338231957,6.175196072904263e-12,-1.6465332290965051,0.2111027222728808,-0.7899283749643664
saturating,0.01,0.005,5e-12,0.005,1,180,0.002453925342441114,0.005978901360603408,1.0084765747201785,5.9789013606034084e-12,-1.4048961699712408,0.1787989196874033,-0.7569143378498986
saturating,0.01,0.005,5e-12,0.005,1,180,0.0020966943071912473,0.006125746982934223,1.0121206718222415,6.125746982934223e-12,-1.562223127956616,0.20306279295803756,-0.7769471129502478
saturating,0.01,0.005,5e-12,0.005,1,180,0.002358953479157474,0.006011637015563227,1.0089584075450995,6.0116370155632274e-12,-1.444367013340547,0.18425918098106103,-0.7632305876034122
saturating,0.01,0.005,5e-12,0.005,1,180,0.0020281383450979984,0.0061158478270094034,1.0111592649092798,6.115847827009403e-12,-1.5954667920878731,0.20144549419325403,-0.7870653510145942
saturating,0.01,0.005,5e-12,0.005,1,180,0.0025488674681672444,0.005969385712647554,1.0097198057324444,5.9693857126475534e-12,-1.3669359626092012,0.17720611397235686,-0.7467343199749049
saturating,0.01,0.005,5e-12,0.005,1,180,0.0020138690168479897,0.006136454228723836,1.0132066814247376,6.1364542287238364e-12,-1.6025273371343813,0.2048091757364783,-0.785471066174371
saturating,0.01,0.005,5e-12,0.005,1,180,0.002181784171025992,0.00606049489253429,1.0103925578615325,6.06049489253429e-12,-1.5224421238457229,0.19235354974738386,-0.777105213045393
saturating,0.01,0.005,5e-12,0.005,1,180,0.0021855393801524683,0.006070879583014396,1.0103236755054739,6.070879583014396e-12,-1.520722439005378,0.19406558873151789,-0.774927528129576
saturating,0.01,0.005,5e-12,0.005,1,180,0.0020127252850827004,0.006123766793559389,1.0112429086448607,6.12376679355939e-12,-1.6030954260503667,0.20273948389806773,-0.7876825807516774
saturating,0.01,0.005,5e-12,0.005,1,180,0.002240903493976211,0.00608727490757124,1.0121707913928664,6.08727490757124e-12,-1.4957059629239429,0.19676259912197686,-0.765365367624973
saturating,0.01,0.005,5e-12,0.005,1,180,0.0016892377370240936,0.006228721215423544,1.0132175722568322,6.228721215423544e-12,-1.778307708990646,0.21973313692423474,-0.8108013836847776
saturating,0.01,0.005,5e-12,0.005,1,180,0.00213345698101033,0.006082705978057933,1.0099238691197086,6.082705978057933e-12,-1.5448414331275442,0.19601174671376026,-0.779439587640959
saturating,0.01,0.005,5e-12,0.005,1,180,0.0018292823006124856,0.006204007290512959,1.0141947835941476,6.204007290512959e-12,-1.698661388523204,0.2157575080105395,-0.7974114867135124
saturating,0.01,0.005,5e-12,0.005,1,180,0.0021865417634824866,0.006062009102524836,1.0103419789536465,6.062009102524836e-12,-1.5202639006962064,0.19260336777162018,-0.7762654535565514
saturating,0.01,0.005,5e-12,0.005,1,180,0.002319197643989505,0.0060354172966608334,1.0093489768302701,6.035417296660834e-12,-1.461363810241319,0.18820708581618678,-0.7642124063291147
saturating,0.01,0.005,5e-12,0.005,1,180,0.0023629508910183506,0.00600576035772267,1.0077544859123433,6.0057603577226695e-12,-1.4426738774773662,0.18328115585191682,-0.7637129336618077
saturating,0.01,0.005,5e-12,0.005,1,180,0.0015293061369448218,0.006282290343730335,1.0140140755330656,6.282290343730335e-12,-1.8777709657191375,0.22829670597317536,-0.822069333045667
saturating,0.01,0.005,5e-12,0.005,1,180,0.0019930675888796927,0.006133668876458008,1.0114127036317289,6.133668876458008e-12,-1.6129101392026037,0.2043551701344487,-0.7885044488444695
saturating,0.01,0.005,5e-12,0.005,1,180,0.0024037137825089552,0.006021694882121902,1.0106104193061984,6.0216948821219014e-12,-1.4255701422656606,0.18593084914186592,-0.7560086418270238
saturating,0.01,0.005,5e-12,0.005,1,180,0.0021462926864100175,0.0060706883908749005,1.0109652426446551,6.0706883908749e-12,-1.5388430711282568,0.19403409491788148,-0.7798256119672763
saturating,0.01,0.008,8e-12,0.005,1,60,1e-4,0.004916915331405732,0.9542482250350661,4.916915331405732e-12,-4.605170185988091,-0.48676017296190155,-1.7143601729619016
saturating,0.01,0.008,8e-12,0.005,1,60,1e-4,0.0048871191219442695,0.9535117218067286,4.887119121944269e-12,-4.605170185988091,-0.49283854841893543,-1.7204385484189355
saturating,0.01,0.008,8e-12,0.005,1,60,1e-4,0.004933808923517461,0.9551061920694847,4.933808923517461e-12,-4.605170185988091,-0.4833302508086854,-1.7109302508086854
saturating,0.01,0.008,8e-12,0.005,1,60,1e-4,0.004937681258449981,0.9538740216343999,4.9376812584499815e-12,-4.605170185988091,-0.4825457015542642,-1.7101457015542643
saturating,0.01,0.008,8e-12,0.005,1,60,1e-4,0.004964566915569107,0.9566904418128762,4.964566915569107e-12,-4.605170185988091,-0.4771154754657662,-1.7047154754657663
saturating,0.01,0.008,8e-12,0.005,1,60,1e-4,0.00493373632828316,0.9556969247087612,4.93373632828316e-12,-4.605170185988091,-0.4833449647486673,-1.7109449647486672
saturating,0.01,0.008,8e-12,0.005,1,60,1e-4,0.004937300393700989,0.9548108707583661,4.937300393700989e-12,-4.605170185988091,-0.4826228388619772,-1.7102228388619771
saturating,0.01,0.008,8e-12,0.005,1,60,1e-4,0.00494480864345461,0.9560592567586089,4.94480864345461e-12,-4.605170185988091,-0.4811032743297198,-1.7087032743297197
saturating,0.01,0.008,8e-12,0.005,1,60,1e-4,0.004945077344369539,0.9554169850477104,4.945077344369539e-12,-4.605170185988091,-0.48104893580340596,-1.708648935803406
saturating,0.01,0.008,8e-12,0.005,1,60,1e-4,0.005002770123508479,0.9571737349836491,5.002770123508479e-12,-4.605170185988091,-0.46944975795906363,-1.6970497579590638
saturating,0.01,0.008,8e-12,0.005,1,60,1e-4,0.004909152745142772,0.9539731250935033,4.909152745142772e-12,-4.605170185988091,-0.48834017176047706,-1.7159401717604772
saturating,0.01,0.008,8e-12,0.005,1,60,1e-4,0.004848223345443294,0.9533331630655478,4.848223345443294e-12,-4.605170185988091,-0.5008292243693543,-1.7284292243693544
saturating,0.01,0.008,8e-12,0.005,1,60,1e-4,0.004924083412314721,0.9550630528373092,4.924083412314721e-12,-4.605170185988091,-0.4853033935509212,-1.7129033935509212
saturating,0.01,0.008,8e-12,0.005,1,60,1e-4,0.004965553292962273,0.9566293672368519,4.9655532929622725e-12,-4.605170185988091,-0.4769168117284303,-1.7045168117284304
saturating,0.01,0.008,8e-12,0.005,1,60,1e-4,0.004879445062980392,0.9541636216589924,4.8794450629803926e-12,-4.605170185988091,-0.49441004488338186,-1.722010044883382
saturating,0.01,0.008,8e-12,0.005,1,60,1e-4,0.004922306961963468,0.9558181309770911,4.922306961963468e-12,-4.605170185988091,-0.48566422636436885,-1.713264226364369
saturating,0.01,0.008,8e-12,0.005,1,60,1e-4,0.00492231705858999,0.954762629194003,4.92231705858999e-12,-4.605170185988091,-0.4856621751684062,-1.7132621751684063
saturating,0.01,0.008,8e-12,0.005,1,60,1e-4,0.004898556040161766,0.9546798030972898,4.8985560401617665e-12,-4.605170185988091,-0.49050106567288454,-1.7181010656728846
saturating,0.01,0.008,8e-12,0.005,1,60,1e-4,0.004847029486156919,0.9521227911331158,4.847029486156918e-12,-4.605170185988091,-0.5010755014522003,-1.7286755014522002
saturating,0.01,0.008,8e-12,0.005,1,60,1e-4,0.004891235942087212,0.9531958435154736,4.891235942087212e-12,-4.605170185988091,-0.4919965212355854,-1.7195965212355855
saturating,0.01,0.008,8e-12,0.005,1,60,1e-4,0.004916390379043406,0.9544111148668339,4.9163903790434055e-12,-4.605170185988091,-0.4868669432339307,-1.7144669432339308
saturating,0.01,0.008,8e-12,0.005,1,60,1e-4,0.0049216790359610015,0.9552722511978979,4.921679035961002e-12,-4.605170185988091,-0.48579180192236954,-1.7133918019223695
saturating,0.01,0.008,8e-12,0.005,1,60,1e-4,0.005004932047858108,0.9578478415856012,5.004932047858108e-12,-4.605170185988091,-0.4690177058563452,-1.6966177058563452
saturating,0.01,0.008,8e-12,0.005,1,60,1e-4,0.004851246191209536,0.9534338285287873,4.8512461912095365e-12,-4.605170185988091,-0.5002059230944372,-1.7278059230944374
saturating,0.01,0.008,8e-12,0.005,1,60,1e-4,0.004897556529634972,0.954336560878004,4.897556529634972e-12,-4.605170185988091,-0.49070512836063773,-1.7183051283606376
saturating,0.01,0.008,8e-12,0.005,1,60,1e-4,0.004922453782950727,0.9549424540704655,4.922453782950727e-12,-4.605170185988091,-0.48563439913116846,-1.7132343991311685
saturating,0.01,0.008,8e-12,0.005,1,60,1e-4,0.004930411190937909,0.9543855609780069,4.9304111909379085e-12,-4.605170185988091,-0.48401915123355504,-1.711619151233555
saturating,0.01,0.008,8e-12,0.005,1,60,1e-4,0.004862897058005401,0.95417324625024,4.8628970580054016e-12,-4.605170185988091,-0.4978071788956894,-1.7254071788956895
saturating,0.01,0.008,8e-12,0.005,1,60,1e-4,0.004854136765164964,0.9533176942379845,4.854136765164964e-12,-4.605170185988091,-0.499610259007015,-1.727210259007015
saturating,0.01,0.008,8e-12,0.005,1,60,1e-4,0.004844242027638882,0.9530977858231711,4.844242027638882e-12,-4.605170185988091,-0.5016507528195644,-1.7292507528195644
saturating,0.01,0.008,8e-12,0.005,1,120,1e-4,0.008972988188643321,1.0020375476464336,8.972988188643321e-12,-4.605170185988091,0.1147772103132882,-1.1128227896867118
saturating,0.01,0.008,8e-12,0.005,1,120,1e-4,0.008987335650752819,1.0030616599270743,8.98733565075282e-12,-4.605170185988091,0.11637489477485295,-1.1112251052251472
saturating,0.01,0.008,8e-12,0.005,1,120,1e-4,0.008993313840868891,1.0039321518084439,8.993313840868892e-12,-4.605170185988091,0.11703985299442557,-1.1105601470055744
saturating,0.01,0.008,8e-12,0.005,1,120,1e-4,0.009022443401352106,1.004589020907735,9.022443401352106e-12,-4.605170185988091,0.12027364277928013,-1.10732635722072
saturating,0.01,0.008,8e-12,0.005,1,120,1e-4,0.00893002147513847,1.000734495602784,8.93002147513847e-12,-4.605170185988091,0.10997725803641575,-1.1176227419635842
saturating,0.01,0.008,8e-12,0.005,1,120,1e-4,0.009008993255116775,1.003517860774066,9.008993255116775e-12,-4.605170185988091,0.11878178730639997,-1.1088182126936001
saturating,0.01,0.008,8e-12,0.005,1,120,1e-4,0.009023012347226194,1.0036029704180462,9.023012347226194e-12,-4.605170185988091,0.12033669974854744,-1.1072633002514527
saturating,0.01,0.008,8e-12,0.005,1,120,1e-4,0.009045127686741358,1.006355844299129,9.045127686741358e-12,-4.605170185988091,0.1227846938993297,-1.1048153061006702
saturating,0.01,0.008,8e-12,0.005,1,120,1e-4,0.008976499374615535,1.0036878323313896,8.976499374615536e-12,-4.605170185988091,0.11516843997983171,-1.1124315600201684
saturating,0.01,0.008,8e-12,0.005,1,120,1e-4,0.00903066438406636,1.004835997530744,9.03066438406636e-12,-4.605170185988091,0.12118439824368293,-1.1064156017563171
saturating,0.01,0.008,8e-12,0.005,1,120,1e-4,0.008966177236313752,1.0029484969678912,8.966177236313752e-12,-4.605170185988091,0.11401787145939078,-1.1135821285406093
saturating,0.01,0.008,8e-12,0.005,1,120,1e-4,0.009025954156742517,1.0050899224590815,9.025954156742518e-12,-4.605170185988091,0.12066268068953126,-1.1069373193104688
saturating,0.01,0.008,8e-12,0.005,1,120,1e-4,0.008997835834588309,1.004128756885945,8.99783583458831e-12,-4.605170185988091,0.11754254391704183,-1.1100574560829581
saturating,0.01,0.008,8e-12,0.005,1,120,1e-4,0.009001022204426288,1.0037882795862145,9.001022204426287e-12,-4.605170185988091,0.11789660747644772,-1.1097033925235522
saturating,0.01,0.008,8e-12,0.005,1,120,1e-4,0.00895829442541319,1.0030104623337794,8.958294425413189e-12,-4.605170185988091,0.11313831288075901,-1.114461687119241
saturating,0.01,0.008,8e-12,0.005,1,120,1e-4,0.009003029017089369,1.0047039940927642,9.003029017089369e-12,-4.605170185988091,0.118119536488002,-1.1094804635119981
saturating,0.01,0.008,8e-12,0.005,1,120,1e-4,0.008962108997372372,1.002025206159006,8.962108997372372e-12,-4.605170185988091,0.11356403678069592,-1.1140359632193042
saturating,0.01,0.008,8e-12,0.005,1,120,1e-4,0.009081666352271433,1.006599413350119,9.081666352271433e-12,-4.605170185988091,0.12681615306844415,-1.1007838469315558
saturating,0.01,0.008,8e-12,0.005,1,120,1e-4,0.00894730719124732,1.0015489742106998,8.94730719124732e-12,-4.605170185988091,0.11191107284938785,-1.115688927150612
saturating,0.01,0.008,8e-12,0.005,1,120,1e-4,0.008975124661937178,1.00270767379831,8.975124661937178e-12,-4.605170185988091,0.11501528250747763,-1.1125847174925223
saturating,0.01,0.008,8e-12,0.005,1,120,1e-4,0.008987115815988088,1.0034215747141397,8.987115815988088e-12,-4.605170185988091,0.116350433971123,-1.111249566028877
saturating,0.01,0.008,8e-12,0.005,1,120,1e-4,0.009010745221998113,1.0046669558067276,9.010745221998113e-12,-4.605170185988091,0.11897623706371287,-1.1086237629362872
saturating,0.01,0.008,8e-12,0.005,1,120,1e-4,0.009037115401616827,1.00547146540787,9.037115401616827e-12,-4.605170185988091,0.12189848906182629,-1.1057015109381738
saturating,0.01,0.008,8e-12,0.005,1,120,1e-4,0.008950770961930872,1.002457936189787,8.950770961930871e-12,-4.605170185988091,0.11229812789486808,-1.115301872105132
saturating,0.01,0.008,8e-12,0.005,1,120,1e-4,0.00900310934694712,1.0038633406817534,9.003109346947122e-12,-4.605170185988091,0.11812845898500018,-1.1094715410149998
saturating,0.01,0.008,8e-12,0.005,1,120,1e-4,0.008981261262529093,1.0033525909276497,8.981261262529093e-12,-4.605170185988091,0.11569878316920697,-1.1119012168307931
saturating,0.01,0.008,8e-12,0.005,1,120,1e-4,0.009061230369617186,1.006203919089091,9.061230369617186e-12,-4.605170185988091,0.12456337154074552,-1.1030366284592545
saturating,0.01,0.008,8e-12,0.005,1,120,1e-4,0.009044904180824816,1.0057287917701498,9.044904180824817e-12,-4.605170185988091,0.1227599835043243,-1.1048400164956758
saturating,0.01,0.008,8e-12,0.005,1,120,1e-4,0.009051536000014718,1.0056863055767586,9.051536000014718e-12,-4.605170185988091,0.12349292538908353,-1.1041070746109165
saturating,0.01,0.008,8e-12,0.005,1,120,1e-4,0.009028035031599617,1.0056491473909865,9.028035031599618e-12,-4.605170185988091,0.12089319759575123,-1.1067068024042488
saturating,0.01,0.008,8e-12,0.005,1,180,0.006751994166622553,0.008413951960524305,1.004813379165383,8.413951960524305e-12,-0.3927471996488444,0.05044973400277465,-0.35230298933602877
saturating,0.01,0.008,8e-12,0.005,1,180,0.007143919507855256,0.008303060368038389,1.003264718813892,8.30306036803839e-12,-0.33632351658085047,0.03718262420332556,-0.3169713568226227
saturating,0.01,0.008,8e-12,0.005,1,180,0.00684519876850302,0.008368728658457497,1.003207264261564,8.368728658457497e-12,-0.3790375961795492,0.04506043862728236,-0.3461349140783432
saturating,0.01,0.008,8e-12,0.005,1,180,0.007504439599290206,0.008170731674157349,1.0021569739850618,8.170731674157348e-12,-0.28709030101101674,0.02111691938256834,-0.2883325703054462
saturating,0.01,0.008,8e-12,0.005,1,180,0.007740934499924698,0.008076476123323312,0.9977665335734168,8.076476123323313e-12,-0.25606267625608586,0.00951411237264437,-0.2706100096366931
saturating,0.01,0.008,8e-12,0.005,1,180,0.007271390173241784,0.008244825086208435,1.0020412516342916,8.244825086208436e-12,-0.3186375992004891,0.030144199577699808,-0.30820341894031905
saturating,0.01,0.008,8e-12,0.005,1,180,0.0078066338737871,0.00807629585500117,1.000047472655074,8.07629585500117e-12,-0.247611224126458,0.00949179195328937,-0.2624856076971102
saturating,0.01,0.008,8e-12,0.005,1,180,0.007295777225931495,0.008245371971861763,1.0033083366829352,8.245371971861763e-12,-0.31528937441467386,0.03021052815480571,-0.30511309582968893
saturating,0.01,0.008,8e-12,0.005,1,180,0.00638541841067774,0.008443674129387492,1.0028065379411448,8.443674129387491e-12,-0.4485680754016245,0.05397599558943766,-0.39423212148652254
saturating,0.01,0.008,8e-12,0.005,1,180,0.007258067501466521,0.008267288873676027,1.0031590651299198,8.267288873676027e-12,-0.3204714839616913,0.03286508696751276,-0.3071345428506386
saturating,0.01,0.008,8e-12,0.005,1,180,0.007005488666408149,0.008327870645824628,1.003035564667859,8.327870645824627e-12,-0.3558911559796164,0.04016625707039464,-0.3311531482949949
saturating,0.01,0.008,8e-12,0.005,1,180,0.0074035739545005586,0.00818765129293419,1.0007311238679841,8.18765129293419e-12,-0.30062224255046033,0.023185537637121747,-0.29877129200480906
saturating,0.01,0.008,8e-12,0.005,1,180,0.007440736523771155,0.00819373223393312,1.0014915522990193,8.19373223393312e-12,-0.29561525391820825,0.023927958601537618,-0.2934207124508392
saturating,0.01,0.008,8e-12,0.005,1,180,0.006862214697952523,0.008413130677856087,1.0050200272586831,8.413130677856087e-12,-0.3765548610914713,0.05035211961690401,-0.33873325783698316
saturating,0.01,0.008,8e-12,0.005,1,180,0.0068944502269691595,0.008354764831823765,1.003779867880573,8.354764831823766e-12,-0.3718683199576406,0.04339047297243595,-0.3416976988833883
saturating,0.01,0.008,8e-12,0.005,1,180,0.007035323275487238,0.008275959715999835,1.0010284842197605,8.275959715999835e-12,-0.3516414510332634,0.033913350622720315,-0.3337065632168622
saturating,0.01,0.008,8e-12,0.005,1,180,0.007150590998726738,0.008271213858321093,1.0022710444470153,8.271213858321093e-12,-0.33539008253946584,0.0333397351000986,-0.319986981057786
saturating,0.01,0.008,8e-12,0.005,1,180,0.006531216699160961,0.008383807167122923,1.002542154867245,8.383807167122923e-12,-0.4259918425350182,0.04686058552973072,-0.38326854377431013
saturating,0.01,0.008,8e-12,0.005,1,180,0.0081994894598769,0.0080138586578699985,0.9995544891839557,8.013858657869998e-12,-0.19851320165275618,0.0017308334769125216,-0.22153247349835195
saturating,0.01,0.008,8e-12,0.005,1,180,0.006915210612047732,0.008361682775717773,1.003218831680323,8.361682775717773e-12,-0.36886167106742357,0.04421815412232554,-0.33829572998375573
saturating,0.01,0.008,8e-12,0.005,1,180,0.006582859296807747,0.008429469792341998,1.0041186878244388,8.429469792341999e-12,-0.41811589845573877,0.052292333022837374,-0.37143311417300207
saturating,0.01,0.008,8e-12,0.005,1,180,0.0065754626727479466,0.008422547340690898,1.0039989582071982,8.422547340690898e-12,-0.41924014892718764,0.05147077534391788,-0.3731718532353368
saturating,0.01,0.008,8e-12,0.005,1,180,0.0072657042054021185,0.008182120033555102,0.9991182230405963,8.182120033555102e-12,-0.3194198694371023,0.022509748161597117,-0.3165429303685402
saturating,0.01,0.008,8e-12,0.005,1,180,0.007278580233796329,0.008259704581101451,1.001821243887411,8.259704581101451e-12,-0.31764927263505066,0.03194728021364354,-0.3055087707956117
saturating,0.01,0.008,8e-12,0.005,1,180,0.00701989192295079,0.008316660689597752,1.002089817702794,8.316660689597753e-12,-0.3538372706658949,0.03881927316368275,-0.33071412839041936
saturating,0.01,0.008,8e-12,0.005,1,180,0.006998218829188867,0.008338258680970599,1.0037117144635082,8.338258680970599e-12,-0.3569294292904018,0.04141286164036411,-0.33080800354021633
saturating,0.01,0.008,8e-12,0.005,1,180,0.008100044721117567,0.007998950248560191,0.9983466596109677,7.998950248560192e-12,-0.21071551020526835,-1.3122753993313331e-4,-0.2357256821213548
saturating,0.01,0.008,8e-12,0.005,1,180,0.007519565791904639,0.008158294258017536,1.000855750152736,8.158294258017535e-12,-0.2850766971375534,0.019593568437244316,-0.2879802733665805
saturating,0.01,0.008,8e-12,0.005,1,180,0.007518609411516464,0.008213375791668658,1.0019770021440284,8.213375791668658e-12,-0.285203890813186,0.026322477744189287,-0.2813699552277692
saturating,0.01,0.008,8e-12,0.005,1,180,0.007302816364410572,0.008180905416077314,0.9998002863187316,8.180905416077314e-12,-0.3143250158987603,0.02236128937153307,-0.31208948144155596
saturating,0.02,0.002,2e-12,0.005,1,60,1e-4,0.001419383861915407,0.987656009297536,1.419383861915407e-12,-5.298317366548036,-0.34292430316821815,-2.810524303168218
saturating,0.02,0.002,2e-12,0.005,1,60,1e-4,0.001403997366128376,0.986937486084727,1.403997366128376e-12,-5.298317366548036,-0.35382375093502577,-2.821423750935026
saturating,0.02,0.002,2e-12,0.005,1,60,1e-4,0.0014382883076574469,0.9879384757662164,1.4382883076574468e-12,-5.298317366548036,-0.3296934492446761,-2.797293449244676
saturating,0.02,0.002,2e-12,0.005,1,60,1e-4,0.0015204047020341126,0.9902664288673642,1.5204047020341126e-12,-5.298317366548036,-0.27417062980212553,-2.7417706298021254
saturating,0.02,0.002,2e-12,0.005,1,60,1e-4,0.0015100513561935472,0.9889234590746442,1.5100513561935471e-12,-5.298317366548036,-0.2810035195872605,-2.7486035195872605
saturating,0.02,0.002,2e-12,0.005,1,60,1e-4,0.001493078438423741,0.9895407364955071,1.493078438423741e-12,-5.298317366548036,-0.2923071259256411,-2.759907125925641
saturating,0.02,0.002,2e-12,0.005,1,60,1e-4,0.0014938204450015253,0.9888395949613346,1.4938204450015253e-12,-5.298317366548036,-0.2918102851405944,-2.7594102851405946
saturating,0.02,0.002,2e-12,0.005,1,60,1e-4,0.0014665184019319489,0.9886089195546318,1.466518401931949e-12,-5.298317366548036,-0.31025602300558974,-2.7778560230055898
saturating,0.02,0.002,2e-12,0.005,1,60,1e-4,0.0014853422966394632,0.9893554618640239,1.4853422966394632e-12,-5.298317366548036,-0.297501932079451,-2.765101932079451
saturating,0.02,0.002,2e-12,0.005,1,60,1e-4,0.0015542764842237866,0.9915749986563142,1.5542764842237865e-12,-5.298317366548036,-0.2521370266640556,-2.7197370266640557
saturating,0.02,0.002,2e-12,0.005,1,60,1e-4,0.0014540382121494195,0.9879677811426057,1.4540382121494195e-12,-5.298317366548036,-0.318802521085958,-2.786402521085958
saturating,0.02,0.002,2e-12,0.005,1,60,1e-4,0.001365654398176683,0.9857105897757622,1.365654398176683e-12,-5.298317366548036,-0.3815134542208687,-2.849113454220869
saturating,0.02,0.002,2e-12,0.005,1,60,1e-4,0.001461315907250832,0.9875144510843614,1.461315907250832e-12,-5.298317366548036,-0.313809844436175,-2.7814098444361752
saturating,0.02,0.002,2e-12,0.005,1,60,1e-4,0.0015692043474921146,0.990356792166786,1.5692043474921145e-12,-5.298317366548036,-0.24257847469553773,-2.710178474695538
saturating,0.02,0.002,2e-12,0.005,1,60,1e-4,0.0014290603181242698,0.9884163666292654,1.4290603181242697e-12,-5.298317366548036,-0.3361300724790513,-2.8037300724790515
saturating,0.02,0.002,2e-12,0.005,1,60,1e-4,0.0014336456797694214,0.9876182928622984,1.4336456797694214e-12,-5.298317366548036,-0.3329265541506057,-2.800526554150606
saturating,0.02,0.002,2e-12,0.005,1,60,1e-4,0.0014675465351254309,0.9886785181019369,1.4675465351254308e-12,-5.298317366548036,-0.3095551978653021,-2.777155197865302
saturating,0.02,0.002,2e-12,0.005,1,60,1e-4,0.0014375512470662009,0.9882630788727833,1.4375512470662008e-12,-5.298317366548036,-0.33020603737301846,-2.7978060373730185
saturating,0.02,0.002,2e-12,0.005,1,60,1e-4,0.0014389841509178248,0.9894580756506463,1.438984150917825e-12,-5.298317366548036,-0.3292097666710151,-2.796809766671015
saturating,0.02,0.002,2e-12,0.005,1,60,1e-4,0.001535714195985554,0.9916164117568598,1.535714195985554e-12,-5.298317366548036,-0.26415163346959986,-2.7317516334696
saturating,0.02,0.002,2e-12,0.005,1,60,1e-4,0.0015031281064805686,0.990204568572533,1.5031281064805685e-12,-5.298317366548036,-0.2855988395686326,-2.7531988395686326
saturating,0.02,0.002,2e-12,0.005,1,60,1e-4,0.001488878474286137,0.9898368299072858,1.488878474286137e-12,-5.298317366548036,-0.29512404584620866,-2.7627240458462086
saturating,0.02,0.002,2e-12,0.005,1,60,1e-4,0.0014672794635694991,0.9890318292773691,1.4672794635694992e-12,-5.298317366548036,-0.30973719949455564,-2.7773371994945557
saturating,0.02,0.002,2e-12,0.005,1,60,1e-4,0.0014655712221825052,0.9890110041689663,1.4655712221825052e-12,-5.298317366548036,-0.31090210133457474,-2.778502101334575
saturating,0.02,0.002,2e-12,0.005,1,60,1e-4,0.0015143651378076337,0.9902478905244146,1.5143651378076338e-12,-5.298317366548036,-0.2781508803770567,-2.7457508803770567
saturating,0.02,0.002,2e-12,0.005,1,60,1e-4,0.0014322748934031348,0.9875498788067075,1.4322748934031348e-12,-5.298317366548036,-0.333883165777357,-2.801483165777357
saturating,0.02,0.002,2e-12,0.005,1,60,1e-4,0.0015182810408282824,0.9902640726997405,1.5182810408282824e-12,-5.298317366548036,-0.27556837983703414,-2.743168379837034
saturating,0.02,0.002,2e-12,0.005,1,60,1e-4,0.0014868076850078145,0.9897327490177934,1.4868076850078146e-12,-5.298317366548036,-0.2965158523081477,-2.764115852308148
saturating,0.02,0.002,2e-12,0.005,1,60,1e-4,0.0014404943759801171,0.9893102060835587,1.440494375980117e-12,-5.298317366548036,-0.3281608092388541,-2.795760809238854
saturating,0.02,0.002,2e-12,0.005,1,60,1e-4,0.0015081825710327914,0.9900614248789014,1.5081825710327915e-12,-5.298317366548036,-0.2822418499782268,-2.749841849978227
saturating,0.02,0.002,2e-12,0.005,1,120,1e-4,0.002261061356143638,0.98545602970953,2.261061356143638e-12,-5.298317366548036,0.122687149096414,-2.344912850903586
saturating,0.02,0.002,2e-12,0.005,1,120,1e-4,0.0023015536383422593,0.988878278665534,2.3015536383422594e-12,-5.298317366548036,0.14043720926256384,-2.3271627907374364
saturating,0.02,0.002,2e-12,0.005,1,120,1e-4,0.0023281244681257933,0.9904899569337846,2.3281244681257932e-12,-5.298317366548036,0.1519158135697807,-2.3156841864302193
saturating,0.02,0.002,2e-12,0.005,1,120,1e-4,0.002316551098286666,0.98939583061481,2.3165510982866663e-12,-5.298317366548036,0.14693230347266126,-2.3206676965273387
saturating,0.02,0.002,2e-12,0.005,1,120,1e-4,0.002318606807879775,0.9897483536169783,2.318606807879775e-12,-5.298317366548036,0.14781931089269207,-2.319780689107308
saturating,0.02,0.002,2e-12,0.005,1,120,1e-4,0.002342079972211273,0.9901623483177756,2.342079972211273e-12,-5.298317366548036,0.15789223100580208,-2.309707768994198
saturating,0.02,0.002,2e-12,0.005,1,120,1e-4,0.0023324468343034824,0.9905018568148217,2.3324468343034825e-12,-5.298317366548036,0.15377067948062065,-2.313829320519379
saturating,0.02,0.002,2e-12,0.005,1,120,1e-4,0.00230527354849366,0.9881291293041373,2.3052735484936596e-12,-5.298317366548036,0.14205216498328907,-2.325547835016711
saturating,0.02,0.002,2e-12,0.005,1,120,1e-4,0.0023469958950683317,0.9907417433390837,2.346995895068332e-12,-5.298317366548036,0.15998898729519673,-2.307611012704803
saturating,0.02,0.002,2e-12,0.005,1,120,1e-4,0.0023315966183736197,0.9905304359589339,2.3315966183736196e-12,-5.298317366548036,0.1534060962824121,-2.314193903717588
saturating,0.02,0.002,2e-12,0.005,1,120,1e-4,0.0022841593818319376,0.9876023887039349,2.2841593818319378e-12,-5.298317366548036,0.13285089068706435,-2.3347491093129356
saturating,0.02,0.002,2e-12,0.005,1,120,1e-4,0.002295647178567749,0.9889324766144454,2.2956471785677493e-12,-5.298317366548036,0.1378676182180683,-2.3297323817819318
saturating,0.02,0.002,2e-12,0.005,1,120,1e-4,0.0022821945551930213,0.9863943745375651,2.2821945551930215e-12,-5.298317366548036,0.13199032368447466,-2.335609676315525
saturating,0.02,0.002,2e-12,0.005,1,120,1e-4,0.0023148681326546736,0.9896376304686749,2.3148681326546736e-12,-5.298317366548036,0.14620554321963788,-2.321394456780362
saturating,0.02,0.002,2e-12,0.005,1,120,1e-4,0.002302660391589593,0.9887606292489892,2.302660391589593e-12,-5.298317366548036,0.14091796591786077,-2.3266820340821392
saturating,0.02,0.002,2e-12,0.005,1,120,1e-4,0.0023441657237000357,0.9912125470615353,2.3441657237000356e-12,-5.298317366548036,0.1587823898928228,-2.308817610107177
saturating,0.02,0.002,2e-12,0.005,1,120,1e-4,0.002302176765506536,0.987716255453532,2.302176765506536e-12,-5.298317366548036,0.14070791458777632,-2.326892085412224
saturating,0.02,0.002,2e-12,0.005,1,120,1e-4,0.002289395727225076,0.9878913749498622,2.2893957272250757e-12,-5.298317366548036,0.13514072761097898,-2.332459272389021
saturating,0.02,0.002,2e-12,0.005,1,120,1e-4,0.0023312684750818194,0.9899187729347173,2.3312684750818193e-12,-5.298317366548036,0.15326534878671355,-2.3143346512132865
saturating,0.02,0.002,2e-12,0.005,1,120,1e-4,0.00228840661744556,0.9873652623130709,2.2884066174455602e-12,-5.298317366548036,0.13470859458275464,-2.3328914054172456
saturating,0.02,0.002,2e-12,0.005,1,120,1e-4,0.0023075854190425,0.9889188544143003,2.3075854190425e-12,-5.298317366548036,0.14305452415302566,-2.3245454758469744
saturating,0.02,0.002,2e-12,0.005,1,120,1e-4,0.0022969007576877213,0.9884987892390878,2.2969007576877214e-12,-5.298317366548036,0.138413537027629,-2.329186462972371
saturating,0.02,0.002,2e-12,0.005,1,120,1e-4,0.0023025978645695947,0.9884030903171751,2.302597864569595e-12,-5.298317366548036,0.14089081129741413,-2.3267091887025857
saturating,0.02,0.002,2e-12,0.005,1,120,1e-4,0.0022625377187700077,0.9873714715955859,2.2625377187700077e-12,-5.298317366548036,0.12333988717259593,-2.344260112827404
saturating,0.02,0.002,2e-12,0.005,1,120,1e-4,0.0022948272312960276,0.9882528002405538,2.2948272312960277e-12,-5.298317366548036,0.13751037963781174,-2.3300896203621884
saturating,0.02,0.002,2e-12,0.005,1,120,1e-4,0.0023133515851450075,0.9887108658786297,2.3133515851450076e-12,-5.298317366548036,0.1455501950916694,-2.3220498049083305
saturating,0.02,0.002,2e-12,0.005,1,120,1e-4,0.0023315432540770937,0.9905550895293164,2.331543254077094e-12,-5.298317366548036,0.15338320857241922,-2.314216791427581
saturating,0.02,0.002,2e-12,0.005,1,120,1e-4,0.002323527158949247,0.9904841493709489,2.323527158949247e-12,-5.298317366548036,0.1499391777242979,-2.3176608222757022
saturating,0.02,0.002,2e-12,0.005,1,120,1e-4,0.0023364234219264745,0.9907249470437383,2.3364234219264745e-12,-5.298317366548036,0.15547412736687086,-2.3121258726331293
saturating,0.02,0.002,2e-12,0.005,1,120,1e-4,0.002339275154610253,0.9908707384343247,2.339275154610253e-12,-5.298317366548036,0.15669393783612934,-2.3109060621638706
saturating,0.02,0.002,2e-12,0.005,1,180,1e-4,0.00325408441253103,0.9822909185597096,3.25408441253103e-12,-5.298317366548036,0.4867637690593253,-1.9808362309406746
saturating,0.02,0.002,2e-12,0.005,1,180,1e-4,0.003250836102070913,0.9819525284725623,3.250836102070913e-12,-5.298317366548036,0.48576504487112715,-1.981834955128873
saturating,0.02,0.002,2e-12,0.005,1,180,1e-4,0.0032433814036212476,0.9811184138761534,3.2433814036212475e-12,-5.298317366548036,0.4834692481204301,-1.9841307518795699
saturating,0.02,0.002,2e-12,0.005,1,180,1e-4,0.0032518688723183415,0.9818483043202105,3.2518688723183416e-12,-5.298317366548036,0.48608268814732686,-1.9815173118526732
saturating,0.02,0.002,2e-12,0.005,1,180,1e-4,0.0032499317698665973,0.9819386824839065,3.2499317698665974e-12,-5.298317366548036,0.4854868216741252,-1.9821131783258747
saturating,0.02,0.002,2e-12,0.005,1,180,1e-4,0.0032590085463649796,0.9829634030317389,3.2590085463649797e-12,-5.298317366548036,0.488275841680804,-1.979324158319196
saturating,0.02,0.002,2e-12,0.005,1,180,1e-4,0.0032438568624786465,0.9814277229871345,3.2438568624786465e-12,-5.298317366548036,0.483615830946202,-1.983984169053798
saturating,0.02,0.002,2e-12,0.005,1,180,1e-4,0.00326100834522929,0.9832037017408802,3.2610083452292903e-12,-5.298317366548036,0.4888892753452471,-1.9787107246547528
saturating,0.02,0.002,2e-12,0.005,1,180,1e-4,0.00324731697337835,0.9810051452991796,3.2473169733783498e-12,-5.298317366548036,0.48468192817758693,-1.982918071822413
saturating,0.02,0.002,2e-12,0.005,1,180,1e-4,0.003248495865939576,0.9824870111006521,3.248495865939576e-12,-5.298317366548036,0.48504489817174484,-1.9825551018282552
saturating,0.02,0.002,2e-12,0.005,1,180,1e-4,0.0032524154106886418,0.981971911400803,3.252415410688642e-12,-5.298317366548036,0.48625074303170956,-1.9813492569682905
saturating,0.02,0.002,2e-12,0.005,1,180,1e-4,0.003253553698491965,0.982071721199132,3.253553698491965e-12,-5.298317366548036,0.4866006640952239,-1.9809993359047762
saturating,0.02,0.002,2e-12,0.005,1,180,1e-4,0.003248692173342217,0.9816504096734644,3.248692173342217e-12,-5.298317366548036,0.48510532659139777,-1.9824946734086022
saturating,0.02,0.002,2e-12,0.005,1,180,1e-4,0.0032414848887473203,0.981117730082111,3.24148488874732e-12,-5.298317366548036,0.48288434325347007,-1.98471565674653
saturating,0.02,0.002,2e-12,0.005,1,180,1e-4,0.003248835998321286,0.9816349995557857,3.248835998321286e-12,-5.298317366548036,0.48514959726642776,-1.9824504027335723
saturating,0.02,0.002,2e-12,0.005,1,180,1e-4,0.0032412586116929653,0.9822176944819789,3.2412586116929652e-12,-5.298317366548036,0.4828145342121493,-1.9847854657878508
saturating,0.02,0.002,2e-12,0.005,1,180,1e-4,0.0032407580113211778,0.9812065893905513,3.2407580113211776e-12,-5.298317366548036,0.4826600759927719,-1.984939924007228
saturating,0.02,0.002,2e-12,0.005,1,180,1e-4,0.0032483019412081157,0.9820246925743839,3.2483019412081155e-12,-5.298317366548036,0.48498519961338604,-1.982614800386614
saturating,0.02,0.002,2e-12,0.005,1,180,1e-4,0.0032486225843356385,0.981809939111104,3.2486225843356386e-12,-5.298317366548036,0.485083905740115,-1.982516094259885
saturating,0.02,0.002,2e-12,0.005,1,180,1e-4,0.0032510861657113156,0.9823685265007089,3.2510861657113157e-12,-5.298317366548036,0.48584196478195585,-1.9817580352180442
saturating,0.02,0.002,2e-12,0.005,1,180,1e-4,0.003250698158727975,0.9819257526881809,3.250698158727975e-12,-5.298317366548036,0.4857226107817492,-1.9818773892182509
saturating,0.02,0.002,2e-12,0.005,1,180,1e-4,0.003241426094286852,0.9810281817442433,3.241426094286852e-12,-5.298317366548036,0.48286620496324095,-1.984733795036759
saturating,0.02,0.002,2e-12,0.005,1,180,1e-4,0.003249874975546675,0.9823050911470449,3.249874975546675e-12,-5.298317366548036,0.48546934597918584,-1.9821306540208141
saturating,0.02,0.002,2e-12,0.005,1,180,1e-4,0.0032556286949329636,0.9830988313247242,3.2556286949329638e-12,-5.298317366548036,0.4872382238948638,-1.9803617761051362
saturating,0.02,0.002,2e-12,0.005,1,180,1e-4,0.0032450802458276118,0.9814279757121511,3.2450802458276116e-12,-5.298317366548036,0.4839928983589511,-1.983607101641049
saturating,0.02,0.002,2e-12,0.005,1,180,1e-4,0.0032530315578835527,0.9824820664282016,3.2530315578835527e-12,-5.298317366548036,0.48644016804730955,-1.9811598319526904
saturating,0.02,0.002,2e-12,0.005,1,180,1e-4,0.0032521631417297787,0.982346190855367,3.2521631417297787e-12,-5.298317366548036,0.4861731764508906,-1.9814268235491095
saturating,0.02,0.002,2e-12,0.005,1,180,1e-4,0.0032479779712509694,0.9820897902881431,3.2479779712509696e-12,-5.298317366548036,0.4848854594661694,-1.9827145405338307
saturating,0.02,0.002,2e-12,0.005,1,180,1e-4,0.003254902718861736,0.9821225113498319,3.254902718861736e-12,-5.298317366548036,0.4870152079755494,-1.9805847920244506
saturating,0.02,0.002,2e-12,0.005,1,180,1e-4,0.0032409798794700365,0.9809963692434557,3.2409798794700365e-12,-5.298317366548036,0.4827285354561699,-1.9848714645438301
saturating,0.02,0.005,5e-12,0.005,1,60,1e-4,0.0037224275707310474,0.9733334715943971,3.722427570731048e-12,-5.298317366548036,-0.29506188420490903,-2.762661884204909
saturating,0.02,0.005,5e-12,0.005,1,60,1e-4,0.003747511571395304,0.9744667232962165,3.747511571395304e-12,-5.298317366548036,-0.28834587368032816,-2.755945873680328
saturating,0.02,0.005,5e-12,0.005,1,60,1e-4,0.003684135536383868,0.9714761774641526,3.684135536383868e-12,-5.298317366548036,-0.30540200416842866,-2.7730020041684287
saturating,0.02,0.005,5e-12,0.005,1,60,1e-4,0.0037790737058911953,0.9748997211429525,3.779073705891195e-12,-5.298317366548036,-0.27995898418412823,-2.747558984184128
saturating,0.02,0.005,5e-12,0.005,1,60,1e-4,0.0037339423507195754,0.9741950556809684,3.733942350719575e-12,-5.298317366548036,-0.2919733064483278,-2.7595733064483277
saturating,0.02,0.005,5e-12,0.005,1,60,1e-4,0.003726010573913446,0.9743839121885557,3.726010573913446e-12,-5.298317366548036,-0.29409980238609335,-2.7616998023860932
saturating,0.02,0.005,5e-12,0.005,1,60,1e-4,0.0036968411914437144,0.9718816173060509,3.6968411914437145e-12,-5.298317366548036,-0.30195918946291045,-2.7695591894629104
saturating,0.02,0.005,5e-12,0.005,1,60,1e-4,0.0036841511963094866,0.9727419852453653,3.684151196309487e-12,-5.298317366548036,-0.30539775353970405,-2.772997753539704
saturating,0.02,0.005,5e-12,0.005,1,60,1e-4,0.003719023078833072,0.9732243453772033,3.719023078833072e-12,-5.298317366548036,-0.2959768918548505,-2.7635768918548504
saturating,0.02,0.005,5e-12,0.005,1,60,1e-4,0.0036839557917303584,0.9729686077029006,3.683955791730358e-12,-5.298317366548036,-0.30545079418623405,-2.773050794186234
saturating,0.02,0.005,5e-12,0.005,1,60,1e-4,0.0036881873515801833,0.9723850033941377,3.6881873515801835e-12,-5.298317366548036,-0.3043028077100392,-2.771902807710039
saturating,0.02,0.005,5e-12,0.005,1,60,1e-4,0.003736775213777295,0.9743547709817719,3.736775213777295e-12,-5.298317366548036,-0.2912149152579124,-2.7588149152579122
saturating,0.02,0.005,5e-12,0.005,1,60,1e-4,0.0036603500922217807,0.9713058392268608,3.660350092221781e-12,-5.298317366548036,-0.3118791159828322,-2.779479115982832
saturating,0.02,0.005,5e-12,0.005,1,60,1e-4,0.003758023302661585,0.9745384668282396,3.758023302661585e-12,-5.298317366548036,-0.2855448106473671,-2.7531448106473673
saturating,0.02,0.005,5e-12,0.005,1,60,1e-4,0.003673934528628585,0.9720715375954978,3.673934528628585e-12,-5.298317366548036,-0.3081747459881392,-2.775774745988139
saturating,0.02,0.005,5e-12,0.005,1,60,1e-4,0.0037603508274825503,0.9748479973847226,3.760350827482551e-12,-5.298317366548036,-0.2849256542034256,-2.7525256542034255
saturating,0.02,0.005,5e-12,0.005,1,60,1e-4,0.0037699911501609725,0.9760270895829198,3.769991150160972e-12,-5.298317366548036,-0.28236525841434407,-2.749965258414344
saturating,0.02,0.005,5e-12,0.005,1,60,1e-4,0.003630413885122929,0.9714009605045019,3.6304138851229288e-12,-5.298317366548036,-0.3200912527166915,-2.7876912527166917
saturating,0.02,0.005,5e-12,0.005,1,60,1e-4,0.003816217349159683,0.976220928547799,3.816217349159683e-12,-5.298317366548036,-0.2701782031431063,-2.7377782031431064
saturating,0.02,0.005,5e-12,0.005,1,60,1e-4,0.003765633872940994,0.9752389419038874,3.765633872940994e-12,-5.298317366548036,-0.2835217060062103,-2.7511217060062103
saturating,0.02,0.005,5e-12,0.005,1,60,1e-4,0.0037331752727731123,0.9752362525930783,3.7331752727731124e-12,-5.298317366548036,-0.29217876134748405,-2.759778761347484
saturating,0.02,0.005,5e-12,0.005,1,60,1e-4,0.003623265729606115,0.9691306740551721,3.6232657296061154e-12,-5.298317366548036,-0.32206215802554944,-2.7896621580255494
saturating,0.02,0.005,5e-12,0.005,1,60,1e-4,0.0037905536033777097,0.9753204119815989,3.79055360337771e-12,-5.298317366548036,-0.2769258345140756,-2.7445258345140755
saturating,0.02,0.005,5e-12,0.005,1,60,1e-4,0.0036995857321690346,0.9737456064247135,3.6995857321690346e-12,-5.298317366548036,-0.30121706333102866,-2.7688170633310287
saturating,0.02,0.005,5e-12,0.005,1,60,1e-4,0.0037364524109441653,0.9740854999202943,3.7364524109441654e-12,-5.298317366548036,-0.29130130439244434,-2.7589013043924444
saturating,0.02,0.005,5e-12,0.005,1,60,1e-4,0.003675606902323191,0.9715102859730566,3.675606902323191e-12,-5.298317366548036,-0.3077196499146817,-2.7753196499146817
saturating,0.02,0.005,5e-12,0.005,1,60,1e-4,0.0036800138264746806,0.9718687125222224,3.680013826474681e-12,-5.298317366548036,-0.30652140306611236,-2.7741214030661125
saturating,0.02,0.005,5e-12,0.005,1,60,1e-4,0.0037161329960332277,0.9731573114950746,3.716132996033228e-12,-5.298317366548036,-0.29675430201713865,-2.764354302017139
saturating,0.02,0.005,5e-12,0.005,1,60,1e-4,0.0037791039709318035,0.9745650481053295,3.779103970931803e-12,-5.298317366548036,-0.2799509756291821,-2.7475509756291823
saturating,0.02,0.005,5e-12,0.005,1,60,1e-4,0.0037423126997054744,0.9751159433371758,3.742312699705474e-12,-5.298317366548036,-0.2897341232137234,-2.7573341232137234
saturating,0.02,0.005,5e-12,0.005,1,120,1e-4,0.005750186839412707,0.9711360124938475,5.750186839412707e-12,-5.298317366548036,0.13979443565815172,-2.3278055643418485
saturating,0.02,0.005,5e-12,0.005,1,120,1e-4,0.005742837648893174,0.9700363452780147,5.742837648893174e-12,-5.298317366548036,0.13851553965846267,-2.3290844603415373
saturating,0.02,0.005,5e-12,0.005,1,120,1e-4,0.005787052150870336,0.9726189902178991,5.787052150870336e-12,-5.298317366548036,0.14618512184506519,-2.321414878154935
saturating,0.02,0.005,5e-12,0.005,1,120,1e-4,0.005740964412070643,0.9702274341198297,5.740964412070642e-12,-5.298317366548036,0.13818929982444225,-2.3294107001755577
saturating,0.02,0.005,5e-12,0.005,1,120,1e-4,0.0057941230179260105,0.9743768076372653,5.794123017926011e-12,-5.298317366548036,0.1474062186389944,-2.320193781361006
saturating,0.02,0.005,5e-12,0.005,1,120,1e-4,0.005755052569020082,0.9709600345666501,5.755052569020082e-12,-5.298317366548036,0.14064026419326206,-2.3269597358067378
saturating,0.02,0.005,5e-12,0.005,1,120,1e-4,0.0057681256507788985,0.9715604267374577,5.768125650778898e-12,-5.298317366548036,0.1429092714268975,-2.3246907285731027
saturating,0.02,0.005,5e-12,0.005,1,120,1e-4,0.005785135057871975,0.9732538974851532,5.785135057871975e-12,-5.298317366548036,0.1458537941571669,-2.321746205842833
saturating,0.02,0.005,5e-12,0.005,1,120,1e-4,0.0057853309817491125,0.9731821256852878,5.7853309817491125e-12,-5.298317366548036,0.1458876603603925,-2.3217123396396073
saturating,0.02,0.005,5e-12,0.005,1,120,1e-4,0.005791121807519178,0.973975384141941,5.791121807519178e-12,-5.298317366548036,0.14688810952361742,-2.3207118904763826
saturating,0.02,0.005,5e-12,0.005,1,120,1e-4,0.005766051170369842,0.9724865186872035,5.766051170369842e-12,-5.298317366548036,0.1425495612432247,-2.3250504387567754
saturating,0.02,0.005,5e-12,0.005,1,120,1e-4,0.005793655783269579,0.9737390274832977,5.79365578326958e-12,-5.298317366548036,0.14732557597836013,-2.32027442402164
saturating,0.02,0.005,5e-12,0.005,1,120,1e-4,0.005811629899490847,0.9746025074906045,5.811629899490847e-12,-5.298317366548036,0.15042315256275057,-2.3171768474372496
saturating,0.02,0.005,5e-12,0.005,1,120,1e-4,0.005765484648807344,0.9718813158561034,5.7654846488073445e-12,-5.298317366548036,0.14245130519618351,-2.3251486948038167
saturating,0.02,0.005,5e-12,0.005,1,120,1e-4,0.005806163322189885,0.9745347256149591,5.806163322189885e-12,-5.298317366548036,0.1494820826710607,-2.3181179173289395
saturating,0.02,0.005,5e-12,0.005,1,120,1e-4,0.00575732562060765,0.9722609769877024,5.75732562060765e-12,-5.298317366548036,0.14103515247432177,-2.3265648475256784
saturating,0.02,0.005,5e-12,0.005,1,120,1e-4,0.0057899462568573685,0.9730916850228842,5.789946256857368e-12,-5.298317366548036,0.14668509704509414,-2.3209149029549057
saturating,0.02,0.005,5e-12,0.005,1,120,1e-4,0.005790166045018453,0.9738745688520267,5.7901660450184525e-12,-5.298317366548036,0.14672305663570623,-2.320876943364294
saturating,0.02,0.005,5e-12,0.005,1,120,1e-4,0.005755013564648369,0.9706665450355906,5.755013564648369e-12,-5.298317366548036,0.14063348675666687,-2.3269665132433333
saturating,0.02,0.005,5e-12,0.005,1,120,1e-4,0.005762115523296598,0.9718830195203617,5.762115523296598e-12,-5.298317366548036,0.14186677319362004,-2.32573322680638
saturating,0.02,0.005,5e-12,0.005,1,120,1e-4,0.005761394482282204,0.9717449083994775,5.761394482282204e-12,-5.298317366548036,0.14174163059123826,-2.3258583694087616
saturating,0.02,0.005,5e-12,0.005,1,120,1e-4,0.0057505759551545466,0.9714985182140983,5.750575955154547e-12,-5.298317366548036,0.13986210347270267,-2.3277378965272972
saturating,0.02,0.005,5e-12,0.005,1,120,1e-4,0.005760540674977743,0.9710389233465365,5.760540674977743e-12,-5.298317366548036,0.14159342505208689,-2.3260065749479133
saturating,0.02,0.005,5e-12,0.005,1,120,1e-4,0.005765599022111829,0.9711451212440779,5.7655990221118284e-12,-5.298317366548036,0.14247114258662344,-2.3251288574133766
saturating,0.02,0.005,5e-12,0.005,1,120,1e-4,0.005764122808537183,0.9722463754460305,5.764122808537183e-12,-5.298317366548036,0.14221507160687313,-2.325384928393127
saturating,0.02,0.005,5e-12,0.005,1,120,1e-4,0.005776520325805573,0.9728276107867746,5.776520325805573e-12,-5.298317366548036,0.14436356920670823,-2.323236430793292
saturating,0.02,0.005,5e-12,0.005,1,120,1e-4,0.005791035898907758,0.9735942118910119,5.791035898907758e-12,-5.298317366548036,0.14687327487646454,-2.3207267251235355
saturating,0.02,0.005,5e-12,0.005,1,120,1e-4,0.005777569129546217,0.9730098383943766,5.777569129546218e-12,-5.298317366548036,0.14454511596512268,-2.3230548840348773
saturating,0.02,0.005,5e-12,0.005,1,120,1e-4,0.005762683694897207,0.9716407276563372,5.762683694897207e-12,-5.298317366548036,0.14196537302001394,-2.325634626979986
saturating,0.02,0.005,5e-12,0.005,1,120,1e-4,0.005776974906295614,0.9727085819107651,5.776974906295614e-12,-5.298317366548036,0.1444422606297179,-2.323157739370282
saturating,0.02,0.005,5e-12,0.005,1,180,0.01578932202431528,0.00533846589636163,1.0029152883328496,5.33846589636163e-12,-0.23639838323705886,0.06550041393813119,-0.45662365504677405
saturating,0.02,0.005,5e-12,0.005,1,180,0.015102402881082895,0.005454649470507745,1.0024331169883287,5.454649470507745e-12,-0.2808784111955956,0.08703044640089402,-0.520271596344827
saturating,0.02,0.005,5e-12,0.005,1,180,0.015692624834304315,0.005334827322638512,1.002714661684706,5.3348273226385115e-12,-0.24254142734633474,0.06481860490517138,-0.4692959156410936
saturating,0.02,0.005,5e-12,0.005,1,180,0.015101824762694605,0.005453717907894603,1.0034255971654182,5.453717907894602e-12,-0.28091669182274354,0.08685964859346935,-0.5205140808323996
saturating,0.02,0.005,5e-12,0.005,1,180,0.015623946976734844,0.0053429870846294905,1.0024330338850072,5.3429870846294906e-12,-0.246927473691539,0.06634696328790868,-0.47628361159697075
saturating,0.02,0.005,5e-12,0.005,1,180,0.016154392217793204,0.0052583387205158445,1.0014769809286943,5.258338720515845e-12,-0.21354029691077311,0.05037723182834747,-0.4264781331652953
saturating,0.02,0.005,5e-12,0.005,1,180,0.015182048158087292,0.005432246085324258,1.0036068150348834,5.432246085324258e-12,-0.27561858591285204,0.08291477969089511,-0.5145112487062807
saturating,0.02,0.005,5e-12,0.005,1,180,0.015393863635330643,0.005393236704293959,1.0024225107937912,5.3932367042939594e-12,-0.2617633087810456,0.07570779398208988,-0.49545311523691044
saturating,0.02,0.005,5e-12,0.005,1,180,0.015445242281921756,0.005415645507516172,1.004103082839289,5.415645507516172e-12,-0.2584312605520787,0.07985416821176684,-0.4849357888299354
saturating,0.02,0.005,5e-12,0.005,1,180,0.01598589028102512,0.00530002510569643,1.0027203142368284,5.30002510569643e-12,-0.22402579781515852,0.05827364503661127,-0.43947596011627404
saturating,0.02,0.005,5e-12,0.005,1,180,0.015630092417757903,0.005342496586961781,1.0010067458850966,5.342496586961781e-12,-0.24653421629369107,0.06625515693021267,-0.47561338326780744
saturating,0.02,0.005,5e-12,0.005,1,180,0.01530728115277235,0.0054484039767459195,1.0057667501283112,5.44840397674592e-12,-0.267403666018385,0.08588480504911342,-0.49601233200711525
saturating,0.02,0.005,5e-12,0.005,1,180,0.01552579273113753,0.005387348511885053,1.003645656380076,5.387348511885053e-12,-0.2532295854510885,0.07461542415682527,-0.480186277182121
saturating,0.02,0.005,5e-12,0.005,1,180,0.01580936885188356,0.005338064707978652,1.0022371492186122,5.3380647079786525e-12,-0.23512954394644645,0.0654252606138851,-0.4542130017525534
saturating,0.02,0.005,5e-12,0.005,1,180,0.015462278087580475,0.005382663989379062,1.002155728338582,5.382663989379062e-12,-0.2573288875904014,0.0737455044977974,-0.48893201264222375
saturating,0.02,0.005,5e-12,0.005,1,180,0.01559674597558591,0.0053600629291294995,1.0022350097090937,5.3600629291294994e-12,-0.24866997236528804,0.06953780308892606,-0.4764656959384212
saturating,0.02,0.005,5e-12,0.005,1,180,0.01573061203401885,0.005348695113217172,1.0026676526249403,5.3486951132171725e-12,-0.240123648530058,0.06741471465282273,-0.46198939312883974
saturating,0.02,0.005,5e-12,0.005,1,180,0.0157486504372131,0.005323651492677955,1.0016925975027948,5.323651492677955e-12,-0.2389775984798015,0.06272152627886798,-0.46444581950670794
saturating,0.02,0.005,5e-12,0.005,1,180,0.014852883363835452,0.005530101050884267,1.006507352892824,5.530101050884268e-12,-0.2975382612381987,0.10076817614915143,-0.5374742867352525
saturating,0.02,0.005,5e-12,0.005,1,180,0.015279998523573587,0.005449313779541466,1.004763367361254,5.449313779541466e-12,-0.26918758644038654,0.08605177630272945,-0.4992284067741458
saturating,0.02,0.005,5e-12,0.005,1,180,0.015309479584364977,0.00541502112221232,1.0028612799632044,5.41502112221232e-12,-0.26726005633901484,0.07973886869680825,-0.5018856628419346
saturating,0.02,0.005,5e-12,0.005,1,180,0.015418023954870824,0.005382331210943519,1.0018079225966254,5.3823312109435196e-12,-0.26019506182304236,0.07368367847196912,-0.4944813511240488
saturating,0.02,0.005,5e-12,0.005,1,180,0.015990257783188945,0.005293278827243428,1.0030776345387131,5.293278827243427e-12,-0.22375262531281626,0.05699995754350455,-0.4402080773410663
saturating,0.02,0.005,5e-12,0.005,1,180,0.015434104073170047,0.0054196393608936895,1.0040847434609212,5.419639360893689e-12,-0.2591526624306465,0.0805913622231647,-0.4855797327037495
saturating,0.02,0.005,5e-12,0.005,1,180,0.014996360279022267,0.005480625449248454,1.0040134448657463,5.480625449248454e-12,-0.28792474996076795,0.0917813150876754,-0.5286700103135635
saturating,0.02,0.005,5e-12,0.005,1,180,0.015853434516055455,0.005344639536439971,1.0021038612049242,5.3446395364399715e-12,-0.23234610799418576,0.06665619037493863,-0.447517929634185
saturating,0.02,0.005,5e-12,0.005,1,180,0.015735733585292688,0.005335438349649475,1.0024994446322402,5.3354383496494745e-12,-0.2397981228791912,0.06493313382701793,-0.46383590159668886
saturating,0.02,0.005,5e-12,0.005,1,180,0.015425726829614274,0.005391835129467064,1.0039473107060584,5.391835129467064e-12,-0.2596955846383502,0.07544788382916955,-0.49176198929866055
saturating,0.02,0.005,5e-12,0.005,1,180,0.014915009499686533,0.005523331864284797,1.006230855758462,5.523331864284797e-12,-0.2933642186658237,0.09954336436485547,-0.5309954576740145
saturating,0.02,0.005,5e-12,0.005,1,180,0.015946654576542187,0.005298982265102988,1.0026807825261714,5.298982265102988e-12,-0.2264832107399918,0.05807686423246169,-0.44453796827630726
saturating,0.02,0.008,8e-12,0.005,1,60,1e-4,0.005967192464008297,0.9587253414793556,5.967192464008297e-12,-5.298317366548036,-0.2931649989243011,-2.760764998924301
saturating,0.02,0.008,8e-12,0.005,1,60,1e-4,0.005924108688255448,0.9567292864363065,5.924108688255448e-12,-5.298317366548036,-0.3004112983366733,-2.768011298336673
saturating,0.02,0.008,8e-12,0.005,1,60,1e-4,0.005920522883678563,0.9568014264284583,5.920522883678563e-12,-5.298317366548036,-0.30101677173863683,-2.7686167717386367
saturating,0.02,0.008,8e-12,0.005,1,60,1e-4,0.005982417391397587,0.9587244057064452,5.982417391397587e-12,-5.298317366548036,-0.2906168093496098,-2.75821680934961
saturating,0.02,0.008,8e-12,0.005,1,60,1e-4,0.005985943279325127,0.9589722783381768,5.985943279325127e-12,-5.298317366548036,-0.29002760784966375,-2.7576276078496638
saturating,0.02,0.008,8e-12,0.005,1,60,1e-4,0.005935563091196423,0.9573307306742003,5.935563091196423e-12,-5.298317366548036,-0.29847964175871156,-2.7660796417587115
saturating,0.02,0.008,8e-12,0.005,1,60,1e-4,0.005967969956082398,0.9584421982902118,5.967969956082398e-12,-5.298317366548036,-0.29303471295954664,-2.7606347129595465
saturating,0.02,0.008,8e-12,0.005,1,60,1e-4,0.005908849145895844,0.9567517333908253,5.908849145895844e-12,-5.298317366548036,-0.3029904591910331,-2.770590459191033
saturating,0.02,0.008,8e-12,0.005,1,60,1e-4,0.005919059653806063,0.9572211351871982,5.919059653806063e-12,-5.298317366548036,-0.30126394766317915,-2.768863947663179
saturating,0.02,0.008,8e-12,0.005,1,60,1e-4,0.005949284993334641,0.9581774382551475,5.949284993334641e-12,-5.298317366548036,-0.29617049853064814,-2.763770498530648
saturating,0.02,0.008,8e-12,0.005,1,60,1e-4,0.005954155694584805,0.9584246873198093,5.954155694584805e-12,-5.298317366548036,-0.2953521298505834,-2.7629521298505835
saturating,0.02,0.008,8e-12,0.005,1,60,1e-4,0.00595642940086617,0.9577023219614147,5.95642940086617e-12,-5.298317366548036,-0.2949703339453842,-2.7625703339453844
saturating,0.02,0.008,8e-12,0.005,1,60,1e-4,0.005934116726342721,0.9569685323667607,5.934116726342721e-12,-5.298317366548036,-0.29872334923576144,-2.7663233492357615
saturating,0.02,0.008,8e-12,0.005,1,60,1e-4,0.005942296552870886,0.9569531390979769,5.942296552870886e-12,-5.298317366548036,-0.2973458579630546,-2.764945857963055
saturating,0.02,0.008,8e-12,0.005,1,60,1e-4,0.005898875326106868,0.9559023829599081,5.8988753261068676e-12,-5.298317366548036,-0.3046798316327284,-2.772279831632728
saturating,0.02,0.008,8e-12,0.005,1,60,1e-4,0.005964317067044915,0.958046618964349,5.964317067044915e-12,-5.298317366548036,-0.2936469827020558,-2.7612469827020556
saturating,0.02,0.008,8e-12,0.005,1,60,1e-4,0.0059270316059453374,0.9564643780396703,5.927031605945338e-12,-5.298317366548036,-0.2999180263515994,-2.7675180263515995
saturating,0.02,0.008,8e-12,0.005,1,60,1e-4,0.006058981999861836,0.9620805519452554,6.058981999861837e-12,-5.298317366548036,-0.2778997425314585,-2.7454997425314587
saturating,0.02,0.008,8e-12,0.005,1,60,1e-4,0.0060181165956752535,0.9597237328429843,6.018116595675253e-12,-5.298317366548036,-0.2846671891705905,-2.7522671891705905
saturating,0.02,0.008,8e-12,0.005,1,60,1e-4,0.005930262739784779,0.9570236812704039,5.930262739784779e-12,-5.298317366548036,-0.2993730227740195,-2.7669730227740197
saturating,0.02,0.008,8e-12,0.005,1,60,1e-4,0.0059576903372242,0.9574980124016886,5.9576903372241995e-12,-5.298317366548036,-0.2947586630220668,-2.762358663022067
saturating,0.02,0.008,8e-12,0.005,1,60,1e-4,0.005959744698499902,0.9581259473361272,5.959744698499902e-12,-5.298317366548036,-0.2944138973422217,-2.7620138973422215
saturating,0.02,0.008,8e-12,0.005,1,60,1e-4,0.005938099451506201,0.9574984041817356,5.938099451506201e-12,-5.298317366548036,-0.29805241716154385,-2.7656524171615438
saturating,0.02,0.008,8e-12,0.005,1,60,1e-4,0.005940849862324722,0.9569431208944131,5.940849862324722e-12,-5.298317366548036,-0.29758934407401616,-2.7651893440740163
saturating,0.02,0.008,8e-12,0.005,1,60,1e-4,0.005974292042960413,0.9588095749345495,5.974292042960413e-12,-5.298317366548036,-0.2919759374161675,-2.7595759374161677
saturating,0.02,0.008,8e-12,0.005,1,60,1e-4,0.005990404559426913,0.9597043578550785,5.990404559426913e-12,-5.298317366548036,-0.2892825926967633,-2.7568825926967633
saturating,0.02,0.008,8e-12,0.005,1,60,1e-4,0.006045409243036904,0.9607433518684763,6.045409243036904e-12,-5.298317366548036,-0.28014236047746877,-2.747742360477469
saturating,0.02,0.008,8e-12,0.005,1,60,1e-4,0.005877931027835191,0.9548670941011513,5.877931027835191e-12,-5.298317366548036,-0.30823670770309497,-2.775836707703095
saturating,0.02,0.008,8e-12,0.005,1,60,1e-4,0.005938222669154406,0.9584077905764582,5.938222669154406e-12,-5.298317366548036,-0.29803166702577655,-2.765631667025777
saturating,0.02,0.008,8e-12,0.005,1,60,1e-4,0.005982772012819186,0.9590792377675648,5.9827720128191854e-12,-5.298317366548036,-0.29055753382797417,-2.758157533827974
saturating,0.02,0.008,8e-12,0.005,1,120,0.012778419192661216,0.008694830149555447,1.0030798774650944,8.694830149555446e-12,-0.44797452610029204,0.08328707166942058,-0.8121889484405886
saturating,0.02,0.008,8e-12,0.005,1,120,0.011714486646482527,0.008888035976838135,1.0032798521249748,8.888035976838135e-12,-0.5349060227436495,0.10526455844837083,-0.922139097387796
saturating,0.02,0.008,8e-12,0.005,1,120,0.011209419050590645,0.009094610274809753,1.0076205642496492,9.094610274809752e-12,-0.5789778620242043,0.12824041888393378,-0.9617916188428263
saturating,0.02,0.008,8e-12,0.005,1,120,0.011709787650408237,0.008953500729739924,1.006875723665998,8.953500729739924e-12,-0.5353072301473679,0.11260305711815213,-0.9153832742312266
saturating,0.02,0.008,8e-12,0.005,1,120,0.011131516401555757,0.009077073598419139,1.0066930133205956,9.077073598419138e-12,-0.5859518730226531,0.12631030806348248,-0.9733816581436039
saturating,0.02,0.008,8e-12,0.005,1,120,0.011914706873092715,0.0089402826992329,1.0062462517113298,8.9402826992329e-12,-0.5179587648088269,0.11112566884375893,-0.8914506788927443
saturating,0.02,0.008,8e-12,0.005,1,120,0.01157180205223426,0.008987654847956349,1.0056538720522015,8.987654847956348e-12,-0.5471609923387182,0.11641041047691529,-0.9286861350460367
saturating,0.02,0.008,8e-12,0.005,1,120,0.012041870262957406,0.008810789806442856,1.0032463897771673,8.810789806442857e-12,-0.5073425082819951,0.09653554310847333,-0.8902725442848084
saturating,0.02,0.008,8e-12,0.005,1,120,0.01190230877798053,0.008814590147560515,1.0027647533609882,8.814590147560515e-12,-0.5189998772986281,0.09696677820087646,-0.9071469333295379
saturating,0.02,0.008,8e-12,0.005,1,120,0.01143181019704989,0.009019834476077678,1.0065894227468737,9.019834476077678e-12,-0.5593324358415538,0.11998444145887752,-0.9424710941069363
saturating,0.02,0.008,8e-12,0.005,1,120,0.011943168207014535,0.00883752961357125,1.00312104047217,8.83752961357125e-12,-0.5155728568159538,0.09956584043639219,-0.8994813018938056
saturating,0.02,0.008,8e-12,0.005,1,120,0.011897661730068017,0.008869205038488849,1.004853364493428,8.869205038488849e-12,-0.5193903860154346,0.10314362700501811,-0.9015463184665478
saturating,0.02,0.008,8e-12,0.005,1,120,0.012525194575282502,0.008776596769590474,1.0057489513098392,8.776596769590475e-12,-0.4679900917510339,0.09264717916241567,-0.834228693502554
saturating,0.02,0.008,8e-12,0.005,1,120,0.010947326619111793,0.00915186482861285,1.0087190433585316,9.151864828612849e-12,-0.6026369914729227,0.1345161232476658,-0.9880153759824718
saturating,0.02,0.008,8e-12,0.005,1,120,0.010792133044777927,0.009139186470721799,1.0080352121935847,9.1391864707218e-12,-0.6169148266316867,0.13312983224514105,-1.008645670202396
saturating,0.02,0.008,8e-12,0.005,1,120,0.011825832739503618,0.008981005125221908,1.006851692190971,8.981005125221908e-12,-0.5254459197101655,0.11567026368267064,-0.8979264766188809
saturating,0.02,0.008,8e-12,0.005,1,120,0.012177966621111301,0.008830852743202316,1.0056265655363235,8.830852743202315e-12,-0.496103969288486,0.09881004168221705,-0.8711220972999816
saturating,0.02,0.008,8e-12,0.005,1,120,0.012481721497824356,0.008700748906763655,1.0027390255996036,8.700748906763655e-12,-0.4714669795948318,0.08396756151312676,-0.8482989727566531
saturating,0.02,0.008,8e-12,0.005,1,120,0.011301713503938944,0.00900650101115369,1.0057024200445568,9.00650101115369e-12,-0.5707779218147815,0.11850510947096038,-0.9600824160406105
saturating,0.02,0.008,8e-12,0.005,1,120,0.011526406459225272,0.008955275015861656,1.0047916978547555,8.955275015861657e-12,-0.5510916566093899,0.11280120423359331,-0.9379243948224731
saturating,0.02,0.008,8e-12,0.005,1,120,0.01173290868130331,0.008983229039014638,1.0083081962799447,8.983229039014638e-12,-0.5333346722073702,0.11591785718248347,-0.9092014663359063
saturating,0.02,0.008,8e-12,0.005,1,120,0.012560259198572078,0.008725588964002233,1.0038133473757604,8.725588964002234e-12,-0.4651944758978878,0.08681842716793262,-0.8357094322091297
saturating,0.02,0.008,8e-12,0.005,1,120,0.012253909024577922,0.008793882304735464,1.0042448902834027,8.793882304735463e-12,-0.4898872834189457,0.09461474540216931,-0.8659005355501684
saturating,0.02,0.008,8e-12,0.005,1,120,0.01185073950891155,0.008911317885339857,1.0054872356019482,8.911317885339857e-12,-0.5233420021046921,0.1078805996777104,-0.9026277012172574
saturating,0.02,0.008,8e-12,0.005,1,120,0.011327765684196205,0.009022522315295461,1.0064178767102072,9.022522315295462e-12,-0.5684754214743785,0.12028238914595044,-0.9550746660137203
saturating,0.02,0.008,8e-12,0.005,1,120,0.011869458518350865,0.0089049051632920009,1.005903229558721,8.904905163292002e-12,-0.5217636836350323,0.10716072517824056,-0.9010264185462521
saturating,0.02,0.008,8e-12,0.005,1,120,0.01188356040691646,0.00896305433577804,1.0072060484145875,8.963054335778041e-12,-0.5205763069679421,0.11366951290819048,-0.8927689966341684
saturating,0.02,0.008,8e-12,0.005,1,120,0.011966634915024059,0.008879446190821793,1.0053020746519186,8.879446190821794e-12,-0.5136099200719955,0.1042976474809626,-0.8918396230560542
saturating,0.02,0.008,8e-12,0.005,1,120,0.01176551702247461,0.008990401003547366,1.0082112774067484,8.990401003547366e-12,-0.5305593065285575,0.11671591132028332,-0.904359977892865
saturating,0.02,0.008,8e-12,0.005,1,120,0.011984924170761444,0.008835747471297947,1.0037353202708716,8.835747471297947e-12,-0.5120827326996369,0.09936416394246463,-0.8945052388831164
saturating,0.02,0.008,8e-12,0.005,1,180,0.01740983017030845,0.008202537269881753,1.0022587985473341,8.202537269881754e-12,-0.1386972745424101,0.02500198788521082,-0.29617907099654156
saturating,0.02,0.008,8e-12,0.005,1,180,0.017444952803745698,0.00815918569915179,1.0000178600677012,8.15918569915179e-12,-0.1366819043505156,0.019702830546035686,-0.29712302178949784
saturating,0.02,0.008,8e-12,0.005,1,180,0.018661545076544942,0.007966008103836507,0.9998043232279349,7.966008103836508e-12,-0.06926728003291108,-0.00425803961779935,-0.17022645012622659
saturating,0.02,0.008,8e-12,0.005,1,180,0.017451198026863277,0.008227838231941441,1.0024511529589193,8.227838231941442e-12,-0.13632397242761837,0.02808176923960412,-0.2879696754293496
saturating,0.02,0.008,8e-12,0.005,1,180,0.017665804108706353,0.00816771106329475,1.0031141747611203,8.16771106329475e-12,-0.1241014738974003,0.02074716432750576,-0.2686931261929065
saturating,0.02,0.008,8e-12,0.005,1,180,0.017151520972840183,0.008269080099596156,1.003426546864654,8.269080099596156e-12,-0.15364541741146945,0.03308172774639601,-0.3201296716214213
saturating,0.02,0.008,8e-12,0.005,1,180,0.018299392971665912,0.008019536769589943,0.9999150859751814,8.019536769589943e-12,-0.08886438520400175,0.0024391191276983424,-0.2084361523857286
saturating,0.02,0.008,8e-12,0.005,1,180,0.01759717075513394,0.0081278936574138,0.9989024995452784,8.1278936574138e-12,-0.12799413698116877,0.01586026558322498,-0.2820905607801665
saturating,0.02,0.008,8e-12,0.005,1,180,0.017493856874089126,0.008177667274183814,1.0011074054072455,8.177667274183815e-12,-0.1338824900183356,0.021965393959738285,-0.2887963536532101
saturating,0.02,0.008,8e-12,0.005,1,180,0.017802080731349926,0.008108955615811238,1.0005500786352817,8.108955615811239e-12,-0.11641692806798323,0.013527540819736943,-0.25901444849287225
saturating,0.02,0.008,8e-12,0.005,1,180,0.017362199705558967,0.008196111030863169,1.0018585508891302,8.196111030863169e-12,-0.14143686119925644,0.024218235562496967,-0.30286900094819114
saturating,0.02,0.008,8e-12,0.005,1,180,0.017236333696232103,0.008232745748542429,1.0014876491122024,8.232745748542429e-12,-0.1487126935658964,0.028678044165476792,-0.3140165775017425
saturating,0.02,0.008,8e-12,0.005,1,180,0.01695308263191638,0.008313390467122659,1.0023601905572195,8.313390467122659e-12,-0.1652825900734254,0.03842598242916519,-0.3393917712132036
saturating,0.02,0.008,8e-12,0.005,1,180,0.01911101891934536,0.00777624311146386,0.9955900126910793,7.77624311146386e-12,-0.04546719807613562,-0.028368210676072907,-0.13860186467724822
saturating,0.02,0.008,8e-12,0.005,1,180,0.017126491261222957,0.008224646186379232,1.0013789961103898,8.224646186379232e-12,-0.1551058122497017,0.02769373719275946,-0.32862134641559393
saturating,0.02,0.008,8e-12,0.005,1,180,0.01862652548871242,0.007921511632221606,0.998852152008356,7.921511632221606e-12,-0.07114560720821082,-0.009859491411217431,-0.1801703308108775
saturating,0.02,0.008,8e-12,0.005,1,180,0.017740635455399386,0.008081408061216138,0.9995313945819381,8.081408061216137e-12,-0.11987447682935032,0.010124580672783668,-0.27003662285769253
saturating,0.02,0.008,8e-12,0.005,1,180,0.01828532861647751,0.007934436680484725,0.9976262518875926,7.934436680484726e-12,-0.08963325019849751,-0.00822918196885351,-0.22084843352564212
saturating,0.02,0.008,8e-12,0.005,1,180,0.01718168534872464,0.008238977180438263,0.9997474967991458,8.238977180438262e-12,-0.15188826234921193,0.029434665949364332,-0.3200363508087802
saturating,0.02,0.008,8e-12,0.005,1,180,0.017641018800447973,0.008159123060028329,1.000645226110989,8.15912306002833e-12,-0.12550546951567287,0.01969515338728275,-0.27281851535716867
saturating,0.02,0.008,8e-12,0.005,1,180,0.01674761656976582,0.00830060340241022,1.0012253103102133,8.30060340241022e-12,-0.17747631975005496,0.03688666956583448,-0.36640887578320375
saturating,0.02,0.008,8e-12,0.005,1,180,0.01765658116781707,0.008169976704382366,1.0014669772744293,8.169976704382366e-12,-0.12462368897583738,0.021024515827222923,-0.2695594193634604
saturating,0.02,0.008,8e-12,0.005,1,180,0.017505781183064513,0.008154625186600676,1.0008066757575464,8.154625186600676e-12,-0.13320109386119328,0.019143732159784935,-0.2901394011402155
saturating,0.02,0.008,8e-12,0.005,1,180,0.016386173681305422,0.00838504461644605,1.0043496356707728,8.38504461644605e-12,-0.19929436251879543,0.04700817456460865,-0.401106288953519
saturating,0.02,0.008,8e-12,0.005,1,180,0.01711177806774503,0.008281177709156914,1.0032764971763797,8.281177709156914e-12,-0.15596527125110402,0.03454365200826061,-0.32359586759135583
saturating,0.02,0.008,8e-12,0.005,1,180,0.01754161674271688,0.008200662600722943,1.0025805057336512,8.200662600722942e-12,-0.1311561162444955,0.02477341429203862,-0.28006610961106826
saturating,0.02,0.008,8e-12,0.005,1,180,0.01798609021778368,0.008035078083694788,0.9989989559490889,8.035078083694788e-12,-0.10613358007382041,0.004375175408256568,-0.2453496375865672
saturating,0.02,0.008,8e-12,0.005,1,180,0.01834481674135351,0.007966551335053945,0.9988405942899103,7.966551335053946e-12,-0.08638520536581537,-0.0041898482867413905,-0.20943257235890622
saturating,0.02,0.008,8e-12,0.005,1,180,0.017383811491314807,0.008220155387477592,1.0016538644234105,8.220155387477592e-12,-0.14019287446245315,0.027147570795663774,-0.29725980428130017
saturating,0.02,0.008,8e-12,0.005,1,180,0.017436541143342636,0.008129659281926301,1.000421680245485,8.129659281926301e-12,-0.1371642036797172,0.016077472259535045,-0.30179142596597813
saturating,0.035,0.002,2e-12,0.005,1,60,1e-4,0.002069524929998425,0.9938551560452719,2.0695249299984253e-12,-5.857933154483459,0.034171897961403117,-4.293428102038598
saturating,0.035,0.002,2e-12,0.005,1,60,1e-4,0.002081139709105577,0.9936013946199439,2.0811397091055767e-12,-5.857933154483459,0.039768500160567904,-4.287831499839433
saturating,0.035,0.002,2e-12,0.005,1,60,1e-4,0.0020367711520183616,0.9931955484221535,2.0367711520183618e-12,-5.857933154483459,0.01821860477621431,-4.309381395223786
saturating,0.035,0.002,2e-12,0.005,1,60,1e-4,0.002010987137536112,0.9902079376482842,2.010987137536112e-12,-5.857933154483459,0.0054785341564658726,-4.3221214658435345
saturating,0.035,0.002,2e-12,0.005,1,60,1e-4,0.001993665070553547,0.991411613562089,1.993665070553547e-12,-5.857933154483459,-0.003172491757722703,-4.330772491757723
saturating,0.035,0.002,2e-12,0.005,1,60,1e-4,0.001970369832478329,0.9890418954451357,1.9703698324783288e-12,-5.857933154483459,-0.014925923207034706,-4.3425259232070355
saturating,0.035,0.002,2e-12,0.005,1,60,1e-4,0.001964137299844472,0.9903469334934475,1.964137299844472e-12,-5.857933154483459,-0.01809406480002441,-4.345694064800025
saturating,0.035,0.002,2e-12,0.005,1,60,1e-4,0.0019425809986081918,0.9903016360186617,1.9425809986081916e-12,-5.857933154483459,-0.029129680044427318,-4.3567296800444275
saturating,0.035,0.002,2e-12,0.005,1,60,1e-4,0.002075178623690446,0.9939549698455796,2.075178623690446e-12,-5.857933154483459,0.036900053123965805,-4.2906999468760345
saturating,0.035,0.002,2e-12,0.005,1,60,1e-4,0.0019914263415770103,0.9904590020058172,1.99142634157701e-12,-5.857933154483459,-0.004296044008108036,-4.331896044008109
saturating,0.035,0.002,2e-12,0.005,1,60,1e-4,0.0019880058346598037,0.9905821242669731,1.9880058346598036e-12,-5.857933154483459,-0.00601513739033095,-4.333615137390331
saturating,0.035,0.002,2e-12,0.005,1,60,1e-4,0.0020774034690073206,0.9940572823560868,2.077403469007321e-12,-5.857933154483459,0.037971601129564554,-4.289628398870436
saturating,0.035,0.002,2e-12,0.005,1,60,1e-4,0.0020257741376843077,0.9913417505898656,2.0257741376843075e-12,-5.857933154483459,0.012804737158744082,-4.3147952628412565
saturating,0.035,0.002,2e-12,0.005,1,60,1e-4,0.002075325180007913,0.9937020229597772,2.075325180007913e-12,-5.857933154483459,0.03697067410130212,-4.290629325898698
saturating,0.035,0.002,2e-12,0.005,1,60,1e-4,0.002040819526291771,0.992437930074254,2.0408195262917713e-12,-5.857933154483459,0.020204275199258107,-4.307395724800743
saturating,0.035,0.002,2e-12,0.005,1,60,1e-4,0.002005204516770628,0.9911435713766489,2.005204516770628e-12,-5.857933154483459,0.0025988783734683437,-4.325001121626532
saturating,0.035,0.002,2e-12,0.005,1,60,1e-4,0.002028529151831369,0.9931587693586701,2.028529151831369e-12,-5.857933154483459,0.014163794128278931,-4.313436205871722
saturating,0.035,0.002,2e-12,0.005,1,60,1e-4,0.001998738384498374,0.9920437886349477,1.998738384498374e-12,-5.857933154483459,-6.310067937318891e-4,-4.328231006793732
saturating,0.035,0.002,2e-12,0.005,1,60,1e-4,0.001973521309720049,0.9901920847840552,1.973521309720049e-12,-5.857933154483459,-0.013327766564846043,-4.340927766564846
saturating,0.035,0.002,2e-12,0.005,1,60,1e-4,0.001989222802306265,0.9908413849212241,1.989222802306265e-12,-5.857933154483459,-0.005403169713577218,-4.333003169713577
saturating,0.035,0.002,2e-12,0.005,1,60,1e-4,0.0020569407827259597,0.9928152109611977,2.0569407827259598e-12,-5.857933154483459,0.028072641522427864,-4.299527358477572
saturating,0.035,0.002,2e-12,0.005,1,60,1e-4,0.002069656011579155,0.9939872400989902,2.0696560115791553e-12,-5.857933154483459,0.034235234927157354,-4.293364765072843
saturating,0.035,0.002,2e-12,0.005,1,60,1e-4,0.001982112382018307,0.9914712361535083,1.982112382018307e-12,-5.857933154483459,-0.008984044938565274,-4.336584044938566
saturating,0.035,0.002,2e-12,0.005,1,60,1e-4,0.0020451668739727793,0.991954486790581,2.0451668739727795e-12,-5.857933154483459,0.022332206570326293,-4.305267793429674
saturating,0.035,0.002,2e-12,0.005,1,60,1e-4,0.001994265168891726,0.9910347941977392,1.994265168891726e-12,-5.857933154483459,-0.0028715344657555945,-4.330471534465756
saturating,0.035,0.002,2e-12,0.005,1,60,1e-4,0.0020664126039504267,0.994040547893609,2.0664126039504266e-12,-5.857933154483459,0.032666881693665745,-4.294933118306335
saturating,0.035,0.002,2e-12,0.005,1,60,1e-4,0.0020570765883814296,0.9936416734024938,2.0570765883814296e-12,-5.857933154483459,0.028138662466565434,-4.299461337533435
saturating,0.035,0.002,2e-12,0.005,1,60,1e-4,0.0020170777772521293,0.9914335202781756,2.0170777772521293e-12,-5.857933154483459,0.00850263852744377,-4.319097361472557
saturating,0.035,0.002,2e-12,0.005,1,60,1e-4,0.001958021496340609,0.9902722356526326,1.958021496340609e-12,-5.857933154483459,-0.021212657788394422,-4.348812657788395
saturating,0.035,0.002,2e-12,0.005,1,60,1e-4,0.0020178699522011715,0.9930732598642859,2.0178699522011714e-12,-5.857933154483459,0.00889529539059846,-4.318704704609402
saturating,0.035,0.002,2e-12,0.005,1,120,1e-4,0.004859232666902802,1.0471309829301263,4.859232666902802e-12,-5.857933154483459,0.8877333574183593,-3.439866642581641
saturating,0.035,0.002,2e-12,0.005,1,120,1e-4,0.004844289200238595,1.0456452252968325,4.8442892002385944e-12,-5.857933154483459,0.8846533461230371,-3.4429466538769633
saturating,0.035,0.002,2e-12,0.005,1,120,1e-4,0.004867895358270307,1.0471393464610934,4.867895358270307e-12,-5.857933154483459,0.8895144984982875,-3.438085501501713
saturating,0.035,0.002,2e-12,0.005,1,120,1e-4,0.004885305500485309,1.0479881451693678,4.885305500485309e-12,-5.857933154483459,0.8930846414615027,-3.4345153585384978
saturating,0.035,0.002,2e-12,0.005,1,120,1e-4,0.004889924108769762,1.0486194224123928,4.889924108769762e-12,-5.857933154483459,0.8940296031274185,-3.433570396872582
saturating,0.035,0.002,2e-12,0.005,1,120,1e-4,0.004861395506124589,1.0469011473945815,4.861395506124589e-12,-5.857933154483459,0.888178357313218,-3.4394216426867823
saturating,0.035,0.002,2e-12,0.005,1,120,1e-4,0.0048461460878842936,1.0458146210195982,4.846146087884293e-12,-5.857933154483459,0.8850365874560043,-3.442563412543996
saturating,0.035,0.002,2e-12,0.005,1,120,1e-4,0.004862122524970928,1.0474805656148698,4.862122524970928e-12,-5.857933154483459,0.8883278955452382,-3.439272104454762
saturating,0.035,0.002,2e-12,0.005,1,120,1e-4,0.004851922792712468,1.0462342127774127,4.851922792712468e-12,-5.857933154483459,0.8862278979287386,-3.441372102071262
saturating,0.035,0.002,2e-12,0.005,1,120,1e-4,0.00495235057072907,1.0533215375706495,4.9523505707290705e-12,-5.857933154483459,0.9067151460825567,-3.4208848539174435
saturating,0.035,0.002,2e-12,0.005,1,120,1e-4,0.004810272672156996,1.0446241219539087,4.810272672156996e-12,-5.857933154483459,0.8776065905491147,-3.4499934094508857
saturating,0.035,0.002,2e-12,0.005,1,120,1e-4,0.004840420248870561,1.0447786909998709,4.8404202488705614e-12,-5.857933154483459,0.8838543646782798,-3.4437456353217204
saturating,0.035,0.002,2e-12,0.005,1,120,1e-4,0.004856083022058701,1.0471526026061466,4.856083022058701e-12,-5.857933154483459,0.8870849698506709,-3.4405150301493297
saturating,0.035,0.002,2e-12,0.005,1,120,1e-4,0.004882739697377963,1.0477345162524476,4.8827396973779636e-12,-5.857933154483459,0.8925592951686911,-3.435040704831309
saturating,0.035,0.002,2e-12,0.005,1,120,1e-4,0.004871790130798251,1.0475314729951448,4.87179013079825e-12,-5.857933154483459,0.8903142723184828,-3.4372857276815174
saturating,0.035,0.002,2e-12,0.005,1,120,1e-4,0.004805912781229356,1.0437835568136271,4.805912781229356e-12,-5.857933154483459,0.8766998086973048,-3.4509001913026953
saturating,0.035,0.002,2e-12,0.005,1,120,1e-4,0.004939865564033703,1.0519013421952563,4.9398655640337034e-12,-5.857933154483459,0.9041909365112252,-3.423409063488775
saturating,0.035,0.002,2e-12,0.005,1,120,1e-4,0.004859163297465207,1.0467035315802031,4.859163297465207e-12,-5.857933154483459,0.8877190815156588,-3.4398809184843415
saturating,0.035,0.002,2e-12,0.005,1,120,1e-4,0.00490827049206182,1.0492548974646716,4.908270492061821e-12,-5.857933154483459,0.8977744572521161,-3.429825542747884
saturating,0.035,0.002,2e-12,0.005,1,120,1e-4,0.0048485635795695765,1.0457476177696585,4.848563579569577e-12,-5.857933154483459,0.885535311361787,-3.4420646886382134
saturating,0.035,0.002,2e-12,0.005,1,120,1e-4,0.004895088234900487,1.0487129447601586,4.8950882349004865e-12,-5.857933154483459,0.8950851207760027,-3.432514879223998
saturating,0.035,0.002,2e-12,0.005,1,120,1e-4,0.00490424664131917,1.0497602467871547,4.9042466413191695e-12,-5.857933154483459,0.8969543107161142,-3.430645689283886
saturating,0.035,0.002,2e-12,0.005,1,120,1e-4,0.004883890727355254,1.047994713767948,4.883890727355254e-12,-5.857933154483459,0.892795001841835,-3.434804998158165
saturating,0.035,0.002,2e-12,0.005,1,120,1e-4,0.00487111344066637,1.0477422829935434,4.87111344066637e-12,-5.857933154483459,0.8901753629824714,-3.437424637017529
saturating,0.035,0.002,2e-12,0.005,1,120,1e-4,0.00495546575498474,1.0534773583795243,4.9554657549847395e-12,-5.857933154483459,0.9073439797742427,-3.4202560202257577
saturating,0.035,0.002,2e-12,0.005,1,120,1e-4,0.004846771523857392,1.0455683444227561,4.846771523857392e-12,-5.857933154483459,0.8851656375519649,-3.4424343624480356
saturating,0.035,0.002,2e-12,0.005,1,120,1e-4,0.004959280651164993,1.0524861021143226,4.959280651164993e-12,-5.857933154483459,0.9081135196519646,-3.4194864803480356
saturating,0.035,0.002,2e-12,0.005,1,120,1e-4,0.004835056386722947,1.04492687840491,4.835056386722947e-12,-5.857933154483459,0.8827456104744029,-3.4448543895255974
saturating,0.035,0.002,2e-12,0.005,1,120,1e-4,0.004854718252012768,1.046988273525026,4.854718252012768e-12,-5.857933154483459,0.8868038869582504,-3.44079611304175
saturating,0.035,0.002,2e-12,0.005,1,120,1e-4,0.004867712137513093,1.047503433562129,4.8677121375130924e-12,-5.857933154483459,0.88947685919179,-3.4381231408082105
saturating,0.035,0.002,2e-12,0.005,1,180,0.02560368013126268,0.0025652204155756503,1.0075746195296895,2.5652204155756503e-12,-0.3126119652082266,0.24889722636914913,-0.9162464373542787
saturating,0.035,0.002,2e-12,0.005,1,180,0.026509678335229304,0.0024586158155276193,1.0059816750163333,2.4586158155276195e-12,-0.2778381749765673,0.20645133440764363,-0.846348552023923
saturating,0.035,0.002,2e-12,0.005,1,180,0.02623207467239701,0.002484590316269239,1.0061370764373048,2.4845903162692393e-12,-0.2883651753364106,0.21696060272898895,-0.870262137893782
saturating,0.035,0.002,2e-12,0.005,1,180,0.026370636358468407,0.0024623106866027444,1.004485799424564,2.4623106866027443e-12,-0.2830969295053236,0.20795303201189883,-0.862088059538019
saturating,0.035,0.002,2e-12,0.005,1,180,0.02598915321777021,0.0025273573960992923,1.0073898627791775,2.5273573960992925e-12,-0.2976687944452735,0.2340270688307711,-0.8833179321657234
saturating,0.035,0.002,2e-12,0.005,1,180,0.025974241447061557,0.0025134065572523724,1.006317961777613,2.5134065572523726e-12,-0.2982427281235546,0.22849184655271168,-0.8907022140116556
saturating,0.035,0.002,2e-12,0.005,1,180,0.02658534132892478,0.0024558609737482143,1.005464267011995,2.455860973748214e-12,-0.274988075460943,0.20533022134268333,-0.8380874538706442
saturating,0.035,0.002,2e-12,0.005,1,180,0.026452487902716388,0.0024562680027970848,1.0049263079187554,2.4562680027970846e-12,-0.2799978470143334,0.20549594543166633,-0.8543955546315021
saturating,0.035,0.002,2e-12,0.005,1,180,0.02624681340599469,0.0024889433446062177,1.0066580364192144,2.4889433446062178e-12,-0.28780347387798105,0.21871108025475997,-0.8666840574018989
saturating,0.035,0.002,2e-12,0.005,1,180,0.026027551112700106,0.0025014272722322164,1.0055473938395252,2.5014272722322163e-12,-0.296192426328582,0.22371429730061454,-0.8888693647245727
saturating,0.035,0.002,2e-12,0.005,1,180,0.02630681655194711,0.002478892730750679,1.0061256973524648,2.478892730750679e-12,-0.2855199714035099,0.2146648003792634,-0.8632899471792953
saturating,0.035,0.002,2e-12,0.005,1,180,0.026745805605543228,0.0024174039426883742,1.0033240520921576,2.417403942688374e-12,-0.2689704002345475,0.18954703284428978,-0.8339730720683504
saturating,0.035,0.002,2e-12,0.005,1,180,0.026706320732024322,0.002433883103068288,1.0047915991351437,2.433883103068288e-12,-0.27044779256320717,0.19634078617511586,-0.8320754430538686
saturating,0.035,0.002,2e-12,0.005,1,180,0.026146090435681557,0.002501740053953152,1.0065984752475536,2.501740053953152e-12,-0.2916483874831825,0.2238393307847861,-0.8740454551907013
saturating,0.035,0.002,2e-12,0.005,1,180,0.02618999883690879,0.00250672846534014,1.0079281269789169,2.5067284653401397e-12,-0.2899704473795387,0.22583132215591487,-0.8666088220673954
saturating,0.035,0.002,2e-12,0.005,1,180,0.025952673047413003,0.0025344958368232603,1.0076385414503073,2.5344958368232602e-12,-0.29907344957499793,0.236847555766195,-0.8850209863545931
saturating,0.035,0.002,2e-12,0.005,1,180,0.026516959078291786,0.0024456636405731313,1.004429432243657,2.4456636405731315e-12,-0.27756356796909465,0.20116933317434563,-0.8507277411174734
saturating,0.035,0.002,2e-12,0.005,1,180,0.026151238985936895,0.0024855059339612268,1.0047287126634308,2.485505933961227e-12,-0.29145149214153077,0.21732905342138903,-0.8799173123224364
saturating,0.035,0.002,2e-12,0.005,1,180,0.025934915623153913,0.0025129061455822074,1.0057016350038912,2.5129061455822075e-12,-0.2997579070881456,0.22829272974426623,-0.8957777329846488
saturating,0.035,0.002,2e-12,0.005,1,180,0.026402114148812026,0.002462122552888872,1.0058408402392334,2.462122552888872e-12,-0.2819039731490921,0.20787662374121488,-0.8582612218060943
saturating,0.035,0.002,2e-12,0.005,1,180,0.026177404973927457,0.0024964226329519104,1.006713047216546,2.4964226329519105e-12,-0.2904514283832798,0.2217115797128517,-0.8722902035201441
saturating,0.035,0.002,2e-12,0.005,1,180,0.026538039101950243,0.0024559758001685104,1.0048837983860952,2.4559758001685104e-12,-0.276768919943809,0.2053769763248225,-0.8439061750333479
saturating,0.035,0.002,2e-12,0.005,1,180,0.02670336535601242,0.00243197054941547,1.0050434807133914,2.43197054941547e-12,-0.27055846072965345,0.19555467385530387,-0.8332280219991565
saturating,0.035,0.002,2e-12,0.005,1,180,0.02620335484164559,0.0025023841685198668,1.0072475515184618,2.5023841685198668e-12,-0.28946061152867686,0.2240967642703016,-0.8666872353656454
saturating,0.035,0.002,2e-12,0.005,1,180,0.026112103452170916,0.002514063307850696,1.0072871101708163,2.514063307850696e-12,-0.29294912085240227,0.22875311141145013,-0.8733460605193567
saturating,0.035,0.002,2e-12,0.005,1,180,0.02636077524028836,0.002474695844514227,1.0060251023542608,2.474695844514227e-12,-0.283470942564941,0.21297031680361492,-0.8582935534006287
saturating,0.035,0.002,2e-12,0.005,1,180,0.02679527443829216,0.0024432081807763515,1.0065195401325482,2.4432081807763515e-12,-0.26712251644942053,0.2001648233025473,-0.8172211463492254
saturating,0.035,0.002,2e-12,0.005,1,180,0.02583264379112705,0.0025397243536597136,1.0082988490813516,2.5397243536597137e-12,-0.30370910611083096,0.23890837240032683,-0.8978437974999193
saturating,0.035,0.002,2e-12,0.005,1,180,0.025402295917526546,0.002578454784068223,1.00735643904759,2.5784547840682232e-12,-0.3205085010960928,0.25404311804502233,-0.9360721881816864
saturating,0.035,0.002,2e-12,0.005,1,180,0.026456801748258325,0.0024570294333762567,1.004981824712168,2.457029433376257e-12,-0.2798347813001666,0.2058058923034602,-0.8535506909125079
saturating,0.035,0.005,5e-12,0.005,1,60,1e-4,0.005102320739077796,0.9806958098803642,5.102320739077796e-12,-5.857933154483459,0.02025757067174609,-4.307342429328254
saturating,0.035,0.005,5e-12,0.005,1,60,1e-4,0.005088182383701624,0.9804323713147041,5.0881823837016246e-12,-5.857933154483459,0.01748275881457996,-4.31011724118542
saturating,0.035,0.005,5e-12,0.005,1,60,1e-4,0.005025906234268824,0.9795582091157939,5.025906234268824e-12,-5.857933154483459,0.005167870378935637,-4.322432129621065
saturating,0.035,0.005,5e-12,0.005,1,60,1e-4,0.0050637499152106375,0.9802827446652744,5.063749915210638e-12,-5.857933154483459,0.01266938635628099,-4.314930613643719
saturating,0.035,0.005,5e-12,0.005,1,60,1e-4,0.005093513253615791,0.9806332116223578,5.093513253615791e-12,-5.857933154483459,0.018529906675049175,-4.3090700933249515
saturating,0.035,0.005,5e-12,0.005,1,60,1e-4,0.0050690864535449486,0.981359166331549,5.069086453544949e-12,-5.857933154483459,0.01372270225589681,-4.313877297744104
saturating,0.035,0.005,5e-12,0.005,1,60,1e-4,0.005005523261074764,0.9789713846579282,5.005523261074764e-12,-5.857933154483459,0.001104042535642466,-4.326495957464358
saturating,0.035,0.005,5e-12,0.005,1,60,1e-4,0.005048379863971366,0.9801981189521809,5.048379863971366e-12,-5.857933154483459,0.009629460364167255,-4.317970539635833
saturating,0.035,0.005,5e-12,0.005,1,60,1e-4,0.005025322953281353,0.9775692200708815,5.025322953281353e-12,-5.857933154483459,0.005051808755577381,-4.322548191244423
saturating,0.035,0.005,5e-12,0.005,1,60,1e-4,0.0050410034362611345,0.9795410395732351,5.041003436261135e-12,-5.857933154483459,0.008167244328754706,-4.3194327556712455
saturating,0.035,0.005,5e-12,0.005,1,60,1e-4,0.005136721861121036,0.9827115200800361,5.136721861121036e-12,-5.857933154483459,0.02697719336112536,-4.300622806638875
saturating,0.035,0.005,5e-12,0.005,1,60,1e-4,0.005073408565499018,0.9817710181291254,5.073408565499018e-12,-5.857933154483459,0.014574980163369812,-4.313025019836631
saturating,0.035,0.005,5e-12,0.005,1,60,1e-4,0.005061866184075481,0.979780288600907,5.061866184075481e-12,-5.857933154483459,0.012297313953294963,-4.315302686046706
saturating,0.035,0.005,5e-12,0.005,1,60,1e-4,0.0050986095884228136,0.9811755176090318,5.098609588422813e-12,-5.857933154483459,0.019529960404924364,-4.308070039595076
saturating,0.035,0.005,5e-12,0.005,1,60,1e-4,0.005070763368612521,0.9807897740924135,5.0707633686125214e-12,-5.857933154483459,0.014053459636384978,-4.313546540363616
saturating,0.035,0.005,5e-12,0.005,1,60,1e-4,0.005073836747516401,0.9806082632502634,5.073836747516401e-12,-5.857933154483459,0.014659373908554707,-4.312940626091446
saturating,0.035,0.005,5e-12,0.005,1,60,1e-4,0.005071223964720202,0.9806759369099316,5.071223964720202e-12,-5.857933154483459,0.014144289193326696,-4.313455710806673
saturating,0.035,0.005,5e-12,0.005,1,60,1e-4,0.005104893003415198,0.9813898488707126,5.104893003415198e-12,-5.857933154483459,0.02076157978858172,-4.3068384202114185
saturating,0.035,0.005,5e-12,0.005,1,60,1e-4,0.005053592328837859,0.980838650855795,5.0535923288378585e-12,-5.857933154483459,0.010661430207203062,-4.316938569792797
saturating,0.035,0.005,5e-12,0.005,1,60,1e-4,0.005043144953457866,0.9794334973575136,5.043144953457866e-12,-5.857933154483459,0.00859197374489609,-4.319008026255104
saturating,0.035,0.005,5e-12,0.005,1,60,1e-4,0.005032150944862543,0.9791491371136712,5.032150944862543e-12,-5.857933154483459,0.006409603505899681,-4.3211903964941
saturating,0.035,0.005,5e-12,0.005,1,60,1e-4,0.00509548493996385,0.9811535117780202,5.09548493996385e-12,-5.857933154483459,0.0189169292920347,-4.308683070707966
saturating,0.035,0.005,5e-12,0.005,1,60,1e-4,0.005069695076407118,0.9802604530698656,5.069695076407118e-12,-5.857933154483459,0.013842760639855949,-4.313757239360144
saturating,0.035,0.005,5e-12,0.005,1,60,1e-4,0.00508119579417503,0.9810826116531618,5.0811957941750295e-12,-5.857933154483459,0.01610871400994948,-4.3114912859900505
saturating,0.035,0.005,5e-12,0.005,1,60,1e-4,0.005029998740627085,0.9790255487281323,5.029998740627085e-12,-5.857933154483459,0.005981821305167251,-4.321618178694833
saturating,0.035,0.005,5e-12,0.005,1,60,1e-4,0.005011059646048271,0.9789669752695545,5.0110596460482715e-12,-5.857933154483459,0.002209486495650493,-4.32539051350435
saturating,0.035,0.005,5e-12,0.005,1,60,1e-4,0.005056559355012167,0.9805708393601468,5.056559355012167e-12,-5.857933154483459,0.011248370216070606,-4.31635162978393
saturating,0.035,0.005,5e-12,0.005,1,60,1e-4,0.0049936008681920555,0.9793013112026805,4.993600868192055e-12,-5.857933154483459,-0.001280646038784502,-4.328880646038785
saturating,0.035,0.005,5e-12,0.005,1,60,1e-4,0.005108366367372588,0.981549496097034,5.108366367372588e-12,-5.857933154483459,0.02144174739525803,-4.306158252604742
saturating,0.035,0.005,5e-12,0.005,1,60,1e-4,0.005143513289832006,0.9823586545799647,5.143513289832006e-12,-5.857933154483459,0.028298452962534006,-4.299301547037467
saturating,0.035,0.005,5e-12,0.005,1,120,0.023846145133514577,0.005912202203930961,1.0050958053146177,5.9122022039309604e-12,-0.38372548684056895,0.16758047291564346,-1.2154975305285496
saturating,0.035,0.005,5e-12,0.005,1,120,0.024149585162799636,0.005866937048125754,1.0063068252701786,5.866937048125754e-12,-0.371080859062192,0.1598947876285965,-1.1855566521842489
saturating,0.035,0.005,5e-12,0.005,1,120,0.0240793014733222,0.0058933679914840295,1.006317274362697,5.893367991484029e-12,-0.3739954500525157,0.16438973699791845,-1.1897768803101294
saturating,0.035,0.005,5e-12,0.005,1,120,0.02457786325305911,0.0058135275309472685,1.0047024966658535,5.813527530947268e-12,-0.3535018914369728,0.15074962237352635,-1.1415953342471445
saturating,0.035,0.005,5e-12,0.005,1,120,0.022782186057183306,0.006082724696678396,1.006937917455073,6.082724696678396e-12,-0.4293691441947521,0.19601482405988355,-1.318994104849387
saturating,0.035,0.005,5e-12,0.005,1,120,0.02292935652418302,0.006089961499075591,1.0087698752356271,6.0899614990755914e-12,-0.42293002763076315,0.1972038472768497,-1.2995559437244562
saturating,0.035,0.005,5e-12,0.005,1,120,0.022610071888975885,0.006118271313458493,1.008234070607637,6.118271313458493e-12,-0.4369525956833213,0.20184167906818687,-1.3345094066988037
saturating,0.035,0.005,5e-12,0.005,1,120,0.02368170681544243,0.00597684828924721,1.007066398177921,5.97684828924721e-12,-0.39064517571629637,0.17845547466111758,-1.2250128802240217
saturating,0.035,0.005,5e-12,0.005,1,120,0.024172185168117737,0.005881420867366038,1.0061214658374777,5.8814208673660385e-12,-0.3701454625810124,0.16236046439507024,-1.1802885747583307
saturating,0.035,0.005,5e-12,0.005,1,120,0.024571181042449375,0.0058118934283301294,1.0061511672828507,5.8118934283301295e-12,-0.3537738076358201,0.15046849661754283,-1.142705054118735
saturating,0.035,0.005,5e-12,0.005,1,120,0.02342859779155591,0.005974601091704326,1.0066067094135183,5.974601091704326e-12,-0.40139065747182406,0.1780794202600592,-1.2567744535870082
saturating,0.035,0.005,5e-12,0.005,1,120,0.02408419997352134,0.0059187117589803336,1.0074759810225944,5.918711758980333e-12,-0.37379203875271905,0.16868090450134773,-1.1848782987820063
saturating,0.035,0.005,5e-12,0.005,1,120,0.023662768041780947,0.0059777153499276535,1.0080674845461588,5.9777153499276534e-12,-0.39144521731476245,0.1786005340222344,-1.2272162287969286
saturating,0.035,0.005,5e-12,0.005,1,120,0.023573442712379208,0.006005389895669056,1.0085894273773408,6.005389895669056e-12,-0.39522729189068706,0.1832194694945048,-1.2336736341704737
saturating,0.035,0.005,5e-12,0.005,1,120,0.023488589620123863,0.0060045368638796115,1.0073770423961315,6.004536863879611e-12,-0.39883330633577607,0.18307741504105837,-1.2443374720635831
saturating,0.035,0.005,5e-12,0.005,1,120,0.022692315157099983,0.006212584934170798,1.011259837638578,6.2125849341707986e-12,-0.43332173365423643,0.21713915039149825,-1.3090137701281042
saturating,0.035,0.005,5e-12,0.005,1,120,0.024090876089968946,0.005880071506130779,1.0054511772942365,5.880071506130779e-12,-0.373514878152846,0.1621310103090871,-1.1906003545347639
saturating,0.035,0.005,5e-12,0.005,1,120,0.023261697200815487,0.006064330514194641,1.0087670255990795,6.064330514194641e-12,-0.40853995055972525,0.1929862387403603,-1.2625633083585197
saturating,0.035,0.005,5e-12,0.005,1,120,0.02292198532745155,0.006115580140966114,1.01040053324081,6.1155801409661135e-12,-0.42325155352280025,0.20140172399012926,-1.2962720954058788
saturating,0.035,0.005,5e-12,0.005,1,120,0.023690669938703064,0.005956884772689085,1.0069882455261208,5.9568847726890855e-12,-0.39026676433051727,0.17510974284744069,-1.22724718475338
saturating,0.035,0.005,5e-12,0.005,1,120,0.023949930664182658,0.005925864077640355,1.0080596117694698,5.925864077640355e-12,-0.37938263266036876,0.16988859984274254,-1.200319997798608
saturating,0.035,0.005,5e-12,0.005,1,120,0.02383629479143012,0.005911397847502095,1.0056364040152732,5.911397847502095e-12,-0.384138651193739,0.16744441343687083,-1.2168550324257945
saturating,0.035,0.005,5e-12,0.005,1,120,0.02378635501361904,0.005950135058895276,1.007004979213224,5.9501350588952764e-12,-0.3862359639775277,0.1739760058398162,-1.2165159724714236
saturating,0.035,0.005,5e-12,0.005,1,120,0.024396857232133907,0.00584312559108713,1.0058818281761528,5.84312559108713e-12,-0.36089373944766767,0.15582794518875645,-1.1589617580266394
saturating,0.035,0.005,5e-12,0.005,1,120,0.02445329567986964,0.005815816674362201,1.005122011657203,5.815816674362201e-12,-0.3585830620195383,0.1511433063859838,-1.1566480293101813
saturating,0.035,0.005,5e-12,0.005,1,120,0.024340614649254903,0.0058312251225907455,1.005394915634403,5.8312251225907456e-12,-0.363201721608986,0.15378920694793594,-1.1679745765444565
saturating,0.035,0.005,5e-12,0.005,1,120,0.023536998566903927,0.005959076960393482,1.0056575548004765,5.959076960393482e-12,-0.39677447131654386,0.1754776842319859,-1.2459344934719276
saturating,0.035,0.005,5e-12,0.005,1,120,0.023218991774168255,0.006032576955162748,1.0068992561834944,6.032576955162748e-12,-0.41037750674082485,0.18773636276291658,-1.2731086572402204
saturating,0.035,0.005,5e-12,0.005,1,120,0.025104519065957204,0.0057116443614305,1.0035432954338928,5.7116443614305e-12,-0.33230018908896114,0.13306904901052144,-1.0939705868107856
saturating,0.035,0.005,5e-12,0.005,1,120,0.02475390443181654,0.005754634821063746,1.0032291857144942,5.754634821063746e-12,-0.3463648300958273,0.14056767352379204,-1.1299481769309574
saturating,0.035,0.005,5e-12,0.005,1,180,0.03192657678251926,0.005140739335746951,1.0002592847656369,5.140739335746951e-12,-0.09190927057843078,0.027758996328528966,-0.35334548263908283
saturating,0.035,0.005,5e-12,0.005,1,180,0.03150905998267022,0.005192692846773408,0.9999439794045271,5.192692846773408e-12,-0.10507293851462976,0.03781450312890365,-0.39506205901998925
saturating,0.035,0.005,5e-12,0.005,1,180,0.03210154816192245,0.00507724743007312,0.9987301695232641,5.077247430073121e-12,-0.08644380317306255,0.01533135783172888,-0.34407667008988796
saturating,0.035,0.005,5e-12,0.005,1,180,0.03265661408472827,0.0050429202111182845,1.0008956581162838,5.042920211118284e-12,-0.06930065094634559,0.00854740882568315,-0.2820324446680122
saturating,0.035,0.005,5e-12,0.005,1,180,0.03215667962071074,0.005099290217684925,1.0003800370513096,5.099290217684925e-12,-0.08472786813351055,0.019663444607762866,-0.33290828242410575
saturating,0.035,0.005,5e-12,0.005,1,180,0.031058180023211205,0.005288455086359879,1.0025879217169742,5.288455086359879e-12,-0.11948584100364806,0.05608824661653097,-0.43269743050528
saturating,0.035,0.005,5e-12,0.005,1,180,0.030978618101024036,0.005280241759107319,1.0025132735376423,5.280241759107319e-12,-0.12205083366006786,0.05453397194556409,-0.4441173835274559
saturating,0.035,0.005,5e-12,0.005,1,180,0.031103873631975858,0.005269710138021843,1.0023495143437742,5.269710138021843e-12,-0.118015695977616,0.052537446333594945,-0.43058222330139917
saturating,0.035,0.005,5e-12,0.005,1,180,0.03136958186908218,0.005219765420169055,1.0021764646272726,5.2197654201690555e-12,-0.10950936838164621,0.04301454978574286,-0.407157298448067
saturating,0.035,0.005,5e-12,0.005,1,180,0.030867800380674135,0.0052875400769990255,1.0018392415834259,5.287540076999025e-12,-0.12563447978440714,0.05591521148385494,-0.4564775413125527
saturating,0.035,0.005,5e-12,0.005,1,180,0.031094911153150523,0.0052194551682737955,1.0006324530422397,5.219455168273796e-12,-0.11830388420889183,0.042955110119204165,-0.4412759068901314
saturating,0.035,0.005,5e-12,0.005,1,180,0.03154748414410627,0.005256744438138798,1.0036434796904243,5.256744438138797e-12,-0.1038542175484225,0.050073994589952285,-0.37803797154087077
saturating,0.035,0.005,5e-12,0.005,1,180,0.03167402915422664,0.005206218102623359,1.0018940965377843,5.206218102623359e-12,-0.09985098597367072,0.04041578773313291,-0.3720045971427644
saturating,0.035,0.005,5e-12,0.005,1,180,0.030431373686004962,0.005360378753868736,1.0024589932939594,5.360378753868736e-12,-0.13987395610829967,0.0695967231873076,-0.4969129397480775
saturating,0.035,0.005,5e-12,0.005,1,180,0.03239504939059257,0.005075538259483796,1.0011806402767098,5.075538259483796e-12,-0.07734244695236697,0.01499466785171093,-0.3080192077148111
saturating,0.035,0.005,5e-12,0.005,1,180,0.0319980880606093,0.005139727470925448,1.0019363223258622,5.139727470925448e-12,-0.08967190858063566,0.027562144406568817,-0.344674936077878
saturating,0.035,0.005,5e-12,0.005,1,180,0.030597625896191628,0.005355625072199345,1.0032320975365496,5.3556250721993444e-12,-0.1344256406327345,0.06870951148817639,-0.47718487738406223
saturating,0.035,0.005,5e-12,0.005,1,180,0.03195250930153867,0.0051132749193901475,0.9997753133720311,5.113274919390148e-12,-0.09109734536053092,0.022402170923566687,-0.3554866756856383
saturating,0.035,0.005,5e-12,0.005,1,180,0.0308528242551001,0.005335290587653439,1.003044504051914,5.335290587653439e-12,-0.12611976735096442,0.0649054389999985,-0.4493443533675893
saturating,0.035,0.005,5e-12,0.005,1,180,0.03228115635690215,0.005139154593395124,1.001963016358585,5.139154593395124e-12,-0.0808643960247559,0.027450677512147182,-0.30968593423198637
saturating,0.035,0.005,5e-12,0.005,1,180,0.031575368981289785,0.005194550349211788,1.0025822986846196,5.194550349211788e-12,-0.10297070745289476,0.03817215384009494,-0.3864820924799722
saturating,0.035,0.005,5e-12,0.005,1,180,0.03311762056730827,0.0049456553368142165,0.9981981638759747,4.945655336814217e-12,-0.05528257732767927,-0.010928431000729029,-0.24434348065450393
saturating,0.035,0.005,5e-12,0.005,1,180,0.03129016839462444,0.005280082159134162,1.0037341560455324,5.280082159134162e-12,-0.11204412208374885,0.054503745605083406,-0.40551537346148675
saturating,0.035,0.005,5e-12,0.005,1,180,0.03320795500520218,0.004958324147295053,0.9985714489292781,4.958324147295053e-12,-0.0525586056780973,-0.008370102318608649,-0.23058368167353835
saturating,0.035,0.005,5e-12,0.005,1,180,0.03199338710833568,0.005144259997531551,0.9987410719480039,5.1442599975315514e-12,-0.0898188329098426,0.028443617067534902,-0.34437638149884137
saturating,0.035,0.005,5e-12,0.005,1,180,0.03154585799770431,0.00517383748037479,1.0017576403098605,5.17383748037479e-12,-0.10390576487012447,0.03417676000818667,-0.39413684827647916
saturating,0.035,0.005,5e-12,0.005,1,180,0.03217536923147181,0.005132296969608156,1.0017243942083798,5.132296969608155e-12,-0.08414683234744948,0.02611539889766604,-0.32413881639983
saturating,0.035,0.005,5e-12,0.005,1,180,0.030305170956675207,0.005378006124204167,1.0038483334400903,5.378006124204167e-12,-0.1440297048984733,0.07287978416316378,-0.509279017209111
saturating,0.035,0.005,5e-12,0.005,1,180,0.03255940959271827,0.0050242486113708925,0.9972350736074822,5.0242486113708925e-12,-0.0722816534212504,0.004838000254858549,-0.2977952102480767
saturating,0.035,0.005,5e-12,0.005,1,180,0.032424944843402886,0.005050522424291998,0.9995597244987594,5.050522424291998e-12,-0.07642003233992165,0.010053775857400169,-0.3092530635606423
saturating,0.035,0.008,8e-12,0.005,1,60,1e-4,0.008124566020408222,0.9694761676586782,8.124566020408222e-12,-5.857933154483459,0.015450772236612799,-4.3121492277633875
saturating,0.035,0.008,8e-12,0.005,1,60,1e-4,0.008127697829708775,0.9693904227002805,8.127697829708776e-12,-5.857933154483459,0.015836172002233227,-4.311763827997767
saturating,0.035,0.008,8e-12,0.005,1,60,1e-4,0.008090343981196466,0.9687868278864836,8.090343981196465e-12,-5.857933154483459,0.011229707793994731,-4.316370292206005
saturating,0.035,0.008,8e-12,0.005,1,60,1e-4,0.008178038942278852,0.9710096016952499,8.178038942278852e-12,-5.857933154483459,0.022010842085326183,-4.305589157914675
saturating,0.035,0.008,8e-12,0.005,1,60,1e-4,0.008031475109283226,0.9671570942576768,8.031475109283225e-12,-5.857933154483459,0.00392666919429975,-4.3236733308057005
saturating,0.035,0.008,8e-12,0.005,1,60,1e-4,0.008165336757247715,0.9706662548629591,8.165336757247715e-12,-5.857933154483459,0.020456427890577607,-4.307143572109423
saturating,0.035,0.008,8e-12,0.005,1,60,1e-4,0.00816291711727845,0.9705768740311984,8.162917117278449e-12,-5.857933154483459,0.020160053274458627,-4.307439946725542
saturating,0.035,0.008,8e-12,0.005,1,60,1e-4,0.00811720999002256,0.969761262981914,8.11720999002256e-12,-5.857933154483459,0.014544956162815481,-4.313055043837185
saturating,0.035,0.008,8e-12,0.005,1,60,1e-4,0.008135804427930667,0.968762522329489,8.135804427930666e-12,-5.857933154483459,0.016833078912546547,-4.3107669210874535
saturating,0.035,0.008,8e-12,0.005,1,60,1e-4,0.008120839532028558,0.968728966330911,8.120839532028558e-12,-5.857933154483459,0.014991997793217518,-4.312608002206783
saturating,0.035,0.008,8e-12,0.005,1,60,1e-4,0.008132402907613282,0.9691739313748251,8.132402907613281e-12,-5.857933154483459,0.016414898802495467,-4.311185101197505
saturating,0.035,0.008,8e-12,0.005,1,60,1e-4,0.00807830596834129,0.967358356386368,8.07830596834129e-12,-5.857933154483459,0.009740651488482757,-4.317859348511518
saturating,0.035,0.008,8e-12,0.005,1,60,1e-4,0.008111225778211306,0.9678148503952934,8.111225778211307e-12,-5.857933154483459,0.013807459072158891,-4.3137925409278415
saturating,0.035,0.008,8e-12,0.005,1,60,1e-4,0.008112922060553947,0.9698444216351687,8.112922060553947e-12,-5.857933154483459,0.014016564951330997,-4.3135834350486695
saturating,0.035,0.008,8e-12,0.005,1,60,1e-4,0.008068253747911189,0.9676068775367364,8.068253747911189e-12,-5.857933154483459,0.008495529071641144,-4.319104470928359
saturating,0.035,0.008,8e-12,0.005,1,60,1e-4,0.008115863448611264,0.9687083958690283,8.115863448611264e-12,-5.857933154483459,0.014379055180542883,-4.313220944819458
saturating,0.035,0.008,8e-12,0.005,1,60,1e-4,0.008029877904040245,0.9662195090618442,8.029877904040245e-12,-5.857933154483459,0.003727781186929256,-4.323872218813071
saturating,0.035,0.008,8e-12,0.005,1,60,1e-4,0.008130369005126158,0.969027000885745,8.130369005126158e-12,-5.857933154483459,0.016164768934273762,-4.311435231065727
saturating,0.035,0.008,8e-12,0.005,1,60,1e-4,0.008035634071878526,0.967175282367242,8.035634071878525e-12,-5.857933154483459,0.0044443681333302745,-4.32315563186667
saturating,0.035,0.008,8e-12,0.005,1,60,1e-4,0.008086193302171477,0.9690314000708566,8.086193302171478e-12,-5.857933154483459,0.010716535037258378,-4.316883464962742
saturating,0.035,0.008,8e-12,0.005,1,60,1e-4,0.00802618619969188,0.9666073712535286,8.026186199691881e-12,-5.857933154483459,0.003267929458688909,-4.3243320705413115
saturating,0.035,0.008,8e-12,0.005,1,60,1e-4,0.008066991184346268,0.9677741943337905,8.066991184346269e-12,-5.857933154483459,0.00833903146992526,-4.319260968530075
saturating,0.035,0.008,8e-12,0.005,1,60,1e-4,0.008194231479829369,0.97100803579538,8.194231479829368e-12,-5.857933154483459,0.023988886963977874,-4.303611113036022
saturating,0.035,0.008,8e-12,0.005,1,60,1e-4,0.008030821138045112,0.9659980424044702,8.030821138045112e-12,-5.857933154483459,0.003845239835955813,-4.323754760164045
saturating,0.035,0.008,8e-12,0.005,1,60,1e-4,0.008148749107530263,0.9702669178262636,8.148749107530262e-12,-5.857933154483459,0.018422890054482947,-4.309177109945518
saturating,0.035,0.008,8e-12,0.005,1,60,1e-4,0.008109759154308506,0.9677820482686667,8.109759154308506e-12,-5.857933154483459,0.01362662863394592,-4.313973371366054
saturating,0.035,0.008,8e-12,0.005,1,60,1e-4,0.008017970328308156,0.9650062763705151,8.017970328308156e-12,-5.857933154483459,0.002243771898580261,-4.32535622810142
saturating,0.035,0.008,8e-12,0.005,1,60,1e-4,0.008053539094582628,0.9681449191701623,8.053539094582628e-12,-5.857933154483459,0.006670092216279283,-4.320929907783721
saturating,0.035,0.008,8e-12,0.005,1,60,1e-4,0.00806885710089211,0.9675239320715049,8.06885710089211e-12,-5.857933154483459,0.008570307386898854,-4.3190296926131015
saturating,0.035,0.008,8e-12,0.005,1,60,1e-4,0.008049728845408074,0.9668348546357959,8.049728845408074e-12,-5.857933154483459,0.006196865383084907,-4.321403134616915
saturating,0.035,0.008,8e-12,0.005,1,120,0.029141311257112553,0.00838297388352735,1.0008801651881263,8.382973883527351e-12,-0.18319126320653079,0.0467611885621505,-0.6797162155558933
saturating,0.035,0.008,8e-12,0.005,1,120,0.02976972161526987,0.008293656493051787,1.000484235521914,8.293656493051787e-12,-0.16185623768886193,0.03604940296786381,-0.6125051167386728
saturating,0.035,0.008,8e-12,0.005,1,120,0.029687712358011483,0.008346066194833666,1.001363225283557,8.346066194833665e-12,-0.16461482660817148,0.04234877178249894,-0.6163748958240776
saturating,0.035,0.008,8e-12,0.005,1,120,0.02913327753123174,0.008428038213530716,1.0020299746924919,8.428038213530717e-12,-0.18346698290181282,0.05212248836795428,-0.6753510977593101
saturating,0.035,0.008,8e-12,0.005,1,120,0.030348747907679986,0.008201981462994156,0.9983507278798238,8.201981462994156e-12,-0.1425927999360753,0.0249342252282427,-0.5518210342194395
saturating,0.035,0.008,8e-12,0.005,1,120,0.029560764613336028,0.008401328862835747,1.0022550993485226,8.401328862835747e-12,-0.16890009925761068,0.0489483496140914,-0.6255168383322416
saturating,0.035,0.008,8e-12,0.005,1,120,0.030158313105141898,0.008322761500446751,1.0035516846088475,8.322761500446751e-12,-0.14888745144101007,0.039552569194361946,-0.5608166057680432
saturating,0.035,0.008,8e-12,0.005,1,120,0.03051085933412597,0.008276889441051587,1.0029502423824366,8.276889441051586e-12,-0.13726539750274494,0.03402568476458409,-0.5226277578037959
saturating,0.035,0.008,8e-12,0.005,1,120,0.029369997992057566,0.00837859352765809,1.0008899661975406,8.37859352765809e-12,-0.17537438464601143,0.0462385219330072,-0.651881727051855
saturating,0.035,0.008,8e-12,0.005,1,120,0.02887981214876255,0.008548089770049703,1.0029042150510827,8.548089770049703e-12,-0.19220525203017597,0.0662662975995184,-0.6926369959539259
saturating,0.035,0.008,8e-12,0.005,1,120,0.030972589047336112,0.008159160943851997,1.001093216334315,8.159160943851997e-12,-0.12224547244063332,0.019699796500941058,-0.4796991616293814
saturating,0.035,0.008,8e-12,0.005,1,120,0.030218276139122324,0.008253586817431453,1.0012360464728425,8.253586817431453e-12,-0.14690114998059972,0.031206329932776698,-0.5617274288160555
saturating,0.035,0.008,8e-12,0.005,1,120,0.028922402404839644,0.008510461744540227,1.003566938284201,8.510461744540227e-12,-0.19073159694226494,0.06185465848638322,-0.6917674433135013
saturating,0.035,0.008,8e-12,0.005,1,120,0.029743633505017922,0.008332517448696532,1.002640348609306,8.332517448696532e-12,-0.16273295223033657,0.04072408357071834,-0.6110653618070598
saturating,0.035,0.008,8e-12,0.005,1,120,0.028916919530890033,0.008508944433156963,1.0042496960141676,8.508944433156963e-12,-0.19092118678469522,0.06167635480511001,-0.6926256233645264
saturating,0.035,0.008,8e-12,0.005,1,120,0.029700998046252567,0.00834365850651434,1.0015258729710264,8.343658506514339e-12,-0.16416741199444182,0.04206024834917536,-0.6150159939155068
saturating,0.035,0.008,8e-12,0.005,1,120,0.029664898908591347,0.00829824749211858,0.9999610569215683,8.29824749211858e-12,-0.16538356955163377,0.03660280530047918,-0.6249497300341942
saturating,0.035,0.008,8e-12,0.005,1,120,0.028820654396536364,0.00854184697101928,1.0039417607117085,8.54184697101928e-12,-0.1942557648421529,0.06553571569009603,-0.7007031391393952
saturating,0.035,0.008,8e-12,0.005,1,120,0.030396332649750935,0.008140702058691239,0.996991966995278,8.140702058691239e-12,-0.14102609687575896,0.01743488261193517,-0.5534198688189493
saturating,0.035,0.008,8e-12,0.005,1,120,0.02804541607082383,0.008628859754788215,1.0025402092598084,8.628859754788215e-12,-0.22152286281018027,0.07567082893736651,-0.786697578280479
saturating,0.035,0.008,8e-12,0.005,1,120,0.029681262632544926,0.008331283917624714,1.0013677712909723,8.331283917624715e-12,-0.1648321025673052,0.04057603438950754,-0.618947399174922
saturating,0.035,0.008,8e-12,0.005,1,120,0.03007079072206744,0.00831439540216454,1.0019857855896257,8.31439540216454e-12,-0.15179376878990083,0.038546856615422315,-0.5726750938482155
saturating,0.035,0.008,8e-12,0.005,1,120,0.03018492989583,0.008297369507726752,1.0035498276135024,8.297369507726752e-12,-0.14800527172740524,0.03649699611090139,-0.560571696806179
saturating,0.035,0.008,8e-12,0.005,1,120,0.03092102427252877,0.008097121203345244,0.9997114888497507,8.097121203345243e-12,-0.12391171178171127,0.01206704983210872,-0.4937259403743244
saturating,0.035,0.008,8e-12,0.005,1,120,0.028158636186634722,0.008653183978157515,1.0050499754448163,8.653183978157516e-12,-0.21749396224473125,0.07848580149586845,-0.7698433113614264
saturating,0.035,0.008,8e-12,0.005,1,120,0.029227169877708046,0.00843476051593283,1.0016012838834971,8.43476051593283e-12,-0.180249309574969,0.05291978220583538,-0.6629111529583673
saturating,0.035,0.008,8e-12,0.005,1,120,0.030679821890162214,0.008208157286945348,1.0005638697568684,8.208157286945348e-12,-0.13174289041261353,0.025686909204517137,-0.5100151764153688
saturating,0.035,0.008,8e-12,0.005,1,120,0.028345192402109472,0.008682018079955736,1.0060931084295086,8.682018079955736e-12,-0.21089062586850135,0.08181245765977622,-0.7433836844786497
saturating,0.035,0.008,8e-12,0.005,1,120,0.028385086978884942,0.008590486475545306,1.0044621322946823,8.590486475545306e-12,-0.20948416061618066,0.07121382548869086,-0.7490353891295768
saturating,0.035,0.008,8e-12,0.005,1,120,0.027925669365398906,0.00867210875367232,1.003788567113401,8.67210875367232e-12,-0.22580174670866496,0.08067044372206682,-0.7965465549684693
saturating,0.035,0.008,8e-12,0.005,1,180,0.03284330130487697,0.008087618468086791,1.0000433154808788,8.087618468086792e-12,-0.06360025501258458,0.010892766335018851,-0.2565378718602374
saturating,0.035,0.008,8e-12,0.005,1,180,0.03359312023134155,0.007967292589705487,1.0008168652359668,7.967292589705487e-12,-0.04102677050502296,-0.0040968067513057135,-0.17854989806495428
saturating,0.035,0.008,8e-12,0.005,1,180,0.034262220534846156,0.007927104199884127,1.0019814467544434,7.927104199884128e-12,-0.021304756483452748,-0.009153742978181226,-0.10063839665725824
saturating,0.035,0.008,8e-12,0.005,1,180,0.033211318895375964,0.007985375656241961,0.9987573240366634,7.98537565624196e-12,-0.05245731308698314,-0.0018297158793825576,-0.22362617285276337
saturating,0.035,0.008,8e-12,0.005,1,180,0.03360409629932074,0.007920321618787989,0.9989213353961034,7.920321618787989e-12,-0.040700088280862634,-0.010009728245174716,-0.18310178712940314
saturating,0.035,0.008,8e-12,0.005,1,180,0.03297231837718647,0.008060705645105564,1.0008174359734652,8.060705645105564e-12,-0.05967968909856378,0.007559560027050614,-0.24387296120182755
saturating,0.035,0.008,8e-12,0.005,1,180,0.032892058843423895,0.008060986353729377,1.000887630565763,8.060986353729376e-12,-0.062116805393434726,0.007594383744543888,-0.2537903196708935
saturating,0.035,0.008,8e-12,0.005,1,180,0.03358814878463541,0.007937635415971965,0.9995013430648296,7.937635415971965e-12,-0.04117477148172464,-0.007826117326618148,-0.18289566803182766
saturating,0.035,0.008,8e-12,0.005,1,180,0.03354010798191232,0.007992803323718102,1.0014140888261152,7.992803323718103e-12,-0.04260608560304214,-8.999894042326848e-4,-0.1819265996471052
saturating,0.035,0.008,8e-12,0.005,1,180,0.03305924217906202,0.008073855178269687,1.0005457931693669,8.073855178269688e-12,-0.057046891952667676,0.009189543789165835,-0.23146442600714437
saturating,0.035,0.008,8e-12,0.005,1,180,0.03281729709621327,0.00814296318622863,1.002890519979763,8.142963186228629e-12,-0.0643923346054149,0.01771259988478658,-0.2529425601847685
saturating,0.035,0.008,8e-12,0.005,1,180,0.034236560712995766,0.007843042614290726,0.997353306352987,7.843042614290725e-12,-0.02205396172720166,-0.01981469404691516,-0.11448116563544061
saturating,0.035,0.008,8e-12,0.005,1,180,0.032130676613188074,0.008200702709140946,1.001738229533815,8.200702709140947e-12,-0.08553682997185814,0.024778305155359576,-0.33101779480931975
saturating,0.035,0.008,8e-12,0.005,1,180,0.03220637396010391,0.00819193056811555,1.003246931123333,8.191930568115549e-12,-0.08318367945683357,0.023708051009565728,-0.3227015779375499
saturating,0.035,0.008,8e-12,0.005,1,180,0.03425742030762587,0.007791108687217175,0.9956113151257131,7.791108687217176e-12,-0.02144486892914327,-0.026458370073244288,-0.11853825192763645
saturating,0.035,0.008,8e-12,0.005,1,180,0.03261562035732176,0.008132427431573625,1.0006269242697383,8.132427431573625e-12,-0.07055673580836212,0.016417914383947217,-0.2792451613081549
saturating,0.035,0.008,8e-12,0.005,1,180,0.0356733226611131,0.0075751084576405545,0.9953696653566179,7.575108457640554e-12,0.019055083560381148,-0.05457387254656521,0.02891813743145904
saturating,0.035,0.008,8e-12,0.005,1,180,0.031239370602031774,0.008360461497609687,1.0024688861224513,8.360461497609688e-12,-0.11366888390296727,0.044072086956501055,-0.4222459583915594
saturating,0.035,0.008,8e-12,0.005,1,180,0.03166206748900983,0.00832619123663284,1.0030063026669211,8.326191236632841e-12,-0.10022870629408788,0.039964575437489346,-0.3739390559252924
saturating,0.035,0.008,8e-12,0.005,1,180,0.034613811444005105,0.0077556127794854175,0.9970419441839932,7.755612779485417e-12,-0.011095284392525015,-0.0310247308312706,-0.07891211177463803
saturating,0.035,0.008,8e-12,0.005,1,180,0.03217524926216176,0.008234300554213037,1.0033638673604595,8.234300554213037e-12,-0.08415056096149727,0.028866882606401863,-0.3214022088855402
saturating,0.035,0.008,8e-12,0.005,1,180,0.03236153497110305,0.008216365236831861,1.0030958596774353,8.216365236831862e-12,-0.07837753621200509,0.02668638429524305,-0.30048327928797924
saturating,0.035,0.008,8e-12,0.005,1,180,0.0315573642787161,0.008268557683822293,1.001340943570483,8.268557683822293e-12,-0.10354108361537312,0.03301854873850154,-0.3938682807007021
saturating,0.035,0.008,8e-12,0.005,1,180,0.03205404279721198,0.008220036890949373,1.0017309405940977,8.220036890949373e-12,-0.08792474575912912,0.027133155328227215,-0.3381655378174875
saturating,0.035,0.008,8e-12,0.005,1,180,0.0338271547302312,0.007947956133590948,1.0002184609532447,7.947956133590949e-12,-0.03408418716342731,-0.006526736181270294,-0.1519595496326019
saturating,0.035,0.008,8e-12,0.005,1,180,0.032685177278053916,0.008038467604768363,0.9975474138192717,8.038467604768363e-12,-0.06842638060421741,0.004796926923387317,-0.28224109059792757
saturating,0.035,0.008,8e-12,0.005,1,180,0.03189159265471276,0.008316534226869317,1.0033763511148268,8.316534226869317e-12,-0.09300563957864873,0.038804067097852044,-0.34663844371776614
saturating,0.035,0.008,8e-12,0.005,1,180,0.03288896423268357,0.008063008074474394,0.9995980290284978,8.063008074474394e-12,-0.062210893645574875,0.007845155445639884,-0.2539232797015982
saturating,0.035,0.008,8e-12,0.005,1,180,0.03325172679574415,0.008034297538972624,0.9997388440382369,8.034297538972624e-12,-0.051241362029467746,0.004278028544419772,-0.21250784878330561
saturating,0.035,0.008,8e-12,0.005,1,180,0.03297898629905314,0.008058448826051997,1.0011793770787134,8.058448826051997e-12,-0.05947748166924546,0.0072795429737552,-0.24332615594365606
