Time,Taxon,Replicate,Oxygen
0.03,Aeromonas_A,R1,5.08
1.05,Aeromonas_A,R1,5.04
2.05,Aeromonas_A,R1,5.13
3.05,Aeromonas_A,R1,5.2
4.05,Aeromonas_A,R1,5.3
5.05,Aeromonas_A,R1,5.38
6.05,Aeromonas_A,R1,5.45
7.05,Aeromonas_A,R1,5.54
8.05,Aeromonas_A,R1,5.6
9.05,Aeromonas_A,R1,5.66
10.05,Aeromonas_A,R1,5.72
11.05,Aeromonas_A,R1,5.77
12.05,Aeromonas_A,R1,5.81
13.05,Aeromonas_A,R1,5.85
14.05,Aeromonas_A,R1,5.88
15.05,Aeromonas_A,R1,5.93
16.05,Aeromonas_A,R1,5.96
17.05,Aeromonas_A,R1,5.97
18.05,Aeromonas_A,R1,6
19.05,Aeromonas_A,R1,6.03
20.05,Aeromonas_A,R1,6.04
21.05,Aeromonas_A,R1,6.07
22.05,Aeromonas_A,R1,6.09
23.05,Aeromonas_A,R1,6.12
24.05,Aeromonas_A,R1,6.13
25.05,Aeromonas_A,R1,6.14
26.05,Aeromonas_A,R1,6.16
27.05,Aeromonas_A,R1,6.18
28.05,Aeromonas_A,R1,6.19
29.05,Aeromonas_A,R1,6.21
30.05,Aeromonas_A,R1,6.21
31.05,Aeromonas_A,R1,6.21
32.05,Aeromonas_A,R1,6.24
33.05,Aeromonas_A,R1,6.25
34.05,Aeromonas_A,R1,6.24
35.05,Aeromonas_A,R1,6.26
36.05,Aeromonas_A,R1,6.26
37.05,Aeromonas_A,R1,6.27
38.05,Aeromonas_A,R1,6.28
39.05,Aeromonas_A,R1,6.28
40.05,Aeromonas_A,R1,6.28
41.05,Aeromonas_A,R1,6.28
42.07,Aeromonas_A,R1,6.28
43.07,Aeromonas_A,R1,6.28
44.07,Aeromonas_A,R1,6.29
45.07,Aeromonas_A,R1,6.28
46.07,Aeromonas_A,R1,6.3
47.07,Aeromonas_A,R1,6.29
48.07,Aeromonas_A,R1,6.29
49.07,Aeromonas_A,R1,6.29
50.07,Aeromonas_A,R1,6.26
51.07,Aeromonas_A,R1,6.26
52.07,Aeromonas_A,R1,6.25
53.07,Aeromonas_A,R1,6.25
54.07,Aeromonas_A,R1,6.24
55.07,Aeromonas_A,R1,6.23
56.07,Aeromonas_A,R1,6.21
57.07,Aeromonas_A,R1,6.22
58.07,Aeromonas_A,R1,6.21
59.07,Aeromonas_A,R1,6.2
60.07,Aeromonas_A,R1,6.18
61.07,Aeromonas_A,R1,6.16
62.07,Aeromonas_A,R1,6.18
63.07,Aeromonas_A,R1,6.15
64.07,Aeromonas_A,R1,6.15
65.07,Aeromonas_A,R1,6.14
66.07,Aeromonas_A,R1,6.13
67.07,Aeromonas_A,R1,6.13
68.07,Aeromonas_A,R1,6.11
69.07,Aeromonas_A,R1,6.1
70.07,Aeromonas_A,R1,6.09
71.07,Aeromonas_A,R1,6.05
72.07,Aeromonas_A,R1,6.06
73.07,Aeromonas_A,R1,6.05
74.07,Aeromonas_A,R1,6.03
75.07,Aeromonas_A,R1,6.03
76.07,Aeromonas_A,R1,5.99
77.07,Aeromonas_A,R1,6
78.07,Aeromonas_A,R1,5.99
79.07,Aeromonas_A,R1,5.97
80.07,Aeromonas_A,R1,5.95
81.07,Aeromonas_A,R1,5.93
82.07,Aeromonas_A,R1,5.92
83.07,Aeromonas_A,R1,5.91
84.07,Aeromonas_A,R1,5.88
85.07,Aeromonas_A,R1,5.86
86.07,Aeromonas_A,R1,5.86
87.07,Aeromonas_A,R1,5.84
88.07,Aeromonas_A,R1,5.83
89.07,Aeromonas_A,R1,5.81
90.07,Aeromonas_A,R1,5.77
91.07,Aeromonas_A,R1,5.78
92.07,Aeromonas_A,R1,5.75
93.07,Aeromonas_A,R1,5.74
94.07,Aeromonas_A,R1,5.72
95.07,Aeromonas_A,R1,5.69
96.07,Aeromonas_A,R1,5.67
97.07,Aeromonas_A,R1,5.66
98.07,Aeromonas_A,R1,5.65
99.07,Aeromonas_A,R1,5.61
100.07,Aeromonas_A,R1,5.59
101.07,Aeromonas_A,R1,5.56
102.07,Aeromonas_A,R1,5.55
103.07,Aeromonas_A,R1,5.52
104.07,Aeromonas_A,R1,5.5
105.07,Aeromonas_A,R1,5.47
106.07,Aeromonas_A,R1,5.44
107.07,Aeromonas_A,R1,5.42
108.07,Aeromonas_A,R1,5.4
109.07,Aeromonas_A,R1,5.36
110.07,Aeromonas_A,R1,5.33
111.07,Aeromonas_A,R1,5.31
112.07,Aeromonas_A,R1,5.28
113.07,Aeromonas_A,R1,5.26
114.07,Aeromonas_A,R1,5.24
115.07,Aeromonas_A,R1,5.19
116.07,Aeromonas_A,R1,5.17
117.07,Aeromonas_A,R1,5.13
118.07,Aeromonas_A,R1,5.1
119.07,Aeromonas_A,R1,5.07
120.07,Aeromonas_A,R1,5.04
121.07,Aeromonas_A,R1,4.99
122.07,Aeromonas_A,R1,4.98
123.07,Aeromonas_A,R1,4.92
124.08,Aeromonas_A,R1,4.9
125.08,Aeromonas_A,R1,4.85
126.08,Aeromonas_A,R1,4.82
127.08,Aeromonas_A,R1,4.78
128.08,Aeromonas_A,R1,4.73
129.08,Aeromonas_A,R1,4.69
130.08,Aeromonas_A,R1,4.67
131.08,Aeromonas_A,R1,4.61
132.08,Aeromonas_A,R1,4.55
133.08,Aeromonas_A,R1,4.51
134.08,Aeromonas_A,R1,4.47
135.08,Aeromonas_A,R1,4.43
136.08,Aeromonas_A,R1,4.39
137.08,Aeromonas_A,R1,4.34
138.08,Aeromonas_A,R1,4.28
139.08,Aeromonas_A,R1,4.22
140.08,Aeromonas_A,R1,4.18
141.08,Aeromonas_A,R1,4.12
142.08,Aeromonas_A,R1,4.06
143.08,Aeromonas_A,R1,4.02
144.08,Aeromonas_A,R1,3.97
145.08,Aeromonas_A,R1,3.9
146.08,Aeromonas_A,R1,3.84
147.08,Aeromonas_A,R1,3.78
148.08,Aeromonas_A,R1,3.72
149.08,Aeromonas_A,R1,3.66
150.08,Aeromonas_A,R1,3.6
151.08,Aeromonas_A,R1,3.52
152.08,Aeromonas_A,R1,3.45
153.08,Aeromonas_A,R1,3.39
154.08,Aeromonas_A,R1,3.33
155.08,Aeromonas_A,R1,3.24
156.08,Aeromonas_A,R1,3.17
157.08,Aeromonas_A,R1,3.1
158.08,Aeromonas_A,R1,3.02
159.08,Aeromonas_A,R1,2.95
160.08,Aeromonas_A,R1,2.85
161.08,Aeromonas_A,R1,2.78
162.08,Aeromonas_A,R1,2.71
163.08,Aeromonas_A,R1,2.62
164.08,Aeromonas_A,R1,2.53
165.08,Aeromonas_A,R1,2.42
166.08,Aeromonas_A,R1,2.36
167.08,Aeromonas_A,R1,2.25
168.08,Aeromonas_A,R1,2.15
169.08,Aeromonas_A,R1,2.06
170.08,Aeromonas_A,R1,1.96
171.08,Aeromonas_A,R1,1.86
172.08,Aeromonas_A,R1,1.75
173.08,Aeromonas_A,R1,1.65
174.08,Aeromonas_A,R1,1.54
175.08,Aeromonas_A,R1,1.42
176.08,Aeromonas_A,R1,1.32
177.08,Aeromonas_A,R1,1.2
178.08,Aeromonas_A,R1,1.09
179.1,Aeromonas_A,R1,0.97
180.1,Aeromonas_A,R1,0.83
181.1,Aeromonas_A,R1,0.71
182.1,Aeromonas_A,R1,0.58
183.1,Aeromonas_A,R1,0.45
184.1,Aeromonas_A,R1,0.33
185.1,Aeromonas_A,R1,0.18
186.1,Aeromonas_A,R1,0.06
187.1,Aeromonas_A,R1,0
188.1,Aeromonas_A,R1,0
189.1,Aeromonas_A,R1,0
190.1,Aeromonas_A,R1,0
191.1,Aeromonas_A,R1,0
192.1,Aeromonas_A,R1,0
193.1,Aeromonas_A,R1,0
194.1,Aeromonas_A,R1,0
195.1,Aeromonas_A,R1,0
196.1,Aeromonas_A,R1,0
197.1,Aeromonas_A,R1,0
198.1,Aeromonas_A,R1,0
199.1,Aeromonas_A,R1,0
200.1,Aeromonas_A,R1,0
201.1,Aeromonas_A,R1,0
202.1,Aeromonas_A,R1,0
203.1,Aeromonas_A,R1,0
204.1,Aeromonas_A,R1,0
205.1,Aeromonas_A,R1,0
206.1,Aeromonas_A,R1,0
207.1,Aeromonas_A,R1,0
208.1,Aeromonas_A,R1,0
209.1,Aeromonas_A,R1,0
210.1,Aeromonas_A,R1,0
211.1,Aeromonas_A,R1,0
212.1,Aeromonas_A,R1,0
0.03,Bacillus,R1,4.72
1.05,Bacillus,R1,4.69
2.05,Bacillus,R1,4.77
3.05,Bacillus,R1,4.83
4.05,Bacillus,R1,4.91
5.05,Bacillus,R1,4.97
6.05,Bacillus,R1,5.04
7.05,Bacillus,R1,5.12
8.05,Bacillus,R1,5.17
9.05,Bacillus,R1,5.23
10.05,Bacillus,R1,5.29
11.05,Bacillus,R1,5.35
12.05,Bacillus,R1,5.39
13.05,Bacillus,R1,5.44
14.05,Bacillus,R1,5.48
15.05,Bacillus,R1,5.52
16.05,Bacillus,R1,5.56
17.05,Bacillus,R1,5.57
18.05,Bacillus,R1,5.61
19.05,Bacillus,R1,5.64
20.05,Bacillus,R1,5.66
21.05,Bacillus,R1,5.69
22.05,Bacillus,R1,5.72
23.05,Bacillus,R1,5.75
24.05,Bacillus,R1,5.76
25.05,Bacillus,R1,5.8
26.05,Bacillus,R1,5.83
27.05,Bacillus,R1,5.86
28.05,Bacillus,R1,5.87
29.05,Bacillus,R1,5.88
30.05,Bacillus,R1,5.91
31.05,Bacillus,R1,5.94
32.05,Bacillus,R1,5.95
33.05,Bacillus,R1,5.97
34.05,Bacillus,R1,5.98
35.05,Bacillus,R1,5.98
36.05,Bacillus,R1,6.02
37.05,Bacillus,R1,6.03
38.05,Bacillus,R1,6.03
39.05,Bacillus,R1,6.03
40.05,Bacillus,R1,6.03
41.05,Bacillus,R1,6.06
42.07,Bacillus,R1,6.06
43.07,Bacillus,R1,6.07
44.07,Bacillus,R1,6.08
45.07,Bacillus,R1,6.08
46.07,Bacillus,R1,6.08
47.07,Bacillus,R1,6.06
48.07,Bacillus,R1,6.07
49.07,Bacillus,R1,6.06
50.07,Bacillus,R1,6.05
51.07,Bacillus,R1,6.06
52.07,Bacillus,R1,6.04
53.07,Bacillus,R1,6.04
54.07,Bacillus,R1,6.03
55.07,Bacillus,R1,6.03
56.07,Bacillus,R1,6.03
57.07,Bacillus,R1,6.02
58.07,Bacillus,R1,6.02
59.07,Bacillus,R1,6.02
60.07,Bacillus,R1,6.02
61.07,Bacillus,R1,6.01
62.07,Bacillus,R1,6
63.07,Bacillus,R1,6
64.07,Bacillus,R1,5.99
65.07,Bacillus,R1,5.99
66.07,Bacillus,R1,5.97
67.07,Bacillus,R1,5.97
68.07,Bacillus,R1,5.96
69.07,Bacillus,R1,5.95
70.07,Bacillus,R1,5.95
71.07,Bacillus,R1,5.94
72.07,Bacillus,R1,5.93
73.07,Bacillus,R1,5.91
74.07,Bacillus,R1,5.91
75.07,Bacillus,R1,5.89
76.07,Bacillus,R1,5.88
77.07,Bacillus,R1,5.87
78.07,Bacillus,R1,5.85
79.07,Bacillus,R1,5.85
80.07,Bacillus,R1,5.84
81.07,Bacillus,R1,5.83
82.07,Bacillus,R1,5.81
83.07,Bacillus,R1,5.8
84.07,Bacillus,R1,5.78
85.07,Bacillus,R1,5.76
86.07,Bacillus,R1,5.75
87.07,Bacillus,R1,5.73
88.07,Bacillus,R1,5.71
89.07,Bacillus,R1,5.69
90.07,Bacillus,R1,5.66
91.07,Bacillus,R1,5.65
92.07,Bacillus,R1,5.63
93.07,Bacillus,R1,5.61
94.07,Bacillus,R1,5.57
95.07,Bacillus,R1,5.57
96.07,Bacillus,R1,5.53
97.07,Bacillus,R1,5.51
98.07,Bacillus,R1,5.49
99.07,Bacillus,R1,5.45
100.07,Bacillus,R1,5.42
101.07,Bacillus,R1,5.4
102.07,Bacillus,R1,5.36
103.07,Bacillus,R1,5.33
104.07,Bacillus,R1,5.3
105.07,Bacillus,R1,5.25
106.07,Bacillus,R1,5.23
107.07,Bacillus,R1,5.18
108.07,Bacillus,R1,5.15
109.07,Bacillus,R1,5.11
110.07,Bacillus,R1,5.06
111.07,Bacillus,R1,5.01
112.07,Bacillus,R1,4.98
113.07,Bacillus,R1,4.92
114.07,Bacillus,R1,4.86
115.07,Bacillus,R1,4.81
116.07,Bacillus,R1,4.75
117.07,Bacillus,R1,4.69
118.07,Bacillus,R1,4.63
119.07,Bacillus,R1,4.57
120.07,Bacillus,R1,4.51
121.07,Bacillus,R1,4.45
122.07,Bacillus,R1,4.38
123.07,Bacillus,R1,4.28
124.08,Bacillus,R1,4.22
125.08,Bacillus,R1,4.14
126.08,Bacillus,R1,4.05
127.08,Bacillus,R1,3.96
128.08,Bacillus,R1,3.88
129.08,Bacillus,R1,3.78
130.08,Bacillus,R1,3.68
131.08,Bacillus,R1,3.57
132.08,Bacillus,R1,3.48
133.08,Bacillus,R1,3.35
134.08,Bacillus,R1,3.25
135.08,Bacillus,R1,3.12
136.08,Bacillus,R1,3
137.08,Bacillus,R1,2.86
138.08,Bacillus,R1,2.73
139.08,Bacillus,R1,2.58
140.08,Bacillus,R1,2.43
141.08,Bacillus,R1,2.27
142.08,Bacillus,R1,2.12
143.08,Bacillus,R1,1.95
144.08,Bacillus,R1,1.78
145.08,Bacillus,R1,1.58
146.08,Bacillus,R1,1.39
147.08,Bacillus,R1,1.2
148.08,Bacillus,R1,0.99
149.08,Bacillus,R1,0.78
150.08,Bacillus,R1,0.55
151.08,Bacillus,R1,0.32
152.08,Bacillus,R1,0.09
153.08,Bacillus,R1,0.05
154.08,Bacillus,R1,0.01
155.08,Bacillus,R1,0
156.08,Bacillus,R1,0
157.08,Bacillus,R1,0
158.08,Bacillus,R1,0
159.08,Bacillus,R1,0
160.08,Bacillus,R1,0
161.08,Bacillus,R1,0
162.08,Bacillus,R1,0
163.08,Bacillus,R1,0
164.08,Bacillus,R1,0
165.08,Bacillus,R1,0
166.08,Bacillus,R1,0
167.08,Bacillus,R1,0
168.08,Bacillus,R1,0
169.08,Bacillus,R1,0
170.08,Bacillus,R1,0
171.08,Bacillus,R1,0
172.08,Bacillus,R1,0
173.08,Bacillus,R1,0
174.08,Bacillus,R1,0
175.08,Bacillus,R1,0
176.08,Bacillus,R1,0
177.08,Bacillus,R1,0
178.08,Bacillus,R1,0
179.1,Bacillus,R1,0
180.1,Bacillus,R1,0
181.1,Bacillus,R1,0
182.1,Bacillus,R1,0
183.1,Bacillus,R1,0
184.1,Bacillus,R1,0
185.1,Bacillus,R1,0
186.1,Bacillus,R1,0
187.1,Bacillus,R1,0
188.1,Bacillus,R1,0
189.1,Bacillus,R1,0
190.1,Bacillus,R1,0
191.1,Bacillus,R1,0
192.1,Bacillus,R1,0
193.1,Bacillus,R1,0
194.1,Bacillus,R1,0
195.1,Bacillus,R1,0
196.1,Bacillus,R1,0
197.1,Bacillus,R1,0
198.1,Bacillus,R1,0
199.1,Bacillus,R1,0
200.1,Bacillus,R1,0
201.1,Bacillus,R1,0
202.1,Bacillus,R1,0
203.1,Bacillus,R1,0
204.1,Bacillus,R1,0
205.1,Bacillus,R1,0
206.1,Bacillus,R1,0
207.1,Bacillus,R1,0
208.1,Bacillus,R1,0
209.1,Bacillus,R1,0
210.1,Bacillus,R1,0
211.1,Bacillus,R1,0
212.1,Bacillus,R1,0
0.03,Chromobacterium,R1,4.76
1.05,Chromobacterium,R1,4.73
2.05,Chromobacterium,R1,4.77
3.05,Chromobacterium,R1,4.83
4.05,Chromobacterium,R1,4.91
5.05,Chromobacterium,R1,4.97
6.05,Chromobacterium,R1,5.02
7.05,Chromobacterium,R1,5.09
8.05,Chromobacterium,R1,5.16
9.05,Chromobacterium,R1,5.2
10.05,Chromobacterium,R1,5.26
11.05,Chromobacterium,R1,5.31
12.05,Chromobacterium,R1,5.35
13.05,Chromobacterium,R1,5.38
14.05,Chromobacterium,R1,5.42
15.05,Chromobacterium,R1,5.46
16.05,Chromobacterium,R1,5.49
17.05,Chromobacterium,R1,5.51
18.05,Chromobacterium,R1,5.54
19.05,Chromobacterium,R1,5.58
20.05,Chromobacterium,R1,5.6
21.05,Chromobacterium,R1,5.61
22.05,Chromobacterium,R1,5.64
23.05,Chromobacterium,R1,5.66
24.05,Chromobacterium,R1,5.68
25.05,Chromobacterium,R1,5.7
26.05,Chromobacterium,R1,5.73
27.05,Chromobacterium,R1,5.74
28.05,Chromobacterium,R1,5.76
29.05,Chromobacterium,R1,5.76
30.05,Chromobacterium,R1,5.78
31.05,Chromobacterium,R1,5.8
32.05,Chromobacterium,R1,5.81
33.05,Chromobacterium,R1,5.83
34.05,Chromobacterium,R1,5.83
35.05,Chromobacterium,R1,5.85
36.05,Chromobacterium,R1,5.87
37.05,Chromobacterium,R1,5.87
38.05,Chromobacterium,R1,5.87
39.05,Chromobacterium,R1,5.87
40.05,Chromobacterium,R1,5.87
41.05,Chromobacterium,R1,5.89
42.07,Chromobacterium,R1,5.89
43.07,Chromobacterium,R1,5.9
44.07,Chromobacterium,R1,5.9
45.07,Chromobacterium,R1,5.89
46.07,Chromobacterium,R1,5.9
47.07,Chromobacterium,R1,5.91
48.07,Chromobacterium,R1,5.9
49.07,Chromobacterium,R1,5.9
50.07,Chromobacterium,R1,5.91
51.07,Chromobacterium,R1,5.91
52.07,Chromobacterium,R1,5.9
53.07,Chromobacterium,R1,5.92
54.07,Chromobacterium,R1,5.91
55.07,Chromobacterium,R1,5.9
56.07,Chromobacterium,R1,5.91
57.07,Chromobacterium,R1,5.89
58.07,Chromobacterium,R1,5.88
59.07,Chromobacterium,R1,5.87
60.07,Chromobacterium,R1,5.85
61.07,Chromobacterium,R1,5.85
62.07,Chromobacterium,R1,5.83
63.07,Chromobacterium,R1,5.82
64.07,Chromobacterium,R1,5.82
65.07,Chromobacterium,R1,5.8
66.07,Chromobacterium,R1,5.78
67.07,Chromobacterium,R1,5.77
68.07,Chromobacterium,R1,5.76
69.07,Chromobacterium,R1,5.76
70.07,Chromobacterium,R1,5.75
71.07,Chromobacterium,R1,5.73
72.07,Chromobacterium,R1,5.71
73.07,Chromobacterium,R1,5.7
74.07,Chromobacterium,R1,5.68
75.07,Chromobacterium,R1,5.67
76.07,Chromobacterium,R1,5.65
77.07,Chromobacterium,R1,5.65
78.07,Chromobacterium,R1,5.63
79.07,Chromobacterium,R1,5.61
80.07,Chromobacterium,R1,5.6
81.07,Chromobacterium,R1,5.59
82.07,Chromobacterium,R1,5.56
83.07,Chromobacterium,R1,5.55
84.07,Chromobacterium,R1,5.52
85.07,Chromobacterium,R1,5.5
86.07,Chromobacterium,R1,5.49
87.07,Chromobacterium,R1,5.46
88.07,Chromobacterium,R1,5.44
89.07,Chromobacterium,R1,5.44
90.07,Chromobacterium,R1,5.41
91.07,Chromobacterium,R1,5.38
92.07,Chromobacterium,R1,5.34
93.07,Chromobacterium,R1,5.35
94.07,Chromobacterium,R1,5.32
95.07,Chromobacterium,R1,5.3
96.07,Chromobacterium,R1,5.27
97.07,Chromobacterium,R1,5.24
98.07,Chromobacterium,R1,5.23
99.07,Chromobacterium,R1,5.19
100.07,Chromobacterium,R1,5.17
101.07,Chromobacterium,R1,5.13
102.07,Chromobacterium,R1,5.11
103.07,Chromobacterium,R1,5.08
104.07,Chromobacterium,R1,5.04
105.07,Chromobacterium,R1,5
106.07,Chromobacterium,R1,4.99
107.07,Chromobacterium,R1,4.95
108.07,Chromobacterium,R1,4.92
109.07,Chromobacterium,R1,4.88
110.07,Chromobacterium,R1,4.85
111.07,Chromobacterium,R1,4.8
112.07,Chromobacterium,R1,4.79
113.07,Chromobacterium,R1,4.74
114.07,Chromobacterium,R1,4.69
115.07,Chromobacterium,R1,4.66
116.07,Chromobacterium,R1,4.61
117.07,Chromobacterium,R1,4.58
118.07,Chromobacterium,R1,4.53
119.07,Chromobacterium,R1,4.49
120.07,Chromobacterium,R1,4.44
121.07,Chromobacterium,R1,4.4
122.07,Chromobacterium,R1,4.35
123.07,Chromobacterium,R1,4.3
124.08,Chromobacterium,R1,4.26
125.08,Chromobacterium,R1,4.21
126.08,Chromobacterium,R1,4.15
127.08,Chromobacterium,R1,4.1
128.08,Chromobacterium,R1,4.04
129.08,Chromobacterium,R1,3.97
130.08,Chromobacterium,R1,3.93
131.08,Chromobacterium,R1,3.86
132.08,Chromobacterium,R1,3.81
133.08,Chromobacterium,R1,3.74
134.08,Chromobacterium,R1,3.68
135.08,Chromobacterium,R1,3.62
136.08,Chromobacterium,R1,3.55
137.08,Chromobacterium,R1,3.47
138.08,Chromobacterium,R1,3.4
139.08,Chromobacterium,R1,3.33
140.08,Chromobacterium,R1,3.26
141.08,Chromobacterium,R1,3.18
142.08,Chromobacterium,R1,3.1
143.08,Chromobacterium,R1,3.03
144.08,Chromobacterium,R1,2.95
145.08,Chromobacterium,R1,2.86
146.08,Chromobacterium,R1,2.77
147.08,Chromobacterium,R1,2.68
148.08,Chromobacterium,R1,2.59
149.08,Chromobacterium,R1,2.5
150.08,Chromobacterium,R1,2.4
151.08,Chromobacterium,R1,2.29
152.08,Chromobacterium,R1,2.2
153.08,Chromobacterium,R1,2.09
154.08,Chromobacterium,R1,1.99
155.08,Chromobacterium,R1,1.86
156.08,Chromobacterium,R1,1.76
157.08,Chromobacterium,R1,1.63
158.08,Chromobacterium,R1,1.53
159.08,Chromobacterium,R1,1.41
160.08,Chromobacterium,R1,1.29
161.08,Chromobacterium,R1,1.15
162.08,Chromobacterium,R1,1.02
163.08,Chromobacterium,R1,0.9
164.08,Chromobacterium,R1,0.76
165.08,Chromobacterium,R1,0.61
166.08,Chromobacterium,R1,0.46
167.08,Chromobacterium,R1,0.32
168.08,Chromobacterium,R1,0.17
169.08,Chromobacterium,R1,0.03
170.08,Chromobacterium,R1,0
171.08,Chromobacterium,R1,0
172.08,Chromobacterium,R1,0
173.08,Chromobacterium,R1,0
174.08,Chromobacterium,R1,0
175.08,Chromobacterium,R1,0
176.08,Chromobacterium,R1,0
177.08,Chromobacterium,R1,0
178.08,Chromobacterium,R1,0
179.1,Chromobacterium,R1,0
180.1,Chromobacterium,R1,0
181.1,Chromobacterium,R1,0
182.1,Chromobacterium,R1,0
183.1,Chromobacterium,R1,0
184.1,Chromobacterium,R1,0
185.1,Chromobacterium,R1,0
186.1,Chromobacterium,R1,0
187.1,Chromobacterium,R1,0
188.1,Chromobacterium,R1,0
189.1,Chromobacterium,R1,0
190.1,Chromobacterium,R1,0
191.1,Chromobacterium,R1,0
192.1,Chromobacterium,R1,0
193.1,Chromobacterium,R1,0
194.1,Chromobacterium,R1,0
195.1,Chromobacterium,R1,0
196.1,Chromobacterium,R1,0
197.1,Chromobacterium,R1,0
198.1,Chromobacterium,R1,0
199.1,Chromobacterium,R1,0
200.1,Chromobacterium,R1,0
201.1,Chromobacterium,R1,0
202.1,Chromobacterium,R1,0
203.1,Chromobacterium,R1,0
204.1,Chromobacterium,R1,0
205.1,Chromobacterium,R1,0
206.1,Chromobacterium,R1,0
207.1,Chromobacterium,R1,0
208.1,Chromobacterium,R1,0
209.1,Chromobacterium,R1,0
210.1,Chromobacterium,R1,0
211.1,Chromobacterium,R1,0
212.1,Chromobacterium,R1,0
0.03,Chryseobacterium,R1,4.99
1.05,Chryseobacterium,R1,4.89
2.05,Chryseobacterium,R1,4.91
3.05,Chryseobacterium,R1,4.97
4.05,Chryseobacterium,R1,5.03
5.05,Chryseobacterium,R1,5.1
6.05,Chryseobacterium,R1,5.15
7.05,Chryseobacterium,R1,5.23
8.05,Chryseobacterium,R1,5.27
9.05,Chryseobacterium,R1,5.34
10.05,Chryseobacterium,R1,5.41
11.05,Chryseobacterium,R1,5.45
12.05,Chryseobacterium,R1,5.5
13.05,Chryseobacterium,R1,5.53
14.05,Chryseobacterium,R1,5.59
15.05,Chryseobacterium,R1,5.64
16.05,Chryseobacterium,R1,5.66
17.05,Chryseobacterium,R1,5.7
18.05,Chryseobacterium,R1,5.75
19.05,Chryseobacterium,R1,5.77
20.05,Chryseobacterium,R1,5.79
21.05,Chryseobacterium,R1,5.83
22.05,Chryseobacterium,R1,5.85
23.05,Chryseobacterium,R1,5.87
24.05,Chryseobacterium,R1,5.88
25.05,Chryseobacterium,R1,5.9
26.05,Chryseobacterium,R1,5.93
27.05,Chryseobacterium,R1,5.94
28.05,Chryseobacterium,R1,5.96
29.05,Chryseobacterium,R1,5.97
30.05,Chryseobacterium,R1,5.99
31.05,Chryseobacterium,R1,6
32.05,Chryseobacterium,R1,6.02
33.05,Chryseobacterium,R1,6.03
34.05,Chryseobacterium,R1,6.03
35.05,Chryseobacterium,R1,6.04
36.05,Chryseobacterium,R1,6.04
37.05,Chryseobacterium,R1,6.07
38.05,Chryseobacterium,R1,6.08
39.05,Chryseobacterium,R1,6.08
40.05,Chryseobacterium,R1,6.1
41.05,Chryseobacterium,R1,6.08
42.07,Chryseobacterium,R1,6.1
43.07,Chryseobacterium,R1,6.1
44.07,Chryseobacterium,R1,6.12
45.07,Chryseobacterium,R1,6.11
46.07,Chryseobacterium,R1,6.13
47.07,Chryseobacterium,R1,6.13
48.07,Chryseobacterium,R1,6.13
49.07,Chryseobacterium,R1,6.13
50.07,Chryseobacterium,R1,6.13
51.07,Chryseobacterium,R1,6.12
52.07,Chryseobacterium,R1,6.15
53.07,Chryseobacterium,R1,6.15
54.07,Chryseobacterium,R1,6.14
55.07,Chryseobacterium,R1,6.14
56.07,Chryseobacterium,R1,6.13
57.07,Chryseobacterium,R1,6.12
58.07,Chryseobacterium,R1,6.12
59.07,Chryseobacterium,R1,6.11
60.07,Chryseobacterium,R1,6.11
61.07,Chryseobacterium,R1,6.11
62.07,Chryseobacterium,R1,6.1
63.07,Chryseobacterium,R1,6.09
64.07,Chryseobacterium,R1,6.09
65.07,Chryseobacterium,R1,6.09
66.07,Chryseobacterium,R1,6.08
67.07,Chryseobacterium,R1,6.08
68.07,Chryseobacterium,R1,6.07
69.07,Chryseobacterium,R1,6.05
70.07,Chryseobacterium,R1,6.05
71.07,Chryseobacterium,R1,6.05
72.07,Chryseobacterium,R1,6.05
73.07,Chryseobacterium,R1,6.04
74.07,Chryseobacterium,R1,6.03
75.07,Chryseobacterium,R1,6.02
76.07,Chryseobacterium,R1,6.02
77.07,Chryseobacterium,R1,6.01
78.07,Chryseobacterium,R1,6
79.07,Chryseobacterium,R1,6
80.07,Chryseobacterium,R1,5.99
81.07,Chryseobacterium,R1,5.99
82.07,Chryseobacterium,R1,5.98
83.07,Chryseobacterium,R1,5.97
84.07,Chryseobacterium,R1,5.97
85.07,Chryseobacterium,R1,5.95
86.07,Chryseobacterium,R1,5.94
87.07,Chryseobacterium,R1,5.94
88.07,Chryseobacterium,R1,5.93
89.07,Chryseobacterium,R1,5.92
90.07,Chryseobacterium,R1,5.92
91.07,Chryseobacterium,R1,5.91
92.07,Chryseobacterium,R1,5.9
93.07,Chryseobacterium,R1,5.88
94.07,Chryseobacterium,R1,5.88
95.07,Chryseobacterium,R1,5.87
96.07,Chryseobacterium,R1,5.86
97.07,Chryseobacterium,R1,5.86
98.07,Chryseobacterium,R1,5.85
99.07,Chryseobacterium,R1,5.83
100.07,Chryseobacterium,R1,5.82
101.07,Chryseobacterium,R1,5.82
102.07,Chryseobacterium,R1,5.81
103.07,Chryseobacterium,R1,5.8
104.07,Chryseobacterium,R1,5.78
105.07,Chryseobacterium,R1,5.77
106.07,Chryseobacterium,R1,5.75
107.07,Chryseobacterium,R1,5.75
108.07,Chryseobacterium,R1,5.75
109.07,Chryseobacterium,R1,5.73
110.07,Chryseobacterium,R1,5.71
111.07,Chryseobacterium,R1,5.71
112.07,Chryseobacterium,R1,5.7
113.07,Chryseobacterium,R1,5.68
114.07,Chryseobacterium,R1,5.67
115.07,Chryseobacterium,R1,5.67
116.07,Chryseobacterium,R1,5.65
117.07,Chryseobacterium,R1,5.64
118.07,Chryseobacterium,R1,5.62
119.07,Chryseobacterium,R1,5.61
120.07,Chryseobacterium,R1,5.6
121.07,Chryseobacterium,R1,5.59
122.07,Chryseobacterium,R1,5.57
123.07,Chryseobacterium,R1,5.56
124.08,Chryseobacterium,R1,5.55
125.08,Chryseobacterium,R1,5.52
126.08,Chryseobacterium,R1,5.51
127.08,Chryseobacterium,R1,5.5
128.08,Chryseobacterium,R1,5.48
129.08,Chryseobacterium,R1,5.46
130.08,Chryseobacterium,R1,5.46
131.08,Chryseobacterium,R1,5.44
132.08,Chryseobacterium,R1,5.42
133.08,Chryseobacterium,R1,5.41
134.08,Chryseobacterium,R1,5.4
135.08,Chryseobacterium,R1,5.37
136.08,Chryseobacterium,R1,5.36
137.08,Chryseobacterium,R1,5.34
138.08,Chryseobacterium,R1,5.33
139.08,Chryseobacterium,R1,5.3
140.08,Chryseobacterium,R1,5.29
141.08,Chryseobacterium,R1,5.28
142.08,Chryseobacterium,R1,5.25
143.08,Chryseobacterium,R1,5.24
144.08,Chryseobacterium,R1,5.21
145.08,Chryseobacterium,R1,5.19
146.08,Chryseobacterium,R1,5.18
147.08,Chryseobacterium,R1,5.16
148.08,Chryseobacterium,R1,5.13
149.08,Chryseobacterium,R1,5.11
150.08,Chryseobacterium,R1,5.09
151.08,Chryseobacterium,R1,5.08
152.08,Chryseobacterium,R1,5.05
153.08,Chryseobacterium,R1,5.04
154.08,Chryseobacterium,R1,5.01
155.08,Chryseobacterium,R1,4.98
156.08,Chryseobacterium,R1,4.96
157.08,Chryseobacterium,R1,4.94
158.08,Chryseobacterium,R1,4.92
159.08,Chryseobacterium,R1,4.9
160.08,Chryseobacterium,R1,4.86
161.08,Chryseobacterium,R1,4.84
162.08,Chryseobacterium,R1,4.82
163.08,Chryseobacterium,R1,4.8
164.08,Chryseobacterium,R1,4.77
165.08,Chryseobacterium,R1,4.75
166.08,Chryseobacterium,R1,4.71
167.08,Chryseobacterium,R1,4.7
168.08,Chryseobacterium,R1,4.67
169.08,Chryseobacterium,R1,4.63
170.08,Chryseobacterium,R1,4.6
171.08,Chryseobacterium,R1,4.58
172.08,Chryseobacterium,R1,4.54
173.08,Chryseobacterium,R1,4.52
174.08,Chryseobacterium,R1,4.49
175.08,Chryseobacterium,R1,4.45
176.08,Chryseobacterium,R1,4.43
177.08,Chryseobacterium,R1,4.4
178.08,Chryseobacterium,R1,4.36
179.1,Chryseobacterium,R1,4.33
180.1,Chryseobacterium,R1,4.29
181.1,Chryseobacterium,R1,4.27
182.1,Chryseobacterium,R1,4.23
183.1,Chryseobacterium,R1,4.2
184.1,Chryseobacterium,R1,4.16
185.1,Chryseobacterium,R1,4.12
186.1,Chryseobacterium,R1,4.08
187.1,Chryseobacterium,R1,4.05
188.1,Chryseobacterium,R1,4.01
189.1,Chryseobacterium,R1,3.97
190.1,Chryseobacterium,R1,3.94
191.1,Chryseobacterium,R1,3.89
192.1,Chryseobacterium,R1,3.85
193.1,Chryseobacterium,R1,3.81
194.1,Chryseobacterium,R1,3.78
195.1,Chryseobacterium,R1,3.73
196.1,Chryseobacterium,R1,3.7
197.1,Chryseobacterium,R1,3.64
198.1,Chryseobacterium,R1,3.6
199.1,Chryseobacterium,R1,3.56
200.1,Chryseobacterium,R1,3.52
201.1,Chryseobacterium,R1,3.46
202.1,Chryseobacterium,R1,3.42
203.1,Chryseobacterium,R1,3.37
204.1,Chryseobacterium,R1,3.33
205.1,Chryseobacterium,R1,3.27
206.1,Chryseobacterium,R1,3.22
207.1,Chryseobacterium,R1,3.17
208.1,Chryseobacterium,R1,3.13
209.1,Chryseobacterium,R1,3.07
210.1,Chryseobacterium,R1,3.02
211.1,Chryseobacterium,R1,2.96
212.1,Chryseobacterium,R1,2.91
0.03,Flavobacterium_A,R1,4.91
1.05,Flavobacterium_A,R1,4.85
2.05,Flavobacterium_A,R1,4.91
3.05,Flavobacterium_A,R1,4.96
4.05,Flavobacterium_A,R1,5.06
5.05,Flavobacterium_A,R1,5.13
6.05,Flavobacterium_A,R1,5.19
7.05,Flavobacterium_A,R1,5.27
8.05,Flavobacterium_A,R1,5.35
9.05,Flavobacterium_A,R1,5.39
10.05,Flavobacterium_A,R1,5.46
11.05,Flavobacterium_A,R1,5.5
12.05,Flavobacterium_A,R1,5.55
13.05,Flavobacterium_A,R1,5.6
14.05,Flavobacterium_A,R1,5.64
15.05,Flavobacterium_A,R1,5.69
16.05,Flavobacterium_A,R1,5.71
17.05,Flavobacterium_A,R1,5.74
18.05,Flavobacterium_A,R1,5.79
19.05,Flavobacterium_A,R1,5.8
20.05,Flavobacterium_A,R1,5.83
21.05,Flavobacterium_A,R1,5.85
22.05,Flavobacterium_A,R1,5.87
23.05,Flavobacterium_A,R1,5.9
24.05,Flavobacterium_A,R1,5.9
25.05,Flavobacterium_A,R1,5.91
26.05,Flavobacterium_A,R1,5.94
27.05,Flavobacterium_A,R1,5.95
28.05,Flavobacterium_A,R1,5.97
29.05,Flavobacterium_A,R1,5.97
30.05,Flavobacterium_A,R1,6
31.05,Flavobacterium_A,R1,6
32.05,Flavobacterium_A,R1,6.02
33.05,Flavobacterium_A,R1,6.02
34.05,Flavobacterium_A,R1,6.03
35.05,Flavobacterium_A,R1,6.03
36.05,Flavobacterium_A,R1,6.03
37.05,Flavobacterium_A,R1,6.04
38.05,Flavobacterium_A,R1,6.05
39.05,Flavobacterium_A,R1,6.06
40.05,Flavobacterium_A,R1,6.07
41.05,Flavobacterium_A,R1,6.06
42.07,Flavobacterium_A,R1,6.06
43.07,Flavobacterium_A,R1,6.05
44.07,Flavobacterium_A,R1,6.04
45.07,Flavobacterium_A,R1,6.03
46.07,Flavobacterium_A,R1,6.03
47.07,Flavobacterium_A,R1,6.03
48.07,Flavobacterium_A,R1,6
49.07,Flavobacterium_A,R1,6.01
50.07,Flavobacterium_A,R1,5.98
51.07,Flavobacterium_A,R1,5.98
52.07,Flavobacterium_A,R1,5.97
53.07,Flavobacterium_A,R1,5.96
54.07,Flavobacterium_A,R1,5.95
55.07,Flavobacterium_A,R1,5.96
56.07,Flavobacterium_A,R1,5.94
57.07,Flavobacterium_A,R1,5.92
58.07,Flavobacterium_A,R1,5.91
59.07,Flavobacterium_A,R1,5.9
60.07,Flavobacterium_A,R1,5.89
61.07,Flavobacterium_A,R1,5.87
62.07,Flavobacterium_A,R1,5.87
63.07,Flavobacterium_A,R1,5.86
64.07,Flavobacterium_A,R1,5.84
65.07,Flavobacterium_A,R1,5.84
66.07,Flavobacterium_A,R1,5.81
67.07,Flavobacterium_A,R1,5.82
68.07,Flavobacterium_A,R1,5.79
69.07,Flavobacterium_A,R1,5.78
70.07,Flavobacterium_A,R1,5.78
71.07,Flavobacterium_A,R1,5.76
72.07,Flavobacterium_A,R1,5.76
73.07,Flavobacterium_A,R1,5.75
74.07,Flavobacterium_A,R1,5.71
75.07,Flavobacterium_A,R1,5.73
76.07,Flavobacterium_A,R1,5.69
77.07,Flavobacterium_A,R1,5.67
78.07,Flavobacterium_A,R1,5.68
79.07,Flavobacterium_A,R1,5.66
80.07,Flavobacterium_A,R1,5.65
81.07,Flavobacterium_A,R1,5.63
82.07,Flavobacterium_A,R1,5.61
83.07,Flavobacterium_A,R1,5.6
84.07,Flavobacterium_A,R1,5.57
85.07,Flavobacterium_A,R1,5.56
86.07,Flavobacterium_A,R1,5.54
87.07,Flavobacterium_A,R1,5.54
88.07,Flavobacterium_A,R1,5.51
89.07,Flavobacterium_A,R1,5.49
90.07,Flavobacterium_A,R1,5.48
91.07,Flavobacterium_A,R1,5.47
92.07,Flavobacterium_A,R1,5.45
93.07,Flavobacterium_A,R1,5.42
94.07,Flavobacterium_A,R1,5.4
95.07,Flavobacterium_A,R1,5.38
96.07,Flavobacterium_A,R1,5.36
97.07,Flavobacterium_A,R1,5.35
98.07,Flavobacterium_A,R1,5.33
99.07,Flavobacterium_A,R1,5.3
100.07,Flavobacterium_A,R1,5.29
101.07,Flavobacterium_A,R1,5.25
102.07,Flavobacterium_A,R1,5.24
103.07,Flavobacterium_A,R1,5.21
104.07,Flavobacterium_A,R1,5.19
105.07,Flavobacterium_A,R1,5.16
106.07,Flavobacterium_A,R1,5.15
107.07,Flavobacterium_A,R1,5.14
108.07,Flavobacterium_A,R1,5.12
109.07,Flavobacterium_A,R1,5.06
110.07,Flavobacterium_A,R1,5.06
111.07,Flavobacterium_A,R1,5.03
112.07,Flavobacterium_A,R1,5.01
113.07,Flavobacterium_A,R1,4.97
114.07,Flavobacterium_A,R1,4.95
115.07,Flavobacterium_A,R1,4.91
116.07,Flavobacterium_A,R1,4.88
117.07,Flavobacterium_A,R1,4.86
118.07,Flavobacterium_A,R1,4.82
119.07,Flavobacterium_A,R1,4.79
120.07,Flavobacterium_A,R1,4.77
121.07,Flavobacterium_A,R1,4.74
122.07,Flavobacterium_A,R1,4.71
123.07,Flavobacterium_A,R1,4.68
124.08,Flavobacterium_A,R1,4.63
125.08,Flavobacterium_A,R1,4.6
126.08,Flavobacterium_A,R1,4.58
127.08,Flavobacterium_A,R1,4.54
128.08,Flavobacterium_A,R1,4.51
129.08,Flavobacterium_A,R1,4.46
130.08,Flavobacterium_A,R1,4.43
131.08,Flavobacterium_A,R1,4.39
132.08,Flavobacterium_A,R1,4.35
133.08,Flavobacterium_A,R1,4.31
134.08,Flavobacterium_A,R1,4.29
135.08,Flavobacterium_A,R1,4.25
136.08,Flavobacterium_A,R1,4.19
137.08,Flavobacterium_A,R1,4.16
138.08,Flavobacterium_A,R1,4.11
139.08,Flavobacterium_A,R1,4.08
140.08,Flavobacterium_A,R1,4.01
141.08,Flavobacterium_A,R1,3.97
142.08,Flavobacterium_A,R1,3.91
143.08,Flavobacterium_A,R1,3.9
144.08,Flavobacterium_A,R1,3.82
145.08,Flavobacterium_A,R1,3.8
146.08,Flavobacterium_A,R1,3.75
147.08,Flavobacterium_A,R1,3.69
148.08,Flavobacterium_A,R1,3.65
149.08,Flavobacterium_A,R1,3.59
150.08,Flavobacterium_A,R1,3.54
151.08,Flavobacterium_A,R1,3.5
152.08,Flavobacterium_A,R1,3.42
153.08,Flavobacterium_A,R1,3.39
154.08,Flavobacterium_A,R1,3.31
155.08,Flavobacterium_A,R1,3.26
156.08,Flavobacterium_A,R1,3.2
157.08,Flavobacterium_A,R1,3.15
158.08,Flavobacterium_A,R1,3.08
159.08,Flavobacterium_A,R1,3.03
160.08,Flavobacterium_A,R1,2.96
161.08,Flavobacterium_A,R1,2.9
162.08,Flavobacterium_A,R1,2.85
163.08,Flavobacterium_A,R1,2.78
164.08,Flavobacterium_A,R1,2.71
165.08,Flavobacterium_A,R1,2.65
166.08,Flavobacterium_A,R1,2.56
167.08,Flavobacterium_A,R1,2.5
168.08,Flavobacterium_A,R1,2.43
169.08,Flavobacterium_A,R1,2.35
170.08,Flavobacterium_A,R1,2.28
171.08,Flavobacterium_A,R1,2.2
172.08,Flavobacterium_A,R1,2.11
173.08,Flavobacterium_A,R1,2.05
174.08,Flavobacterium_A,R1,1.96
175.08,Flavobacterium_A,R1,1.88
176.08,Flavobacterium_A,R1,1.81
177.08,Flavobacterium_A,R1,1.71
178.08,Flavobacterium_A,R1,1.62
179.1,Flavobacterium_A,R1,1.55
180.1,Flavobacterium_A,R1,1.44
181.1,Flavobacterium_A,R1,1.36
182.1,Flavobacterium_A,R1,1.25
183.1,Flavobacterium_A,R1,1.14
184.1,Flavobacterium_A,R1,1.06
185.1,Flavobacterium_A,R1,0.98
186.1,Flavobacterium_A,R1,0.87
187.1,Flavobacterium_A,R1,0.78
188.1,Flavobacterium_A,R1,0.68
189.1,Flavobacterium_A,R1,0.56
190.1,Flavobacterium_A,R1,0.45
191.1,Flavobacterium_A,R1,0.35
192.1,Flavobacterium_A,R1,0.24
193.1,Flavobacterium_A,R1,0.12
194.1,Flavobacterium_A,R1,0.01
195.1,Flavobacterium_A,R1,0
196.1,Flavobacterium_A,R1,0
197.1,Flavobacterium_A,R1,0
198.1,Flavobacterium_A,R1,0
199.1,Flavobacterium_A,R1,0
200.1,Flavobacterium_A,R1,0
201.1,Flavobacterium_A,R1,0
202.1,Flavobacterium_A,R1,0
203.1,Flavobacterium_A,R1,0
204.1,Flavobacterium_A,R1,0
205.1,Flavobacterium_A,R1,0
206.1,Flavobacterium_A,R1,0
207.1,Flavobacterium_A,R1,0
208.1,Flavobacterium_A,R1,0
209.1,Flavobacterium_A,R1,0
210.1,Flavobacterium_A,R1,0
211.1,Flavobacterium_A,R1,0
212.1,Flavobacterium_A,R1,0
0.03,Pseudomonas,R1,5.16
1.05,Pseudomonas,R1,5.14
2.05,Pseudomonas,R1,5.2
3.05,Pseudomonas,R1,5.25
4.05,Pseudomonas,R1,5.33
5.05,Pseudomonas,R1,5.4
6.05,Pseudomonas,R1,5.45
7.05,Pseudomonas,R1,5.52
8.05,Pseudomonas,R1,5.57
9.05,Pseudomonas,R1,5.62
10.05,Pseudomonas,R1,5.67
11.05,Pseudomonas,R1,5.73
12.05,Pseudomonas,R1,5.76
13.05,Pseudomonas,R1,5.8
14.05,Pseudomonas,R1,5.84
15.05,Pseudomonas,R1,5.89
16.05,Pseudomonas,R1,5.93
17.05,Pseudomonas,R1,5.96
18.05,Pseudomonas,R1,6.01
19.05,Pseudomonas,R1,6.03
20.05,Pseudomonas,R1,6.05
21.05,Pseudomonas,R1,6.09
22.05,Pseudomonas,R1,6.12
23.05,Pseudomonas,R1,6.13
24.05,Pseudomonas,R1,6.16
25.05,Pseudomonas,R1,6.18
26.05,Pseudomonas,R1,6.2
27.05,Pseudomonas,R1,6.21
28.05,Pseudomonas,R1,6.22
29.05,Pseudomonas,R1,6.23
30.05,Pseudomonas,R1,6.26
31.05,Pseudomonas,R1,6.27
32.05,Pseudomonas,R1,6.27
33.05,Pseudomonas,R1,6.28
34.05,Pseudomonas,R1,6.29
35.05,Pseudomonas,R1,6.31
36.05,Pseudomonas,R1,6.3
37.05,Pseudomonas,R1,6.32
38.05,Pseudomonas,R1,6.33
39.05,Pseudomonas,R1,6.35
40.05,Pseudomonas,R1,6.35
41.05,Pseudomonas,R1,6.36
42.07,Pseudomonas,R1,6.36
43.07,Pseudomonas,R1,6.37
44.07,Pseudomonas,R1,6.38
45.07,Pseudomonas,R1,6.38
46.07,Pseudomonas,R1,6.39
47.07,Pseudomonas,R1,6.38
48.07,Pseudomonas,R1,6.37
49.07,Pseudomonas,R1,6.37
50.07,Pseudomonas,R1,6.38
51.07,Pseudomonas,R1,6.38
52.07,Pseudomonas,R1,6.36
53.07,Pseudomonas,R1,6.37
54.07,Pseudomonas,R1,6.35
55.07,Pseudomonas,R1,6.32
56.07,Pseudomonas,R1,6.33
57.07,Pseudomonas,R1,6.32
58.07,Pseudomonas,R1,6.34
59.07,Pseudomonas,R1,6.31
60.07,Pseudomonas,R1,6.33
61.07,Pseudomonas,R1,6.31
62.07,Pseudomonas,R1,6.3
63.07,Pseudomonas,R1,6.3
64.07,Pseudomonas,R1,6.29
65.07,Pseudomonas,R1,6.28
66.07,Pseudomonas,R1,6.27
67.07,Pseudomonas,R1,6.27
68.07,Pseudomonas,R1,6.27
69.07,Pseudomonas,R1,6.25
70.07,Pseudomonas,R1,6.24
71.07,Pseudomonas,R1,6.24
72.07,Pseudomonas,R1,6.25
73.07,Pseudomonas,R1,6.22
74.07,Pseudomonas,R1,6.22
75.07,Pseudomonas,R1,6.2
76.07,Pseudomonas,R1,6.19
77.07,Pseudomonas,R1,6.17
78.07,Pseudomonas,R1,6.17
79.07,Pseudomonas,R1,6.17
80.07,Pseudomonas,R1,6.15
81.07,Pseudomonas,R1,6.14
82.07,Pseudomonas,R1,6.14
83.07,Pseudomonas,R1,6.13
84.07,Pseudomonas,R1,6.11
85.07,Pseudomonas,R1,6.1
86.07,Pseudomonas,R1,6.09
87.07,Pseudomonas,R1,6.09
88.07,Pseudomonas,R1,6.07
89.07,Pseudomonas,R1,6.06
90.07,Pseudomonas,R1,6.05
91.07,Pseudomonas,R1,6.01
92.07,Pseudomonas,R1,6.02
93.07,Pseudomonas,R1,6
94.07,Pseudomonas,R1,5.98
95.07,Pseudomonas,R1,5.97
96.07,Pseudomonas,R1,5.96
97.07,Pseudomonas,R1,5.92
98.07,Pseudomonas,R1,5.92
99.07,Pseudomonas,R1,5.92
100.07,Pseudomonas,R1,5.9
101.07,Pseudomonas,R1,5.86
102.07,Pseudomonas,R1,5.86
103.07,Pseudomonas,R1,5.84
104.07,Pseudomonas,R1,5.82
105.07,Pseudomonas,R1,5.8
106.07,Pseudomonas,R1,5.79
107.07,Pseudomonas,R1,5.76
108.07,Pseudomonas,R1,5.75
109.07,Pseudomonas,R1,5.72
110.07,Pseudomonas,R1,5.7
111.07,Pseudomonas,R1,5.69
112.07,Pseudomonas,R1,5.66
113.07,Pseudomonas,R1,5.63
114.07,Pseudomonas,R1,5.62
115.07,Pseudomonas,R1,5.59
116.07,Pseudomonas,R1,5.55
117.07,Pseudomonas,R1,5.55
118.07,Pseudomonas,R1,5.5
119.07,Pseudomonas,R1,5.5
120.07,Pseudomonas,R1,5.45
121.07,Pseudomonas,R1,5.43
122.07,Pseudomonas,R1,5.41
123.07,Pseudomonas,R1,5.38
124.08,Pseudomonas,R1,5.35
125.08,Pseudomonas,R1,5.32
126.08,Pseudomonas,R1,5.28
127.08,Pseudomonas,R1,5.24
128.08,Pseudomonas,R1,5.22
129.08,Pseudomonas,R1,5.17
130.08,Pseudomonas,R1,5.15
131.08,Pseudomonas,R1,5.12
132.08,Pseudomonas,R1,5.08
133.08,Pseudomonas,R1,5.04
134.08,Pseudomonas,R1,5
135.08,Pseudomonas,R1,4.96
136.08,Pseudomonas,R1,4.9
137.08,Pseudomonas,R1,4.89
138.08,Pseudomonas,R1,4.82
139.08,Pseudomonas,R1,4.79
140.08,Pseudomonas,R1,4.76
141.08,Pseudomonas,R1,4.71
142.08,Pseudomonas,R1,4.65
143.08,Pseudomonas,R1,4.61
144.08,Pseudomonas,R1,4.56
145.08,Pseudomonas,R1,4.51
146.08,Pseudomonas,R1,4.45
147.08,Pseudomonas,R1,4.39
148.08,Pseudomonas,R1,4.35
149.08,Pseudomonas,R1,4.3
150.08,Pseudomonas,R1,4.23
151.08,Pseudomonas,R1,4.17
152.08,Pseudomonas,R1,4.11
153.08,Pseudomonas,R1,4.06
154.08,Pseudomonas,R1,3.99
155.08,Pseudomonas,R1,3.92
156.08,Pseudomonas,R1,3.86
157.08,Pseudomonas,R1,3.79
158.08,Pseudomonas,R1,3.73
159.08,Pseudomonas,R1,3.68
160.08,Pseudomonas,R1,3.58
161.08,Pseudomonas,R1,3.51
162.08,Pseudomonas,R1,3.43
163.08,Pseudomonas,R1,3.35
164.08,Pseudomonas,R1,3.27
165.08,Pseudomonas,R1,3.2
166.08,Pseudomonas,R1,3.09
167.08,Pseudomonas,R1,3.03
168.08,Pseudomonas,R1,2.93
169.08,Pseudomonas,R1,2.84
170.08,Pseudomonas,R1,2.76
171.08,Pseudomonas,R1,2.65
172.08,Pseudomonas,R1,2.55
173.08,Pseudomonas,R1,2.44
174.08,Pseudomonas,R1,2.34
175.08,Pseudomonas,R1,2.24
176.08,Pseudomonas,R1,2.13
177.08,Pseudomonas,R1,2.01
178.08,Pseudomonas,R1,1.92
179.1,Pseudomonas,R1,1.79
180.1,Pseudomonas,R1,1.66
181.1,Pseudomonas,R1,1.53
182.1,Pseudomonas,R1,1.42
183.1,Pseudomonas,R1,1.28
184.1,Pseudomonas,R1,1.17
185.1,Pseudomonas,R1,1.03
186.1,Pseudomonas,R1,0.9
187.1,Pseudomonas,R1,0.73
188.1,Pseudomonas,R1,0.59
189.1,Pseudomonas,R1,0.45
190.1,Pseudomonas,R1,0.38
191.1,Pseudomonas,R1,0.35
192.1,Pseudomonas,R1,0.33
193.1,Pseudomonas,R1,0.33
194.1,Pseudomonas,R1,0.33
195.1,Pseudomonas,R1,0.33
196.1,Pseudomonas,R1,0.33
197.1,Pseudomonas,R1,0.33
198.1,Pseudomonas,R1,0.32
199.1,Pseudomonas,R1,0.31
200.1,Pseudomonas,R1,0.32
201.1,Pseudomonas,R1,0.33
202.1,Pseudomonas,R1,0.32
203.1,Pseudomonas,R1,0.32
204.1,Pseudomonas,R1,0.33
205.1,Pseudomonas,R1,0.32
206.1,Pseudomonas,R1,0.33
207.1,Pseudomonas,R1,0.33
208.1,Pseudomonas,R1,0.32
209.1,Pseudomonas,R1,0.32
210.1,Pseudomonas,R1,0.32
211.1,Pseudomonas,R1,0.33
212.1,Pseudomonas,R1,0.32
0.03,Serratia,R1,4.65
1.05,Serratia,R1,4.64
2.05,Serratia,R1,4.68
3.05,Serratia,R1,4.73
4.05,Serratia,R1,4.8
5.05,Serratia,R1,4.86
6.05,Serratia,R1,4.94
7.05,Serratia,R1,5
8.05,Serratia,R1,5.05
9.05,Serratia,R1,5.09
10.05,Serratia,R1,5.17
11.05,Serratia,R1,5.21
12.05,Serratia,R1,5.26
13.05,Serratia,R1,5.28
14.05,Serratia,R1,5.33
15.05,Serratia,R1,5.38
16.05,Serratia,R1,5.41
17.05,Serratia,R1,5.45
18.05,Serratia,R1,5.48
19.05,Serratia,R1,5.5
20.05,Serratia,R1,5.53
21.05,Serratia,R1,5.56
22.05,Serratia,R1,5.59
23.05,Serratia,R1,5.61
24.05,Serratia,R1,5.62
25.05,Serratia,R1,5.65
26.05,Serratia,R1,5.66
27.05,Serratia,R1,5.69
28.05,Serratia,R1,5.7
29.05,Serratia,R1,5.71
30.05,Serratia,R1,5.73
31.05,Serratia,R1,5.73
32.05,Serratia,R1,5.74
33.05,Serratia,R1,5.76
34.05,Serratia,R1,5.78
35.05,Serratia,R1,5.77
36.05,Serratia,R1,5.8
37.05,Serratia,R1,5.81
38.05,Serratia,R1,5.81
39.05,Serratia,R1,5.81
40.05,Serratia,R1,5.81
41.05,Serratia,R1,5.83
42.07,Serratia,R1,5.84
43.07,Serratia,R1,5.84
44.07,Serratia,R1,5.84
45.07,Serratia,R1,5.84
46.07,Serratia,R1,5.83
47.07,Serratia,R1,5.86
48.07,Serratia,R1,5.85
49.07,Serratia,R1,5.83
50.07,Serratia,R1,5.83
51.07,Serratia,R1,5.82
52.07,Serratia,R1,5.81
53.07,Serratia,R1,5.8
54.07,Serratia,R1,5.79
55.07,Serratia,R1,5.77
56.07,Serratia,R1,5.77
57.07,Serratia,R1,5.77
58.07,Serratia,R1,5.73
59.07,Serratia,R1,5.72
60.07,Serratia,R1,5.71
61.07,Serratia,R1,5.7
62.07,Serratia,R1,5.68
63.07,Serratia,R1,5.68
64.07,Serratia,R1,5.67
65.07,Serratia,R1,5.64
66.07,Serratia,R1,5.64
67.07,Serratia,R1,5.61
68.07,Serratia,R1,5.61
69.07,Serratia,R1,5.59
70.07,Serratia,R1,5.58
71.07,Serratia,R1,5.56
72.07,Serratia,R1,5.53
73.07,Serratia,R1,5.53
74.07,Serratia,R1,5.5
75.07,Serratia,R1,5.5
76.07,Serratia,R1,5.47
77.07,Serratia,R1,5.46
78.07,Serratia,R1,5.43
79.07,Serratia,R1,5.41
80.07,Serratia,R1,5.41
81.07,Serratia,R1,5.38
82.07,Serratia,R1,5.36
83.07,Serratia,R1,5.34
84.07,Serratia,R1,5.32
85.07,Serratia,R1,5.29
86.07,Serratia,R1,5.29
87.07,Serratia,R1,5.24
88.07,Serratia,R1,5.23
89.07,Serratia,R1,5.21
90.07,Serratia,R1,5.2
91.07,Serratia,R1,5.16
92.07,Serratia,R1,5.14
93.07,Serratia,R1,5.11
94.07,Serratia,R1,5.07
95.07,Serratia,R1,5.04
96.07,Serratia,R1,5.03
97.07,Serratia,R1,5.01
98.07,Serratia,R1,4.97
99.07,Serratia,R1,4.95
100.07,Serratia,R1,4.92
101.07,Serratia,R1,4.9
102.07,Serratia,R1,4.85
103.07,Serratia,R1,4.82
104.07,Serratia,R1,4.8
105.07,Serratia,R1,4.77
106.07,Serratia,R1,4.75
107.07,Serratia,R1,4.69
108.07,Serratia,R1,4.68
109.07,Serratia,R1,4.62
110.07,Serratia,R1,4.58
111.07,Serratia,R1,4.55
112.07,Serratia,R1,4.52
113.07,Serratia,R1,4.48
114.07,Serratia,R1,4.44
115.07,Serratia,R1,4.39
116.07,Serratia,R1,4.35
117.07,Serratia,R1,4.29
118.07,Serratia,R1,4.28
119.07,Serratia,R1,4.24
120.07,Serratia,R1,4.18
121.07,Serratia,R1,4.14
122.07,Serratia,R1,4.09
123.07,Serratia,R1,4.04
124.08,Serratia,R1,4
125.08,Serratia,R1,3.94
126.08,Serratia,R1,3.92
127.08,Serratia,R1,3.86
128.08,Serratia,R1,3.79
129.08,Serratia,R1,3.74
130.08,Serratia,R1,3.7
131.08,Serratia,R1,3.63
132.08,Serratia,R1,3.56
133.08,Serratia,R1,3.53
134.08,Serratia,R1,3.45
135.08,Serratia,R1,3.4
136.08,Serratia,R1,3.35
137.08,Serratia,R1,3.28
138.08,Serratia,R1,3.21
139.08,Serratia,R1,3.15
140.08,Serratia,R1,3.08
141.08,Serratia,R1,3.02
142.08,Serratia,R1,2.93
143.08,Serratia,R1,2.86
144.08,Serratia,R1,2.8
145.08,Serratia,R1,2.71
146.08,Serratia,R1,2.64
147.08,Serratia,R1,2.57
148.08,Serratia,R1,2.5
149.08,Serratia,R1,2.4
150.08,Serratia,R1,2.32
151.08,Serratia,R1,2.24
152.08,Serratia,R1,2.16
153.08,Serratia,R1,2.08
154.08,Serratia,R1,1.99
155.08,Serratia,R1,1.88
156.08,Serratia,R1,1.79
157.08,Serratia,R1,1.7
158.08,Serratia,R1,1.6
159.08,Serratia,R1,1.51
160.08,Serratia,R1,1.39
161.08,Serratia,R1,1.3
162.08,Serratia,R1,1.21
163.08,Serratia,R1,1.1
164.08,Serratia,R1,0.98
165.08,Serratia,R1,0.87
166.08,Serratia,R1,0.75
167.08,Serratia,R1,0.65
168.08,Serratia,R1,0.51
169.08,Serratia,R1,0.4
170.08,Serratia,R1,0.27
171.08,Serratia,R1,0.13
172.08,Serratia,R1,0.01
173.08,Serratia,R1,0
174.08,Serratia,R1,0
175.08,Serratia,R1,0
176.08,Serratia,R1,0
177.08,Serratia,R1,0
178.08,Serratia,R1,0
179.1,Serratia,R1,0
180.1,Serratia,R1,0
181.1,Serratia,R1,0
182.1,Serratia,R1,0
183.1,Serratia,R1,0
184.1,Serratia,R1,0
185.1,Serratia,R1,0
186.1,Serratia,R1,0
187.1,Serratia,R1,0
188.1,Serratia,R1,0
189.1,Serratia,R1,0
190.1,Serratia,R1,0
191.1,Serratia,R1,0
192.1,Serratia,R1,0
193.1,Serratia,R1,0
194.1,Serratia,R1,0
195.1,Serratia,R1,0
196.1,Serratia,R1,0
197.1,Serratia,R1,0
198.1,Serratia,R1,0
199.1,Serratia,R1,0
200.1,Serratia,R1,0
201.1,Serratia,R1,0
202.1,Serratia,R1,0
203.1,Serratia,R1,0
204.1,Serratia,R1,0
205.1,Serratia,R1,0
206.1,Serratia,R1,0
207.1,Serratia,R1,0
208.1,Serratia,R1,0
209.1,Serratia,R1,0
210.1,Serratia,R1,0
211.1,Serratia,R1,0
212.1,Serratia,R1,0
0.03,Yersinia,R1,4.87
1.05,Yersinia,R1,4.89
2.05,Yersinia,R1,4.96
3.05,Yersinia,R1,5.04
4.05,Yersinia,R1,5.11
5.05,Yersinia,R1,5.19
6.05,Yersinia,R1,5.28
7.05,Yersinia,R1,5.37
8.05,Yersinia,R1,5.44
9.05,Yersinia,R1,5.51
10.05,Yersinia,R1,5.57
11.05,Yersinia,R1,5.6
12.05,Yersinia,R1,5.64
13.05,Yersinia,R1,5.68
14.05,Yersinia,R1,5.73
15.05,Yersinia,R1,5.78
16.05,Yersinia,R1,5.83
17.05,Yersinia,R1,5.85
18.05,Yersinia,R1,5.89
19.05,Yersinia,R1,5.92
20.05,Yersinia,R1,5.96
21.05,Yersinia,R1,5.97
22.05,Yersinia,R1,5.99
23.05,Yersinia,R1,6.01
24.05,Yersinia,R1,6.01
25.05,Yersinia,R1,6.03
26.05,Yersinia,R1,6.04
27.05,Yersinia,R1,6.07
28.05,Yersinia,R1,6.08
29.05,Yersinia,R1,6.09
30.05,Yersinia,R1,6.1
31.05,Yersinia,R1,6.11
32.05,Yersinia,R1,6.12
33.05,Yersinia,R1,6.14
34.05,Yersinia,R1,6.15
35.05,Yersinia,R1,6.15
36.05,Yersinia,R1,6.17
37.05,Yersinia,R1,6.18
38.05,Yersinia,R1,6.18
39.05,Yersinia,R1,6.19
40.05,Yersinia,R1,6.19
41.05,Yersinia,R1,6.2
42.07,Yersinia,R1,6.2
43.07,Yersinia,R1,6.21
44.07,Yersinia,R1,6.2
45.07,Yersinia,R1,6.22
46.07,Yersinia,R1,6.23
47.07,Yersinia,R1,6.21
48.07,Yersinia,R1,6.2
49.07,Yersinia,R1,6.21
50.07,Yersinia,R1,6.2
51.07,Yersinia,R1,6.2
52.07,Yersinia,R1,6.21
53.07,Yersinia,R1,6.2
54.07,Yersinia,R1,6.19
55.07,Yersinia,R1,6.18
56.07,Yersinia,R1,6.19
57.07,Yersinia,R1,6.18
58.07,Yersinia,R1,6.18
59.07,Yersinia,R1,6.19
60.07,Yersinia,R1,6.18
61.07,Yersinia,R1,6.18
62.07,Yersinia,R1,6.19
63.07,Yersinia,R1,6.17
64.07,Yersinia,R1,6.17
65.07,Yersinia,R1,6.16
66.07,Yersinia,R1,6.16
67.07,Yersinia,R1,6.16
68.07,Yersinia,R1,6.15
69.07,Yersinia,R1,6.14
70.07,Yersinia,R1,6.14
71.07,Yersinia,R1,6.15
72.07,Yersinia,R1,6.12
73.07,Yersinia,R1,6.12
74.07,Yersinia,R1,6.12
75.07,Yersinia,R1,6.11
76.07,Yersinia,R1,6.11
77.07,Yersinia,R1,6.09
78.07,Yersinia,R1,6.1
79.07,Yersinia,R1,6.07
80.07,Yersinia,R1,6.09
81.07,Yersinia,R1,6.06
82.07,Yersinia,R1,6.05
83.07,Yersinia,R1,6.06
84.07,Yersinia,R1,6.04
85.07,Yersinia,R1,6.03
86.07,Yersinia,R1,6.02
87.07,Yersinia,R1,6
88.07,Yersinia,R1,5.99
89.07,Yersinia,R1,5.97
90.07,Yersinia,R1,5.96
91.07,Yersinia,R1,5.95
92.07,Yersinia,R1,5.92
93.07,Yersinia,R1,5.92
94.07,Yersinia,R1,5.9
95.07,Yersinia,R1,5.89
96.07,Yersinia,R1,5.89
97.07,Yersinia,R1,5.85
98.07,Yersinia,R1,5.83
99.07,Yersinia,R1,5.83
100.07,Yersinia,R1,5.8
101.07,Yersinia,R1,5.77
102.07,Yersinia,R1,5.75
103.07,Yersinia,R1,5.72
104.07,Yersinia,R1,5.71
105.07,Yersinia,R1,5.68
106.07,Yersinia,R1,5.64
107.07,Yersinia,R1,5.6
108.07,Yersinia,R1,5.6
109.07,Yersinia,R1,5.54
110.07,Yersinia,R1,5.52
111.07,Yersinia,R1,5.49
112.07,Yersinia,R1,5.45
113.07,Yersinia,R1,5.41
114.07,Yersinia,R1,5.37
115.07,Yersinia,R1,5.34
116.07,Yersinia,R1,5.29
117.07,Yersinia,R1,5.25
118.07,Yersinia,R1,5.2
119.07,Yersinia,R1,5.14
120.07,Yersinia,R1,5.08
121.07,Yersinia,R1,5.03
122.07,Yersinia,R1,4.99
123.07,Yersinia,R1,4.91
124.08,Yersinia,R1,4.85
125.08,Yersinia,R1,4.78
126.08,Yersinia,R1,4.72
127.08,Yersinia,R1,4.64
128.08,Yersinia,R1,4.58
129.08,Yersinia,R1,4.49
130.08,Yersinia,R1,4.39
131.08,Yersinia,R1,4.33
132.08,Yersinia,R1,4.23
133.08,Yersinia,R1,4.13
134.08,Yersinia,R1,4.03
135.08,Yersinia,R1,3.93
136.08,Yersinia,R1,3.82
137.08,Yersinia,R1,3.7
138.08,Yersinia,R1,3.59
139.08,Yersinia,R1,3.47
140.08,Yersinia,R1,3.33
141.08,Yersinia,R1,3.18
142.08,Yersinia,R1,3.06
143.08,Yersinia,R1,2.89
144.08,Yersinia,R1,2.72
145.08,Yersinia,R1,2.57
146.08,Yersinia,R1,2.38
147.08,Yersinia,R1,2.2
148.08,Yersinia,R1,2.01
149.08,Yersinia,R1,1.82
150.08,Yersinia,R1,1.61
151.08,Yersinia,R1,1.38
152.08,Yersinia,R1,1.16
153.08,Yersinia,R1,0.92
154.08,Yersinia,R1,0.67
155.08,Yersinia,R1,0.4
156.08,Yersinia,R1,0.12
157.08,Yersinia,R1,0
158.08,Yersinia,R1,0
159.08,Yersinia,R1,0
160.08,Yersinia,R1,0
161.08,Yersinia,R1,0
162.08,Yersinia,R1,0
163.08,Yersinia,R1,0
164.08,Yersinia,R1,0
165.08,Yersinia,R1,0
166.08,Yersinia,R1,0
167.08,Yersinia,R1,0
168.08,Yersinia,R1,0
169.08,Yersinia,R1,0
170.08,Yersinia,R1,0
171.08,Yersinia,R1,0
172.08,Yersinia,R1,0
173.08,Yersinia,R1,0
174.08,Yersinia,R1,0
175.08,Yersinia,R1,0
176.08,Yersinia,R1,0
177.08,Yersinia,R1,0
178.08,Yersinia,R1,0
179.1,Yersinia,R1,0
180.1,Yersinia,R1,0
181.1,Yersinia,R1,0
182.1,Yersinia,R1,0
183.1,Yersinia,R1,0
184.1,Yersinia,R1,0
185.1,Yersinia,R1,0
186.1,Yersinia,R1,0
187.1,Yersinia,R1,0
188.1,Yersinia,R1,0
189.1,Yersinia,R1,0
190.1,Yersinia,R1,0
191.1,Yersinia,R1,0
192.1,Yersinia,R1,0
193.1,Yersinia,R1,0
194.1,Yersinia,R1,0
195.1,Yersinia,R1,0
196.1,Yersinia,R1,0
197.1,Yersinia,R1,0
198.1,Yersinia,R1,0
199.1,Yersinia,R1,0
200.1,Yersinia,R1,0
201.1,Yersinia,R1,0
202.1,Yersinia,R1,0
203.1,Yersinia,R1,0
204.1,Yersinia,R1,0
205.1,Yersinia,R1,0
206.1,Yersinia,R1,0
207.1,Yersinia,R1,0
208.1,Yersinia,R1,0
209.1,Yersinia,R1,0
210.1,Yersinia,R1,0
211.1,Yersinia,R1,0
212.1,Yersinia,R1,0
0.03,Aeromonas_A,R2,5.23
1.05,Aeromonas_A,R2,5.05
2.05,Aeromonas_A,R2,5
3.05,Aeromonas_A,R2,5.02
4.05,Aeromonas_A,R2,5.07
5.05,Aeromonas_A,R2,5.13
6.05,Aeromonas_A,R2,5.17
7.05,Aeromonas_A,R2,5.25
8.05,Aeromonas_A,R2,5.29
9.05,Aeromonas_A,R2,5.35
10.05,Aeromonas_A,R2,5.39
11.05,Aeromonas_A,R2,5.45
12.05,Aeromonas_A,R2,5.49
13.05,Aeromonas_A,R2,5.53
14.05,Aeromonas_A,R2,5.58
15.05,Aeromonas_A,R2,5.62
16.05,Aeromonas_A,R2,5.66
17.05,Aeromonas_A,R2,5.69
18.05,Aeromonas_A,R2,5.72
19.05,Aeromonas_A,R2,5.76
20.05,Aeromonas_A,R2,5.77
21.05,Aeromonas_A,R2,5.8
22.05,Aeromonas_A,R2,5.84
23.05,Aeromonas_A,R2,5.86
24.05,Aeromonas_A,R2,5.87
25.05,Aeromonas_A,R2,5.88
26.05,Aeromonas_A,R2,5.91
27.05,Aeromonas_A,R2,5.93
28.05,Aeromonas_A,R2,5.96
29.05,Aeromonas_A,R2,5.98
30.05,Aeromonas_A,R2,6
31.05,Aeromonas_A,R2,6
32.05,Aeromonas_A,R2,6.03
33.05,Aeromonas_A,R2,6.02
34.05,Aeromonas_A,R2,6.04
35.05,Aeromonas_A,R2,6.04
36.05,Aeromonas_A,R2,6.05
37.05,Aeromonas_A,R2,6.08
38.05,Aeromonas_A,R2,6.09
39.05,Aeromonas_A,R2,6.09
40.05,Aeromonas_A,R2,6.1
41.05,Aeromonas_A,R2,6.09
42.07,Aeromonas_A,R2,6.11
43.07,Aeromonas_A,R2,6.1
44.07,Aeromonas_A,R2,6.11
45.07,Aeromonas_A,R2,6.12
46.07,Aeromonas_A,R2,6.12
47.07,Aeromonas_A,R2,6.12
48.07,Aeromonas_A,R2,6.11
49.07,Aeromonas_A,R2,6.12
50.07,Aeromonas_A,R2,6.12
51.07,Aeromonas_A,R2,6.12
52.07,Aeromonas_A,R2,6.12
53.07,Aeromonas_A,R2,6.12
54.07,Aeromonas_A,R2,6.13
55.07,Aeromonas_A,R2,6.13
56.07,Aeromonas_A,R2,6.12
57.07,Aeromonas_A,R2,6.1
58.07,Aeromonas_A,R2,6.1
59.07,Aeromonas_A,R2,6.09
60.07,Aeromonas_A,R2,6.08
61.07,Aeromonas_A,R2,6.08
62.07,Aeromonas_A,R2,6.06
63.07,Aeromonas_A,R2,6.05
64.07,Aeromonas_A,R2,6.06
65.07,Aeromonas_A,R2,6.03
66.07,Aeromonas_A,R2,6.02
67.07,Aeromonas_A,R2,6.03
68.07,Aeromonas_A,R2,6.01
69.07,Aeromonas_A,R2,5.99
70.07,Aeromonas_A,R2,5.99
71.07,Aeromonas_A,R2,5.97
72.07,Aeromonas_A,R2,5.97
73.07,Aeromonas_A,R2,5.96
74.07,Aeromonas_A,R2,5.94
75.07,Aeromonas_A,R2,5.93
76.07,Aeromonas_A,R2,5.91
77.07,Aeromonas_A,R2,5.9
78.07,Aeromonas_A,R2,5.88
79.07,Aeromonas_A,R2,5.88
80.07,Aeromonas_A,R2,5.85
81.07,Aeromonas_A,R2,5.84
82.07,Aeromonas_A,R2,5.83
83.07,Aeromonas_A,R2,5.81
84.07,Aeromonas_A,R2,5.81
85.07,Aeromonas_A,R2,5.78
86.07,Aeromonas_A,R2,5.76
87.07,Aeromonas_A,R2,5.73
88.07,Aeromonas_A,R2,5.72
89.07,Aeromonas_A,R2,5.74
90.07,Aeromonas_A,R2,5.71
91.07,Aeromonas_A,R2,5.71
92.07,Aeromonas_A,R2,5.69
93.07,Aeromonas_A,R2,5.66
94.07,Aeromonas_A,R2,5.64
95.07,Aeromonas_A,R2,5.62
96.07,Aeromonas_A,R2,5.6
97.07,Aeromonas_A,R2,5.58
98.07,Aeromonas_A,R2,5.58
99.07,Aeromonas_A,R2,5.56
100.07,Aeromonas_A,R2,5.53
101.07,Aeromonas_A,R2,5.5
102.07,Aeromonas_A,R2,5.48
103.07,Aeromonas_A,R2,5.47
104.07,Aeromonas_A,R2,5.45
105.07,Aeromonas_A,R2,5.43
106.07,Aeromonas_A,R2,5.4
107.07,Aeromonas_A,R2,5.38
108.07,Aeromonas_A,R2,5.36
109.07,Aeromonas_A,R2,5.33
110.07,Aeromonas_A,R2,5.29
111.07,Aeromonas_A,R2,5.29
112.07,Aeromonas_A,R2,5.25
113.07,Aeromonas_A,R2,5.23
114.07,Aeromonas_A,R2,5.19
115.07,Aeromonas_A,R2,5.17
116.07,Aeromonas_A,R2,5.14
117.07,Aeromonas_A,R2,5.11
118.07,Aeromonas_A,R2,5.09
119.07,Aeromonas_A,R2,5.06
120.07,Aeromonas_A,R2,5.03
121.07,Aeromonas_A,R2,5.01
122.07,Aeromonas_A,R2,4.97
123.07,Aeromonas_A,R2,4.95
124.08,Aeromonas_A,R2,4.92
125.08,Aeromonas_A,R2,4.87
126.08,Aeromonas_A,R2,4.83
127.08,Aeromonas_A,R2,4.81
128.08,Aeromonas_A,R2,4.79
129.08,Aeromonas_A,R2,4.73
130.08,Aeromonas_A,R2,4.7
131.08,Aeromonas_A,R2,4.67
132.08,Aeromonas_A,R2,4.62
133.08,Aeromonas_A,R2,4.59
134.08,Aeromonas_A,R2,4.57
135.08,Aeromonas_A,R2,4.49
136.08,Aeromonas_A,R2,4.47
137.08,Aeromonas_A,R2,4.43
138.08,Aeromonas_A,R2,4.39
139.08,Aeromonas_A,R2,4.34
140.08,Aeromonas_A,R2,4.3
141.08,Aeromonas_A,R2,4.24
142.08,Aeromonas_A,R2,4.2
143.08,Aeromonas_A,R2,4.15
144.08,Aeromonas_A,R2,4.11
145.08,Aeromonas_A,R2,4.07
146.08,Aeromonas_A,R2,4.01
147.08,Aeromonas_A,R2,3.96
148.08,Aeromonas_A,R2,3.89
149.08,Aeromonas_A,R2,3.87
150.08,Aeromonas_A,R2,3.8
151.08,Aeromonas_A,R2,3.74
152.08,Aeromonas_A,R2,3.7
153.08,Aeromonas_A,R2,3.62
154.08,Aeromonas_A,R2,3.58
155.08,Aeromonas_A,R2,3.54
156.08,Aeromonas_A,R2,3.46
157.08,Aeromonas_A,R2,3.39
158.08,Aeromonas_A,R2,3.33
159.08,Aeromonas_A,R2,3.27
160.08,Aeromonas_A,R2,3.2
161.08,Aeromonas_A,R2,3.13
162.08,Aeromonas_A,R2,3.05
163.08,Aeromonas_A,R2,2.99
164.08,Aeromonas_A,R2,2.92
165.08,Aeromonas_A,R2,2.85
166.08,Aeromonas_A,R2,2.77
167.08,Aeromonas_A,R2,2.7
168.08,Aeromonas_A,R2,2.62
169.08,Aeromonas_A,R2,2.54
170.08,Aeromonas_A,R2,2.44
171.08,Aeromonas_A,R2,2.38
172.08,Aeromonas_A,R2,2.29
173.08,Aeromonas_A,R2,2.23
174.08,Aeromonas_A,R2,2.12
175.08,Aeromonas_A,R2,2.04
176.08,Aeromonas_A,R2,1.93
177.08,Aeromonas_A,R2,1.85
178.08,Aeromonas_A,R2,1.75
179.1,Aeromonas_A,R2,1.65
180.1,Aeromonas_A,R2,1.57
181.1,Aeromonas_A,R2,1.46
182.1,Aeromonas_A,R2,1.35
183.1,Aeromonas_A,R2,1.24
184.1,Aeromonas_A,R2,1.15
185.1,Aeromonas_A,R2,1.04
186.1,Aeromonas_A,R2,0.92
187.1,Aeromonas_A,R2,0.81
188.1,Aeromonas_A,R2,0.7
189.1,Aeromonas_A,R2,0.58
190.1,Aeromonas_A,R2,0.46
191.1,Aeromonas_A,R2,0.35
192.1,Aeromonas_A,R2,0.21
193.1,Aeromonas_A,R2,0.08
194.1,Aeromonas_A,R2,0
195.1,Aeromonas_A,R2,0
196.1,Aeromonas_A,R2,0
197.1,Aeromonas_A,R2,0
198.1,Aeromonas_A,R2,0
199.1,Aeromonas_A,R2,0
200.1,Aeromonas_A,R2,0
201.1,Aeromonas_A,R2,0
202.1,Aeromonas_A,R2,0
203.1,Aeromonas_A,R2,0
204.1,Aeromonas_A,R2,0
205.1,Aeromonas_A,R2,0
206.1,Aeromonas_A,R2,0
207.1,Aeromonas_A,R2,0
208.1,Aeromonas_A,R2,0
209.1,Aeromonas_A,R2,0
210.1,Aeromonas_A,R2,0
211.1,Aeromonas_A,R2,0
212.1,Aeromonas_A,R2,0
0.03,Bacillus,R2,4.91
1.05,Bacillus,R2,4.88
2.05,Bacillus,R2,4.91
3.05,Bacillus,R2,4.94
4.05,Bacillus,R2,4.99
5.05,Bacillus,R2,5
6.05,Bacillus,R2,5.08
7.05,Bacillus,R2,5.12
8.05,Bacillus,R2,5.17
9.05,Bacillus,R2,5.2
10.05,Bacillus,R2,5.25
11.05,Bacillus,R2,5.28
12.05,Bacillus,R2,5.33
13.05,Bacillus,R2,5.36
14.05,Bacillus,R2,5.39
15.05,Bacillus,R2,5.44
16.05,Bacillus,R2,5.48
17.05,Bacillus,R2,5.5
18.05,Bacillus,R2,5.54
19.05,Bacillus,R2,5.57
20.05,Bacillus,R2,5.6
21.05,Bacillus,R2,5.62
22.05,Bacillus,R2,5.66
23.05,Bacillus,R2,5.68
24.05,Bacillus,R2,5.69
25.05,Bacillus,R2,5.73
26.05,Bacillus,R2,5.73
27.05,Bacillus,R2,5.76
28.05,Bacillus,R2,5.79
29.05,Bacillus,R2,5.8
30.05,Bacillus,R2,5.82
31.05,Bacillus,R2,5.85
32.05,Bacillus,R2,5.85
33.05,Bacillus,R2,5.87
34.05,Bacillus,R2,5.89
35.05,Bacillus,R2,5.89
36.05,Bacillus,R2,5.92
37.05,Bacillus,R2,5.93
38.05,Bacillus,R2,5.94
39.05,Bacillus,R2,5.95
40.05,Bacillus,R2,5.95
41.05,Bacillus,R2,5.97
42.07,Bacillus,R2,5.97
43.07,Bacillus,R2,5.97
44.07,Bacillus,R2,5.98
45.07,Bacillus,R2,5.99
46.07,Bacillus,R2,5.98
47.07,Bacillus,R2,6
48.07,Bacillus,R2,6
49.07,Bacillus,R2,6.01
50.07,Bacillus,R2,6
51.07,Bacillus,R2,6
52.07,Bacillus,R2,5.98
53.07,Bacillus,R2,5.98
54.07,Bacillus,R2,5.98
55.07,Bacillus,R2,5.97
56.07,Bacillus,R2,5.95
57.07,Bacillus,R2,5.96
58.07,Bacillus,R2,5.95
59.07,Bacillus,R2,5.95
60.07,Bacillus,R2,5.92
61.07,Bacillus,R2,5.91
62.07,Bacillus,R2,5.92
63.07,Bacillus,R2,5.89
64.07,Bacillus,R2,5.89
65.07,Bacillus,R2,5.87
66.07,Bacillus,R2,5.84
67.07,Bacillus,R2,5.86
68.07,Bacillus,R2,5.84
69.07,Bacillus,R2,5.84
70.07,Bacillus,R2,5.83
71.07,Bacillus,R2,5.8
72.07,Bacillus,R2,5.81
73.07,Bacillus,R2,5.78
74.07,Bacillus,R2,5.75
75.07,Bacillus,R2,5.75
76.07,Bacillus,R2,5.75
77.07,Bacillus,R2,5.72
78.07,Bacillus,R2,5.71
79.07,Bacillus,R2,5.71
80.07,Bacillus,R2,5.69
81.07,Bacillus,R2,5.68
82.07,Bacillus,R2,5.64
83.07,Bacillus,R2,5.64
84.07,Bacillus,R2,5.64
85.07,Bacillus,R2,5.59
86.07,Bacillus,R2,5.61
87.07,Bacillus,R2,5.56
88.07,Bacillus,R2,5.54
89.07,Bacillus,R2,5.54
90.07,Bacillus,R2,5.51
91.07,Bacillus,R2,5.49
92.07,Bacillus,R2,5.47
93.07,Bacillus,R2,5.45
94.07,Bacillus,R2,5.43
95.07,Bacillus,R2,5.4
96.07,Bacillus,R2,5.38
97.07,Bacillus,R2,5.37
98.07,Bacillus,R2,5.35
99.07,Bacillus,R2,5.31
100.07,Bacillus,R2,5.29
101.07,Bacillus,R2,5.24
102.07,Bacillus,R2,5.23
103.07,Bacillus,R2,5.21
104.07,Bacillus,R2,5.18
105.07,Bacillus,R2,5.12
106.07,Bacillus,R2,5.11
107.07,Bacillus,R2,5.08
108.07,Bacillus,R2,5.06
109.07,Bacillus,R2,5.03
110.07,Bacillus,R2,4.98
111.07,Bacillus,R2,4.97
112.07,Bacillus,R2,4.91
113.07,Bacillus,R2,4.88
114.07,Bacillus,R2,4.83
115.07,Bacillus,R2,4.8
116.07,Bacillus,R2,4.77
117.07,Bacillus,R2,4.72
118.07,Bacillus,R2,4.67
119.07,Bacillus,R2,4.64
120.07,Bacillus,R2,4.59
121.07,Bacillus,R2,4.54
122.07,Bacillus,R2,4.51
123.07,Bacillus,R2,4.46
124.08,Bacillus,R2,4.4
125.08,Bacillus,R2,4.38
126.08,Bacillus,R2,4.31
127.08,Bacillus,R2,4.23
128.08,Bacillus,R2,4.19
129.08,Bacillus,R2,4.14
130.08,Bacillus,R2,4.09
131.08,Bacillus,R2,4.03
132.08,Bacillus,R2,3.97
133.08,Bacillus,R2,3.9
134.08,Bacillus,R2,3.84
135.08,Bacillus,R2,3.78
136.08,Bacillus,R2,3.71
137.08,Bacillus,R2,3.63
138.08,Bacillus,R2,3.57
139.08,Bacillus,R2,3.5
140.08,Bacillus,R2,3.42
141.08,Bacillus,R2,3.34
142.08,Bacillus,R2,3.28
143.08,Bacillus,R2,3.18
144.08,Bacillus,R2,3.09
145.08,Bacillus,R2,3.01
146.08,Bacillus,R2,2.93
147.08,Bacillus,R2,2.83
148.08,Bacillus,R2,2.75
149.08,Bacillus,R2,2.64
150.08,Bacillus,R2,2.54
151.08,Bacillus,R2,2.44
152.08,Bacillus,R2,2.34
153.08,Bacillus,R2,2.23
154.08,Bacillus,R2,2.13
155.08,Bacillus,R2,2.02
156.08,Bacillus,R2,1.91
157.08,Bacillus,R2,1.79
158.08,Bacillus,R2,1.65
159.08,Bacillus,R2,1.54
160.08,Bacillus,R2,1.41
161.08,Bacillus,R2,1.27
162.08,Bacillus,R2,1.16
163.08,Bacillus,R2,1
164.08,Bacillus,R2,0.88
165.08,Bacillus,R2,0.7
166.08,Bacillus,R2,0.56
167.08,Bacillus,R2,0.41
168.08,Bacillus,R2,0.25
169.08,Bacillus,R2,0.19
170.08,Bacillus,R2,0.12
171.08,Bacillus,R2,0.07
172.08,Bacillus,R2,0.05
173.08,Bacillus,R2,0.03
174.08,Bacillus,R2,0
175.08,Bacillus,R2,0
176.08,Bacillus,R2,0
177.08,Bacillus,R2,0
178.08,Bacillus,R2,0
179.1,Bacillus,R2,0
180.1,Bacillus,R2,0
181.1,Bacillus,R2,0
182.1,Bacillus,R2,0
183.1,Bacillus,R2,0
184.1,Bacillus,R2,0
185.1,Bacillus,R2,0
186.1,Bacillus,R2,0
187.1,Bacillus,R2,0
188.1,Bacillus,R2,0
189.1,Bacillus,R2,0
190.1,Bacillus,R2,0
191.1,Bacillus,R2,0
192.1,Bacillus,R2,0
193.1,Bacillus,R2,0
194.1,Bacillus,R2,0
195.1,Bacillus,R2,0
196.1,Bacillus,R2,0
197.1,Bacillus,R2,0
198.1,Bacillus,R2,0
199.1,Bacillus,R2,0
200.1,Bacillus,R2,0
201.1,Bacillus,R2,0
202.1,Bacillus,R2,0
203.1,Bacillus,R2,0
204.1,Bacillus,R2,0
205.1,Bacillus,R2,0
206.1,Bacillus,R2,0
207.1,Bacillus,R2,0
208.1,Bacillus,R2,0
209.1,Bacillus,R2,0
210.1,Bacillus,R2,0
211.1,Bacillus,R2,0
212.1,Bacillus,R2,0
0.03,Chromobacterium,R2,5.29
1.05,Chromobacterium,R2,5.22
2.05,Chromobacterium,R2,5.23
3.05,Chromobacterium,R2,5.26
4.05,Chromobacterium,R2,5.27
5.05,Chromobacterium,R2,5.32
6.05,Chromobacterium,R2,5.36
7.05,Chromobacterium,R2,5.39
8.05,Chromobacterium,R2,5.43
9.05,Chromobacterium,R2,5.46
10.05,Chromobacterium,R2,5.49
11.05,Chromobacterium,R2,5.54
12.05,Chromobacterium,R2,5.58
13.05,Chromobacterium,R2,5.6
14.05,Chromobacterium,R2,5.62
15.05,Chromobacterium,R2,5.68
16.05,Chromobacterium,R2,5.71
17.05,Chromobacterium,R2,5.73
18.05,Chromobacterium,R2,5.75
19.05,Chromobacterium,R2,5.79
20.05,Chromobacterium,R2,5.81
21.05,Chromobacterium,R2,5.84
22.05,Chromobacterium,R2,5.86
23.05,Chromobacterium,R2,5.89
24.05,Chromobacterium,R2,5.9
25.05,Chromobacterium,R2,5.93
26.05,Chromobacterium,R2,5.96
27.05,Chromobacterium,R2,5.98
28.05,Chromobacterium,R2,6
29.05,Chromobacterium,R2,6.01
30.05,Chromobacterium,R2,6.03
31.05,Chromobacterium,R2,6.05
32.05,Chromobacterium,R2,6.05
33.05,Chromobacterium,R2,6.07
34.05,Chromobacterium,R2,6.1
35.05,Chromobacterium,R2,6.1
36.05,Chromobacterium,R2,6.13
37.05,Chromobacterium,R2,6.14
38.05,Chromobacterium,R2,6.16
39.05,Chromobacterium,R2,6.16
40.05,Chromobacterium,R2,6.16
41.05,Chromobacterium,R2,6.18
42.07,Chromobacterium,R2,6.19
43.07,Chromobacterium,R2,6.2
44.07,Chromobacterium,R2,6.2
45.07,Chromobacterium,R2,6.2
46.07,Chromobacterium,R2,6.2
47.07,Chromobacterium,R2,6.22
48.07,Chromobacterium,R2,6.22
49.07,Chromobacterium,R2,6.22
50.07,Chromobacterium,R2,6.22
51.07,Chromobacterium,R2,6.23
52.07,Chromobacterium,R2,6.23
53.07,Chromobacterium,R2,6.24
54.07,Chromobacterium,R2,6.23
55.07,Chromobacterium,R2,6.22
56.07,Chromobacterium,R2,6.23
57.07,Chromobacterium,R2,6.25
58.07,Chromobacterium,R2,6.25
59.07,Chromobacterium,R2,6.25
60.07,Chromobacterium,R2,6.23
61.07,Chromobacterium,R2,6.22
62.07,Chromobacterium,R2,6.21
63.07,Chromobacterium,R2,6.2
64.07,Chromobacterium,R2,6.19
65.07,Chromobacterium,R2,6.17
66.07,Chromobacterium,R2,6.18
67.07,Chromobacterium,R2,6.16
68.07,Chromobacterium,R2,6.16
69.07,Chromobacterium,R2,6.14
70.07,Chromobacterium,R2,6.14
71.07,Chromobacterium,R2,6.12
72.07,Chromobacterium,R2,6.13
73.07,Chromobacterium,R2,6.11
74.07,Chromobacterium,R2,6.09
75.07,Chromobacterium,R2,6.09
76.07,Chromobacterium,R2,6.07
77.07,Chromobacterium,R2,6.05
78.07,Chromobacterium,R2,6.05
79.07,Chromobacterium,R2,6.04
80.07,Chromobacterium,R2,6.01
81.07,Chromobacterium,R2,6.02
82.07,Chromobacterium,R2,6.01
83.07,Chromobacterium,R2,5.99
84.07,Chromobacterium,R2,5.97
85.07,Chromobacterium,R2,5.96
86.07,Chromobacterium,R2,5.94
87.07,Chromobacterium,R2,5.92
88.07,Chromobacterium,R2,5.91
89.07,Chromobacterium,R2,5.91
90.07,Chromobacterium,R2,5.88
91.07,Chromobacterium,R2,5.86
92.07,Chromobacterium,R2,5.84
93.07,Chromobacterium,R2,5.84
94.07,Chromobacterium,R2,5.81
95.07,Chromobacterium,R2,5.79
96.07,Chromobacterium,R2,5.75
97.07,Chromobacterium,R2,5.75
98.07,Chromobacterium,R2,5.73
99.07,Chromobacterium,R2,5.71
100.07,Chromobacterium,R2,5.69
101.07,Chromobacterium,R2,5.66
102.07,Chromobacterium,R2,5.64
103.07,Chromobacterium,R2,5.61
104.07,Chromobacterium,R2,5.59
105.07,Chromobacterium,R2,5.55
106.07,Chromobacterium,R2,5.54
107.07,Chromobacterium,R2,5.51
108.07,Chromobacterium,R2,5.49
109.07,Chromobacterium,R2,5.45
110.07,Chromobacterium,R2,5.44
111.07,Chromobacterium,R2,5.38
112.07,Chromobacterium,R2,5.37
113.07,Chromobacterium,R2,5.33
114.07,Chromobacterium,R2,5.31
115.07,Chromobacterium,R2,5.29
116.07,Chromobacterium,R2,5.24
117.07,Chromobacterium,R2,5.21
118.07,Chromobacterium,R2,5.17
119.07,Chromobacterium,R2,5.14
120.07,Chromobacterium,R2,5.1
121.07,Chromobacterium,R2,5.04
122.07,Chromobacterium,R2,5.01
123.07,Chromobacterium,R2,4.98
124.08,Chromobacterium,R2,4.93
125.08,Chromobacterium,R2,4.88
126.08,Chromobacterium,R2,4.85
127.08,Chromobacterium,R2,4.81
128.08,Chromobacterium,R2,4.76
129.08,Chromobacterium,R2,4.71
130.08,Chromobacterium,R2,4.66
131.08,Chromobacterium,R2,4.62
132.08,Chromobacterium,R2,4.57
133.08,Chromobacterium,R2,4.5
134.08,Chromobacterium,R2,4.46
135.08,Chromobacterium,R2,4.4
136.08,Chromobacterium,R2,4.35
137.08,Chromobacterium,R2,4.29
138.08,Chromobacterium,R2,4.24
139.08,Chromobacterium,R2,4.18
140.08,Chromobacterium,R2,4.12
141.08,Chromobacterium,R2,4.05
142.08,Chromobacterium,R2,3.99
143.08,Chromobacterium,R2,3.92
144.08,Chromobacterium,R2,3.85
145.08,Chromobacterium,R2,3.78
146.08,Chromobacterium,R2,3.7
147.08,Chromobacterium,R2,3.62
148.08,Chromobacterium,R2,3.54
149.08,Chromobacterium,R2,3.46
150.08,Chromobacterium,R2,3.38
151.08,Chromobacterium,R2,3.3
152.08,Chromobacterium,R2,3.22
153.08,Chromobacterium,R2,3.13
154.08,Chromobacterium,R2,3.04
155.08,Chromobacterium,R2,2.95
156.08,Chromobacterium,R2,2.85
157.08,Chromobacterium,R2,2.74
158.08,Chromobacterium,R2,2.66
159.08,Chromobacterium,R2,2.54
160.08,Chromobacterium,R2,2.45
161.08,Chromobacterium,R2,2.33
162.08,Chromobacterium,R2,2.22
163.08,Chromobacterium,R2,2.11
164.08,Chromobacterium,R2,2
165.08,Chromobacterium,R2,1.88
166.08,Chromobacterium,R2,1.75
167.08,Chromobacterium,R2,1.61
168.08,Chromobacterium,R2,1.48
169.08,Chromobacterium,R2,1.36
170.08,Chromobacterium,R2,1.2
171.08,Chromobacterium,R2,1.07
172.08,Chromobacterium,R2,0.93
173.08,Chromobacterium,R2,0.78
174.08,Chromobacterium,R2,0.64
175.08,Chromobacterium,R2,0.47
176.08,Chromobacterium,R2,0.38
177.08,Chromobacterium,R2,0.36
178.08,Chromobacterium,R2,0.36
179.1,Chromobacterium,R2,0.36
180.1,Chromobacterium,R2,0.36
181.1,Chromobacterium,R2,0.36
182.1,Chromobacterium,R2,0.36
183.1,Chromobacterium,R2,0.36
184.1,Chromobacterium,R2,0.35
185.1,Chromobacterium,R2,0.36
186.1,Chromobacterium,R2,0.36
187.1,Chromobacterium,R2,0.36
188.1,Chromobacterium,R2,0.36
189.1,Chromobacterium,R2,0.36
190.1,Chromobacterium,R2,0.37
191.1,Chromobacterium,R2,0.36
192.1,Chromobacterium,R2,0.36
193.1,Chromobacterium,R2,0.37
194.1,Chromobacterium,R2,0.36
195.1,Chromobacterium,R2,0.37
196.1,Chromobacterium,R2,0.36
197.1,Chromobacterium,R2,0.36
198.1,Chromobacterium,R2,0.36
199.1,Chromobacterium,R2,0.36
200.1,Chromobacterium,R2,0.36
201.1,Chromobacterium,R2,0.36
202.1,Chromobacterium,R2,0.36
203.1,Chromobacterium,R2,0.36
204.1,Chromobacterium,R2,0.36
205.1,Chromobacterium,R2,0.36
206.1,Chromobacterium,R2,0.36
207.1,Chromobacterium,R2,0.36
208.1,Chromobacterium,R2,0.36
209.1,Chromobacterium,R2,0.36
210.1,Chromobacterium,R2,0.36
211.1,Chromobacterium,R2,0.36
212.1,Chromobacterium,R2,0.36
0.03,Chryseobacterium,R2,4.71
1.05,Chryseobacterium,R2,4.68
2.05,Chryseobacterium,R2,4.73
3.05,Chryseobacterium,R2,4.77
4.05,Chryseobacterium,R2,4.83
5.05,Chryseobacterium,R2,4.88
6.05,Chryseobacterium,R2,4.92
7.05,Chryseobacterium,R2,4.97
8.05,Chryseobacterium,R2,5.01
9.05,Chryseobacterium,R2,5.06
10.05,Chryseobacterium,R2,5.1
11.05,Chryseobacterium,R2,5.15
12.05,Chryseobacterium,R2,5.18
13.05,Chryseobacterium,R2,5.23
14.05,Chryseobacterium,R2,5.26
15.05,Chryseobacterium,R2,5.31
16.05,Chryseobacterium,R2,5.34
17.05,Chryseobacterium,R2,5.36
18.05,Chryseobacterium,R2,5.4
19.05,Chryseobacterium,R2,5.44
20.05,Chryseobacterium,R2,5.47
21.05,Chryseobacterium,R2,5.5
22.05,Chryseobacterium,R2,5.52
23.05,Chryseobacterium,R2,5.57
24.05,Chryseobacterium,R2,5.58
25.05,Chryseobacterium,R2,5.6
26.05,Chryseobacterium,R2,5.63
27.05,Chryseobacterium,R2,5.65
28.05,Chryseobacterium,R2,5.67
29.05,Chryseobacterium,R2,5.7
30.05,Chryseobacterium,R2,5.72
31.05,Chryseobacterium,R2,5.74
32.05,Chryseobacterium,R2,5.75
33.05,Chryseobacterium,R2,5.77
34.05,Chryseobacterium,R2,5.79
35.05,Chryseobacterium,R2,5.8
36.05,Chryseobacterium,R2,5.81
37.05,Chryseobacterium,R2,5.83
38.05,Chryseobacterium,R2,5.85
39.05,Chryseobacterium,R2,5.85
40.05,Chryseobacterium,R2,5.87
41.05,Chryseobacterium,R2,5.87
42.07,Chryseobacterium,R2,5.88
43.07,Chryseobacterium,R2,5.89
44.07,Chryseobacterium,R2,5.9
45.07,Chryseobacterium,R2,5.9
46.07,Chryseobacterium,R2,5.92
47.07,Chryseobacterium,R2,5.92
48.07,Chryseobacterium,R2,5.93
49.07,Chryseobacterium,R2,5.94
50.07,Chryseobacterium,R2,5.95
51.07,Chryseobacterium,R2,5.94
52.07,Chryseobacterium,R2,5.95
53.07,Chryseobacterium,R2,5.95
54.07,Chryseobacterium,R2,5.96
55.07,Chryseobacterium,R2,5.96
56.07,Chryseobacterium,R2,5.95
57.07,Chryseobacterium,R2,5.96
58.07,Chryseobacterium,R2,5.96
59.07,Chryseobacterium,R2,5.97
60.07,Chryseobacterium,R2,5.95
61.07,Chryseobacterium,R2,5.97
62.07,Chryseobacterium,R2,5.97
63.07,Chryseobacterium,R2,5.98
64.07,Chryseobacterium,R2,5.97
65.07,Chryseobacterium,R2,5.97
66.07,Chryseobacterium,R2,5.97
67.07,Chryseobacterium,R2,5.95
68.07,Chryseobacterium,R2,5.96
69.07,Chryseobacterium,R2,5.95
70.07,Chryseobacterium,R2,5.95
71.07,Chryseobacterium,R2,5.94
72.07,Chryseobacterium,R2,5.94
73.07,Chryseobacterium,R2,5.93
74.07,Chryseobacterium,R2,5.93
75.07,Chryseobacterium,R2,5.92
76.07,Chryseobacterium,R2,5.91
77.07,Chryseobacterium,R2,5.9
78.07,Chryseobacterium,R2,5.9
79.07,Chryseobacterium,R2,5.9
80.07,Chryseobacterium,R2,5.89
81.07,Chryseobacterium,R2,5.89
82.07,Chryseobacterium,R2,5.88
83.07,Chryseobacterium,R2,5.88
84.07,Chryseobacterium,R2,5.88
85.07,Chryseobacterium,R2,5.86
86.07,Chryseobacterium,R2,5.86
87.07,Chryseobacterium,R2,5.85
88.07,Chryseobacterium,R2,5.85
89.07,Chryseobacterium,R2,5.84
90.07,Chryseobacterium,R2,5.83
91.07,Chryseobacterium,R2,5.82
92.07,Chryseobacterium,R2,5.81
93.07,Chryseobacterium,R2,5.81
94.07,Chryseobacterium,R2,5.8
95.07,Chryseobacterium,R2,5.79
96.07,Chryseobacterium,R2,5.78
97.07,Chryseobacterium,R2,5.79
98.07,Chryseobacterium,R2,5.77
99.07,Chryseobacterium,R2,5.76
100.07,Chryseobacterium,R2,5.76
101.07,Chryseobacterium,R2,5.75
102.07,Chryseobacterium,R2,5.74
103.07,Chryseobacterium,R2,5.74
104.07,Chryseobacterium,R2,5.72
105.07,Chryseobacterium,R2,5.71
106.07,Chryseobacterium,R2,5.7
107.07,Chryseobacterium,R2,5.7
108.07,Chryseobacterium,R2,5.68
109.07,Chryseobacterium,R2,5.68
110.07,Chryseobacterium,R2,5.67
111.07,Chryseobacterium,R2,5.65
112.07,Chryseobacterium,R2,5.65
113.07,Chryseobacterium,R2,5.63
114.07,Chryseobacterium,R2,5.63
115.07,Chryseobacterium,R2,5.62
116.07,Chryseobacterium,R2,5.61
117.07,Chryseobacterium,R2,5.59
118.07,Chryseobacterium,R2,5.58
119.07,Chryseobacterium,R2,5.57
120.07,Chryseobacterium,R2,5.55
121.07,Chryseobacterium,R2,5.55
122.07,Chryseobacterium,R2,5.53
123.07,Chryseobacterium,R2,5.52
124.08,Chryseobacterium,R2,5.51
125.08,Chryseobacterium,R2,5.5
126.08,Chryseobacterium,R2,5.49
127.08,Chryseobacterium,R2,5.48
128.08,Chryseobacterium,R2,5.46
129.08,Chryseobacterium,R2,5.45
130.08,Chryseobacterium,R2,5.43
131.08,Chryseobacterium,R2,5.43
132.08,Chryseobacterium,R2,5.4
133.08,Chryseobacterium,R2,5.4
134.08,Chryseobacterium,R2,5.38
135.08,Chryseobacterium,R2,5.37
136.08,Chryseobacterium,R2,5.35
137.08,Chryseobacterium,R2,5.35
138.08,Chryseobacterium,R2,5.32
139.08,Chryseobacterium,R2,5.3
140.08,Chryseobacterium,R2,5.29
141.08,Chryseobacterium,R2,5.27
142.08,Chryseobacterium,R2,5.25
143.08,Chryseobacterium,R2,5.24
144.08,Chryseobacterium,R2,5.22
145.08,Chryseobacterium,R2,5.21
146.08,Chryseobacterium,R2,5.18
147.08,Chryseobacterium,R2,5.17
148.08,Chryseobacterium,R2,5.15
149.08,Chryseobacterium,R2,5.13
150.08,Chryseobacterium,R2,5.12
151.08,Chryseobacterium,R2,5.1
152.08,Chryseobacterium,R2,5.08
153.08,Chryseobacterium,R2,5.06
154.08,Chryseobacterium,R2,5.03
155.08,Chryseobacterium,R2,5.01
156.08,Chryseobacterium,R2,4.99
157.08,Chryseobacterium,R2,4.97
158.08,Chryseobacterium,R2,4.95
159.08,Chryseobacterium,R2,4.93
160.08,Chryseobacterium,R2,4.91
161.08,Chryseobacterium,R2,4.88
162.08,Chryseobacterium,R2,4.86
163.08,Chryseobacterium,R2,4.84
164.08,Chryseobacterium,R2,4.82
165.08,Chryseobacterium,R2,4.79
166.08,Chryseobacterium,R2,4.76
167.08,Chryseobacterium,R2,4.74
168.08,Chryseobacterium,R2,4.72
169.08,Chryseobacterium,R2,4.69
170.08,Chryseobacterium,R2,4.67
171.08,Chryseobacterium,R2,4.64
172.08,Chryseobacterium,R2,4.61
173.08,Chryseobacterium,R2,4.59
174.08,Chryseobacterium,R2,4.56
175.08,Chryseobacterium,R2,4.53
176.08,Chryseobacterium,R2,4.5
177.08,Chryseobacterium,R2,4.46
178.08,Chryseobacterium,R2,4.43
179.1,Chryseobacterium,R2,4.41
180.1,Chryseobacterium,R2,4.37
181.1,Chryseobacterium,R2,4.35
182.1,Chryseobacterium,R2,4.31
183.1,Chryseobacterium,R2,4.28
184.1,Chryseobacterium,R2,4.24
185.1,Chryseobacterium,R2,4.21
186.1,Chryseobacterium,R2,4.18
187.1,Chryseobacterium,R2,4.14
188.1,Chryseobacterium,R2,4.11
189.1,Chryseobacterium,R2,4.07
190.1,Chryseobacterium,R2,4.03
191.1,Chryseobacterium,R2,4
192.1,Chryseobacterium,R2,3.95
193.1,Chryseobacterium,R2,3.92
194.1,Chryseobacterium,R2,3.88
195.1,Chryseobacterium,R2,3.84
196.1,Chryseobacterium,R2,3.8
197.1,Chryseobacterium,R2,3.76
198.1,Chryseobacterium,R2,3.72
199.1,Chryseobacterium,R2,3.67
200.1,Chryseobacterium,R2,3.63
201.1,Chryseobacterium,R2,3.59
202.1,Chryseobacterium,R2,3.54
203.1,Chryseobacterium,R2,3.5
204.1,Chryseobacterium,R2,3.45
205.1,Chryseobacterium,R2,3.4
206.1,Chryseobacterium,R2,3.36
207.1,Chryseobacterium,R2,3.31
208.1,Chryseobacterium,R2,3.26
209.1,Chryseobacterium,R2,3.21
210.1,Chryseobacterium,R2,3.16
211.1,Chryseobacterium,R2,3.1
212.1,Chryseobacterium,R2,3.05
0.03,Flavobacterium_A,R2,5.25
1.05,Flavobacterium_A,R2,5.18
2.05,Flavobacterium_A,R2,5.24
3.05,Flavobacterium_A,R2,5.29
4.05,Flavobacterium_A,R2,5.35
5.05,Flavobacterium_A,R2,5.42
6.05,Flavobacterium_A,R2,5.47
7.05,Flavobacterium_A,R2,5.54
8.05,Flavobacterium_A,R2,5.59
9.05,Flavobacterium_A,R2,5.64
10.05,Flavobacterium_A,R2,5.69
11.05,Flavobacterium_A,R2,5.74
12.05,Flavobacterium_A,R2,5.77
13.05,Flavobacterium_A,R2,5.81
14.05,Flavobacterium_A,R2,5.86
15.05,Flavobacterium_A,R2,5.9
16.05,Flavobacterium_A,R2,5.92
17.05,Flavobacterium_A,R2,5.96
18.05,Flavobacterium_A,R2,6
19.05,Flavobacterium_A,R2,6.03
20.05,Flavobacterium_A,R2,6.05
21.05,Flavobacterium_A,R2,6.07
22.05,Flavobacterium_A,R2,6.1
23.05,Flavobacterium_A,R2,6.12
24.05,Flavobacterium_A,R2,6.14
25.05,Flavobacterium_A,R2,6.15
26.05,Flavobacterium_A,R2,6.18
27.05,Flavobacterium_A,R2,6.19
28.05,Flavobacterium_A,R2,6.2
29.05,Flavobacterium_A,R2,6.21
30.05,Flavobacterium_A,R2,6.22
31.05,Flavobacterium_A,R2,6.23
32.05,Flavobacterium_A,R2,6.24
33.05,Flavobacterium_A,R2,6.25
34.05,Flavobacterium_A,R2,6.23
35.05,Flavobacterium_A,R2,6.24
36.05,Flavobacterium_A,R2,6.24
37.05,Flavobacterium_A,R2,6.25
38.05,Flavobacterium_A,R2,6.26
39.05,Flavobacterium_A,R2,6.26
40.05,Flavobacterium_A,R2,6.26
41.05,Flavobacterium_A,R2,6.25
42.07,Flavobacterium_A,R2,6.27
43.07,Flavobacterium_A,R2,6.26
44.07,Flavobacterium_A,R2,6.28
45.07,Flavobacterium_A,R2,6.28
46.07,Flavobacterium_A,R2,6.28
47.07,Flavobacterium_A,R2,6.27
48.07,Flavobacterium_A,R2,6.27
49.07,Flavobacterium_A,R2,6.28
50.07,Flavobacterium_A,R2,6.29
51.07,Flavobacterium_A,R2,6.27
52.07,Flavobacterium_A,R2,6.27
53.07,Flavobacterium_A,R2,6.25
54.07,Flavobacterium_A,R2,6.23
55.07,Flavobacterium_A,R2,6.22
56.07,Flavobacterium_A,R2,6.2
57.07,Flavobacterium_A,R2,6.19
58.07,Flavobacterium_A,R2,6.18
59.07,Flavobacterium_A,R2,6.15
60.07,Flavobacterium_A,R2,6.16
61.07,Flavobacterium_A,R2,6.14
62.07,Flavobacterium_A,R2,6.13
63.07,Flavobacterium_A,R2,6.11
64.07,Flavobacterium_A,R2,6.09
65.07,Flavobacterium_A,R2,6.08
66.07,Flavobacterium_A,R2,6.07
67.07,Flavobacterium_A,R2,6.06
68.07,Flavobacterium_A,R2,6.01
69.07,Flavobacterium_A,R2,6.01
70.07,Flavobacterium_A,R2,6.01
71.07,Flavobacterium_A,R2,5.98
72.07,Flavobacterium_A,R2,5.96
73.07,Flavobacterium_A,R2,5.93
74.07,Flavobacterium_A,R2,5.94
75.07,Flavobacterium_A,R2,5.9
76.07,Flavobacterium_A,R2,5.89
77.07,Flavobacterium_A,R2,5.87
78.07,Flavobacterium_A,R2,5.86
79.07,Flavobacterium_A,R2,5.83
80.07,Flavobacterium_A,R2,5.79
81.07,Flavobacterium_A,R2,5.76
82.07,Flavobacterium_A,R2,5.76
83.07,Flavobacterium_A,R2,5.75
84.07,Flavobacterium_A,R2,5.73
85.07,Flavobacterium_A,R2,5.71
86.07,Flavobacterium_A,R2,5.69
87.07,Flavobacterium_A,R2,5.67
88.07,Flavobacterium_A,R2,5.66
89.07,Flavobacterium_A,R2,5.61
90.07,Flavobacterium_A,R2,5.6
91.07,Flavobacterium_A,R2,5.58
92.07,Flavobacterium_A,R2,5.56
93.07,Flavobacterium_A,R2,5.51
94.07,Flavobacterium_A,R2,5.5
95.07,Flavobacterium_A,R2,5.47
96.07,Flavobacterium_A,R2,5.45
97.07,Flavobacterium_A,R2,5.43
98.07,Flavobacterium_A,R2,5.41
99.07,Flavobacterium_A,R2,5.37
100.07,Flavobacterium_A,R2,5.33
101.07,Flavobacterium_A,R2,5.32
102.07,Flavobacterium_A,R2,5.28
103.07,Flavobacterium_A,R2,5.25
104.07,Flavobacterium_A,R2,5.22
105.07,Flavobacterium_A,R2,5.21
106.07,Flavobacterium_A,R2,5.15
107.07,Flavobacterium_A,R2,5.14
108.07,Flavobacterium_A,R2,5.11
109.07,Flavobacterium_A,R2,5.06
110.07,Flavobacterium_A,R2,5.05
111.07,Flavobacterium_A,R2,5.01
112.07,Flavobacterium_A,R2,4.96
113.07,Flavobacterium_A,R2,4.95
114.07,Flavobacterium_A,R2,4.91
115.07,Flavobacterium_A,R2,4.88
116.07,Flavobacterium_A,R2,4.85
117.07,Flavobacterium_A,R2,4.81
118.07,Flavobacterium_A,R2,4.77
119.07,Flavobacterium_A,R2,4.74
120.07,Flavobacterium_A,R2,4.71
121.07,Flavobacterium_A,R2,4.65
122.07,Flavobacterium_A,R2,4.63
123.07,Flavobacterium_A,R2,4.58
124.08,Flavobacterium_A,R2,4.53
125.08,Flavobacterium_A,R2,4.51
126.08,Flavobacterium_A,R2,4.46
127.08,Flavobacterium_A,R2,4.42
128.08,Flavobacterium_A,R2,4.37
129.08,Flavobacterium_A,R2,4.33
130.08,Flavobacterium_A,R2,4.29
131.08,Flavobacterium_A,R2,4.24
132.08,Flavobacterium_A,R2,4.2
133.08,Flavobacterium_A,R2,4.17
134.08,Flavobacterium_A,R2,4.1
135.08,Flavobacterium_A,R2,4.07
136.08,Flavobacterium_A,R2,4.02
137.08,Flavobacterium_A,R2,3.98
138.08,Flavobacterium_A,R2,3.91
139.08,Flavobacterium_A,R2,3.85
140.08,Flavobacterium_A,R2,3.82
141.08,Flavobacterium_A,R2,3.76
142.08,Flavobacterium_A,R2,3.71
143.08,Flavobacterium_A,R2,3.66
144.08,Flavobacterium_A,R2,3.63
145.08,Flavobacterium_A,R2,3.55
146.08,Flavobacterium_A,R2,3.5
147.08,Flavobacterium_A,R2,3.45
148.08,Flavobacterium_A,R2,3.39
149.08,Flavobacterium_A,R2,3.33
150.08,Flavobacterium_A,R2,3.25
151.08,Flavobacterium_A,R2,3.21
152.08,Flavobacterium_A,R2,3.15
153.08,Flavobacterium_A,R2,3.08
154.08,Flavobacterium_A,R2,3.02
155.08,Flavobacterium_A,R2,2.95
156.08,Flavobacterium_A,R2,2.89
157.08,Flavobacterium_A,R2,2.81
158.08,Flavobacterium_A,R2,2.74
159.08,Flavobacterium_A,R2,2.67
160.08,Flavobacterium_A,R2,2.62
161.08,Flavobacterium_A,R2,2.54
162.08,Flavobacterium_A,R2,2.45
163.08,Flavobacterium_A,R2,2.41
164.08,Flavobacterium_A,R2,2.33
165.08,Flavobacterium_A,R2,2.24
166.08,Flavobacterium_A,R2,2.16
167.08,Flavobacterium_A,R2,2.09
168.08,Flavobacterium_A,R2,2.02
169.08,Flavobacterium_A,R2,1.92
170.08,Flavobacterium_A,R2,1.85
171.08,Flavobacterium_A,R2,1.78
172.08,Flavobacterium_A,R2,1.69
173.08,Flavobacterium_A,R2,1.59
174.08,Flavobacterium_A,R2,1.52
175.08,Flavobacterium_A,R2,1.4
176.08,Flavobacterium_A,R2,1.34
177.08,Flavobacterium_A,R2,1.24
178.08,Flavobacterium_A,R2,1.15
179.1,Flavobacterium_A,R2,1.06
180.1,Flavobacterium_A,R2,0.97
181.1,Flavobacterium_A,R2,0.87
182.1,Flavobacterium_A,R2,0.75
183.1,Flavobacterium_A,R2,0.65
184.1,Flavobacterium_A,R2,0.57
185.1,Flavobacterium_A,R2,0.46
186.1,Flavobacterium_A,R2,0.36
187.1,Flavobacterium_A,R2,0.25
188.1,Flavobacterium_A,R2,0.14
189.1,Flavobacterium_A,R2,0.05
190.1,Flavobacterium_A,R2,0.03
191.1,Flavobacterium_A,R2,0.03
192.1,Flavobacterium_A,R2,0.02
193.1,Flavobacterium_A,R2,0.03
194.1,Flavobacterium_A,R2,0.03
195.1,Flavobacterium_A,R2,0.03
196.1,Flavobacterium_A,R2,0.03
197.1,Flavobacterium_A,R2,0.01
198.1,Flavobacterium_A,R2,0.01
199.1,Flavobacterium_A,R2,0.01
200.1,Flavobacterium_A,R2,0.02
201.1,Flavobacterium_A,R2,0.02
202.1,Flavobacterium_A,R2,0.02
203.1,Flavobacterium_A,R2,0.02
204.1,Flavobacterium_A,R2,0.03
205.1,Flavobacterium_A,R2,0.02
206.1,Flavobacterium_A,R2,0.03
207.1,Flavobacterium_A,R2,0.03
208.1,Flavobacterium_A,R2,0.02
209.1,Flavobacterium_A,R2,0.01
210.1,Flavobacterium_A,R2,0.01
211.1,Flavobacterium_A,R2,0.03
212.1,Flavobacterium_A,R2,0.02
0.03,Pseudomonas,R2,4.75
1.05,Pseudomonas,R2,4.7
2.05,Pseudomonas,R2,4.75
3.05,Pseudomonas,R2,4.78
4.05,Pseudomonas,R2,4.84
5.05,Pseudomonas,R2,4.9
6.05,Pseudomonas,R2,4.93
7.05,Pseudomonas,R2,5
8.05,Pseudomonas,R2,5.04
9.05,Pseudomonas,R2,5.09
10.05,Pseudomonas,R2,5.14
11.05,Pseudomonas,R2,5.18
12.05,Pseudomonas,R2,5.21
13.05,Pseudomonas,R2,5.26
14.05,Pseudomonas,R2,5.29
15.05,Pseudomonas,R2,5.34
16.05,Pseudomonas,R2,5.37
17.05,Pseudomonas,R2,5.4
18.05,Pseudomonas,R2,5.44
19.05,Pseudomonas,R2,5.46
20.05,Pseudomonas,R2,5.49
21.05,Pseudomonas,R2,5.52
22.05,Pseudomonas,R2,5.56
23.05,Pseudomonas,R2,5.59
24.05,Pseudomonas,R2,5.6
25.05,Pseudomonas,R2,5.62
26.05,Pseudomonas,R2,5.63
27.05,Pseudomonas,R2,5.67
28.05,Pseudomonas,R2,5.68
29.05,Pseudomonas,R2,5.71
30.05,Pseudomonas,R2,5.73
31.05,Pseudomonas,R2,5.73
32.05,Pseudomonas,R2,5.76
33.05,Pseudomonas,R2,5.78
34.05,Pseudomonas,R2,5.78
35.05,Pseudomonas,R2,5.81
36.05,Pseudomonas,R2,5.81
37.05,Pseudomonas,R2,5.84
38.05,Pseudomonas,R2,5.85
39.05,Pseudomonas,R2,5.87
40.05,Pseudomonas,R2,5.87
41.05,Pseudomonas,R2,5.87
42.07,Pseudomonas,R2,5.87
43.07,Pseudomonas,R2,5.88
44.07,Pseudomonas,R2,5.89
45.07,Pseudomonas,R2,5.9
46.07,Pseudomonas,R2,5.91
47.07,Pseudomonas,R2,5.9
48.07,Pseudomonas,R2,5.9
49.07,Pseudomonas,R2,5.92
50.07,Pseudomonas,R2,5.92
51.07,Pseudomonas,R2,5.92
52.07,Pseudomonas,R2,5.93
53.07,Pseudomonas,R2,5.93
54.07,Pseudomonas,R2,5.92
55.07,Pseudomonas,R2,5.91
56.07,Pseudomonas,R2,5.9
57.07,Pseudomonas,R2,5.89
58.07,Pseudomonas,R2,5.89
59.07,Pseudomonas,R2,5.89
60.07,Pseudomonas,R2,5.86
61.07,Pseudomonas,R2,5.86
62.07,Pseudomonas,R2,5.87
63.07,Pseudomonas,R2,5.85
64.07,Pseudomonas,R2,5.85
65.07,Pseudomonas,R2,5.84
66.07,Pseudomonas,R2,5.83
67.07,Pseudomonas,R2,5.83
68.07,Pseudomonas,R2,5.82
69.07,Pseudomonas,R2,5.8
70.07,Pseudomonas,R2,5.8
71.07,Pseudomonas,R2,5.79
72.07,Pseudomonas,R2,5.78
73.07,Pseudomonas,R2,5.77
74.07,Pseudomonas,R2,5.75
75.07,Pseudomonas,R2,5.75
76.07,Pseudomonas,R2,5.74
77.07,Pseudomonas,R2,5.74
78.07,Pseudomonas,R2,5.72
79.07,Pseudomonas,R2,5.7
80.07,Pseudomonas,R2,5.7
81.07,Pseudomonas,R2,5.71
82.07,Pseudomonas,R2,5.67
83.07,Pseudomonas,R2,5.67
84.07,Pseudomonas,R2,5.66
85.07,Pseudomonas,R2,5.66
86.07,Pseudomonas,R2,5.62
87.07,Pseudomonas,R2,5.62
88.07,Pseudomonas,R2,5.59
89.07,Pseudomonas,R2,5.59
90.07,Pseudomonas,R2,5.59
91.07,Pseudomonas,R2,5.55
92.07,Pseudomonas,R2,5.54
93.07,Pseudomonas,R2,5.53
94.07,Pseudomonas,R2,5.52
95.07,Pseudomonas,R2,5.51
96.07,Pseudomonas,R2,5.5
97.07,Pseudomonas,R2,5.49
98.07,Pseudomonas,R2,5.46
99.07,Pseudomonas,R2,5.43
100.07,Pseudomonas,R2,5.43
101.07,Pseudomonas,R2,5.41
102.07,Pseudomonas,R2,5.4
103.07,Pseudomonas,R2,5.38
104.07,Pseudomonas,R2,5.35
105.07,Pseudomonas,R2,5.35
106.07,Pseudomonas,R2,5.32
107.07,Pseudomonas,R2,5.32
108.07,Pseudomonas,R2,5.28
109.07,Pseudomonas,R2,5.25
110.07,Pseudomonas,R2,5.23
111.07,Pseudomonas,R2,5.21
112.07,Pseudomonas,R2,5.19
113.07,Pseudomonas,R2,5.19
114.07,Pseudomonas,R2,5.15
115.07,Pseudomonas,R2,5.13
116.07,Pseudomonas,R2,5.11
117.07,Pseudomonas,R2,5.08
118.07,Pseudomonas,R2,5.05
119.07,Pseudomonas,R2,5.03
120.07,Pseudomonas,R2,5
121.07,Pseudomonas,R2,4.99
122.07,Pseudomonas,R2,4.95
123.07,Pseudomonas,R2,4.93
124.08,Pseudomonas,R2,4.91
125.08,Pseudomonas,R2,4.88
126.08,Pseudomonas,R2,4.84
127.08,Pseudomonas,R2,4.82
128.08,Pseudomonas,R2,4.79
129.08,Pseudomonas,R2,4.76
130.08,Pseudomonas,R2,4.72
131.08,Pseudomonas,R2,4.68
132.08,Pseudomonas,R2,4.65
133.08,Pseudomonas,R2,4.62
134.08,Pseudomonas,R2,4.6
135.08,Pseudomonas,R2,4.55
136.08,Pseudomonas,R2,4.51
137.08,Pseudomonas,R2,4.49
138.08,Pseudomonas,R2,4.45
139.08,Pseudomonas,R2,4.41
140.08,Pseudomonas,R2,4.37
141.08,Pseudomonas,R2,4.33
142.08,Pseudomonas,R2,4.28
143.08,Pseudomonas,R2,4.25
144.08,Pseudomonas,R2,4.21
145.08,Pseudomonas,R2,4.15
146.08,Pseudomonas,R2,4.12
147.08,Pseudomonas,R2,4.08
148.08,Pseudomonas,R2,4.03
149.08,Pseudomonas,R2,3.97
150.08,Pseudomonas,R2,3.93
151.08,Pseudomonas,R2,3.88
152.08,Pseudomonas,R2,3.83
153.08,Pseudomonas,R2,3.79
154.08,Pseudomonas,R2,3.72
155.08,Pseudomonas,R2,3.69
156.08,Pseudomonas,R2,3.62
157.08,Pseudomonas,R2,3.57
158.08,Pseudomonas,R2,3.51
159.08,Pseudomonas,R2,3.46
160.08,Pseudomonas,R2,3.41
161.08,Pseudomonas,R2,3.33
162.08,Pseudomonas,R2,3.28
163.08,Pseudomonas,R2,3.2
164.08,Pseudomonas,R2,3.14
165.08,Pseudomonas,R2,3.08
166.08,Pseudomonas,R2,3.01
167.08,Pseudomonas,R2,2.95
168.08,Pseudomonas,R2,2.88
169.08,Pseudomonas,R2,2.8
170.08,Pseudomonas,R2,2.71
171.08,Pseudomonas,R2,2.64
172.08,Pseudomonas,R2,2.57
173.08,Pseudomonas,R2,2.49
174.08,Pseudomonas,R2,2.41
175.08,Pseudomonas,R2,2.33
176.08,Pseudomonas,R2,2.24
177.08,Pseudomonas,R2,2.16
178.08,Pseudomonas,R2,2.09
179.1,Pseudomonas,R2,1.98
180.1,Pseudomonas,R2,1.9
181.1,Pseudomonas,R2,1.8
182.1,Pseudomonas,R2,1.7
183.1,Pseudomonas,R2,1.6
184.1,Pseudomonas,R2,1.52
185.1,Pseudomonas,R2,1.42
186.1,Pseudomonas,R2,1.32
187.1,Pseudomonas,R2,1.21
188.1,Pseudomonas,R2,1.09
189.1,Pseudomonas,R2,0.99
190.1,Pseudomonas,R2,0.87
191.1,Pseudomonas,R2,0.77
192.1,Pseudomonas,R2,0.63
193.1,Pseudomonas,R2,0.53
194.1,Pseudomonas,R2,0.4
195.1,Pseudomonas,R2,0.28
196.1,Pseudomonas,R2,0.15
197.1,Pseudomonas,R2,0.01
198.1,Pseudomonas,R2,0
199.1,Pseudomonas,R2,0
200.1,Pseudomonas,R2,0
201.1,Pseudomonas,R2,0
202.1,Pseudomonas,R2,0
203.1,Pseudomonas,R2,0
204.1,Pseudomonas,R2,0
205.1,Pseudomonas,R2,0
206.1,Pseudomonas,R2,0
207.1,Pseudomonas,R2,0
208.1,Pseudomonas,R2,0
209.1,Pseudomonas,R2,0
210.1,Pseudomonas,R2,0
211.1,Pseudomonas,R2,0
212.1,Pseudomonas,R2,0
0.03,Serratia,R2,4.7
1.05,Serratia,R2,4.71
2.05,Serratia,R2,4.75
3.05,Serratia,R2,4.83
4.05,Serratia,R2,4.88
5.05,Serratia,R2,4.92
6.05,Serratia,R2,4.97
7.05,Serratia,R2,5.03
8.05,Serratia,R2,5.08
9.05,Serratia,R2,5.13
10.05,Serratia,R2,5.17
11.05,Serratia,R2,5.22
12.05,Serratia,R2,5.25
13.05,Serratia,R2,5.27
14.05,Serratia,R2,5.32
15.05,Serratia,R2,5.36
16.05,Serratia,R2,5.38
17.05,Serratia,R2,5.4
18.05,Serratia,R2,5.45
19.05,Serratia,R2,5.47
20.05,Serratia,R2,5.49
21.05,Serratia,R2,5.51
22.05,Serratia,R2,5.54
23.05,Serratia,R2,5.56
24.05,Serratia,R2,5.56
25.05,Serratia,R2,5.58
26.05,Serratia,R2,5.59
27.05,Serratia,R2,5.61
28.05,Serratia,R2,5.63
29.05,Serratia,R2,5.63
30.05,Serratia,R2,5.65
31.05,Serratia,R2,5.66
32.05,Serratia,R2,5.67
33.05,Serratia,R2,5.68
34.05,Serratia,R2,5.7
35.05,Serratia,R2,5.7
36.05,Serratia,R2,5.72
37.05,Serratia,R2,5.73
38.05,Serratia,R2,5.73
39.05,Serratia,R2,5.73
40.05,Serratia,R2,5.73
41.05,Serratia,R2,5.74
42.07,Serratia,R2,5.74
43.07,Serratia,R2,5.76
44.07,Serratia,R2,5.77
45.07,Serratia,R2,5.74
46.07,Serratia,R2,5.75
47.07,Serratia,R2,5.75
48.07,Serratia,R2,5.73
49.07,Serratia,R2,5.73
50.07,Serratia,R2,5.73
51.07,Serratia,R2,5.72
52.07,Serratia,R2,5.71
53.07,Serratia,R2,5.71
54.07,Serratia,R2,5.7
55.07,Serratia,R2,5.7
56.07,Serratia,R2,5.7
57.07,Serratia,R2,5.69
58.07,Serratia,R2,5.68
59.07,Serratia,R2,5.68
60.07,Serratia,R2,5.66
61.07,Serratia,R2,5.66
62.07,Serratia,R2,5.65
63.07,Serratia,R2,5.65
64.07,Serratia,R2,5.63
65.07,Serratia,R2,5.65
66.07,Serratia,R2,5.62
67.07,Serratia,R2,5.62
68.07,Serratia,R2,5.61
69.07,Serratia,R2,5.6
70.07,Serratia,R2,5.59
71.07,Serratia,R2,5.59
72.07,Serratia,R2,5.57
73.07,Serratia,R2,5.57
74.07,Serratia,R2,5.55
75.07,Serratia,R2,5.53
76.07,Serratia,R2,5.53
77.07,Serratia,R2,5.53
78.07,Serratia,R2,5.51
79.07,Serratia,R2,5.5
80.07,Serratia,R2,5.49
81.07,Serratia,R2,5.48
82.07,Serratia,R2,5.46
83.07,Serratia,R2,5.44
84.07,Serratia,R2,5.45
85.07,Serratia,R2,5.43
86.07,Serratia,R2,5.41
87.07,Serratia,R2,5.39
88.07,Serratia,R2,5.39
89.07,Serratia,R2,5.37
90.07,Serratia,R2,5.36
91.07,Serratia,R2,5.33
92.07,Serratia,R2,5.33
93.07,Serratia,R2,5.3
94.07,Serratia,R2,5.29
95.07,Serratia,R2,5.26
96.07,Serratia,R2,5.25
97.07,Serratia,R2,5.23
98.07,Serratia,R2,5.21
99.07,Serratia,R2,5.2
100.07,Serratia,R2,5.17
101.07,Serratia,R2,5.17
102.07,Serratia,R2,5.12
103.07,Serratia,R2,5.11
104.07,Serratia,R2,5.1
105.07,Serratia,R2,5.05
106.07,Serratia,R2,5.03
107.07,Serratia,R2,5.02
108.07,Serratia,R2,5
109.07,Serratia,R2,4.98
110.07,Serratia,R2,4.95
111.07,Serratia,R2,4.91
112.07,Serratia,R2,4.89
113.07,Serratia,R2,4.86
114.07,Serratia,R2,4.83
115.07,Serratia,R2,4.8
116.07,Serratia,R2,4.76
117.07,Serratia,R2,4.73
118.07,Serratia,R2,4.71
119.07,Serratia,R2,4.67
120.07,Serratia,R2,4.63
121.07,Serratia,R2,4.59
122.07,Serratia,R2,4.56
123.07,Serratia,R2,4.53
124.08,Serratia,R2,4.49
125.08,Serratia,R2,4.43
126.08,Serratia,R2,4.4
127.08,Serratia,R2,4.36
128.08,Serratia,R2,4.32
129.08,Serratia,R2,4.26
130.08,Serratia,R2,4.23
131.08,Serratia,R2,4.18
132.08,Serratia,R2,4.13
133.08,Serratia,R2,4.09
134.08,Serratia,R2,4.04
135.08,Serratia,R2,3.97
136.08,Serratia,R2,3.93
137.08,Serratia,R2,3.87
138.08,Serratia,R2,3.82
139.08,Serratia,R2,3.76
140.08,Serratia,R2,3.71
141.08,Serratia,R2,3.63
142.08,Serratia,R2,3.58
143.08,Serratia,R2,3.5
144.08,Serratia,R2,3.43
145.08,Serratia,R2,3.38
146.08,Serratia,R2,3.3
147.08,Serratia,R2,3.23
148.08,Serratia,R2,3.15
149.08,Serratia,R2,3.08
150.08,Serratia,R2,2.99
151.08,Serratia,R2,2.91
152.08,Serratia,R2,2.83
153.08,Serratia,R2,2.73
154.08,Serratia,R2,2.65
155.08,Serratia,R2,2.56
156.08,Serratia,R2,2.47
157.08,Serratia,R2,2.38
158.08,Serratia,R2,2.27
159.08,Serratia,R2,2.17
160.08,Serratia,R2,2.07
161.08,Serratia,R2,1.95
162.08,Serratia,R2,1.85
163.08,Serratia,R2,1.74
164.08,Serratia,R2,1.62
165.08,Serratia,R2,1.49
166.08,Serratia,R2,1.39
167.08,Serratia,R2,1.26
168.08,Serratia,R2,1.13
169.08,Serratia,R2,0.97
170.08,Serratia,R2,0.86
171.08,Serratia,R2,0.71
172.08,Serratia,R2,0.55
173.08,Serratia,R2,0.41
174.08,Serratia,R2,0.25
175.08,Serratia,R2,0.1
176.08,Serratia,R2,0.01
177.08,Serratia,R2,0
178.08,Serratia,R2,0
179.1,Serratia,R2,0
180.1,Serratia,R2,0
181.1,Serratia,R2,0
182.1,Serratia,R2,0
183.1,Serratia,R2,0
184.1,Serratia,R2,0
185.1,Serratia,R2,0
186.1,Serratia,R2,0
187.1,Serratia,R2,0
188.1,Serratia,R2,0
189.1,Serratia,R2,0
190.1,Serratia,R2,0
191.1,Serratia,R2,0
192.1,Serratia,R2,0
193.1,Serratia,R2,0
194.1,Serratia,R2,0
195.1,Serratia,R2,0
196.1,Serratia,R2,0
197.1,Serratia,R2,0
198.1,Serratia,R2,0
199.1,Serratia,R2,0
200.1,Serratia,R2,0
201.1,Serratia,R2,0
202.1,Serratia,R2,0
203.1,Serratia,R2,0
204.1,Serratia,R2,0
205.1,Serratia,R2,0
206.1,Serratia,R2,0
207.1,Serratia,R2,0
208.1,Serratia,R2,0
209.1,Serratia,R2,0
210.1,Serratia,R2,0
211.1,Serratia,R2,0
212.1,Serratia,R2,0
0.03,Yersinia,R2,4.96
1.05,Yersinia,R2,4.94
2.05,Yersinia,R2,5
3.05,Yersinia,R2,5.05
4.05,Yersinia,R2,5.12
5.05,Yersinia,R2,5.18
6.05,Yersinia,R2,5.23
7.05,Yersinia,R2,5.3
8.05,Yersinia,R2,5.36
9.05,Yersinia,R2,5.42
10.05,Yersinia,R2,5.46
11.05,Yersinia,R2,5.51
12.05,Yersinia,R2,5.55
13.05,Yersinia,R2,5.6
14.05,Yersinia,R2,5.63
15.05,Yersinia,R2,5.69
16.05,Yersinia,R2,5.72
17.05,Yersinia,R2,5.73
18.05,Yersinia,R2,5.77
19.05,Yersinia,R2,5.81
20.05,Yersinia,R2,5.83
21.05,Yersinia,R2,5.86
22.05,Yersinia,R2,5.88
23.05,Yersinia,R2,5.9
24.05,Yersinia,R2,5.92
25.05,Yersinia,R2,5.95
26.05,Yersinia,R2,5.96
27.05,Yersinia,R2,5.98
28.05,Yersinia,R2,6
29.05,Yersinia,R2,6
30.05,Yersinia,R2,6.03
31.05,Yersinia,R2,6.04
32.05,Yersinia,R2,6.04
33.05,Yersinia,R2,6.06
34.05,Yersinia,R2,6.08
35.05,Yersinia,R2,6.07
36.05,Yersinia,R2,6.09
37.05,Yersinia,R2,6.1
38.05,Yersinia,R2,6.1
39.05,Yersinia,R2,6.1
40.05,Yersinia,R2,6.11
41.05,Yersinia,R2,6.14
42.07,Yersinia,R2,6.14
43.07,Yersinia,R2,6.14
44.07,Yersinia,R2,6.13
45.07,Yersinia,R2,6.13
46.07,Yersinia,R2,6.12
47.07,Yersinia,R2,6.14
48.07,Yersinia,R2,6.13
49.07,Yersinia,R2,6.13
50.07,Yersinia,R2,6.12
51.07,Yersinia,R2,6.12
52.07,Yersinia,R2,6.12
53.07,Yersinia,R2,6.11
54.07,Yersinia,R2,6.12
55.07,Yersinia,R2,6.1
56.07,Yersinia,R2,6.1
57.07,Yersinia,R2,6.09
58.07,Yersinia,R2,6.09
59.07,Yersinia,R2,6.1
60.07,Yersinia,R2,6.1
61.07,Yersinia,R2,6.08
62.07,Yersinia,R2,6.09
63.07,Yersinia,R2,6.08
64.07,Yersinia,R2,6.08
65.07,Yersinia,R2,6.07
66.07,Yersinia,R2,6.06
67.07,Yersinia,R2,6.06
68.07,Yersinia,R2,6.05
69.07,Yersinia,R2,6.05
70.07,Yersinia,R2,6.04
71.07,Yersinia,R2,6.04
72.07,Yersinia,R2,6.03
73.07,Yersinia,R2,6.05
74.07,Yersinia,R2,6.02
75.07,Yersinia,R2,6.01
76.07,Yersinia,R2,6.02
77.07,Yersinia,R2,6.02
78.07,Yersinia,R2,5.98
79.07,Yersinia,R2,5.98
80.07,Yersinia,R2,5.98
81.07,Yersinia,R2,5.97
82.07,Yersinia,R2,5.96
83.07,Yersinia,R2,5.95
84.07,Yersinia,R2,5.93
85.07,Yersinia,R2,5.94
86.07,Yersinia,R2,5.93
87.07,Yersinia,R2,5.91
88.07,Yersinia,R2,5.91
89.07,Yersinia,R2,5.88
90.07,Yersinia,R2,5.88
91.07,Yersinia,R2,5.87
92.07,Yersinia,R2,5.86
93.07,Yersinia,R2,5.85
94.07,Yersinia,R2,5.83
95.07,Yersinia,R2,5.81
96.07,Yersinia,R2,5.8
97.07,Yersinia,R2,5.8
98.07,Yersinia,R2,5.77
99.07,Yersinia,R2,5.75
100.07,Yersinia,R2,5.74
101.07,Yersinia,R2,5.71
102.07,Yersinia,R2,5.7
103.07,Yersinia,R2,5.67
104.07,Yersinia,R2,5.65
105.07,Yersinia,R2,5.63
106.07,Yersinia,R2,5.63
107.07,Yersinia,R2,5.59
108.07,Yersinia,R2,5.58
109.07,Yersinia,R2,5.54
110.07,Yersinia,R2,5.52
111.07,Yersinia,R2,5.5
112.07,Yersinia,R2,5.47
113.07,Yersinia,R2,5.44
114.07,Yersinia,R2,5.4
115.07,Yersinia,R2,5.39
116.07,Yersinia,R2,5.35
117.07,Yersinia,R2,5.32
118.07,Yersinia,R2,5.28
119.07,Yersinia,R2,5.25
120.07,Yersinia,R2,5.23
121.07,Yersinia,R2,5.18
122.07,Yersinia,R2,5.13
123.07,Yersinia,R2,5.1
124.08,Yersinia,R2,5.05
125.08,Yersinia,R2,5.01
126.08,Yersinia,R2,4.96
127.08,Yersinia,R2,4.91
128.08,Yersinia,R2,4.85
129.08,Yersinia,R2,4.82
130.08,Yersinia,R2,4.75
131.08,Yersinia,R2,4.71
132.08,Yersinia,R2,4.65
133.08,Yersinia,R2,4.59
134.08,Yersinia,R2,4.53
135.08,Yersinia,R2,4.45
136.08,Yersinia,R2,4.39
137.08,Yersinia,R2,4.31
138.08,Yersinia,R2,4.23
139.08,Yersinia,R2,4.16
140.08,Yersinia,R2,4.1
141.08,Yersinia,R2,4.01
142.08,Yersinia,R2,3.93
143.08,Yersinia,R2,3.84
144.08,Yersinia,R2,3.75
145.08,Yersinia,R2,3.64
146.08,Yersinia,R2,3.56
147.08,Yersinia,R2,3.44
148.08,Yersinia,R2,3.33
149.08,Yersinia,R2,3.23
150.08,Yersinia,R2,3.11
151.08,Yersinia,R2,2.99
152.08,Yersinia,R2,2.89
153.08,Yersinia,R2,2.74
154.08,Yersinia,R2,2.61
155.08,Yersinia,R2,2.48
156.08,Yersinia,R2,2.33
157.08,Yersinia,R2,2.18
158.08,Yersinia,R2,2.02
159.08,Yersinia,R2,1.86
160.08,Yersinia,R2,1.68
161.08,Yersinia,R2,1.5
162.08,Yersinia,R2,1.33
163.08,Yersinia,R2,1.14
164.08,Yersinia,R2,0.94
165.08,Yersinia,R2,0.74
166.08,Yersinia,R2,0.52
167.08,Yersinia,R2,0.31
168.08,Yersinia,R2,0.2
169.08,Yersinia,R2,0.17
170.08,Yersinia,R2,0.17
171.08,Yersinia,R2,0.16
172.08,Yersinia,R2,0.16
173.08,Yersinia,R2,0.16
174.08,Yersinia,R2,0.16
175.08,Yersinia,R2,0.17
176.08,Yersinia,R2,0.17
177.08,Yersinia,R2,0.17
178.08,Yersinia,R2,0.17
179.1,Yersinia,R2,0.17
180.1,Yersinia,R2,0.16
181.1,Yersinia,R2,0.17
182.1,Yersinia,R2,0.17
183.1,Yersinia,R2,0.17
184.1,Yersinia,R2,0.17
185.1,Yersinia,R2,0.16
186.1,Yersinia,R2,0.16
187.1,Yersinia,R2,0.17
188.1,Yersinia,R2,0.16
189.1,Yersinia,R2,0.17
190.1,Yersinia,R2,0.17
191.1,Yersinia,R2,0.17
192.1,Yersinia,R2,0.17
193.1,Yersinia,R2,0.17
194.1,Yersinia,R2,0.17
195.1,Yersinia,R2,0.17
196.1,Yersinia,R2,0.17
197.1,Yersinia,R2,0.16
198.1,Yersinia,R2,0.17
199.1,Yersinia,R2,0.16
200.1,Yersinia,R2,0.17
201.1,Yersinia,R2,0.17
202.1,Yersinia,R2,0.17
203.1,Yersinia,R2,0.17
204.1,Yersinia,R2,0.17
205.1,Yersinia,R2,0.17
206.1,Yersinia,R2,0.16
207.1,Yersinia,R2,0.17
208.1,Yersinia,R2,0.17
209.1,Yersinia,R2,0.17
210.1,Yersinia,R2,0.16
211.1,Yersinia,R2,0.17
212.1,Yersinia,R2,0.16
0.03,Aeromonas_A,R3,4.92
1.05,Aeromonas_A,R3,4.83
2.05,Aeromonas_A,R3,4.88
3.05,Aeromonas_A,R3,4.92
4.05,Aeromonas_A,R3,5
5.05,Aeromonas_A,R3,5.07
6.05,Aeromonas_A,R3,5.1
7.05,Aeromonas_A,R3,5.18
8.05,Aeromonas_A,R3,5.24
9.05,Aeromonas_A,R3,5.29
10.05,Aeromonas_A,R3,5.34
11.05,Aeromonas_A,R3,5.38
12.05,Aeromonas_A,R3,5.42
13.05,Aeromonas_A,R3,5.46
14.05,Aeromonas_A,R3,5.5
15.05,Aeromonas_A,R3,5.55
16.05,Aeromonas_A,R3,5.58
17.05,Aeromonas_A,R3,5.61
18.05,Aeromonas_A,R3,5.65
19.05,Aeromonas_A,R3,5.68
20.05,Aeromonas_A,R3,5.7
21.05,Aeromonas_A,R3,5.73
22.05,Aeromonas_A,R3,5.75
23.05,Aeromonas_A,R3,5.78
24.05,Aeromonas_A,R3,5.8
25.05,Aeromonas_A,R3,5.81
26.05,Aeromonas_A,R3,5.84
27.05,Aeromonas_A,R3,5.84
28.05,Aeromonas_A,R3,5.87
29.05,Aeromonas_A,R3,5.88
30.05,Aeromonas_A,R3,5.9
31.05,Aeromonas_A,R3,5.9
32.05,Aeromonas_A,R3,5.94
33.05,Aeromonas_A,R3,5.95
34.05,Aeromonas_A,R3,5.96
35.05,Aeromonas_A,R3,5.97
36.05,Aeromonas_A,R3,5.98
37.05,Aeromonas_A,R3,5.99
38.05,Aeromonas_A,R3,6.01
39.05,Aeromonas_A,R3,6.02
40.05,Aeromonas_A,R3,6.02
41.05,Aeromonas_A,R3,6.03
42.07,Aeromonas_A,R3,6.03
43.07,Aeromonas_A,R3,6.03
44.07,Aeromonas_A,R3,6.04
45.07,Aeromonas_A,R3,6.03
46.07,Aeromonas_A,R3,6.05
47.07,Aeromonas_A,R3,6.04
48.07,Aeromonas_A,R3,6.04
49.07,Aeromonas_A,R3,6.04
50.07,Aeromonas_A,R3,6.05
51.07,Aeromonas_A,R3,6.04
52.07,Aeromonas_A,R3,6.06
53.07,Aeromonas_A,R3,6.05
54.07,Aeromonas_A,R3,6.05
55.07,Aeromonas_A,R3,6.06
56.07,Aeromonas_A,R3,6.04
57.07,Aeromonas_A,R3,6.03
58.07,Aeromonas_A,R3,6.03
59.07,Aeromonas_A,R3,6.03
60.07,Aeromonas_A,R3,6.01
61.07,Aeromonas_A,R3,6
62.07,Aeromonas_A,R3,6
63.07,Aeromonas_A,R3,6
64.07,Aeromonas_A,R3,6
65.07,Aeromonas_A,R3,5.98
66.07,Aeromonas_A,R3,5.99
67.07,Aeromonas_A,R3,5.97
68.07,Aeromonas_A,R3,5.97
69.07,Aeromonas_A,R3,5.96
70.07,Aeromonas_A,R3,5.96
71.07,Aeromonas_A,R3,5.97
72.07,Aeromonas_A,R3,5.95
73.07,Aeromonas_A,R3,5.96
74.07,Aeromonas_A,R3,5.92
75.07,Aeromonas_A,R3,5.92
76.07,Aeromonas_A,R3,5.9
77.07,Aeromonas_A,R3,5.91
78.07,Aeromonas_A,R3,5.89
79.07,Aeromonas_A,R3,5.88
80.07,Aeromonas_A,R3,5.88
81.07,Aeromonas_A,R3,5.87
82.07,Aeromonas_A,R3,5.87
83.07,Aeromonas_A,R3,5.85
84.07,Aeromonas_A,R3,5.84
85.07,Aeromonas_A,R3,5.83
86.07,Aeromonas_A,R3,5.82
87.07,Aeromonas_A,R3,5.79
88.07,Aeromonas_A,R3,5.81
89.07,Aeromonas_A,R3,5.79
90.07,Aeromonas_A,R3,5.77
91.07,Aeromonas_A,R3,5.75
92.07,Aeromonas_A,R3,5.74
93.07,Aeromonas_A,R3,5.75
94.07,Aeromonas_A,R3,5.74
95.07,Aeromonas_A,R3,5.69
96.07,Aeromonas_A,R3,5.7
97.07,Aeromonas_A,R3,5.67
98.07,Aeromonas_A,R3,5.67
99.07,Aeromonas_A,R3,5.65
100.07,Aeromonas_A,R3,5.65
101.07,Aeromonas_A,R3,5.61
102.07,Aeromonas_A,R3,5.61
103.07,Aeromonas_A,R3,5.57
104.07,Aeromonas_A,R3,5.57
105.07,Aeromonas_A,R3,5.55
106.07,Aeromonas_A,R3,5.54
107.07,Aeromonas_A,R3,5.53
108.07,Aeromonas_A,R3,5.5
109.07,Aeromonas_A,R3,5.47
110.07,Aeromonas_A,R3,5.45
111.07,Aeromonas_A,R3,5.44
112.07,Aeromonas_A,R3,5.43
113.07,Aeromonas_A,R3,5.39
114.07,Aeromonas_A,R3,5.4
115.07,Aeromonas_A,R3,5.38
116.07,Aeromonas_A,R3,5.33
117.07,Aeromonas_A,R3,5.3
118.07,Aeromonas_A,R3,5.3
119.07,Aeromonas_A,R3,5.27
120.07,Aeromonas_A,R3,5.25
121.07,Aeromonas_A,R3,5.23
122.07,Aeromonas_A,R3,5.19
123.07,Aeromonas_A,R3,5.17
124.08,Aeromonas_A,R3,5.13
125.08,Aeromonas_A,R3,5.12
126.08,Aeromonas_A,R3,5.07
127.08,Aeromonas_A,R3,5.06
128.08,Aeromonas_A,R3,5.02
129.08,Aeromonas_A,R3,5
130.08,Aeromonas_A,R3,4.97
131.08,Aeromonas_A,R3,4.92
132.08,Aeromonas_A,R3,4.9
133.08,Aeromonas_A,R3,4.86
134.08,Aeromonas_A,R3,4.83
135.08,Aeromonas_A,R3,4.79
136.08,Aeromonas_A,R3,4.75
137.08,Aeromonas_A,R3,4.73
138.08,Aeromonas_A,R3,4.69
139.08,Aeromonas_A,R3,4.65
140.08,Aeromonas_A,R3,4.61
141.08,Aeromonas_A,R3,4.56
142.08,Aeromonas_A,R3,4.52
143.08,Aeromonas_A,R3,4.46
144.08,Aeromonas_A,R3,4.42
145.08,Aeromonas_A,R3,4.38
146.08,Aeromonas_A,R3,4.35
147.08,Aeromonas_A,R3,4.3
148.08,Aeromonas_A,R3,4.22
149.08,Aeromonas_A,R3,4.19
150.08,Aeromonas_A,R3,4.15
151.08,Aeromonas_A,R3,4.09
152.08,Aeromonas_A,R3,4.03
153.08,Aeromonas_A,R3,3.97
154.08,Aeromonas_A,R3,3.93
155.08,Aeromonas_A,R3,3.86
156.08,Aeromonas_A,R3,3.8
157.08,Aeromonas_A,R3,3.75
158.08,Aeromonas_A,R3,3.67
159.08,Aeromonas_A,R3,3.61
160.08,Aeromonas_A,R3,3.55
161.08,Aeromonas_A,R3,3.48
162.08,Aeromonas_A,R3,3.4
163.08,Aeromonas_A,R3,3.36
164.08,Aeromonas_A,R3,3.25
165.08,Aeromonas_A,R3,3.21
166.08,Aeromonas_A,R3,3.11
167.08,Aeromonas_A,R3,3.05
168.08,Aeromonas_A,R3,2.97
169.08,Aeromonas_A,R3,2.88
170.08,Aeromonas_A,R3,2.8
171.08,Aeromonas_A,R3,2.72
172.08,Aeromonas_A,R3,2.63
173.08,Aeromonas_A,R3,2.53
174.08,Aeromonas_A,R3,2.44
175.08,Aeromonas_A,R3,2.34
176.08,Aeromonas_A,R3,2.25
177.08,Aeromonas_A,R3,2.15
178.08,Aeromonas_A,R3,2.03
179.1,Aeromonas_A,R3,1.92
180.1,Aeromonas_A,R3,1.84
181.1,Aeromonas_A,R3,1.72
182.1,Aeromonas_A,R3,1.61
183.1,Aeromonas_A,R3,1.48
184.1,Aeromonas_A,R3,1.36
185.1,Aeromonas_A,R3,1.25
186.1,Aeromonas_A,R3,1.13
187.1,Aeromonas_A,R3,1
188.1,Aeromonas_A,R3,0.86
189.1,Aeromonas_A,R3,0.75
190.1,Aeromonas_A,R3,0.59
191.1,Aeromonas_A,R3,0.44
192.1,Aeromonas_A,R3,0.31
193.1,Aeromonas_A,R3,0.16
194.1,Aeromonas_A,R3,0.04
195.1,Aeromonas_A,R3,0
196.1,Aeromonas_A,R3,0
197.1,Aeromonas_A,R3,0
198.1,Aeromonas_A,R3,0
199.1,Aeromonas_A,R3,0
200.1,Aeromonas_A,R3,0
201.1,Aeromonas_A,R3,0
202.1,Aeromonas_A,R3,0
203.1,Aeromonas_A,R3,0
204.1,Aeromonas_A,R3,0
205.1,Aeromonas_A,R3,0
206.1,Aeromonas_A,R3,0
207.1,Aeromonas_A,R3,0
208.1,Aeromonas_A,R3,0
209.1,Aeromonas_A,R3,0
210.1,Aeromonas_A,R3,0
211.1,Aeromonas_A,R3,0
212.1,Aeromonas_A,R3,0
0.03,Bacillus,R3,5.04
1.05,Bacillus,R3,4.93
2.05,Bacillus,R3,4.91
3.05,Bacillus,R3,4.94
4.05,Bacillus,R3,4.96
5.05,Bacillus,R3,4.99
6.05,Bacillus,R3,5.04
7.05,Bacillus,R3,5.07
8.05,Bacillus,R3,5.11
9.05,Bacillus,R3,5.15
10.05,Bacillus,R3,5.18
11.05,Bacillus,R3,5.22
12.05,Bacillus,R3,5.26
13.05,Bacillus,R3,5.28
14.05,Bacillus,R3,5.31
15.05,Bacillus,R3,5.36
16.05,Bacillus,R3,5.38
17.05,Bacillus,R3,5.41
18.05,Bacillus,R3,5.44
19.05,Bacillus,R3,5.47
20.05,Bacillus,R3,5.5
21.05,Bacillus,R3,5.52
22.05,Bacillus,R3,5.55
23.05,Bacillus,R3,5.57
24.05,Bacillus,R3,5.59
25.05,Bacillus,R3,5.61
26.05,Bacillus,R3,5.63
27.05,Bacillus,R3,5.66
28.05,Bacillus,R3,5.69
29.05,Bacillus,R3,5.69
30.05,Bacillus,R3,5.71
31.05,Bacillus,R3,5.73
32.05,Bacillus,R3,5.74
33.05,Bacillus,R3,5.77
34.05,Bacillus,R3,5.78
35.05,Bacillus,R3,5.78
36.05,Bacillus,R3,5.82
37.05,Bacillus,R3,5.82
38.05,Bacillus,R3,5.84
39.05,Bacillus,R3,5.85
40.05,Bacillus,R3,5.85
41.05,Bacillus,R3,5.87
42.07,Bacillus,R3,5.87
43.07,Bacillus,R3,5.88
44.07,Bacillus,R3,5.89
45.07,Bacillus,R3,5.89
46.07,Bacillus,R3,5.9
47.07,Bacillus,R3,5.91
48.07,Bacillus,R3,5.91
49.07,Bacillus,R3,5.91
50.07,Bacillus,R3,5.92
51.07,Bacillus,R3,5.92
52.07,Bacillus,R3,5.92
53.07,Bacillus,R3,5.93
54.07,Bacillus,R3,5.93
55.07,Bacillus,R3,5.93
56.07,Bacillus,R3,5.92
57.07,Bacillus,R3,5.95
58.07,Bacillus,R3,5.94
59.07,Bacillus,R3,5.93
60.07,Bacillus,R3,5.92
61.07,Bacillus,R3,5.91
62.07,Bacillus,R3,5.9
63.07,Bacillus,R3,5.91
64.07,Bacillus,R3,5.89
65.07,Bacillus,R3,5.88
66.07,Bacillus,R3,5.87
67.07,Bacillus,R3,5.86
68.07,Bacillus,R3,5.85
69.07,Bacillus,R3,5.85
70.07,Bacillus,R3,5.85
71.07,Bacillus,R3,5.84
72.07,Bacillus,R3,5.82
73.07,Bacillus,R3,5.81
74.07,Bacillus,R3,5.79
75.07,Bacillus,R3,5.77
76.07,Bacillus,R3,5.77
77.07,Bacillus,R3,5.77
78.07,Bacillus,R3,5.74
79.07,Bacillus,R3,5.72
80.07,Bacillus,R3,5.72
81.07,Bacillus,R3,5.71
82.07,Bacillus,R3,5.69
83.07,Bacillus,R3,5.68
84.07,Bacillus,R3,5.67
85.07,Bacillus,R3,5.67
86.07,Bacillus,R3,5.65
87.07,Bacillus,R3,5.63
88.07,Bacillus,R3,5.6
89.07,Bacillus,R3,5.59
90.07,Bacillus,R3,5.58
91.07,Bacillus,R3,5.56
92.07,Bacillus,R3,5.55
93.07,Bacillus,R3,5.53
94.07,Bacillus,R3,5.51
95.07,Bacillus,R3,5.49
96.07,Bacillus,R3,5.48
97.07,Bacillus,R3,5.44
98.07,Bacillus,R3,5.43
99.07,Bacillus,R3,5.41
100.07,Bacillus,R3,5.4
101.07,Bacillus,R3,5.36
102.07,Bacillus,R3,5.34
103.07,Bacillus,R3,5.32
104.07,Bacillus,R3,5.31
105.07,Bacillus,R3,5.28
106.07,Bacillus,R3,5.26
107.07,Bacillus,R3,5.23
108.07,Bacillus,R3,5.21
109.07,Bacillus,R3,5.19
110.07,Bacillus,R3,5.15
111.07,Bacillus,R3,5.13
112.07,Bacillus,R3,5.09
113.07,Bacillus,R3,5.07
114.07,Bacillus,R3,5.03
115.07,Bacillus,R3,4.99
116.07,Bacillus,R3,4.98
117.07,Bacillus,R3,4.94
118.07,Bacillus,R3,4.91
119.07,Bacillus,R3,4.88
120.07,Bacillus,R3,4.85
121.07,Bacillus,R3,4.79
122.07,Bacillus,R3,4.77
123.07,Bacillus,R3,4.73
124.08,Bacillus,R3,4.69
125.08,Bacillus,R3,4.65
126.08,Bacillus,R3,4.61
127.08,Bacillus,R3,4.56
128.08,Bacillus,R3,4.55
129.08,Bacillus,R3,4.48
130.08,Bacillus,R3,4.46
131.08,Bacillus,R3,4.39
132.08,Bacillus,R3,4.35
133.08,Bacillus,R3,4.3
134.08,Bacillus,R3,4.25
135.08,Bacillus,R3,4.21
136.08,Bacillus,R3,4.14
137.08,Bacillus,R3,4.11
138.08,Bacillus,R3,4.04
139.08,Bacillus,R3,3.99
140.08,Bacillus,R3,3.93
141.08,Bacillus,R3,3.88
142.08,Bacillus,R3,3.8
143.08,Bacillus,R3,3.75
144.08,Bacillus,R3,3.68
145.08,Bacillus,R3,3.63
146.08,Bacillus,R3,3.55
147.08,Bacillus,R3,3.5
148.08,Bacillus,R3,3.43
149.08,Bacillus,R3,3.35
150.08,Bacillus,R3,3.27
151.08,Bacillus,R3,3.19
152.08,Bacillus,R3,3.12
153.08,Bacillus,R3,3.05
154.08,Bacillus,R3,2.97
155.08,Bacillus,R3,2.88
156.08,Bacillus,R3,2.79
157.08,Bacillus,R3,2.7
158.08,Bacillus,R3,2.62
159.08,Bacillus,R3,2.53
160.08,Bacillus,R3,2.43
161.08,Bacillus,R3,2.32
162.08,Bacillus,R3,2.25
163.08,Bacillus,R3,2.14
164.08,Bacillus,R3,2.04
165.08,Bacillus,R3,1.94
166.08,Bacillus,R3,1.81
167.08,Bacillus,R3,1.72
168.08,Bacillus,R3,1.59
169.08,Bacillus,R3,1.48
170.08,Bacillus,R3,1.34
171.08,Bacillus,R3,1.23
172.08,Bacillus,R3,1.1
173.08,Bacillus,R3,0.98
174.08,Bacillus,R3,0.84
175.08,Bacillus,R3,0.69
176.08,Bacillus,R3,0.55
177.08,Bacillus,R3,0.41
178.08,Bacillus,R3,0.27
179.1,Bacillus,R3,0.18
180.1,Bacillus,R3,0.11
181.1,Bacillus,R3,0.06
182.1,Bacillus,R3,0.03
183.1,Bacillus,R3,0.01
184.1,Bacillus,R3,0
185.1,Bacillus,R3,0
186.1,Bacillus,R3,0
187.1,Bacillus,R3,0
188.1,Bacillus,R3,0
189.1,Bacillus,R3,0
190.1,Bacillus,R3,0
191.1,Bacillus,R3,0
192.1,Bacillus,R3,0
193.1,Bacillus,R3,0
194.1,Bacillus,R3,0
195.1,Bacillus,R3,0
196.1,Bacillus,R3,0
197.1,Bacillus,R3,0
198.1,Bacillus,R3,0
199.1,Bacillus,R3,0
200.1,Bacillus,R3,0
201.1,Bacillus,R3,0
202.1,Bacillus,R3,0
203.1,Bacillus,R3,0
204.1,Bacillus,R3,0
205.1,Bacillus,R3,0
206.1,Bacillus,R3,0
207.1,Bacillus,R3,0
208.1,Bacillus,R3,0
209.1,Bacillus,R3,0
210.1,Bacillus,R3,0
211.1,Bacillus,R3,0
212.1,Bacillus,R3,0
0.03,Chromobacterium,R3,4.76
1.05,Chromobacterium,R3,4.69
2.05,Chromobacterium,R3,4.7
3.05,Chromobacterium,R3,4.73
4.05,Chromobacterium,R3,4.75
5.05,Chromobacterium,R3,4.77
6.05,Chromobacterium,R3,4.82
7.05,Chromobacterium,R3,4.84
8.05,Chromobacterium,R3,4.88
9.05,Chromobacterium,R3,4.91
10.05,Chromobacterium,R3,4.94
11.05,Chromobacterium,R3,4.97
12.05,Chromobacterium,R3,5
13.05,Chromobacterium,R3,5.02
14.05,Chromobacterium,R3,5.05
15.05,Chromobacterium,R3,5.09
16.05,Chromobacterium,R3,5.12
17.05,Chromobacterium,R3,5.14
18.05,Chromobacterium,R3,5.18
19.05,Chromobacterium,R3,5.2
20.05,Chromobacterium,R3,5.22
21.05,Chromobacterium,R3,5.26
22.05,Chromobacterium,R3,5.27
23.05,Chromobacterium,R3,5.31
24.05,Chromobacterium,R3,5.31
25.05,Chromobacterium,R3,5.35
26.05,Chromobacterium,R3,5.37
27.05,Chromobacterium,R3,5.39
28.05,Chromobacterium,R3,5.42
29.05,Chromobacterium,R3,5.43
30.05,Chromobacterium,R3,5.45
31.05,Chromobacterium,R3,5.47
32.05,Chromobacterium,R3,5.48
33.05,Chromobacterium,R3,5.5
34.05,Chromobacterium,R3,5.5
35.05,Chromobacterium,R3,5.52
36.05,Chromobacterium,R3,5.54
37.05,Chromobacterium,R3,5.56
38.05,Chromobacterium,R3,5.58
39.05,Chromobacterium,R3,5.57
40.05,Chromobacterium,R3,5.6
41.05,Chromobacterium,R3,5.6
42.07,Chromobacterium,R3,5.61
43.07,Chromobacterium,R3,5.63
44.07,Chromobacterium,R3,5.63
45.07,Chromobacterium,R3,5.64
46.07,Chromobacterium,R3,5.64
47.07,Chromobacterium,R3,5.66
48.07,Chromobacterium,R3,5.66
49.07,Chromobacterium,R3,5.66
50.07,Chromobacterium,R3,5.67
51.07,Chromobacterium,R3,5.67
52.07,Chromobacterium,R3,5.68
53.07,Chromobacterium,R3,5.69
54.07,Chromobacterium,R3,5.69
55.07,Chromobacterium,R3,5.7
56.07,Chromobacterium,R3,5.69
57.07,Chromobacterium,R3,5.71
58.07,Chromobacterium,R3,5.7
59.07,Chromobacterium,R3,5.69
60.07,Chromobacterium,R3,5.69
61.07,Chromobacterium,R3,5.68
62.07,Chromobacterium,R3,5.69
63.07,Chromobacterium,R3,5.67
64.07,Chromobacterium,R3,5.66
65.07,Chromobacterium,R3,5.65
66.07,Chromobacterium,R3,5.65
67.07,Chromobacterium,R3,5.64
68.07,Chromobacterium,R3,5.63
69.07,Chromobacterium,R3,5.62
70.07,Chromobacterium,R3,5.6
71.07,Chromobacterium,R3,5.6
72.07,Chromobacterium,R3,5.6
73.07,Chromobacterium,R3,5.58
74.07,Chromobacterium,R3,5.56
75.07,Chromobacterium,R3,5.56
76.07,Chromobacterium,R3,5.56
77.07,Chromobacterium,R3,5.53
78.07,Chromobacterium,R3,5.54
79.07,Chromobacterium,R3,5.52
80.07,Chromobacterium,R3,5.51
81.07,Chromobacterium,R3,5.5
82.07,Chromobacterium,R3,5.48
83.07,Chromobacterium,R3,5.47
84.07,Chromobacterium,R3,5.45
85.07,Chromobacterium,R3,5.44
86.07,Chromobacterium,R3,5.42
87.07,Chromobacterium,R3,5.42
88.07,Chromobacterium,R3,5.39
89.07,Chromobacterium,R3,5.39
90.07,Chromobacterium,R3,5.37
91.07,Chromobacterium,R3,5.34
92.07,Chromobacterium,R3,5.33
93.07,Chromobacterium,R3,5.31
94.07,Chromobacterium,R3,5.31
95.07,Chromobacterium,R3,5.3
96.07,Chromobacterium,R3,5.27
97.07,Chromobacterium,R3,5.26
98.07,Chromobacterium,R3,5.24
99.07,Chromobacterium,R3,5.21
100.07,Chromobacterium,R3,5.2
101.07,Chromobacterium,R3,5.19
102.07,Chromobacterium,R3,5.15
103.07,Chromobacterium,R3,5.13
104.07,Chromobacterium,R3,5.11
105.07,Chromobacterium,R3,5.08
106.07,Chromobacterium,R3,5.07
107.07,Chromobacterium,R3,5.06
108.07,Chromobacterium,R3,5.02
109.07,Chromobacterium,R3,5
110.07,Chromobacterium,R3,4.97
111.07,Chromobacterium,R3,4.95
112.07,Chromobacterium,R3,4.91
113.07,Chromobacterium,R3,4.88
114.07,Chromobacterium,R3,4.87
115.07,Chromobacterium,R3,4.83
116.07,Chromobacterium,R3,4.8
117.07,Chromobacterium,R3,4.77
118.07,Chromobacterium,R3,4.75
119.07,Chromobacterium,R3,4.7
120.07,Chromobacterium,R3,4.67
121.07,Chromobacterium,R3,4.64
122.07,Chromobacterium,R3,4.59
123.07,Chromobacterium,R3,4.56
124.08,Chromobacterium,R3,4.53
125.08,Chromobacterium,R3,4.48
126.08,Chromobacterium,R3,4.44
127.08,Chromobacterium,R3,4.41
128.08,Chromobacterium,R3,4.37
129.08,Chromobacterium,R3,4.33
130.08,Chromobacterium,R3,4.28
131.08,Chromobacterium,R3,4.24
132.08,Chromobacterium,R3,4.2
133.08,Chromobacterium,R3,4.14
134.08,Chromobacterium,R3,4.09
135.08,Chromobacterium,R3,4.04
136.08,Chromobacterium,R3,4
137.08,Chromobacterium,R3,3.95
138.08,Chromobacterium,R3,3.89
139.08,Chromobacterium,R3,3.84
140.08,Chromobacterium,R3,3.76
141.08,Chromobacterium,R3,3.71
142.08,Chromobacterium,R3,3.65
143.08,Chromobacterium,R3,3.59
144.08,Chromobacterium,R3,3.53
145.08,Chromobacterium,R3,3.47
146.08,Chromobacterium,R3,3.39
147.08,Chromobacterium,R3,3.33
148.08,Chromobacterium,R3,3.28
149.08,Chromobacterium,R3,3.19
150.08,Chromobacterium,R3,3.12
151.08,Chromobacterium,R3,3.03
152.08,Chromobacterium,R3,2.97
153.08,Chromobacterium,R3,2.9
154.08,Chromobacterium,R3,2.79
155.08,Chromobacterium,R3,2.72
156.08,Chromobacterium,R3,2.64
157.08,Chromobacterium,R3,2.56
158.08,Chromobacterium,R3,2.45
159.08,Chromobacterium,R3,2.38
160.08,Chromobacterium,R3,2.27
161.08,Chromobacterium,R3,2.16
162.08,Chromobacterium,R3,2.08
163.08,Chromobacterium,R3,1.97
164.08,Chromobacterium,R3,1.86
165.08,Chromobacterium,R3,1.75
166.08,Chromobacterium,R3,1.62
167.08,Chromobacterium,R3,1.54
168.08,Chromobacterium,R3,1.4
169.08,Chromobacterium,R3,1.26
170.08,Chromobacterium,R3,1.16
171.08,Chromobacterium,R3,1.03
172.08,Chromobacterium,R3,0.89
173.08,Chromobacterium,R3,0.76
174.08,Chromobacterium,R3,0.62
175.08,Chromobacterium,R3,0.48
176.08,Chromobacterium,R3,0.33
177.08,Chromobacterium,R3,0.17
178.08,Chromobacterium,R3,0.03
179.1,Chromobacterium,R3,0
180.1,Chromobacterium,R3,0
181.1,Chromobacterium,R3,0
182.1,Chromobacterium,R3,0
183.1,Chromobacterium,R3,0
184.1,Chromobacterium,R3,0
185.1,Chromobacterium,R3,0
186.1,Chromobacterium,R3,0
187.1,Chromobacterium,R3,0
188.1,Chromobacterium,R3,0
189.1,Chromobacterium,R3,0
190.1,Chromobacterium,R3,0
191.1,Chromobacterium,R3,0
192.1,Chromobacterium,R3,0
193.1,Chromobacterium,R3,0
194.1,Chromobacterium,R3,0
195.1,Chromobacterium,R3,0
196.1,Chromobacterium,R3,0
197.1,Chromobacterium,R3,0
198.1,Chromobacterium,R3,0
199.1,Chromobacterium,R3,0
200.1,Chromobacterium,R3,0
201.1,Chromobacterium,R3,0
202.1,Chromobacterium,R3,0
203.1,Chromobacterium,R3,0
204.1,Chromobacterium,R3,0
205.1,Chromobacterium,R3,0
206.1,Chromobacterium,R3,0
207.1,Chromobacterium,R3,0
208.1,Chromobacterium,R3,0
209.1,Chromobacterium,R3,0
210.1,Chromobacterium,R3,0
211.1,Chromobacterium,R3,0
212.1,Chromobacterium,R3,0
0.03,Chryseobacterium,R3,4.97
1.05,Chryseobacterium,R3,4.79
2.05,Chryseobacterium,R3,4.8
3.05,Chryseobacterium,R3,4.8
4.05,Chryseobacterium,R3,4.83
5.05,Chryseobacterium,R3,4.87
6.05,Chryseobacterium,R3,4.9
7.05,Chryseobacterium,R3,4.94
8.05,Chryseobacterium,R3,4.98
9.05,Chryseobacterium,R3,5.02
10.05,Chryseobacterium,R3,5.06
11.05,Chryseobacterium,R3,5.09
12.05,Chryseobacterium,R3,5.13
13.05,Chryseobacterium,R3,5.16
14.05,Chryseobacterium,R3,5.19
15.05,Chryseobacterium,R3,5.23
16.05,Chryseobacterium,R3,5.25
17.05,Chryseobacterium,R3,5.27
18.05,Chryseobacterium,R3,5.29
19.05,Chryseobacterium,R3,5.32
20.05,Chryseobacterium,R3,5.35
21.05,Chryseobacterium,R3,5.38
22.05,Chryseobacterium,R3,5.41
23.05,Chryseobacterium,R3,5.45
24.05,Chryseobacterium,R3,5.47
25.05,Chryseobacterium,R3,5.48
26.05,Chryseobacterium,R3,5.51
27.05,Chryseobacterium,R3,5.52
28.05,Chryseobacterium,R3,5.54
29.05,Chryseobacterium,R3,5.57
30.05,Chryseobacterium,R3,5.6
31.05,Chryseobacterium,R3,5.61
32.05,Chryseobacterium,R3,5.64
33.05,Chryseobacterium,R3,5.65
34.05,Chryseobacterium,R3,5.67
35.05,Chryseobacterium,R3,5.68
36.05,Chryseobacterium,R3,5.7
37.05,Chryseobacterium,R3,5.73
38.05,Chryseobacterium,R3,5.74
39.05,Chryseobacterium,R3,5.75
40.05,Chryseobacterium,R3,5.76
41.05,Chryseobacterium,R3,5.77
42.07,Chryseobacterium,R3,5.79
43.07,Chryseobacterium,R3,5.78
44.07,Chryseobacterium,R3,5.81
45.07,Chryseobacterium,R3,5.81
46.07,Chryseobacterium,R3,5.83
47.07,Chryseobacterium,R3,5.83
48.07,Chryseobacterium,R3,5.84
49.07,Chryseobacterium,R3,5.85
50.07,Chryseobacterium,R3,5.86
51.07,Chryseobacterium,R3,5.87
52.07,Chryseobacterium,R3,5.87
53.07,Chryseobacterium,R3,5.88
54.07,Chryseobacterium,R3,5.88
55.07,Chryseobacterium,R3,5.88
56.07,Chryseobacterium,R3,5.89
57.07,Chryseobacterium,R3,5.9
58.07,Chryseobacterium,R3,5.91
59.07,Chryseobacterium,R3,5.9
60.07,Chryseobacterium,R3,5.91
61.07,Chryseobacterium,R3,5.92
62.07,Chryseobacterium,R3,5.92
63.07,Chryseobacterium,R3,5.93
64.07,Chryseobacterium,R3,5.93
65.07,Chryseobacterium,R3,5.92
66.07,Chryseobacterium,R3,5.94
67.07,Chryseobacterium,R3,5.94
68.07,Chryseobacterium,R3,5.93
69.07,Chryseobacterium,R3,5.93
70.07,Chryseobacterium,R3,5.92
71.07,Chryseobacterium,R3,5.92
72.07,Chryseobacterium,R3,5.91
73.07,Chryseobacterium,R3,5.9
74.07,Chryseobacterium,R3,5.91
75.07,Chryseobacterium,R3,5.9
76.07,Chryseobacterium,R3,5.89
77.07,Chryseobacterium,R3,5.89
78.07,Chryseobacterium,R3,5.88
79.07,Chryseobacterium,R3,5.88
80.07,Chryseobacterium,R3,5.87
81.07,Chryseobacterium,R3,5.86
82.07,Chryseobacterium,R3,5.87
83.07,Chryseobacterium,R3,5.85
84.07,Chryseobacterium,R3,5.85
85.07,Chryseobacterium,R3,5.84
86.07,Chryseobacterium,R3,5.83
87.07,Chryseobacterium,R3,5.82
88.07,Chryseobacterium,R3,5.82
89.07,Chryseobacterium,R3,5.82
90.07,Chryseobacterium,R3,5.82
91.07,Chryseobacterium,R3,5.8
92.07,Chryseobacterium,R3,5.8
93.07,Chryseobacterium,R3,5.79
94.07,Chryseobacterium,R3,5.78
95.07,Chryseobacterium,R3,5.77
96.07,Chryseobacterium,R3,5.77
97.07,Chryseobacterium,R3,5.76
98.07,Chryseobacterium,R3,5.76
99.07,Chryseobacterium,R3,5.75
100.07,Chryseobacterium,R3,5.74
101.07,Chryseobacterium,R3,5.73
102.07,Chryseobacterium,R3,5.72
103.07,Chryseobacterium,R3,5.7
104.07,Chryseobacterium,R3,5.71
105.07,Chryseobacterium,R3,5.7
106.07,Chryseobacterium,R3,5.69
107.07,Chryseobacterium,R3,5.69
108.07,Chryseobacterium,R3,5.67
109.07,Chryseobacterium,R3,5.66
110.07,Chryseobacterium,R3,5.66
111.07,Chryseobacterium,R3,5.65
112.07,Chryseobacterium,R3,5.64
113.07,Chryseobacterium,R3,5.63
114.07,Chryseobacterium,R3,5.62
115.07,Chryseobacterium,R3,5.6
116.07,Chryseobacterium,R3,5.59
117.07,Chryseobacterium,R3,5.59
118.07,Chryseobacterium,R3,5.57
119.07,Chryseobacterium,R3,5.57
120.07,Chryseobacterium,R3,5.55
121.07,Chryseobacterium,R3,5.54
122.07,Chryseobacterium,R3,5.53
123.07,Chryseobacterium,R3,5.52
124.08,Chryseobacterium,R3,5.51
125.08,Chryseobacterium,R3,5.5
126.08,Chryseobacterium,R3,5.48
127.08,Chryseobacterium,R3,5.47
128.08,Chryseobacterium,R3,5.47
129.08,Chryseobacterium,R3,5.45
130.08,Chryseobacterium,R3,5.44
131.08,Chryseobacterium,R3,5.43
132.08,Chryseobacterium,R3,5.41
133.08,Chryseobacterium,R3,5.4
134.08,Chryseobacterium,R3,5.38
135.08,Chryseobacterium,R3,5.37
136.08,Chryseobacterium,R3,5.36
137.08,Chryseobacterium,R3,5.34
138.08,Chryseobacterium,R3,5.32
139.08,Chryseobacterium,R3,5.31
140.08,Chryseobacterium,R3,5.3
141.08,Chryseobacterium,R3,5.28
142.08,Chryseobacterium,R3,5.27
143.08,Chryseobacterium,R3,5.25
144.08,Chryseobacterium,R3,5.24
145.08,Chryseobacterium,R3,5.22
146.08,Chryseobacterium,R3,5.21
147.08,Chryseobacterium,R3,5.19
148.08,Chryseobacterium,R3,5.16
149.08,Chryseobacterium,R3,5.15
150.08,Chryseobacterium,R3,5.13
151.08,Chryseobacterium,R3,5.12
152.08,Chryseobacterium,R3,5.1
153.08,Chryseobacterium,R3,5.08
154.08,Chryseobacterium,R3,5.06
155.08,Chryseobacterium,R3,5.04
156.08,Chryseobacterium,R3,5.01
157.08,Chryseobacterium,R3,5
158.08,Chryseobacterium,R3,4.98
159.08,Chryseobacterium,R3,4.96
160.08,Chryseobacterium,R3,4.94
161.08,Chryseobacterium,R3,4.91
162.08,Chryseobacterium,R3,4.89
163.08,Chryseobacterium,R3,4.87
164.08,Chryseobacterium,R3,4.86
165.08,Chryseobacterium,R3,4.83
166.08,Chryseobacterium,R3,4.8
167.08,Chryseobacterium,R3,4.78
168.08,Chryseobacterium,R3,4.76
169.08,Chryseobacterium,R3,4.72
170.08,Chryseobacterium,R3,4.7
171.08,Chryseobacterium,R3,4.68
172.08,Chryseobacterium,R3,4.66
173.08,Chryseobacterium,R3,4.64
174.08,Chryseobacterium,R3,4.61
175.08,Chryseobacterium,R3,4.58
176.08,Chryseobacterium,R3,4.55
177.08,Chryseobacterium,R3,4.52
178.08,Chryseobacterium,R3,4.49
179.1,Chryseobacterium,R3,4.46
180.1,Chryseobacterium,R3,4.43
181.1,Chryseobacterium,R3,4.41
182.1,Chryseobacterium,R3,4.38
183.1,Chryseobacterium,R3,4.34
184.1,Chryseobacterium,R3,4.31
185.1,Chryseobacterium,R3,4.28
186.1,Chryseobacterium,R3,4.25
187.1,Chryseobacterium,R3,4.23
188.1,Chryseobacterium,R3,4.19
189.1,Chryseobacterium,R3,4.15
190.1,Chryseobacterium,R3,4.11
191.1,Chryseobacterium,R3,4.09
192.1,Chryseobacterium,R3,4.04
193.1,Chryseobacterium,R3,4.01
194.1,Chryseobacterium,R3,3.97
195.1,Chryseobacterium,R3,3.93
196.1,Chryseobacterium,R3,3.9
197.1,Chryseobacterium,R3,3.85
198.1,Chryseobacterium,R3,3.82
199.1,Chryseobacterium,R3,3.78
200.1,Chryseobacterium,R3,3.74
201.1,Chryseobacterium,R3,3.69
202.1,Chryseobacterium,R3,3.65
203.1,Chryseobacterium,R3,3.61
204.1,Chryseobacterium,R3,3.57
205.1,Chryseobacterium,R3,3.52
206.1,Chryseobacterium,R3,3.48
207.1,Chryseobacterium,R3,3.44
208.1,Chryseobacterium,R3,3.38
209.1,Chryseobacterium,R3,3.34
210.1,Chryseobacterium,R3,3.29
211.1,Chryseobacterium,R3,3.24
212.1,Chryseobacterium,R3,3.19
0.03,Flavobacterium_A,R3,4.96
1.05,Flavobacterium_A,R3,4.91
2.05,Flavobacterium_A,R3,4.97
3.05,Flavobacterium_A,R3,5.01
4.05,Flavobacterium_A,R3,5.09
5.05,Flavobacterium_A,R3,5.15
6.05,Flavobacterium_A,R3,5.2
7.05,Flavobacterium_A,R3,5.27
8.05,Flavobacterium_A,R3,5.31
9.05,Flavobacterium_A,R3,5.37
10.05,Flavobacterium_A,R3,5.41
11.05,Flavobacterium_A,R3,5.47
12.05,Flavobacterium_A,R3,5.49
13.05,Flavobacterium_A,R3,5.54
14.05,Flavobacterium_A,R3,5.59
15.05,Flavobacterium_A,R3,5.63
16.05,Flavobacterium_A,R3,5.65
17.05,Flavobacterium_A,R3,5.69
18.05,Flavobacterium_A,R3,5.72
19.05,Flavobacterium_A,R3,5.75
20.05,Flavobacterium_A,R3,5.78
21.05,Flavobacterium_A,R3,5.8
22.05,Flavobacterium_A,R3,5.84
23.05,Flavobacterium_A,R3,5.86
24.05,Flavobacterium_A,R3,5.87
25.05,Flavobacterium_A,R3,5.88
26.05,Flavobacterium_A,R3,5.92
27.05,Flavobacterium_A,R3,5.93
28.05,Flavobacterium_A,R3,5.96
29.05,Flavobacterium_A,R3,5.97
30.05,Flavobacterium_A,R3,5.99
31.05,Flavobacterium_A,R3,6
32.05,Flavobacterium_A,R3,6.03
33.05,Flavobacterium_A,R3,6.03
34.05,Flavobacterium_A,R3,6.03
35.05,Flavobacterium_A,R3,6.05
36.05,Flavobacterium_A,R3,6.06
37.05,Flavobacterium_A,R3,6.09
38.05,Flavobacterium_A,R3,6.09
39.05,Flavobacterium_A,R3,6.09
40.05,Flavobacterium_A,R3,6.11
41.05,Flavobacterium_A,R3,6.11
42.07,Flavobacterium_A,R3,6.12
43.07,Flavobacterium_A,R3,6.13
44.07,Flavobacterium_A,R3,6.13
45.07,Flavobacterium_A,R3,6.13
46.07,Flavobacterium_A,R3,6.15
47.07,Flavobacterium_A,R3,6.14
48.07,Flavobacterium_A,R3,6.14
49.07,Flavobacterium_A,R3,6.15
50.07,Flavobacterium_A,R3,6.16
51.07,Flavobacterium_A,R3,6.16
52.07,Flavobacterium_A,R3,6.16
53.07,Flavobacterium_A,R3,6.16
54.07,Flavobacterium_A,R3,6.17
55.07,Flavobacterium_A,R3,6.16
56.07,Flavobacterium_A,R3,6.17
57.07,Flavobacterium_A,R3,6.14
58.07,Flavobacterium_A,R3,6.13
59.07,Flavobacterium_A,R3,6.13
60.07,Flavobacterium_A,R3,6.13
61.07,Flavobacterium_A,R3,6.13
62.07,Flavobacterium_A,R3,6.11
63.07,Flavobacterium_A,R3,6.11
64.07,Flavobacterium_A,R3,6.1
65.07,Flavobacterium_A,R3,6.09
66.07,Flavobacterium_A,R3,6.07
67.07,Flavobacterium_A,R3,6.06
68.07,Flavobacterium_A,R3,6.06
69.07,Flavobacterium_A,R3,6.07
70.07,Flavobacterium_A,R3,6.05
71.07,Flavobacterium_A,R3,6.04
72.07,Flavobacterium_A,R3,6.03
73.07,Flavobacterium_A,R3,6.01
74.07,Flavobacterium_A,R3,6
75.07,Flavobacterium_A,R3,5.99
76.07,Flavobacterium_A,R3,5.98
77.07,Flavobacterium_A,R3,5.97
78.07,Flavobacterium_A,R3,5.95
79.07,Flavobacterium_A,R3,5.94
80.07,Flavobacterium_A,R3,5.93
81.07,Flavobacterium_A,R3,5.92
82.07,Flavobacterium_A,R3,5.91
83.07,Flavobacterium_A,R3,5.89
84.07,Flavobacterium_A,R3,5.87
85.07,Flavobacterium_A,R3,5.86
86.07,Flavobacterium_A,R3,5.85
87.07,Flavobacterium_A,R3,5.85
88.07,Flavobacterium_A,R3,5.8
89.07,Flavobacterium_A,R3,5.8
90.07,Flavobacterium_A,R3,5.8
91.07,Flavobacterium_A,R3,5.76
92.07,Flavobacterium_A,R3,5.76
93.07,Flavobacterium_A,R3,5.74
94.07,Flavobacterium_A,R3,5.72
95.07,Flavobacterium_A,R3,5.7
96.07,Flavobacterium_A,R3,5.69
97.07,Flavobacterium_A,R3,5.67
98.07,Flavobacterium_A,R3,5.64
99.07,Flavobacterium_A,R3,5.63
100.07,Flavobacterium_A,R3,5.6
101.07,Flavobacterium_A,R3,5.6
102.07,Flavobacterium_A,R3,5.57
103.07,Flavobacterium_A,R3,5.57
104.07,Flavobacterium_A,R3,5.53
105.07,Flavobacterium_A,R3,5.53
106.07,Flavobacterium_A,R3,5.48
107.07,Flavobacterium_A,R3,5.45
108.07,Flavobacterium_A,R3,5.43
109.07,Flavobacterium_A,R3,5.4
110.07,Flavobacterium_A,R3,5.39
111.07,Flavobacterium_A,R3,5.36
112.07,Flavobacterium_A,R3,5.34
113.07,Flavobacterium_A,R3,5.31
114.07,Flavobacterium_A,R3,5.28
115.07,Flavobacterium_A,R3,5.26
116.07,Flavobacterium_A,R3,5.22
117.07,Flavobacterium_A,R3,5.21
118.07,Flavobacterium_A,R3,5.15
119.07,Flavobacterium_A,R3,5.13
120.07,Flavobacterium_A,R3,5.11
121.07,Flavobacterium_A,R3,5.06
122.07,Flavobacterium_A,R3,5.03
123.07,Flavobacterium_A,R3,5
124.08,Flavobacterium_A,R3,4.96
125.08,Flavobacterium_A,R3,4.94
126.08,Flavobacterium_A,R3,4.88
127.08,Flavobacterium_A,R3,4.86
128.08,Flavobacterium_A,R3,4.8
129.08,Flavobacterium_A,R3,4.78
130.08,Flavobacterium_A,R3,4.72
131.08,Flavobacterium_A,R3,4.69
132.08,Flavobacterium_A,R3,4.64
133.08,Flavobacterium_A,R3,4.59
134.08,Flavobacterium_A,R3,4.54
135.08,Flavobacterium_A,R3,4.5
136.08,Flavobacterium_A,R3,4.45
137.08,Flavobacterium_A,R3,4.4
138.08,Flavobacterium_A,R3,4.36
139.08,Flavobacterium_A,R3,4.3
140.08,Flavobacterium_A,R3,4.25
141.08,Flavobacterium_A,R3,4.2
142.08,Flavobacterium_A,R3,4.16
143.08,Flavobacterium_A,R3,4.09
144.08,Flavobacterium_A,R3,4.04
145.08,Flavobacterium_A,R3,3.98
146.08,Flavobacterium_A,R3,3.91
147.08,Flavobacterium_A,R3,3.85
148.08,Flavobacterium_A,R3,3.8
149.08,Flavobacterium_A,R3,3.73
150.08,Flavobacterium_A,R3,3.67
151.08,Flavobacterium_A,R3,3.6
152.08,Flavobacterium_A,R3,3.54
153.08,Flavobacterium_A,R3,3.46
154.08,Flavobacterium_A,R3,3.38
155.08,Flavobacterium_A,R3,3.29
156.08,Flavobacterium_A,R3,3.22
157.08,Flavobacterium_A,R3,3.13
158.08,Flavobacterium_A,R3,3.05
159.08,Flavobacterium_A,R3,2.98
160.08,Flavobacterium_A,R3,2.91
161.08,Flavobacterium_A,R3,2.83
162.08,Flavobacterium_A,R3,2.71
163.08,Flavobacterium_A,R3,2.64
164.08,Flavobacterium_A,R3,2.53
165.08,Flavobacterium_A,R3,2.44
166.08,Flavobacterium_A,R3,2.35
167.08,Flavobacterium_A,R3,2.25
168.08,Flavobacterium_A,R3,2.14
169.08,Flavobacterium_A,R3,2.05
170.08,Flavobacterium_A,R3,1.94
171.08,Flavobacterium_A,R3,1.82
172.08,Flavobacterium_A,R3,1.72
173.08,Flavobacterium_A,R3,1.59
174.08,Flavobacterium_A,R3,1.47
175.08,Flavobacterium_A,R3,1.34
176.08,Flavobacterium_A,R3,1.22
177.08,Flavobacterium_A,R3,1.08
178.08,Flavobacterium_A,R3,0.96
179.1,Flavobacterium_A,R3,0.83
180.1,Flavobacterium_A,R3,0.7
181.1,Flavobacterium_A,R3,0.56
182.1,Flavobacterium_A,R3,0.41
183.1,Flavobacterium_A,R3,0.26
184.1,Flavobacterium_A,R3,0.11
185.1,Flavobacterium_A,R3,0.01
186.1,Flavobacterium_A,R3,0
187.1,Flavobacterium_A,R3,0
188.1,Flavobacterium_A,R3,0
189.1,Flavobacterium_A,R3,0
190.1,Flavobacterium_A,R3,0
191.1,Flavobacterium_A,R3,0
192.1,Flavobacterium_A,R3,0
193.1,Flavobacterium_A,R3,0
194.1,Flavobacterium_A,R3,0
195.1,Flavobacterium_A,R3,0
196.1,Flavobacterium_A,R3,0
197.1,Flavobacterium_A,R3,0
198.1,Flavobacterium_A,R3,0
199.1,Flavobacterium_A,R3,0
200.1,Flavobacterium_A,R3,0
201.1,Flavobacterium_A,R3,0
202.1,Flavobacterium_A,R3,0
203.1,Flavobacterium_A,R3,0
204.1,Flavobacterium_A,R3,0
205.1,Flavobacterium_A,R3,0
206.1,Flavobacterium_A,R3,0
207.1,Flavobacterium_A,R3,0
208.1,Flavobacterium_A,R3,0
209.1,Flavobacterium_A,R3,0
210.1,Flavobacterium_A,R3,0
211.1,Flavobacterium_A,R3,0
212.1,Flavobacterium_A,R3,0
0.03,Pseudomonas,R3,4.95
1.05,Pseudomonas,R3,4.89
2.05,Pseudomonas,R3,4.92
3.05,Pseudomonas,R3,4.95
4.05,Pseudomonas,R3,5
5.05,Pseudomonas,R3,5.03
6.05,Pseudomonas,R3,5.06
7.05,Pseudomonas,R3,5.11
8.05,Pseudomonas,R3,5.15
9.05,Pseudomonas,R3,5.19
10.05,Pseudomonas,R3,5.24
11.05,Pseudomonas,R3,5.27
12.05,Pseudomonas,R3,5.3
13.05,Pseudomonas,R3,5.34
14.05,Pseudomonas,R3,5.38
15.05,Pseudomonas,R3,5.42
16.05,Pseudomonas,R3,5.44
17.05,Pseudomonas,R3,5.49
18.05,Pseudomonas,R3,5.51
19.05,Pseudomonas,R3,5.54
20.05,Pseudomonas,R3,5.57
21.05,Pseudomonas,R3,5.6
22.05,Pseudomonas,R3,5.63
23.05,Pseudomonas,R3,5.66
24.05,Pseudomonas,R3,5.68
25.05,Pseudomonas,R3,5.7
26.05,Pseudomonas,R3,5.73
27.05,Pseudomonas,R3,5.74
28.05,Pseudomonas,R3,5.77
29.05,Pseudomonas,R3,5.78
30.05,Pseudomonas,R3,5.82
31.05,Pseudomonas,R3,5.84
32.05,Pseudomonas,R3,5.87
33.05,Pseudomonas,R3,5.87
34.05,Pseudomonas,R3,5.89
35.05,Pseudomonas,R3,5.91
36.05,Pseudomonas,R3,5.91
37.05,Pseudomonas,R3,5.95
38.05,Pseudomonas,R3,5.97
39.05,Pseudomonas,R3,5.99
40.05,Pseudomonas,R3,6
41.05,Pseudomonas,R3,6.02
42.07,Pseudomonas,R3,6.03
43.07,Pseudomonas,R3,6.04
44.07,Pseudomonas,R3,6.04
45.07,Pseudomonas,R3,6.05
46.07,Pseudomonas,R3,6.07
47.07,Pseudomonas,R3,6.05
48.07,Pseudomonas,R3,6.06
49.07,Pseudomonas,R3,6.07
50.07,Pseudomonas,R3,6.08
51.07,Pseudomonas,R3,6.08
52.07,Pseudomonas,R3,6.1
53.07,Pseudomonas,R3,6.1
54.07,Pseudomonas,R3,6.11
55.07,Pseudomonas,R3,6.1
56.07,Pseudomonas,R3,6.11
57.07,Pseudomonas,R3,6.12
58.07,Pseudomonas,R3,6.12
59.07,Pseudomonas,R3,6.12
60.07,Pseudomonas,R3,6.13
61.07,Pseudomonas,R3,6.13
62.07,Pseudomonas,R3,6.14
63.07,Pseudomonas,R3,6.12
64.07,Pseudomonas,R3,6.13
65.07,Pseudomonas,R3,6.12
66.07,Pseudomonas,R3,6.13
67.07,Pseudomonas,R3,6.12
68.07,Pseudomonas,R3,6.11
69.07,Pseudomonas,R3,6.1
70.07,Pseudomonas,R3,6.08
71.07,Pseudomonas,R3,6.1
72.07,Pseudomonas,R3,6.09
73.07,Pseudomonas,R3,6.08
74.07,Pseudomonas,R3,6.06
75.07,Pseudomonas,R3,6.05
76.07,Pseudomonas,R3,6.05
77.07,Pseudomonas,R3,6.04
78.07,Pseudomonas,R3,6.04
79.07,Pseudomonas,R3,6.02
80.07,Pseudomonas,R3,6.01
81.07,Pseudomonas,R3,5.99
82.07,Pseudomonas,R3,6
83.07,Pseudomonas,R3,5.97
84.07,Pseudomonas,R3,5.97
85.07,Pseudomonas,R3,5.97
86.07,Pseudomonas,R3,5.96
87.07,Pseudomonas,R3,5.95
88.07,Pseudomonas,R3,5.93
89.07,Pseudomonas,R3,5.95
90.07,Pseudomonas,R3,5.93
91.07,Pseudomonas,R3,5.91
92.07,Pseudomonas,R3,5.89
93.07,Pseudomonas,R3,5.89
94.07,Pseudomonas,R3,5.88
95.07,Pseudomonas,R3,5.85
96.07,Pseudomonas,R3,5.85
97.07,Pseudomonas,R3,5.83
98.07,Pseudomonas,R3,5.83
99.07,Pseudomonas,R3,5.82
100.07,Pseudomonas,R3,5.79
101.07,Pseudomonas,R3,5.78
102.07,Pseudomonas,R3,5.76
103.07,Pseudomonas,R3,5.75
104.07,Pseudomonas,R3,5.74
105.07,Pseudomonas,R3,5.73
106.07,Pseudomonas,R3,5.7
107.07,Pseudomonas,R3,5.68
108.07,Pseudomonas,R3,5.67
109.07,Pseudomonas,R3,5.66
110.07,Pseudomonas,R3,5.64
111.07,Pseudomonas,R3,5.61
112.07,Pseudomonas,R3,5.61
113.07,Pseudomonas,R3,5.57
114.07,Pseudomonas,R3,5.56
115.07,Pseudomonas,R3,5.53
116.07,Pseudomonas,R3,5.5
117.07,Pseudomonas,R3,5.49
118.07,Pseudomonas,R3,5.48
119.07,Pseudomonas,R3,5.46
120.07,Pseudomonas,R3,5.43
121.07,Pseudomonas,R3,5.41
122.07,Pseudomonas,R3,5.38
123.07,Pseudomonas,R3,5.35
124.08,Pseudomonas,R3,5.31
125.08,Pseudomonas,R3,5.3
126.08,Pseudomonas,R3,5.28
127.08,Pseudomonas,R3,5.24
128.08,Pseudomonas,R3,5.24
129.08,Pseudomonas,R3,5.19
130.08,Pseudomonas,R3,5.15
131.08,Pseudomonas,R3,5.14
132.08,Pseudomonas,R3,5.11
133.08,Pseudomonas,R3,5.07
134.08,Pseudomonas,R3,5.03
135.08,Pseudomonas,R3,5
136.08,Pseudomonas,R3,4.98
137.08,Pseudomonas,R3,4.94
138.08,Pseudomonas,R3,4.88
139.08,Pseudomonas,R3,4.85
140.08,Pseudomonas,R3,4.81
141.08,Pseudomonas,R3,4.78
142.08,Pseudomonas,R3,4.74
143.08,Pseudomonas,R3,4.69
144.08,Pseudomonas,R3,4.65
145.08,Pseudomonas,R3,4.59
146.08,Pseudomonas,R3,4.57
147.08,Pseudomonas,R3,4.51
148.08,Pseudomonas,R3,4.46
149.08,Pseudomonas,R3,4.43
150.08,Pseudomonas,R3,4.37
151.08,Pseudomonas,R3,4.33
152.08,Pseudomonas,R3,4.27
153.08,Pseudomonas,R3,4.21
154.08,Pseudomonas,R3,4.18
155.08,Pseudomonas,R3,4.11
156.08,Pseudomonas,R3,4.06
157.08,Pseudomonas,R3,3.97
158.08,Pseudomonas,R3,3.91
159.08,Pseudomonas,R3,3.88
160.08,Pseudomonas,R3,3.8
161.08,Pseudomonas,R3,3.74
162.08,Pseudomonas,R3,3.66
163.08,Pseudomonas,R3,3.62
164.08,Pseudomonas,R3,3.53
165.08,Pseudomonas,R3,3.45
166.08,Pseudomonas,R3,3.4
167.08,Pseudomonas,R3,3.31
168.08,Pseudomonas,R3,3.24
169.08,Pseudomonas,R3,3.16
170.08,Pseudomonas,R3,3.08
171.08,Pseudomonas,R3,3
172.08,Pseudomonas,R3,2.92
173.08,Pseudomonas,R3,2.82
174.08,Pseudomonas,R3,2.72
175.08,Pseudomonas,R3,2.63
176.08,Pseudomonas,R3,2.54
177.08,Pseudomonas,R3,2.42
178.08,Pseudomonas,R3,2.33
179.1,Pseudomonas,R3,2.22
180.1,Pseudomonas,R3,2.12
181.1,Pseudomonas,R3,2.01
182.1,Pseudomonas,R3,1.93
183.1,Pseudomonas,R3,1.79
184.1,Pseudomonas,R3,1.67
185.1,Pseudomonas,R3,1.56
186.1,Pseudomonas,R3,1.43
187.1,Pseudomonas,R3,1.31
188.1,Pseudomonas,R3,1.18
189.1,Pseudomonas,R3,1.04
190.1,Pseudomonas,R3,0.9
191.1,Pseudomonas,R3,0.77
192.1,Pseudomonas,R3,0.62
193.1,Pseudomonas,R3,0.46
194.1,Pseudomonas,R3,0.32
195.1,Pseudomonas,R3,0.16
196.1,Pseudomonas,R3,0.01
197.1,Pseudomonas,R3,0
198.1,Pseudomonas,R3,0
199.1,Pseudomonas,R3,0
200.1,Pseudomonas,R3,0
201.1,Pseudomonas,R3,0
202.1,Pseudomonas,R3,0
203.1,Pseudomonas,R3,0
204.1,Pseudomonas,R3,0
205.1,Pseudomonas,R3,0
206.1,Pseudomonas,R3,0
207.1,Pseudomonas,R3,0
208.1,Pseudomonas,R3,0
209.1,Pseudomonas,R3,0
210.1,Pseudomonas,R3,0
211.1,Pseudomonas,R3,0
212.1,Pseudomonas,R3,0
0.03,Serratia,R3,4.77
1.05,Serratia,R3,4.77
2.05,Serratia,R3,4.83
3.05,Serratia,R3,4.88
4.05,Serratia,R3,4.95
5.05,Serratia,R3,5
6.05,Serratia,R3,5.05
7.05,Serratia,R3,5.1
8.05,Serratia,R3,5.15
9.05,Serratia,R3,5.19
10.05,Serratia,R3,5.24
11.05,Serratia,R3,5.28
12.05,Serratia,R3,5.32
13.05,Serratia,R3,5.35
14.05,Serratia,R3,5.38
15.05,Serratia,R3,5.43
16.05,Serratia,R3,5.46
17.05,Serratia,R3,5.49
18.05,Serratia,R3,5.51
19.05,Serratia,R3,5.55
20.05,Serratia,R3,5.58
21.05,Serratia,R3,5.6
22.05,Serratia,R3,5.62
23.05,Serratia,R3,5.64
24.05,Serratia,R3,5.66
25.05,Serratia,R3,5.68
26.05,Serratia,R3,5.69
27.05,Serratia,R3,5.71
28.05,Serratia,R3,5.73
29.05,Serratia,R3,5.73
30.05,Serratia,R3,5.74
31.05,Serratia,R3,5.76
32.05,Serratia,R3,5.76
33.05,Serratia,R3,5.78
34.05,Serratia,R3,5.78
35.05,Serratia,R3,5.8
36.05,Serratia,R3,5.82
37.05,Serratia,R3,5.83
38.05,Serratia,R3,5.83
39.05,Serratia,R3,5.84
40.05,Serratia,R3,5.84
41.05,Serratia,R3,5.86
42.07,Serratia,R3,5.85
43.07,Serratia,R3,5.87
44.07,Serratia,R3,5.86
45.07,Serratia,R3,5.87
46.07,Serratia,R3,5.85
47.07,Serratia,R3,5.85
48.07,Serratia,R3,5.83
49.07,Serratia,R3,5.83
50.07,Serratia,R3,5.84
51.07,Serratia,R3,5.8
52.07,Serratia,R3,5.81
53.07,Serratia,R3,5.79
54.07,Serratia,R3,5.78
55.07,Serratia,R3,5.77
56.07,Serratia,R3,5.77
57.07,Serratia,R3,5.77
58.07,Serratia,R3,5.76
59.07,Serratia,R3,5.74
60.07,Serratia,R3,5.74
61.07,Serratia,R3,5.73
62.07,Serratia,R3,5.73
63.07,Serratia,R3,5.71
64.07,Serratia,R3,5.69
65.07,Serratia,R3,5.69
66.07,Serratia,R3,5.68
67.07,Serratia,R3,5.66
68.07,Serratia,R3,5.66
69.07,Serratia,R3,5.63
70.07,Serratia,R3,5.63
71.07,Serratia,R3,5.62
72.07,Serratia,R3,5.61
73.07,Serratia,R3,5.59
74.07,Serratia,R3,5.59
75.07,Serratia,R3,5.56
76.07,Serratia,R3,5.56
77.07,Serratia,R3,5.53
78.07,Serratia,R3,5.53
79.07,Serratia,R3,5.51
80.07,Serratia,R3,5.48
81.07,Serratia,R3,5.48
82.07,Serratia,R3,5.45
83.07,Serratia,R3,5.45
84.07,Serratia,R3,5.42
85.07,Serratia,R3,5.41
86.07,Serratia,R3,5.39
87.07,Serratia,R3,5.36
88.07,Serratia,R3,5.35
89.07,Serratia,R3,5.33
90.07,Serratia,R3,5.31
91.07,Serratia,R3,5.29
92.07,Serratia,R3,5.28
93.07,Serratia,R3,5.25
94.07,Serratia,R3,5.22
95.07,Serratia,R3,5.21
96.07,Serratia,R3,5.18
97.07,Serratia,R3,5.14
98.07,Serratia,R3,5.13
99.07,Serratia,R3,5.09
100.07,Serratia,R3,5.07
101.07,Serratia,R3,5.06
102.07,Serratia,R3,5.02
103.07,Serratia,R3,4.99
104.07,Serratia,R3,4.96
105.07,Serratia,R3,4.93
106.07,Serratia,R3,4.9
107.07,Serratia,R3,4.88
108.07,Serratia,R3,4.84
109.07,Serratia,R3,4.8
110.07,Serratia,R3,4.76
111.07,Serratia,R3,4.74
112.07,Serratia,R3,4.69
113.07,Serratia,R3,4.66
114.07,Serratia,R3,4.63
115.07,Serratia,R3,4.59
116.07,Serratia,R3,4.54
117.07,Serratia,R3,4.52
118.07,Serratia,R3,4.46
119.07,Serratia,R3,4.43
120.07,Serratia,R3,4.38
121.07,Serratia,R3,4.33
122.07,Serratia,R3,4.3
123.07,Serratia,R3,4.25
124.08,Serratia,R3,4.21
125.08,Serratia,R3,4.15
126.08,Serratia,R3,4.11
127.08,Serratia,R3,4.05
128.08,Serratia,R3,3.99
129.08,Serratia,R3,3.95
130.08,Serratia,R3,3.87
131.08,Serratia,R3,3.84
132.08,Serratia,R3,3.78
133.08,Serratia,R3,3.69
134.08,Serratia,R3,3.64
135.08,Serratia,R3,3.58
136.08,Serratia,R3,3.51
137.08,Serratia,R3,3.43
138.08,Serratia,R3,3.37
139.08,Serratia,R3,3.31
140.08,Serratia,R3,3.22
141.08,Serratia,R3,3.17
142.08,Serratia,R3,3.08
143.08,Serratia,R3,3
144.08,Serratia,R3,2.92
145.08,Serratia,R3,2.82
146.08,Serratia,R3,2.76
147.08,Serratia,R3,2.67
148.08,Serratia,R3,2.59
149.08,Serratia,R3,2.48
150.08,Serratia,R3,2.4
151.08,Serratia,R3,2.3
152.08,Serratia,R3,2.19
153.08,Serratia,R3,2.1
154.08,Serratia,R3,1.99
155.08,Serratia,R3,1.9
156.08,Serratia,R3,1.78
157.08,Serratia,R3,1.67
158.08,Serratia,R3,1.55
159.08,Serratia,R3,1.43
160.08,Serratia,R3,1.32
161.08,Serratia,R3,1.19
162.08,Serratia,R3,1.06
163.08,Serratia,R3,0.91
164.08,Serratia,R3,0.8
165.08,Serratia,R3,0.65
166.08,Serratia,R3,0.52
167.08,Serratia,R3,0.37
168.08,Serratia,R3,0.22
169.08,Serratia,R3,0.09
170.08,Serratia,R3,0
171.08,Serratia,R3,0
172.08,Serratia,R3,0
173.08,Serratia,R3,0
174.08,Serratia,R3,0
175.08,Serratia,R3,0
176.08,Serratia,R3,0
177.08,Serratia,R3,0
178.08,Serratia,R3,0
179.1,Serratia,R3,0
180.1,Serratia,R3,0
181.1,Serratia,R3,0
182.1,Serratia,R3,0
183.1,Serratia,R3,0
184.1,Serratia,R3,0
185.1,Serratia,R3,0
186.1,Serratia,R3,0
187.1,Serratia,R3,0
188.1,Serratia,R3,0
189.1,Serratia,R3,0
190.1,Serratia,R3,0
191.1,Serratia,R3,0
192.1,Serratia,R3,0
193.1,Serratia,R3,0
194.1,Serratia,R3,0
195.1,Serratia,R3,0
196.1,Serratia,R3,0
197.1,Serratia,R3,0
198.1,Serratia,R3,0
199.1,Serratia,R3,0
200.1,Serratia,R3,0
201.1,Serratia,R3,0
202.1,Serratia,R3,0
203.1,Serratia,R3,0
204.1,Serratia,R3,0
205.1,Serratia,R3,0
206.1,Serratia,R3,0
207.1,Serratia,R3,0
208.1,Serratia,R3,0
209.1,Serratia,R3,0
210.1,Serratia,R3,0
211.1,Serratia,R3,0
212.1,Serratia,R3,0
0.03,Yersinia,R3,4.94
1.05,Yersinia,R3,4.91
2.05,Yersinia,R3,4.99
3.05,Yersinia,R3,5.04
4.05,Yersinia,R3,5.09
5.05,Yersinia,R3,5.17
6.05,Yersinia,R3,5.23
7.05,Yersinia,R3,5.29
8.05,Yersinia,R3,5.35
9.05,Yersinia,R3,5.41
10.05,Yersinia,R3,5.46
11.05,Yersinia,R3,5.5
12.05,Yersinia,R3,5.55
13.05,Yersinia,R3,5.59
14.05,Yersinia,R3,5.62
15.05,Yersinia,R3,5.67
16.05,Yersinia,R3,5.71
17.05,Yersinia,R3,5.73
18.05,Yersinia,R3,5.77
19.05,Yersinia,R3,5.8
20.05,Yersinia,R3,5.82
21.05,Yersinia,R3,5.85
22.05,Yersinia,R3,5.87
23.05,Yersinia,R3,5.9
24.05,Yersinia,R3,5.9
25.05,Yersinia,R3,5.94
26.05,Yersinia,R3,5.96
27.05,Yersinia,R3,5.99
28.05,Yersinia,R3,6.01
29.05,Yersinia,R3,6.02
30.05,Yersinia,R3,6.03
31.05,Yersinia,R3,6.04
32.05,Yersinia,R3,6.05
33.05,Yersinia,R3,6.06
34.05,Yersinia,R3,6.08
35.05,Yersinia,R3,6.07
36.05,Yersinia,R3,6.1
37.05,Yersinia,R3,6.11
38.05,Yersinia,R3,6.11
39.05,Yersinia,R3,6.12
40.05,Yersinia,R3,6.11
41.05,Yersinia,R3,6.12
42.07,Yersinia,R3,6.14
43.07,Yersinia,R3,6.15
44.07,Yersinia,R3,6.14
45.07,Yersinia,R3,6.16
46.07,Yersinia,R3,6.17
47.07,Yersinia,R3,6.16
48.07,Yersinia,R3,6.15
49.07,Yersinia,R3,6.14
50.07,Yersinia,R3,6.14
51.07,Yersinia,R3,6.16
52.07,Yersinia,R3,6.14
53.07,Yersinia,R3,6.14
54.07,Yersinia,R3,6.14
55.07,Yersinia,R3,6.13
56.07,Yersinia,R3,6.12
57.07,Yersinia,R3,6.13
58.07,Yersinia,R3,6.12
59.07,Yersinia,R3,6.13
60.07,Yersinia,R3,6.11
61.07,Yersinia,R3,6.1
62.07,Yersinia,R3,6.12
63.07,Yersinia,R3,6.12
64.07,Yersinia,R3,6.11
65.07,Yersinia,R3,6.09
66.07,Yersinia,R3,6.11
67.07,Yersinia,R3,6.1
68.07,Yersinia,R3,6.09
69.07,Yersinia,R3,6.1
70.07,Yersinia,R3,6.08
71.07,Yersinia,R3,6.08
72.07,Yersinia,R3,6.06
73.07,Yersinia,R3,6.08
74.07,Yersinia,R3,6.05
75.07,Yersinia,R3,6.06
76.07,Yersinia,R3,6.05
77.07,Yersinia,R3,6.05
78.07,Yersinia,R3,6.05
79.07,Yersinia,R3,6.03
80.07,Yersinia,R3,6.03
81.07,Yersinia,R3,6
82.07,Yersinia,R3,6
83.07,Yersinia,R3,6.01
84.07,Yersinia,R3,5.99
85.07,Yersinia,R3,5.99
86.07,Yersinia,R3,5.96
87.07,Yersinia,R3,5.97
88.07,Yersinia,R3,5.94
89.07,Yersinia,R3,5.94
90.07,Yersinia,R3,5.93
91.07,Yersinia,R3,5.92
92.07,Yersinia,R3,5.92
93.07,Yersinia,R3,5.9
94.07,Yersinia,R3,5.88
95.07,Yersinia,R3,5.86
96.07,Yersinia,R3,5.86
97.07,Yersinia,R3,5.84
98.07,Yersinia,R3,5.83
99.07,Yersinia,R3,5.82
100.07,Yersinia,R3,5.8
101.07,Yersinia,R3,5.78
102.07,Yersinia,R3,5.78
103.07,Yersinia,R3,5.75
104.07,Yersinia,R3,5.73
105.07,Yersinia,R3,5.71
106.07,Yersinia,R3,5.69
107.07,Yersinia,R3,5.67
108.07,Yersinia,R3,5.66
109.07,Yersinia,R3,5.63
110.07,Yersinia,R3,5.6
111.07,Yersinia,R3,5.59
112.07,Yersinia,R3,5.55
113.07,Yersinia,R3,5.53
114.07,Yersinia,R3,5.51
115.07,Yersinia,R3,5.47
116.07,Yersinia,R3,5.45
117.07,Yersinia,R3,5.42
118.07,Yersinia,R3,5.39
119.07,Yersinia,R3,5.37
120.07,Yersinia,R3,5.32
121.07,Yersinia,R3,5.29
122.07,Yersinia,R3,5.24
123.07,Yersinia,R3,5.21
124.08,Yersinia,R3,5.18
125.08,Yersinia,R3,5.14
126.08,Yersinia,R3,5.11
127.08,Yersinia,R3,5.06
128.08,Yersinia,R3,5
129.08,Yersinia,R3,4.96
130.08,Yersinia,R3,4.91
131.08,Yersinia,R3,4.86
132.08,Yersinia,R3,4.8
133.08,Yersinia,R3,4.74
134.08,Yersinia,R3,4.69
135.08,Yersinia,R3,4.64
136.08,Yersinia,R3,4.58
137.08,Yersinia,R3,4.49
138.08,Yersinia,R3,4.44
139.08,Yersinia,R3,4.37
140.08,Yersinia,R3,4.31
141.08,Yersinia,R3,4.22
142.08,Yersinia,R3,4.13
143.08,Yersinia,R3,4.06
144.08,Yersinia,R3,3.99
145.08,Yersinia,R3,3.9
146.08,Yersinia,R3,3.8
147.08,Yersinia,R3,3.69
148.08,Yersinia,R3,3.6
149.08,Yersinia,R3,3.5
150.08,Yersinia,R3,3.38
151.08,Yersinia,R3,3.28
152.08,Yersinia,R3,3.17
153.08,Yersinia,R3,3.06
154.08,Yersinia,R3,2.92
155.08,Yersinia,R3,2.79
156.08,Yersinia,R3,2.66
157.08,Yersinia,R3,2.52
158.08,Yersinia,R3,2.37
159.08,Yersinia,R3,2.21
160.08,Yersinia,R3,2.06
161.08,Yersinia,R3,1.89
162.08,Yersinia,R3,1.72
163.08,Yersinia,R3,1.54
164.08,Yersinia,R3,1.36
165.08,Yersinia,R3,1.17
166.08,Yersinia,R3,0.98
167.08,Yersinia,R3,0.76
168.08,Yersinia,R3,0.54
169.08,Yersinia,R3,0.34
170.08,Yersinia,R3,0.09
171.08,Yersinia,R3,0
172.08,Yersinia,R3,0
173.08,Yersinia,R3,0
174.08,Yersinia,R3,0
175.08,Yersinia,R3,0
176.08,Yersinia,R3,0
177.08,Yersinia,R3,0
178.08,Yersinia,R3,0
179.1,Yersinia,R3,0
180.1,Yersinia,R3,0
181.1,Yersinia,R3,0
182.1,Yersinia,R3,0
183.1,Yersinia,R3,0
184.1,Yersinia,R3,0
185.1,Yersinia,R3,0
186.1,Yersinia,R3,0
187.1,Yersinia,R3,0
188.1,Yersinia,R3,0
189.1,Yersinia,R3,0
190.1,Yersinia,R3,0
191.1,Yersinia,R3,0
192.1,Yersinia,R3,0
193.1,Yersinia,R3,0
194.1,Yersinia,R3,0
195.1,Yersinia,R3,0
196.1,Yersinia,R3,0
197.1,Yersinia,R3,0
198.1,Yersinia,R3,0
199.1,Yersinia,R3,0
200.1,Yersinia,R3,0
201.1,Yersinia,R3,0
202.1,Yersinia,R3,0
203.1,Yersinia,R3,0
204.1,Yersinia,R3,0
205.1,Yersinia,R3,0
206.1,Yersinia,R3,0
207.1,Yersinia,R3,0
208.1,Yersinia,R3,0
209.1,Yersinia,R3,0
210.1,Yersinia,R3,0
211.1,Yersinia,R3,0
212.1,Yersinia,R3,0
0.03,Aeromonas_A,R4,4.87
1.05,Aeromonas_A,R4,4.86
2.05,Aeromonas_A,R4,4.91
3.05,Aeromonas_A,R4,4.95
4.05,Aeromonas_A,R4,5.03
5.05,Aeromonas_A,R4,5.09
6.05,Aeromonas_A,R4,5.13
7.05,Aeromonas_A,R4,5.22
8.05,Aeromonas_A,R4,5.27
9.05,Aeromonas_A,R4,5.32
10.05,Aeromonas_A,R4,5.38
11.05,Aeromonas_A,R4,5.43
12.05,Aeromonas_A,R4,5.47
13.05,Aeromonas_A,R4,5.5
14.05,Aeromonas_A,R4,5.55
15.05,Aeromonas_A,R4,5.6
16.05,Aeromonas_A,R4,5.63
17.05,Aeromonas_A,R4,5.66
18.05,Aeromonas_A,R4,5.71
19.05,Aeromonas_A,R4,5.73
20.05,Aeromonas_A,R4,5.75
21.05,Aeromonas_A,R4,5.78
22.05,Aeromonas_A,R4,5.82
23.05,Aeromonas_A,R4,5.85
24.05,Aeromonas_A,R4,5.86
25.05,Aeromonas_A,R4,5.87
26.05,Aeromonas_A,R4,5.89
27.05,Aeromonas_A,R4,5.9
28.05,Aeromonas_A,R4,5.94
29.05,Aeromonas_A,R4,5.95
30.05,Aeromonas_A,R4,5.97
31.05,Aeromonas_A,R4,5.98
32.05,Aeromonas_A,R4,6.01
33.05,Aeromonas_A,R4,6.01
34.05,Aeromonas_A,R4,6.03
35.05,Aeromonas_A,R4,6.03
36.05,Aeromonas_A,R4,6.04
37.05,Aeromonas_A,R4,6.05
38.05,Aeromonas_A,R4,6.06
39.05,Aeromonas_A,R4,6.08
40.05,Aeromonas_A,R4,6.08
41.05,Aeromonas_A,R4,6.08
42.07,Aeromonas_A,R4,6.1
43.07,Aeromonas_A,R4,6.1
44.07,Aeromonas_A,R4,6.1
45.07,Aeromonas_A,R4,6.11
46.07,Aeromonas_A,R4,6.12
47.07,Aeromonas_A,R4,6.11
48.07,Aeromonas_A,R4,6.12
49.07,Aeromonas_A,R4,6.12
50.07,Aeromonas_A,R4,6.12
51.07,Aeromonas_A,R4,6.11
52.07,Aeromonas_A,R4,6.13
53.07,Aeromonas_A,R4,6.11
54.07,Aeromonas_A,R4,6.11
55.07,Aeromonas_A,R4,6.11
56.07,Aeromonas_A,R4,6.09
57.07,Aeromonas_A,R4,6.1
58.07,Aeromonas_A,R4,6.07
59.07,Aeromonas_A,R4,6.07
60.07,Aeromonas_A,R4,6.06
61.07,Aeromonas_A,R4,6.05
62.07,Aeromonas_A,R4,6.07
63.07,Aeromonas_A,R4,6.06
64.07,Aeromonas_A,R4,6.04
65.07,Aeromonas_A,R4,6.03
66.07,Aeromonas_A,R4,6.01
67.07,Aeromonas_A,R4,6.01
68.07,Aeromonas_A,R4,5.99
69.07,Aeromonas_A,R4,5.98
70.07,Aeromonas_A,R4,5.97
71.07,Aeromonas_A,R4,5.98
72.07,Aeromonas_A,R4,5.95
73.07,Aeromonas_A,R4,5.95
74.07,Aeromonas_A,R4,5.93
75.07,Aeromonas_A,R4,5.92
76.07,Aeromonas_A,R4,5.9
77.07,Aeromonas_A,R4,5.89
78.07,Aeromonas_A,R4,5.89
79.07,Aeromonas_A,R4,5.87
80.07,Aeromonas_A,R4,5.86
81.07,Aeromonas_A,R4,5.84
82.07,Aeromonas_A,R4,5.84
83.07,Aeromonas_A,R4,5.81
84.07,Aeromonas_A,R4,5.8
85.07,Aeromonas_A,R4,5.79
86.07,Aeromonas_A,R4,5.77
87.07,Aeromonas_A,R4,5.76
88.07,Aeromonas_A,R4,5.76
89.07,Aeromonas_A,R4,5.74
90.07,Aeromonas_A,R4,5.71
91.07,Aeromonas_A,R4,5.68
92.07,Aeromonas_A,R4,5.68
93.07,Aeromonas_A,R4,5.67
94.07,Aeromonas_A,R4,5.65
95.07,Aeromonas_A,R4,5.62
96.07,Aeromonas_A,R4,5.61
97.07,Aeromonas_A,R4,5.59
98.07,Aeromonas_A,R4,5.58
99.07,Aeromonas_A,R4,5.54
100.07,Aeromonas_A,R4,5.53
101.07,Aeromonas_A,R4,5.51
102.07,Aeromonas_A,R4,5.49
103.07,Aeromonas_A,R4,5.48
104.07,Aeromonas_A,R4,5.45
105.07,Aeromonas_A,R4,5.42
106.07,Aeromonas_A,R4,5.4
107.07,Aeromonas_A,R4,5.38
108.07,Aeromonas_A,R4,5.34
109.07,Aeromonas_A,R4,5.33
110.07,Aeromonas_A,R4,5.31
111.07,Aeromonas_A,R4,5.28
112.07,Aeromonas_A,R4,5.26
113.07,Aeromonas_A,R4,5.22
114.07,Aeromonas_A,R4,5.21
115.07,Aeromonas_A,R4,5.17
116.07,Aeromonas_A,R4,5.14
117.07,Aeromonas_A,R4,5.12
118.07,Aeromonas_A,R4,5.1
119.07,Aeromonas_A,R4,5.06
120.07,Aeromonas_A,R4,5.03
121.07,Aeromonas_A,R4,4.98
122.07,Aeromonas_A,R4,4.96
123.07,Aeromonas_A,R4,4.94
124.08,Aeromonas_A,R4,4.9
125.08,Aeromonas_A,R4,4.86
126.08,Aeromonas_A,R4,4.83
127.08,Aeromonas_A,R4,4.79
128.08,Aeromonas_A,R4,4.76
129.08,Aeromonas_A,R4,4.71
130.08,Aeromonas_A,R4,4.66
131.08,Aeromonas_A,R4,4.62
132.08,Aeromonas_A,R4,4.6
133.08,Aeromonas_A,R4,4.55
134.08,Aeromonas_A,R4,4.52
135.08,Aeromonas_A,R4,4.46
136.08,Aeromonas_A,R4,4.42
137.08,Aeromonas_A,R4,4.38
138.08,Aeromonas_A,R4,4.35
139.08,Aeromonas_A,R4,4.29
140.08,Aeromonas_A,R4,4.25
141.08,Aeromonas_A,R4,4.19
142.08,Aeromonas_A,R4,4.13
143.08,Aeromonas_A,R4,4.09
144.08,Aeromonas_A,R4,4.05
145.08,Aeromonas_A,R4,4
146.08,Aeromonas_A,R4,3.93
147.08,Aeromonas_A,R4,3.88
148.08,Aeromonas_A,R4,3.84
149.08,Aeromonas_A,R4,3.77
150.08,Aeromonas_A,R4,3.7
151.08,Aeromonas_A,R4,3.66
152.08,Aeromonas_A,R4,3.61
153.08,Aeromonas_A,R4,3.52
154.08,Aeromonas_A,R4,3.47
155.08,Aeromonas_A,R4,3.41
156.08,Aeromonas_A,R4,3.32
157.08,Aeromonas_A,R4,3.26
158.08,Aeromonas_A,R4,3.19
159.08,Aeromonas_A,R4,3.11
160.08,Aeromonas_A,R4,3.05
161.08,Aeromonas_A,R4,2.98
162.08,Aeromonas_A,R4,2.9
163.08,Aeromonas_A,R4,2.82
164.08,Aeromonas_A,R4,2.74
165.08,Aeromonas_A,R4,2.66
166.08,Aeromonas_A,R4,2.57
167.08,Aeromonas_A,R4,2.49
168.08,Aeromonas_A,R4,2.4
169.08,Aeromonas_A,R4,2.31
170.08,Aeromonas_A,R4,2.22
171.08,Aeromonas_A,R4,2.13
172.08,Aeromonas_A,R4,2.04
173.08,Aeromonas_A,R4,1.93
174.08,Aeromonas_A,R4,1.82
175.08,Aeromonas_A,R4,1.73
176.08,Aeromonas_A,R4,1.62
177.08,Aeromonas_A,R4,1.52
178.08,Aeromonas_A,R4,1.42
179.1,Aeromonas_A,R4,1.3
180.1,Aeromonas_A,R4,1.19
181.1,Aeromonas_A,R4,1.07
182.1,Aeromonas_A,R4,0.96
183.1,Aeromonas_A,R4,0.82
184.1,Aeromonas_A,R4,0.72
185.1,Aeromonas_A,R4,0.58
186.1,Aeromonas_A,R4,0.45
187.1,Aeromonas_A,R4,0.31
188.1,Aeromonas_A,R4,0.2
189.1,Aeromonas_A,R4,0.05
190.1,Aeromonas_A,R4,0
191.1,Aeromonas_A,R4,0
192.1,Aeromonas_A,R4,0
193.1,Aeromonas_A,R4,0
194.1,Aeromonas_A,R4,0
195.1,Aeromonas_A,R4,0
196.1,Aeromonas_A,R4,0
197.1,Aeromonas_A,R4,0
198.1,Aeromonas_A,R4,0
199.1,Aeromonas_A,R4,0
200.1,Aeromonas_A,R4,0
201.1,Aeromonas_A,R4,0
202.1,Aeromonas_A,R4,0
203.1,Aeromonas_A,R4,0
204.1,Aeromonas_A,R4,0
205.1,Aeromonas_A,R4,0
206.1,Aeromonas_A,R4,0
207.1,Aeromonas_A,R4,0
208.1,Aeromonas_A,R4,0
209.1,Aeromonas_A,R4,0
210.1,Aeromonas_A,R4,0
211.1,Aeromonas_A,R4,0
212.1,Aeromonas_A,R4,0
0.03,Bacillus,R4,4.86
1.05,Bacillus,R4,4.85
2.05,Bacillus,R4,4.84
3.05,Bacillus,R4,4.87
4.05,Bacillus,R4,4.92
5.05,Bacillus,R4,4.95
6.05,Bacillus,R4,5.01
7.05,Bacillus,R4,5.04
8.05,Bacillus,R4,5.08
9.05,Bacillus,R4,5.11
10.05,Bacillus,R4,5.17
11.05,Bacillus,R4,5.21
12.05,Bacillus,R4,5.26
13.05,Bacillus,R4,5.28
14.05,Bacillus,R4,5.32
15.05,Bacillus,R4,5.38
16.05,Bacillus,R4,5.43
17.05,Bacillus,R4,5.49
18.05,Bacillus,R4,5.53
19.05,Bacillus,R4,5.57
20.05,Bacillus,R4,5.6
21.05,Bacillus,R4,5.63
22.05,Bacillus,R4,5.68
23.05,Bacillus,R4,5.72
24.05,Bacillus,R4,5.73
25.05,Bacillus,R4,5.75
26.05,Bacillus,R4,5.78
27.05,Bacillus,R4,5.81
28.05,Bacillus,R4,5.86
29.05,Bacillus,R4,5.87
30.05,Bacillus,R4,5.88
31.05,Bacillus,R4,5.91
32.05,Bacillus,R4,5.93
33.05,Bacillus,R4,5.96
34.05,Bacillus,R4,5.98
35.05,Bacillus,R4,6
36.05,Bacillus,R4,6.01
37.05,Bacillus,R4,6.03
38.05,Bacillus,R4,6.03
39.05,Bacillus,R4,6.05
40.05,Bacillus,R4,6.07
41.05,Bacillus,R4,6.09
42.07,Bacillus,R4,6.11
43.07,Bacillus,R4,6.11
44.07,Bacillus,R4,6.13
45.07,Bacillus,R4,6.14
46.07,Bacillus,R4,6.16
47.07,Bacillus,R4,6.17
48.07,Bacillus,R4,6.19
49.07,Bacillus,R4,6.18
50.07,Bacillus,R4,6.19
51.07,Bacillus,R4,6.2
52.07,Bacillus,R4,6.21
53.07,Bacillus,R4,6.22
54.07,Bacillus,R4,6.22
55.07,Bacillus,R4,6.24
56.07,Bacillus,R4,6.25
57.07,Bacillus,R4,6.26
58.07,Bacillus,R4,6.24
59.07,Bacillus,R4,6.25
60.07,Bacillus,R4,6.25
61.07,Bacillus,R4,6.24
62.07,Bacillus,R4,6.26
63.07,Bacillus,R4,6.27
64.07,Bacillus,R4,6.27
65.07,Bacillus,R4,6.26
66.07,Bacillus,R4,6.26
67.07,Bacillus,R4,6.27
68.07,Bacillus,R4,6.28
69.07,Bacillus,R4,6.27
70.07,Bacillus,R4,6.25
71.07,Bacillus,R4,6.26
72.07,Bacillus,R4,6.26
73.07,Bacillus,R4,6.24
74.07,Bacillus,R4,6.23
75.07,Bacillus,R4,6.21
76.07,Bacillus,R4,6.21
77.07,Bacillus,R4,6.21
78.07,Bacillus,R4,6.19
79.07,Bacillus,R4,6.18
80.07,Bacillus,R4,6.16
81.07,Bacillus,R4,6.17
82.07,Bacillus,R4,6.15
83.07,Bacillus,R4,6.14
84.07,Bacillus,R4,6.13
85.07,Bacillus,R4,6.12
86.07,Bacillus,R4,6.12
87.07,Bacillus,R4,6.09
88.07,Bacillus,R4,6.08
89.07,Bacillus,R4,6.08
90.07,Bacillus,R4,6.07
91.07,Bacillus,R4,6.05
92.07,Bacillus,R4,6.02
93.07,Bacillus,R4,6.01
94.07,Bacillus,R4,5.99
95.07,Bacillus,R4,5.99
96.07,Bacillus,R4,5.97
97.07,Bacillus,R4,5.95
98.07,Bacillus,R4,5.94
99.07,Bacillus,R4,5.91
100.07,Bacillus,R4,5.91
101.07,Bacillus,R4,5.88
102.07,Bacillus,R4,5.86
103.07,Bacillus,R4,5.86
104.07,Bacillus,R4,5.82
105.07,Bacillus,R4,5.82
106.07,Bacillus,R4,5.79
107.07,Bacillus,R4,5.77
108.07,Bacillus,R4,5.73
109.07,Bacillus,R4,5.72
110.07,Bacillus,R4,5.7
111.07,Bacillus,R4,5.68
112.07,Bacillus,R4,5.67
113.07,Bacillus,R4,5.63
114.07,Bacillus,R4,5.6
115.07,Bacillus,R4,5.57
116.07,Bacillus,R4,5.55
117.07,Bacillus,R4,5.53
118.07,Bacillus,R4,5.48
119.07,Bacillus,R4,5.47
120.07,Bacillus,R4,5.43
121.07,Bacillus,R4,5.4
122.07,Bacillus,R4,5.37
123.07,Bacillus,R4,5.33
124.08,Bacillus,R4,5.32
125.08,Bacillus,R4,5.26
126.08,Bacillus,R4,5.23
127.08,Bacillus,R4,5.21
128.08,Bacillus,R4,5.16
129.08,Bacillus,R4,5.11
130.08,Bacillus,R4,5.1
131.08,Bacillus,R4,5.05
132.08,Bacillus,R4,5
133.08,Bacillus,R4,4.95
134.08,Bacillus,R4,4.91
135.08,Bacillus,R4,4.87
136.08,Bacillus,R4,4.85
137.08,Bacillus,R4,4.77
138.08,Bacillus,R4,4.72
139.08,Bacillus,R4,4.68
140.08,Bacillus,R4,4.62
141.08,Bacillus,R4,4.57
142.08,Bacillus,R4,4.52
143.08,Bacillus,R4,4.45
144.08,Bacillus,R4,4.4
145.08,Bacillus,R4,4.33
146.08,Bacillus,R4,4.27
147.08,Bacillus,R4,4.21
148.08,Bacillus,R4,4.16
149.08,Bacillus,R4,4.1
150.08,Bacillus,R4,4.02
151.08,Bacillus,R4,3.95
152.08,Bacillus,R4,3.88
153.08,Bacillus,R4,3.81
154.08,Bacillus,R4,3.74
155.08,Bacillus,R4,3.65
156.08,Bacillus,R4,3.57
157.08,Bacillus,R4,3.48
158.08,Bacillus,R4,3.4
159.08,Bacillus,R4,3.33
160.08,Bacillus,R4,3.23
161.08,Bacillus,R4,3.14
162.08,Bacillus,R4,3.04
163.08,Bacillus,R4,2.95
164.08,Bacillus,R4,2.85
165.08,Bacillus,R4,2.73
166.08,Bacillus,R4,2.62
167.08,Bacillus,R4,2.53
168.08,Bacillus,R4,2.4
169.08,Bacillus,R4,2.3
170.08,Bacillus,R4,2.19
171.08,Bacillus,R4,2.06
172.08,Bacillus,R4,1.94
173.08,Bacillus,R4,1.81
174.08,Bacillus,R4,1.67
175.08,Bacillus,R4,1.54
176.08,Bacillus,R4,1.41
177.08,Bacillus,R4,1.27
178.08,Bacillus,R4,1.1
179.1,Bacillus,R4,0.95
180.1,Bacillus,R4,0.8
181.1,Bacillus,R4,0.64
182.1,Bacillus,R4,0.48
183.1,Bacillus,R4,0.31
184.1,Bacillus,R4,0.22
185.1,Bacillus,R4,0.14
186.1,Bacillus,R4,0.11
187.1,Bacillus,R4,0.08
188.1,Bacillus,R4,0.05
189.1,Bacillus,R4,0.03
190.1,Bacillus,R4,0.02
191.1,Bacillus,R4,0.01
192.1,Bacillus,R4,0
193.1,Bacillus,R4,0
194.1,Bacillus,R4,0
195.1,Bacillus,R4,0
196.1,Bacillus,R4,0
197.1,Bacillus,R4,0
198.1,Bacillus,R4,0
199.1,Bacillus,R4,0
200.1,Bacillus,R4,0
201.1,Bacillus,R4,0
202.1,Bacillus,R4,0
203.1,Bacillus,R4,0
204.1,Bacillus,R4,0
205.1,Bacillus,R4,0
206.1,Bacillus,R4,0
207.1,Bacillus,R4,0
208.1,Bacillus,R4,0
209.1,Bacillus,R4,0
210.1,Bacillus,R4,0
211.1,Bacillus,R4,0
212.1,Bacillus,R4,0
0.03,Chromobacterium,R4,4.86
1.05,Chromobacterium,R4,4.82
2.05,Chromobacterium,R4,4.83
3.05,Chromobacterium,R4,4.85
4.05,Chromobacterium,R4,4.89
5.05,Chromobacterium,R4,4.92
6.05,Chromobacterium,R4,4.96
7.05,Chromobacterium,R4,4.98
8.05,Chromobacterium,R4,5.01
9.05,Chromobacterium,R4,5.04
10.05,Chromobacterium,R4,5.07
11.05,Chromobacterium,R4,5.1
12.05,Chromobacterium,R4,5.13
13.05,Chromobacterium,R4,5.16
14.05,Chromobacterium,R4,5.18
15.05,Chromobacterium,R4,5.23
16.05,Chromobacterium,R4,5.26
17.05,Chromobacterium,R4,5.27
18.05,Chromobacterium,R4,5.31
19.05,Chromobacterium,R4,5.34
20.05,Chromobacterium,R4,5.37
21.05,Chromobacterium,R4,5.4
22.05,Chromobacterium,R4,5.41
23.05,Chromobacterium,R4,5.46
24.05,Chromobacterium,R4,5.46
25.05,Chromobacterium,R4,5.49
26.05,Chromobacterium,R4,5.52
27.05,Chromobacterium,R4,5.55
28.05,Chromobacterium,R4,5.57
29.05,Chromobacterium,R4,5.59
30.05,Chromobacterium,R4,5.6
31.05,Chromobacterium,R4,5.63
32.05,Chromobacterium,R4,5.64
33.05,Chromobacterium,R4,5.67
34.05,Chromobacterium,R4,5.68
35.05,Chromobacterium,R4,5.69
36.05,Chromobacterium,R4,5.73
37.05,Chromobacterium,R4,5.73
38.05,Chromobacterium,R4,5.75
39.05,Chromobacterium,R4,5.75
40.05,Chromobacterium,R4,5.76
41.05,Chromobacterium,R4,5.8
42.07,Chromobacterium,R4,5.81
43.07,Chromobacterium,R4,5.82
44.07,Chromobacterium,R4,5.83
45.07,Chromobacterium,R4,5.83
46.07,Chromobacterium,R4,5.84
47.07,Chromobacterium,R4,5.86
48.07,Chromobacterium,R4,5.86
49.07,Chromobacterium,R4,5.87
50.07,Chromobacterium,R4,5.87
51.07,Chromobacterium,R4,5.87
52.07,Chromobacterium,R4,5.88
53.07,Chromobacterium,R4,5.9
54.07,Chromobacterium,R4,5.89
55.07,Chromobacterium,R4,5.89
56.07,Chromobacterium,R4,5.9
57.07,Chromobacterium,R4,5.91
58.07,Chromobacterium,R4,5.92
59.07,Chromobacterium,R4,5.91
60.07,Chromobacterium,R4,5.91
61.07,Chromobacterium,R4,5.92
62.07,Chromobacterium,R4,5.92
63.07,Chromobacterium,R4,5.93
64.07,Chromobacterium,R4,5.93
65.07,Chromobacterium,R4,5.92
66.07,Chromobacterium,R4,5.9
67.07,Chromobacterium,R4,5.88
68.07,Chromobacterium,R4,5.87
69.07,Chromobacterium,R4,5.86
70.07,Chromobacterium,R4,5.87
71.07,Chromobacterium,R4,5.85
72.07,Chromobacterium,R4,5.82
73.07,Chromobacterium,R4,5.81
74.07,Chromobacterium,R4,5.81
75.07,Chromobacterium,R4,5.79
76.07,Chromobacterium,R4,5.78
77.07,Chromobacterium,R4,5.77
78.07,Chromobacterium,R4,5.76
79.07,Chromobacterium,R4,5.73
80.07,Chromobacterium,R4,5.72
81.07,Chromobacterium,R4,5.72
82.07,Chromobacterium,R4,5.7
83.07,Chromobacterium,R4,5.66
84.07,Chromobacterium,R4,5.66
85.07,Chromobacterium,R4,5.65
86.07,Chromobacterium,R4,5.63
87.07,Chromobacterium,R4,5.61
88.07,Chromobacterium,R4,5.61
89.07,Chromobacterium,R4,5.57
90.07,Chromobacterium,R4,5.57
91.07,Chromobacterium,R4,5.55
92.07,Chromobacterium,R4,5.51
93.07,Chromobacterium,R4,5.5
94.07,Chromobacterium,R4,5.49
95.07,Chromobacterium,R4,5.46
96.07,Chromobacterium,R4,5.43
97.07,Chromobacterium,R4,5.43
98.07,Chromobacterium,R4,5.4
99.07,Chromobacterium,R4,5.38
100.07,Chromobacterium,R4,5.35
101.07,Chromobacterium,R4,5.33
102.07,Chromobacterium,R4,5.31
103.07,Chromobacterium,R4,5.29
104.07,Chromobacterium,R4,5.25
105.07,Chromobacterium,R4,5.22
106.07,Chromobacterium,R4,5.21
107.07,Chromobacterium,R4,5.18
108.07,Chromobacterium,R4,5.15
109.07,Chromobacterium,R4,5.12
110.07,Chromobacterium,R4,5.08
111.07,Chromobacterium,R4,5.06
112.07,Chromobacterium,R4,5.03
113.07,Chromobacterium,R4,5
114.07,Chromobacterium,R4,4.98
115.07,Chromobacterium,R4,4.94
116.07,Chromobacterium,R4,4.91
117.07,Chromobacterium,R4,4.87
118.07,Chromobacterium,R4,4.84
119.07,Chromobacterium,R4,4.8
120.07,Chromobacterium,R4,4.76
121.07,Chromobacterium,R4,4.73
122.07,Chromobacterium,R4,4.69
123.07,Chromobacterium,R4,4.66
124.08,Chromobacterium,R4,4.62
125.08,Chromobacterium,R4,4.57
126.08,Chromobacterium,R4,4.52
127.08,Chromobacterium,R4,4.48
128.08,Chromobacterium,R4,4.44
129.08,Chromobacterium,R4,4.38
130.08,Chromobacterium,R4,4.37
131.08,Chromobacterium,R4,4.3
132.08,Chromobacterium,R4,4.25
133.08,Chromobacterium,R4,4.21
134.08,Chromobacterium,R4,4.16
135.08,Chromobacterium,R4,4.11
136.08,Chromobacterium,R4,4.06
137.08,Chromobacterium,R4,4
138.08,Chromobacterium,R4,3.94
139.08,Chromobacterium,R4,3.88
140.08,Chromobacterium,R4,3.84
141.08,Chromobacterium,R4,3.77
142.08,Chromobacterium,R4,3.71
143.08,Chromobacterium,R4,3.65
144.08,Chromobacterium,R4,3.57
145.08,Chromobacterium,R4,3.51
146.08,Chromobacterium,R4,3.45
147.08,Chromobacterium,R4,3.39
148.08,Chromobacterium,R4,3.31
149.08,Chromobacterium,R4,3.24
150.08,Chromobacterium,R4,3.17
151.08,Chromobacterium,R4,3.09
152.08,Chromobacterium,R4,3.03
153.08,Chromobacterium,R4,2.93
154.08,Chromobacterium,R4,2.86
155.08,Chromobacterium,R4,2.77
156.08,Chromobacterium,R4,2.68
157.08,Chromobacterium,R4,2.59
158.08,Chromobacterium,R4,2.52
159.08,Chromobacterium,R4,2.42
160.08,Chromobacterium,R4,2.34
161.08,Chromobacterium,R4,2.24
162.08,Chromobacterium,R4,2.16
163.08,Chromobacterium,R4,2.06
164.08,Chromobacterium,R4,1.94
165.08,Chromobacterium,R4,1.84
166.08,Chromobacterium,R4,1.75
167.08,Chromobacterium,R4,1.63
168.08,Chromobacterium,R4,1.52
169.08,Chromobacterium,R4,1.41
170.08,Chromobacterium,R4,1.3
171.08,Chromobacterium,R4,1.19
172.08,Chromobacterium,R4,1.05
173.08,Chromobacterium,R4,0.94
174.08,Chromobacterium,R4,0.8
175.08,Chromobacterium,R4,0.69
176.08,Chromobacterium,R4,0.54
177.08,Chromobacterium,R4,0.39
178.08,Chromobacterium,R4,0.26
179.1,Chromobacterium,R4,0.12
180.1,Chromobacterium,R4,0
181.1,Chromobacterium,R4,0
182.1,Chromobacterium,R4,0
183.1,Chromobacterium,R4,0
184.1,Chromobacterium,R4,0
185.1,Chromobacterium,R4,0
186.1,Chromobacterium,R4,0
187.1,Chromobacterium,R4,0
188.1,Chromobacterium,R4,0
189.1,Chromobacterium,R4,0
190.1,Chromobacterium,R4,0
191.1,Chromobacterium,R4,0
192.1,Chromobacterium,R4,0
193.1,Chromobacterium,R4,0
194.1,Chromobacterium,R4,0
195.1,Chromobacterium,R4,0
196.1,Chromobacterium,R4,0
197.1,Chromobacterium,R4,0
198.1,Chromobacterium,R4,0
199.1,Chromobacterium,R4,0
200.1,Chromobacterium,R4,0
201.1,Chromobacterium,R4,0
202.1,Chromobacterium,R4,0
203.1,Chromobacterium,R4,0
204.1,Chromobacterium,R4,0
205.1,Chromobacterium,R4,0
206.1,Chromobacterium,R4,0
207.1,Chromobacterium,R4,0
208.1,Chromobacterium,R4,0
209.1,Chromobacterium,R4,0
210.1,Chromobacterium,R4,0
211.1,Chromobacterium,R4,0
212.1,Chromobacterium,R4,0
0.03,Chryseobacterium,R4,4.68
1.05,Chryseobacterium,R4,4.67
2.05,Chryseobacterium,R4,4.7
3.05,Chryseobacterium,R4,4.73
4.05,Chryseobacterium,R4,4.75
5.05,Chryseobacterium,R4,4.8
6.05,Chryseobacterium,R4,4.83
7.05,Chryseobacterium,R4,4.86
8.05,Chryseobacterium,R4,4.89
9.05,Chryseobacterium,R4,4.91
10.05,Chryseobacterium,R4,4.94
11.05,Chryseobacterium,R4,4.98
12.05,Chryseobacterium,R4,5
13.05,Chryseobacterium,R4,5.03
14.05,Chryseobacterium,R4,5.06
15.05,Chryseobacterium,R4,5.09
16.05,Chryseobacterium,R4,5.12
17.05,Chryseobacterium,R4,5.13
18.05,Chryseobacterium,R4,5.18
19.05,Chryseobacterium,R4,5.18
20.05,Chryseobacterium,R4,5.21
21.05,Chryseobacterium,R4,5.25
22.05,Chryseobacterium,R4,5.27
23.05,Chryseobacterium,R4,5.29
24.05,Chryseobacterium,R4,5.31
25.05,Chryseobacterium,R4,5.33
26.05,Chryseobacterium,R4,5.36
27.05,Chryseobacterium,R4,5.38
28.05,Chryseobacterium,R4,5.4
29.05,Chryseobacterium,R4,5.41
30.05,Chryseobacterium,R4,5.44
31.05,Chryseobacterium,R4,5.47
32.05,Chryseobacterium,R4,5.49
33.05,Chryseobacterium,R4,5.51
34.05,Chryseobacterium,R4,5.52
35.05,Chryseobacterium,R4,5.54
36.05,Chryseobacterium,R4,5.54
37.05,Chryseobacterium,R4,5.57
38.05,Chryseobacterium,R4,5.6
39.05,Chryseobacterium,R4,5.6
40.05,Chryseobacterium,R4,5.6
41.05,Chryseobacterium,R4,5.61
42.07,Chryseobacterium,R4,5.62
43.07,Chryseobacterium,R4,5.64
44.07,Chryseobacterium,R4,5.66
45.07,Chryseobacterium,R4,5.66
46.07,Chryseobacterium,R4,5.68
47.07,Chryseobacterium,R4,5.68
48.07,Chryseobacterium,R4,5.69
49.07,Chryseobacterium,R4,5.69
50.07,Chryseobacterium,R4,5.71
51.07,Chryseobacterium,R4,5.71
52.07,Chryseobacterium,R4,5.73
53.07,Chryseobacterium,R4,5.72
54.07,Chryseobacterium,R4,5.74
55.07,Chryseobacterium,R4,5.73
56.07,Chryseobacterium,R4,5.73
57.07,Chryseobacterium,R4,5.73
58.07,Chryseobacterium,R4,5.74
59.07,Chryseobacterium,R4,5.74
60.07,Chryseobacterium,R4,5.74
61.07,Chryseobacterium,R4,5.75
62.07,Chryseobacterium,R4,5.77
63.07,Chryseobacterium,R4,5.77
64.07,Chryseobacterium,R4,5.76
65.07,Chryseobacterium,R4,5.76
66.07,Chryseobacterium,R4,5.75
67.07,Chryseobacterium,R4,5.75
68.07,Chryseobacterium,R4,5.75
69.07,Chryseobacterium,R4,5.74
70.07,Chryseobacterium,R4,5.74
71.07,Chryseobacterium,R4,5.73
72.07,Chryseobacterium,R4,5.73
73.07,Chryseobacterium,R4,5.72
74.07,Chryseobacterium,R4,5.72
75.07,Chryseobacterium,R4,5.71
76.07,Chryseobacterium,R4,5.71
77.07,Chryseobacterium,R4,5.71
78.07,Chryseobacterium,R4,5.7
79.07,Chryseobacterium,R4,5.69
80.07,Chryseobacterium,R4,5.69
81.07,Chryseobacterium,R4,5.69
82.07,Chryseobacterium,R4,5.68
83.07,Chryseobacterium,R4,5.68
84.07,Chryseobacterium,R4,5.67
85.07,Chryseobacterium,R4,5.67
86.07,Chryseobacterium,R4,5.66
87.07,Chryseobacterium,R4,5.66
88.07,Chryseobacterium,R4,5.65
89.07,Chryseobacterium,R4,5.64
90.07,Chryseobacterium,R4,5.64
91.07,Chryseobacterium,R4,5.63
92.07,Chryseobacterium,R4,5.63
93.07,Chryseobacterium,R4,5.62
94.07,Chryseobacterium,R4,5.61
95.07,Chryseobacterium,R4,5.61
96.07,Chryseobacterium,R4,5.6
97.07,Chryseobacterium,R4,5.59
98.07,Chryseobacterium,R4,5.58
99.07,Chryseobacterium,R4,5.58
100.07,Chryseobacterium,R4,5.57
101.07,Chryseobacterium,R4,5.57
102.07,Chryseobacterium,R4,5.56
103.07,Chryseobacterium,R4,5.55
104.07,Chryseobacterium,R4,5.55
105.07,Chryseobacterium,R4,5.54
106.07,Chryseobacterium,R4,5.53
107.07,Chryseobacterium,R4,5.52
108.07,Chryseobacterium,R4,5.52
109.07,Chryseobacterium,R4,5.5
110.07,Chryseobacterium,R4,5.5
111.07,Chryseobacterium,R4,5.49
112.07,Chryseobacterium,R4,5.48
113.07,Chryseobacterium,R4,5.47
114.07,Chryseobacterium,R4,5.47
115.07,Chryseobacterium,R4,5.47
116.07,Chryseobacterium,R4,5.45
117.07,Chryseobacterium,R4,5.44
118.07,Chryseobacterium,R4,5.43
119.07,Chryseobacterium,R4,5.42
120.07,Chryseobacterium,R4,5.41
121.07,Chryseobacterium,R4,5.4
122.07,Chryseobacterium,R4,5.39
123.07,Chryseobacterium,R4,5.38
124.08,Chryseobacterium,R4,5.37
125.08,Chryseobacterium,R4,5.36
126.08,Chryseobacterium,R4,5.35
127.08,Chryseobacterium,R4,5.34
128.08,Chryseobacterium,R4,5.33
129.08,Chryseobacterium,R4,5.33
130.08,Chryseobacterium,R4,5.31
131.08,Chryseobacterium,R4,5.29
132.08,Chryseobacterium,R4,5.28
133.08,Chryseobacterium,R4,5.27
134.08,Chryseobacterium,R4,5.26
135.08,Chryseobacterium,R4,5.25
136.08,Chryseobacterium,R4,5.24
137.08,Chryseobacterium,R4,5.23
138.08,Chryseobacterium,R4,5.21
139.08,Chryseobacterium,R4,5.21
140.08,Chryseobacterium,R4,5.19
141.08,Chryseobacterium,R4,5.17
142.08,Chryseobacterium,R4,5.16
143.08,Chryseobacterium,R4,5.15
144.08,Chryseobacterium,R4,5.13
145.08,Chryseobacterium,R4,5.12
146.08,Chryseobacterium,R4,5.11
147.08,Chryseobacterium,R4,5.09
148.08,Chryseobacterium,R4,5.08
149.08,Chryseobacterium,R4,5.07
150.08,Chryseobacterium,R4,5.05
151.08,Chryseobacterium,R4,5.03
152.08,Chryseobacterium,R4,5.02
153.08,Chryseobacterium,R4,5
154.08,Chryseobacterium,R4,4.99
155.08,Chryseobacterium,R4,4.97
156.08,Chryseobacterium,R4,4.96
157.08,Chryseobacterium,R4,4.94
158.08,Chryseobacterium,R4,4.92
159.08,Chryseobacterium,R4,4.9
160.08,Chryseobacterium,R4,4.89
161.08,Chryseobacterium,R4,4.86
162.08,Chryseobacterium,R4,4.85
163.08,Chryseobacterium,R4,4.82
164.08,Chryseobacterium,R4,4.81
165.08,Chryseobacterium,R4,4.79
166.08,Chryseobacterium,R4,4.78
167.08,Chryseobacterium,R4,4.75
168.08,Chryseobacterium,R4,4.74
169.08,Chryseobacterium,R4,4.71
170.08,Chryseobacterium,R4,4.69
171.08,Chryseobacterium,R4,4.67
172.08,Chryseobacterium,R4,4.65
173.08,Chryseobacterium,R4,4.63
174.08,Chryseobacterium,R4,4.61
175.08,Chryseobacterium,R4,4.58
176.08,Chryseobacterium,R4,4.56
177.08,Chryseobacterium,R4,4.53
178.08,Chryseobacterium,R4,4.52
179.1,Chryseobacterium,R4,4.49
180.1,Chryseobacterium,R4,4.46
181.1,Chryseobacterium,R4,4.44
182.1,Chryseobacterium,R4,4.41
183.1,Chryseobacterium,R4,4.39
184.1,Chryseobacterium,R4,4.36
185.1,Chryseobacterium,R4,4.34
186.1,Chryseobacterium,R4,4.31
187.1,Chryseobacterium,R4,4.29
188.1,Chryseobacterium,R4,4.26
189.1,Chryseobacterium,R4,4.23
190.1,Chryseobacterium,R4,4.2
191.1,Chryseobacterium,R4,4.17
192.1,Chryseobacterium,R4,4.14
193.1,Chryseobacterium,R4,4.12
194.1,Chryseobacterium,R4,4.08
195.1,Chryseobacterium,R4,4.05
196.1,Chryseobacterium,R4,4.02
197.1,Chryseobacterium,R4,3.99
198.1,Chryseobacterium,R4,3.96
199.1,Chryseobacterium,R4,3.93
200.1,Chryseobacterium,R4,3.9
201.1,Chryseobacterium,R4,3.86
202.1,Chryseobacterium,R4,3.83
203.1,Chryseobacterium,R4,3.79
204.1,Chryseobacterium,R4,3.75
205.1,Chryseobacterium,R4,3.72
206.1,Chryseobacterium,R4,3.68
207.1,Chryseobacterium,R4,3.64
208.1,Chryseobacterium,R4,3.61
209.1,Chryseobacterium,R4,3.57
210.1,Chryseobacterium,R4,3.53
211.1,Chryseobacterium,R4,3.48
212.1,Chryseobacterium,R4,3.45
0.03,Flavobacterium_A,R4,4.02
1.05,Flavobacterium_A,R4,3.98
2.05,Flavobacterium_A,R4,4.01
3.05,Flavobacterium_A,R4,4.03
4.05,Flavobacterium_A,R4,4.08
5.05,Flavobacterium_A,R4,4.11
6.05,Flavobacterium_A,R4,4.16
7.05,Flavobacterium_A,R4,4.23
8.05,Flavobacterium_A,R4,4.26
9.05,Flavobacterium_A,R4,4.31
10.05,Flavobacterium_A,R4,4.34
11.05,Flavobacterium_A,R4,4.39
12.05,Flavobacterium_A,R4,4.41
13.05,Flavobacterium_A,R4,4.45
14.05,Flavobacterium_A,R4,4.48
15.05,Flavobacterium_A,R4,4.52
16.05,Flavobacterium_A,R4,4.53
17.05,Flavobacterium_A,R4,4.57
18.05,Flavobacterium_A,R4,4.6
19.05,Flavobacterium_A,R4,4.63
20.05,Flavobacterium_A,R4,4.65
21.05,Flavobacterium_A,R4,4.68
22.05,Flavobacterium_A,R4,4.72
23.05,Flavobacterium_A,R4,4.74
24.05,Flavobacterium_A,R4,4.77
25.05,Flavobacterium_A,R4,4.79
26.05,Flavobacterium_A,R4,4.83
27.05,Flavobacterium_A,R4,4.84
28.05,Flavobacterium_A,R4,4.88
29.05,Flavobacterium_A,R4,4.91
30.05,Flavobacterium_A,R4,4.93
31.05,Flavobacterium_A,R4,4.94
32.05,Flavobacterium_A,R4,4.97
33.05,Flavobacterium_A,R4,4.99
34.05,Flavobacterium_A,R4,5
35.05,Flavobacterium_A,R4,5.01
36.05,Flavobacterium_A,R4,5.02
37.05,Flavobacterium_A,R4,5.05
38.05,Flavobacterium_A,R4,5.07
39.05,Flavobacterium_A,R4,5.09
40.05,Flavobacterium_A,R4,5.09
41.05,Flavobacterium_A,R4,5.1
42.07,Flavobacterium_A,R4,5.11
43.07,Flavobacterium_A,R4,5.12
44.07,Flavobacterium_A,R4,5.14
45.07,Flavobacterium_A,R4,5.14
46.07,Flavobacterium_A,R4,5.17
47.07,Flavobacterium_A,R4,5.17
48.07,Flavobacterium_A,R4,5.17
49.07,Flavobacterium_A,R4,5.18
50.07,Flavobacterium_A,R4,5.18
51.07,Flavobacterium_A,R4,5.19
52.07,Flavobacterium_A,R4,5.2
53.07,Flavobacterium_A,R4,5.2
54.07,Flavobacterium_A,R4,5.22
55.07,Flavobacterium_A,R4,5.22
56.07,Flavobacterium_A,R4,5.2
57.07,Flavobacterium_A,R4,5.22
58.07,Flavobacterium_A,R4,5.22
59.07,Flavobacterium_A,R4,5.24
60.07,Flavobacterium_A,R4,5.25
61.07,Flavobacterium_A,R4,5.23
62.07,Flavobacterium_A,R4,5.21
63.07,Flavobacterium_A,R4,5.2
64.07,Flavobacterium_A,R4,5.21
65.07,Flavobacterium_A,R4,5.21
66.07,Flavobacterium_A,R4,5.19
67.07,Flavobacterium_A,R4,5.18
68.07,Flavobacterium_A,R4,5.17
69.07,Flavobacterium_A,R4,5.17
70.07,Flavobacterium_A,R4,5.16
71.07,Flavobacterium_A,R4,5.14
72.07,Flavobacterium_A,R4,5.14
73.07,Flavobacterium_A,R4,5.12
74.07,Flavobacterium_A,R4,5.11
75.07,Flavobacterium_A,R4,5.11
76.07,Flavobacterium_A,R4,5.09
77.07,Flavobacterium_A,R4,5.08
78.07,Flavobacterium_A,R4,5.08
79.07,Flavobacterium_A,R4,5.06
80.07,Flavobacterium_A,R4,5.06
81.07,Flavobacterium_A,R4,5.05
82.07,Flavobacterium_A,R4,5.03
83.07,Flavobacterium_A,R4,5.01
84.07,Flavobacterium_A,R4,4.99
85.07,Flavobacterium_A,R4,4.99
86.07,Flavobacterium_A,R4,4.99
87.07,Flavobacterium_A,R4,4.97
88.07,Flavobacterium_A,R4,4.96
89.07,Flavobacterium_A,R4,4.94
90.07,Flavobacterium_A,R4,4.93
91.07,Flavobacterium_A,R4,4.91
92.07,Flavobacterium_A,R4,4.89
93.07,Flavobacterium_A,R4,4.87
94.07,Flavobacterium_A,R4,4.86
95.07,Flavobacterium_A,R4,4.85
96.07,Flavobacterium_A,R4,4.83
97.07,Flavobacterium_A,R4,4.82
98.07,Flavobacterium_A,R4,4.8
99.07,Flavobacterium_A,R4,4.77
100.07,Flavobacterium_A,R4,4.76
101.07,Flavobacterium_A,R4,4.74
102.07,Flavobacterium_A,R4,4.72
103.07,Flavobacterium_A,R4,4.7
104.07,Flavobacterium_A,R4,4.69
105.07,Flavobacterium_A,R4,4.66
106.07,Flavobacterium_A,R4,4.65
107.07,Flavobacterium_A,R4,4.63
108.07,Flavobacterium_A,R4,4.61
109.07,Flavobacterium_A,R4,4.58
110.07,Flavobacterium_A,R4,4.55
111.07,Flavobacterium_A,R4,4.53
112.07,Flavobacterium_A,R4,4.51
113.07,Flavobacterium_A,R4,4.48
114.07,Flavobacterium_A,R4,4.47
115.07,Flavobacterium_A,R4,4.43
116.07,Flavobacterium_A,R4,4.4
117.07,Flavobacterium_A,R4,4.38
118.07,Flavobacterium_A,R4,4.36
119.07,Flavobacterium_A,R4,4.32
120.07,Flavobacterium_A,R4,4.29
121.07,Flavobacterium_A,R4,4.27
122.07,Flavobacterium_A,R4,4.24
123.07,Flavobacterium_A,R4,4.21
124.08,Flavobacterium_A,R4,4.18
125.08,Flavobacterium_A,R4,4.15
126.08,Flavobacterium_A,R4,4.11
127.08,Flavobacterium_A,R4,4.07
128.08,Flavobacterium_A,R4,4.02
129.08,Flavobacterium_A,R4,4
130.08,Flavobacterium_A,R4,3.97
131.08,Flavobacterium_A,R4,3.93
132.08,Flavobacterium_A,R4,3.88
133.08,Flavobacterium_A,R4,3.85
134.08,Flavobacterium_A,R4,3.82
135.08,Flavobacterium_A,R4,3.76
136.08,Flavobacterium_A,R4,3.73
137.08,Flavobacterium_A,R4,3.69
138.08,Flavobacterium_A,R4,3.63
139.08,Flavobacterium_A,R4,3.6
140.08,Flavobacterium_A,R4,3.54
141.08,Flavobacterium_A,R4,3.5
142.08,Flavobacterium_A,R4,3.45
143.08,Flavobacterium_A,R4,3.41
144.08,Flavobacterium_A,R4,3.35
145.08,Flavobacterium_A,R4,3.3
146.08,Flavobacterium_A,R4,3.25
147.08,Flavobacterium_A,R4,3.2
148.08,Flavobacterium_A,R4,3.14
149.08,Flavobacterium_A,R4,3.07
150.08,Flavobacterium_A,R4,3.02
151.08,Flavobacterium_A,R4,2.96
152.08,Flavobacterium_A,R4,2.9
153.08,Flavobacterium_A,R4,2.84
154.08,Flavobacterium_A,R4,2.76
155.08,Flavobacterium_A,R4,2.73
156.08,Flavobacterium_A,R4,2.64
157.08,Flavobacterium_A,R4,2.56
158.08,Flavobacterium_A,R4,2.51
159.08,Flavobacterium_A,R4,2.42
160.08,Flavobacterium_A,R4,2.35
161.08,Flavobacterium_A,R4,2.27
162.08,Flavobacterium_A,R4,2.19
163.08,Flavobacterium_A,R4,2.1
164.08,Flavobacterium_A,R4,2.02
165.08,Flavobacterium_A,R4,1.95
166.08,Flavobacterium_A,R4,1.86
167.08,Flavobacterium_A,R4,1.76
168.08,Flavobacterium_A,R4,1.7
169.08,Flavobacterium_A,R4,1.59
170.08,Flavobacterium_A,R4,1.52
171.08,Flavobacterium_A,R4,1.4
172.08,Flavobacterium_A,R4,1.31
173.08,Flavobacterium_A,R4,1.22
174.08,Flavobacterium_A,R4,1.1
175.08,Flavobacterium_A,R4,0.99
176.08,Flavobacterium_A,R4,0.88
177.08,Flavobacterium_A,R4,0.77
178.08,Flavobacterium_A,R4,0.66
179.1,Flavobacterium_A,R4,0.56
180.1,Flavobacterium_A,R4,0.43
181.1,Flavobacterium_A,R4,0.31
182.1,Flavobacterium_A,R4,0.18
183.1,Flavobacterium_A,R4,0.05
184.1,Flavobacterium_A,R4,0
185.1,Flavobacterium_A,R4,0
186.1,Flavobacterium_A,R4,0
187.1,Flavobacterium_A,R4,0
188.1,Flavobacterium_A,R4,0
189.1,Flavobacterium_A,R4,0
190.1,Flavobacterium_A,R4,0
191.1,Flavobacterium_A,R4,0
192.1,Flavobacterium_A,R4,0
193.1,Flavobacterium_A,R4,0
194.1,Flavobacterium_A,R4,0
195.1,Flavobacterium_A,R4,0
196.1,Flavobacterium_A,R4,0
197.1,Flavobacterium_A,R4,0
198.1,Flavobacterium_A,R4,0
199.1,Flavobacterium_A,R4,0
200.1,Flavobacterium_A,R4,0
201.1,Flavobacterium_A,R4,0
202.1,Flavobacterium_A,R4,0
203.1,Flavobacterium_A,R4,0
204.1,Flavobacterium_A,R4,0
205.1,Flavobacterium_A,R4,0
206.1,Flavobacterium_A,R4,0
207.1,Flavobacterium_A,R4,0
208.1,Flavobacterium_A,R4,0
209.1,Flavobacterium_A,R4,0
210.1,Flavobacterium_A,R4,0
211.1,Flavobacterium_A,R4,0
212.1,Flavobacterium_A,R4,0
0.03,Pseudomonas,R4,5.2
1.05,Pseudomonas,R4,5.11
2.05,Pseudomonas,R4,5.13
3.05,Pseudomonas,R4,5.14
4.05,Pseudomonas,R4,5.17
5.05,Pseudomonas,R4,5.21
6.05,Pseudomonas,R4,5.25
7.05,Pseudomonas,R4,5.28
8.05,Pseudomonas,R4,5.31
9.05,Pseudomonas,R4,5.35
10.05,Pseudomonas,R4,5.39
11.05,Pseudomonas,R4,5.43
12.05,Pseudomonas,R4,5.46
13.05,Pseudomonas,R4,5.49
14.05,Pseudomonas,R4,5.54
15.05,Pseudomonas,R4,5.57
16.05,Pseudomonas,R4,5.6
17.05,Pseudomonas,R4,5.63
18.05,Pseudomonas,R4,5.66
19.05,Pseudomonas,R4,5.69
20.05,Pseudomonas,R4,5.73
21.05,Pseudomonas,R4,5.75
22.05,Pseudomonas,R4,5.78
23.05,Pseudomonas,R4,5.8
24.05,Pseudomonas,R4,5.83
25.05,Pseudomonas,R4,5.84
26.05,Pseudomonas,R4,5.87
27.05,Pseudomonas,R4,5.89
28.05,Pseudomonas,R4,5.92
29.05,Pseudomonas,R4,5.95
30.05,Pseudomonas,R4,5.97
31.05,Pseudomonas,R4,5.99
32.05,Pseudomonas,R4,6.02
33.05,Pseudomonas,R4,6.02
34.05,Pseudomonas,R4,6.04
35.05,Pseudomonas,R4,6.05
36.05,Pseudomonas,R4,6.06
37.05,Pseudomonas,R4,6.08
38.05,Pseudomonas,R4,6.12
39.05,Pseudomonas,R4,6.12
40.05,Pseudomonas,R4,6.13
41.05,Pseudomonas,R4,6.14
42.07,Pseudomonas,R4,6.16
43.07,Pseudomonas,R4,6.16
44.07,Pseudomonas,R4,6.18
45.07,Pseudomonas,R4,6.19
46.07,Pseudomonas,R4,6.21
47.07,Pseudomonas,R4,6.2
48.07,Pseudomonas,R4,6.21
49.07,Pseudomonas,R4,6.22
50.07,Pseudomonas,R4,6.22
51.07,Pseudomonas,R4,6.23
52.07,Pseudomonas,R4,6.25
53.07,Pseudomonas,R4,6.24
54.07,Pseudomonas,R4,6.25
55.07,Pseudomonas,R4,6.25
56.07,Pseudomonas,R4,6.24
57.07,Pseudomonas,R4,6.24
58.07,Pseudomonas,R4,6.25
59.07,Pseudomonas,R4,6.26
60.07,Pseudomonas,R4,6.25
61.07,Pseudomonas,R4,6.23
62.07,Pseudomonas,R4,6.23
63.07,Pseudomonas,R4,6.22
64.07,Pseudomonas,R4,6.21
65.07,Pseudomonas,R4,6.21
66.07,Pseudomonas,R4,6.21
67.07,Pseudomonas,R4,6.19
68.07,Pseudomonas,R4,6.18
69.07,Pseudomonas,R4,6.17
70.07,Pseudomonas,R4,6.17
71.07,Pseudomonas,R4,6.14
72.07,Pseudomonas,R4,6.14
73.07,Pseudomonas,R4,6.12
74.07,Pseudomonas,R4,6.11
75.07,Pseudomonas,R4,6.12
76.07,Pseudomonas,R4,6.08
77.07,Pseudomonas,R4,6.08
78.07,Pseudomonas,R4,6.06
79.07,Pseudomonas,R4,6.05
80.07,Pseudomonas,R4,6.03
81.07,Pseudomonas,R4,6.02
82.07,Pseudomonas,R4,6
83.07,Pseudomonas,R4,6
84.07,Pseudomonas,R4,5.96
85.07,Pseudomonas,R4,5.98
86.07,Pseudomonas,R4,5.96
87.07,Pseudomonas,R4,5.93
88.07,Pseudomonas,R4,5.93
89.07,Pseudomonas,R4,5.93
90.07,Pseudomonas,R4,5.88
91.07,Pseudomonas,R4,5.88
92.07,Pseudomonas,R4,5.87
93.07,Pseudomonas,R4,5.85
94.07,Pseudomonas,R4,5.83
95.07,Pseudomonas,R4,5.8
96.07,Pseudomonas,R4,5.8
97.07,Pseudomonas,R4,5.79
98.07,Pseudomonas,R4,5.75
99.07,Pseudomonas,R4,5.74
100.07,Pseudomonas,R4,5.73
101.07,Pseudomonas,R4,5.69
102.07,Pseudomonas,R4,5.68
103.07,Pseudomonas,R4,5.67
104.07,Pseudomonas,R4,5.62
105.07,Pseudomonas,R4,5.63
106.07,Pseudomonas,R4,5.61
107.07,Pseudomonas,R4,5.58
108.07,Pseudomonas,R4,5.56
109.07,Pseudomonas,R4,5.53
110.07,Pseudomonas,R4,5.52
111.07,Pseudomonas,R4,5.48
112.07,Pseudomonas,R4,5.47
113.07,Pseudomonas,R4,5.43
114.07,Pseudomonas,R4,5.4
115.07,Pseudomonas,R4,5.38
116.07,Pseudomonas,R4,5.36
117.07,Pseudomonas,R4,5.34
118.07,Pseudomonas,R4,5.32
119.07,Pseudomonas,R4,5.29
120.07,Pseudomonas,R4,5.24
121.07,Pseudomonas,R4,5.22
122.07,Pseudomonas,R4,5.19
123.07,Pseudomonas,R4,5.17
124.08,Pseudomonas,R4,5.16
125.08,Pseudomonas,R4,5.12
126.08,Pseudomonas,R4,5.08
127.08,Pseudomonas,R4,5.05
128.08,Pseudomonas,R4,5.03
129.08,Pseudomonas,R4,4.99
130.08,Pseudomonas,R4,4.94
131.08,Pseudomonas,R4,4.92
132.08,Pseudomonas,R4,4.88
133.08,Pseudomonas,R4,4.85
134.08,Pseudomonas,R4,4.81
135.08,Pseudomonas,R4,4.78
136.08,Pseudomonas,R4,4.75
137.08,Pseudomonas,R4,4.69
138.08,Pseudomonas,R4,4.67
139.08,Pseudomonas,R4,4.64
140.08,Pseudomonas,R4,4.59
141.08,Pseudomonas,R4,4.54
142.08,Pseudomonas,R4,4.5
143.08,Pseudomonas,R4,4.45
144.08,Pseudomonas,R4,4.4
145.08,Pseudomonas,R4,4.36
146.08,Pseudomonas,R4,4.31
147.08,Pseudomonas,R4,4.29
148.08,Pseudomonas,R4,4.23
149.08,Pseudomonas,R4,4.19
150.08,Pseudomonas,R4,4.13
151.08,Pseudomonas,R4,4.08
152.08,Pseudomonas,R4,4.05
153.08,Pseudomonas,R4,3.97
154.08,Pseudomonas,R4,3.93
155.08,Pseudomonas,R4,3.89
156.08,Pseudomonas,R4,3.83
157.08,Pseudomonas,R4,3.76
158.08,Pseudomonas,R4,3.71
159.08,Pseudomonas,R4,3.65
160.08,Pseudomonas,R4,3.6
161.08,Pseudomonas,R4,3.54
162.08,Pseudomonas,R4,3.47
163.08,Pseudomonas,R4,3.42
164.08,Pseudomonas,R4,3.34
165.08,Pseudomonas,R4,3.27
166.08,Pseudomonas,R4,3.21
167.08,Pseudomonas,R4,3.14
168.08,Pseudomonas,R4,3.08
169.08,Pseudomonas,R4,3.01
170.08,Pseudomonas,R4,2.94
171.08,Pseudomonas,R4,2.87
172.08,Pseudomonas,R4,2.8
173.08,Pseudomonas,R4,2.72
174.08,Pseudomonas,R4,2.63
175.08,Pseudomonas,R4,2.54
176.08,Pseudomonas,R4,2.48
177.08,Pseudomonas,R4,2.41
178.08,Pseudomonas,R4,2.31
179.1,Pseudomonas,R4,2.24
180.1,Pseudomonas,R4,2.15
181.1,Pseudomonas,R4,2.06
182.1,Pseudomonas,R4,1.96
183.1,Pseudomonas,R4,1.87
184.1,Pseudomonas,R4,1.78
185.1,Pseudomonas,R4,1.7
186.1,Pseudomonas,R4,1.6
187.1,Pseudomonas,R4,1.5
188.1,Pseudomonas,R4,1.4
189.1,Pseudomonas,R4,1.28
190.1,Pseudomonas,R4,1.19
191.1,Pseudomonas,R4,1.07
192.1,Pseudomonas,R4,0.97
193.1,Pseudomonas,R4,0.86
194.1,Pseudomonas,R4,0.74
195.1,Pseudomonas,R4,0.65
196.1,Pseudomonas,R4,0.53
197.1,Pseudomonas,R4,0.4
198.1,Pseudomonas,R4,0.32
199.1,Pseudomonas,R4,0.3
200.1,Pseudomonas,R4,0.31
201.1,Pseudomonas,R4,0.31
202.1,Pseudomonas,R4,0.3
203.1,Pseudomonas,R4,0.31
204.1,Pseudomonas,R4,0.31
205.1,Pseudomonas,R4,0.31
206.1,Pseudomonas,R4,0.31
207.1,Pseudomonas,R4,0.31
208.1,Pseudomonas,R4,0.31
209.1,Pseudomonas,R4,0.31
210.1,Pseudomonas,R4,0.3
211.1,Pseudomonas,R4,0.3
212.1,Pseudomonas,R4,0.3
0.03,Serratia,R4,4.87
1.05,Serratia,R4,4.87
2.05,Serratia,R4,4.91
3.05,Serratia,R4,4.96
4.05,Serratia,R4,5.02
5.05,Serratia,R4,5.07
6.05,Serratia,R4,5.1
7.05,Serratia,R4,5.15
8.05,Serratia,R4,5.2
9.05,Serratia,R4,5.25
10.05,Serratia,R4,5.29
11.05,Serratia,R4,5.34
12.05,Serratia,R4,5.37
13.05,Serratia,R4,5.4
14.05,Serratia,R4,5.43
15.05,Serratia,R4,5.48
16.05,Serratia,R4,5.49
17.05,Serratia,R4,5.52
18.05,Serratia,R4,5.55
19.05,Serratia,R4,5.58
20.05,Serratia,R4,5.6
21.05,Serratia,R4,5.61
22.05,Serratia,R4,5.64
23.05,Serratia,R4,5.65
24.05,Serratia,R4,5.65
25.05,Serratia,R4,5.68
26.05,Serratia,R4,5.71
27.05,Serratia,R4,5.73
28.05,Serratia,R4,5.76
29.05,Serratia,R4,5.77
30.05,Serratia,R4,5.78
31.05,Serratia,R4,5.79
32.05,Serratia,R4,5.8
33.05,Serratia,R4,5.82
34.05,Serratia,R4,5.82
35.05,Serratia,R4,5.84
36.05,Serratia,R4,5.85
37.05,Serratia,R4,5.87
38.05,Serratia,R4,5.87
39.05,Serratia,R4,5.87
40.05,Serratia,R4,5.87
41.05,Serratia,R4,5.89
42.07,Serratia,R4,5.89
43.07,Serratia,R4,5.89
44.07,Serratia,R4,5.9
45.07,Serratia,R4,5.9
46.07,Serratia,R4,5.91
47.07,Serratia,R4,5.92
48.07,Serratia,R4,5.93
49.07,Serratia,R4,5.92
50.07,Serratia,R4,5.92
51.07,Serratia,R4,5.92
52.07,Serratia,R4,5.91
53.07,Serratia,R4,5.9
54.07,Serratia,R4,5.89
55.07,Serratia,R4,5.9
56.07,Serratia,R4,5.88
57.07,Serratia,R4,5.88
58.07,Serratia,R4,5.87
59.07,Serratia,R4,5.88
60.07,Serratia,R4,5.86
61.07,Serratia,R4,5.86
62.07,Serratia,R4,5.85
63.07,Serratia,R4,5.84
64.07,Serratia,R4,5.83
65.07,Serratia,R4,5.84
66.07,Serratia,R4,5.82
67.07,Serratia,R4,5.82
68.07,Serratia,R4,5.81
69.07,Serratia,R4,5.79
70.07,Serratia,R4,5.79
71.07,Serratia,R4,5.78
72.07,Serratia,R4,5.76
73.07,Serratia,R4,5.78
74.07,Serratia,R4,5.74
75.07,Serratia,R4,5.73
76.07,Serratia,R4,5.73
77.07,Serratia,R4,5.71
78.07,Serratia,R4,5.71
79.07,Serratia,R4,5.7
80.07,Serratia,R4,5.7
81.07,Serratia,R4,5.68
82.07,Serratia,R4,5.66
83.07,Serratia,R4,5.64
84.07,Serratia,R4,5.64
85.07,Serratia,R4,5.62
86.07,Serratia,R4,5.62
87.07,Serratia,R4,5.6
88.07,Serratia,R4,5.59
89.07,Serratia,R4,5.57
90.07,Serratia,R4,5.55
91.07,Serratia,R4,5.54
92.07,Serratia,R4,5.51
93.07,Serratia,R4,5.5
94.07,Serratia,R4,5.49
95.07,Serratia,R4,5.45
96.07,Serratia,R4,5.45
97.07,Serratia,R4,5.43
98.07,Serratia,R4,5.41
99.07,Serratia,R4,5.39
100.07,Serratia,R4,5.38
101.07,Serratia,R4,5.35
102.07,Serratia,R4,5.33
103.07,Serratia,R4,5.31
104.07,Serratia,R4,5.29
105.07,Serratia,R4,5.27
106.07,Serratia,R4,5.24
107.07,Serratia,R4,5.22
108.07,Serratia,R4,5.2
109.07,Serratia,R4,5.16
110.07,Serratia,R4,5.15
111.07,Serratia,R4,5.12
112.07,Serratia,R4,5.09
113.07,Serratia,R4,5.05
114.07,Serratia,R4,5.03
115.07,Serratia,R4,5
116.07,Serratia,R4,4.98
117.07,Serratia,R4,4.94
118.07,Serratia,R4,4.91
119.07,Serratia,R4,4.87
120.07,Serratia,R4,4.84
121.07,Serratia,R4,4.82
122.07,Serratia,R4,4.78
123.07,Serratia,R4,4.74
124.08,Serratia,R4,4.69
125.08,Serratia,R4,4.65
126.08,Serratia,R4,4.62
127.08,Serratia,R4,4.57
128.08,Serratia,R4,4.52
129.08,Serratia,R4,4.49
130.08,Serratia,R4,4.43
131.08,Serratia,R4,4.41
132.08,Serratia,R4,4.35
133.08,Serratia,R4,4.31
134.08,Serratia,R4,4.24
135.08,Serratia,R4,4.2
136.08,Serratia,R4,4.14
137.08,Serratia,R4,4.08
138.08,Serratia,R4,4.02
139.08,Serratia,R4,3.96
140.08,Serratia,R4,3.9
141.08,Serratia,R4,3.85
142.08,Serratia,R4,3.8
143.08,Serratia,R4,3.71
144.08,Serratia,R4,3.67
145.08,Serratia,R4,3.58
146.08,Serratia,R4,3.52
147.08,Serratia,R4,3.45
148.08,Serratia,R4,3.37
149.08,Serratia,R4,3.3
150.08,Serratia,R4,3.22
151.08,Serratia,R4,3.14
152.08,Serratia,R4,3.05
153.08,Serratia,R4,2.96
154.08,Serratia,R4,2.87
155.08,Serratia,R4,2.79
156.08,Serratia,R4,2.69
157.08,Serratia,R4,2.59
158.08,Serratia,R4,2.51
159.08,Serratia,R4,2.39
160.08,Serratia,R4,2.3
161.08,Serratia,R4,2.19
162.08,Serratia,R4,2.09
163.08,Serratia,R4,1.98
164.08,Serratia,R4,1.86
165.08,Serratia,R4,1.75
166.08,Serratia,R4,1.61
167.08,Serratia,R4,1.49
168.08,Serratia,R4,1.36
169.08,Serratia,R4,1.23
170.08,Serratia,R4,1.08
171.08,Serratia,R4,0.94
172.08,Serratia,R4,0.8
173.08,Serratia,R4,0.67
174.08,Serratia,R4,0.51
175.08,Serratia,R4,0.35
176.08,Serratia,R4,0.26
177.08,Serratia,R4,0.24
178.08,Serratia,R4,0.24
179.1,Serratia,R4,0.24
180.1,Serratia,R4,0.24
181.1,Serratia,R4,0.24
182.1,Serratia,R4,0.24
183.1,Serratia,R4,0.24
184.1,Serratia,R4,0.24
185.1,Serratia,R4,0.24
186.1,Serratia,R4,0.24
187.1,Serratia,R4,0.24
188.1,Serratia,R4,0.24
189.1,Serratia,R4,0.24
190.1,Serratia,R4,0.24
191.1,Serratia,R4,0.24
192.1,Serratia,R4,0.24
193.1,Serratia,R4,0.24
194.1,Serratia,R4,0.24
195.1,Serratia,R4,0.24
196.1,Serratia,R4,0.24
197.1,Serratia,R4,0.24
198.1,Serratia,R4,0.24
199.1,Serratia,R4,0.24
200.1,Serratia,R4,0.24
201.1,Serratia,R4,0.24
202.1,Serratia,R4,0.24
203.1,Serratia,R4,0.24
204.1,Serratia,R4,0.24
205.1,Serratia,R4,0.24
206.1,Serratia,R4,0.23
207.1,Serratia,R4,0.24
208.1,Serratia,R4,0.24
209.1,Serratia,R4,0.24
210.1,Serratia,R4,0.24
211.1,Serratia,R4,0.24
212.1,Serratia,R4,0.24
0.03,Yersinia,R4,5.17
1.05,Yersinia,R4,5.11
2.05,Yersinia,R4,5.12
3.05,Yersinia,R4,5.17
4.05,Yersinia,R4,5.23
5.05,Yersinia,R4,5.31
6.05,Yersinia,R4,5.38
7.05,Yersinia,R4,5.43
8.05,Yersinia,R4,5.49
9.05,Yersinia,R4,5.55
10.05,Yersinia,R4,5.6
11.05,Yersinia,R4,5.65
12.05,Yersinia,R4,5.69
13.05,Yersinia,R4,5.73
14.05,Yersinia,R4,5.76
15.05,Yersinia,R4,5.81
16.05,Yersinia,R4,5.85
17.05,Yersinia,R4,5.87
18.05,Yersinia,R4,5.92
19.05,Yersinia,R4,5.95
20.05,Yersinia,R4,5.97
21.05,Yersinia,R4,6.01
22.05,Yersinia,R4,6.03
23.05,Yersinia,R4,6.04
24.05,Yersinia,R4,6.05
25.05,Yersinia,R4,6.07
26.05,Yersinia,R4,6.09
27.05,Yersinia,R4,6.12
28.05,Yersinia,R4,6.14
29.05,Yersinia,R4,6.14
30.05,Yersinia,R4,6.17
31.05,Yersinia,R4,6.18
32.05,Yersinia,R4,6.19
33.05,Yersinia,R4,6.21
34.05,Yersinia,R4,6.21
35.05,Yersinia,R4,6.22
36.05,Yersinia,R4,6.24
37.05,Yersinia,R4,6.25
38.05,Yersinia,R4,6.25
39.05,Yersinia,R4,6.26
40.05,Yersinia,R4,6.26
41.05,Yersinia,R4,6.26
42.07,Yersinia,R4,6.27
43.07,Yersinia,R4,6.27
44.07,Yersinia,R4,6.27
45.07,Yersinia,R4,6.26
46.07,Yersinia,R4,6.27
47.07,Yersinia,R4,6.28
48.07,Yersinia,R4,6.27
49.07,Yersinia,R4,6.27
50.07,Yersinia,R4,6.27
51.07,Yersinia,R4,6.29
52.07,Yersinia,R4,6.29
53.07,Yersinia,R4,6.27
54.07,Yersinia,R4,6.28
55.07,Yersinia,R4,6.26
56.07,Yersinia,R4,6.26
57.07,Yersinia,R4,6.26
58.07,Yersinia,R4,6.27
59.07,Yersinia,R4,6.25
60.07,Yersinia,R4,6.25
61.07,Yersinia,R4,6.25
62.07,Yersinia,R4,6.23
63.07,Yersinia,R4,6.24
64.07,Yersinia,R4,6.24
65.07,Yersinia,R4,6.22
66.07,Yersinia,R4,6.21
67.07,Yersinia,R4,6.22
68.07,Yersinia,R4,6.21
69.07,Yersinia,R4,6.2
70.07,Yersinia,R4,6.19
71.07,Yersinia,R4,6.2
72.07,Yersinia,R4,6.19
73.07,Yersinia,R4,6.18
74.07,Yersinia,R4,6.16
75.07,Yersinia,R4,6.16
76.07,Yersinia,R4,6.15
77.07,Yersinia,R4,6.14
78.07,Yersinia,R4,6.13
79.07,Yersinia,R4,6.14
80.07,Yersinia,R4,6.12
81.07,Yersinia,R4,6.12
82.07,Yersinia,R4,6.1
83.07,Yersinia,R4,6.1
84.07,Yersinia,R4,6.1
85.07,Yersinia,R4,6.06
86.07,Yersinia,R4,6.07
87.07,Yersinia,R4,6.05
88.07,Yersinia,R4,6.02
89.07,Yersinia,R4,6.02
90.07,Yersinia,R4,6.02
91.07,Yersinia,R4,6
92.07,Yersinia,R4,5.97
93.07,Yersinia,R4,5.96
94.07,Yersinia,R4,5.96
95.07,Yersinia,R4,5.93
96.07,Yersinia,R4,5.93
97.07,Yersinia,R4,5.91
98.07,Yersinia,R4,5.89
99.07,Yersinia,R4,5.88
100.07,Yersinia,R4,5.84
101.07,Yersinia,R4,5.83
102.07,Yersinia,R4,5.81
103.07,Yersinia,R4,5.79
104.07,Yersinia,R4,5.76
105.07,Yersinia,R4,5.75
106.07,Yersinia,R4,5.72
107.07,Yersinia,R4,5.69
108.07,Yersinia,R4,5.68
109.07,Yersinia,R4,5.64
110.07,Yersinia,R4,5.6
111.07,Yersinia,R4,5.59
112.07,Yersinia,R4,5.56
113.07,Yersinia,R4,5.54
114.07,Yersinia,R4,5.5
115.07,Yersinia,R4,5.46
116.07,Yersinia,R4,5.44
117.07,Yersinia,R4,5.4
118.07,Yersinia,R4,5.37
119.07,Yersinia,R4,5.32
120.07,Yersinia,R4,5.27
121.07,Yersinia,R4,5.23
122.07,Yersinia,R4,5.19
123.07,Yersinia,R4,5.16
124.08,Yersinia,R4,5.1
125.08,Yersinia,R4,5.07
126.08,Yersinia,R4,5.02
127.08,Yersinia,R4,4.97
128.08,Yersinia,R4,4.91
129.08,Yersinia,R4,4.86
130.08,Yersinia,R4,4.79
131.08,Yersinia,R4,4.76
132.08,Yersinia,R4,4.68
133.08,Yersinia,R4,4.62
134.08,Yersinia,R4,4.55
135.08,Yersinia,R4,4.49
136.08,Yersinia,R4,4.4
137.08,Yersinia,R4,4.34
138.08,Yersinia,R4,4.27
139.08,Yersinia,R4,4.19
140.08,Yersinia,R4,4.11
141.08,Yersinia,R4,4.01
142.08,Yersinia,R4,3.93
143.08,Yersinia,R4,3.84
144.08,Yersinia,R4,3.74
145.08,Yersinia,R4,3.64
146.08,Yersinia,R4,3.55
147.08,Yersinia,R4,3.43
148.08,Yersinia,R4,3.34
149.08,Yersinia,R4,3.23
150.08,Yersinia,R4,3.1
151.08,Yersinia,R4,2.97
152.08,Yersinia,R4,2.84
153.08,Yersinia,R4,2.72
154.08,Yersinia,R4,2.57
155.08,Yersinia,R4,2.44
156.08,Yersinia,R4,2.28
157.08,Yersinia,R4,2.13
158.08,Yersinia,R4,1.98
159.08,Yersinia,R4,1.83
160.08,Yersinia,R4,1.64
161.08,Yersinia,R4,1.47
162.08,Yersinia,R4,1.29
163.08,Yersinia,R4,1.09
164.08,Yersinia,R4,0.9
165.08,Yersinia,R4,0.69
166.08,Yersinia,R4,0.49
167.08,Yersinia,R4,0.35
168.08,Yersinia,R4,0.3
169.08,Yersinia,R4,0.29
170.08,Yersinia,R4,0.29
171.08,Yersinia,R4,0.28
172.08,Yersinia,R4,0.29
173.08,Yersinia,R4,0.28
174.08,Yersinia,R4,0.28
175.08,Yersinia,R4,0.28
176.08,Yersinia,R4,0.28
177.08,Yersinia,R4,0.28
178.08,Yersinia,R4,0.28
179.1,Yersinia,R4,0.29
180.1,Yersinia,R4,0.28
181.1,Yersinia,R4,0.28
182.1,Yersinia,R4,0.29
183.1,Yersinia,R4,0.29
184.1,Yersinia,R4,0.28
185.1,Yersinia,R4,0.28
186.1,Yersinia,R4,0.29
187.1,Yersinia,R4,0.29
188.1,Yersinia,R4,0.29
189.1,Yersinia,R4,0.28
190.1,Yersinia,R4,0.29
191.1,Yersinia,R4,0.28
192.1,Yersinia,R4,0.29
193.1,Yersinia,R4,0.29
194.1,Yersinia,R4,0.29
195.1,Yersinia,R4,0.29
196.1,Yersinia,R4,0.28
197.1,Yersinia,R4,0.29
198.1,Yersinia,R4,0.29
199.1,Yersinia,R4,0.29
200.1,Yersinia,R4,0.28
201.1,Yersinia,R4,0.28
202.1,Yersinia,R4,0.28
203.1,Yersinia,R4,0.29
204.1,Yersinia,R4,0.28
205.1,Yersinia,R4,0.28
206.1,Yersinia,R4,0.27
207.1,Yersinia,R4,0.28
208.1,Yersinia,R4,0.28
209.1,Yersinia,R4,0.28
210.1,Yersinia,R4,0.27
211.1,Yersinia,R4,0.29
212.1,Yersinia,R4,0.28
0.03,Aeromonas_A,R5,4.99
1.05,Aeromonas_A,R5,4.95
2.05,Aeromonas_A,R5,5.01
3.05,Aeromonas_A,R5,5.05
4.05,Aeromonas_A,R5,5.14
5.05,Aeromonas_A,R5,5.2
6.05,Aeromonas_A,R5,5.27
7.05,Aeromonas_A,R5,5.35
8.05,Aeromonas_A,R5,5.4
9.05,Aeromonas_A,R5,5.48
10.05,Aeromonas_A,R5,5.57
11.05,Aeromonas_A,R5,5.62
12.05,Aeromonas_A,R5,5.65
13.05,Aeromonas_A,R5,5.68
14.05,Aeromonas_A,R5,5.74
15.05,Aeromonas_A,R5,5.78
16.05,Aeromonas_A,R5,5.81
17.05,Aeromonas_A,R5,5.86
18.05,Aeromonas_A,R5,5.88
19.05,Aeromonas_A,R5,5.89
20.05,Aeromonas_A,R5,5.92
21.05,Aeromonas_A,R5,5.97
22.05,Aeromonas_A,R5,5.99
23.05,Aeromonas_A,R5,6.03
24.05,Aeromonas_A,R5,6.03
25.05,Aeromonas_A,R5,6.04
26.05,Aeromonas_A,R5,6.07
27.05,Aeromonas_A,R5,6.1
28.05,Aeromonas_A,R5,6.13
29.05,Aeromonas_A,R5,6.16
30.05,Aeromonas_A,R5,6.18
31.05,Aeromonas_A,R5,6.19
32.05,Aeromonas_A,R5,6.22
33.05,Aeromonas_A,R5,6.23
34.05,Aeromonas_A,R5,6.25
35.05,Aeromonas_A,R5,6.25
36.05,Aeromonas_A,R5,6.27
37.05,Aeromonas_A,R5,6.3
38.05,Aeromonas_A,R5,6.31
39.05,Aeromonas_A,R5,6.33
40.05,Aeromonas_A,R5,6.36
41.05,Aeromonas_A,R5,6.36
42.07,Aeromonas_A,R5,6.39
43.07,Aeromonas_A,R5,6.39
44.07,Aeromonas_A,R5,6.4
45.07,Aeromonas_A,R5,6.39
46.07,Aeromonas_A,R5,6.42
47.07,Aeromonas_A,R5,6.42
48.07,Aeromonas_A,R5,6.42
49.07,Aeromonas_A,R5,6.41
50.07,Aeromonas_A,R5,6.43
51.07,Aeromonas_A,R5,6.43
52.07,Aeromonas_A,R5,6.44
53.07,Aeromonas_A,R5,6.44
54.07,Aeromonas_A,R5,6.45
55.07,Aeromonas_A,R5,6.45
56.07,Aeromonas_A,R5,6.43
57.07,Aeromonas_A,R5,6.45
58.07,Aeromonas_A,R5,6.44
59.07,Aeromonas_A,R5,6.44
60.07,Aeromonas_A,R5,6.45
61.07,Aeromonas_A,R5,6.45
62.07,Aeromonas_A,R5,6.47
63.07,Aeromonas_A,R5,6.48
64.07,Aeromonas_A,R5,6.49
65.07,Aeromonas_A,R5,6.47
66.07,Aeromonas_A,R5,6.46
67.07,Aeromonas_A,R5,6.44
68.07,Aeromonas_A,R5,6.43
69.07,Aeromonas_A,R5,6.42
70.07,Aeromonas_A,R5,6.42
71.07,Aeromonas_A,R5,6.38
72.07,Aeromonas_A,R5,6.4
73.07,Aeromonas_A,R5,6.36
74.07,Aeromonas_A,R5,6.36
75.07,Aeromonas_A,R5,6.35
76.07,Aeromonas_A,R5,6.34
77.07,Aeromonas_A,R5,6.32
78.07,Aeromonas_A,R5,6.3
79.07,Aeromonas_A,R5,6.29
80.07,Aeromonas_A,R5,6.28
81.07,Aeromonas_A,R5,6.27
82.07,Aeromonas_A,R5,6.26
83.07,Aeromonas_A,R5,6.26
84.07,Aeromonas_A,R5,6.22
85.07,Aeromonas_A,R5,6.2
86.07,Aeromonas_A,R5,6.18
87.07,Aeromonas_A,R5,6.19
88.07,Aeromonas_A,R5,6.17
89.07,Aeromonas_A,R5,6.14
90.07,Aeromonas_A,R5,6.13
91.07,Aeromonas_A,R5,6.1
92.07,Aeromonas_A,R5,6.1
93.07,Aeromonas_A,R5,6.08
94.07,Aeromonas_A,R5,6.06
95.07,Aeromonas_A,R5,6.04
96.07,Aeromonas_A,R5,6.01
97.07,Aeromonas_A,R5,6.01
98.07,Aeromonas_A,R5,5.99
99.07,Aeromonas_A,R5,5.97
100.07,Aeromonas_A,R5,5.95
101.07,Aeromonas_A,R5,5.95
102.07,Aeromonas_A,R5,5.91
103.07,Aeromonas_A,R5,5.87
104.07,Aeromonas_A,R5,5.88
105.07,Aeromonas_A,R5,5.87
106.07,Aeromonas_A,R5,5.83
107.07,Aeromonas_A,R5,5.82
108.07,Aeromonas_A,R5,5.79
109.07,Aeromonas_A,R5,5.76
110.07,Aeromonas_A,R5,5.74
111.07,Aeromonas_A,R5,5.73
112.07,Aeromonas_A,R5,5.7
113.07,Aeromonas_A,R5,5.66
114.07,Aeromonas_A,R5,5.63
115.07,Aeromonas_A,R5,5.63
116.07,Aeromonas_A,R5,5.58
117.07,Aeromonas_A,R5,5.56
118.07,Aeromonas_A,R5,5.55
119.07,Aeromonas_A,R5,5.52
120.07,Aeromonas_A,R5,5.49
121.07,Aeromonas_A,R5,5.46
122.07,Aeromonas_A,R5,5.43
123.07,Aeromonas_A,R5,5.41
124.08,Aeromonas_A,R5,5.36
125.08,Aeromonas_A,R5,5.35
126.08,Aeromonas_A,R5,5.31
127.08,Aeromonas_A,R5,5.29
128.08,Aeromonas_A,R5,5.25
129.08,Aeromonas_A,R5,5.22
130.08,Aeromonas_A,R5,5.19
131.08,Aeromonas_A,R5,5.14
132.08,Aeromonas_A,R5,5.14
133.08,Aeromonas_A,R5,5.08
134.08,Aeromonas_A,R5,5.05
135.08,Aeromonas_A,R5,5.01
136.08,Aeromonas_A,R5,4.98
137.08,Aeromonas_A,R5,4.93
138.08,Aeromonas_A,R5,4.9
139.08,Aeromonas_A,R5,4.89
140.08,Aeromonas_A,R5,4.81
141.08,Aeromonas_A,R5,4.78
142.08,Aeromonas_A,R5,4.76
143.08,Aeromonas_A,R5,4.71
144.08,Aeromonas_A,R5,4.67
145.08,Aeromonas_A,R5,4.63
146.08,Aeromonas_A,R5,4.58
147.08,Aeromonas_A,R5,4.55
148.08,Aeromonas_A,R5,4.51
149.08,Aeromonas_A,R5,4.44
150.08,Aeromonas_A,R5,4.42
151.08,Aeromonas_A,R5,4.37
152.08,Aeromonas_A,R5,4.32
153.08,Aeromonas_A,R5,4.26
154.08,Aeromonas_A,R5,4.22
155.08,Aeromonas_A,R5,4.17
156.08,Aeromonas_A,R5,4.13
157.08,Aeromonas_A,R5,4.07
158.08,Aeromonas_A,R5,4.01
159.08,Aeromonas_A,R5,3.95
160.08,Aeromonas_A,R5,3.91
161.08,Aeromonas_A,R5,3.85
162.08,Aeromonas_A,R5,3.79
163.08,Aeromonas_A,R5,3.73
164.08,Aeromonas_A,R5,3.67
165.08,Aeromonas_A,R5,3.6
166.08,Aeromonas_A,R5,3.54
167.08,Aeromonas_A,R5,3.5
168.08,Aeromonas_A,R5,3.41
169.08,Aeromonas_A,R5,3.37
170.08,Aeromonas_A,R5,3.3
171.08,Aeromonas_A,R5,3.22
172.08,Aeromonas_A,R5,3.15
173.08,Aeromonas_A,R5,3.09
174.08,Aeromonas_A,R5,3.02
175.08,Aeromonas_A,R5,2.95
176.08,Aeromonas_A,R5,2.87
177.08,Aeromonas_A,R5,2.81
178.08,Aeromonas_A,R5,2.71
179.1,Aeromonas_A,R5,2.67
180.1,Aeromonas_A,R5,2.57
181.1,Aeromonas_A,R5,2.48
182.1,Aeromonas_A,R5,2.4
183.1,Aeromonas_A,R5,2.33
184.1,Aeromonas_A,R5,2.25
185.1,Aeromonas_A,R5,2.16
186.1,Aeromonas_A,R5,2.08
187.1,Aeromonas_A,R5,2
188.1,Aeromonas_A,R5,1.91
189.1,Aeromonas_A,R5,1.79
190.1,Aeromonas_A,R5,1.71
191.1,Aeromonas_A,R5,1.62
192.1,Aeromonas_A,R5,1.53
193.1,Aeromonas_A,R5,1.42
194.1,Aeromonas_A,R5,1.33
195.1,Aeromonas_A,R5,1.22
196.1,Aeromonas_A,R5,1.13
197.1,Aeromonas_A,R5,1.01
198.1,Aeromonas_A,R5,0.91
199.1,Aeromonas_A,R5,0.8
200.1,Aeromonas_A,R5,0.71
201.1,Aeromonas_A,R5,0.58
202.1,Aeromonas_A,R5,0.46
203.1,Aeromonas_A,R5,0.34
204.1,Aeromonas_A,R5,0.23
205.1,Aeromonas_A,R5,0.11
206.1,Aeromonas_A,R5,0.02
207.1,Aeromonas_A,R5,0
208.1,Aeromonas_A,R5,0
209.1,Aeromonas_A,R5,0
210.1,Aeromonas_A,R5,0
211.1,Aeromonas_A,R5,0
212.1,Aeromonas_A,R5,0
0.03,Bacillus,R5,4.89
1.05,Bacillus,R5,4.83
2.05,Bacillus,R5,4.85
3.05,Bacillus,R5,4.87
4.05,Bacillus,R5,4.91
5.05,Bacillus,R5,4.93
6.05,Bacillus,R5,5
7.05,Bacillus,R5,5.03
8.05,Bacillus,R5,5.09
9.05,Bacillus,R5,5.14
10.05,Bacillus,R5,5.18
11.05,Bacillus,R5,5.21
12.05,Bacillus,R5,5.26
13.05,Bacillus,R5,5.27
14.05,Bacillus,R5,5.32
15.05,Bacillus,R5,5.36
16.05,Bacillus,R5,5.4
17.05,Bacillus,R5,5.42
18.05,Bacillus,R5,5.45
19.05,Bacillus,R5,5.48
20.05,Bacillus,R5,5.5
21.05,Bacillus,R5,5.52
22.05,Bacillus,R5,5.54
23.05,Bacillus,R5,5.57
24.05,Bacillus,R5,5.57
25.05,Bacillus,R5,5.6
26.05,Bacillus,R5,5.61
27.05,Bacillus,R5,5.64
28.05,Bacillus,R5,5.66
29.05,Bacillus,R5,5.67
30.05,Bacillus,R5,5.69
31.05,Bacillus,R5,5.7
32.05,Bacillus,R5,5.71
33.05,Bacillus,R5,5.73
34.05,Bacillus,R5,5.73
35.05,Bacillus,R5,5.73
36.05,Bacillus,R5,5.76
37.05,Bacillus,R5,5.77
38.05,Bacillus,R5,5.78
39.05,Bacillus,R5,5.79
40.05,Bacillus,R5,5.78
41.05,Bacillus,R5,5.8
42.07,Bacillus,R5,5.8
43.07,Bacillus,R5,5.81
44.07,Bacillus,R5,5.8
45.07,Bacillus,R5,5.81
46.07,Bacillus,R5,5.81
47.07,Bacillus,R5,5.83
48.07,Bacillus,R5,5.83
49.07,Bacillus,R5,5.82
50.07,Bacillus,R5,5.8
51.07,Bacillus,R5,5.8
52.07,Bacillus,R5,5.78
53.07,Bacillus,R5,5.77
54.07,Bacillus,R5,5.76
55.07,Bacillus,R5,5.73
56.07,Bacillus,R5,5.74
57.07,Bacillus,R5,5.73
58.07,Bacillus,R5,5.72
59.07,Bacillus,R5,5.71
60.07,Bacillus,R5,5.7
61.07,Bacillus,R5,5.67
62.07,Bacillus,R5,5.68
63.07,Bacillus,R5,5.64
64.07,Bacillus,R5,5.64
65.07,Bacillus,R5,5.62
66.07,Bacillus,R5,5.6
67.07,Bacillus,R5,5.59
68.07,Bacillus,R5,5.58
69.07,Bacillus,R5,5.58
70.07,Bacillus,R5,5.55
71.07,Bacillus,R5,5.54
72.07,Bacillus,R5,5.52
73.07,Bacillus,R5,5.52
74.07,Bacillus,R5,5.48
75.07,Bacillus,R5,5.45
76.07,Bacillus,R5,5.45
77.07,Bacillus,R5,5.45
78.07,Bacillus,R5,5.41
79.07,Bacillus,R5,5.41
80.07,Bacillus,R5,5.37
81.07,Bacillus,R5,5.36
82.07,Bacillus,R5,5.34
83.07,Bacillus,R5,5.32
84.07,Bacillus,R5,5.3
85.07,Bacillus,R5,5.28
86.07,Bacillus,R5,5.24
87.07,Bacillus,R5,5.25
88.07,Bacillus,R5,5.22
89.07,Bacillus,R5,5.19
90.07,Bacillus,R5,5.16
91.07,Bacillus,R5,5.12
92.07,Bacillus,R5,5.12
93.07,Bacillus,R5,5.09
94.07,Bacillus,R5,5.05
95.07,Bacillus,R5,5.02
96.07,Bacillus,R5,5
97.07,Bacillus,R5,4.97
98.07,Bacillus,R5,4.93
99.07,Bacillus,R5,4.91
100.07,Bacillus,R5,4.87
101.07,Bacillus,R5,4.87
102.07,Bacillus,R5,4.83
103.07,Bacillus,R5,4.78
104.07,Bacillus,R5,4.75
105.07,Bacillus,R5,4.71
106.07,Bacillus,R5,4.7
107.07,Bacillus,R5,4.67
108.07,Bacillus,R5,4.62
109.07,Bacillus,R5,4.58
110.07,Bacillus,R5,4.53
111.07,Bacillus,R5,4.5
112.07,Bacillus,R5,4.47
113.07,Bacillus,R5,4.42
114.07,Bacillus,R5,4.38
115.07,Bacillus,R5,4.34
116.07,Bacillus,R5,4.29
117.07,Bacillus,R5,4.25
118.07,Bacillus,R5,4.2
119.07,Bacillus,R5,4.16
120.07,Bacillus,R5,4.11
121.07,Bacillus,R5,4.07
122.07,Bacillus,R5,4.01
123.07,Bacillus,R5,3.95
124.08,Bacillus,R5,3.91
125.08,Bacillus,R5,3.84
126.08,Bacillus,R5,3.8
127.08,Bacillus,R5,3.74
128.08,Bacillus,R5,3.69
129.08,Bacillus,R5,3.63
130.08,Bacillus,R5,3.56
131.08,Bacillus,R5,3.5
132.08,Bacillus,R5,3.44
133.08,Bacillus,R5,3.37
134.08,Bacillus,R5,3.3
135.08,Bacillus,R5,3.25
136.08,Bacillus,R5,3.17
137.08,Bacillus,R5,3.1
138.08,Bacillus,R5,3.03
139.08,Bacillus,R5,2.96
140.08,Bacillus,R5,2.89
141.08,Bacillus,R5,2.81
142.08,Bacillus,R5,2.73
143.08,Bacillus,R5,2.64
144.08,Bacillus,R5,2.57
145.08,Bacillus,R5,2.48
146.08,Bacillus,R5,2.4
147.08,Bacillus,R5,2.31
148.08,Bacillus,R5,2.23
149.08,Bacillus,R5,2.14
150.08,Bacillus,R5,2.02
151.08,Bacillus,R5,1.91
152.08,Bacillus,R5,1.83
153.08,Bacillus,R5,1.73
154.08,Bacillus,R5,1.63
155.08,Bacillus,R5,1.52
156.08,Bacillus,R5,1.4
157.08,Bacillus,R5,1.29
158.08,Bacillus,R5,1.19
159.08,Bacillus,R5,1.07
160.08,Bacillus,R5,0.95
161.08,Bacillus,R5,0.83
162.08,Bacillus,R5,0.7
163.08,Bacillus,R5,0.58
164.08,Bacillus,R5,0.49
165.08,Bacillus,R5,0.42
166.08,Bacillus,R5,0.35
167.08,Bacillus,R5,0.29
168.08,Bacillus,R5,0.23
169.08,Bacillus,R5,0.19
170.08,Bacillus,R5,0.14
171.08,Bacillus,R5,0.11
172.08,Bacillus,R5,0.08
173.08,Bacillus,R5,0.05
174.08,Bacillus,R5,0.03
175.08,Bacillus,R5,0.02
176.08,Bacillus,R5,0
177.08,Bacillus,R5,0
178.08,Bacillus,R5,0
179.1,Bacillus,R5,0
180.1,Bacillus,R5,0
181.1,Bacillus,R5,0
182.1,Bacillus,R5,0
183.1,Bacillus,R5,0
184.1,Bacillus,R5,0
185.1,Bacillus,R5,0
186.1,Bacillus,R5,0
187.1,Bacillus,R5,0
188.1,Bacillus,R5,0
189.1,Bacillus,R5,0
190.1,Bacillus,R5,0
191.1,Bacillus,R5,0
192.1,Bacillus,R5,0
193.1,Bacillus,R5,0
194.1,Bacillus,R5,0
195.1,Bacillus,R5,0
196.1,Bacillus,R5,0
197.1,Bacillus,R5,0
198.1,Bacillus,R5,0
199.1,Bacillus,R5,0
200.1,Bacillus,R5,0
201.1,Bacillus,R5,0
202.1,Bacillus,R5,0
203.1,Bacillus,R5,0
204.1,Bacillus,R5,0
205.1,Bacillus,R5,0
206.1,Bacillus,R5,0
207.1,Bacillus,R5,0
208.1,Bacillus,R5,0
209.1,Bacillus,R5,0
210.1,Bacillus,R5,0
211.1,Bacillus,R5,0
212.1,Bacillus,R5,0
0.03,Chromobacterium,R5,4.63
1.05,Chromobacterium,R5,4.63
2.05,Chromobacterium,R5,4.67
3.05,Chromobacterium,R5,4.69
4.05,Chromobacterium,R5,4.75
5.05,Chromobacterium,R5,4.79
6.05,Chromobacterium,R5,4.84
7.05,Chromobacterium,R5,4.87
8.05,Chromobacterium,R5,4.91
9.05,Chromobacterium,R5,4.95
10.05,Chromobacterium,R5,5
11.05,Chromobacterium,R5,5.01
12.05,Chromobacterium,R5,5.06
13.05,Chromobacterium,R5,5.09
14.05,Chromobacterium,R5,5.12
15.05,Chromobacterium,R5,5.15
16.05,Chromobacterium,R5,5.18
17.05,Chromobacterium,R5,5.2
18.05,Chromobacterium,R5,5.23
19.05,Chromobacterium,R5,5.25
20.05,Chromobacterium,R5,5.28
21.05,Chromobacterium,R5,5.3
22.05,Chromobacterium,R5,5.33
23.05,Chromobacterium,R5,5.34
24.05,Chromobacterium,R5,5.37
25.05,Chromobacterium,R5,5.38
26.05,Chromobacterium,R5,5.4
27.05,Chromobacterium,R5,5.41
28.05,Chromobacterium,R5,5.44
29.05,Chromobacterium,R5,5.45
30.05,Chromobacterium,R5,5.46
31.05,Chromobacterium,R5,5.48
32.05,Chromobacterium,R5,5.49
33.05,Chromobacterium,R5,5.51
34.05,Chromobacterium,R5,5.52
35.05,Chromobacterium,R5,5.52
36.05,Chromobacterium,R5,5.55
37.05,Chromobacterium,R5,5.55
38.05,Chromobacterium,R5,5.55
39.05,Chromobacterium,R5,5.56
40.05,Chromobacterium,R5,5.57
41.05,Chromobacterium,R5,5.58
42.07,Chromobacterium,R5,5.6
43.07,Chromobacterium,R5,5.6
44.07,Chromobacterium,R5,5.6
45.07,Chromobacterium,R5,5.6
46.07,Chromobacterium,R5,5.6
47.07,Chromobacterium,R5,5.62
48.07,Chromobacterium,R5,5.61
49.07,Chromobacterium,R5,5.62
50.07,Chromobacterium,R5,5.61
51.07,Chromobacterium,R5,5.62
52.07,Chromobacterium,R5,5.61
53.07,Chromobacterium,R5,5.63
54.07,Chromobacterium,R5,5.64
55.07,Chromobacterium,R5,5.64
56.07,Chromobacterium,R5,5.64
57.07,Chromobacterium,R5,5.62
58.07,Chromobacterium,R5,5.62
59.07,Chromobacterium,R5,5.61
60.07,Chromobacterium,R5,5.59
61.07,Chromobacterium,R5,5.6
62.07,Chromobacterium,R5,5.57
63.07,Chromobacterium,R5,5.57
64.07,Chromobacterium,R5,5.57
65.07,Chromobacterium,R5,5.54
66.07,Chromobacterium,R5,5.55
67.07,Chromobacterium,R5,5.53
68.07,Chromobacterium,R5,5.52
69.07,Chromobacterium,R5,5.52
70.07,Chromobacterium,R5,5.52
71.07,Chromobacterium,R5,5.48
72.07,Chromobacterium,R5,5.49
73.07,Chromobacterium,R5,5.47
74.07,Chromobacterium,R5,5.48
75.07,Chromobacterium,R5,5.45
76.07,Chromobacterium,R5,5.44
77.07,Chromobacterium,R5,5.42
78.07,Chromobacterium,R5,5.42
79.07,Chromobacterium,R5,5.42
80.07,Chromobacterium,R5,5.39
81.07,Chromobacterium,R5,5.41
82.07,Chromobacterium,R5,5.38
83.07,Chromobacterium,R5,5.36
84.07,Chromobacterium,R5,5.35
85.07,Chromobacterium,R5,5.34
86.07,Chromobacterium,R5,5.31
87.07,Chromobacterium,R5,5.29
88.07,Chromobacterium,R5,5.29
89.07,Chromobacterium,R5,5.26
90.07,Chromobacterium,R5,5.25
91.07,Chromobacterium,R5,5.22
92.07,Chromobacterium,R5,5.23
93.07,Chromobacterium,R5,5.21
94.07,Chromobacterium,R5,5.18
95.07,Chromobacterium,R5,5.16
96.07,Chromobacterium,R5,5.13
97.07,Chromobacterium,R5,5.12
98.07,Chromobacterium,R5,5.11
99.07,Chromobacterium,R5,5.08
100.07,Chromobacterium,R5,5.07
101.07,Chromobacterium,R5,5.04
102.07,Chromobacterium,R5,5.01
103.07,Chromobacterium,R5,5
104.07,Chromobacterium,R5,4.97
105.07,Chromobacterium,R5,4.94
106.07,Chromobacterium,R5,4.93
107.07,Chromobacterium,R5,4.91
108.07,Chromobacterium,R5,4.87
109.07,Chromobacterium,R5,4.86
110.07,Chromobacterium,R5,4.83
111.07,Chromobacterium,R5,4.81
112.07,Chromobacterium,R5,4.77
113.07,Chromobacterium,R5,4.74
114.07,Chromobacterium,R5,4.72
115.07,Chromobacterium,R5,4.69
116.07,Chromobacterium,R5,4.66
117.07,Chromobacterium,R5,4.6
118.07,Chromobacterium,R5,4.58
119.07,Chromobacterium,R5,4.55
120.07,Chromobacterium,R5,4.51
121.07,Chromobacterium,R5,4.48
122.07,Chromobacterium,R5,4.45
123.07,Chromobacterium,R5,4.41
124.08,Chromobacterium,R5,4.37
125.08,Chromobacterium,R5,4.34
126.08,Chromobacterium,R5,4.3
127.08,Chromobacterium,R5,4.25
128.08,Chromobacterium,R5,4.22
129.08,Chromobacterium,R5,4.18
130.08,Chromobacterium,R5,4.12
131.08,Chromobacterium,R5,4.08
132.08,Chromobacterium,R5,4.05
133.08,Chromobacterium,R5,3.99
134.08,Chromobacterium,R5,3.94
135.08,Chromobacterium,R5,3.89
136.08,Chromobacterium,R5,3.84
137.08,Chromobacterium,R5,3.79
138.08,Chromobacterium,R5,3.74
139.08,Chromobacterium,R5,3.67
140.08,Chromobacterium,R5,3.61
141.08,Chromobacterium,R5,3.56
142.08,Chromobacterium,R5,3.5
143.08,Chromobacterium,R5,3.44
144.08,Chromobacterium,R5,3.38
145.08,Chromobacterium,R5,3.31
146.08,Chromobacterium,R5,3.25
147.08,Chromobacterium,R5,3.2
148.08,Chromobacterium,R5,3.13
149.08,Chromobacterium,R5,3.04
150.08,Chromobacterium,R5,2.97
151.08,Chromobacterium,R5,2.89
152.08,Chromobacterium,R5,2.82
153.08,Chromobacterium,R5,2.75
154.08,Chromobacterium,R5,2.67
155.08,Chromobacterium,R5,2.59
156.08,Chromobacterium,R5,2.5
157.08,Chromobacterium,R5,2.42
158.08,Chromobacterium,R5,2.33
159.08,Chromobacterium,R5,2.24
160.08,Chromobacterium,R5,2.14
161.08,Chromobacterium,R5,2.05
162.08,Chromobacterium,R5,1.96
163.08,Chromobacterium,R5,1.85
164.08,Chromobacterium,R5,1.74
165.08,Chromobacterium,R5,1.64
166.08,Chromobacterium,R5,1.54
167.08,Chromobacterium,R5,1.42
168.08,Chromobacterium,R5,1.32
169.08,Chromobacterium,R5,1.2
170.08,Chromobacterium,R5,1.08
171.08,Chromobacterium,R5,0.94
172.08,Chromobacterium,R5,0.83
173.08,Chromobacterium,R5,0.71
174.08,Chromobacterium,R5,0.57
175.08,Chromobacterium,R5,0.43
176.08,Chromobacterium,R5,0.31
177.08,Chromobacterium,R5,0.16
178.08,Chromobacterium,R5,0.01
179.1,Chromobacterium,R5,0
180.1,Chromobacterium,R5,0
181.1,Chromobacterium,R5,0
182.1,Chromobacterium,R5,0
183.1,Chromobacterium,R5,0
184.1,Chromobacterium,R5,0
185.1,Chromobacterium,R5,0
186.1,Chromobacterium,R5,0
187.1,Chromobacterium,R5,0
188.1,Chromobacterium,R5,0
189.1,Chromobacterium,R5,0
190.1,Chromobacterium,R5,0
191.1,Chromobacterium,R5,0
192.1,Chromobacterium,R5,0
193.1,Chromobacterium,R5,0
194.1,Chromobacterium,R5,0
195.1,Chromobacterium,R5,0
196.1,Chromobacterium,R5,0
197.1,Chromobacterium,R5,0
198.1,Chromobacterium,R5,0
199.1,Chromobacterium,R5,0
200.1,Chromobacterium,R5,0
201.1,Chromobacterium,R5,0
202.1,Chromobacterium,R5,0
203.1,Chromobacterium,R5,0
204.1,Chromobacterium,R5,0
205.1,Chromobacterium,R5,0
206.1,Chromobacterium,R5,0
207.1,Chromobacterium,R5,0
208.1,Chromobacterium,R5,0
209.1,Chromobacterium,R5,0
210.1,Chromobacterium,R5,0
211.1,Chromobacterium,R5,0
212.1,Chromobacterium,R5,0
0.03,Chryseobacterium,R5,4.7
1.05,Chryseobacterium,R5,4.66
2.05,Chryseobacterium,R5,4.68
3.05,Chryseobacterium,R5,4.72
4.05,Chryseobacterium,R5,4.75
5.05,Chryseobacterium,R5,4.79
6.05,Chryseobacterium,R5,4.83
7.05,Chryseobacterium,R5,4.88
8.05,Chryseobacterium,R5,4.91
9.05,Chryseobacterium,R5,4.95
10.05,Chryseobacterium,R5,4.99
11.05,Chryseobacterium,R5,5.03
12.05,Chryseobacterium,R5,5.07
13.05,Chryseobacterium,R5,5.09
14.05,Chryseobacterium,R5,5.14
15.05,Chryseobacterium,R5,5.18
16.05,Chryseobacterium,R5,5.2
17.05,Chryseobacterium,R5,5.23
18.05,Chryseobacterium,R5,5.27
19.05,Chryseobacterium,R5,5.3
20.05,Chryseobacterium,R5,5.32
21.05,Chryseobacterium,R5,5.35
22.05,Chryseobacterium,R5,5.38
23.05,Chryseobacterium,R5,5.4
24.05,Chryseobacterium,R5,5.42
25.05,Chryseobacterium,R5,5.44
26.05,Chryseobacterium,R5,5.48
27.05,Chryseobacterium,R5,5.49
28.05,Chryseobacterium,R5,5.51
29.05,Chryseobacterium,R5,5.54
30.05,Chryseobacterium,R5,5.57
31.05,Chryseobacterium,R5,5.57
32.05,Chryseobacterium,R5,5.6
33.05,Chryseobacterium,R5,5.61
34.05,Chryseobacterium,R5,5.63
35.05,Chryseobacterium,R5,5.65
36.05,Chryseobacterium,R5,5.66
37.05,Chryseobacterium,R5,5.69
38.05,Chryseobacterium,R5,5.71
39.05,Chryseobacterium,R5,5.73
40.05,Chryseobacterium,R5,5.74
41.05,Chryseobacterium,R5,5.75
42.07,Chryseobacterium,R5,5.75
43.07,Chryseobacterium,R5,5.77
44.07,Chryseobacterium,R5,5.79
45.07,Chryseobacterium,R5,5.8
46.07,Chryseobacterium,R5,5.81
47.07,Chryseobacterium,R5,5.82
48.07,Chryseobacterium,R5,5.83
49.07,Chryseobacterium,R5,5.85
50.07,Chryseobacterium,R5,5.86
51.07,Chryseobacterium,R5,5.86
52.07,Chryseobacterium,R5,5.87
53.07,Chryseobacterium,R5,5.88
54.07,Chryseobacterium,R5,5.88
55.07,Chryseobacterium,R5,5.89
56.07,Chryseobacterium,R5,5.89
57.07,Chryseobacterium,R5,5.9
58.07,Chryseobacterium,R5,5.91
59.07,Chryseobacterium,R5,5.92
60.07,Chryseobacterium,R5,5.93
61.07,Chryseobacterium,R5,5.94
62.07,Chryseobacterium,R5,5.94
63.07,Chryseobacterium,R5,5.96
64.07,Chryseobacterium,R5,5.95
65.07,Chryseobacterium,R5,5.95
66.07,Chryseobacterium,R5,5.96
67.07,Chryseobacterium,R5,5.96
68.07,Chryseobacterium,R5,5.97
69.07,Chryseobacterium,R5,5.96
70.07,Chryseobacterium,R5,5.97
71.07,Chryseobacterium,R5,5.97
72.07,Chryseobacterium,R5,5.96
73.07,Chryseobacterium,R5,5.98
74.07,Chryseobacterium,R5,5.97
75.07,Chryseobacterium,R5,5.96
76.07,Chryseobacterium,R5,5.96
77.07,Chryseobacterium,R5,5.96
78.07,Chryseobacterium,R5,5.95
79.07,Chryseobacterium,R5,5.95
80.07,Chryseobacterium,R5,5.94
81.07,Chryseobacterium,R5,5.93
82.07,Chryseobacterium,R5,5.93
83.07,Chryseobacterium,R5,5.92
84.07,Chryseobacterium,R5,5.91
85.07,Chryseobacterium,R5,5.9
86.07,Chryseobacterium,R5,5.89
87.07,Chryseobacterium,R5,5.89
88.07,Chryseobacterium,R5,5.89
89.07,Chryseobacterium,R5,5.88
90.07,Chryseobacterium,R5,5.86
91.07,Chryseobacterium,R5,5.86
92.07,Chryseobacterium,R5,5.86
93.07,Chryseobacterium,R5,5.85
94.07,Chryseobacterium,R5,5.84
95.07,Chryseobacterium,R5,5.83
96.07,Chryseobacterium,R5,5.82
97.07,Chryseobacterium,R5,5.81
98.07,Chryseobacterium,R5,5.81
99.07,Chryseobacterium,R5,5.8
100.07,Chryseobacterium,R5,5.79
101.07,Chryseobacterium,R5,5.78
102.07,Chryseobacterium,R5,5.77
103.07,Chryseobacterium,R5,5.76
104.07,Chryseobacterium,R5,5.75
105.07,Chryseobacterium,R5,5.74
106.07,Chryseobacterium,R5,5.74
107.07,Chryseobacterium,R5,5.73
108.07,Chryseobacterium,R5,5.71
109.07,Chryseobacterium,R5,5.7
110.07,Chryseobacterium,R5,5.69
111.07,Chryseobacterium,R5,5.69
112.07,Chryseobacterium,R5,5.66
113.07,Chryseobacterium,R5,5.66
114.07,Chryseobacterium,R5,5.65
115.07,Chryseobacterium,R5,5.65
116.07,Chryseobacterium,R5,5.63
117.07,Chryseobacterium,R5,5.62
118.07,Chryseobacterium,R5,5.61
119.07,Chryseobacterium,R5,5.59
120.07,Chryseobacterium,R5,5.58
121.07,Chryseobacterium,R5,5.57
122.07,Chryseobacterium,R5,5.56
123.07,Chryseobacterium,R5,5.55
124.08,Chryseobacterium,R5,5.54
125.08,Chryseobacterium,R5,5.52
126.08,Chryseobacterium,R5,5.51
127.08,Chryseobacterium,R5,5.5
128.08,Chryseobacterium,R5,5.49
129.08,Chryseobacterium,R5,5.47
130.08,Chryseobacterium,R5,5.46
131.08,Chryseobacterium,R5,5.44
132.08,Chryseobacterium,R5,5.42
133.08,Chryseobacterium,R5,5.41
134.08,Chryseobacterium,R5,5.4
135.08,Chryseobacterium,R5,5.39
136.08,Chryseobacterium,R5,5.36
137.08,Chryseobacterium,R5,5.35
138.08,Chryseobacterium,R5,5.34
139.08,Chryseobacterium,R5,5.32
140.08,Chryseobacterium,R5,5.31
141.08,Chryseobacterium,R5,5.29
142.08,Chryseobacterium,R5,5.27
143.08,Chryseobacterium,R5,5.26
144.08,Chryseobacterium,R5,5.24
145.08,Chryseobacterium,R5,5.22
146.08,Chryseobacterium,R5,5.21
147.08,Chryseobacterium,R5,5.19
148.08,Chryseobacterium,R5,5.17
149.08,Chryseobacterium,R5,5.15
150.08,Chryseobacterium,R5,5.13
151.08,Chryseobacterium,R5,5.12
152.08,Chryseobacterium,R5,5.1
153.08,Chryseobacterium,R5,5.08
154.08,Chryseobacterium,R5,5.05
155.08,Chryseobacterium,R5,5.03
156.08,Chryseobacterium,R5,5.01
157.08,Chryseobacterium,R5,4.99
158.08,Chryseobacterium,R5,4.97
159.08,Chryseobacterium,R5,4.95
160.08,Chryseobacterium,R5,4.93
161.08,Chryseobacterium,R5,4.9
162.08,Chryseobacterium,R5,4.88
163.08,Chryseobacterium,R5,4.86
164.08,Chryseobacterium,R5,4.83
165.08,Chryseobacterium,R5,4.82
166.08,Chryseobacterium,R5,4.79
167.08,Chryseobacterium,R5,4.77
168.08,Chryseobacterium,R5,4.74
169.08,Chryseobacterium,R5,4.72
170.08,Chryseobacterium,R5,4.7
171.08,Chryseobacterium,R5,4.66
172.08,Chryseobacterium,R5,4.63
173.08,Chryseobacterium,R5,4.61
174.08,Chryseobacterium,R5,4.59
175.08,Chryseobacterium,R5,4.55
176.08,Chryseobacterium,R5,4.53
177.08,Chryseobacterium,R5,4.5
178.08,Chryseobacterium,R5,4.48
179.1,Chryseobacterium,R5,4.45
180.1,Chryseobacterium,R5,4.41
181.1,Chryseobacterium,R5,4.38
182.1,Chryseobacterium,R5,4.36
183.1,Chryseobacterium,R5,4.32
184.1,Chryseobacterium,R5,4.29
185.1,Chryseobacterium,R5,4.26
186.1,Chryseobacterium,R5,4.23
187.1,Chryseobacterium,R5,4.18
188.1,Chryseobacterium,R5,4.16
189.1,Chryseobacterium,R5,4.12
190.1,Chryseobacterium,R5,4.09
191.1,Chryseobacterium,R5,4.05
192.1,Chryseobacterium,R5,4.02
193.1,Chryseobacterium,R5,3.98
194.1,Chryseobacterium,R5,3.94
195.1,Chryseobacterium,R5,3.92
196.1,Chryseobacterium,R5,3.87
197.1,Chryseobacterium,R5,3.84
198.1,Chryseobacterium,R5,3.79
199.1,Chryseobacterium,R5,3.76
200.1,Chryseobacterium,R5,3.7
201.1,Chryseobacterium,R5,3.67
202.1,Chryseobacterium,R5,3.64
203.1,Chryseobacterium,R5,3.59
204.1,Chryseobacterium,R5,3.55
205.1,Chryseobacterium,R5,3.5
206.1,Chryseobacterium,R5,3.46
207.1,Chryseobacterium,R5,3.41
208.1,Chryseobacterium,R5,3.37
209.1,Chryseobacterium,R5,3.33
210.1,Chryseobacterium,R5,3.27
211.1,Chryseobacterium,R5,3.23
212.1,Chryseobacterium,R5,3.18
0.03,Flavobacterium_A,R5,5.03
1.05,Flavobacterium_A,R5,4.95
2.05,Flavobacterium_A,R5,5
3.05,Flavobacterium_A,R5,5.04
4.05,Flavobacterium_A,R5,5.1
5.05,Flavobacterium_A,R5,5.17
6.05,Flavobacterium_A,R5,5.21
7.05,Flavobacterium_A,R5,5.28
8.05,Flavobacterium_A,R5,5.34
9.05,Flavobacterium_A,R5,5.4
10.05,Flavobacterium_A,R5,5.47
11.05,Flavobacterium_A,R5,5.52
12.05,Flavobacterium_A,R5,5.58
13.05,Flavobacterium_A,R5,5.61
14.05,Flavobacterium_A,R5,5.64
15.05,Flavobacterium_A,R5,5.68
16.05,Flavobacterium_A,R5,5.7
17.05,Flavobacterium_A,R5,5.73
18.05,Flavobacterium_A,R5,5.76
19.05,Flavobacterium_A,R5,5.8
20.05,Flavobacterium_A,R5,5.83
21.05,Flavobacterium_A,R5,5.86
22.05,Flavobacterium_A,R5,5.87
23.05,Flavobacterium_A,R5,5.91
24.05,Flavobacterium_A,R5,5.92
25.05,Flavobacterium_A,R5,5.94
26.05,Flavobacterium_A,R5,5.96
27.05,Flavobacterium_A,R5,5.97
28.05,Flavobacterium_A,R5,6
29.05,Flavobacterium_A,R5,6
30.05,Flavobacterium_A,R5,6.02
31.05,Flavobacterium_A,R5,6.03
32.05,Flavobacterium_A,R5,6.05
33.05,Flavobacterium_A,R5,6.05
34.05,Flavobacterium_A,R5,6.05
35.05,Flavobacterium_A,R5,6.07
36.05,Flavobacterium_A,R5,6.09
37.05,Flavobacterium_A,R5,6.11
38.05,Flavobacterium_A,R5,6.13
39.05,Flavobacterium_A,R5,6.13
40.05,Flavobacterium_A,R5,6.13
41.05,Flavobacterium_A,R5,6.14
42.07,Flavobacterium_A,R5,6.15
43.07,Flavobacterium_A,R5,6.15
44.07,Flavobacterium_A,R5,6.16
45.07,Flavobacterium_A,R5,6.17
46.07,Flavobacterium_A,R5,6.2
47.07,Flavobacterium_A,R5,6.19
48.07,Flavobacterium_A,R5,6.18
49.07,Flavobacterium_A,R5,6.19
50.07,Flavobacterium_A,R5,6.21
51.07,Flavobacterium_A,R5,6.2
52.07,Flavobacterium_A,R5,6.21
53.07,Flavobacterium_A,R5,6.21
54.07,Flavobacterium_A,R5,6.21
55.07,Flavobacterium_A,R5,6.21
56.07,Flavobacterium_A,R5,6.21
57.07,Flavobacterium_A,R5,6.21
58.07,Flavobacterium_A,R5,6.23
59.07,Flavobacterium_A,R5,6.23
60.07,Flavobacterium_A,R5,6.23
61.07,Flavobacterium_A,R5,6.23
62.07,Flavobacterium_A,R5,6.24
63.07,Flavobacterium_A,R5,6.25
64.07,Flavobacterium_A,R5,6.24
65.07,Flavobacterium_A,R5,6.24
66.07,Flavobacterium_A,R5,6.22
67.07,Flavobacterium_A,R5,6.23
68.07,Flavobacterium_A,R5,6.22
69.07,Flavobacterium_A,R5,6.19
70.07,Flavobacterium_A,R5,6.2
71.07,Flavobacterium_A,R5,6.19
72.07,Flavobacterium_A,R5,6.18
73.07,Flavobacterium_A,R5,6.18
74.07,Flavobacterium_A,R5,6.17
75.07,Flavobacterium_A,R5,6.15
76.07,Flavobacterium_A,R5,6.15
77.07,Flavobacterium_A,R5,6.13
78.07,Flavobacterium_A,R5,6.12
79.07,Flavobacterium_A,R5,6.11
80.07,Flavobacterium_A,R5,6.1
81.07,Flavobacterium_A,R5,6.09
82.07,Flavobacterium_A,R5,6.09
83.07,Flavobacterium_A,R5,6.06
84.07,Flavobacterium_A,R5,6.06
85.07,Flavobacterium_A,R5,6.03
86.07,Flavobacterium_A,R5,6.02
87.07,Flavobacterium_A,R5,6.01
88.07,Flavobacterium_A,R5,6.02
89.07,Flavobacterium_A,R5,6
90.07,Flavobacterium_A,R5,5.97
91.07,Flavobacterium_A,R5,5.98
92.07,Flavobacterium_A,R5,5.94
93.07,Flavobacterium_A,R5,5.93
94.07,Flavobacterium_A,R5,5.93
95.07,Flavobacterium_A,R5,5.91
96.07,Flavobacterium_A,R5,5.9
97.07,Flavobacterium_A,R5,5.89
98.07,Flavobacterium_A,R5,5.86
99.07,Flavobacterium_A,R5,5.84
100.07,Flavobacterium_A,R5,5.83
101.07,Flavobacterium_A,R5,5.81
102.07,Flavobacterium_A,R5,5.82
103.07,Flavobacterium_A,R5,5.77
104.07,Flavobacterium_A,R5,5.75
105.07,Flavobacterium_A,R5,5.75
106.07,Flavobacterium_A,R5,5.74
107.07,Flavobacterium_A,R5,5.71
108.07,Flavobacterium_A,R5,5.69
109.07,Flavobacterium_A,R5,5.65
110.07,Flavobacterium_A,R5,5.64
111.07,Flavobacterium_A,R5,5.63
112.07,Flavobacterium_A,R5,5.61
113.07,Flavobacterium_A,R5,5.59
114.07,Flavobacterium_A,R5,5.58
115.07,Flavobacterium_A,R5,5.54
116.07,Flavobacterium_A,R5,5.51
117.07,Flavobacterium_A,R5,5.51
118.07,Flavobacterium_A,R5,5.47
119.07,Flavobacterium_A,R5,5.44
120.07,Flavobacterium_A,R5,5.43
121.07,Flavobacterium_A,R5,5.4
122.07,Flavobacterium_A,R5,5.38
123.07,Flavobacterium_A,R5,5.34
124.08,Flavobacterium_A,R5,5.31
125.08,Flavobacterium_A,R5,5.29
126.08,Flavobacterium_A,R5,5.27
127.08,Flavobacterium_A,R5,5.24
128.08,Flavobacterium_A,R5,5.2
129.08,Flavobacterium_A,R5,5.17
130.08,Flavobacterium_A,R5,5.16
131.08,Flavobacterium_A,R5,5.1
132.08,Flavobacterium_A,R5,5.08
133.08,Flavobacterium_A,R5,5.05
134.08,Flavobacterium_A,R5,5.01
135.08,Flavobacterium_A,R5,4.98
136.08,Flavobacterium_A,R5,4.94
137.08,Flavobacterium_A,R5,4.92
138.08,Flavobacterium_A,R5,4.88
139.08,Flavobacterium_A,R5,4.82
140.08,Flavobacterium_A,R5,4.8
141.08,Flavobacterium_A,R5,4.77
142.08,Flavobacterium_A,R5,4.73
143.08,Flavobacterium_A,R5,4.67
144.08,Flavobacterium_A,R5,4.63
145.08,Flavobacterium_A,R5,4.59
146.08,Flavobacterium_A,R5,4.54
147.08,Flavobacterium_A,R5,4.5
148.08,Flavobacterium_A,R5,4.47
149.08,Flavobacterium_A,R5,4.42
150.08,Flavobacterium_A,R5,4.37
151.08,Flavobacterium_A,R5,4.32
152.08,Flavobacterium_A,R5,4.27
153.08,Flavobacterium_A,R5,4.22
154.08,Flavobacterium_A,R5,4.18
155.08,Flavobacterium_A,R5,4.12
156.08,Flavobacterium_A,R5,4.07
157.08,Flavobacterium_A,R5,4.01
158.08,Flavobacterium_A,R5,3.95
159.08,Flavobacterium_A,R5,3.9
160.08,Flavobacterium_A,R5,3.83
161.08,Flavobacterium_A,R5,3.77
162.08,Flavobacterium_A,R5,3.72
163.08,Flavobacterium_A,R5,3.65
164.08,Flavobacterium_A,R5,3.59
165.08,Flavobacterium_A,R5,3.53
166.08,Flavobacterium_A,R5,3.44
167.08,Flavobacterium_A,R5,3.38
168.08,Flavobacterium_A,R5,3.33
169.08,Flavobacterium_A,R5,3.25
170.08,Flavobacterium_A,R5,3.18
171.08,Flavobacterium_A,R5,3.12
172.08,Flavobacterium_A,R5,3.02
173.08,Flavobacterium_A,R5,2.96
174.08,Flavobacterium_A,R5,2.88
175.08,Flavobacterium_A,R5,2.79
176.08,Flavobacterium_A,R5,2.71
177.08,Flavobacterium_A,R5,2.63
178.08,Flavobacterium_A,R5,2.53
179.1,Flavobacterium_A,R5,2.45
180.1,Flavobacterium_A,R5,2.38
181.1,Flavobacterium_A,R5,2.27
182.1,Flavobacterium_A,R5,2.17
183.1,Flavobacterium_A,R5,2.08
184.1,Flavobacterium_A,R5,1.96
185.1,Flavobacterium_A,R5,1.87
186.1,Flavobacterium_A,R5,1.78
187.1,Flavobacterium_A,R5,1.66
188.1,Flavobacterium_A,R5,1.58
189.1,Flavobacterium_A,R5,1.46
190.1,Flavobacterium_A,R5,1.35
191.1,Flavobacterium_A,R5,1.24
192.1,Flavobacterium_A,R5,1.13
193.1,Flavobacterium_A,R5,1.01
194.1,Flavobacterium_A,R5,0.9
195.1,Flavobacterium_A,R5,0.78
196.1,Flavobacterium_A,R5,0.65
197.1,Flavobacterium_A,R5,0.52
198.1,Flavobacterium_A,R5,0.38
199.1,Flavobacterium_A,R5,0.23
200.1,Flavobacterium_A,R5,0.11
201.1,Flavobacterium_A,R5,0
202.1,Flavobacterium_A,R5,0
203.1,Flavobacterium_A,R5,0
204.1,Flavobacterium_A,R5,0
205.1,Flavobacterium_A,R5,0
206.1,Flavobacterium_A,R5,0
207.1,Flavobacterium_A,R5,0
208.1,Flavobacterium_A,R5,0
209.1,Flavobacterium_A,R5,0
210.1,Flavobacterium_A,R5,0
211.1,Flavobacterium_A,R5,0
212.1,Flavobacterium_A,R5,0
0.03,Pseudomonas,R5,4.74
1.05,Pseudomonas,R5,4.67
2.05,Pseudomonas,R5,4.71
3.05,Pseudomonas,R5,4.75
4.05,Pseudomonas,R5,4.78
5.05,Pseudomonas,R5,4.83
6.05,Pseudomonas,R5,4.87
7.05,Pseudomonas,R5,4.92
8.05,Pseudomonas,R5,4.98
9.05,Pseudomonas,R5,5.02
10.05,Pseudomonas,R5,5.09
11.05,Pseudomonas,R5,5.13
12.05,Pseudomonas,R5,5.18
13.05,Pseudomonas,R5,5.21
14.05,Pseudomonas,R5,5.24
15.05,Pseudomonas,R5,5.27
16.05,Pseudomonas,R5,5.32
17.05,Pseudomonas,R5,5.35
18.05,Pseudomonas,R5,5.38
19.05,Pseudomonas,R5,5.4
20.05,Pseudomonas,R5,5.42
21.05,Pseudomonas,R5,5.46
22.05,Pseudomonas,R5,5.49
23.05,Pseudomonas,R5,5.51
24.05,Pseudomonas,R5,5.53
25.05,Pseudomonas,R5,5.55
26.05,Pseudomonas,R5,5.59
27.05,Pseudomonas,R5,5.6
28.05,Pseudomonas,R5,5.62
29.05,Pseudomonas,R5,5.64
30.05,Pseudomonas,R5,5.67
31.05,Pseudomonas,R5,5.68
32.05,Pseudomonas,R5,5.71
33.05,Pseudomonas,R5,5.73
34.05,Pseudomonas,R5,5.74
35.05,Pseudomonas,R5,5.75
36.05,Pseudomonas,R5,5.77
37.05,Pseudomonas,R5,5.8
38.05,Pseudomonas,R5,5.83
39.05,Pseudomonas,R5,5.83
40.05,Pseudomonas,R5,5.85
41.05,Pseudomonas,R5,5.87
42.07,Pseudomonas,R5,5.87
43.07,Pseudomonas,R5,5.87
44.07,Pseudomonas,R5,5.89
45.07,Pseudomonas,R5,5.89
46.07,Pseudomonas,R5,5.91
47.07,Pseudomonas,R5,5.91
48.07,Pseudomonas,R5,5.92
49.07,Pseudomonas,R5,5.94
50.07,Pseudomonas,R5,5.95
51.07,Pseudomonas,R5,5.95
52.07,Pseudomonas,R5,5.96
53.07,Pseudomonas,R5,5.97
54.07,Pseudomonas,R5,5.98
55.07,Pseudomonas,R5,5.98
56.07,Pseudomonas,R5,5.97
57.07,Pseudomonas,R5,5.98
58.07,Pseudomonas,R5,5.99
59.07,Pseudomonas,R5,5.99
60.07,Pseudomonas,R5,5.99
61.07,Pseudomonas,R5,6
62.07,Pseudomonas,R5,6.01
63.07,Pseudomonas,R5,6.01
64.07,Pseudomonas,R5,6.01
65.07,Pseudomonas,R5,5.99
66.07,Pseudomonas,R5,5.98
67.07,Pseudomonas,R5,5.98
68.07,Pseudomonas,R5,5.96
69.07,Pseudomonas,R5,5.95
70.07,Pseudomonas,R5,5.95
71.07,Pseudomonas,R5,5.95
72.07,Pseudomonas,R5,5.93
73.07,Pseudomonas,R5,5.9
74.07,Pseudomonas,R5,5.9
75.07,Pseudomonas,R5,5.9
76.07,Pseudomonas,R5,5.89
77.07,Pseudomonas,R5,5.87
78.07,Pseudomonas,R5,5.87
79.07,Pseudomonas,R5,5.84
80.07,Pseudomonas,R5,5.84
81.07,Pseudomonas,R5,5.82
82.07,Pseudomonas,R5,5.81
83.07,Pseudomonas,R5,5.81
84.07,Pseudomonas,R5,5.8
85.07,Pseudomonas,R5,5.78
86.07,Pseudomonas,R5,5.76
87.07,Pseudomonas,R5,5.74
88.07,Pseudomonas,R5,5.75
89.07,Pseudomonas,R5,5.73
90.07,Pseudomonas,R5,5.7
91.07,Pseudomonas,R5,5.7
92.07,Pseudomonas,R5,5.69
93.07,Pseudomonas,R5,5.66
94.07,Pseudomonas,R5,5.66
95.07,Pseudomonas,R5,5.63
96.07,Pseudomonas,R5,5.6
97.07,Pseudomonas,R5,5.6
98.07,Pseudomonas,R5,5.59
99.07,Pseudomonas,R5,5.57
100.07,Pseudomonas,R5,5.52
101.07,Pseudomonas,R5,5.53
102.07,Pseudomonas,R5,5.51
103.07,Pseudomonas,R5,5.49
104.07,Pseudomonas,R5,5.49
105.07,Pseudomonas,R5,5.45
106.07,Pseudomonas,R5,5.43
107.07,Pseudomonas,R5,5.4
108.07,Pseudomonas,R5,5.38
109.07,Pseudomonas,R5,5.37
110.07,Pseudomonas,R5,5.34
111.07,Pseudomonas,R5,5.33
112.07,Pseudomonas,R5,5.3
113.07,Pseudomonas,R5,5.28
114.07,Pseudomonas,R5,5.26
115.07,Pseudomonas,R5,5.21
116.07,Pseudomonas,R5,5.19
117.07,Pseudomonas,R5,5.17
118.07,Pseudomonas,R5,5.15
119.07,Pseudomonas,R5,5.12
120.07,Pseudomonas,R5,5.09
121.07,Pseudomonas,R5,5.07
122.07,Pseudomonas,R5,5.04
123.07,Pseudomonas,R5,4.99
124.08,Pseudomonas,R5,4.96
125.08,Pseudomonas,R5,4.95
126.08,Pseudomonas,R5,4.89
127.08,Pseudomonas,R5,4.87
128.08,Pseudomonas,R5,4.83
129.08,Pseudomonas,R5,4.81
130.08,Pseudomonas,R5,4.76
131.08,Pseudomonas,R5,4.72
132.08,Pseudomonas,R5,4.69
133.08,Pseudomonas,R5,4.65
134.08,Pseudomonas,R5,4.62
135.08,Pseudomonas,R5,4.56
136.08,Pseudomonas,R5,4.54
137.08,Pseudomonas,R5,4.49
138.08,Pseudomonas,R5,4.45
139.08,Pseudomonas,R5,4.4
140.08,Pseudomonas,R5,4.35
141.08,Pseudomonas,R5,4.31
142.08,Pseudomonas,R5,4.27
143.08,Pseudomonas,R5,4.23
144.08,Pseudomonas,R5,4.16
145.08,Pseudomonas,R5,4.12
146.08,Pseudomonas,R5,4.06
147.08,Pseudomonas,R5,4.03
148.08,Pseudomonas,R5,3.95
149.08,Pseudomonas,R5,3.9
150.08,Pseudomonas,R5,3.84
151.08,Pseudomonas,R5,3.8
152.08,Pseudomonas,R5,3.75
153.08,Pseudomonas,R5,3.68
154.08,Pseudomonas,R5,3.62
155.08,Pseudomonas,R5,3.54
156.08,Pseudomonas,R5,3.48
157.08,Pseudomonas,R5,3.42
158.08,Pseudomonas,R5,3.34
159.08,Pseudomonas,R5,3.29
160.08,Pseudomonas,R5,3.22
161.08,Pseudomonas,R5,3.14
162.08,Pseudomonas,R5,3.05
163.08,Pseudomonas,R5,2.99
164.08,Pseudomonas,R5,2.91
165.08,Pseudomonas,R5,2.84
166.08,Pseudomonas,R5,2.75
167.08,Pseudomonas,R5,2.67
168.08,Pseudomonas,R5,2.58
169.08,Pseudomonas,R5,2.49
170.08,Pseudomonas,R5,2.42
171.08,Pseudomonas,R5,2.32
172.08,Pseudomonas,R5,2.23
173.08,Pseudomonas,R5,2.15
174.08,Pseudomonas,R5,2.05
175.08,Pseudomonas,R5,1.96
176.08,Pseudomonas,R5,1.84
177.08,Pseudomonas,R5,1.73
178.08,Pseudomonas,R5,1.63
179.1,Pseudomonas,R5,1.53
180.1,Pseudomonas,R5,1.42
181.1,Pseudomonas,R5,1.28
182.1,Pseudomonas,R5,1.19
183.1,Pseudomonas,R5,1.07
184.1,Pseudomonas,R5,0.95
185.1,Pseudomonas,R5,0.82
186.1,Pseudomonas,R5,0.7
187.1,Pseudomonas,R5,0.56
188.1,Pseudomonas,R5,0.43
189.1,Pseudomonas,R5,0.28
190.1,Pseudomonas,R5,0.15
191.1,Pseudomonas,R5,0.03
192.1,Pseudomonas,R5,0
193.1,Pseudomonas,R5,0
194.1,Pseudomonas,R5,0
195.1,Pseudomonas,R5,0
196.1,Pseudomonas,R5,0
197.1,Pseudomonas,R5,0
198.1,Pseudomonas,R5,0
199.1,Pseudomonas,R5,0
200.1,Pseudomonas,R5,0
201.1,Pseudomonas,R5,0
202.1,Pseudomonas,R5,0
203.1,Pseudomonas,R5,0
204.1,Pseudomonas,R5,0
205.1,Pseudomonas,R5,0
206.1,Pseudomonas,R5,0
207.1,Pseudomonas,R5,0
208.1,Pseudomonas,R5,0
209.1,Pseudomonas,R5,0
210.1,Pseudomonas,R5,0
211.1,Pseudomonas,R5,0
212.1,Pseudomonas,R5,0
0.03,Serratia,R5,4.61
1.05,Serratia,R5,4.62
2.05,Serratia,R5,4.66
3.05,Serratia,R5,4.72
4.05,Serratia,R5,4.79
5.05,Serratia,R5,4.84
6.05,Serratia,R5,4.91
7.05,Serratia,R5,4.95
8.05,Serratia,R5,5
9.05,Serratia,R5,5.05
10.05,Serratia,R5,5.09
11.05,Serratia,R5,5.13
12.05,Serratia,R5,5.17
13.05,Serratia,R5,5.2
14.05,Serratia,R5,5.25
15.05,Serratia,R5,5.29
16.05,Serratia,R5,5.32
17.05,Serratia,R5,5.32
18.05,Serratia,R5,5.37
19.05,Serratia,R5,5.39
20.05,Serratia,R5,5.4
21.05,Serratia,R5,5.43
22.05,Serratia,R5,5.47
23.05,Serratia,R5,5.48
24.05,Serratia,R5,5.48
25.05,Serratia,R5,5.49
26.05,Serratia,R5,5.51
27.05,Serratia,R5,5.53
28.05,Serratia,R5,5.54
29.05,Serratia,R5,5.54
30.05,Serratia,R5,5.57
31.05,Serratia,R5,5.57
32.05,Serratia,R5,5.59
33.05,Serratia,R5,5.6
34.05,Serratia,R5,5.6
35.05,Serratia,R5,5.61
36.05,Serratia,R5,5.63
37.05,Serratia,R5,5.63
38.05,Serratia,R5,5.63
39.05,Serratia,R5,5.63
40.05,Serratia,R5,5.64
41.05,Serratia,R5,5.64
42.07,Serratia,R5,5.64
43.07,Serratia,R5,5.65
44.07,Serratia,R5,5.64
45.07,Serratia,R5,5.66
46.07,Serratia,R5,5.66
47.07,Serratia,R5,5.65
48.07,Serratia,R5,5.65
49.07,Serratia,R5,5.64
50.07,Serratia,R5,5.63
51.07,Serratia,R5,5.63
52.07,Serratia,R5,5.62
53.07,Serratia,R5,5.63
54.07,Serratia,R5,5.63
55.07,Serratia,R5,5.62
56.07,Serratia,R5,5.61
57.07,Serratia,R5,5.61
58.07,Serratia,R5,5.59
59.07,Serratia,R5,5.59
60.07,Serratia,R5,5.57
61.07,Serratia,R5,5.58
62.07,Serratia,R5,5.58
63.07,Serratia,R5,5.56
64.07,Serratia,R5,5.56
65.07,Serratia,R5,5.55
66.07,Serratia,R5,5.54
67.07,Serratia,R5,5.53
68.07,Serratia,R5,5.53
69.07,Serratia,R5,5.52
70.07,Serratia,R5,5.52
71.07,Serratia,R5,5.5
72.07,Serratia,R5,5.49
73.07,Serratia,R5,5.5
74.07,Serratia,R5,5.5
75.07,Serratia,R5,5.47
76.07,Serratia,R5,5.47
77.07,Serratia,R5,5.45
78.07,Serratia,R5,5.45
79.07,Serratia,R5,5.44
80.07,Serratia,R5,5.43
81.07,Serratia,R5,5.43
82.07,Serratia,R5,5.4
83.07,Serratia,R5,5.39
84.07,Serratia,R5,5.4
85.07,Serratia,R5,5.38
86.07,Serratia,R5,5.37
87.07,Serratia,R5,5.35
88.07,Serratia,R5,5.34
89.07,Serratia,R5,5.33
90.07,Serratia,R5,5.31
91.07,Serratia,R5,5.29
92.07,Serratia,R5,5.29
93.07,Serratia,R5,5.28
94.07,Serratia,R5,5.26
95.07,Serratia,R5,5.24
96.07,Serratia,R5,5.21
97.07,Serratia,R5,5.21
98.07,Serratia,R5,5.18
99.07,Serratia,R5,5.17
100.07,Serratia,R5,5.15
101.07,Serratia,R5,5.13
102.07,Serratia,R5,5.11
103.07,Serratia,R5,5.09
104.07,Serratia,R5,5.07
105.07,Serratia,R5,5.04
106.07,Serratia,R5,5.03
107.07,Serratia,R5,5.01
108.07,Serratia,R5,4.99
109.07,Serratia,R5,4.97
110.07,Serratia,R5,4.94
111.07,Serratia,R5,4.91
112.07,Serratia,R5,4.88
113.07,Serratia,R5,4.86
114.07,Serratia,R5,4.84
115.07,Serratia,R5,4.81
116.07,Serratia,R5,4.76
117.07,Serratia,R5,4.74
118.07,Serratia,R5,4.71
119.07,Serratia,R5,4.69
120.07,Serratia,R5,4.66
121.07,Serratia,R5,4.61
122.07,Serratia,R5,4.6
123.07,Serratia,R5,4.55
124.08,Serratia,R5,4.51
125.08,Serratia,R5,4.48
126.08,Serratia,R5,4.44
127.08,Serratia,R5,4.4
128.08,Serratia,R5,4.37
129.08,Serratia,R5,4.32
130.08,Serratia,R5,4.27
131.08,Serratia,R5,4.24
132.08,Serratia,R5,4.2
133.08,Serratia,R5,4.15
134.08,Serratia,R5,4.1
135.08,Serratia,R5,4.05
136.08,Serratia,R5,4
137.08,Serratia,R5,3.95
138.08,Serratia,R5,3.91
139.08,Serratia,R5,3.83
140.08,Serratia,R5,3.77
141.08,Serratia,R5,3.72
142.08,Serratia,R5,3.66
143.08,Serratia,R5,3.6
144.08,Serratia,R5,3.55
145.08,Serratia,R5,3.49
146.08,Serratia,R5,3.41
147.08,Serratia,R5,3.34
148.08,Serratia,R5,3.27
149.08,Serratia,R5,3.2
150.08,Serratia,R5,3.12
151.08,Serratia,R5,3.05
152.08,Serratia,R5,2.96
153.08,Serratia,R5,2.89
154.08,Serratia,R5,2.81
155.08,Serratia,R5,2.72
156.08,Serratia,R5,2.63
157.08,Serratia,R5,2.54
158.08,Serratia,R5,2.44
159.08,Serratia,R5,2.34
160.08,Serratia,R5,2.24
161.08,Serratia,R5,2.15
162.08,Serratia,R5,2.04
163.08,Serratia,R5,1.93
164.08,Serratia,R5,1.82
165.08,Serratia,R5,1.7
166.08,Serratia,R5,1.6
167.08,Serratia,R5,1.47
168.08,Serratia,R5,1.34
169.08,Serratia,R5,1.22
170.08,Serratia,R5,1.07
171.08,Serratia,R5,0.95
172.08,Serratia,R5,0.8
173.08,Serratia,R5,0.67
174.08,Serratia,R5,0.52
175.08,Serratia,R5,0.37
176.08,Serratia,R5,0.21
177.08,Serratia,R5,0.08
178.08,Serratia,R5,0
179.1,Serratia,R5,0
180.1,Serratia,R5,0
181.1,Serratia,R5,0
182.1,Serratia,R5,0
183.1,Serratia,R5,0
184.1,Serratia,R5,0
185.1,Serratia,R5,0
186.1,Serratia,R5,0
187.1,Serratia,R5,0
188.1,Serratia,R5,0
189.1,Serratia,R5,0
190.1,Serratia,R5,0
191.1,Serratia,R5,0
192.1,Serratia,R5,0
193.1,Serratia,R5,0
194.1,Serratia,R5,0
195.1,Serratia,R5,0
196.1,Serratia,R5,0
197.1,Serratia,R5,0
198.1,Serratia,R5,0
199.1,Serratia,R5,0
200.1,Serratia,R5,0
201.1,Serratia,R5,0
202.1,Serratia,R5,0
203.1,Serratia,R5,0
204.1,Serratia,R5,0
205.1,Serratia,R5,0
206.1,Serratia,R5,0
207.1,Serratia,R5,0
208.1,Serratia,R5,0
209.1,Serratia,R5,0
210.1,Serratia,R5,0
211.1,Serratia,R5,0
212.1,Serratia,R5,0
0.03,Yersinia,R5,4.75
1.05,Yersinia,R5,4.75
2.05,Yersinia,R5,4.81
3.05,Yersinia,R5,4.86
4.05,Yersinia,R5,4.92
5.05,Yersinia,R5,5
6.05,Yersinia,R5,5.06
7.05,Yersinia,R5,5.11
8.05,Yersinia,R5,5.18
9.05,Yersinia,R5,5.23
10.05,Yersinia,R5,5.27
11.05,Yersinia,R5,5.33
12.05,Yersinia,R5,5.38
13.05,Yersinia,R5,5.42
14.05,Yersinia,R5,5.46
15.05,Yersinia,R5,5.5
16.05,Yersinia,R5,5.54
17.05,Yersinia,R5,5.57
18.05,Yersinia,R5,5.59
19.05,Yersinia,R5,5.63
20.05,Yersinia,R5,5.64
21.05,Yersinia,R5,5.67
22.05,Yersinia,R5,5.71
23.05,Yersinia,R5,5.72
24.05,Yersinia,R5,5.73
25.05,Yersinia,R5,5.75
26.05,Yersinia,R5,5.76
27.05,Yersinia,R5,5.77
28.05,Yersinia,R5,5.8
29.05,Yersinia,R5,5.8
30.05,Yersinia,R5,5.83
31.05,Yersinia,R5,5.83
32.05,Yersinia,R5,5.85
33.05,Yersinia,R5,5.86
34.05,Yersinia,R5,5.87
35.05,Yersinia,R5,5.87
36.05,Yersinia,R5,5.88
37.05,Yersinia,R5,5.89
38.05,Yersinia,R5,5.89
39.05,Yersinia,R5,5.89
40.05,Yersinia,R5,5.9
41.05,Yersinia,R5,5.91
42.07,Yersinia,R5,5.92
43.07,Yersinia,R5,5.93
44.07,Yersinia,R5,5.94
45.07,Yersinia,R5,5.94
46.07,Yersinia,R5,5.93
47.07,Yersinia,R5,5.93
48.07,Yersinia,R5,5.93
49.07,Yersinia,R5,5.91
50.07,Yersinia,R5,5.92
51.07,Yersinia,R5,5.93
52.07,Yersinia,R5,5.93
53.07,Yersinia,R5,5.91
54.07,Yersinia,R5,5.91
55.07,Yersinia,R5,5.91
56.07,Yersinia,R5,5.91
57.07,Yersinia,R5,5.9
58.07,Yersinia,R5,5.89
59.07,Yersinia,R5,5.91
60.07,Yersinia,R5,5.88
61.07,Yersinia,R5,5.89
62.07,Yersinia,R5,5.89
63.07,Yersinia,R5,5.9
64.07,Yersinia,R5,5.87
65.07,Yersinia,R5,5.88
66.07,Yersinia,R5,5.86
67.07,Yersinia,R5,5.86
68.07,Yersinia,R5,5.85
69.07,Yersinia,R5,5.86
70.07,Yersinia,R5,5.84
71.07,Yersinia,R5,5.84
72.07,Yersinia,R5,5.84
73.07,Yersinia,R5,5.82
74.07,Yersinia,R5,5.82
75.07,Yersinia,R5,5.81
76.07,Yersinia,R5,5.8
77.07,Yersinia,R5,5.81
78.07,Yersinia,R5,5.8
79.07,Yersinia,R5,5.79
80.07,Yersinia,R5,5.78
81.07,Yersinia,R5,5.76
82.07,Yersinia,R5,5.75
83.07,Yersinia,R5,5.75
84.07,Yersinia,R5,5.74
85.07,Yersinia,R5,5.73
86.07,Yersinia,R5,5.71
87.07,Yersinia,R5,5.71
88.07,Yersinia,R5,5.71
89.07,Yersinia,R5,5.69
90.07,Yersinia,R5,5.67
91.07,Yersinia,R5,5.65
92.07,Yersinia,R5,5.65
93.07,Yersinia,R5,5.65
94.07,Yersinia,R5,5.63
95.07,Yersinia,R5,5.62
96.07,Yersinia,R5,5.59
97.07,Yersinia,R5,5.58
98.07,Yersinia,R5,5.56
99.07,Yersinia,R5,5.56
100.07,Yersinia,R5,5.53
101.07,Yersinia,R5,5.54
102.07,Yersinia,R5,5.5
103.07,Yersinia,R5,5.49
104.07,Yersinia,R5,5.46
105.07,Yersinia,R5,5.46
106.07,Yersinia,R5,5.43
107.07,Yersinia,R5,5.41
108.07,Yersinia,R5,5.39
109.07,Yersinia,R5,5.36
110.07,Yersinia,R5,5.32
111.07,Yersinia,R5,5.3
112.07,Yersinia,R5,5.29
113.07,Yersinia,R5,5.25
114.07,Yersinia,R5,5.26
115.07,Yersinia,R5,5.22
116.07,Yersinia,R5,5.18
117.07,Yersinia,R5,5.15
118.07,Yersinia,R5,5.12
119.07,Yersinia,R5,5.09
120.07,Yersinia,R5,5.05
121.07,Yersinia,R5,5.02
122.07,Yersinia,R5,4.96
123.07,Yersinia,R5,4.94
124.08,Yersinia,R5,4.9
125.08,Yersinia,R5,4.86
126.08,Yersinia,R5,4.82
127.08,Yersinia,R5,4.77
128.08,Yersinia,R5,4.73
129.08,Yersinia,R5,4.68
130.08,Yersinia,R5,4.63
131.08,Yersinia,R5,4.59
132.08,Yersinia,R5,4.54
133.08,Yersinia,R5,4.48
134.08,Yersinia,R5,4.41
135.08,Yersinia,R5,4.36
136.08,Yersinia,R5,4.31
137.08,Yersinia,R5,4.24
138.08,Yersinia,R5,4.19
139.08,Yersinia,R5,4.11
140.08,Yersinia,R5,4.03
141.08,Yersinia,R5,3.97
142.08,Yersinia,R5,3.9
143.08,Yersinia,R5,3.81
144.08,Yersinia,R5,3.75
145.08,Yersinia,R5,3.66
146.08,Yersinia,R5,3.56
147.08,Yersinia,R5,3.49
148.08,Yersinia,R5,3.39
149.08,Yersinia,R5,3.28
150.08,Yersinia,R5,3.19
151.08,Yersinia,R5,3.1
152.08,Yersinia,R5,2.99
153.08,Yersinia,R5,2.85
154.08,Yersinia,R5,2.75
155.08,Yersinia,R5,2.64
156.08,Yersinia,R5,2.52
157.08,Yersinia,R5,2.38
158.08,Yersinia,R5,2.25
159.08,Yersinia,R5,2.12
160.08,Yersinia,R5,1.98
161.08,Yersinia,R5,1.83
162.08,Yersinia,R5,1.66
163.08,Yersinia,R5,1.52
164.08,Yersinia,R5,1.35
165.08,Yersinia,R5,1.17
166.08,Yersinia,R5,1
167.08,Yersinia,R5,0.83
168.08,Yersinia,R5,0.62
169.08,Yersinia,R5,0.43
170.08,Yersinia,R5,0.22
171.08,Yersinia,R5,0.08
172.08,Yersinia,R5,0.03
173.08,Yersinia,R5,0.02
174.08,Yersinia,R5,0.01
175.08,Yersinia,R5,0.02
176.08,Yersinia,R5,0.02
177.08,Yersinia,R5,0.01
178.08,Yersinia,R5,0.02
179.1,Yersinia,R5,0.02
180.1,Yersinia,R5,0.02
181.1,Yersinia,R5,0.02
182.1,Yersinia,R5,0.03
183.1,Yersinia,R5,0.02
184.1,Yersinia,R5,0.02
185.1,Yersinia,R5,0.02
186.1,Yersinia,R5,0.02
187.1,Yersinia,R5,0.02
188.1,Yersinia,R5,0.03
189.1,Yersinia,R5,0.02
190.1,Yersinia,R5,0.03
191.1,Yersinia,R5,0.02
192.1,Yersinia,R5,0.03
193.1,Yersinia,R5,0.03
194.1,Yersinia,R5,0.02
195.1,Yersinia,R5,0.03
196.1,Yersinia,R5,0.02
197.1,Yersinia,R5,0.02
198.1,Yersinia,R5,0.03
199.1,Yersinia,R5,0.02
200.1,Yersinia,R5,0.03
201.1,Yersinia,R5,0.02
202.1,Yersinia,R5,0.02
203.1,Yersinia,R5,0.03
204.1,Yersinia,R5,0.01
205.1,Yersinia,R5,0.02
206.1,Yersinia,R5,0.01
207.1,Yersinia,R5,0.03
208.1,Yersinia,R5,0.02
209.1,Yersinia,R5,0.02
210.1,Yersinia,R5,0.02
211.1,Yersinia,R5,0.03
212.1,Yersinia,R5,0.02
0.03,Acinetobacter,R1,4.95
1.03,Acinetobacter,R1,4.94
2.03,Acinetobacter,R1,5.02
3.03,Acinetobacter,R1,5.08
4.03,Acinetobacter,R1,5.16
5.03,Acinetobacter,R1,5.23
6.03,Acinetobacter,R1,5.3
7.03,Acinetobacter,R1,5.36
8.03,Acinetobacter,R1,5.43
9.03,Acinetobacter,R1,5.47
10.03,Acinetobacter,R1,5.52
11.03,Acinetobacter,R1,5.59
12.03,Acinetobacter,R1,5.63
13.03,Acinetobacter,R1,5.68
14.03,Acinetobacter,R1,5.72
15.03,Acinetobacter,R1,5.75
16.03,Acinetobacter,R1,5.76
17.03,Acinetobacter,R1,5.83
18.03,Acinetobacter,R1,5.84
19.03,Acinetobacter,R1,5.87
20.03,Acinetobacter,R1,5.9
21.03,Acinetobacter,R1,5.93
22.03,Acinetobacter,R1,5.96
23.03,Acinetobacter,R1,5.97
24.03,Acinetobacter,R1,6
25.03,Acinetobacter,R1,6.02
26.03,Acinetobacter,R1,6.04
27.03,Acinetobacter,R1,6.06
28.03,Acinetobacter,R1,6.07
29.03,Acinetobacter,R1,6.11
30.03,Acinetobacter,R1,6.09
31.03,Acinetobacter,R1,6.11
32.03,Acinetobacter,R1,6.13
33.03,Acinetobacter,R1,6.14
34.03,Acinetobacter,R1,6.14
35.03,Acinetobacter,R1,6.16
36.03,Acinetobacter,R1,6.17
37.03,Acinetobacter,R1,6.17
38.03,Acinetobacter,R1,6.17
39.03,Acinetobacter,R1,6.18
40.03,Acinetobacter,R1,6.17
41.03,Acinetobacter,R1,6.18
42.03,Acinetobacter,R1,6.18
43.03,Acinetobacter,R1,6.2
44.03,Acinetobacter,R1,6.19
45.03,Acinetobacter,R1,6.19
46.03,Acinetobacter,R1,6.17
47.03,Acinetobacter,R1,6.16
48.03,Acinetobacter,R1,6.14
49.03,Acinetobacter,R1,6.14
50.05,Acinetobacter,R1,6.14
51.05,Acinetobacter,R1,6.14
52.05,Acinetobacter,R1,6.1
53.05,Acinetobacter,R1,6.1
54.05,Acinetobacter,R1,6.08
55.05,Acinetobacter,R1,6.06
56.05,Acinetobacter,R1,6.05
57.05,Acinetobacter,R1,6.04
58.05,Acinetobacter,R1,6.04
59.05,Acinetobacter,R1,6
60.05,Acinetobacter,R1,5.99
61.05,Acinetobacter,R1,5.99
62.05,Acinetobacter,R1,5.98
63.05,Acinetobacter,R1,5.95
64.05,Acinetobacter,R1,5.96
65.05,Acinetobacter,R1,5.93
66.05,Acinetobacter,R1,5.92
67.05,Acinetobacter,R1,5.91
68.05,Acinetobacter,R1,5.89
69.05,Acinetobacter,R1,5.87
70.05,Acinetobacter,R1,5.87
71.05,Acinetobacter,R1,5.85
72.05,Acinetobacter,R1,5.82
73.05,Acinetobacter,R1,5.81
74.05,Acinetobacter,R1,5.8
75.05,Acinetobacter,R1,5.77
76.05,Acinetobacter,R1,5.74
77.05,Acinetobacter,R1,5.73
78.05,Acinetobacter,R1,5.72
79.05,Acinetobacter,R1,5.69
80.05,Acinetobacter,R1,5.67
81.05,Acinetobacter,R1,5.64
82.05,Acinetobacter,R1,5.64
83.05,Acinetobacter,R1,5.61
84.05,Acinetobacter,R1,5.58
85.05,Acinetobacter,R1,5.56
86.05,Acinetobacter,R1,5.56
87.05,Acinetobacter,R1,5.53
88.05,Acinetobacter,R1,5.5
89.05,Acinetobacter,R1,5.49
90.05,Acinetobacter,R1,5.44
91.05,Acinetobacter,R1,5.43
92.05,Acinetobacter,R1,5.42
93.05,Acinetobacter,R1,5.38
94.05,Acinetobacter,R1,5.36
95.05,Acinetobacter,R1,5.34
96.05,Acinetobacter,R1,5.3
97.05,Acinetobacter,R1,5.29
98.05,Acinetobacter,R1,5.25
99.05,Acinetobacter,R1,5.22
100.05,Acinetobacter,R1,5.18
101.05,Acinetobacter,R1,5.18
102.05,Acinetobacter,R1,5.13
103.05,Acinetobacter,R1,5.11
104.05,Acinetobacter,R1,5.07
105.05,Acinetobacter,R1,5.04
106.05,Acinetobacter,R1,5.01
107.05,Acinetobacter,R1,4.95
108.05,Acinetobacter,R1,4.94
109.05,Acinetobacter,R1,4.9
110.05,Acinetobacter,R1,4.87
111.05,Acinetobacter,R1,4.82
112.05,Acinetobacter,R1,4.79
113.05,Acinetobacter,R1,4.75
114.05,Acinetobacter,R1,4.71
115.05,Acinetobacter,R1,4.69
116.05,Acinetobacter,R1,4.64
117.05,Acinetobacter,R1,4.6
118.05,Acinetobacter,R1,4.56
119.05,Acinetobacter,R1,4.53
120.05,Acinetobacter,R1,4.46
121.05,Acinetobacter,R1,4.43
122.05,Acinetobacter,R1,4.38
123.05,Acinetobacter,R1,4.34
124.05,Acinetobacter,R1,4.29
125.05,Acinetobacter,R1,4.25
126.05,Acinetobacter,R1,4.21
127.05,Acinetobacter,R1,4.14
128.05,Acinetobacter,R1,4.11
129.05,Acinetobacter,R1,4.06
130.05,Acinetobacter,R1,4
131.05,Acinetobacter,R1,3.95
132.05,Acinetobacter,R1,3.89
133.05,Acinetobacter,R1,3.82
134.05,Acinetobacter,R1,3.78
135.05,Acinetobacter,R1,3.71
136.05,Acinetobacter,R1,3.67
137.05,Acinetobacter,R1,3.61
138.05,Acinetobacter,R1,3.56
139.05,Acinetobacter,R1,3.48
140.05,Acinetobacter,R1,3.41
141.05,Acinetobacter,R1,3.35
142.05,Acinetobacter,R1,3.29
143.05,Acinetobacter,R1,3.23
144.05,Acinetobacter,R1,3.15
145.05,Acinetobacter,R1,3.08
146.05,Acinetobacter,R1,3
147.05,Acinetobacter,R1,2.95
148.05,Acinetobacter,R1,2.88
149.05,Acinetobacter,R1,2.79
150.05,Acinetobacter,R1,2.71
151.05,Acinetobacter,R1,2.63
152.05,Acinetobacter,R1,2.56
153.05,Acinetobacter,R1,2.48
154.05,Acinetobacter,R1,2.39
155.05,Acinetobacter,R1,2.3
156.05,Acinetobacter,R1,2.22
157.05,Acinetobacter,R1,2.13
158.05,Acinetobacter,R1,2.04
159.05,Acinetobacter,R1,1.96
160.05,Acinetobacter,R1,1.86
161.05,Acinetobacter,R1,1.76
162.05,Acinetobacter,R1,1.67
163.05,Acinetobacter,R1,1.58
164.05,Acinetobacter,R1,1.46
165.05,Acinetobacter,R1,1.35
166.05,Acinetobacter,R1,1.26
167.05,Acinetobacter,R1,1.15
168.05,Acinetobacter,R1,1.03
169.05,Acinetobacter,R1,0.93
170.05,Acinetobacter,R1,0.8
171.05,Acinetobacter,R1,0.7
172.05,Acinetobacter,R1,0.59
173.05,Acinetobacter,R1,0.46
174.05,Acinetobacter,R1,0.39
175.05,Acinetobacter,R1,0.36
176.05,Acinetobacter,R1,0.33
177.05,Acinetobacter,R1,0.33
178.05,Acinetobacter,R1,0.32
179.05,Acinetobacter,R1,0.31
180.05,Acinetobacter,R1,0.3
181.05,Acinetobacter,R1,0.29
182.05,Acinetobacter,R1,0.28
183.05,Acinetobacter,R1,0.26
184.05,Acinetobacter,R1,0.26
185.05,Acinetobacter,R1,0.26
186.05,Acinetobacter,R1,0.25
187.05,Acinetobacter,R1,0.26
188.05,Acinetobacter,R1,0.24
189.05,Acinetobacter,R1,0.25
190.05,Acinetobacter,R1,0.25
191.05,Acinetobacter,R1,0.25
192.05,Acinetobacter,R1,0.24
193.05,Acinetobacter,R1,0.24
194.05,Acinetobacter,R1,0.24
195.05,Acinetobacter,R1,0.24
196.05,Acinetobacter,R1,0.24
197.05,Acinetobacter,R1,0.24
0.03,Aeromonas_B,R1,4.75
1.03,Aeromonas_B,R1,4.76
2.03,Aeromonas_B,R1,4.83
3.03,Aeromonas_B,R1,4.91
4.03,Aeromonas_B,R1,5
5.03,Aeromonas_B,R1,5.07
6.03,Aeromonas_B,R1,5.15
7.03,Aeromonas_B,R1,5.22
8.03,Aeromonas_B,R1,5.27
9.03,Aeromonas_B,R1,5.34
10.03,Aeromonas_B,R1,5.39
11.03,Aeromonas_B,R1,5.45
12.03,Aeromonas_B,R1,5.5
13.03,Aeromonas_B,R1,5.56
14.03,Aeromonas_B,R1,5.6
15.03,Aeromonas_B,R1,5.63
16.03,Aeromonas_B,R1,5.67
17.03,Aeromonas_B,R1,5.72
18.03,Aeromonas_B,R1,5.74
19.03,Aeromonas_B,R1,5.78
20.03,Aeromonas_B,R1,5.79
21.03,Aeromonas_B,R1,5.82
22.03,Aeromonas_B,R1,5.85
23.03,Aeromonas_B,R1,5.87
24.03,Aeromonas_B,R1,5.87
25.03,Aeromonas_B,R1,5.9
26.03,Aeromonas_B,R1,5.92
27.03,Aeromonas_B,R1,5.92
28.03,Aeromonas_B,R1,5.96
29.03,Aeromonas_B,R1,5.97
30.03,Aeromonas_B,R1,5.98
31.03,Aeromonas_B,R1,5.98
32.03,Aeromonas_B,R1,6
33.03,Aeromonas_B,R1,6
34.03,Aeromonas_B,R1,6.02
35.03,Aeromonas_B,R1,6.03
36.03,Aeromonas_B,R1,6.03
37.03,Aeromonas_B,R1,6.03
38.03,Aeromonas_B,R1,6.03
39.03,Aeromonas_B,R1,6.03
40.03,Aeromonas_B,R1,6.04
41.03,Aeromonas_B,R1,6.05
42.03,Aeromonas_B,R1,6.04
43.03,Aeromonas_B,R1,6.01
44.03,Aeromonas_B,R1,6.02
45.03,Aeromonas_B,R1,6.02
46.03,Aeromonas_B,R1,6.02
47.03,Aeromonas_B,R1,6.01
48.03,Aeromonas_B,R1,6.01
49.03,Aeromonas_B,R1,5.99
50.05,Aeromonas_B,R1,5.98
51.05,Aeromonas_B,R1,5.99
52.05,Aeromonas_B,R1,5.99
53.05,Aeromonas_B,R1,5.96
54.05,Aeromonas_B,R1,5.98
55.05,Aeromonas_B,R1,5.96
56.05,Aeromonas_B,R1,5.97
57.05,Aeromonas_B,R1,5.96
58.05,Aeromonas_B,R1,5.96
59.05,Aeromonas_B,R1,5.94
60.05,Aeromonas_B,R1,5.95
61.05,Aeromonas_B,R1,5.93
62.05,Aeromonas_B,R1,5.92
63.05,Aeromonas_B,R1,5.91
64.05,Aeromonas_B,R1,5.9
65.05,Aeromonas_B,R1,5.91
66.05,Aeromonas_B,R1,5.89
67.05,Aeromonas_B,R1,5.88
68.05,Aeromonas_B,R1,5.91
69.05,Aeromonas_B,R1,5.87
70.05,Aeromonas_B,R1,5.85
71.05,Aeromonas_B,R1,5.84
72.05,Aeromonas_B,R1,5.83
73.05,Aeromonas_B,R1,5.83
74.05,Aeromonas_B,R1,5.82
75.05,Aeromonas_B,R1,5.82
76.05,Aeromonas_B,R1,5.8
77.05,Aeromonas_B,R1,5.78
78.05,Aeromonas_B,R1,5.78
79.05,Aeromonas_B,R1,5.75
80.05,Aeromonas_B,R1,5.75
81.05,Aeromonas_B,R1,5.73
82.05,Aeromonas_B,R1,5.72
83.05,Aeromonas_B,R1,5.71
84.05,Aeromonas_B,R1,5.68
85.05,Aeromonas_B,R1,5.68
86.05,Aeromonas_B,R1,5.66
87.05,Aeromonas_B,R1,5.65
88.05,Aeromonas_B,R1,5.64
89.05,Aeromonas_B,R1,5.61
90.05,Aeromonas_B,R1,5.61
91.05,Aeromonas_B,R1,5.58
92.05,Aeromonas_B,R1,5.57
93.05,Aeromonas_B,R1,5.53
94.05,Aeromonas_B,R1,5.52
95.05,Aeromonas_B,R1,5.5
96.05,Aeromonas_B,R1,5.5
97.05,Aeromonas_B,R1,5.45
98.05,Aeromonas_B,R1,5.44
99.05,Aeromonas_B,R1,5.42
100.05,Aeromonas_B,R1,5.41
101.05,Aeromonas_B,R1,5.36
102.05,Aeromonas_B,R1,5.35
103.05,Aeromonas_B,R1,5.32
104.05,Aeromonas_B,R1,5.31
105.05,Aeromonas_B,R1,5.27
106.05,Aeromonas_B,R1,5.26
107.05,Aeromonas_B,R1,5.21
108.05,Aeromonas_B,R1,5.18
109.05,Aeromonas_B,R1,5.16
110.05,Aeromonas_B,R1,5.12
111.05,Aeromonas_B,R1,5.1
112.05,Aeromonas_B,R1,5.07
113.05,Aeromonas_B,R1,5.03
114.05,Aeromonas_B,R1,4.98
115.05,Aeromonas_B,R1,4.95
116.05,Aeromonas_B,R1,4.91
117.05,Aeromonas_B,R1,4.88
118.05,Aeromonas_B,R1,4.84
119.05,Aeromonas_B,R1,4.79
120.05,Aeromonas_B,R1,4.75
121.05,Aeromonas_B,R1,4.71
122.05,Aeromonas_B,R1,4.67
123.05,Aeromonas_B,R1,4.63
124.05,Aeromonas_B,R1,4.57
125.05,Aeromonas_B,R1,4.52
126.05,Aeromonas_B,R1,4.48
127.05,Aeromonas_B,R1,4.42
128.05,Aeromonas_B,R1,4.37
129.05,Aeromonas_B,R1,4.31
130.05,Aeromonas_B,R1,4.25
131.05,Aeromonas_B,R1,4.19
132.05,Aeromonas_B,R1,4.14
133.05,Aeromonas_B,R1,4.07
134.05,Aeromonas_B,R1,4
135.05,Aeromonas_B,R1,3.94
136.05,Aeromonas_B,R1,3.88
137.05,Aeromonas_B,R1,3.78
138.05,Aeromonas_B,R1,3.72
139.05,Aeromonas_B,R1,3.65
140.05,Aeromonas_B,R1,3.57
141.05,Aeromonas_B,R1,3.49
142.05,Aeromonas_B,R1,3.41
143.05,Aeromonas_B,R1,3.32
144.05,Aeromonas_B,R1,3.23
145.05,Aeromonas_B,R1,3.14
146.05,Aeromonas_B,R1,3.05
147.05,Aeromonas_B,R1,2.94
148.05,Aeromonas_B,R1,2.85
149.05,Aeromonas_B,R1,2.75
150.05,Aeromonas_B,R1,2.64
151.05,Aeromonas_B,R1,2.54
152.05,Aeromonas_B,R1,2.42
153.05,Aeromonas_B,R1,2.32
154.05,Aeromonas_B,R1,2.2
155.05,Aeromonas_B,R1,2.07
156.05,Aeromonas_B,R1,1.93
157.05,Aeromonas_B,R1,1.8
158.05,Aeromonas_B,R1,1.67
159.05,Aeromonas_B,R1,1.52
160.05,Aeromonas_B,R1,1.39
161.05,Aeromonas_B,R1,1.25
162.05,Aeromonas_B,R1,1.09
163.05,Aeromonas_B,R1,0.94
164.05,Aeromonas_B,R1,0.78
165.05,Aeromonas_B,R1,0.61
166.05,Aeromonas_B,R1,0.44
167.05,Aeromonas_B,R1,0.25
168.05,Aeromonas_B,R1,0.17
169.05,Aeromonas_B,R1,0.13
170.05,Aeromonas_B,R1,0.12
171.05,Aeromonas_B,R1,0.12
172.05,Aeromonas_B,R1,0.12
173.05,Aeromonas_B,R1,0.12
174.05,Aeromonas_B,R1,0.12
175.05,Aeromonas_B,R1,0.12
176.05,Aeromonas_B,R1,0.12
177.05,Aeromonas_B,R1,0.12
178.05,Aeromonas_B,R1,0.12
179.05,Aeromonas_B,R1,0.12
180.05,Aeromonas_B,R1,0.13
181.05,Aeromonas_B,R1,0.12
182.05,Aeromonas_B,R1,0.12
183.05,Aeromonas_B,R1,0.12
184.05,Aeromonas_B,R1,0.12
185.05,Aeromonas_B,R1,0.12
186.05,Aeromonas_B,R1,0.12
187.05,Aeromonas_B,R1,0.12
188.05,Aeromonas_B,R1,0.12
189.05,Aeromonas_B,R1,0.12
190.05,Aeromonas_B,R1,0.12
191.05,Aeromonas_B,R1,0.12
192.05,Aeromonas_B,R1,0.12
193.05,Aeromonas_B,R1,0.12
194.05,Aeromonas_B,R1,0.12
195.05,Aeromonas_B,R1,0.12
196.05,Aeromonas_B,R1,0.12
197.05,Aeromonas_B,R1,0.12
0.03,Arthrobacter,R1,4.82
1.03,Arthrobacter,R1,4.8
2.03,Arthrobacter,R1,4.85
3.03,Arthrobacter,R1,4.91
4.03,Arthrobacter,R1,4.99
5.03,Arthrobacter,R1,5.05
6.03,Arthrobacter,R1,5.11
7.03,Arthrobacter,R1,5.18
8.03,Arthrobacter,R1,5.23
9.03,Arthrobacter,R1,5.29
10.03,Arthrobacter,R1,5.35
11.03,Arthrobacter,R1,5.4
12.03,Arthrobacter,R1,5.46
13.03,Arthrobacter,R1,5.49
14.03,Arthrobacter,R1,5.53
15.03,Arthrobacter,R1,5.56
16.03,Arthrobacter,R1,5.6
17.03,Arthrobacter,R1,5.63
18.03,Arthrobacter,R1,5.66
19.03,Arthrobacter,R1,5.7
20.03,Arthrobacter,R1,5.72
21.03,Arthrobacter,R1,5.73
22.03,Arthrobacter,R1,5.77
23.03,Arthrobacter,R1,5.8
24.03,Arthrobacter,R1,5.81
25.03,Arthrobacter,R1,5.84
26.03,Arthrobacter,R1,5.86
27.03,Arthrobacter,R1,5.87
28.03,Arthrobacter,R1,5.88
29.03,Arthrobacter,R1,5.9
30.03,Arthrobacter,R1,5.93
31.03,Arthrobacter,R1,5.93
32.03,Arthrobacter,R1,5.95
33.03,Arthrobacter,R1,5.97
34.03,Arthrobacter,R1,5.98
35.03,Arthrobacter,R1,5.99
36.03,Arthrobacter,R1,6.01
37.03,Arthrobacter,R1,6.02
38.03,Arthrobacter,R1,6.01
39.03,Arthrobacter,R1,6.03
40.03,Arthrobacter,R1,6.03
41.03,Arthrobacter,R1,6.04
42.03,Arthrobacter,R1,6.04
43.03,Arthrobacter,R1,6.04
44.03,Arthrobacter,R1,6.03
45.03,Arthrobacter,R1,6.04
46.03,Arthrobacter,R1,6.04
47.03,Arthrobacter,R1,6.05
48.03,Arthrobacter,R1,6.05
49.03,Arthrobacter,R1,6.04
50.05,Arthrobacter,R1,6.02
51.05,Arthrobacter,R1,6.02
52.05,Arthrobacter,R1,5.99
53.05,Arthrobacter,R1,5.97
54.05,Arthrobacter,R1,5.98
55.05,Arthrobacter,R1,5.96
56.05,Arthrobacter,R1,5.95
57.05,Arthrobacter,R1,5.95
58.05,Arthrobacter,R1,5.94
59.05,Arthrobacter,R1,5.93
60.05,Arthrobacter,R1,5.92
61.05,Arthrobacter,R1,5.89
62.05,Arthrobacter,R1,5.89
63.05,Arthrobacter,R1,5.86
64.05,Arthrobacter,R1,5.86
65.05,Arthrobacter,R1,5.85
66.05,Arthrobacter,R1,5.83
67.05,Arthrobacter,R1,5.8
68.05,Arthrobacter,R1,5.81
69.05,Arthrobacter,R1,5.79
70.05,Arthrobacter,R1,5.77
71.05,Arthrobacter,R1,5.75
72.05,Arthrobacter,R1,5.73
73.05,Arthrobacter,R1,5.72
74.05,Arthrobacter,R1,5.71
75.05,Arthrobacter,R1,5.67
76.05,Arthrobacter,R1,5.67
77.05,Arthrobacter,R1,5.65
78.05,Arthrobacter,R1,5.62
79.05,Arthrobacter,R1,5.62
80.05,Arthrobacter,R1,5.59
81.05,Arthrobacter,R1,5.57
82.05,Arthrobacter,R1,5.54
83.05,Arthrobacter,R1,5.53
84.05,Arthrobacter,R1,5.51
85.05,Arthrobacter,R1,5.49
86.05,Arthrobacter,R1,5.47
87.05,Arthrobacter,R1,5.44
88.05,Arthrobacter,R1,5.41
89.05,Arthrobacter,R1,5.39
90.05,Arthrobacter,R1,5.35
91.05,Arthrobacter,R1,5.32
92.05,Arthrobacter,R1,5.3
93.05,Arthrobacter,R1,5.28
94.05,Arthrobacter,R1,5.25
95.05,Arthrobacter,R1,5.22
96.05,Arthrobacter,R1,5.19
97.05,Arthrobacter,R1,5.16
98.05,Arthrobacter,R1,5.12
99.05,Arthrobacter,R1,5.09
100.05,Arthrobacter,R1,5.06
101.05,Arthrobacter,R1,5.01
102.05,Arthrobacter,R1,4.99
103.05,Arthrobacter,R1,4.94
104.05,Arthrobacter,R1,4.9
105.05,Arthrobacter,R1,4.87
106.05,Arthrobacter,R1,4.82
107.05,Arthrobacter,R1,4.8
108.05,Arthrobacter,R1,4.75
109.05,Arthrobacter,R1,4.72
110.05,Arthrobacter,R1,4.67
111.05,Arthrobacter,R1,4.62
112.05,Arthrobacter,R1,4.59
113.05,Arthrobacter,R1,4.54
114.05,Arthrobacter,R1,4.48
115.05,Arthrobacter,R1,4.43
116.05,Arthrobacter,R1,4.38
117.05,Arthrobacter,R1,4.32
118.05,Arthrobacter,R1,4.3
119.05,Arthrobacter,R1,4.23
120.05,Arthrobacter,R1,4.16
121.05,Arthrobacter,R1,4.11
122.05,Arthrobacter,R1,4.06
123.05,Arthrobacter,R1,3.98
124.05,Arthrobacter,R1,3.92
125.05,Arthrobacter,R1,3.86
126.05,Arthrobacter,R1,3.81
127.05,Arthrobacter,R1,3.75
128.05,Arthrobacter,R1,3.67
129.05,Arthrobacter,R1,3.6
130.05,Arthrobacter,R1,3.53
131.05,Arthrobacter,R1,3.47
132.05,Arthrobacter,R1,3.38
133.05,Arthrobacter,R1,3.32
134.05,Arthrobacter,R1,3.24
135.05,Arthrobacter,R1,3.14
136.05,Arthrobacter,R1,3.07
137.05,Arthrobacter,R1,2.98
138.05,Arthrobacter,R1,2.89
139.05,Arthrobacter,R1,2.79
140.05,Arthrobacter,R1,2.71
141.05,Arthrobacter,R1,2.62
142.05,Arthrobacter,R1,2.53
143.05,Arthrobacter,R1,2.42
144.05,Arthrobacter,R1,2.33
145.05,Arthrobacter,R1,2.22
146.05,Arthrobacter,R1,2.11
147.05,Arthrobacter,R1,2.02
148.05,Arthrobacter,R1,1.9
149.05,Arthrobacter,R1,1.79
150.05,Arthrobacter,R1,1.65
151.05,Arthrobacter,R1,1.54
152.05,Arthrobacter,R1,1.41
153.05,Arthrobacter,R1,1.28
154.05,Arthrobacter,R1,1.15
155.05,Arthrobacter,R1,1.03
156.05,Arthrobacter,R1,0.88
157.05,Arthrobacter,R1,0.74
158.05,Arthrobacter,R1,0.6
159.05,Arthrobacter,R1,0.45
160.05,Arthrobacter,R1,0.32
161.05,Arthrobacter,R1,0.15
162.05,Arthrobacter,R1,0.03
163.05,Arthrobacter,R1,0
164.05,Arthrobacter,R1,0
165.05,Arthrobacter,R1,0
166.05,Arthrobacter,R1,0
167.05,Arthrobacter,R1,0
168.05,Arthrobacter,R1,0
169.05,Arthrobacter,R1,0
170.05,Arthrobacter,R1,0
171.05,Arthrobacter,R1,0
172.05,Arthrobacter,R1,0
173.05,Arthrobacter,R1,0
174.05,Arthrobacter,R1,0
175.05,Arthrobacter,R1,0
176.05,Arthrobacter,R1,0
177.05,Arthrobacter,R1,0
178.05,Arthrobacter,R1,0
179.05,Arthrobacter,R1,0
180.05,Arthrobacter,R1,0
181.05,Arthrobacter,R1,0
182.05,Arthrobacter,R1,0
183.05,Arthrobacter,R1,0
184.05,Arthrobacter,R1,0
185.05,Arthrobacter,R1,0
186.05,Arthrobacter,R1,0
187.05,Arthrobacter,R1,0
188.05,Arthrobacter,R1,0
189.05,Arthrobacter,R1,0
190.05,Arthrobacter,R1,0
191.05,Arthrobacter,R1,0
192.05,Arthrobacter,R1,0
193.05,Arthrobacter,R1,0
194.05,Arthrobacter,R1,0
195.05,Arthrobacter,R1,0
196.05,Arthrobacter,R1,0
197.05,Arthrobacter,R1,0
0.03,Burkholderia,R1,4.74
1.03,Burkholderia,R1,4.72
2.03,Burkholderia,R1,4.79
3.03,Burkholderia,R1,4.86
4.03,Burkholderia,R1,4.93
5.03,Burkholderia,R1,5
6.03,Burkholderia,R1,5.08
7.03,Burkholderia,R1,5.15
8.03,Burkholderia,R1,5.22
9.03,Burkholderia,R1,5.28
10.03,Burkholderia,R1,5.34
11.03,Burkholderia,R1,5.4
12.03,Burkholderia,R1,5.45
13.03,Burkholderia,R1,5.51
14.03,Burkholderia,R1,5.55
15.03,Burkholderia,R1,5.6
16.03,Burkholderia,R1,5.63
17.03,Burkholderia,R1,5.67
18.03,Burkholderia,R1,5.7
19.03,Burkholderia,R1,5.73
20.03,Burkholderia,R1,5.78
21.03,Burkholderia,R1,5.81
22.03,Burkholderia,R1,5.87
23.03,Burkholderia,R1,5.89
24.03,Burkholderia,R1,5.93
25.03,Burkholderia,R1,5.98
26.03,Burkholderia,R1,5.99
27.03,Burkholderia,R1,6.03
28.03,Burkholderia,R1,6.05
29.03,Burkholderia,R1,6.09
30.03,Burkholderia,R1,6.11
31.03,Burkholderia,R1,6.12
32.03,Burkholderia,R1,6.15
33.03,Burkholderia,R1,6.18
34.03,Burkholderia,R1,6.19
35.03,Burkholderia,R1,6.21
36.03,Burkholderia,R1,6.21
37.03,Burkholderia,R1,6.23
38.03,Burkholderia,R1,6.25
39.03,Burkholderia,R1,6.27
40.03,Burkholderia,R1,6.26
41.03,Burkholderia,R1,6.27
42.03,Burkholderia,R1,6.29
43.03,Burkholderia,R1,6.3
44.03,Burkholderia,R1,6.31
45.03,Burkholderia,R1,6.31
46.03,Burkholderia,R1,6.32
47.03,Burkholderia,R1,6.32
48.03,Burkholderia,R1,6.32
49.03,Burkholderia,R1,6.33
50.05,Burkholderia,R1,6.34
51.05,Burkholderia,R1,6.33
52.05,Burkholderia,R1,6.33
53.05,Burkholderia,R1,6.31
54.05,Burkholderia,R1,6.3
55.05,Burkholderia,R1,6.27
56.05,Burkholderia,R1,6.3
57.05,Burkholderia,R1,6.27
58.05,Burkholderia,R1,6.27
59.05,Burkholderia,R1,6.24
60.05,Burkholderia,R1,6.25
61.05,Burkholderia,R1,6.23
62.05,Burkholderia,R1,6.22
63.05,Burkholderia,R1,6.21
64.05,Burkholderia,R1,6.19
65.05,Burkholderia,R1,6.19
66.05,Burkholderia,R1,6.17
67.05,Burkholderia,R1,6.16
68.05,Burkholderia,R1,6.14
69.05,Burkholderia,R1,6.13
70.05,Burkholderia,R1,6.12
71.05,Burkholderia,R1,6.11
72.05,Burkholderia,R1,6.08
73.05,Burkholderia,R1,6.07
74.05,Burkholderia,R1,6.06
75.05,Burkholderia,R1,6.03
76.05,Burkholderia,R1,6.03
77.05,Burkholderia,R1,6.02
78.05,Burkholderia,R1,5.98
79.05,Burkholderia,R1,5.97
80.05,Burkholderia,R1,5.96
81.05,Burkholderia,R1,5.93
82.05,Burkholderia,R1,5.93
83.05,Burkholderia,R1,5.91
84.05,Burkholderia,R1,5.89
85.05,Burkholderia,R1,5.86
86.05,Burkholderia,R1,5.83
87.05,Burkholderia,R1,5.82
88.05,Burkholderia,R1,5.81
89.05,Burkholderia,R1,5.78
90.05,Burkholderia,R1,5.76
91.05,Burkholderia,R1,5.74
92.05,Burkholderia,R1,5.71
93.05,Burkholderia,R1,5.71
94.05,Burkholderia,R1,5.68
95.05,Burkholderia,R1,5.66
96.05,Burkholderia,R1,5.61
97.05,Burkholderia,R1,5.59
98.05,Burkholderia,R1,5.55
99.05,Burkholderia,R1,5.52
100.05,Burkholderia,R1,5.53
101.05,Burkholderia,R1,5.48
102.05,Burkholderia,R1,5.45
103.05,Burkholderia,R1,5.46
104.05,Burkholderia,R1,5.41
105.05,Burkholderia,R1,5.37
106.05,Burkholderia,R1,5.31
107.05,Burkholderia,R1,5.32
108.05,Burkholderia,R1,5.27
109.05,Burkholderia,R1,5.24
110.05,Burkholderia,R1,5.23
111.05,Burkholderia,R1,5.18
112.05,Burkholderia,R1,5.13
113.05,Burkholderia,R1,5.1
114.05,Burkholderia,R1,5.07
115.05,Burkholderia,R1,5.04
116.05,Burkholderia,R1,4.99
117.05,Burkholderia,R1,4.96
118.05,Burkholderia,R1,4.91
119.05,Burkholderia,R1,4.86
120.05,Burkholderia,R1,4.83
121.05,Burkholderia,R1,4.78
122.05,Burkholderia,R1,4.73
123.05,Burkholderia,R1,4.7
124.05,Burkholderia,R1,4.65
125.05,Burkholderia,R1,4.6
126.05,Burkholderia,R1,4.55
127.05,Burkholderia,R1,4.51
128.05,Burkholderia,R1,4.43
129.05,Burkholderia,R1,4.39
130.05,Burkholderia,R1,4.34
131.05,Burkholderia,R1,4.28
132.05,Burkholderia,R1,4.24
133.05,Burkholderia,R1,4.17
134.05,Burkholderia,R1,4.11
135.05,Burkholderia,R1,4.06
136.05,Burkholderia,R1,3.99
137.05,Burkholderia,R1,3.93
138.05,Burkholderia,R1,3.87
139.05,Burkholderia,R1,3.78
140.05,Burkholderia,R1,3.74
141.05,Burkholderia,R1,3.66
142.05,Burkholderia,R1,3.58
143.05,Burkholderia,R1,3.52
144.05,Burkholderia,R1,3.46
145.05,Burkholderia,R1,3.38
146.05,Burkholderia,R1,3.31
147.05,Burkholderia,R1,3.21
148.05,Burkholderia,R1,3.14
149.05,Burkholderia,R1,3.06
150.05,Burkholderia,R1,2.98
151.05,Burkholderia,R1,2.89
152.05,Burkholderia,R1,2.81
153.05,Burkholderia,R1,2.71
154.05,Burkholderia,R1,2.62
155.05,Burkholderia,R1,2.52
156.05,Burkholderia,R1,2.44
157.05,Burkholderia,R1,2.33
158.05,Burkholderia,R1,2.23
159.05,Burkholderia,R1,2.12
160.05,Burkholderia,R1,2.01
161.05,Burkholderia,R1,1.91
162.05,Burkholderia,R1,1.8
163.05,Burkholderia,R1,1.69
164.05,Burkholderia,R1,1.58
165.05,Burkholderia,R1,1.45
166.05,Burkholderia,R1,1.33
167.05,Burkholderia,R1,1.2
168.05,Burkholderia,R1,1.08
169.05,Burkholderia,R1,0.95
170.05,Burkholderia,R1,0.82
171.05,Burkholderia,R1,0.69
172.05,Burkholderia,R1,0.54
173.05,Burkholderia,R1,0.41
174.05,Burkholderia,R1,0.3
175.05,Burkholderia,R1,0.23
176.05,Burkholderia,R1,0.21
177.05,Burkholderia,R1,0.21
178.05,Burkholderia,R1,0.21
179.05,Burkholderia,R1,0.21
180.05,Burkholderia,R1,0.22
181.05,Burkholderia,R1,0.21
182.05,Burkholderia,R1,0.21
183.05,Burkholderia,R1,0.21
184.05,Burkholderia,R1,0.21
185.05,Burkholderia,R1,0.21
186.05,Burkholderia,R1,0.21
187.05,Burkholderia,R1,0.21
188.05,Burkholderia,R1,0.2
189.05,Burkholderia,R1,0.21
190.05,Burkholderia,R1,0.21
191.05,Burkholderia,R1,0.21
192.05,Burkholderia,R1,0.21
193.05,Burkholderia,R1,0.2
194.05,Burkholderia,R1,0.21
195.05,Burkholderia,R1,0.21
196.05,Burkholderia,R1,0.21
197.05,Burkholderia,R1,0.2
0.03,Buttiauxella,R1,4.76
1.03,Buttiauxella,R1,4.72
2.03,Buttiauxella,R1,4.77
3.03,Buttiauxella,R1,4.83
4.03,Buttiauxella,R1,4.91
5.03,Buttiauxella,R1,4.98
6.03,Buttiauxella,R1,5.04
7.03,Buttiauxella,R1,5.12
8.03,Buttiauxella,R1,5.18
9.03,Buttiauxella,R1,5.24
10.03,Buttiauxella,R1,5.28
11.03,Buttiauxella,R1,5.35
12.03,Buttiauxella,R1,5.4
13.03,Buttiauxella,R1,5.44
14.03,Buttiauxella,R1,5.48
15.03,Buttiauxella,R1,5.52
16.03,Buttiauxella,R1,5.55
17.03,Buttiauxella,R1,5.59
18.03,Buttiauxella,R1,5.61
19.03,Buttiauxella,R1,5.65
20.03,Buttiauxella,R1,5.67
21.03,Buttiauxella,R1,5.69
22.03,Buttiauxella,R1,5.73
23.03,Buttiauxella,R1,5.73
24.03,Buttiauxella,R1,5.75
25.03,Buttiauxella,R1,5.77
26.03,Buttiauxella,R1,5.79
27.03,Buttiauxella,R1,5.81
28.03,Buttiauxella,R1,5.81
29.03,Buttiauxella,R1,5.83
30.03,Buttiauxella,R1,5.83
31.03,Buttiauxella,R1,5.85
32.03,Buttiauxella,R1,5.86
33.03,Buttiauxella,R1,5.86
34.03,Buttiauxella,R1,5.86
35.03,Buttiauxella,R1,5.87
36.03,Buttiauxella,R1,5.87
37.03,Buttiauxella,R1,5.87
38.03,Buttiauxella,R1,5.89
39.03,Buttiauxella,R1,5.88
40.03,Buttiauxella,R1,5.88
41.03,Buttiauxella,R1,5.88
42.03,Buttiauxella,R1,5.88
43.03,Buttiauxella,R1,5.89
44.03,Buttiauxella,R1,5.89
45.03,Buttiauxella,R1,5.9
46.03,Buttiauxella,R1,5.89
47.03,Buttiauxella,R1,5.88
48.03,Buttiauxella,R1,5.87
49.03,Buttiauxella,R1,5.85
50.05,Buttiauxella,R1,5.86
51.05,Buttiauxella,R1,5.85
52.05,Buttiauxella,R1,5.86
53.05,Buttiauxella,R1,5.83
54.05,Buttiauxella,R1,5.83
55.05,Buttiauxella,R1,5.83
56.05,Buttiauxella,R1,5.8
57.05,Buttiauxella,R1,5.8
58.05,Buttiauxella,R1,5.79
59.05,Buttiauxella,R1,5.8
60.05,Buttiauxella,R1,5.77
61.05,Buttiauxella,R1,5.76
62.05,Buttiauxella,R1,5.77
63.05,Buttiauxella,R1,5.76
64.05,Buttiauxella,R1,5.75
65.05,Buttiauxella,R1,5.73
66.05,Buttiauxella,R1,5.72
67.05,Buttiauxella,R1,5.69
68.05,Buttiauxella,R1,5.68
69.05,Buttiauxella,R1,5.69
70.05,Buttiauxella,R1,5.69
71.05,Buttiauxella,R1,5.65
72.05,Buttiauxella,R1,5.64
73.05,Buttiauxella,R1,5.64
74.05,Buttiauxella,R1,5.62
75.05,Buttiauxella,R1,5.6
76.05,Buttiauxella,R1,5.59
77.05,Buttiauxella,R1,5.58
78.05,Buttiauxella,R1,5.56
79.05,Buttiauxella,R1,5.55
80.05,Buttiauxella,R1,5.54
81.05,Buttiauxella,R1,5.53
82.05,Buttiauxella,R1,5.49
83.05,Buttiauxella,R1,5.49
84.05,Buttiauxella,R1,5.47
85.05,Buttiauxella,R1,5.47
86.05,Buttiauxella,R1,5.45
87.05,Buttiauxella,R1,5.42
88.05,Buttiauxella,R1,5.43
89.05,Buttiauxella,R1,5.4
90.05,Buttiauxella,R1,5.39
91.05,Buttiauxella,R1,5.35
92.05,Buttiauxella,R1,5.35
93.05,Buttiauxella,R1,5.33
94.05,Buttiauxella,R1,5.3
95.05,Buttiauxella,R1,5.28
96.05,Buttiauxella,R1,5.26
97.05,Buttiauxella,R1,5.23
98.05,Buttiauxella,R1,5.22
99.05,Buttiauxella,R1,5.19
100.05,Buttiauxella,R1,5.17
101.05,Buttiauxella,R1,5.14
102.05,Buttiauxella,R1,5.12
103.05,Buttiauxella,R1,5.09
104.05,Buttiauxella,R1,5.08
105.05,Buttiauxella,R1,5.04
106.05,Buttiauxella,R1,5.03
107.05,Buttiauxella,R1,5.01
108.05,Buttiauxella,R1,4.97
109.05,Buttiauxella,R1,4.95
110.05,Buttiauxella,R1,4.92
111.05,Buttiauxella,R1,4.9
112.05,Buttiauxella,R1,4.86
113.05,Buttiauxella,R1,4.83
114.05,Buttiauxella,R1,4.79
115.05,Buttiauxella,R1,4.77
116.05,Buttiauxella,R1,4.75
117.05,Buttiauxella,R1,4.71
118.05,Buttiauxella,R1,4.67
119.05,Buttiauxella,R1,4.64
120.05,Buttiauxella,R1,4.6
121.05,Buttiauxella,R1,4.56
122.05,Buttiauxella,R1,4.54
123.05,Buttiauxella,R1,4.49
124.05,Buttiauxella,R1,4.46
125.05,Buttiauxella,R1,4.42
126.05,Buttiauxella,R1,4.4
127.05,Buttiauxella,R1,4.34
128.05,Buttiauxella,R1,4.29
129.05,Buttiauxella,R1,4.26
130.05,Buttiauxella,R1,4.22
131.05,Buttiauxella,R1,4.17
132.05,Buttiauxella,R1,4.12
133.05,Buttiauxella,R1,4.07
134.05,Buttiauxella,R1,4.04
135.05,Buttiauxella,R1,3.97
136.05,Buttiauxella,R1,3.95
137.05,Buttiauxella,R1,3.89
138.05,Buttiauxella,R1,3.84
139.05,Buttiauxella,R1,3.78
140.05,Buttiauxella,R1,3.74
141.05,Buttiauxella,R1,3.66
142.05,Buttiauxella,R1,3.63
143.05,Buttiauxella,R1,3.57
144.05,Buttiauxella,R1,3.49
145.05,Buttiauxella,R1,3.45
146.05,Buttiauxella,R1,3.39
147.05,Buttiauxella,R1,3.32
148.05,Buttiauxella,R1,3.26
149.05,Buttiauxella,R1,3.18
150.05,Buttiauxella,R1,3.15
151.05,Buttiauxella,R1,3.06
152.05,Buttiauxella,R1,2.99
153.05,Buttiauxella,R1,2.91
154.05,Buttiauxella,R1,2.85
155.05,Buttiauxella,R1,2.79
156.05,Buttiauxella,R1,2.72
157.05,Buttiauxella,R1,2.63
158.05,Buttiauxella,R1,2.54
159.05,Buttiauxella,R1,2.47
160.05,Buttiauxella,R1,2.37
161.05,Buttiauxella,R1,2.31
162.05,Buttiauxella,R1,2.21
163.05,Buttiauxella,R1,2.13
164.05,Buttiauxella,R1,2.03
165.05,Buttiauxella,R1,1.95
166.05,Buttiauxella,R1,1.86
167.05,Buttiauxella,R1,1.75
168.05,Buttiauxella,R1,1.66
169.05,Buttiauxella,R1,1.57
170.05,Buttiauxella,R1,1.46
171.05,Buttiauxella,R1,1.35
172.05,Buttiauxella,R1,1.25
173.05,Buttiauxella,R1,1.14
174.05,Buttiauxella,R1,1.03
175.05,Buttiauxella,R1,0.91
176.05,Buttiauxella,R1,0.79
177.05,Buttiauxella,R1,0.67
178.05,Buttiauxella,R1,0.56
179.05,Buttiauxella,R1,0.45
180.05,Buttiauxella,R1,0.3
181.05,Buttiauxella,R1,0.18
182.05,Buttiauxella,R1,0.06
183.05,Buttiauxella,R1,0.01
184.05,Buttiauxella,R1,0
185.05,Buttiauxella,R1,0
186.05,Buttiauxella,R1,0
187.05,Buttiauxella,R1,0
188.05,Buttiauxella,R1,0
189.05,Buttiauxella,R1,0
190.05,Buttiauxella,R1,0
191.05,Buttiauxella,R1,0
192.05,Buttiauxella,R1,0
193.05,Buttiauxella,R1,0
194.05,Buttiauxella,R1,0
195.05,Buttiauxella,R1,0
196.05,Buttiauxella,R1,0
197.05,Buttiauxella,R1,0
0.03,Flavobacterium_B,R1,4.84
1.03,Flavobacterium_B,R1,4.86
2.03,Flavobacterium_B,R1,4.94
3.03,Flavobacterium_B,R1,5.02
4.03,Flavobacterium_B,R1,5.09
5.03,Flavobacterium_B,R1,5.18
6.03,Flavobacterium_B,R1,5.26
7.03,Flavobacterium_B,R1,5.33
8.03,Flavobacterium_B,R1,5.4
9.03,Flavobacterium_B,R1,5.47
10.03,Flavobacterium_B,R1,5.52
11.03,Flavobacterium_B,R1,5.6
12.03,Flavobacterium_B,R1,5.65
13.03,Flavobacterium_B,R1,5.7
14.03,Flavobacterium_B,R1,5.74
15.03,Flavobacterium_B,R1,5.8
16.03,Flavobacterium_B,R1,5.82
17.03,Flavobacterium_B,R1,5.87
18.03,Flavobacterium_B,R1,5.91
19.03,Flavobacterium_B,R1,5.94
20.03,Flavobacterium_B,R1,5.98
21.03,Flavobacterium_B,R1,6
22.03,Flavobacterium_B,R1,6.03
23.03,Flavobacterium_B,R1,6.05
24.03,Flavobacterium_B,R1,6.07
25.03,Flavobacterium_B,R1,6.1
26.03,Flavobacterium_B,R1,6.12
27.03,Flavobacterium_B,R1,6.14
28.03,Flavobacterium_B,R1,6.14
29.03,Flavobacterium_B,R1,6.17
30.03,Flavobacterium_B,R1,6.17
31.03,Flavobacterium_B,R1,6.18
32.03,Flavobacterium_B,R1,6.19
33.03,Flavobacterium_B,R1,6.2
34.03,Flavobacterium_B,R1,6.21
35.03,Flavobacterium_B,R1,6.21
36.03,Flavobacterium_B,R1,6.21
37.03,Flavobacterium_B,R1,6.21
38.03,Flavobacterium_B,R1,6.22
39.03,Flavobacterium_B,R1,6.21
40.03,Flavobacterium_B,R1,6.21
41.03,Flavobacterium_B,R1,6.19
42.03,Flavobacterium_B,R1,6.19
43.03,Flavobacterium_B,R1,6.19
44.03,Flavobacterium_B,R1,6.16
45.03,Flavobacterium_B,R1,6.14
46.03,Flavobacterium_B,R1,6.14
47.03,Flavobacterium_B,R1,6.12
48.03,Flavobacterium_B,R1,6.13
49.03,Flavobacterium_B,R1,6.11
50.05,Flavobacterium_B,R1,6.11
51.05,Flavobacterium_B,R1,6.1
52.05,Flavobacterium_B,R1,6.08
53.05,Flavobacterium_B,R1,6.08
54.05,Flavobacterium_B,R1,6.04
55.05,Flavobacterium_B,R1,6.03
56.05,Flavobacterium_B,R1,6.02
57.05,Flavobacterium_B,R1,6.02
58.05,Flavobacterium_B,R1,6.01
59.05,Flavobacterium_B,R1,5.99
60.05,Flavobacterium_B,R1,5.98
61.05,Flavobacterium_B,R1,5.97
62.05,Flavobacterium_B,R1,5.95
63.05,Flavobacterium_B,R1,5.93
64.05,Flavobacterium_B,R1,5.93
65.05,Flavobacterium_B,R1,5.91
66.05,Flavobacterium_B,R1,5.91
67.05,Flavobacterium_B,R1,5.87
68.05,Flavobacterium_B,R1,5.88
69.05,Flavobacterium_B,R1,5.85
70.05,Flavobacterium_B,R1,5.84
71.05,Flavobacterium_B,R1,5.83
72.05,Flavobacterium_B,R1,5.8
73.05,Flavobacterium_B,R1,5.81
74.05,Flavobacterium_B,R1,5.77
75.05,Flavobacterium_B,R1,5.75
76.05,Flavobacterium_B,R1,5.76
77.05,Flavobacterium_B,R1,5.74
78.05,Flavobacterium_B,R1,5.71
79.05,Flavobacterium_B,R1,5.69
80.05,Flavobacterium_B,R1,5.69
81.05,Flavobacterium_B,R1,5.67
82.05,Flavobacterium_B,R1,5.63
83.05,Flavobacterium_B,R1,5.63
84.05,Flavobacterium_B,R1,5.62
85.05,Flavobacterium_B,R1,5.58
86.05,Flavobacterium_B,R1,5.57
87.05,Flavobacterium_B,R1,5.55
88.05,Flavobacterium_B,R1,5.53
89.05,Flavobacterium_B,R1,5.5
90.05,Flavobacterium_B,R1,5.49
91.05,Flavobacterium_B,R1,5.47
92.05,Flavobacterium_B,R1,5.44
93.05,Flavobacterium_B,R1,5.41
94.05,Flavobacterium_B,R1,5.41
95.05,Flavobacterium_B,R1,5.36
96.05,Flavobacterium_B,R1,5.35
97.05,Flavobacterium_B,R1,5.34
98.05,Flavobacterium_B,R1,5.3
99.05,Flavobacterium_B,R1,5.29
100.05,Flavobacterium_B,R1,5.26
101.05,Flavobacterium_B,R1,5.23
102.05,Flavobacterium_B,R1,5.22
103.05,Flavobacterium_B,R1,5.18
104.05,Flavobacterium_B,R1,5.15
105.05,Flavobacterium_B,R1,5.14
106.05,Flavobacterium_B,R1,5.1
107.05,Flavobacterium_B,R1,5.08
108.05,Flavobacterium_B,R1,5.04
109.05,Flavobacterium_B,R1,5.03
110.05,Flavobacterium_B,R1,5.01
111.05,Flavobacterium_B,R1,4.97
112.05,Flavobacterium_B,R1,4.93
113.05,Flavobacterium_B,R1,4.91
114.05,Flavobacterium_B,R1,4.86
115.05,Flavobacterium_B,R1,4.84
116.05,Flavobacterium_B,R1,4.82
117.05,Flavobacterium_B,R1,4.77
118.05,Flavobacterium_B,R1,4.73
119.05,Flavobacterium_B,R1,4.71
120.05,Flavobacterium_B,R1,4.68
121.05,Flavobacterium_B,R1,4.65
122.05,Flavobacterium_B,R1,4.6
123.05,Flavobacterium_B,R1,4.56
124.05,Flavobacterium_B,R1,4.53
125.05,Flavobacterium_B,R1,4.51
126.05,Flavobacterium_B,R1,4.45
127.05,Flavobacterium_B,R1,4.43
128.05,Flavobacterium_B,R1,4.38
129.05,Flavobacterium_B,R1,4.35
130.05,Flavobacterium_B,R1,4.3
131.05,Flavobacterium_B,R1,4.26
132.05,Flavobacterium_B,R1,4.24
133.05,Flavobacterium_B,R1,4.17
134.05,Flavobacterium_B,R1,4.13
135.05,Flavobacterium_B,R1,4.1
136.05,Flavobacterium_B,R1,4.06
137.05,Flavobacterium_B,R1,4
138.05,Flavobacterium_B,R1,3.94
139.05,Flavobacterium_B,R1,3.92
140.05,Flavobacterium_B,R1,3.87
141.05,Flavobacterium_B,R1,3.81
142.05,Flavobacterium_B,R1,3.77
143.05,Flavobacterium_B,R1,3.72
144.05,Flavobacterium_B,R1,3.69
145.05,Flavobacterium_B,R1,3.63
146.05,Flavobacterium_B,R1,3.58
147.05,Flavobacterium_B,R1,3.53
148.05,Flavobacterium_B,R1,3.48
149.05,Flavobacterium_B,R1,3.42
150.05,Flavobacterium_B,R1,3.36
151.05,Flavobacterium_B,R1,3.3
152.05,Flavobacterium_B,R1,3.25
153.05,Flavobacterium_B,R1,3.2
154.05,Flavobacterium_B,R1,3.14
155.05,Flavobacterium_B,R1,3.07
156.05,Flavobacterium_B,R1,3.03
157.05,Flavobacterium_B,R1,2.96
158.05,Flavobacterium_B,R1,2.9
159.05,Flavobacterium_B,R1,2.84
160.05,Flavobacterium_B,R1,2.78
161.05,Flavobacterium_B,R1,2.71
162.05,Flavobacterium_B,R1,2.63
163.05,Flavobacterium_B,R1,2.58
164.05,Flavobacterium_B,R1,2.5
165.05,Flavobacterium_B,R1,2.43
166.05,Flavobacterium_B,R1,2.36
167.05,Flavobacterium_B,R1,2.3
168.05,Flavobacterium_B,R1,2.23
169.05,Flavobacterium_B,R1,2.14
170.05,Flavobacterium_B,R1,2.07
171.05,Flavobacterium_B,R1,1.99
172.05,Flavobacterium_B,R1,1.91
173.05,Flavobacterium_B,R1,1.83
174.05,Flavobacterium_B,R1,1.76
175.05,Flavobacterium_B,R1,1.67
176.05,Flavobacterium_B,R1,1.59
177.05,Flavobacterium_B,R1,1.5
178.05,Flavobacterium_B,R1,1.41
179.05,Flavobacterium_B,R1,1.34
180.05,Flavobacterium_B,R1,1.25
181.05,Flavobacterium_B,R1,1.16
182.05,Flavobacterium_B,R1,1.06
183.05,Flavobacterium_B,R1,0.97
184.05,Flavobacterium_B,R1,0.87
185.05,Flavobacterium_B,R1,0.79
186.05,Flavobacterium_B,R1,0.68
187.05,Flavobacterium_B,R1,0.58
188.05,Flavobacterium_B,R1,0.47
189.05,Flavobacterium_B,R1,0.38
190.05,Flavobacterium_B,R1,0.31
191.05,Flavobacterium_B,R1,0.25
192.05,Flavobacterium_B,R1,0.2
193.05,Flavobacterium_B,R1,0.17
194.05,Flavobacterium_B,R1,0.15
195.05,Flavobacterium_B,R1,0.13
196.05,Flavobacterium_B,R1,0.12
197.05,Flavobacterium_B,R1,0.11
0.03,Herbaspirillum,R1,4.65
1.03,Herbaspirillum,R1,4.61
2.03,Herbaspirillum,R1,4.67
3.03,Herbaspirillum,R1,4.73
4.03,Herbaspirillum,R1,4.8
5.03,Herbaspirillum,R1,4.87
6.03,Herbaspirillum,R1,4.93
7.03,Herbaspirillum,R1,4.99
8.03,Herbaspirillum,R1,5.05
9.03,Herbaspirillum,R1,5.12
10.03,Herbaspirillum,R1,5.17
11.03,Herbaspirillum,R1,5.21
12.03,Herbaspirillum,R1,5.27
13.03,Herbaspirillum,R1,5.31
14.03,Herbaspirillum,R1,5.36
15.03,Herbaspirillum,R1,5.39
16.03,Herbaspirillum,R1,5.44
17.03,Herbaspirillum,R1,5.48
18.03,Herbaspirillum,R1,5.51
19.03,Herbaspirillum,R1,5.55
20.03,Herbaspirillum,R1,5.57
21.03,Herbaspirillum,R1,5.6
22.03,Herbaspirillum,R1,5.63
23.03,Herbaspirillum,R1,5.66
24.03,Herbaspirillum,R1,5.68
25.03,Herbaspirillum,R1,5.72
26.03,Herbaspirillum,R1,5.73
27.03,Herbaspirillum,R1,5.73
28.03,Herbaspirillum,R1,5.76
29.03,Herbaspirillum,R1,5.79
30.03,Herbaspirillum,R1,5.79
31.03,Herbaspirillum,R1,5.81
32.03,Herbaspirillum,R1,5.83
33.03,Herbaspirillum,R1,5.83
34.03,Herbaspirillum,R1,5.85
35.03,Herbaspirillum,R1,5.86
36.03,Herbaspirillum,R1,5.86
37.03,Herbaspirillum,R1,5.87
38.03,Herbaspirillum,R1,5.88
39.03,Herbaspirillum,R1,5.88
40.03,Herbaspirillum,R1,5.89
41.03,Herbaspirillum,R1,5.9
42.03,Herbaspirillum,R1,5.89
43.03,Herbaspirillum,R1,5.91
44.03,Herbaspirillum,R1,5.91
45.03,Herbaspirillum,R1,5.92
46.03,Herbaspirillum,R1,5.92
47.03,Herbaspirillum,R1,5.94
48.03,Herbaspirillum,R1,5.94
49.03,Herbaspirillum,R1,5.93
50.05,Herbaspirillum,R1,5.92
51.05,Herbaspirillum,R1,5.93
52.05,Herbaspirillum,R1,5.91
53.05,Herbaspirillum,R1,5.9
54.05,Herbaspirillum,R1,5.91
55.05,Herbaspirillum,R1,5.9
56.05,Herbaspirillum,R1,5.89
57.05,Herbaspirillum,R1,5.88
58.05,Herbaspirillum,R1,5.88
59.05,Herbaspirillum,R1,5.87
60.05,Herbaspirillum,R1,5.87
61.05,Herbaspirillum,R1,5.86
62.05,Herbaspirillum,R1,5.85
63.05,Herbaspirillum,R1,5.84
64.05,Herbaspirillum,R1,5.84
65.05,Herbaspirillum,R1,5.83
66.05,Herbaspirillum,R1,5.83
67.05,Herbaspirillum,R1,5.81
68.05,Herbaspirillum,R1,5.81
69.05,Herbaspirillum,R1,5.8
70.05,Herbaspirillum,R1,5.79
71.05,Herbaspirillum,R1,5.79
72.05,Herbaspirillum,R1,5.78
73.05,Herbaspirillum,R1,5.76
74.05,Herbaspirillum,R1,5.76
75.05,Herbaspirillum,R1,5.75
76.05,Herbaspirillum,R1,5.74
77.05,Herbaspirillum,R1,5.73
78.05,Herbaspirillum,R1,5.71
79.05,Herbaspirillum,R1,5.71
80.05,Herbaspirillum,R1,5.7
81.05,Herbaspirillum,R1,5.69
82.05,Herbaspirillum,R1,5.68
83.05,Herbaspirillum,R1,5.67
84.05,Herbaspirillum,R1,5.67
85.05,Herbaspirillum,R1,5.66
86.05,Herbaspirillum,R1,5.65
87.05,Herbaspirillum,R1,5.64
88.05,Herbaspirillum,R1,5.62
89.05,Herbaspirillum,R1,5.61
90.05,Herbaspirillum,R1,5.59
91.05,Herbaspirillum,R1,5.58
92.05,Herbaspirillum,R1,5.58
93.05,Herbaspirillum,R1,5.56
94.05,Herbaspirillum,R1,5.56
95.05,Herbaspirillum,R1,5.54
96.05,Herbaspirillum,R1,5.52
97.05,Herbaspirillum,R1,5.51
98.05,Herbaspirillum,R1,5.5
99.05,Herbaspirillum,R1,5.48
100.05,Herbaspirillum,R1,5.47
101.05,Herbaspirillum,R1,5.46
102.05,Herbaspirillum,R1,5.45
103.05,Herbaspirillum,R1,5.43
104.05,Herbaspirillum,R1,5.42
105.05,Herbaspirillum,R1,5.4
106.05,Herbaspirillum,R1,5.38
107.05,Herbaspirillum,R1,5.38
108.05,Herbaspirillum,R1,5.35
109.05,Herbaspirillum,R1,5.34
110.05,Herbaspirillum,R1,5.33
111.05,Herbaspirillum,R1,5.31
112.05,Herbaspirillum,R1,5.28
113.05,Herbaspirillum,R1,5.27
114.05,Herbaspirillum,R1,5.25
115.05,Herbaspirillum,R1,5.23
116.05,Herbaspirillum,R1,5.22
117.05,Herbaspirillum,R1,5.21
118.05,Herbaspirillum,R1,5.17
119.05,Herbaspirillum,R1,5.16
120.05,Herbaspirillum,R1,5.14
121.05,Herbaspirillum,R1,5.13
122.05,Herbaspirillum,R1,5.1
123.05,Herbaspirillum,R1,5.08
124.05,Herbaspirillum,R1,5.06
125.05,Herbaspirillum,R1,5.03
126.05,Herbaspirillum,R1,5.01
127.05,Herbaspirillum,R1,4.99
128.05,Herbaspirillum,R1,4.98
129.05,Herbaspirillum,R1,4.95
130.05,Herbaspirillum,R1,4.92
131.05,Herbaspirillum,R1,4.9
132.05,Herbaspirillum,R1,4.87
133.05,Herbaspirillum,R1,4.85
134.05,Herbaspirillum,R1,4.84
135.05,Herbaspirillum,R1,4.79
136.05,Herbaspirillum,R1,4.78
137.05,Herbaspirillum,R1,4.75
138.05,Herbaspirillum,R1,4.71
139.05,Herbaspirillum,R1,4.69
140.05,Herbaspirillum,R1,4.65
141.05,Herbaspirillum,R1,4.63
142.05,Herbaspirillum,R1,4.6
143.05,Herbaspirillum,R1,4.57
144.05,Herbaspirillum,R1,4.53
145.05,Herbaspirillum,R1,4.51
146.05,Herbaspirillum,R1,4.48
147.05,Herbaspirillum,R1,4.45
148.05,Herbaspirillum,R1,4.42
149.05,Herbaspirillum,R1,4.38
150.05,Herbaspirillum,R1,4.34
151.05,Herbaspirillum,R1,4.31
152.05,Herbaspirillum,R1,4.28
153.05,Herbaspirillum,R1,4.24
154.05,Herbaspirillum,R1,4.19
155.05,Herbaspirillum,R1,4.16
156.05,Herbaspirillum,R1,4.12
157.05,Herbaspirillum,R1,4.08
158.05,Herbaspirillum,R1,4.04
159.05,Herbaspirillum,R1,4
160.05,Herbaspirillum,R1,3.97
161.05,Herbaspirillum,R1,3.93
162.05,Herbaspirillum,R1,3.88
163.05,Herbaspirillum,R1,3.83
164.05,Herbaspirillum,R1,3.8
165.05,Herbaspirillum,R1,3.74
166.05,Herbaspirillum,R1,3.7
167.05,Herbaspirillum,R1,3.66
168.05,Herbaspirillum,R1,3.61
169.05,Herbaspirillum,R1,3.57
170.05,Herbaspirillum,R1,3.51
171.05,Herbaspirillum,R1,3.46
172.05,Herbaspirillum,R1,3.41
173.05,Herbaspirillum,R1,3.35
174.05,Herbaspirillum,R1,3.31
175.05,Herbaspirillum,R1,3.24
176.05,Herbaspirillum,R1,3.19
177.05,Herbaspirillum,R1,3.14
178.05,Herbaspirillum,R1,3.07
179.05,Herbaspirillum,R1,3.01
180.05,Herbaspirillum,R1,2.96
181.05,Herbaspirillum,R1,2.9
182.05,Herbaspirillum,R1,2.84
183.05,Herbaspirillum,R1,2.77
184.05,Herbaspirillum,R1,2.7
185.05,Herbaspirillum,R1,2.63
186.05,Herbaspirillum,R1,2.58
187.05,Herbaspirillum,R1,2.52
188.05,Herbaspirillum,R1,2.45
189.05,Herbaspirillum,R1,2.36
190.05,Herbaspirillum,R1,2.3
191.05,Herbaspirillum,R1,2.22
192.05,Herbaspirillum,R1,2.15
193.05,Herbaspirillum,R1,2.08
194.05,Herbaspirillum,R1,1.99
195.05,Herbaspirillum,R1,1.93
196.05,Herbaspirillum,R1,1.84
197.05,Herbaspirillum,R1,1.76
0.03,Acinetobacter,R2,4.85
1.03,Acinetobacter,R2,4.81
2.03,Acinetobacter,R2,4.84
3.03,Acinetobacter,R2,4.88
4.03,Acinetobacter,R2,4.94
5.03,Acinetobacter,R2,4.97
6.03,Acinetobacter,R2,5.02
7.03,Acinetobacter,R2,5.07
8.03,Acinetobacter,R2,5.11
9.03,Acinetobacter,R2,5.16
10.03,Acinetobacter,R2,5.21
11.03,Acinetobacter,R2,5.27
12.03,Acinetobacter,R2,5.3
13.03,Acinetobacter,R2,5.33
14.03,Acinetobacter,R2,5.37
15.03,Acinetobacter,R2,5.41
16.03,Acinetobacter,R2,5.44
17.03,Acinetobacter,R2,5.48
18.03,Acinetobacter,R2,5.49
19.03,Acinetobacter,R2,5.52
20.03,Acinetobacter,R2,5.57
21.03,Acinetobacter,R2,5.59
22.03,Acinetobacter,R2,5.62
23.03,Acinetobacter,R2,5.65
24.03,Acinetobacter,R2,5.67
25.03,Acinetobacter,R2,5.7
26.03,Acinetobacter,R2,5.72
27.03,Acinetobacter,R2,5.75
28.03,Acinetobacter,R2,5.75
29.03,Acinetobacter,R2,5.78
30.03,Acinetobacter,R2,5.8
31.03,Acinetobacter,R2,5.82
32.03,Acinetobacter,R2,5.83
33.03,Acinetobacter,R2,5.85
34.03,Acinetobacter,R2,5.86
35.03,Acinetobacter,R2,5.88
36.03,Acinetobacter,R2,5.88
37.03,Acinetobacter,R2,5.89
38.03,Acinetobacter,R2,5.91
39.03,Acinetobacter,R2,5.91
40.03,Acinetobacter,R2,5.92
41.03,Acinetobacter,R2,5.93
42.03,Acinetobacter,R2,5.93
43.03,Acinetobacter,R2,5.95
44.03,Acinetobacter,R2,5.96
45.03,Acinetobacter,R2,5.95
46.03,Acinetobacter,R2,5.94
47.03,Acinetobacter,R2,5.94
48.03,Acinetobacter,R2,5.91
49.03,Acinetobacter,R2,5.9
50.05,Acinetobacter,R2,5.9
51.05,Acinetobacter,R2,5.87
52.05,Acinetobacter,R2,5.86
53.05,Acinetobacter,R2,5.84
54.05,Acinetobacter,R2,5.83
55.05,Acinetobacter,R2,5.82
56.05,Acinetobacter,R2,5.8
57.05,Acinetobacter,R2,5.79
58.05,Acinetobacter,R2,5.76
59.05,Acinetobacter,R2,5.77
60.05,Acinetobacter,R2,5.74
61.05,Acinetobacter,R2,5.74
62.05,Acinetobacter,R2,5.72
63.05,Acinetobacter,R2,5.7
64.05,Acinetobacter,R2,5.69
65.05,Acinetobacter,R2,5.67
66.05,Acinetobacter,R2,5.66
67.05,Acinetobacter,R2,5.64
68.05,Acinetobacter,R2,5.62
69.05,Acinetobacter,R2,5.6
70.05,Acinetobacter,R2,5.59
71.05,Acinetobacter,R2,5.57
72.05,Acinetobacter,R2,5.56
73.05,Acinetobacter,R2,5.55
74.05,Acinetobacter,R2,5.51
75.05,Acinetobacter,R2,5.49
76.05,Acinetobacter,R2,5.48
77.05,Acinetobacter,R2,5.47
78.05,Acinetobacter,R2,5.45
79.05,Acinetobacter,R2,5.42
80.05,Acinetobacter,R2,5.41
81.05,Acinetobacter,R2,5.39
82.05,Acinetobacter,R2,5.38
83.05,Acinetobacter,R2,5.35
84.05,Acinetobacter,R2,5.33
85.05,Acinetobacter,R2,5.3
86.05,Acinetobacter,R2,5.28
87.05,Acinetobacter,R2,5.26
88.05,Acinetobacter,R2,5.24
89.05,Acinetobacter,R2,5.23
90.05,Acinetobacter,R2,5.19
91.05,Acinetobacter,R2,5.17
92.05,Acinetobacter,R2,5.15
93.05,Acinetobacter,R2,5.12
94.05,Acinetobacter,R2,5.1
95.05,Acinetobacter,R2,5.09
96.05,Acinetobacter,R2,5.04
97.05,Acinetobacter,R2,5.03
98.05,Acinetobacter,R2,5
99.05,Acinetobacter,R2,4.97
100.05,Acinetobacter,R2,4.95
101.05,Acinetobacter,R2,4.93
102.05,Acinetobacter,R2,4.89
103.05,Acinetobacter,R2,4.88
104.05,Acinetobacter,R2,4.85
105.05,Acinetobacter,R2,4.82
106.05,Acinetobacter,R2,4.79
107.05,Acinetobacter,R2,4.77
108.05,Acinetobacter,R2,4.73
109.05,Acinetobacter,R2,4.72
110.05,Acinetobacter,R2,4.67
111.05,Acinetobacter,R2,4.65
112.05,Acinetobacter,R2,4.6
113.05,Acinetobacter,R2,4.57
114.05,Acinetobacter,R2,4.54
115.05,Acinetobacter,R2,4.52
116.05,Acinetobacter,R2,4.48
117.05,Acinetobacter,R2,4.46
118.05,Acinetobacter,R2,4.43
119.05,Acinetobacter,R2,4.4
120.05,Acinetobacter,R2,4.35
121.05,Acinetobacter,R2,4.31
122.05,Acinetobacter,R2,4.27
123.05,Acinetobacter,R2,4.26
124.05,Acinetobacter,R2,4.22
125.05,Acinetobacter,R2,4.17
126.05,Acinetobacter,R2,4.14
127.05,Acinetobacter,R2,4.1
128.05,Acinetobacter,R2,4.07
129.05,Acinetobacter,R2,4.02
130.05,Acinetobacter,R2,3.98
131.05,Acinetobacter,R2,3.94
132.05,Acinetobacter,R2,3.9
133.05,Acinetobacter,R2,3.85
134.05,Acinetobacter,R2,3.83
135.05,Acinetobacter,R2,3.77
136.05,Acinetobacter,R2,3.74
137.05,Acinetobacter,R2,3.7
138.05,Acinetobacter,R2,3.65
139.05,Acinetobacter,R2,3.58
140.05,Acinetobacter,R2,3.55
141.05,Acinetobacter,R2,3.51
142.05,Acinetobacter,R2,3.46
143.05,Acinetobacter,R2,3.41
144.05,Acinetobacter,R2,3.36
145.05,Acinetobacter,R2,3.3
146.05,Acinetobacter,R2,3.26
147.05,Acinetobacter,R2,3.21
148.05,Acinetobacter,R2,3.15
149.05,Acinetobacter,R2,3.1
150.05,Acinetobacter,R2,3.05
151.05,Acinetobacter,R2,3.01
152.05,Acinetobacter,R2,2.96
153.05,Acinetobacter,R2,2.89
154.05,Acinetobacter,R2,2.84
155.05,Acinetobacter,R2,2.78
156.05,Acinetobacter,R2,2.73
157.05,Acinetobacter,R2,2.66
158.05,Acinetobacter,R2,2.6
159.05,Acinetobacter,R2,2.56
160.05,Acinetobacter,R2,2.5
161.05,Acinetobacter,R2,2.44
162.05,Acinetobacter,R2,2.37
163.05,Acinetobacter,R2,2.31
164.05,Acinetobacter,R2,2.23
165.05,Acinetobacter,R2,2.18
166.05,Acinetobacter,R2,2.11
167.05,Acinetobacter,R2,2.04
168.05,Acinetobacter,R2,1.97
169.05,Acinetobacter,R2,1.9
170.05,Acinetobacter,R2,1.83
171.05,Acinetobacter,R2,1.75
172.05,Acinetobacter,R2,1.67
173.05,Acinetobacter,R2,1.61
174.05,Acinetobacter,R2,1.55
175.05,Acinetobacter,R2,1.47
176.05,Acinetobacter,R2,1.4
177.05,Acinetobacter,R2,1.31
178.05,Acinetobacter,R2,1.22
179.05,Acinetobacter,R2,1.15
180.05,Acinetobacter,R2,1.09
181.05,Acinetobacter,R2,1.02
182.05,Acinetobacter,R2,0.91
183.05,Acinetobacter,R2,0.83
184.05,Acinetobacter,R2,0.74
185.05,Acinetobacter,R2,0.64
186.05,Acinetobacter,R2,0.58
187.05,Acinetobacter,R2,0.49
188.05,Acinetobacter,R2,0.4
189.05,Acinetobacter,R2,0.3
190.05,Acinetobacter,R2,0.25
191.05,Acinetobacter,R2,0.21
192.05,Acinetobacter,R2,0.17
193.05,Acinetobacter,R2,0.16
194.05,Acinetobacter,R2,0.15
195.05,Acinetobacter,R2,0.13
196.05,Acinetobacter,R2,0.13
197.05,Acinetobacter,R2,0.12
0.03,Aeromonas_B,R2,4.6
1.03,Aeromonas_B,R2,4.59
2.03,Aeromonas_B,R2,4.64
3.03,Aeromonas_B,R2,4.7
4.03,Aeromonas_B,R2,4.76
5.03,Aeromonas_B,R2,4.83
6.03,Aeromonas_B,R2,4.89
7.03,Aeromonas_B,R2,4.95
8.03,Aeromonas_B,R2,5
9.03,Aeromonas_B,R2,5.06
10.03,Aeromonas_B,R2,5.11
11.03,Aeromonas_B,R2,5.16
12.03,Aeromonas_B,R2,5.21
13.03,Aeromonas_B,R2,5.25
14.03,Aeromonas_B,R2,5.31
15.03,Aeromonas_B,R2,5.34
16.03,Aeromonas_B,R2,5.38
17.03,Aeromonas_B,R2,5.42
18.03,Aeromonas_B,R2,5.45
19.03,Aeromonas_B,R2,5.48
20.03,Aeromonas_B,R2,5.5
21.03,Aeromonas_B,R2,5.53
22.03,Aeromonas_B,R2,5.57
23.03,Aeromonas_B,R2,5.6
24.03,Aeromonas_B,R2,5.61
25.03,Aeromonas_B,R2,5.63
26.03,Aeromonas_B,R2,5.66
27.03,Aeromonas_B,R2,5.67
28.03,Aeromonas_B,R2,5.69
29.03,Aeromonas_B,R2,5.71
30.03,Aeromonas_B,R2,5.72
31.03,Aeromonas_B,R2,5.73
32.03,Aeromonas_B,R2,5.74
33.03,Aeromonas_B,R2,5.75
34.03,Aeromonas_B,R2,5.77
35.03,Aeromonas_B,R2,5.78
36.03,Aeromonas_B,R2,5.79
37.03,Aeromonas_B,R2,5.8
38.03,Aeromonas_B,R2,5.8
39.03,Aeromonas_B,R2,5.81
40.03,Aeromonas_B,R2,5.82
41.03,Aeromonas_B,R2,5.83
42.03,Aeromonas_B,R2,5.83
43.03,Aeromonas_B,R2,5.83
44.03,Aeromonas_B,R2,5.84
45.03,Aeromonas_B,R2,5.84
46.03,Aeromonas_B,R2,5.84
47.03,Aeromonas_B,R2,5.86
48.03,Aeromonas_B,R2,5.86
49.03,Aeromonas_B,R2,5.84
50.05,Aeromonas_B,R2,5.85
51.05,Aeromonas_B,R2,5.85
52.05,Aeromonas_B,R2,5.84
53.05,Aeromonas_B,R2,5.83
54.05,Aeromonas_B,R2,5.8
55.05,Aeromonas_B,R2,5.84
56.05,Aeromonas_B,R2,5.81
57.05,Aeromonas_B,R2,5.81
58.05,Aeromonas_B,R2,5.79
59.05,Aeromonas_B,R2,5.79
60.05,Aeromonas_B,R2,5.79
61.05,Aeromonas_B,R2,5.79
62.05,Aeromonas_B,R2,5.77
63.05,Aeromonas_B,R2,5.75
64.05,Aeromonas_B,R2,5.75
65.05,Aeromonas_B,R2,5.75
66.05,Aeromonas_B,R2,5.73
67.05,Aeromonas_B,R2,5.73
68.05,Aeromonas_B,R2,5.7
69.05,Aeromonas_B,R2,5.72
70.05,Aeromonas_B,R2,5.69
71.05,Aeromonas_B,R2,5.68
72.05,Aeromonas_B,R2,5.67
73.05,Aeromonas_B,R2,5.66
74.05,Aeromonas_B,R2,5.67
75.05,Aeromonas_B,R2,5.65
76.05,Aeromonas_B,R2,5.64
77.05,Aeromonas_B,R2,5.64
78.05,Aeromonas_B,R2,5.62
79.05,Aeromonas_B,R2,5.62
80.05,Aeromonas_B,R2,5.59
81.05,Aeromonas_B,R2,5.6
82.05,Aeromonas_B,R2,5.57
83.05,Aeromonas_B,R2,5.57
84.05,Aeromonas_B,R2,5.56
85.05,Aeromonas_B,R2,5.53
86.05,Aeromonas_B,R2,5.5
87.05,Aeromonas_B,R2,5.5
88.05,Aeromonas_B,R2,5.49
89.05,Aeromonas_B,R2,5.46
90.05,Aeromonas_B,R2,5.46
91.05,Aeromonas_B,R2,5.45
92.05,Aeromonas_B,R2,5.41
93.05,Aeromonas_B,R2,5.4
94.05,Aeromonas_B,R2,5.39
95.05,Aeromonas_B,R2,5.35
96.05,Aeromonas_B,R2,5.35
97.05,Aeromonas_B,R2,5.32
98.05,Aeromonas_B,R2,5.3
99.05,Aeromonas_B,R2,5.28
100.05,Aeromonas_B,R2,5.26
101.05,Aeromonas_B,R2,5.24
102.05,Aeromonas_B,R2,5.21
103.05,Aeromonas_B,R2,5.19
104.05,Aeromonas_B,R2,5.16
105.05,Aeromonas_B,R2,5.13
106.05,Aeromonas_B,R2,5.1
107.05,Aeromonas_B,R2,5.08
108.05,Aeromonas_B,R2,5.06
109.05,Aeromonas_B,R2,5.02
110.05,Aeromonas_B,R2,5
111.05,Aeromonas_B,R2,4.99
112.05,Aeromonas_B,R2,4.94
113.05,Aeromonas_B,R2,4.9
114.05,Aeromonas_B,R2,4.87
115.05,Aeromonas_B,R2,4.83
116.05,Aeromonas_B,R2,4.81
117.05,Aeromonas_B,R2,4.77
118.05,Aeromonas_B,R2,4.74
119.05,Aeromonas_B,R2,4.71
120.05,Aeromonas_B,R2,4.67
121.05,Aeromonas_B,R2,4.62
122.05,Aeromonas_B,R2,4.59
123.05,Aeromonas_B,R2,4.55
124.05,Aeromonas_B,R2,4.5
125.05,Aeromonas_B,R2,4.46
126.05,Aeromonas_B,R2,4.4
127.05,Aeromonas_B,R2,4.36
128.05,Aeromonas_B,R2,4.31
129.05,Aeromonas_B,R2,4.26
130.05,Aeromonas_B,R2,4.21
131.05,Aeromonas_B,R2,4.17
132.05,Aeromonas_B,R2,4.11
133.05,Aeromonas_B,R2,4.03
134.05,Aeromonas_B,R2,3.98
135.05,Aeromonas_B,R2,3.93
136.05,Aeromonas_B,R2,3.86
137.05,Aeromonas_B,R2,3.81
138.05,Aeromonas_B,R2,3.74
139.05,Aeromonas_B,R2,3.67
140.05,Aeromonas_B,R2,3.6
141.05,Aeromonas_B,R2,3.53
142.05,Aeromonas_B,R2,3.47
143.05,Aeromonas_B,R2,3.38
144.05,Aeromonas_B,R2,3.31
145.05,Aeromonas_B,R2,3.24
146.05,Aeromonas_B,R2,3.15
147.05,Aeromonas_B,R2,3.08
148.05,Aeromonas_B,R2,2.98
149.05,Aeromonas_B,R2,2.9
150.05,Aeromonas_B,R2,2.81
151.05,Aeromonas_B,R2,2.71
152.05,Aeromonas_B,R2,2.61
153.05,Aeromonas_B,R2,2.51
154.05,Aeromonas_B,R2,2.4
155.05,Aeromonas_B,R2,2.3
156.05,Aeromonas_B,R2,2.19
157.05,Aeromonas_B,R2,2.09
158.05,Aeromonas_B,R2,1.98
159.05,Aeromonas_B,R2,1.85
160.05,Aeromonas_B,R2,1.74
161.05,Aeromonas_B,R2,1.6
162.05,Aeromonas_B,R2,1.48
163.05,Aeromonas_B,R2,1.34
164.05,Aeromonas_B,R2,1.21
165.05,Aeromonas_B,R2,1.08
166.05,Aeromonas_B,R2,0.92
167.05,Aeromonas_B,R2,0.78
168.05,Aeromonas_B,R2,0.63
169.05,Aeromonas_B,R2,0.46
170.05,Aeromonas_B,R2,0.3
171.05,Aeromonas_B,R2,0.14
172.05,Aeromonas_B,R2,0.03
173.05,Aeromonas_B,R2,0
174.05,Aeromonas_B,R2,0
175.05,Aeromonas_B,R2,0
176.05,Aeromonas_B,R2,0
177.05,Aeromonas_B,R2,0
178.05,Aeromonas_B,R2,0
179.05,Aeromonas_B,R2,0
180.05,Aeromonas_B,R2,0
181.05,Aeromonas_B,R2,0
182.05,Aeromonas_B,R2,0
183.05,Aeromonas_B,R2,0
184.05,Aeromonas_B,R2,0
185.05,Aeromonas_B,R2,0
186.05,Aeromonas_B,R2,0
187.05,Aeromonas_B,R2,0
188.05,Aeromonas_B,R2,0
189.05,Aeromonas_B,R2,0
190.05,Aeromonas_B,R2,0
191.05,Aeromonas_B,R2,0
192.05,Aeromonas_B,R2,0
193.05,Aeromonas_B,R2,0
194.05,Aeromonas_B,R2,0
195.05,Aeromonas_B,R2,0
196.05,Aeromonas_B,R2,0
197.05,Aeromonas_B,R2,0
0.03,Arthrobacter,R2,4.7
1.03,Arthrobacter,R2,4.72
2.03,Arthrobacter,R2,4.76
3.03,Arthrobacter,R2,4.82
4.03,Arthrobacter,R2,4.87
5.03,Arthrobacter,R2,4.91
6.03,Arthrobacter,R2,4.95
7.03,Arthrobacter,R2,5
8.03,Arthrobacter,R2,5.05
9.03,Arthrobacter,R2,5.09
10.03,Arthrobacter,R2,5.14
11.03,Arthrobacter,R2,5.17
12.03,Arthrobacter,R2,5.21
13.03,Arthrobacter,R2,5.25
14.03,Arthrobacter,R2,5.29
15.03,Arthrobacter,R2,5.32
16.03,Arthrobacter,R2,5.36
17.03,Arthrobacter,R2,5.39
18.03,Arthrobacter,R2,5.43
19.03,Arthrobacter,R2,5.46
20.03,Arthrobacter,R2,5.47
21.03,Arthrobacter,R2,5.5
22.03,Arthrobacter,R2,5.53
23.03,Arthrobacter,R2,5.56
24.03,Arthrobacter,R2,5.58
25.03,Arthrobacter,R2,5.6
26.03,Arthrobacter,R2,5.62
27.03,Arthrobacter,R2,5.62
28.03,Arthrobacter,R2,5.66
29.03,Arthrobacter,R2,5.66
30.03,Arthrobacter,R2,5.69
31.03,Arthrobacter,R2,5.71
32.03,Arthrobacter,R2,5.74
33.03,Arthrobacter,R2,5.74
34.03,Arthrobacter,R2,5.78
35.03,Arthrobacter,R2,5.8
36.03,Arthrobacter,R2,5.79
37.03,Arthrobacter,R2,5.81
38.03,Arthrobacter,R2,5.82
39.03,Arthrobacter,R2,5.83
40.03,Arthrobacter,R2,5.84
41.03,Arthrobacter,R2,5.85
42.03,Arthrobacter,R2,5.85
43.03,Arthrobacter,R2,5.86
44.03,Arthrobacter,R2,5.87
45.03,Arthrobacter,R2,5.87
46.03,Arthrobacter,R2,5.88
47.03,Arthrobacter,R2,5.89
48.03,Arthrobacter,R2,5.89
49.03,Arthrobacter,R2,5.88
50.05,Arthrobacter,R2,5.89
51.05,Arthrobacter,R2,5.9
52.05,Arthrobacter,R2,5.9
53.05,Arthrobacter,R2,5.89
54.05,Arthrobacter,R2,5.91
55.05,Arthrobacter,R2,5.9
56.05,Arthrobacter,R2,5.9
57.05,Arthrobacter,R2,5.88
58.05,Arthrobacter,R2,5.86
59.05,Arthrobacter,R2,5.87
60.05,Arthrobacter,R2,5.85
61.05,Arthrobacter,R2,5.85
62.05,Arthrobacter,R2,5.84
63.05,Arthrobacter,R2,5.82
64.05,Arthrobacter,R2,5.82
65.05,Arthrobacter,R2,5.8
66.05,Arthrobacter,R2,5.79
67.05,Arthrobacter,R2,5.79
68.05,Arthrobacter,R2,5.77
69.05,Arthrobacter,R2,5.77
70.05,Arthrobacter,R2,5.75
71.05,Arthrobacter,R2,5.73
72.05,Arthrobacter,R2,5.74
73.05,Arthrobacter,R2,5.72
74.05,Arthrobacter,R2,5.71
75.05,Arthrobacter,R2,5.69
76.05,Arthrobacter,R2,5.67
77.05,Arthrobacter,R2,5.65
78.05,Arthrobacter,R2,5.65
79.05,Arthrobacter,R2,5.62
80.05,Arthrobacter,R2,5.6
81.05,Arthrobacter,R2,5.59
82.05,Arthrobacter,R2,5.57
83.05,Arthrobacter,R2,5.55
84.05,Arthrobacter,R2,5.55
85.05,Arthrobacter,R2,5.53
86.05,Arthrobacter,R2,5.52
87.05,Arthrobacter,R2,5.5
88.05,Arthrobacter,R2,5.47
89.05,Arthrobacter,R2,5.45
90.05,Arthrobacter,R2,5.42
91.05,Arthrobacter,R2,5.41
92.05,Arthrobacter,R2,5.38
93.05,Arthrobacter,R2,5.35
94.05,Arthrobacter,R2,5.35
95.05,Arthrobacter,R2,5.32
96.05,Arthrobacter,R2,5.3
97.05,Arthrobacter,R2,5.28
98.05,Arthrobacter,R2,5.23
99.05,Arthrobacter,R2,5.24
100.05,Arthrobacter,R2,5.19
101.05,Arthrobacter,R2,5.17
102.05,Arthrobacter,R2,5.13
103.05,Arthrobacter,R2,5.12
104.05,Arthrobacter,R2,5.09
105.05,Arthrobacter,R2,5.05
106.05,Arthrobacter,R2,5.01
107.05,Arthrobacter,R2,5
108.05,Arthrobacter,R2,4.96
109.05,Arthrobacter,R2,4.92
110.05,Arthrobacter,R2,4.9
111.05,Arthrobacter,R2,4.86
112.05,Arthrobacter,R2,4.82
113.05,Arthrobacter,R2,4.81
114.05,Arthrobacter,R2,4.76
115.05,Arthrobacter,R2,4.7
116.05,Arthrobacter,R2,4.68
117.05,Arthrobacter,R2,4.63
118.05,Arthrobacter,R2,4.59
119.05,Arthrobacter,R2,4.55
120.05,Arthrobacter,R2,4.51
121.05,Arthrobacter,R2,4.46
122.05,Arthrobacter,R2,4.41
123.05,Arthrobacter,R2,4.37
124.05,Arthrobacter,R2,4.32
125.05,Arthrobacter,R2,4.26
126.05,Arthrobacter,R2,4.21
127.05,Arthrobacter,R2,4.15
128.05,Arthrobacter,R2,4.1
129.05,Arthrobacter,R2,4.06
130.05,Arthrobacter,R2,3.99
131.05,Arthrobacter,R2,3.94
132.05,Arthrobacter,R2,3.87
133.05,Arthrobacter,R2,3.82
134.05,Arthrobacter,R2,3.77
135.05,Arthrobacter,R2,3.68
136.05,Arthrobacter,R2,3.63
137.05,Arthrobacter,R2,3.55
138.05,Arthrobacter,R2,3.48
139.05,Arthrobacter,R2,3.42
140.05,Arthrobacter,R2,3.34
141.05,Arthrobacter,R2,3.25
142.05,Arthrobacter,R2,3.19
143.05,Arthrobacter,R2,3.1
144.05,Arthrobacter,R2,3.03
145.05,Arthrobacter,R2,2.94
146.05,Arthrobacter,R2,2.85
147.05,Arthrobacter,R2,2.77
148.05,Arthrobacter,R2,2.68
149.05,Arthrobacter,R2,2.58
150.05,Arthrobacter,R2,2.48
151.05,Arthrobacter,R2,2.38
152.05,Arthrobacter,R2,2.29
153.05,Arthrobacter,R2,2.19
154.05,Arthrobacter,R2,2.08
155.05,Arthrobacter,R2,1.97
156.05,Arthrobacter,R2,1.87
157.05,Arthrobacter,R2,1.74
158.05,Arthrobacter,R2,1.63
159.05,Arthrobacter,R2,1.51
160.05,Arthrobacter,R2,1.39
161.05,Arthrobacter,R2,1.26
162.05,Arthrobacter,R2,1.11
163.05,Arthrobacter,R2,1.01
164.05,Arthrobacter,R2,0.86
165.05,Arthrobacter,R2,0.72
166.05,Arthrobacter,R2,0.58
167.05,Arthrobacter,R2,0.41
168.05,Arthrobacter,R2,0.27
169.05,Arthrobacter,R2,0.12
170.05,Arthrobacter,R2,0.03
171.05,Arthrobacter,R2,0
172.05,Arthrobacter,R2,0
173.05,Arthrobacter,R2,0
174.05,Arthrobacter,R2,0
175.05,Arthrobacter,R2,0
176.05,Arthrobacter,R2,0
177.05,Arthrobacter,R2,0
178.05,Arthrobacter,R2,0
179.05,Arthrobacter,R2,0
180.05,Arthrobacter,R2,0
181.05,Arthrobacter,R2,0
182.05,Arthrobacter,R2,0
183.05,Arthrobacter,R2,0
184.05,Arthrobacter,R2,0
185.05,Arthrobacter,R2,0
186.05,Arthrobacter,R2,0
187.05,Arthrobacter,R2,0
188.05,Arthrobacter,R2,0
189.05,Arthrobacter,R2,0
190.05,Arthrobacter,R2,0
191.05,Arthrobacter,R2,0
192.05,Arthrobacter,R2,0
193.05,Arthrobacter,R2,0
194.05,Arthrobacter,R2,0
195.05,Arthrobacter,R2,0
196.05,Arthrobacter,R2,0
197.05,Arthrobacter,R2,0
0.03,Burkholderia,R2,4.59
1.03,Burkholderia,R2,4.59
2.03,Burkholderia,R2,4.63
3.03,Burkholderia,R2,4.68
4.03,Burkholderia,R2,4.72
5.03,Burkholderia,R2,4.77
6.03,Burkholderia,R2,4.81
7.03,Burkholderia,R2,4.87
8.03,Burkholderia,R2,4.92
9.03,Burkholderia,R2,4.96
10.03,Burkholderia,R2,5
11.03,Burkholderia,R2,5.05
12.03,Burkholderia,R2,5.09
13.03,Burkholderia,R2,5.14
14.03,Burkholderia,R2,5.16
15.03,Burkholderia,R2,5.2
16.03,Burkholderia,R2,5.24
17.03,Burkholderia,R2,5.27
18.03,Burkholderia,R2,5.28
19.03,Burkholderia,R2,5.32
20.03,Burkholderia,R2,5.36
21.03,Burkholderia,R2,5.38
22.03,Burkholderia,R2,5.42
23.03,Burkholderia,R2,5.43
24.03,Burkholderia,R2,5.47
25.03,Burkholderia,R2,5.49
26.03,Burkholderia,R2,5.5
27.03,Burkholderia,R2,5.53
28.03,Burkholderia,R2,5.53
29.03,Burkholderia,R2,5.57
30.03,Burkholderia,R2,5.58
31.03,Burkholderia,R2,5.6
32.03,Burkholderia,R2,5.6
33.03,Burkholderia,R2,5.63
34.03,Burkholderia,R2,5.63
35.03,Burkholderia,R2,5.66
36.03,Burkholderia,R2,5.66
37.03,Burkholderia,R2,5.66
38.03,Burkholderia,R2,5.68
39.03,Burkholderia,R2,5.69
40.03,Burkholderia,R2,5.69
41.03,Burkholderia,R2,5.7
42.03,Burkholderia,R2,5.7
43.03,Burkholderia,R2,5.71
44.03,Burkholderia,R2,5.72
45.03,Burkholderia,R2,5.72
46.03,Burkholderia,R2,5.73
47.03,Burkholderia,R2,5.72
48.03,Burkholderia,R2,5.73
49.03,Burkholderia,R2,5.73
50.05,Burkholderia,R2,5.73
51.05,Burkholderia,R2,5.73
52.05,Burkholderia,R2,5.73
53.05,Burkholderia,R2,5.73
54.05,Burkholderia,R2,5.74
55.05,Burkholderia,R2,5.72
56.05,Burkholderia,R2,5.73
57.05,Burkholderia,R2,5.73
58.05,Burkholderia,R2,5.71
59.05,Burkholderia,R2,5.68
60.05,Burkholderia,R2,5.69
61.05,Burkholderia,R2,5.67
62.05,Burkholderia,R2,5.65
63.05,Burkholderia,R2,5.66
64.05,Burkholderia,R2,5.65
65.05,Burkholderia,R2,5.64
66.05,Burkholderia,R2,5.63
67.05,Burkholderia,R2,5.6
68.05,Burkholderia,R2,5.61
69.05,Burkholderia,R2,5.59
70.05,Burkholderia,R2,5.57
71.05,Burkholderia,R2,5.56
72.05,Burkholderia,R2,5.55
73.05,Burkholderia,R2,5.54
74.05,Burkholderia,R2,5.54
75.05,Burkholderia,R2,5.52
76.05,Burkholderia,R2,5.51
77.05,Burkholderia,R2,5.48
78.05,Burkholderia,R2,5.5
79.05,Burkholderia,R2,5.47
80.05,Burkholderia,R2,5.48
81.05,Burkholderia,R2,5.43
82.05,Burkholderia,R2,5.42
83.05,Burkholderia,R2,5.41
84.05,Burkholderia,R2,5.39
85.05,Burkholderia,R2,5.38
86.05,Burkholderia,R2,5.37
87.05,Burkholderia,R2,5.34
88.05,Burkholderia,R2,5.32
89.05,Burkholderia,R2,5.32
90.05,Burkholderia,R2,5.3
91.05,Burkholderia,R2,5.28
92.05,Burkholderia,R2,5.26
93.05,Burkholderia,R2,5.26
94.05,Burkholderia,R2,5.22
95.05,Burkholderia,R2,5.22
96.05,Burkholderia,R2,5.19
97.05,Burkholderia,R2,5.15
98.05,Burkholderia,R2,5.15
99.05,Burkholderia,R2,5.12
100.05,Burkholderia,R2,5.1
101.05,Burkholderia,R2,5.09
102.05,Burkholderia,R2,5.07
103.05,Burkholderia,R2,5.06
104.05,Burkholderia,R2,5.02
105.05,Burkholderia,R2,4.99
106.05,Burkholderia,R2,4.98
107.05,Burkholderia,R2,4.96
108.05,Burkholderia,R2,4.93
109.05,Burkholderia,R2,4.9
110.05,Burkholderia,R2,4.89
111.05,Burkholderia,R2,4.86
112.05,Burkholderia,R2,4.84
113.05,Burkholderia,R2,4.81
114.05,Burkholderia,R2,4.77
115.05,Burkholderia,R2,4.74
116.05,Burkholderia,R2,4.73
117.05,Burkholderia,R2,4.7
118.05,Burkholderia,R2,4.67
119.05,Burkholderia,R2,4.63
120.05,Burkholderia,R2,4.59
121.05,Burkholderia,R2,4.57
122.05,Burkholderia,R2,4.53
123.05,Burkholderia,R2,4.51
124.05,Burkholderia,R2,4.48
125.05,Burkholderia,R2,4.43
126.05,Burkholderia,R2,4.42
127.05,Burkholderia,R2,4.37
128.05,Burkholderia,R2,4.34
129.05,Burkholderia,R2,4.3
130.05,Burkholderia,R2,4.26
131.05,Burkholderia,R2,4.24
132.05,Burkholderia,R2,4.19
133.05,Burkholderia,R2,4.14
134.05,Burkholderia,R2,4.11
135.05,Burkholderia,R2,4.05
136.05,Burkholderia,R2,4
137.05,Burkholderia,R2,3.98
138.05,Burkholderia,R2,3.94
139.05,Burkholderia,R2,3.88
140.05,Burkholderia,R2,3.84
141.05,Burkholderia,R2,3.79
142.05,Burkholderia,R2,3.74
143.05,Burkholderia,R2,3.7
144.05,Burkholderia,R2,3.64
145.05,Burkholderia,R2,3.61
146.05,Burkholderia,R2,3.55
147.05,Burkholderia,R2,3.49
148.05,Burkholderia,R2,3.46
149.05,Burkholderia,R2,3.39
150.05,Burkholderia,R2,3.35
151.05,Burkholderia,R2,3.27
152.05,Burkholderia,R2,3.22
153.05,Burkholderia,R2,3.16
154.05,Burkholderia,R2,3.1
155.05,Burkholderia,R2,3.03
156.05,Burkholderia,R2,2.97
157.05,Burkholderia,R2,2.91
158.05,Burkholderia,R2,2.85
159.05,Burkholderia,R2,2.78
160.05,Burkholderia,R2,2.7
161.05,Burkholderia,R2,2.64
162.05,Burkholderia,R2,2.58
163.05,Burkholderia,R2,2.52
164.05,Burkholderia,R2,2.43
165.05,Burkholderia,R2,2.35
166.05,Burkholderia,R2,2.29
167.05,Burkholderia,R2,2.2
168.05,Burkholderia,R2,2.12
169.05,Burkholderia,R2,2.06
170.05,Burkholderia,R2,1.96
171.05,Burkholderia,R2,1.87
172.05,Burkholderia,R2,1.78
173.05,Burkholderia,R2,1.72
174.05,Burkholderia,R2,1.62
175.05,Burkholderia,R2,1.53
176.05,Burkholderia,R2,1.44
177.05,Burkholderia,R2,1.33
178.05,Burkholderia,R2,1.25
179.05,Burkholderia,R2,1.14
180.05,Burkholderia,R2,1.05
181.05,Burkholderia,R2,0.93
182.05,Burkholderia,R2,0.83
183.05,Burkholderia,R2,0.72
184.05,Burkholderia,R2,0.6
185.05,Burkholderia,R2,0.51
186.05,Burkholderia,R2,0.39
187.05,Burkholderia,R2,0.27
188.05,Burkholderia,R2,0.16
189.05,Burkholderia,R2,0.04
190.05,Burkholderia,R2,0
191.05,Burkholderia,R2,0
192.05,Burkholderia,R2,0
193.05,Burkholderia,R2,0
194.05,Burkholderia,R2,0
195.05,Burkholderia,R2,0
196.05,Burkholderia,R2,0
197.05,Burkholderia,R2,0
0.03,Buttiauxella,R2,4.67
1.03,Buttiauxella,R2,4.61
2.03,Buttiauxella,R2,4.66
3.03,Buttiauxella,R2,4.69
4.03,Buttiauxella,R2,4.77
5.03,Buttiauxella,R2,4.83
6.03,Buttiauxella,R2,4.89
7.03,Buttiauxella,R2,4.96
8.03,Buttiauxella,R2,5.01
9.03,Buttiauxella,R2,5.05
10.03,Buttiauxella,R2,5.1
11.03,Buttiauxella,R2,5.16
12.03,Buttiauxella,R2,5.2
13.03,Buttiauxella,R2,5.26
14.03,Buttiauxella,R2,5.28
15.03,Buttiauxella,R2,5.32
16.03,Buttiauxella,R2,5.36
17.03,Buttiauxella,R2,5.38
18.03,Buttiauxella,R2,5.42
19.03,Buttiauxella,R2,5.45
20.03,Buttiauxella,R2,5.49
21.03,Buttiauxella,R2,5.5
22.03,Buttiauxella,R2,5.55
23.03,Buttiauxella,R2,5.57
24.03,Buttiauxella,R2,5.58
25.03,Buttiauxella,R2,5.6
26.03,Buttiauxella,R2,5.62
27.03,Buttiauxella,R2,5.64
28.03,Buttiauxella,R2,5.65
29.03,Buttiauxella,R2,5.68
30.03,Buttiauxella,R2,5.68
31.03,Buttiauxella,R2,5.7
32.03,Buttiauxella,R2,5.72
33.03,Buttiauxella,R2,5.73
34.03,Buttiauxella,R2,5.74
35.03,Buttiauxella,R2,5.75
36.03,Buttiauxella,R2,5.75
37.03,Buttiauxella,R2,5.76
38.03,Buttiauxella,R2,5.78
39.03,Buttiauxella,R2,5.77
40.03,Buttiauxella,R2,5.79
41.03,Buttiauxella,R2,5.79
42.03,Buttiauxella,R2,5.8
43.03,Buttiauxella,R2,5.8
44.03,Buttiauxella,R2,5.81
45.03,Buttiauxella,R2,5.81
46.03,Buttiauxella,R2,5.82
47.03,Buttiauxella,R2,5.82
48.03,Buttiauxella,R2,5.81
49.03,Buttiauxella,R2,5.81
50.05,Buttiauxella,R2,5.79
51.05,Buttiauxella,R2,5.77
52.05,Buttiauxella,R2,5.78
53.05,Buttiauxella,R2,5.76
54.05,Buttiauxella,R2,5.77
55.05,Buttiauxella,R2,5.75
56.05,Buttiauxella,R2,5.76
57.05,Buttiauxella,R2,5.73
58.05,Buttiauxella,R2,5.73
59.05,Buttiauxella,R2,5.72
60.05,Buttiauxella,R2,5.71
61.05,Buttiauxella,R2,5.71
62.05,Buttiauxella,R2,5.69
63.05,Buttiauxella,R2,5.68
64.05,Buttiauxella,R2,5.67
65.05,Buttiauxella,R2,5.67
66.05,Buttiauxella,R2,5.65
67.05,Buttiauxella,R2,5.64
68.05,Buttiauxella,R2,5.64
69.05,Buttiauxella,R2,5.61
70.05,Buttiauxella,R2,5.6
71.05,Buttiauxella,R2,5.6
72.05,Buttiauxella,R2,5.6
73.05,Buttiauxella,R2,5.56
74.05,Buttiauxella,R2,5.54
75.05,Buttiauxella,R2,5.55
76.05,Buttiauxella,R2,5.53
77.05,Buttiauxella,R2,5.51
78.05,Buttiauxella,R2,5.5
79.05,Buttiauxella,R2,5.48
80.05,Buttiauxella,R2,5.46
81.05,Buttiauxella,R2,5.46
82.05,Buttiauxella,R2,5.44
83.05,Buttiauxella,R2,5.42
84.05,Buttiauxella,R2,5.42
85.05,Buttiauxella,R2,5.39
86.05,Buttiauxella,R2,5.37
87.05,Buttiauxella,R2,5.36
88.05,Buttiauxella,R2,5.34
89.05,Buttiauxella,R2,5.32
90.05,Buttiauxella,R2,5.3
91.05,Buttiauxella,R2,5.29
92.05,Buttiauxella,R2,5.26
93.05,Buttiauxella,R2,5.24
94.05,Buttiauxella,R2,5.23
95.05,Buttiauxella,R2,5.19
96.05,Buttiauxella,R2,5.17
97.05,Buttiauxella,R2,5.14
98.05,Buttiauxella,R2,5.13
99.05,Buttiauxella,R2,5.11
100.05,Buttiauxella,R2,5.09
101.05,Buttiauxella,R2,5.05
102.05,Buttiauxella,R2,5.05
103.05,Buttiauxella,R2,5
104.05,Buttiauxella,R2,4.98
105.05,Buttiauxella,R2,4.96
106.05,Buttiauxella,R2,4.92
107.05,Buttiauxella,R2,4.9
108.05,Buttiauxella,R2,4.84
109.05,Buttiauxella,R2,4.83
110.05,Buttiauxella,R2,4.8
111.05,Buttiauxella,R2,4.76
112.05,Buttiauxella,R2,4.74
113.05,Buttiauxella,R2,4.7
114.05,Buttiauxella,R2,4.65
115.05,Buttiauxella,R2,4.63
116.05,Buttiauxella,R2,4.59
117.05,Buttiauxella,R2,4.56
118.05,Buttiauxella,R2,4.53
119.05,Buttiauxella,R2,4.48
120.05,Buttiauxella,R2,4.45
121.05,Buttiauxella,R2,4.38
122.05,Buttiauxella,R2,4.37
123.05,Buttiauxella,R2,4.33
124.05,Buttiauxella,R2,4.27
125.05,Buttiauxella,R2,4.24
126.05,Buttiauxella,R2,4.18
127.05,Buttiauxella,R2,4.13
128.05,Buttiauxella,R2,4.07
129.05,Buttiauxella,R2,4.03
130.05,Buttiauxella,R2,3.99
131.05,Buttiauxella,R2,3.93
132.05,Buttiauxella,R2,3.89
133.05,Buttiauxella,R2,3.82
134.05,Buttiauxella,R2,3.77
135.05,Buttiauxella,R2,3.73
136.05,Buttiauxella,R2,3.66
137.05,Buttiauxella,R2,3.61
138.05,Buttiauxella,R2,3.53
139.05,Buttiauxella,R2,3.47
140.05,Buttiauxella,R2,3.4
141.05,Buttiauxella,R2,3.33
142.05,Buttiauxella,R2,3.26
143.05,Buttiauxella,R2,3.18
144.05,Buttiauxella,R2,3.13
145.05,Buttiauxella,R2,3.06
146.05,Buttiauxella,R2,2.98
147.05,Buttiauxella,R2,2.89
148.05,Buttiauxella,R2,2.83
149.05,Buttiauxella,R2,2.74
150.05,Buttiauxella,R2,2.66
151.05,Buttiauxella,R2,2.57
152.05,Buttiauxella,R2,2.49
153.05,Buttiauxella,R2,2.38
154.05,Buttiauxella,R2,2.31
155.05,Buttiauxella,R2,2.21
156.05,Buttiauxella,R2,2.11
157.05,Buttiauxella,R2,2.01
158.05,Buttiauxella,R2,1.93
159.05,Buttiauxella,R2,1.81
160.05,Buttiauxella,R2,1.71
161.05,Buttiauxella,R2,1.61
162.05,Buttiauxella,R2,1.5
163.05,Buttiauxella,R2,1.39
164.05,Buttiauxella,R2,1.25
165.05,Buttiauxella,R2,1.13
166.05,Buttiauxella,R2,1.03
167.05,Buttiauxella,R2,0.9
168.05,Buttiauxella,R2,0.77
169.05,Buttiauxella,R2,0.63
170.05,Buttiauxella,R2,0.5
171.05,Buttiauxella,R2,0.37
172.05,Buttiauxella,R2,0.21
173.05,Buttiauxella,R2,0.07
174.05,Buttiauxella,R2,0
175.05,Buttiauxella,R2,0
176.05,Buttiauxella,R2,0
177.05,Buttiauxella,R2,0
178.05,Buttiauxella,R2,0
179.05,Buttiauxella,R2,0
180.05,Buttiauxella,R2,0
181.05,Buttiauxella,R2,0
182.05,Buttiauxella,R2,0
183.05,Buttiauxella,R2,0
184.05,Buttiauxella,R2,0
185.05,Buttiauxella,R2,0
186.05,Buttiauxella,R2,0
187.05,Buttiauxella,R2,0
188.05,Buttiauxella,R2,0
189.05,Buttiauxella,R2,0
190.05,Buttiauxella,R2,0
191.05,Buttiauxella,R2,0
192.05,Buttiauxella,R2,0
193.05,Buttiauxella,R2,0
194.05,Buttiauxella,R2,0
195.05,Buttiauxella,R2,0
196.05,Buttiauxella,R2,0
197.05,Buttiauxella,R2,0
0.03,Flavobacterium_B,R2,5.07
1.03,Flavobacterium_B,R2,4.83
2.03,Flavobacterium_B,R2,4.78
3.03,Flavobacterium_B,R2,4.78
4.03,Flavobacterium_B,R2,4.83
5.03,Flavobacterium_B,R2,4.89
6.03,Flavobacterium_B,R2,4.93
7.03,Flavobacterium_B,R2,5
8.03,Flavobacterium_B,R2,5.06
9.03,Flavobacterium_B,R2,5.1
10.03,Flavobacterium_B,R2,5.16
11.03,Flavobacterium_B,R2,5.22
12.03,Flavobacterium_B,R2,5.27
13.03,Flavobacterium_B,R2,5.31
14.03,Flavobacterium_B,R2,5.36
15.03,Flavobacterium_B,R2,5.39
16.03,Flavobacterium_B,R2,5.43
17.03,Flavobacterium_B,R2,5.46
18.03,Flavobacterium_B,R2,5.49
19.03,Flavobacterium_B,R2,5.52
20.03,Flavobacterium_B,R2,5.56
21.03,Flavobacterium_B,R2,5.59
22.03,Flavobacterium_B,R2,5.62
23.03,Flavobacterium_B,R2,5.64
24.03,Flavobacterium_B,R2,5.66
25.03,Flavobacterium_B,R2,5.7
26.03,Flavobacterium_B,R2,5.72
27.03,Flavobacterium_B,R2,5.73
28.03,Flavobacterium_B,R2,5.75
29.03,Flavobacterium_B,R2,5.78
30.03,Flavobacterium_B,R2,5.78
31.03,Flavobacterium_B,R2,5.79
32.03,Flavobacterium_B,R2,5.83
33.03,Flavobacterium_B,R2,5.84
34.03,Flavobacterium_B,R2,5.84
35.03,Flavobacterium_B,R2,5.86
36.03,Flavobacterium_B,R2,5.86
37.03,Flavobacterium_B,R2,5.87
38.03,Flavobacterium_B,R2,5.89
39.03,Flavobacterium_B,R2,5.88
40.03,Flavobacterium_B,R2,5.88
41.03,Flavobacterium_B,R2,5.9
42.03,Flavobacterium_B,R2,5.9
43.03,Flavobacterium_B,R2,5.9
44.03,Flavobacterium_B,R2,5.91
45.03,Flavobacterium_B,R2,5.91
46.03,Flavobacterium_B,R2,5.91
47.03,Flavobacterium_B,R2,5.92
48.03,Flavobacterium_B,R2,5.91
49.03,Flavobacterium_B,R2,5.91
50.05,Flavobacterium_B,R2,5.88
51.05,Flavobacterium_B,R2,5.88
52.05,Flavobacterium_B,R2,5.86
53.05,Flavobacterium_B,R2,5.86
54.05,Flavobacterium_B,R2,5.84
55.05,Flavobacterium_B,R2,5.84
56.05,Flavobacterium_B,R2,5.82
57.05,Flavobacterium_B,R2,5.82
58.05,Flavobacterium_B,R2,5.8
59.05,Flavobacterium_B,R2,5.79
60.05,Flavobacterium_B,R2,5.78
61.05,Flavobacterium_B,R2,5.76
62.05,Flavobacterium_B,R2,5.75
63.05,Flavobacterium_B,R2,5.74
64.05,Flavobacterium_B,R2,5.72
65.05,Flavobacterium_B,R2,5.71
66.05,Flavobacterium_B,R2,5.7
67.05,Flavobacterium_B,R2,5.69
68.05,Flavobacterium_B,R2,5.66
69.05,Flavobacterium_B,R2,5.67
70.05,Flavobacterium_B,R2,5.64
71.05,Flavobacterium_B,R2,5.62
72.05,Flavobacterium_B,R2,5.61
73.05,Flavobacterium_B,R2,5.6
74.05,Flavobacterium_B,R2,5.58
75.05,Flavobacterium_B,R2,5.55
76.05,Flavobacterium_B,R2,5.55
77.05,Flavobacterium_B,R2,5.53
78.05,Flavobacterium_B,R2,5.51
79.05,Flavobacterium_B,R2,5.49
80.05,Flavobacterium_B,R2,5.48
81.05,Flavobacterium_B,R2,5.48
82.05,Flavobacterium_B,R2,5.46
83.05,Flavobacterium_B,R2,5.44
84.05,Flavobacterium_B,R2,5.42
85.05,Flavobacterium_B,R2,5.4
86.05,Flavobacterium_B,R2,5.39
87.05,Flavobacterium_B,R2,5.36
88.05,Flavobacterium_B,R2,5.35
89.05,Flavobacterium_B,R2,5.35
90.05,Flavobacterium_B,R2,5.31
91.05,Flavobacterium_B,R2,5.29
92.05,Flavobacterium_B,R2,5.27
93.05,Flavobacterium_B,R2,5.25
94.05,Flavobacterium_B,R2,5.23
95.05,Flavobacterium_B,R2,5.22
96.05,Flavobacterium_B,R2,5.19
97.05,Flavobacterium_B,R2,5.17
98.05,Flavobacterium_B,R2,5.15
99.05,Flavobacterium_B,R2,5.13
100.05,Flavobacterium_B,R2,5.1
101.05,Flavobacterium_B,R2,5.08
102.05,Flavobacterium_B,R2,5.05
103.05,Flavobacterium_B,R2,5.03
104.05,Flavobacterium_B,R2,5.01
105.05,Flavobacterium_B,R2,4.98
106.05,Flavobacterium_B,R2,4.95
107.05,Flavobacterium_B,R2,4.94
108.05,Flavobacterium_B,R2,4.91
109.05,Flavobacterium_B,R2,4.9
110.05,Flavobacterium_B,R2,4.87
111.05,Flavobacterium_B,R2,4.84
112.05,Flavobacterium_B,R2,4.82
113.05,Flavobacterium_B,R2,4.78
114.05,Flavobacterium_B,R2,4.76
115.05,Flavobacterium_B,R2,4.73
116.05,Flavobacterium_B,R2,4.71
117.05,Flavobacterium_B,R2,4.68
118.05,Flavobacterium_B,R2,4.63
119.05,Flavobacterium_B,R2,4.61
120.05,Flavobacterium_B,R2,4.59
121.05,Flavobacterium_B,R2,4.54
122.05,Flavobacterium_B,R2,4.52
123.05,Flavobacterium_B,R2,4.49
124.05,Flavobacterium_B,R2,4.46
125.05,Flavobacterium_B,R2,4.42
126.05,Flavobacterium_B,R2,4.4
127.05,Flavobacterium_B,R2,4.35
128.05,Flavobacterium_B,R2,4.34
129.05,Flavobacterium_B,R2,4.29
130.05,Flavobacterium_B,R2,4.25
131.05,Flavobacterium_B,R2,4.23
132.05,Flavobacterium_B,R2,4.2
133.05,Flavobacterium_B,R2,4.15
134.05,Flavobacterium_B,R2,4.11
135.05,Flavobacterium_B,R2,4.07
136.05,Flavobacterium_B,R2,4.03
137.05,Flavobacterium_B,R2,3.98
138.05,Flavobacterium_B,R2,3.97
139.05,Flavobacterium_B,R2,3.94
140.05,Flavobacterium_B,R2,3.88
141.05,Flavobacterium_B,R2,3.84
142.05,Flavobacterium_B,R2,3.8
143.05,Flavobacterium_B,R2,3.74
144.05,Flavobacterium_B,R2,3.72
145.05,Flavobacterium_B,R2,3.68
146.05,Flavobacterium_B,R2,3.64
147.05,Flavobacterium_B,R2,3.59
148.05,Flavobacterium_B,R2,3.54
149.05,Flavobacterium_B,R2,3.49
150.05,Flavobacterium_B,R2,3.45
151.05,Flavobacterium_B,R2,3.4
152.05,Flavobacterium_B,R2,3.35
153.05,Flavobacterium_B,R2,3.3
154.05,Flavobacterium_B,R2,3.25
155.05,Flavobacterium_B,R2,3.21
156.05,Flavobacterium_B,R2,3.17
157.05,Flavobacterium_B,R2,3.11
158.05,Flavobacterium_B,R2,3.07
159.05,Flavobacterium_B,R2,2.99
160.05,Flavobacterium_B,R2,2.95
161.05,Flavobacterium_B,R2,2.9
162.05,Flavobacterium_B,R2,2.84
163.05,Flavobacterium_B,R2,2.78
164.05,Flavobacterium_B,R2,2.71
165.05,Flavobacterium_B,R2,2.67
166.05,Flavobacterium_B,R2,2.6
167.05,Flavobacterium_B,R2,2.55
168.05,Flavobacterium_B,R2,2.48
169.05,Flavobacterium_B,R2,2.41
170.05,Flavobacterium_B,R2,2.36
171.05,Flavobacterium_B,R2,2.32
172.05,Flavobacterium_B,R2,2.22
173.05,Flavobacterium_B,R2,2.16
174.05,Flavobacterium_B,R2,2.1
175.05,Flavobacterium_B,R2,2.04
176.05,Flavobacterium_B,R2,1.97
177.05,Flavobacterium_B,R2,1.91
178.05,Flavobacterium_B,R2,1.83
179.05,Flavobacterium_B,R2,1.75
180.05,Flavobacterium_B,R2,1.7
181.05,Flavobacterium_B,R2,1.6
182.05,Flavobacterium_B,R2,1.55
183.05,Flavobacterium_B,R2,1.46
184.05,Flavobacterium_B,R2,1.38
185.05,Flavobacterium_B,R2,1.31
186.05,Flavobacterium_B,R2,1.23
187.05,Flavobacterium_B,R2,1.14
188.05,Flavobacterium_B,R2,1.05
189.05,Flavobacterium_B,R2,0.98
190.05,Flavobacterium_B,R2,0.9
191.05,Flavobacterium_B,R2,0.81
192.05,Flavobacterium_B,R2,0.71
193.05,Flavobacterium_B,R2,0.64
194.05,Flavobacterium_B,R2,0.55
195.05,Flavobacterium_B,R2,0.46
196.05,Flavobacterium_B,R2,0.38
197.05,Flavobacterium_B,R2,0.29
0.03,Herbaspirillum,R2,5.68
1.03,Herbaspirillum,R2,5.68
2.03,Herbaspirillum,R2,5.71
3.03,Herbaspirillum,R2,5.73
4.03,Herbaspirillum,R2,5.78
5.03,Herbaspirillum,R2,5.84
6.03,Herbaspirillum,R2,5.88
7.03,Herbaspirillum,R2,5.96
8.03,Herbaspirillum,R2,6
9.03,Herbaspirillum,R2,6.05
10.03,Herbaspirillum,R2,6.11
11.03,Herbaspirillum,R2,6.16
12.03,Herbaspirillum,R2,6.21
13.03,Herbaspirillum,R2,6.24
14.03,Herbaspirillum,R2,6.29
15.03,Herbaspirillum,R2,6.32
16.03,Herbaspirillum,R2,6.37
17.03,Herbaspirillum,R2,6.41
18.03,Herbaspirillum,R2,6.43
19.03,Herbaspirillum,R2,6.47
20.03,Herbaspirillum,R2,6.5
21.03,Herbaspirillum,R2,6.53
22.03,Herbaspirillum,R2,6.56
23.03,Herbaspirillum,R2,6.59
24.03,Herbaspirillum,R2,6.61
25.03,Herbaspirillum,R2,6.65
26.03,Herbaspirillum,R2,6.67
27.03,Herbaspirillum,R2,6.7
28.03,Herbaspirillum,R2,6.71
29.03,Herbaspirillum,R2,6.73
30.03,Herbaspirillum,R2,6.76
31.03,Herbaspirillum,R2,6.78
32.03,Herbaspirillum,R2,6.79
33.03,Herbaspirillum,R2,6.82
34.03,Herbaspirillum,R2,6.84
35.03,Herbaspirillum,R2,6.86
36.03,Herbaspirillum,R2,6.87
37.03,Herbaspirillum,R2,6.88
38.03,Herbaspirillum,R2,6.9
39.03,Herbaspirillum,R2,6.91
40.03,Herbaspirillum,R2,6.93
41.03,Herbaspirillum,R2,6.94
42.03,Herbaspirillum,R2,6.94
43.03,Herbaspirillum,R2,6.95
44.03,Herbaspirillum,R2,6.95
45.03,Herbaspirillum,R2,6.96
46.03,Herbaspirillum,R2,6.96
47.03,Herbaspirillum,R2,6.97
48.03,Herbaspirillum,R2,6.99
49.03,Herbaspirillum,R2,6.99
50.05,Herbaspirillum,R2,6.99
51.05,Herbaspirillum,R2,7
52.05,Herbaspirillum,R2,7.01
53.05,Herbaspirillum,R2,7
54.05,Herbaspirillum,R2,7.02
55.05,Herbaspirillum,R2,7.02
56.05,Herbaspirillum,R2,7.02
57.05,Herbaspirillum,R2,7.01
58.05,Herbaspirillum,R2,7
59.05,Herbaspirillum,R2,7.03
60.05,Herbaspirillum,R2,7.02
61.05,Herbaspirillum,R2,7.02
62.05,Herbaspirillum,R2,7.02
63.05,Herbaspirillum,R2,7.01
64.05,Herbaspirillum,R2,6.99
65.05,Herbaspirillum,R2,7
66.05,Herbaspirillum,R2,6.99
67.05,Herbaspirillum,R2,6.99
68.05,Herbaspirillum,R2,6.98
69.05,Herbaspirillum,R2,6.97
70.05,Herbaspirillum,R2,6.98
71.05,Herbaspirillum,R2,6.97
72.05,Herbaspirillum,R2,6.96
73.05,Herbaspirillum,R2,6.95
74.05,Herbaspirillum,R2,6.93
75.05,Herbaspirillum,R2,6.93
76.05,Herbaspirillum,R2,6.93
77.05,Herbaspirillum,R2,6.91
78.05,Herbaspirillum,R2,6.92
79.05,Herbaspirillum,R2,6.91
80.05,Herbaspirillum,R2,6.9
81.05,Herbaspirillum,R2,6.9
82.05,Herbaspirillum,R2,6.89
83.05,Herbaspirillum,R2,6.88
84.05,Herbaspirillum,R2,6.86
85.05,Herbaspirillum,R2,6.86
86.05,Herbaspirillum,R2,6.84
87.05,Herbaspirillum,R2,6.84
88.05,Herbaspirillum,R2,6.83
89.05,Herbaspirillum,R2,6.82
90.05,Herbaspirillum,R2,6.81
91.05,Herbaspirillum,R2,6.78
92.05,Herbaspirillum,R2,6.79
93.05,Herbaspirillum,R2,6.78
94.05,Herbaspirillum,R2,6.78
95.05,Herbaspirillum,R2,6.77
96.05,Herbaspirillum,R2,6.75
97.05,Herbaspirillum,R2,6.74
98.05,Herbaspirillum,R2,6.72
99.05,Herbaspirillum,R2,6.71
100.05,Herbaspirillum,R2,6.7
101.05,Herbaspirillum,R2,6.7
102.05,Herbaspirillum,R2,6.68
103.05,Herbaspirillum,R2,6.66
104.05,Herbaspirillum,R2,6.66
105.05,Herbaspirillum,R2,6.64
106.05,Herbaspirillum,R2,6.63
107.05,Herbaspirillum,R2,6.62
108.05,Herbaspirillum,R2,6.59
109.05,Herbaspirillum,R2,6.57
110.05,Herbaspirillum,R2,6.57
111.05,Herbaspirillum,R2,6.55
112.05,Herbaspirillum,R2,6.52
113.05,Herbaspirillum,R2,6.51
114.05,Herbaspirillum,R2,6.5
115.05,Herbaspirillum,R2,6.48
116.05,Herbaspirillum,R2,6.47
117.05,Herbaspirillum,R2,6.43
118.05,Herbaspirillum,R2,6.43
119.05,Herbaspirillum,R2,6.42
120.05,Herbaspirillum,R2,6.39
121.05,Herbaspirillum,R2,6.39
122.05,Herbaspirillum,R2,6.35
123.05,Herbaspirillum,R2,6.33
124.05,Herbaspirillum,R2,6.32
125.05,Herbaspirillum,R2,6.3
126.05,Herbaspirillum,R2,6.26
127.05,Herbaspirillum,R2,6.26
128.05,Herbaspirillum,R2,6.22
129.05,Herbaspirillum,R2,6.2
130.05,Herbaspirillum,R2,6.18
131.05,Herbaspirillum,R2,6.15
132.05,Herbaspirillum,R2,6.12
133.05,Herbaspirillum,R2,6.1
134.05,Herbaspirillum,R2,6.07
135.05,Herbaspirillum,R2,6.04
136.05,Herbaspirillum,R2,6.03
137.05,Herbaspirillum,R2,6
138.05,Herbaspirillum,R2,5.97
139.05,Herbaspirillum,R2,5.93
140.05,Herbaspirillum,R2,5.9
141.05,Herbaspirillum,R2,5.88
142.05,Herbaspirillum,R2,5.85
143.05,Herbaspirillum,R2,5.8
144.05,Herbaspirillum,R2,5.78
145.05,Herbaspirillum,R2,5.74
146.05,Herbaspirillum,R2,5.7
147.05,Herbaspirillum,R2,5.68
148.05,Herbaspirillum,R2,5.64
149.05,Herbaspirillum,R2,5.61
150.05,Herbaspirillum,R2,5.57
151.05,Herbaspirillum,R2,5.54
152.05,Herbaspirillum,R2,5.48
153.05,Herbaspirillum,R2,5.44
154.05,Herbaspirillum,R2,5.41
155.05,Herbaspirillum,R2,5.37
156.05,Herbaspirillum,R2,5.32
157.05,Herbaspirillum,R2,5.27
158.05,Herbaspirillum,R2,5.25
159.05,Herbaspirillum,R2,5.19
160.05,Herbaspirillum,R2,5.13
161.05,Herbaspirillum,R2,5.1
162.05,Herbaspirillum,R2,5.04
163.05,Herbaspirillum,R2,4.99
164.05,Herbaspirillum,R2,4.95
165.05,Herbaspirillum,R2,4.9
166.05,Herbaspirillum,R2,4.85
167.05,Herbaspirillum,R2,4.78
168.05,Herbaspirillum,R2,4.72
169.05,Herbaspirillum,R2,4.68
170.05,Herbaspirillum,R2,4.62
171.05,Herbaspirillum,R2,4.56
172.05,Herbaspirillum,R2,4.49
173.05,Herbaspirillum,R2,4.42
174.05,Herbaspirillum,R2,4.36
175.05,Herbaspirillum,R2,4.3
176.05,Herbaspirillum,R2,4.23
177.05,Herbaspirillum,R2,4.17
178.05,Herbaspirillum,R2,4.08
179.05,Herbaspirillum,R2,4.02
180.05,Herbaspirillum,R2,3.94
181.05,Herbaspirillum,R2,3.86
182.05,Herbaspirillum,R2,3.79
183.05,Herbaspirillum,R2,3.71
184.05,Herbaspirillum,R2,3.63
185.05,Herbaspirillum,R2,3.56
186.05,Herbaspirillum,R2,3.47
187.05,Herbaspirillum,R2,3.37
188.05,Herbaspirillum,R2,3.3
189.05,Herbaspirillum,R2,3.2
190.05,Herbaspirillum,R2,3.11
191.05,Herbaspirillum,R2,3.02
192.05,Herbaspirillum,R2,2.91
193.05,Herbaspirillum,R2,2.82
194.05,Herbaspirillum,R2,2.72
195.05,Herbaspirillum,R2,2.61
196.05,Herbaspirillum,R2,2.51
197.05,Herbaspirillum,R2,2.4
0.03,Acinetobacter,R3,4.83
1.03,Acinetobacter,R3,4.77
2.03,Acinetobacter,R3,4.8
3.03,Acinetobacter,R3,4.83
4.03,Acinetobacter,R3,4.88
5.03,Acinetobacter,R3,4.91
6.03,Acinetobacter,R3,4.95
7.03,Acinetobacter,R3,4.99
8.03,Acinetobacter,R3,5.03
9.03,Acinetobacter,R3,5.08
10.03,Acinetobacter,R3,5.11
11.03,Acinetobacter,R3,5.16
12.03,Acinetobacter,R3,5.19
13.03,Acinetobacter,R3,5.23
14.03,Acinetobacter,R3,5.26
15.03,Acinetobacter,R3,5.29
16.03,Acinetobacter,R3,5.33
17.03,Acinetobacter,R3,5.37
18.03,Acinetobacter,R3,5.38
19.03,Acinetobacter,R3,5.42
20.03,Acinetobacter,R3,5.46
21.03,Acinetobacter,R3,5.49
22.03,Acinetobacter,R3,5.52
23.03,Acinetobacter,R3,5.54
24.03,Acinetobacter,R3,5.56
25.03,Acinetobacter,R3,5.6
26.03,Acinetobacter,R3,5.61
27.03,Acinetobacter,R3,5.63
28.03,Acinetobacter,R3,5.66
29.03,Acinetobacter,R3,5.68
30.03,Acinetobacter,R3,5.69
31.03,Acinetobacter,R3,5.7
32.03,Acinetobacter,R3,5.73
33.03,Acinetobacter,R3,5.74
34.03,Acinetobacter,R3,5.75
35.03,Acinetobacter,R3,5.78
36.03,Acinetobacter,R3,5.78
37.03,Acinetobacter,R3,5.79
38.03,Acinetobacter,R3,5.81
39.03,Acinetobacter,R3,5.83
40.03,Acinetobacter,R3,5.84
41.03,Acinetobacter,R3,5.85
42.03,Acinetobacter,R3,5.84
43.03,Acinetobacter,R3,5.86
44.03,Acinetobacter,R3,5.86
45.03,Acinetobacter,R3,5.87
46.03,Acinetobacter,R3,5.87
47.03,Acinetobacter,R3,5.87
48.03,Acinetobacter,R3,5.87
49.03,Acinetobacter,R3,5.87
50.05,Acinetobacter,R3,5.87
51.05,Acinetobacter,R3,5.88
52.05,Acinetobacter,R3,5.9
53.05,Acinetobacter,R3,5.89
54.05,Acinetobacter,R3,5.87
55.05,Acinetobacter,R3,5.86
56.05,Acinetobacter,R3,5.86
57.05,Acinetobacter,R3,5.84
58.05,Acinetobacter,R3,5.83
59.05,Acinetobacter,R3,5.81
60.05,Acinetobacter,R3,5.8
61.05,Acinetobacter,R3,5.79
62.05,Acinetobacter,R3,5.79
63.05,Acinetobacter,R3,5.76
64.05,Acinetobacter,R3,5.74
65.05,Acinetobacter,R3,5.73
66.05,Acinetobacter,R3,5.72
67.05,Acinetobacter,R3,5.7
68.05,Acinetobacter,R3,5.69
69.05,Acinetobacter,R3,5.67
70.05,Acinetobacter,R3,5.67
71.05,Acinetobacter,R3,5.65
72.05,Acinetobacter,R3,5.65
73.05,Acinetobacter,R3,5.63
74.05,Acinetobacter,R3,5.6
75.05,Acinetobacter,R3,5.59
76.05,Acinetobacter,R3,5.56
77.05,Acinetobacter,R3,5.55
78.05,Acinetobacter,R3,5.54
79.05,Acinetobacter,R3,5.51
80.05,Acinetobacter,R3,5.5
81.05,Acinetobacter,R3,5.47
82.05,Acinetobacter,R3,5.46
83.05,Acinetobacter,R3,5.43
84.05,Acinetobacter,R3,5.42
85.05,Acinetobacter,R3,5.4
86.05,Acinetobacter,R3,5.38
87.05,Acinetobacter,R3,5.38
88.05,Acinetobacter,R3,5.36
89.05,Acinetobacter,R3,5.33
90.05,Acinetobacter,R3,5.31
91.05,Acinetobacter,R3,5.3
92.05,Acinetobacter,R3,5.27
93.05,Acinetobacter,R3,5.25
94.05,Acinetobacter,R3,5.22
95.05,Acinetobacter,R3,5.21
96.05,Acinetobacter,R3,5.17
97.05,Acinetobacter,R3,5.15
98.05,Acinetobacter,R3,5.13
99.05,Acinetobacter,R3,5.11
100.05,Acinetobacter,R3,5.08
101.05,Acinetobacter,R3,5.07
102.05,Acinetobacter,R3,5.04
103.05,Acinetobacter,R3,5.02
104.05,Acinetobacter,R3,4.99
105.05,Acinetobacter,R3,4.96
106.05,Acinetobacter,R3,4.94
107.05,Acinetobacter,R3,4.91
108.05,Acinetobacter,R3,4.89
109.05,Acinetobacter,R3,4.88
110.05,Acinetobacter,R3,4.83
111.05,Acinetobacter,R3,4.8
112.05,Acinetobacter,R3,4.77
113.05,Acinetobacter,R3,4.77
114.05,Acinetobacter,R3,4.72
115.05,Acinetobacter,R3,4.7
116.05,Acinetobacter,R3,4.66
117.05,Acinetobacter,R3,4.63
118.05,Acinetobacter,R3,4.61
119.05,Acinetobacter,R3,4.57
120.05,Acinetobacter,R3,4.55
121.05,Acinetobacter,R3,4.51
122.05,Acinetobacter,R3,4.49
123.05,Acinetobacter,R3,4.43
124.05,Acinetobacter,R3,4.43
125.05,Acinetobacter,R3,4.36
126.05,Acinetobacter,R3,4.35
127.05,Acinetobacter,R3,4.29
128.05,Acinetobacter,R3,4.28
129.05,Acinetobacter,R3,4.23
130.05,Acinetobacter,R3,4.19
131.05,Acinetobacter,R3,4.16
132.05,Acinetobacter,R3,4.12
133.05,Acinetobacter,R3,4.08
134.05,Acinetobacter,R3,4.04
135.05,Acinetobacter,R3,3.99
136.05,Acinetobacter,R3,3.96
137.05,Acinetobacter,R3,3.93
138.05,Acinetobacter,R3,3.88
139.05,Acinetobacter,R3,3.84
140.05,Acinetobacter,R3,3.81
141.05,Acinetobacter,R3,3.77
142.05,Acinetobacter,R3,3.7
143.05,Acinetobacter,R3,3.66
144.05,Acinetobacter,R3,3.62
145.05,Acinetobacter,R3,3.57
146.05,Acinetobacter,R3,3.53
147.05,Acinetobacter,R3,3.49
148.05,Acinetobacter,R3,3.43
149.05,Acinetobacter,R3,3.39
150.05,Acinetobacter,R3,3.33
151.05,Acinetobacter,R3,3.28
152.05,Acinetobacter,R3,3.23
153.05,Acinetobacter,R3,3.18
154.05,Acinetobacter,R3,3.12
155.05,Acinetobacter,R3,3.07
156.05,Acinetobacter,R3,3.01
157.05,Acinetobacter,R3,2.96
158.05,Acinetobacter,R3,2.9
159.05,Acinetobacter,R3,2.85
160.05,Acinetobacter,R3,2.78
161.05,Acinetobacter,R3,2.73
162.05,Acinetobacter,R3,2.67
163.05,Acinetobacter,R3,2.61
164.05,Acinetobacter,R3,2.54
165.05,Acinetobacter,R3,2.49
166.05,Acinetobacter,R3,2.43
167.05,Acinetobacter,R3,2.36
168.05,Acinetobacter,R3,2.28
169.05,Acinetobacter,R3,2.23
170.05,Acinetobacter,R3,2.17
171.05,Acinetobacter,R3,2.09
172.05,Acinetobacter,R3,2.03
173.05,Acinetobacter,R3,1.96
174.05,Acinetobacter,R3,1.88
175.05,Acinetobacter,R3,1.81
176.05,Acinetobacter,R3,1.73
177.05,Acinetobacter,R3,1.66
178.05,Acinetobacter,R3,1.59
179.05,Acinetobacter,R3,1.52
180.05,Acinetobacter,R3,1.43
181.05,Acinetobacter,R3,1.36
182.05,Acinetobacter,R3,1.27
183.05,Acinetobacter,R3,1.19
184.05,Acinetobacter,R3,1.11
185.05,Acinetobacter,R3,1.02
186.05,Acinetobacter,R3,0.94
187.05,Acinetobacter,R3,0.84
188.05,Acinetobacter,R3,0.78
189.05,Acinetobacter,R3,0.67
190.05,Acinetobacter,R3,0.6
191.05,Acinetobacter,R3,0.49
192.05,Acinetobacter,R3,0.4
193.05,Acinetobacter,R3,0.33
194.05,Acinetobacter,R3,0.29
195.05,Acinetobacter,R3,0.25
196.05,Acinetobacter,R3,0.21
197.05,Acinetobacter,R3,0.19
0.03,Aeromonas_B,R3,4.83
1.03,Aeromonas_B,R3,4.72
2.03,Aeromonas_B,R3,4.71
3.03,Aeromonas_B,R3,4.71
4.03,Aeromonas_B,R3,4.75
5.03,Aeromonas_B,R3,4.79
6.03,Aeromonas_B,R3,4.84
7.03,Aeromonas_B,R3,4.91
8.03,Aeromonas_B,R3,4.96
9.03,Aeromonas_B,R3,5.02
10.03,Aeromonas_B,R3,5.07
11.03,Aeromonas_B,R3,5.11
12.03,Aeromonas_B,R3,5.16
13.03,Aeromonas_B,R3,5.19
14.03,Aeromonas_B,R3,5.26
15.03,Aeromonas_B,R3,5.28
16.03,Aeromonas_B,R3,5.32
17.03,Aeromonas_B,R3,5.36
18.03,Aeromonas_B,R3,5.38
19.03,Aeromonas_B,R3,5.41
20.03,Aeromonas_B,R3,5.43
21.03,Aeromonas_B,R3,5.46
22.03,Aeromonas_B,R3,5.49
23.03,Aeromonas_B,R3,5.51
24.03,Aeromonas_B,R3,5.53
25.03,Aeromonas_B,R3,5.55
26.03,Aeromonas_B,R3,5.57
27.03,Aeromonas_B,R3,5.58
28.03,Aeromonas_B,R3,5.6
29.03,Aeromonas_B,R3,5.61
30.03,Aeromonas_B,R3,5.63
31.03,Aeromonas_B,R3,5.64
32.03,Aeromonas_B,R3,5.65
33.03,Aeromonas_B,R3,5.66
34.03,Aeromonas_B,R3,5.67
35.03,Aeromonas_B,R3,5.69
36.03,Aeromonas_B,R3,5.7
37.03,Aeromonas_B,R3,5.71
38.03,Aeromonas_B,R3,5.71
39.03,Aeromonas_B,R3,5.71
40.03,Aeromonas_B,R3,5.73
41.03,Aeromonas_B,R3,5.73
42.03,Aeromonas_B,R3,5.73
43.03,Aeromonas_B,R3,5.72
44.03,Aeromonas_B,R3,5.73
45.03,Aeromonas_B,R3,5.73
46.03,Aeromonas_B,R3,5.73
47.03,Aeromonas_B,R3,5.74
48.03,Aeromonas_B,R3,5.74
49.03,Aeromonas_B,R3,5.73
50.05,Aeromonas_B,R3,5.73
51.05,Aeromonas_B,R3,5.74
52.05,Aeromonas_B,R3,5.71
53.05,Aeromonas_B,R3,5.71
54.05,Aeromonas_B,R3,5.71
55.05,Aeromonas_B,R3,5.71
56.05,Aeromonas_B,R3,5.7
57.05,Aeromonas_B,R3,5.71
58.05,Aeromonas_B,R3,5.69
59.05,Aeromonas_B,R3,5.69
60.05,Aeromonas_B,R3,5.68
61.05,Aeromonas_B,R3,5.68
62.05,Aeromonas_B,R3,5.66
63.05,Aeromonas_B,R3,5.66
64.05,Aeromonas_B,R3,5.64
65.05,Aeromonas_B,R3,5.65
66.05,Aeromonas_B,R3,5.64
67.05,Aeromonas_B,R3,5.64
68.05,Aeromonas_B,R3,5.61
69.05,Aeromonas_B,R3,5.61
70.05,Aeromonas_B,R3,5.6
71.05,Aeromonas_B,R3,5.59
72.05,Aeromonas_B,R3,5.59
73.05,Aeromonas_B,R3,5.57
74.05,Aeromonas_B,R3,5.57
75.05,Aeromonas_B,R3,5.57
76.05,Aeromonas_B,R3,5.55
77.05,Aeromonas_B,R3,5.54
78.05,Aeromonas_B,R3,5.53
79.05,Aeromonas_B,R3,5.52
80.05,Aeromonas_B,R3,5.51
81.05,Aeromonas_B,R3,5.49
82.05,Aeromonas_B,R3,5.49
83.05,Aeromonas_B,R3,5.47
84.05,Aeromonas_B,R3,5.46
85.05,Aeromonas_B,R3,5.44
86.05,Aeromonas_B,R3,5.43
87.05,Aeromonas_B,R3,5.4
88.05,Aeromonas_B,R3,5.39
89.05,Aeromonas_B,R3,5.38
90.05,Aeromonas_B,R3,5.36
91.05,Aeromonas_B,R3,5.35
92.05,Aeromonas_B,R3,5.32
93.05,Aeromonas_B,R3,5.3
94.05,Aeromonas_B,R3,5.29
95.05,Aeromonas_B,R3,5.27
96.05,Aeromonas_B,R3,5.24
97.05,Aeromonas_B,R3,5.24
98.05,Aeromonas_B,R3,5.2
99.05,Aeromonas_B,R3,5.21
100.05,Aeromonas_B,R3,5.17
101.05,Aeromonas_B,R3,5.15
102.05,Aeromonas_B,R3,5.11
103.05,Aeromonas_B,R3,5.08
104.05,Aeromonas_B,R3,5.06
105.05,Aeromonas_B,R3,5.03
106.05,Aeromonas_B,R3,5
107.05,Aeromonas_B,R3,4.97
108.05,Aeromonas_B,R3,4.94
109.05,Aeromonas_B,R3,4.92
110.05,Aeromonas_B,R3,4.9
111.05,Aeromonas_B,R3,4.87
112.05,Aeromonas_B,R3,4.82
113.05,Aeromonas_B,R3,4.79
114.05,Aeromonas_B,R3,4.74
115.05,Aeromonas_B,R3,4.7
116.05,Aeromonas_B,R3,4.66
117.05,Aeromonas_B,R3,4.63
118.05,Aeromonas_B,R3,4.58
119.05,Aeromonas_B,R3,4.53
120.05,Aeromonas_B,R3,4.5
121.05,Aeromonas_B,R3,4.44
122.05,Aeromonas_B,R3,4.4
123.05,Aeromonas_B,R3,4.33
124.05,Aeromonas_B,R3,4.27
125.05,Aeromonas_B,R3,4.23
126.05,Aeromonas_B,R3,4.18
127.05,Aeromonas_B,R3,4.11
128.05,Aeromonas_B,R3,4.05
129.05,Aeromonas_B,R3,4.01
130.05,Aeromonas_B,R3,3.95
131.05,Aeromonas_B,R3,3.88
132.05,Aeromonas_B,R3,3.81
133.05,Aeromonas_B,R3,3.73
134.05,Aeromonas_B,R3,3.66
135.05,Aeromonas_B,R3,3.58
136.05,Aeromonas_B,R3,3.5
137.05,Aeromonas_B,R3,3.43
138.05,Aeromonas_B,R3,3.33
139.05,Aeromonas_B,R3,3.24
140.05,Aeromonas_B,R3,3.16
141.05,Aeromonas_B,R3,3.06
142.05,Aeromonas_B,R3,2.96
143.05,Aeromonas_B,R3,2.87
144.05,Aeromonas_B,R3,2.79
145.05,Aeromonas_B,R3,2.65
146.05,Aeromonas_B,R3,2.55
147.05,Aeromonas_B,R3,2.43
148.05,Aeromonas_B,R3,2.31
149.05,Aeromonas_B,R3,2.19
150.05,Aeromonas_B,R3,2.05
151.05,Aeromonas_B,R3,1.93
152.05,Aeromonas_B,R3,1.79
153.05,Aeromonas_B,R3,1.66
154.05,Aeromonas_B,R3,1.51
155.05,Aeromonas_B,R3,1.36
156.05,Aeromonas_B,R3,1.2
157.05,Aeromonas_B,R3,1.03
158.05,Aeromonas_B,R3,0.88
159.05,Aeromonas_B,R3,0.71
160.05,Aeromonas_B,R3,0.52
161.05,Aeromonas_B,R3,0.34
162.05,Aeromonas_B,R3,0.15
163.05,Aeromonas_B,R3,0
164.05,Aeromonas_B,R3,0
165.05,Aeromonas_B,R3,0
166.05,Aeromonas_B,R3,0
167.05,Aeromonas_B,R3,0
168.05,Aeromonas_B,R3,0
169.05,Aeromonas_B,R3,0
170.05,Aeromonas_B,R3,0
171.05,Aeromonas_B,R3,0
172.05,Aeromonas_B,R3,0
173.05,Aeromonas_B,R3,0
174.05,Aeromonas_B,R3,0
175.05,Aeromonas_B,R3,0
176.05,Aeromonas_B,R3,0
177.05,Aeromonas_B,R3,0
178.05,Aeromonas_B,R3,0
179.05,Aeromonas_B,R3,0
180.05,Aeromonas_B,R3,0
181.05,Aeromonas_B,R3,0
182.05,Aeromonas_B,R3,0
183.05,Aeromonas_B,R3,0
184.05,Aeromonas_B,R3,0
185.05,Aeromonas_B,R3,0
186.05,Aeromonas_B,R3,0
187.05,Aeromonas_B,R3,0
188.05,Aeromonas_B,R3,0
189.05,Aeromonas_B,R3,0
190.05,Aeromonas_B,R3,0
191.05,Aeromonas_B,R3,0
192.05,Aeromonas_B,R3,0
193.05,Aeromonas_B,R3,0
194.05,Aeromonas_B,R3,0
195.05,Aeromonas_B,R3,0
196.05,Aeromonas_B,R3,0
197.05,Aeromonas_B,R3,0
0.03,Arthrobacter,R3,4.98
1.03,Arthrobacter,R3,4.91
2.03,Arthrobacter,R3,4.94
3.03,Arthrobacter,R3,4.98
4.03,Arthrobacter,R3,5.01
5.03,Arthrobacter,R3,5.05
6.03,Arthrobacter,R3,5.11
7.03,Arthrobacter,R3,5.15
8.03,Arthrobacter,R3,5.18
9.03,Arthrobacter,R3,5.24
10.03,Arthrobacter,R3,5.27
11.03,Arthrobacter,R3,5.32
12.03,Arthrobacter,R3,5.38
13.03,Arthrobacter,R3,5.41
14.03,Arthrobacter,R3,5.47
15.03,Arthrobacter,R3,5.49
16.03,Arthrobacter,R3,5.52
17.03,Arthrobacter,R3,5.54
18.03,Arthrobacter,R3,5.59
19.03,Arthrobacter,R3,5.61
20.03,Arthrobacter,R3,5.63
21.03,Arthrobacter,R3,5.66
22.03,Arthrobacter,R3,5.68
23.03,Arthrobacter,R3,5.72
24.03,Arthrobacter,R3,5.73
25.03,Arthrobacter,R3,5.75
26.03,Arthrobacter,R3,5.77
27.03,Arthrobacter,R3,5.78
28.03,Arthrobacter,R3,5.82
29.03,Arthrobacter,R3,5.84
30.03,Arthrobacter,R3,5.83
31.03,Arthrobacter,R3,5.87
32.03,Arthrobacter,R3,5.88
33.03,Arthrobacter,R3,5.88
34.03,Arthrobacter,R3,5.92
35.03,Arthrobacter,R3,5.92
36.03,Arthrobacter,R3,5.94
37.03,Arthrobacter,R3,5.95
38.03,Arthrobacter,R3,5.96
39.03,Arthrobacter,R3,5.97
40.03,Arthrobacter,R3,5.97
41.03,Arthrobacter,R3,5.99
42.03,Arthrobacter,R3,5.99
43.03,Arthrobacter,R3,6
44.03,Arthrobacter,R3,6.01
45.03,Arthrobacter,R3,6.02
46.03,Arthrobacter,R3,6.03
47.03,Arthrobacter,R3,6.04
48.03,Arthrobacter,R3,6.04
49.03,Arthrobacter,R3,6.03
50.05,Arthrobacter,R3,6.03
51.05,Arthrobacter,R3,6.03
52.05,Arthrobacter,R3,6.04
53.05,Arthrobacter,R3,6.03
54.05,Arthrobacter,R3,6.05
55.05,Arthrobacter,R3,6.04
56.05,Arthrobacter,R3,6.04
57.05,Arthrobacter,R3,6.02
58.05,Arthrobacter,R3,6
59.05,Arthrobacter,R3,5.98
60.05,Arthrobacter,R3,5.99
61.05,Arthrobacter,R3,5.97
62.05,Arthrobacter,R3,5.95
63.05,Arthrobacter,R3,5.93
64.05,Arthrobacter,R3,5.93
65.05,Arthrobacter,R3,5.91
66.05,Arthrobacter,R3,5.9
67.05,Arthrobacter,R3,5.87
68.05,Arthrobacter,R3,5.87
69.05,Arthrobacter,R3,5.85
70.05,Arthrobacter,R3,5.85
71.05,Arthrobacter,R3,5.82
72.05,Arthrobacter,R3,5.81
73.05,Arthrobacter,R3,5.79
74.05,Arthrobacter,R3,5.79
75.05,Arthrobacter,R3,5.76
76.05,Arthrobacter,R3,5.73
77.05,Arthrobacter,R3,5.72
78.05,Arthrobacter,R3,5.69
79.05,Arthrobacter,R3,5.68
80.05,Arthrobacter,R3,5.66
81.05,Arthrobacter,R3,5.64
82.05,Arthrobacter,R3,5.62
83.05,Arthrobacter,R3,5.61
84.05,Arthrobacter,R3,5.57
85.05,Arthrobacter,R3,5.57
86.05,Arthrobacter,R3,5.53
87.05,Arthrobacter,R3,5.52
88.05,Arthrobacter,R3,5.48
89.05,Arthrobacter,R3,5.46
90.05,Arthrobacter,R3,5.44
91.05,Arthrobacter,R3,5.42
92.05,Arthrobacter,R3,5.4
93.05,Arthrobacter,R3,5.36
94.05,Arthrobacter,R3,5.33
95.05,Arthrobacter,R3,5.31
96.05,Arthrobacter,R3,5.29
97.05,Arthrobacter,R3,5.25
98.05,Arthrobacter,R3,5.22
99.05,Arthrobacter,R3,5.21
100.05,Arthrobacter,R3,5.18
101.05,Arthrobacter,R3,5.13
102.05,Arthrobacter,R3,5.1
103.05,Arthrobacter,R3,5.07
104.05,Arthrobacter,R3,5.04
105.05,Arthrobacter,R3,5.02
106.05,Arthrobacter,R3,4.97
107.05,Arthrobacter,R3,4.95
108.05,Arthrobacter,R3,4.91
109.05,Arthrobacter,R3,4.87
110.05,Arthrobacter,R3,4.85
111.05,Arthrobacter,R3,4.79
112.05,Arthrobacter,R3,4.76
113.05,Arthrobacter,R3,4.72
114.05,Arthrobacter,R3,4.69
115.05,Arthrobacter,R3,4.64
116.05,Arthrobacter,R3,4.6
117.05,Arthrobacter,R3,4.55
118.05,Arthrobacter,R3,4.51
119.05,Arthrobacter,R3,4.46
120.05,Arthrobacter,R3,4.41
121.05,Arthrobacter,R3,4.36
122.05,Arthrobacter,R3,4.32
123.05,Arthrobacter,R3,4.27
124.05,Arthrobacter,R3,4.21
125.05,Arthrobacter,R3,4.17
126.05,Arthrobacter,R3,4.13
127.05,Arthrobacter,R3,4.07
128.05,Arthrobacter,R3,4.01
129.05,Arthrobacter,R3,3.96
130.05,Arthrobacter,R3,3.9
131.05,Arthrobacter,R3,3.84
132.05,Arthrobacter,R3,3.78
133.05,Arthrobacter,R3,3.73
134.05,Arthrobacter,R3,3.67
135.05,Arthrobacter,R3,3.59
136.05,Arthrobacter,R3,3.54
137.05,Arthrobacter,R3,3.49
138.05,Arthrobacter,R3,3.4
139.05,Arthrobacter,R3,3.32
140.05,Arthrobacter,R3,3.27
141.05,Arthrobacter,R3,3.19
142.05,Arthrobacter,R3,3.13
143.05,Arthrobacter,R3,3.03
144.05,Arthrobacter,R3,2.95
145.05,Arthrobacter,R3,2.88
146.05,Arthrobacter,R3,2.79
147.05,Arthrobacter,R3,2.7
148.05,Arthrobacter,R3,2.63
149.05,Arthrobacter,R3,2.55
150.05,Arthrobacter,R3,2.46
151.05,Arthrobacter,R3,2.38
152.05,Arthrobacter,R3,2.29
153.05,Arthrobacter,R3,2.18
154.05,Arthrobacter,R3,2.1
155.05,Arthrobacter,R3,1.99
156.05,Arthrobacter,R3,1.89
157.05,Arthrobacter,R3,1.77
158.05,Arthrobacter,R3,1.68
159.05,Arthrobacter,R3,1.58
160.05,Arthrobacter,R3,1.45
161.05,Arthrobacter,R3,1.37
162.05,Arthrobacter,R3,1.23
163.05,Arthrobacter,R3,1.12
164.05,Arthrobacter,R3,1.01
165.05,Arthrobacter,R3,0.89
166.05,Arthrobacter,R3,0.77
167.05,Arthrobacter,R3,0.66
168.05,Arthrobacter,R3,0.51
169.05,Arthrobacter,R3,0.37
170.05,Arthrobacter,R3,0.24
171.05,Arthrobacter,R3,0.15
172.05,Arthrobacter,R3,0.11
173.05,Arthrobacter,R3,0.11
174.05,Arthrobacter,R3,0.1
175.05,Arthrobacter,R3,0.09
176.05,Arthrobacter,R3,0.1
177.05,Arthrobacter,R3,0.1
178.05,Arthrobacter,R3,0.08
179.05,Arthrobacter,R3,0.1
180.05,Arthrobacter,R3,0.08
181.05,Arthrobacter,R3,0.08
182.05,Arthrobacter,R3,0.09
183.05,Arthrobacter,R3,0.09
184.05,Arthrobacter,R3,0.09
185.05,Arthrobacter,R3,0.09
186.05,Arthrobacter,R3,0.09
187.05,Arthrobacter,R3,0.09
188.05,Arthrobacter,R3,0.09
189.05,Arthrobacter,R3,0.08
190.05,Arthrobacter,R3,0.09
191.05,Arthrobacter,R3,0.08
192.05,Arthrobacter,R3,0.08
193.05,Arthrobacter,R3,0.09
194.05,Arthrobacter,R3,0.08
195.05,Arthrobacter,R3,0.08
196.05,Arthrobacter,R3,0.08
197.05,Arthrobacter,R3,0.08
0.03,Burkholderia,R3,5.47
1.03,Burkholderia,R3,5.46
2.03,Burkholderia,R3,5.48
3.03,Burkholderia,R3,5.51
4.03,Burkholderia,R3,5.56
5.03,Burkholderia,R3,5.61
6.03,Burkholderia,R3,5.64
7.03,Burkholderia,R3,5.68
8.03,Burkholderia,R3,5.72
9.03,Burkholderia,R3,5.76
10.03,Burkholderia,R3,5.81
11.03,Burkholderia,R3,5.86
12.03,Burkholderia,R3,5.9
13.03,Burkholderia,R3,5.94
14.03,Burkholderia,R3,5.97
15.03,Burkholderia,R3,6.02
16.03,Burkholderia,R3,6.03
17.03,Burkholderia,R3,6.07
18.03,Burkholderia,R3,6.1
19.03,Burkholderia,R3,6.14
20.03,Burkholderia,R3,6.17
21.03,Burkholderia,R3,6.21
22.03,Burkholderia,R3,6.23
23.03,Burkholderia,R3,6.26
24.03,Burkholderia,R3,6.28
25.03,Burkholderia,R3,6.33
26.03,Burkholderia,R3,6.35
27.03,Burkholderia,R3,6.37
28.03,Burkholderia,R3,6.39
29.03,Burkholderia,R3,6.42
30.03,Burkholderia,R3,6.43
31.03,Burkholderia,R3,6.45
32.03,Burkholderia,R3,6.46
33.03,Burkholderia,R3,6.5
34.03,Burkholderia,R3,6.5
35.03,Burkholderia,R3,6.53
36.03,Burkholderia,R3,6.54
37.03,Burkholderia,R3,6.55
38.03,Burkholderia,R3,6.57
39.03,Burkholderia,R3,6.58
40.03,Burkholderia,R3,6.59
41.03,Burkholderia,R3,6.6
42.03,Burkholderia,R3,6.61
43.03,Burkholderia,R3,6.62
44.03,Burkholderia,R3,6.65
45.03,Burkholderia,R3,6.65
46.03,Burkholderia,R3,6.67
47.03,Burkholderia,R3,6.67
48.03,Burkholderia,R3,6.66
49.03,Burkholderia,R3,6.68
50.05,Burkholderia,R3,6.68
51.05,Burkholderia,R3,6.68
52.05,Burkholderia,R3,6.69
53.05,Burkholderia,R3,6.7
54.05,Burkholderia,R3,6.7
55.05,Burkholderia,R3,6.7
56.05,Burkholderia,R3,6.71
57.05,Burkholderia,R3,6.69
58.05,Burkholderia,R3,6.68
59.05,Burkholderia,R3,6.7
60.05,Burkholderia,R3,6.7
61.05,Burkholderia,R3,6.66
62.05,Burkholderia,R3,6.66
63.05,Burkholderia,R3,6.64
64.05,Burkholderia,R3,6.64
65.05,Burkholderia,R3,6.64
66.05,Burkholderia,R3,6.62
67.05,Burkholderia,R3,6.6
68.05,Burkholderia,R3,6.61
69.05,Burkholderia,R3,6.59
70.05,Burkholderia,R3,6.57
71.05,Burkholderia,R3,6.56
72.05,Burkholderia,R3,6.54
73.05,Burkholderia,R3,6.55
74.05,Burkholderia,R3,6.53
75.05,Burkholderia,R3,6.51
76.05,Burkholderia,R3,6.5
77.05,Burkholderia,R3,6.52
78.05,Burkholderia,R3,6.48
79.05,Burkholderia,R3,6.47
80.05,Burkholderia,R3,6.44
81.05,Burkholderia,R3,6.43
82.05,Burkholderia,R3,6.41
83.05,Burkholderia,R3,6.4
84.05,Burkholderia,R3,6.4
85.05,Burkholderia,R3,6.37
86.05,Burkholderia,R3,6.36
87.05,Burkholderia,R3,6.35
88.05,Burkholderia,R3,6.33
89.05,Burkholderia,R3,6.33
90.05,Burkholderia,R3,6.29
91.05,Burkholderia,R3,6.29
92.05,Burkholderia,R3,6.26
93.05,Burkholderia,R3,6.27
94.05,Burkholderia,R3,6.23
95.05,Burkholderia,R3,6.21
96.05,Burkholderia,R3,6.19
97.05,Burkholderia,R3,6.19
98.05,Burkholderia,R3,6.15
99.05,Burkholderia,R3,6.12
100.05,Burkholderia,R3,6.11
101.05,Burkholderia,R3,6.08
102.05,Burkholderia,R3,6.08
103.05,Burkholderia,R3,6.05
104.05,Burkholderia,R3,6.02
105.05,Burkholderia,R3,5.99
106.05,Burkholderia,R3,5.97
107.05,Burkholderia,R3,5.95
108.05,Burkholderia,R3,5.94
109.05,Burkholderia,R3,5.91
110.05,Burkholderia,R3,5.89
111.05,Burkholderia,R3,5.86
112.05,Burkholderia,R3,5.83
113.05,Burkholderia,R3,5.81
114.05,Burkholderia,R3,5.78
115.05,Burkholderia,R3,5.75
116.05,Burkholderia,R3,5.71
117.05,Burkholderia,R3,5.69
118.05,Burkholderia,R3,5.65
119.05,Burkholderia,R3,5.62
120.05,Burkholderia,R3,5.6
121.05,Burkholderia,R3,5.56
122.05,Burkholderia,R3,5.52
123.05,Burkholderia,R3,5.51
124.05,Burkholderia,R3,5.46
125.05,Burkholderia,R3,5.44
126.05,Burkholderia,R3,5.39
127.05,Burkholderia,R3,5.36
128.05,Burkholderia,R3,5.32
129.05,Burkholderia,R3,5.28
130.05,Burkholderia,R3,5.25
131.05,Burkholderia,R3,5.21
132.05,Burkholderia,R3,5.16
133.05,Burkholderia,R3,5.11
134.05,Burkholderia,R3,5.07
135.05,Burkholderia,R3,5.06
136.05,Burkholderia,R3,4.99
137.05,Burkholderia,R3,4.96
138.05,Burkholderia,R3,4.9
139.05,Burkholderia,R3,4.87
140.05,Burkholderia,R3,4.82
141.05,Burkholderia,R3,4.78
142.05,Burkholderia,R3,4.72
143.05,Burkholderia,R3,4.66
144.05,Burkholderia,R3,4.6
145.05,Burkholderia,R3,4.55
146.05,Burkholderia,R3,4.5
147.05,Burkholderia,R3,4.46
148.05,Burkholderia,R3,4.4
149.05,Burkholderia,R3,4.34
150.05,Burkholderia,R3,4.27
151.05,Burkholderia,R3,4.21
152.05,Burkholderia,R3,4.15
153.05,Burkholderia,R3,4.09
154.05,Burkholderia,R3,4.01
155.05,Burkholderia,R3,3.97
156.05,Burkholderia,R3,3.91
157.05,Burkholderia,R3,3.83
158.05,Burkholderia,R3,3.77
159.05,Burkholderia,R3,3.69
160.05,Burkholderia,R3,3.6
161.05,Burkholderia,R3,3.54
162.05,Burkholderia,R3,3.47
163.05,Burkholderia,R3,3.4
164.05,Burkholderia,R3,3.31
165.05,Burkholderia,R3,3.22
166.05,Burkholderia,R3,3.16
167.05,Burkholderia,R3,3.07
168.05,Burkholderia,R3,2.98
169.05,Burkholderia,R3,2.9
170.05,Burkholderia,R3,2.81
171.05,Burkholderia,R3,2.72
172.05,Burkholderia,R3,2.63
173.05,Burkholderia,R3,2.54
174.05,Burkholderia,R3,2.44
175.05,Burkholderia,R3,2.33
176.05,Burkholderia,R3,2.22
177.05,Burkholderia,R3,2.12
178.05,Burkholderia,R3,2.02
179.05,Burkholderia,R3,1.9
180.05,Burkholderia,R3,1.79
181.05,Burkholderia,R3,1.68
182.05,Burkholderia,R3,1.59
183.05,Burkholderia,R3,1.45
184.05,Burkholderia,R3,1.35
185.05,Burkholderia,R3,1.21
186.05,Burkholderia,R3,1.09
187.05,Burkholderia,R3,0.97
188.05,Burkholderia,R3,0.84
189.05,Burkholderia,R3,0.7
190.05,Burkholderia,R3,0.56
191.05,Burkholderia,R3,0.43
192.05,Burkholderia,R3,0.4
193.05,Burkholderia,R3,0.39
194.05,Burkholderia,R3,0.39
195.05,Burkholderia,R3,0.39
196.05,Burkholderia,R3,0.39
197.05,Burkholderia,R3,0.38
0.03,Buttiauxella,R3,4.67
1.03,Buttiauxella,R3,4.66
2.03,Buttiauxella,R3,4.69
3.03,Buttiauxella,R3,4.76
4.03,Buttiauxella,R3,4.82
5.03,Buttiauxella,R3,4.87
6.03,Buttiauxella,R3,4.93
7.03,Buttiauxella,R3,5
8.03,Buttiauxella,R3,5.05
9.03,Buttiauxella,R3,5.09
10.03,Buttiauxella,R3,5.14
11.03,Buttiauxella,R3,5.19
12.03,Buttiauxella,R3,5.23
13.03,Buttiauxella,R3,5.27
14.03,Buttiauxella,R3,5.3
15.03,Buttiauxella,R3,5.35
16.03,Buttiauxella,R3,5.37
17.03,Buttiauxella,R3,5.4
18.03,Buttiauxella,R3,5.43
19.03,Buttiauxella,R3,5.46
20.03,Buttiauxella,R3,5.49
21.03,Buttiauxella,R3,5.52
22.03,Buttiauxella,R3,5.56
23.03,Buttiauxella,R3,5.57
24.03,Buttiauxella,R3,5.6
25.03,Buttiauxella,R3,5.61
26.03,Buttiauxella,R3,5.64
27.03,Buttiauxella,R3,5.66
28.03,Buttiauxella,R3,5.69
29.03,Buttiauxella,R3,5.72
30.03,Buttiauxella,R3,5.73
31.03,Buttiauxella,R3,5.75
32.03,Buttiauxella,R3,5.75
33.03,Buttiauxella,R3,5.76
34.03,Buttiauxella,R3,5.77
35.03,Buttiauxella,R3,5.78
36.03,Buttiauxella,R3,5.79
37.03,Buttiauxella,R3,5.79
38.03,Buttiauxella,R3,5.8
39.03,Buttiauxella,R3,5.82
40.03,Buttiauxella,R3,5.83
41.03,Buttiauxella,R3,5.84
42.03,Buttiauxella,R3,5.84
43.03,Buttiauxella,R3,5.86
44.03,Buttiauxella,R3,5.87
45.03,Buttiauxella,R3,5.87
46.03,Buttiauxella,R3,5.88
47.03,Buttiauxella,R3,5.88
48.03,Buttiauxella,R3,5.89
49.03,Buttiauxella,R3,5.9
50.05,Buttiauxella,R3,5.9
51.05,Buttiauxella,R3,5.88
52.05,Buttiauxella,R3,5.87
53.05,Buttiauxella,R3,5.87
54.05,Buttiauxella,R3,5.87
55.05,Buttiauxella,R3,5.86
56.05,Buttiauxella,R3,5.84
57.05,Buttiauxella,R3,5.83
58.05,Buttiauxella,R3,5.8
59.05,Buttiauxella,R3,5.8
60.05,Buttiauxella,R3,5.78
61.05,Buttiauxella,R3,5.78
62.05,Buttiauxella,R3,5.77
63.05,Buttiauxella,R3,5.77
64.05,Buttiauxella,R3,5.75
65.05,Buttiauxella,R3,5.74
66.05,Buttiauxella,R3,5.73
67.05,Buttiauxella,R3,5.72
68.05,Buttiauxella,R3,5.7
69.05,Buttiauxella,R3,5.68
70.05,Buttiauxella,R3,5.67
71.05,Buttiauxella,R3,5.67
72.05,Buttiauxella,R3,5.65
73.05,Buttiauxella,R3,5.64
74.05,Buttiauxella,R3,5.61
75.05,Buttiauxella,R3,5.61
76.05,Buttiauxella,R3,5.6
77.05,Buttiauxella,R3,5.58
78.05,Buttiauxella,R3,5.56
79.05,Buttiauxella,R3,5.55
80.05,Buttiauxella,R3,5.52
81.05,Buttiauxella,R3,5.52
82.05,Buttiauxella,R3,5.5
83.05,Buttiauxella,R3,5.48
84.05,Buttiauxella,R3,5.46
85.05,Buttiauxella,R3,5.45
86.05,Buttiauxella,R3,5.44
87.05,Buttiauxella,R3,5.42
88.05,Buttiauxella,R3,5.39
89.05,Buttiauxella,R3,5.38
90.05,Buttiauxella,R3,5.35
91.05,Buttiauxella,R3,5.34
92.05,Buttiauxella,R3,5.31
93.05,Buttiauxella,R3,5.3
94.05,Buttiauxella,R3,5.28
95.05,Buttiauxella,R3,5.25
96.05,Buttiauxella,R3,5.23
97.05,Buttiauxella,R3,5.21
98.05,Buttiauxella,R3,5.18
99.05,Buttiauxella,R3,5.16
100.05,Buttiauxella,R3,5.14
101.05,Buttiauxella,R3,5.1
102.05,Buttiauxella,R3,5.07
103.05,Buttiauxella,R3,5.06
104.05,Buttiauxella,R3,5.03
105.05,Buttiauxella,R3,5
106.05,Buttiauxella,R3,4.97
107.05,Buttiauxella,R3,4.94
108.05,Buttiauxella,R3,4.9
109.05,Buttiauxella,R3,4.89
110.05,Buttiauxella,R3,4.86
111.05,Buttiauxella,R3,4.82
112.05,Buttiauxella,R3,4.78
113.05,Buttiauxella,R3,4.75
114.05,Buttiauxella,R3,4.71
115.05,Buttiauxella,R3,4.68
116.05,Buttiauxella,R3,4.66
117.05,Buttiauxella,R3,4.62
118.05,Buttiauxella,R3,4.59
119.05,Buttiauxella,R3,4.54
120.05,Buttiauxella,R3,4.52
121.05,Buttiauxella,R3,4.48
122.05,Buttiauxella,R3,4.42
123.05,Buttiauxella,R3,4.38
124.05,Buttiauxella,R3,4.35
125.05,Buttiauxella,R3,4.31
126.05,Buttiauxella,R3,4.26
127.05,Buttiauxella,R3,4.22
128.05,Buttiauxella,R3,4.17
129.05,Buttiauxella,R3,4.11
130.05,Buttiauxella,R3,4.08
131.05,Buttiauxella,R3,4.03
132.05,Buttiauxella,R3,3.99
133.05,Buttiauxella,R3,3.94
134.05,Buttiauxella,R3,3.88
135.05,Buttiauxella,R3,3.83
136.05,Buttiauxella,R3,3.76
137.05,Buttiauxella,R3,3.73
138.05,Buttiauxella,R3,3.67
139.05,Buttiauxella,R3,3.61
140.05,Buttiauxella,R3,3.54
141.05,Buttiauxella,R3,3.48
142.05,Buttiauxella,R3,3.42
143.05,Buttiauxella,R3,3.37
144.05,Buttiauxella,R3,3.3
145.05,Buttiauxella,R3,3.23
146.05,Buttiauxella,R3,3.18
147.05,Buttiauxella,R3,3.1
148.05,Buttiauxella,R3,3.03
149.05,Buttiauxella,R3,2.96
150.05,Buttiauxella,R3,2.89
151.05,Buttiauxella,R3,2.81
152.05,Buttiauxella,R3,2.75
153.05,Buttiauxella,R3,2.67
154.05,Buttiauxella,R3,2.58
155.05,Buttiauxella,R3,2.49
156.05,Buttiauxella,R3,2.42
157.05,Buttiauxella,R3,2.34
158.05,Buttiauxella,R3,2.26
159.05,Buttiauxella,R3,2.16
160.05,Buttiauxella,R3,2.08
161.05,Buttiauxella,R3,1.99
162.05,Buttiauxella,R3,1.89
163.05,Buttiauxella,R3,1.81
164.05,Buttiauxella,R3,1.7
165.05,Buttiauxella,R3,1.61
166.05,Buttiauxella,R3,1.49
167.05,Buttiauxella,R3,1.38
168.05,Buttiauxella,R3,1.29
169.05,Buttiauxella,R3,1.18
170.05,Buttiauxella,R3,1.07
171.05,Buttiauxella,R3,0.96
172.05,Buttiauxella,R3,0.82
173.05,Buttiauxella,R3,0.72
174.05,Buttiauxella,R3,0.58
175.05,Buttiauxella,R3,0.48
176.05,Buttiauxella,R3,0.34
177.05,Buttiauxella,R3,0.21
178.05,Buttiauxella,R3,0.12
179.05,Buttiauxella,R3,0.08
180.05,Buttiauxella,R3,0.07
181.05,Buttiauxella,R3,0.05
182.05,Buttiauxella,R3,0.05
183.05,Buttiauxella,R3,0.05
184.05,Buttiauxella,R3,0.05
185.05,Buttiauxella,R3,0.05
186.05,Buttiauxella,R3,0.05
187.05,Buttiauxella,R3,0.05
188.05,Buttiauxella,R3,0.05
189.05,Buttiauxella,R3,0.05
190.05,Buttiauxella,R3,0.05
191.05,Buttiauxella,R3,0.05
192.05,Buttiauxella,R3,0.04
193.05,Buttiauxella,R3,0.05
194.05,Buttiauxella,R3,0.05
195.05,Buttiauxella,R3,0.05
196.05,Buttiauxella,R3,0.05
197.05,Buttiauxella,R3,0.05
0.03,Flavobacterium_B,R3,5.09
1.03,Flavobacterium_B,R3,5.08
2.03,Flavobacterium_B,R3,5.14
3.03,Flavobacterium_B,R3,5.2
4.03,Flavobacterium_B,R3,5.27
5.03,Flavobacterium_B,R3,5.32
6.03,Flavobacterium_B,R3,5.38
7.03,Flavobacterium_B,R3,5.44
8.03,Flavobacterium_B,R3,5.49
9.03,Flavobacterium_B,R3,5.54
10.03,Flavobacterium_B,R3,5.59
11.03,Flavobacterium_B,R3,5.64
12.03,Flavobacterium_B,R3,5.68
13.03,Flavobacterium_B,R3,5.73
14.03,Flavobacterium_B,R3,5.76
15.03,Flavobacterium_B,R3,5.82
16.03,Flavobacterium_B,R3,5.85
17.03,Flavobacterium_B,R3,5.88
18.03,Flavobacterium_B,R3,5.91
19.03,Flavobacterium_B,R3,5.95
20.03,Flavobacterium_B,R3,5.98
21.03,Flavobacterium_B,R3,6.01
22.03,Flavobacterium_B,R3,6.03
23.03,Flavobacterium_B,R3,6.06
24.03,Flavobacterium_B,R3,6.09
25.03,Flavobacterium_B,R3,6.12
26.03,Flavobacterium_B,R3,6.15
27.03,Flavobacterium_B,R3,6.17
28.03,Flavobacterium_B,R3,6.19
29.03,Flavobacterium_B,R3,6.21
30.03,Flavobacterium_B,R3,6.22
31.03,Flavobacterium_B,R3,6.24
32.03,Flavobacterium_B,R3,6.26
33.03,Flavobacterium_B,R3,6.28
34.03,Flavobacterium_B,R3,6.29
35.03,Flavobacterium_B,R3,6.31
36.03,Flavobacterium_B,R3,6.32
37.03,Flavobacterium_B,R3,6.33
38.03,Flavobacterium_B,R3,6.34
39.03,Flavobacterium_B,R3,6.35
40.03,Flavobacterium_B,R3,6.36
41.03,Flavobacterium_B,R3,6.36
42.03,Flavobacterium_B,R3,6.37
43.03,Flavobacterium_B,R3,6.38
44.03,Flavobacterium_B,R3,6.39
45.03,Flavobacterium_B,R3,6.4
46.03,Flavobacterium_B,R3,6.4
47.03,Flavobacterium_B,R3,6.4
48.03,Flavobacterium_B,R3,6.4
49.03,Flavobacterium_B,R3,6.4
50.05,Flavobacterium_B,R3,6.39
51.05,Flavobacterium_B,R3,6.41
52.05,Flavobacterium_B,R3,6.4
53.05,Flavobacterium_B,R3,6.4
54.05,Flavobacterium_B,R3,6.39
55.05,Flavobacterium_B,R3,6.37
56.05,Flavobacterium_B,R3,6.36
57.05,Flavobacterium_B,R3,6.35
58.05,Flavobacterium_B,R3,6.34
59.05,Flavobacterium_B,R3,6.33
60.05,Flavobacterium_B,R3,6.32
61.05,Flavobacterium_B,R3,6.3
62.05,Flavobacterium_B,R3,6.28
63.05,Flavobacterium_B,R3,6.27
64.05,Flavobacterium_B,R3,6.27
65.05,Flavobacterium_B,R3,6.25
66.05,Flavobacterium_B,R3,6.25
67.05,Flavobacterium_B,R3,6.23
68.05,Flavobacterium_B,R3,6.21
69.05,Flavobacterium_B,R3,6.2
70.05,Flavobacterium_B,R3,6.18
71.05,Flavobacterium_B,R3,6.18
72.05,Flavobacterium_B,R3,6.17
73.05,Flavobacterium_B,R3,6.16
74.05,Flavobacterium_B,R3,6.12
75.05,Flavobacterium_B,R3,6.14
76.05,Flavobacterium_B,R3,6.12
77.05,Flavobacterium_B,R3,6.1
78.05,Flavobacterium_B,R3,6.08
79.05,Flavobacterium_B,R3,6.07
80.05,Flavobacterium_B,R3,6.06
81.05,Flavobacterium_B,R3,6.04
82.05,Flavobacterium_B,R3,6.03
83.05,Flavobacterium_B,R3,6
84.05,Flavobacterium_B,R3,5.98
85.05,Flavobacterium_B,R3,5.98
86.05,Flavobacterium_B,R3,5.96
87.05,Flavobacterium_B,R3,5.95
88.05,Flavobacterium_B,R3,5.92
89.05,Flavobacterium_B,R3,5.93
90.05,Flavobacterium_B,R3,5.89
91.05,Flavobacterium_B,R3,5.86
92.05,Flavobacterium_B,R3,5.85
93.05,Flavobacterium_B,R3,5.85
94.05,Flavobacterium_B,R3,5.82
95.05,Flavobacterium_B,R3,5.81
96.05,Flavobacterium_B,R3,5.78
97.05,Flavobacterium_B,R3,5.76
98.05,Flavobacterium_B,R3,5.75
99.05,Flavobacterium_B,R3,5.74
100.05,Flavobacterium_B,R3,5.7
101.05,Flavobacterium_B,R3,5.7
102.05,Flavobacterium_B,R3,5.67
103.05,Flavobacterium_B,R3,5.66
104.05,Flavobacterium_B,R3,5.62
105.05,Flavobacterium_B,R3,5.6
106.05,Flavobacterium_B,R3,5.6
107.05,Flavobacterium_B,R3,5.56
108.05,Flavobacterium_B,R3,5.54
109.05,Flavobacterium_B,R3,5.53
110.05,Flavobacterium_B,R3,5.48
111.05,Flavobacterium_B,R3,5.47
112.05,Flavobacterium_B,R3,5.45
113.05,Flavobacterium_B,R3,5.42
114.05,Flavobacterium_B,R3,5.4
115.05,Flavobacterium_B,R3,5.37
116.05,Flavobacterium_B,R3,5.36
117.05,Flavobacterium_B,R3,5.33
118.05,Flavobacterium_B,R3,5.29
119.05,Flavobacterium_B,R3,5.28
120.05,Flavobacterium_B,R3,5.25
121.05,Flavobacterium_B,R3,5.23
122.05,Flavobacterium_B,R3,5.2
123.05,Flavobacterium_B,R3,5.18
124.05,Flavobacterium_B,R3,5.14
125.05,Flavobacterium_B,R3,5.11
126.05,Flavobacterium_B,R3,5.09
127.05,Flavobacterium_B,R3,5.05
128.05,Flavobacterium_B,R3,5.02
129.05,Flavobacterium_B,R3,4.99
130.05,Flavobacterium_B,R3,4.98
131.05,Flavobacterium_B,R3,4.94
132.05,Flavobacterium_B,R3,4.9
133.05,Flavobacterium_B,R3,4.87
134.05,Flavobacterium_B,R3,4.84
135.05,Flavobacterium_B,R3,4.82
136.05,Flavobacterium_B,R3,4.77
137.05,Flavobacterium_B,R3,4.74
138.05,Flavobacterium_B,R3,4.71
139.05,Flavobacterium_B,R3,4.67
140.05,Flavobacterium_B,R3,4.64
141.05,Flavobacterium_B,R3,4.61
142.05,Flavobacterium_B,R3,4.56
143.05,Flavobacterium_B,R3,4.53
144.05,Flavobacterium_B,R3,4.49
145.05,Flavobacterium_B,R3,4.47
146.05,Flavobacterium_B,R3,4.41
147.05,Flavobacterium_B,R3,4.38
148.05,Flavobacterium_B,R3,4.34
149.05,Flavobacterium_B,R3,4.3
150.05,Flavobacterium_B,R3,4.26
151.05,Flavobacterium_B,R3,4.22
152.05,Flavobacterium_B,R3,4.18
153.05,Flavobacterium_B,R3,4.15
154.05,Flavobacterium_B,R3,4.09
155.05,Flavobacterium_B,R3,4.05
156.05,Flavobacterium_B,R3,4.03
157.05,Flavobacterium_B,R3,3.97
158.05,Flavobacterium_B,R3,3.93
159.05,Flavobacterium_B,R3,3.87
160.05,Flavobacterium_B,R3,3.84
161.05,Flavobacterium_B,R3,3.77
162.05,Flavobacterium_B,R3,3.73
163.05,Flavobacterium_B,R3,3.69
164.05,Flavobacterium_B,R3,3.64
165.05,Flavobacterium_B,R3,3.59
166.05,Flavobacterium_B,R3,3.54
167.05,Flavobacterium_B,R3,3.49
168.05,Flavobacterium_B,R3,3.45
169.05,Flavobacterium_B,R3,3.39
170.05,Flavobacterium_B,R3,3.34
171.05,Flavobacterium_B,R3,3.28
172.05,Flavobacterium_B,R3,3.23
173.05,Flavobacterium_B,R3,3.17
174.05,Flavobacterium_B,R3,3.12
175.05,Flavobacterium_B,R3,3.06
176.05,Flavobacterium_B,R3,3
177.05,Flavobacterium_B,R3,2.94
178.05,Flavobacterium_B,R3,2.89
179.05,Flavobacterium_B,R3,2.82
180.05,Flavobacterium_B,R3,2.77
181.05,Flavobacterium_B,R3,2.7
182.05,Flavobacterium_B,R3,2.63
183.05,Flavobacterium_B,R3,2.57
184.05,Flavobacterium_B,R3,2.51
185.05,Flavobacterium_B,R3,2.43
186.05,Flavobacterium_B,R3,2.36
187.05,Flavobacterium_B,R3,2.29
188.05,Flavobacterium_B,R3,2.24
189.05,Flavobacterium_B,R3,2.17
190.05,Flavobacterium_B,R3,2.1
191.05,Flavobacterium_B,R3,2.02
192.05,Flavobacterium_B,R3,1.95
193.05,Flavobacterium_B,R3,1.88
194.05,Flavobacterium_B,R3,1.8
195.05,Flavobacterium_B,R3,1.74
196.05,Flavobacterium_B,R3,1.65
197.05,Flavobacterium_B,R3,1.57
0.03,Herbaspirillum,R3,4.94
1.03,Herbaspirillum,R3,4.97
2.03,Herbaspirillum,R3,4.98
3.03,Herbaspirillum,R3,5.01
4.03,Herbaspirillum,R3,5.06
5.03,Herbaspirillum,R3,5.09
6.03,Herbaspirillum,R3,5.13
7.03,Herbaspirillum,R3,5.18
8.03,Herbaspirillum,R3,5.21
9.03,Herbaspirillum,R3,5.25
10.03,Herbaspirillum,R3,5.29
11.03,Herbaspirillum,R3,5.33
12.03,Herbaspirillum,R3,5.38
13.03,Herbaspirillum,R3,5.41
14.03,Herbaspirillum,R3,5.46
15.03,Herbaspirillum,R3,5.49
16.03,Herbaspirillum,R3,5.55
17.03,Herbaspirillum,R3,5.6
18.03,Herbaspirillum,R3,5.62
19.03,Herbaspirillum,R3,5.66
20.03,Herbaspirillum,R3,5.69
21.03,Herbaspirillum,R3,5.73
22.03,Herbaspirillum,R3,5.76
23.03,Herbaspirillum,R3,5.78
24.03,Herbaspirillum,R3,5.82
25.03,Herbaspirillum,R3,5.85
26.03,Herbaspirillum,R3,5.88
27.03,Herbaspirillum,R3,5.9
28.03,Herbaspirillum,R3,5.93
29.03,Herbaspirillum,R3,5.95
30.03,Herbaspirillum,R3,5.97
31.03,Herbaspirillum,R3,5.99
32.03,Herbaspirillum,R3,6.02
33.03,Herbaspirillum,R3,6.03
34.03,Herbaspirillum,R3,6.07
35.03,Herbaspirillum,R3,6.09
36.03,Herbaspirillum,R3,6.1
37.03,Herbaspirillum,R3,6.14
38.03,Herbaspirillum,R3,6.14
39.03,Herbaspirillum,R3,6.17
40.03,Herbaspirillum,R3,6.18
41.03,Herbaspirillum,R3,6.21
42.03,Herbaspirillum,R3,6.21
43.03,Herbaspirillum,R3,6.22
44.03,Herbaspirillum,R3,6.23
45.03,Herbaspirillum,R3,6.24
46.03,Herbaspirillum,R3,6.27
47.03,Herbaspirillum,R3,6.28
48.03,Herbaspirillum,R3,6.29
49.03,Herbaspirillum,R3,6.29
50.05,Herbaspirillum,R3,6.3
51.05,Herbaspirillum,R3,6.32
52.05,Herbaspirillum,R3,6.32
53.05,Herbaspirillum,R3,6.33
54.05,Herbaspirillum,R3,6.35
55.05,Herbaspirillum,R3,6.35
56.05,Herbaspirillum,R3,6.35
57.05,Herbaspirillum,R3,6.37
58.05,Herbaspirillum,R3,6.36
59.05,Herbaspirillum,R3,6.37
60.05,Herbaspirillum,R3,6.37
61.05,Herbaspirillum,R3,6.37
62.05,Herbaspirillum,R3,6.4
63.05,Herbaspirillum,R3,6.39
64.05,Herbaspirillum,R3,6.39
65.05,Herbaspirillum,R3,6.39
66.05,Herbaspirillum,R3,6.41
67.05,Herbaspirillum,R3,6.4
68.05,Herbaspirillum,R3,6.41
69.05,Herbaspirillum,R3,6.41
70.05,Herbaspirillum,R3,6.41
71.05,Herbaspirillum,R3,6.42
72.05,Herbaspirillum,R3,6.43
73.05,Herbaspirillum,R3,6.42
74.05,Herbaspirillum,R3,6.42
75.05,Herbaspirillum,R3,6.41
76.05,Herbaspirillum,R3,6.41
77.05,Herbaspirillum,R3,6.4
78.05,Herbaspirillum,R3,6.4
79.05,Herbaspirillum,R3,6.39
80.05,Herbaspirillum,R3,6.38
81.05,Herbaspirillum,R3,6.38
82.05,Herbaspirillum,R3,6.38
83.05,Herbaspirillum,R3,6.37
84.05,Herbaspirillum,R3,6.36
85.05,Herbaspirillum,R3,6.35
86.05,Herbaspirillum,R3,6.34
87.05,Herbaspirillum,R3,6.34
88.05,Herbaspirillum,R3,6.33
89.05,Herbaspirillum,R3,6.32
90.05,Herbaspirillum,R3,6.32
91.05,Herbaspirillum,R3,6.31
92.05,Herbaspirillum,R3,6.3
93.05,Herbaspirillum,R3,6.3
94.05,Herbaspirillum,R3,6.29
95.05,Herbaspirillum,R3,6.29
96.05,Herbaspirillum,R3,6.28
97.05,Herbaspirillum,R3,6.26
98.05,Herbaspirillum,R3,6.26
99.05,Herbaspirillum,R3,6.24
100.05,Herbaspirillum,R3,6.24
101.05,Herbaspirillum,R3,6.22
102.05,Herbaspirillum,R3,6.21
103.05,Herbaspirillum,R3,6.21
104.05,Herbaspirillum,R3,6.2
105.05,Herbaspirillum,R3,6.19
106.05,Herbaspirillum,R3,6.17
107.05,Herbaspirillum,R3,6.16
108.05,Herbaspirillum,R3,6.15
109.05,Herbaspirillum,R3,6.14
110.05,Herbaspirillum,R3,6.13
111.05,Herbaspirillum,R3,6.12
112.05,Herbaspirillum,R3,6.11
113.05,Herbaspirillum,R3,6.09
114.05,Herbaspirillum,R3,6.08
115.05,Herbaspirillum,R3,6.06
116.05,Herbaspirillum,R3,6.05
117.05,Herbaspirillum,R3,6.04
118.05,Herbaspirillum,R3,6.03
119.05,Herbaspirillum,R3,6.01
120.05,Herbaspirillum,R3,6
121.05,Herbaspirillum,R3,6
122.05,Herbaspirillum,R3,5.97
123.05,Herbaspirillum,R3,5.96
124.05,Herbaspirillum,R3,5.94
125.05,Herbaspirillum,R3,5.92
126.05,Herbaspirillum,R3,5.9
127.05,Herbaspirillum,R3,5.88
128.05,Herbaspirillum,R3,5.87
129.05,Herbaspirillum,R3,5.85
130.05,Herbaspirillum,R3,5.83
131.05,Herbaspirillum,R3,5.82
132.05,Herbaspirillum,R3,5.79
133.05,Herbaspirillum,R3,5.78
134.05,Herbaspirillum,R3,5.74
135.05,Herbaspirillum,R3,5.73
136.05,Herbaspirillum,R3,5.7
137.05,Herbaspirillum,R3,5.7
138.05,Herbaspirillum,R3,5.67
139.05,Herbaspirillum,R3,5.66
140.05,Herbaspirillum,R3,5.63
141.05,Herbaspirillum,R3,5.6
142.05,Herbaspirillum,R3,5.58
143.05,Herbaspirillum,R3,5.55
144.05,Herbaspirillum,R3,5.53
145.05,Herbaspirillum,R3,5.5
146.05,Herbaspirillum,R3,5.48
147.05,Herbaspirillum,R3,5.46
148.05,Herbaspirillum,R3,5.42
149.05,Herbaspirillum,R3,5.4
150.05,Herbaspirillum,R3,5.37
151.05,Herbaspirillum,R3,5.34
152.05,Herbaspirillum,R3,5.31
153.05,Herbaspirillum,R3,5.28
154.05,Herbaspirillum,R3,5.25
155.05,Herbaspirillum,R3,5.21
156.05,Herbaspirillum,R3,5.19
157.05,Herbaspirillum,R3,5.15
158.05,Herbaspirillum,R3,5.11
159.05,Herbaspirillum,R3,5.08
160.05,Herbaspirillum,R3,5.04
161.05,Herbaspirillum,R3,5.01
162.05,Herbaspirillum,R3,4.97
163.05,Herbaspirillum,R3,4.93
164.05,Herbaspirillum,R3,4.91
165.05,Herbaspirillum,R3,4.86
166.05,Herbaspirillum,R3,4.82
167.05,Herbaspirillum,R3,4.77
168.05,Herbaspirillum,R3,4.74
169.05,Herbaspirillum,R3,4.69
170.05,Herbaspirillum,R3,4.65
171.05,Herbaspirillum,R3,4.61
172.05,Herbaspirillum,R3,4.56
173.05,Herbaspirillum,R3,4.51
174.05,Herbaspirillum,R3,4.46
175.05,Herbaspirillum,R3,4.4
176.05,Herbaspirillum,R3,4.36
177.05,Herbaspirillum,R3,4.3
178.05,Herbaspirillum,R3,4.25
179.05,Herbaspirillum,R3,4.2
180.05,Herbaspirillum,R3,4.14
181.05,Herbaspirillum,R3,4.09
182.05,Herbaspirillum,R3,4.02
183.05,Herbaspirillum,R3,3.97
184.05,Herbaspirillum,R3,3.91
185.05,Herbaspirillum,R3,3.85
186.05,Herbaspirillum,R3,3.78
187.05,Herbaspirillum,R3,3.71
188.05,Herbaspirillum,R3,3.64
189.05,Herbaspirillum,R3,3.58
190.05,Herbaspirillum,R3,3.51
191.05,Herbaspirillum,R3,3.44
192.05,Herbaspirillum,R3,3.38
193.05,Herbaspirillum,R3,3.29
194.05,Herbaspirillum,R3,3.22
195.05,Herbaspirillum,R3,3.14
196.05,Herbaspirillum,R3,3.05
197.05,Herbaspirillum,R3,2.98
0.03,Acinetobacter,R4,4.92
1.03,Acinetobacter,R4,4.86
2.03,Acinetobacter,R4,4.89
3.03,Acinetobacter,R4,4.87
4.03,Acinetobacter,R4,4.91
5.03,Acinetobacter,R4,4.95
6.03,Acinetobacter,R4,5
7.03,Acinetobacter,R4,5.04
8.03,Acinetobacter,R4,5.07
9.03,Acinetobacter,R4,5.11
10.03,Acinetobacter,R4,5.16
11.03,Acinetobacter,R4,5.21
12.03,Acinetobacter,R4,5.26
13.03,Acinetobacter,R4,5.3
14.03,Acinetobacter,R4,5.33
15.03,Acinetobacter,R4,5.38
16.03,Acinetobacter,R4,5.41
17.03,Acinetobacter,R4,5.45
18.03,Acinetobacter,R4,5.48
19.03,Acinetobacter,R4,5.51
20.03,Acinetobacter,R4,5.54
21.03,Acinetobacter,R4,5.56
22.03,Acinetobacter,R4,5.6
23.03,Acinetobacter,R4,5.63
24.03,Acinetobacter,R4,5.66
25.03,Acinetobacter,R4,5.69
26.03,Acinetobacter,R4,5.72
27.03,Acinetobacter,R4,5.74
28.03,Acinetobacter,R4,5.76
29.03,Acinetobacter,R4,5.79
30.03,Acinetobacter,R4,5.81
31.03,Acinetobacter,R4,5.84
32.03,Acinetobacter,R4,5.87
33.03,Acinetobacter,R4,5.88
34.03,Acinetobacter,R4,5.9
35.03,Acinetobacter,R4,5.94
36.03,Acinetobacter,R4,5.94
37.03,Acinetobacter,R4,5.97
38.03,Acinetobacter,R4,6
39.03,Acinetobacter,R4,6.01
40.03,Acinetobacter,R4,6.02
41.03,Acinetobacter,R4,6.04
42.03,Acinetobacter,R4,6.05
43.03,Acinetobacter,R4,6.08
44.03,Acinetobacter,R4,6.09
45.03,Acinetobacter,R4,6.11
46.03,Acinetobacter,R4,6.13
47.03,Acinetobacter,R4,6.14
48.03,Acinetobacter,R4,6.16
49.03,Acinetobacter,R4,6.16
50.05,Acinetobacter,R4,6.17
51.05,Acinetobacter,R4,6.2
52.05,Acinetobacter,R4,6.21
53.05,Acinetobacter,R4,6.21
54.05,Acinetobacter,R4,6.22
55.05,Acinetobacter,R4,6.22
56.05,Acinetobacter,R4,6.24
57.05,Acinetobacter,R4,6.25
58.05,Acinetobacter,R4,6.24
59.05,Acinetobacter,R4,6.26
60.05,Acinetobacter,R4,6.25
61.05,Acinetobacter,R4,6.26
62.05,Acinetobacter,R4,6.25
63.05,Acinetobacter,R4,6.27
64.05,Acinetobacter,R4,6.27
65.05,Acinetobacter,R4,6.26
66.05,Acinetobacter,R4,6.28
67.05,Acinetobacter,R4,6.26
68.05,Acinetobacter,R4,6.24
69.05,Acinetobacter,R4,6.22
70.05,Acinetobacter,R4,6.22
71.05,Acinetobacter,R4,6.19
72.05,Acinetobacter,R4,6.16
73.05,Acinetobacter,R4,6.14
74.05,Acinetobacter,R4,6.12
75.05,Acinetobacter,R4,6.11
76.05,Acinetobacter,R4,6.1
77.05,Acinetobacter,R4,6.08
78.05,Acinetobacter,R4,6.05
79.05,Acinetobacter,R4,6.04
80.05,Acinetobacter,R4,6.02
81.05,Acinetobacter,R4,5.98
82.05,Acinetobacter,R4,5.96
83.05,Acinetobacter,R4,5.94
84.05,Acinetobacter,R4,5.93
85.05,Acinetobacter,R4,5.91
86.05,Acinetobacter,R4,5.88
87.05,Acinetobacter,R4,5.86
88.05,Acinetobacter,R4,5.83
89.05,Acinetobacter,R4,5.82
90.05,Acinetobacter,R4,5.79
91.05,Acinetobacter,R4,5.76
92.05,Acinetobacter,R4,5.74
93.05,Acinetobacter,R4,5.72
94.05,Acinetobacter,R4,5.7
95.05,Acinetobacter,R4,5.66
96.05,Acinetobacter,R4,5.63
97.05,Acinetobacter,R4,5.61
98.05,Acinetobacter,R4,5.59
99.05,Acinetobacter,R4,5.56
100.05,Acinetobacter,R4,5.53
101.05,Acinetobacter,R4,5.5
102.05,Acinetobacter,R4,5.47
103.05,Acinetobacter,R4,5.47
104.05,Acinetobacter,R4,5.43
105.05,Acinetobacter,R4,5.39
106.05,Acinetobacter,R4,5.35
107.05,Acinetobacter,R4,5.32
108.05,Acinetobacter,R4,5.3
109.05,Acinetobacter,R4,5.27
110.05,Acinetobacter,R4,5.22
111.05,Acinetobacter,R4,5.19
112.05,Acinetobacter,R4,5.16
113.05,Acinetobacter,R4,5.13
114.05,Acinetobacter,R4,5.1
115.05,Acinetobacter,R4,5.08
116.05,Acinetobacter,R4,5.04
117.05,Acinetobacter,R4,4.99
118.05,Acinetobacter,R4,4.97
119.05,Acinetobacter,R4,4.91
120.05,Acinetobacter,R4,4.9
121.05,Acinetobacter,R4,4.85
122.05,Acinetobacter,R4,4.83
123.05,Acinetobacter,R4,4.78
124.05,Acinetobacter,R4,4.75
125.05,Acinetobacter,R4,4.71
126.05,Acinetobacter,R4,4.67
127.05,Acinetobacter,R4,4.62
128.05,Acinetobacter,R4,4.59
129.05,Acinetobacter,R4,4.55
130.05,Acinetobacter,R4,4.51
131.05,Acinetobacter,R4,4.46
132.05,Acinetobacter,R4,4.43
133.05,Acinetobacter,R4,4.38
134.05,Acinetobacter,R4,4.32
135.05,Acinetobacter,R4,4.29
136.05,Acinetobacter,R4,4.25
137.05,Acinetobacter,R4,4.2
138.05,Acinetobacter,R4,4.16
139.05,Acinetobacter,R4,4.1
140.05,Acinetobacter,R4,4.07
141.05,Acinetobacter,R4,4.02
142.05,Acinetobacter,R4,3.95
143.05,Acinetobacter,R4,3.93
144.05,Acinetobacter,R4,3.86
145.05,Acinetobacter,R4,3.82
146.05,Acinetobacter,R4,3.77
147.05,Acinetobacter,R4,3.71
148.05,Acinetobacter,R4,3.67
149.05,Acinetobacter,R4,3.61
150.05,Acinetobacter,R4,3.55
151.05,Acinetobacter,R4,3.5
152.05,Acinetobacter,R4,3.44
153.05,Acinetobacter,R4,3.38
154.05,Acinetobacter,R4,3.33
155.05,Acinetobacter,R4,3.28
156.05,Acinetobacter,R4,3.22
157.05,Acinetobacter,R4,3.16
158.05,Acinetobacter,R4,3.1
159.05,Acinetobacter,R4,3.04
160.05,Acinetobacter,R4,2.96
161.05,Acinetobacter,R4,2.91
162.05,Acinetobacter,R4,2.84
163.05,Acinetobacter,R4,2.8
164.05,Acinetobacter,R4,2.72
165.05,Acinetobacter,R4,2.64
166.05,Acinetobacter,R4,2.59
167.05,Acinetobacter,R4,2.53
168.05,Acinetobacter,R4,2.44
169.05,Acinetobacter,R4,2.36
170.05,Acinetobacter,R4,2.31
171.05,Acinetobacter,R4,2.23
172.05,Acinetobacter,R4,2.16
173.05,Acinetobacter,R4,2.08
174.05,Acinetobacter,R4,2.02
175.05,Acinetobacter,R4,1.95
176.05,Acinetobacter,R4,1.86
177.05,Acinetobacter,R4,1.79
178.05,Acinetobacter,R4,1.72
179.05,Acinetobacter,R4,1.63
180.05,Acinetobacter,R4,1.55
181.05,Acinetobacter,R4,1.47
182.05,Acinetobacter,R4,1.37
183.05,Acinetobacter,R4,1.3
184.05,Acinetobacter,R4,1.21
185.05,Acinetobacter,R4,1.14
186.05,Acinetobacter,R4,1.05
187.05,Acinetobacter,R4,0.95
188.05,Acinetobacter,R4,0.84
189.05,Acinetobacter,R4,0.76
190.05,Acinetobacter,R4,0.68
191.05,Acinetobacter,R4,0.58
192.05,Acinetobacter,R4,0.48
193.05,Acinetobacter,R4,0.43
194.05,Acinetobacter,R4,0.38
195.05,Acinetobacter,R4,0.34
196.05,Acinetobacter,R4,0.31
197.05,Acinetobacter,R4,0.3
0.03,Aeromonas_B,R4,4.54
1.03,Aeromonas_B,R4,4.53
2.03,Aeromonas_B,R4,4.59
3.03,Aeromonas_B,R4,4.65
4.03,Aeromonas_B,R4,4.71
5.03,Aeromonas_B,R4,4.77
6.03,Aeromonas_B,R4,4.83
7.03,Aeromonas_B,R4,4.91
8.03,Aeromonas_B,R4,4.95
9.03,Aeromonas_B,R4,5.02
10.03,Aeromonas_B,R4,5.07
11.03,Aeromonas_B,R4,5.11
12.03,Aeromonas_B,R4,5.17
13.03,Aeromonas_B,R4,5.2
14.03,Aeromonas_B,R4,5.25
15.03,Aeromonas_B,R4,5.29
16.03,Aeromonas_B,R4,5.34
17.03,Aeromonas_B,R4,5.38
18.03,Aeromonas_B,R4,5.42
19.03,Aeromonas_B,R4,5.47
20.03,Aeromonas_B,R4,5.49
21.03,Aeromonas_B,R4,5.54
22.03,Aeromonas_B,R4,5.57
23.03,Aeromonas_B,R4,5.61
24.03,Aeromonas_B,R4,5.65
25.03,Aeromonas_B,R4,5.7
26.03,Aeromonas_B,R4,5.74
27.03,Aeromonas_B,R4,5.76
28.03,Aeromonas_B,R4,5.81
29.03,Aeromonas_B,R4,5.85
30.03,Aeromonas_B,R4,5.87
31.03,Aeromonas_B,R4,5.91
32.03,Aeromonas_B,R4,5.95
33.03,Aeromonas_B,R4,5.98
34.03,Aeromonas_B,R4,6.01
35.03,Aeromonas_B,R4,6.03
36.03,Aeromonas_B,R4,6.06
37.03,Aeromonas_B,R4,6.08
38.03,Aeromonas_B,R4,6.1
39.03,Aeromonas_B,R4,6.12
40.03,Aeromonas_B,R4,6.14
41.03,Aeromonas_B,R4,6.16
42.03,Aeromonas_B,R4,6.15
43.03,Aeromonas_B,R4,6.17
44.03,Aeromonas_B,R4,6.18
45.03,Aeromonas_B,R4,6.2
46.03,Aeromonas_B,R4,6.2
47.03,Aeromonas_B,R4,6.21
48.03,Aeromonas_B,R4,6.21
49.03,Aeromonas_B,R4,6.21
50.05,Aeromonas_B,R4,6.21
51.05,Aeromonas_B,R4,6.21
52.05,Aeromonas_B,R4,6.22
53.05,Aeromonas_B,R4,6.23
54.05,Aeromonas_B,R4,6.24
55.05,Aeromonas_B,R4,6.22
56.05,Aeromonas_B,R4,6.23
57.05,Aeromonas_B,R4,6.21
58.05,Aeromonas_B,R4,6.22
59.05,Aeromonas_B,R4,6.2
60.05,Aeromonas_B,R4,6.19
61.05,Aeromonas_B,R4,6.2
62.05,Aeromonas_B,R4,6.17
63.05,Aeromonas_B,R4,6.16
64.05,Aeromonas_B,R4,6.17
65.05,Aeromonas_B,R4,6.16
66.05,Aeromonas_B,R4,6.15
67.05,Aeromonas_B,R4,6.14
68.05,Aeromonas_B,R4,6.15
69.05,Aeromonas_B,R4,6.13
70.05,Aeromonas_B,R4,6.12
71.05,Aeromonas_B,R4,6.11
72.05,Aeromonas_B,R4,6.11
73.05,Aeromonas_B,R4,6.1
74.05,Aeromonas_B,R4,6.09
75.05,Aeromonas_B,R4,6.09
76.05,Aeromonas_B,R4,6.07
77.05,Aeromonas_B,R4,6.06
78.05,Aeromonas_B,R4,6.05
79.05,Aeromonas_B,R4,6.04
80.05,Aeromonas_B,R4,6.01
81.05,Aeromonas_B,R4,6.01
82.05,Aeromonas_B,R4,6
83.05,Aeromonas_B,R4,5.97
84.05,Aeromonas_B,R4,5.96
85.05,Aeromonas_B,R4,5.97
86.05,Aeromonas_B,R4,5.94
87.05,Aeromonas_B,R4,5.93
88.05,Aeromonas_B,R4,5.91
89.05,Aeromonas_B,R4,5.88
90.05,Aeromonas_B,R4,5.87
91.05,Aeromonas_B,R4,5.86
92.05,Aeromonas_B,R4,5.83
93.05,Aeromonas_B,R4,5.82
94.05,Aeromonas_B,R4,5.81
95.05,Aeromonas_B,R4,5.79
96.05,Aeromonas_B,R4,5.75
97.05,Aeromonas_B,R4,5.74
98.05,Aeromonas_B,R4,5.71
99.05,Aeromonas_B,R4,5.69
100.05,Aeromonas_B,R4,5.68
101.05,Aeromonas_B,R4,5.65
102.05,Aeromonas_B,R4,5.61
103.05,Aeromonas_B,R4,5.59
104.05,Aeromonas_B,R4,5.57
105.05,Aeromonas_B,R4,5.53
106.05,Aeromonas_B,R4,5.51
107.05,Aeromonas_B,R4,5.47
108.05,Aeromonas_B,R4,5.44
109.05,Aeromonas_B,R4,5.4
110.05,Aeromonas_B,R4,5.37
111.05,Aeromonas_B,R4,5.35
112.05,Aeromonas_B,R4,5.3
113.05,Aeromonas_B,R4,5.27
114.05,Aeromonas_B,R4,5.21
115.05,Aeromonas_B,R4,5.17
116.05,Aeromonas_B,R4,5.14
117.05,Aeromonas_B,R4,5.1
118.05,Aeromonas_B,R4,5.04
119.05,Aeromonas_B,R4,5.01
120.05,Aeromonas_B,R4,4.95
121.05,Aeromonas_B,R4,4.87
122.05,Aeromonas_B,R4,4.84
123.05,Aeromonas_B,R4,4.79
124.05,Aeromonas_B,R4,4.73
125.05,Aeromonas_B,R4,4.66
126.05,Aeromonas_B,R4,4.62
127.05,Aeromonas_B,R4,4.54
128.05,Aeromonas_B,R4,4.48
129.05,Aeromonas_B,R4,4.4
130.05,Aeromonas_B,R4,4.33
131.05,Aeromonas_B,R4,4.27
132.05,Aeromonas_B,R4,4.19
133.05,Aeromonas_B,R4,4.12
134.05,Aeromonas_B,R4,4.04
135.05,Aeromonas_B,R4,3.94
136.05,Aeromonas_B,R4,3.86
137.05,Aeromonas_B,R4,3.76
138.05,Aeromonas_B,R4,3.67
139.05,Aeromonas_B,R4,3.56
140.05,Aeromonas_B,R4,3.46
141.05,Aeromonas_B,R4,3.35
142.05,Aeromonas_B,R4,3.26
143.05,Aeromonas_B,R4,3.13
144.05,Aeromonas_B,R4,3.02
145.05,Aeromonas_B,R4,2.89
146.05,Aeromonas_B,R4,2.76
147.05,Aeromonas_B,R4,2.64
148.05,Aeromonas_B,R4,2.5
149.05,Aeromonas_B,R4,2.35
150.05,Aeromonas_B,R4,2.21
151.05,Aeromonas_B,R4,2.04
152.05,Aeromonas_B,R4,1.9
153.05,Aeromonas_B,R4,1.73
154.05,Aeromonas_B,R4,1.57
155.05,Aeromonas_B,R4,1.39
156.05,Aeromonas_B,R4,1.21
157.05,Aeromonas_B,R4,1.03
158.05,Aeromonas_B,R4,0.83
159.05,Aeromonas_B,R4,0.62
160.05,Aeromonas_B,R4,0.41
161.05,Aeromonas_B,R4,0.2
162.05,Aeromonas_B,R4,0.02
163.05,Aeromonas_B,R4,0
164.05,Aeromonas_B,R4,0
165.05,Aeromonas_B,R4,0
166.05,Aeromonas_B,R4,0
167.05,Aeromonas_B,R4,0
168.05,Aeromonas_B,R4,0
169.05,Aeromonas_B,R4,0
170.05,Aeromonas_B,R4,0
171.05,Aeromonas_B,R4,0
172.05,Aeromonas_B,R4,0
173.05,Aeromonas_B,R4,0
174.05,Aeromonas_B,R4,0
175.05,Aeromonas_B,R4,0
176.05,Aeromonas_B,R4,0
177.05,Aeromonas_B,R4,0
178.05,Aeromonas_B,R4,0
179.05,Aeromonas_B,R4,0
180.05,Aeromonas_B,R4,0
181.05,Aeromonas_B,R4,0
182.05,Aeromonas_B,R4,0
183.05,Aeromonas_B,R4,0
184.05,Aeromonas_B,R4,0
185.05,Aeromonas_B,R4,0
186.05,Aeromonas_B,R4,0
187.05,Aeromonas_B,R4,0
188.05,Aeromonas_B,R4,0
189.05,Aeromonas_B,R4,0
190.05,Aeromonas_B,R4,0
191.05,Aeromonas_B,R4,0
192.05,Aeromonas_B,R4,0
193.05,Aeromonas_B,R4,0
194.05,Aeromonas_B,R4,0
195.05,Aeromonas_B,R4,0
196.05,Aeromonas_B,R4,0
197.05,Aeromonas_B,R4,0
0.03,Arthrobacter,R4,5
1.03,Arthrobacter,R4,4.91
2.03,Arthrobacter,R4,4.91
3.03,Arthrobacter,R4,4.95
4.03,Arthrobacter,R4,5.01
5.03,Arthrobacter,R4,5.06
6.03,Arthrobacter,R4,5.09
7.03,Arthrobacter,R4,5.13
8.03,Arthrobacter,R4,5.18
9.03,Arthrobacter,R4,5.21
10.03,Arthrobacter,R4,5.26
11.03,Arthrobacter,R4,5.29
12.03,Arthrobacter,R4,5.34
13.03,Arthrobacter,R4,5.38
14.03,Arthrobacter,R4,5.43
15.03,Arthrobacter,R4,5.45
16.03,Arthrobacter,R4,5.49
17.03,Arthrobacter,R4,5.49
18.03,Arthrobacter,R4,5.53
19.03,Arthrobacter,R4,5.56
20.03,Arthrobacter,R4,5.59
21.03,Arthrobacter,R4,5.6
22.03,Arthrobacter,R4,5.63
23.03,Arthrobacter,R4,5.65
24.03,Arthrobacter,R4,5.67
25.03,Arthrobacter,R4,5.69
26.03,Arthrobacter,R4,5.72
27.03,Arthrobacter,R4,5.73
28.03,Arthrobacter,R4,5.74
29.03,Arthrobacter,R4,5.76
30.03,Arthrobacter,R4,5.77
31.03,Arthrobacter,R4,5.79
32.03,Arthrobacter,R4,5.82
33.03,Arthrobacter,R4,5.83
34.03,Arthrobacter,R4,5.85
35.03,Arthrobacter,R4,5.86
36.03,Arthrobacter,R4,5.87
37.03,Arthrobacter,R4,5.87
38.03,Arthrobacter,R4,5.88
39.03,Arthrobacter,R4,5.9
40.03,Arthrobacter,R4,5.91
41.03,Arthrobacter,R4,5.93
42.03,Arthrobacter,R4,5.93
43.03,Arthrobacter,R4,5.94
44.03,Arthrobacter,R4,5.95
45.03,Arthrobacter,R4,5.97
46.03,Arthrobacter,R4,5.96
47.03,Arthrobacter,R4,5.98
48.03,Arthrobacter,R4,5.98
49.03,Arthrobacter,R4,5.98
50.05,Arthrobacter,R4,5.99
51.05,Arthrobacter,R4,5.99
52.05,Arthrobacter,R4,6
53.05,Arthrobacter,R4,5.99
54.05,Arthrobacter,R4,6
55.05,Arthrobacter,R4,5.99
56.05,Arthrobacter,R4,5.99
57.05,Arthrobacter,R4,6.01
58.05,Arthrobacter,R4,6
59.05,Arthrobacter,R4,5.99
60.05,Arthrobacter,R4,5.98
61.05,Arthrobacter,R4,5.97
62.05,Arthrobacter,R4,5.96
63.05,Arthrobacter,R4,5.94
64.05,Arthrobacter,R4,5.94
65.05,Arthrobacter,R4,5.92
66.05,Arthrobacter,R4,5.92
67.05,Arthrobacter,R4,5.91
68.05,Arthrobacter,R4,5.87
69.05,Arthrobacter,R4,5.88
70.05,Arthrobacter,R4,5.86
71.05,Arthrobacter,R4,5.85
72.05,Arthrobacter,R4,5.82
73.05,Arthrobacter,R4,5.83
74.05,Arthrobacter,R4,5.81
75.05,Arthrobacter,R4,5.79
76.05,Arthrobacter,R4,5.78
77.05,Arthrobacter,R4,5.77
78.05,Arthrobacter,R4,5.76
79.05,Arthrobacter,R4,5.72
80.05,Arthrobacter,R4,5.72
81.05,Arthrobacter,R4,5.7
82.05,Arthrobacter,R4,5.66
83.05,Arthrobacter,R4,5.66
84.05,Arthrobacter,R4,5.65
85.05,Arthrobacter,R4,5.63
86.05,Arthrobacter,R4,5.61
87.05,Arthrobacter,R4,5.59
88.05,Arthrobacter,R4,5.57
89.05,Arthrobacter,R4,5.55
90.05,Arthrobacter,R4,5.53
91.05,Arthrobacter,R4,5.5
92.05,Arthrobacter,R4,5.48
93.05,Arthrobacter,R4,5.44
94.05,Arthrobacter,R4,5.43
95.05,Arthrobacter,R4,5.41
96.05,Arthrobacter,R4,5.38
97.05,Arthrobacter,R4,5.35
98.05,Arthrobacter,R4,5.33
99.05,Arthrobacter,R4,5.31
100.05,Arthrobacter,R4,5.29
101.05,Arthrobacter,R4,5.27
102.05,Arthrobacter,R4,5.24
103.05,Arthrobacter,R4,5.21
104.05,Arthrobacter,R4,5.17
105.05,Arthrobacter,R4,5.14
106.05,Arthrobacter,R4,5.1
107.05,Arthrobacter,R4,5.07
108.05,Arthrobacter,R4,5.04
109.05,Arthrobacter,R4,5.01
110.05,Arthrobacter,R4,4.97
111.05,Arthrobacter,R4,4.95
112.05,Arthrobacter,R4,4.9
113.05,Arthrobacter,R4,4.88
114.05,Arthrobacter,R4,4.82
115.05,Arthrobacter,R4,4.77
116.05,Arthrobacter,R4,4.75
117.05,Arthrobacter,R4,4.7
118.05,Arthrobacter,R4,4.66
119.05,Arthrobacter,R4,4.63
120.05,Arthrobacter,R4,4.57
121.05,Arthrobacter,R4,4.54
122.05,Arthrobacter,R4,4.49
123.05,Arthrobacter,R4,4.45
124.05,Arthrobacter,R4,4.4
125.05,Arthrobacter,R4,4.35
126.05,Arthrobacter,R4,4.29
127.05,Arthrobacter,R4,4.25
128.05,Arthrobacter,R4,4.2
129.05,Arthrobacter,R4,4.14
130.05,Arthrobacter,R4,4.08
131.05,Arthrobacter,R4,4.01
132.05,Arthrobacter,R4,3.96
133.05,Arthrobacter,R4,3.91
134.05,Arthrobacter,R4,3.84
135.05,Arthrobacter,R4,3.78
136.05,Arthrobacter,R4,3.72
137.05,Arthrobacter,R4,3.65
138.05,Arthrobacter,R4,3.59
139.05,Arthrobacter,R4,3.51
140.05,Arthrobacter,R4,3.44
141.05,Arthrobacter,R4,3.36
142.05,Arthrobacter,R4,3.29
143.05,Arthrobacter,R4,3.2
144.05,Arthrobacter,R4,3.14
145.05,Arthrobacter,R4,3.06
146.05,Arthrobacter,R4,2.97
147.05,Arthrobacter,R4,2.88
148.05,Arthrobacter,R4,2.79
149.05,Arthrobacter,R4,2.72
150.05,Arthrobacter,R4,2.62
151.05,Arthrobacter,R4,2.52
152.05,Arthrobacter,R4,2.43
153.05,Arthrobacter,R4,2.34
154.05,Arthrobacter,R4,2.23
155.05,Arthrobacter,R4,2.13
156.05,Arthrobacter,R4,2.02
157.05,Arthrobacter,R4,1.91
158.05,Arthrobacter,R4,1.81
159.05,Arthrobacter,R4,1.69
160.05,Arthrobacter,R4,1.57
161.05,Arthrobacter,R4,1.45
162.05,Arthrobacter,R4,1.32
163.05,Arthrobacter,R4,1.21
164.05,Arthrobacter,R4,1.07
165.05,Arthrobacter,R4,0.95
166.05,Arthrobacter,R4,0.8
167.05,Arthrobacter,R4,0.67
168.05,Arthrobacter,R4,0.52
169.05,Arthrobacter,R4,0.38
170.05,Arthrobacter,R4,0.29
171.05,Arthrobacter,R4,0.29
172.05,Arthrobacter,R4,0.28
173.05,Arthrobacter,R4,0.29
174.05,Arthrobacter,R4,0.28
175.05,Arthrobacter,R4,0.28
176.05,Arthrobacter,R4,0.28
177.05,Arthrobacter,R4,0.28
178.05,Arthrobacter,R4,0.27
179.05,Arthrobacter,R4,0.29
180.05,Arthrobacter,R4,0.29
181.05,Arthrobacter,R4,0.28
182.05,Arthrobacter,R4,0.29
183.05,Arthrobacter,R4,0.29
184.05,Arthrobacter,R4,0.27
185.05,Arthrobacter,R4,0.27
186.05,Arthrobacter,R4,0.28
187.05,Arthrobacter,R4,0.28
188.05,Arthrobacter,R4,0.28
189.05,Arthrobacter,R4,0.28
190.05,Arthrobacter,R4,0.28
191.05,Arthrobacter,R4,0.28
192.05,Arthrobacter,R4,0.28
193.05,Arthrobacter,R4,0.27
194.05,Arthrobacter,R4,0.28
195.05,Arthrobacter,R4,0.28
196.05,Arthrobacter,R4,0.27
197.05,Arthrobacter,R4,0.27
0.03,Burkholderia,R4,4.91
1.03,Burkholderia,R4,4.83
2.03,Burkholderia,R4,4.81
3.03,Burkholderia,R4,4.83
4.03,Burkholderia,R4,4.86
5.03,Burkholderia,R4,4.88
6.03,Burkholderia,R4,4.89
7.03,Burkholderia,R4,4.93
8.03,Burkholderia,R4,4.97
9.03,Burkholderia,R4,5
10.03,Burkholderia,R4,5.03
11.03,Burkholderia,R4,5.06
12.03,Burkholderia,R4,5.09
13.03,Burkholderia,R4,5.12
14.03,Burkholderia,R4,5.15
15.03,Burkholderia,R4,5.18
16.03,Burkholderia,R4,5.2
17.03,Burkholderia,R4,5.23
18.03,Burkholderia,R4,5.25
19.03,Burkholderia,R4,5.28
20.03,Burkholderia,R4,5.3
21.03,Burkholderia,R4,5.34
22.03,Burkholderia,R4,5.37
23.03,Burkholderia,R4,5.38
24.03,Burkholderia,R4,5.4
25.03,Burkholderia,R4,5.43
26.03,Burkholderia,R4,5.46
27.03,Burkholderia,R4,5.48
28.03,Burkholderia,R4,5.49
29.03,Burkholderia,R4,5.52
30.03,Burkholderia,R4,5.53
31.03,Burkholderia,R4,5.55
32.03,Burkholderia,R4,5.56
33.03,Burkholderia,R4,5.59
34.03,Burkholderia,R4,5.59
35.03,Burkholderia,R4,5.61
36.03,Burkholderia,R4,5.62
37.03,Burkholderia,R4,5.64
38.03,Burkholderia,R4,5.66
39.03,Burkholderia,R4,5.66
40.03,Burkholderia,R4,5.68
41.03,Burkholderia,R4,5.69
42.03,Burkholderia,R4,5.7
43.03,Burkholderia,R4,5.71
44.03,Burkholderia,R4,5.73
45.03,Burkholderia,R4,5.73
46.03,Burkholderia,R4,5.73
47.03,Burkholderia,R4,5.74
48.03,Burkholderia,R4,5.75
49.03,Burkholderia,R4,5.76
50.05,Burkholderia,R4,5.75
51.05,Burkholderia,R4,5.77
52.05,Burkholderia,R4,5.77
53.05,Burkholderia,R4,5.77
54.05,Burkholderia,R4,5.78
55.05,Burkholderia,R4,5.78
56.05,Burkholderia,R4,5.77
57.05,Burkholderia,R4,5.79
58.05,Burkholderia,R4,5.79
59.05,Burkholderia,R4,5.77
60.05,Burkholderia,R4,5.76
61.05,Burkholderia,R4,5.76
62.05,Burkholderia,R4,5.76
63.05,Burkholderia,R4,5.73
64.05,Burkholderia,R4,5.73
65.05,Burkholderia,R4,5.72
66.05,Burkholderia,R4,5.72
67.05,Burkholderia,R4,5.7
68.05,Burkholderia,R4,5.69
69.05,Burkholderia,R4,5.67
70.05,Burkholderia,R4,5.68
71.05,Burkholderia,R4,5.68
72.05,Burkholderia,R4,5.67
73.05,Burkholderia,R4,5.66
74.05,Burkholderia,R4,5.63
75.05,Burkholderia,R4,5.63
76.05,Burkholderia,R4,5.6
77.05,Burkholderia,R4,5.61
78.05,Burkholderia,R4,5.6
79.05,Burkholderia,R4,5.58
80.05,Burkholderia,R4,5.57
81.05,Burkholderia,R4,5.56
82.05,Burkholderia,R4,5.55
83.05,Burkholderia,R4,5.53
84.05,Burkholderia,R4,5.52
85.05,Burkholderia,R4,5.49
86.05,Burkholderia,R4,5.48
87.05,Burkholderia,R4,5.48
88.05,Burkholderia,R4,5.45
89.05,Burkholderia,R4,5.45
90.05,Burkholderia,R4,5.42
91.05,Burkholderia,R4,5.41
92.05,Burkholderia,R4,5.41
93.05,Burkholderia,R4,5.38
94.05,Burkholderia,R4,5.37
95.05,Burkholderia,R4,5.34
96.05,Burkholderia,R4,5.34
97.05,Burkholderia,R4,5.31
98.05,Burkholderia,R4,5.3
99.05,Burkholderia,R4,5.29
100.05,Burkholderia,R4,5.27
101.05,Burkholderia,R4,5.25
102.05,Burkholderia,R4,5.23
103.05,Burkholderia,R4,5.21
104.05,Burkholderia,R4,5.2
105.05,Burkholderia,R4,5.18
106.05,Burkholderia,R4,5.16
107.05,Burkholderia,R4,5.14
108.05,Burkholderia,R4,5.12
109.05,Burkholderia,R4,5.09
110.05,Burkholderia,R4,5.08
111.05,Burkholderia,R4,5.06
112.05,Burkholderia,R4,5.01
113.05,Burkholderia,R4,4.98
114.05,Burkholderia,R4,4.97
115.05,Burkholderia,R4,4.94
116.05,Burkholderia,R4,4.92
117.05,Burkholderia,R4,4.89
118.05,Burkholderia,R4,4.87
119.05,Burkholderia,R4,4.85
120.05,Burkholderia,R4,4.79
121.05,Burkholderia,R4,4.78
122.05,Burkholderia,R4,4.76
123.05,Burkholderia,R4,4.73
124.05,Burkholderia,R4,4.7
125.05,Burkholderia,R4,4.68
126.05,Burkholderia,R4,4.65
127.05,Burkholderia,R4,4.61
128.05,Burkholderia,R4,4.59
129.05,Burkholderia,R4,4.54
130.05,Burkholderia,R4,4.5
131.05,Burkholderia,R4,4.46
132.05,Burkholderia,R4,4.43
133.05,Burkholderia,R4,4.4
134.05,Burkholderia,R4,4.37
135.05,Burkholderia,R4,4.33
136.05,Burkholderia,R4,4.3
137.05,Burkholderia,R4,4.26
138.05,Burkholderia,R4,4.21
139.05,Burkholderia,R4,4.17
140.05,Burkholderia,R4,4.11
141.05,Burkholderia,R4,4.07
142.05,Burkholderia,R4,4.04
143.05,Burkholderia,R4,3.99
144.05,Burkholderia,R4,3.93
145.05,Burkholderia,R4,3.91
146.05,Burkholderia,R4,3.86
147.05,Burkholderia,R4,3.82
148.05,Burkholderia,R4,3.75
149.05,Burkholderia,R4,3.72
150.05,Burkholderia,R4,3.67
151.05,Burkholderia,R4,3.61
152.05,Burkholderia,R4,3.56
153.05,Burkholderia,R4,3.51
154.05,Burkholderia,R4,3.45
155.05,Burkholderia,R4,3.38
156.05,Burkholderia,R4,3.33
157.05,Burkholderia,R4,3.27
158.05,Burkholderia,R4,3.2
159.05,Burkholderia,R4,3.16
160.05,Burkholderia,R4,3.08
161.05,Burkholderia,R4,3.03
162.05,Burkholderia,R4,2.96
163.05,Burkholderia,R4,2.87
164.05,Burkholderia,R4,2.83
165.05,Burkholderia,R4,2.75
166.05,Burkholderia,R4,2.68
167.05,Burkholderia,R4,2.61
168.05,Burkholderia,R4,2.53
169.05,Burkholderia,R4,2.47
170.05,Burkholderia,R4,2.37
171.05,Burkholderia,R4,2.3
172.05,Burkholderia,R4,2.24
173.05,Burkholderia,R4,2.13
174.05,Burkholderia,R4,2.05
175.05,Burkholderia,R4,1.96
176.05,Burkholderia,R4,1.89
177.05,Burkholderia,R4,1.8
178.05,Burkholderia,R4,1.71
179.05,Burkholderia,R4,1.6
180.05,Burkholderia,R4,1.52
181.05,Burkholderia,R4,1.42
182.05,Burkholderia,R4,1.31
183.05,Burkholderia,R4,1.22
184.05,Burkholderia,R4,1.11
185.05,Burkholderia,R4,1.02
186.05,Burkholderia,R4,0.91
187.05,Burkholderia,R4,0.78
188.05,Burkholderia,R4,0.69
189.05,Burkholderia,R4,0.57
190.05,Burkholderia,R4,0.45
191.05,Burkholderia,R4,0.33
192.05,Burkholderia,R4,0.22
193.05,Burkholderia,R4,0.19
194.05,Burkholderia,R4,0.19
195.05,Burkholderia,R4,0.18
196.05,Burkholderia,R4,0.18
197.05,Burkholderia,R4,0.18
0.03,Buttiauxella,R4,4.71
1.03,Buttiauxella,R4,4.67
2.03,Buttiauxella,R4,4.71
3.03,Buttiauxella,R4,4.75
4.03,Buttiauxella,R4,4.81
5.03,Buttiauxella,R4,4.86
6.03,Buttiauxella,R4,4.91
7.03,Buttiauxella,R4,4.96
8.03,Buttiauxella,R4,5.01
9.03,Buttiauxella,R4,5.06
10.03,Buttiauxella,R4,5.1
11.03,Buttiauxella,R4,5.17
12.03,Buttiauxella,R4,5.21
13.03,Buttiauxella,R4,5.26
14.03,Buttiauxella,R4,5.28
15.03,Buttiauxella,R4,5.35
16.03,Buttiauxella,R4,5.37
17.03,Buttiauxella,R4,5.41
18.03,Buttiauxella,R4,5.45
19.03,Buttiauxella,R4,5.48
20.03,Buttiauxella,R4,5.5
21.03,Buttiauxella,R4,5.54
22.03,Buttiauxella,R4,5.57
23.03,Buttiauxella,R4,5.58
24.03,Buttiauxella,R4,5.62
25.03,Buttiauxella,R4,5.64
26.03,Buttiauxella,R4,5.67
27.03,Buttiauxella,R4,5.7
28.03,Buttiauxella,R4,5.71
29.03,Buttiauxella,R4,5.73
30.03,Buttiauxella,R4,5.75
31.03,Buttiauxella,R4,5.77
32.03,Buttiauxella,R4,5.78
33.03,Buttiauxella,R4,5.82
34.03,Buttiauxella,R4,5.81
35.03,Buttiauxella,R4,5.85
36.03,Buttiauxella,R4,5.85
37.03,Buttiauxella,R4,5.86
38.03,Buttiauxella,R4,5.87
39.03,Buttiauxella,R4,5.87
40.03,Buttiauxella,R4,5.88
41.03,Buttiauxella,R4,5.89
42.03,Buttiauxella,R4,5.9
43.03,Buttiauxella,R4,5.91
44.03,Buttiauxella,R4,5.92
45.03,Buttiauxella,R4,5.93
46.03,Buttiauxella,R4,5.94
47.03,Buttiauxella,R4,5.94
48.03,Buttiauxella,R4,5.95
49.03,Buttiauxella,R4,5.95
50.05,Buttiauxella,R4,5.95
51.05,Buttiauxella,R4,5.95
52.05,Buttiauxella,R4,5.95
53.05,Buttiauxella,R4,5.95
54.05,Buttiauxella,R4,5.94
55.05,Buttiauxella,R4,5.96
56.05,Buttiauxella,R4,5.95
57.05,Buttiauxella,R4,5.94
58.05,Buttiauxella,R4,5.94
59.05,Buttiauxella,R4,5.92
60.05,Buttiauxella,R4,5.9
61.05,Buttiauxella,R4,5.91
62.05,Buttiauxella,R4,5.88
63.05,Buttiauxella,R4,5.87
64.05,Buttiauxella,R4,5.85
65.05,Buttiauxella,R4,5.84
66.05,Buttiauxella,R4,5.85
67.05,Buttiauxella,R4,5.82
68.05,Buttiauxella,R4,5.81
69.05,Buttiauxella,R4,5.81
70.05,Buttiauxella,R4,5.79
71.05,Buttiauxella,R4,5.76
72.05,Buttiauxella,R4,5.77
73.05,Buttiauxella,R4,5.75
74.05,Buttiauxella,R4,5.73
75.05,Buttiauxella,R4,5.72
76.05,Buttiauxella,R4,5.71
77.05,Buttiauxella,R4,5.69
78.05,Buttiauxella,R4,5.68
79.05,Buttiauxella,R4,5.67
80.05,Buttiauxella,R4,5.63
81.05,Buttiauxella,R4,5.62
82.05,Buttiauxella,R4,5.62
83.05,Buttiauxella,R4,5.6
84.05,Buttiauxella,R4,5.56
85.05,Buttiauxella,R4,5.57
86.05,Buttiauxella,R4,5.54
87.05,Buttiauxella,R4,5.53
88.05,Buttiauxella,R4,5.49
89.05,Buttiauxella,R4,5.49
90.05,Buttiauxella,R4,5.45
91.05,Buttiauxella,R4,5.46
92.05,Buttiauxella,R4,5.42
93.05,Buttiauxella,R4,5.41
94.05,Buttiauxella,R4,5.37
95.05,Buttiauxella,R4,5.36
96.05,Buttiauxella,R4,5.36
97.05,Buttiauxella,R4,5.31
98.05,Buttiauxella,R4,5.3
99.05,Buttiauxella,R4,5.31
100.05,Buttiauxella,R4,5.26
101.05,Buttiauxella,R4,5.23
102.05,Buttiauxella,R4,5.21
103.05,Buttiauxella,R4,5.18
104.05,Buttiauxella,R4,5.16
105.05,Buttiauxella,R4,5.13
106.05,Buttiauxella,R4,5.11
107.05,Buttiauxella,R4,5.08
108.05,Buttiauxella,R4,5.07
109.05,Buttiauxella,R4,5.04
110.05,Buttiauxella,R4,4.99
111.05,Buttiauxella,R4,4.97
112.05,Buttiauxella,R4,4.93
113.05,Buttiauxella,R4,4.93
114.05,Buttiauxella,R4,4.88
115.05,Buttiauxella,R4,4.85
116.05,Buttiauxella,R4,4.83
117.05,Buttiauxella,R4,4.79
118.05,Buttiauxella,R4,4.77
119.05,Buttiauxella,R4,4.74
120.05,Buttiauxella,R4,4.69
121.05,Buttiauxella,R4,4.67
122.05,Buttiauxella,R4,4.63
123.05,Buttiauxella,R4,4.6
124.05,Buttiauxella,R4,4.55
125.05,Buttiauxella,R4,4.52
126.05,Buttiauxella,R4,4.49
127.05,Buttiauxella,R4,4.44
128.05,Buttiauxella,R4,4.39
129.05,Buttiauxella,R4,4.37
130.05,Buttiauxella,R4,4.34
131.05,Buttiauxella,R4,4.28
132.05,Buttiauxella,R4,4.25
133.05,Buttiauxella,R4,4.19
134.05,Buttiauxella,R4,4.16
135.05,Buttiauxella,R4,4.13
136.05,Buttiauxella,R4,4.07
137.05,Buttiauxella,R4,4.01
138.05,Buttiauxella,R4,3.98
139.05,Buttiauxella,R4,3.93
140.05,Buttiauxella,R4,3.9
141.05,Buttiauxella,R4,3.82
142.05,Buttiauxella,R4,3.78
143.05,Buttiauxella,R4,3.73
144.05,Buttiauxella,R4,3.69
145.05,Buttiauxella,R4,3.64
146.05,Buttiauxella,R4,3.57
147.05,Buttiauxella,R4,3.53
148.05,Buttiauxella,R4,3.46
149.05,Buttiauxella,R4,3.41
150.05,Buttiauxella,R4,3.36
151.05,Buttiauxella,R4,3.31
152.05,Buttiauxella,R4,3.22
153.05,Buttiauxella,R4,3.18
154.05,Buttiauxella,R4,3.1
155.05,Buttiauxella,R4,3.04
156.05,Buttiauxella,R4,2.98
157.05,Buttiauxella,R4,2.9
158.05,Buttiauxella,R4,2.85
159.05,Buttiauxella,R4,2.77
160.05,Buttiauxella,R4,2.71
161.05,Buttiauxella,R4,2.63
162.05,Buttiauxella,R4,2.58
163.05,Buttiauxella,R4,2.48
164.05,Buttiauxella,R4,2.41
165.05,Buttiauxella,R4,2.33
166.05,Buttiauxella,R4,2.26
167.05,Buttiauxella,R4,2.17
168.05,Buttiauxella,R4,2.08
169.05,Buttiauxella,R4,2.03
170.05,Buttiauxella,R4,1.93
171.05,Buttiauxella,R4,1.85
172.05,Buttiauxella,R4,1.77
173.05,Buttiauxella,R4,1.65
174.05,Buttiauxella,R4,1.57
175.05,Buttiauxella,R4,1.48
176.05,Buttiauxella,R4,1.38
177.05,Buttiauxella,R4,1.28
178.05,Buttiauxella,R4,1.19
179.05,Buttiauxella,R4,1.09
180.05,Buttiauxella,R4,0.98
181.05,Buttiauxella,R4,0.89
182.05,Buttiauxella,R4,0.78
183.05,Buttiauxella,R4,0.67
184.05,Buttiauxella,R4,0.57
185.05,Buttiauxella,R4,0.46
186.05,Buttiauxella,R4,0.33
187.05,Buttiauxella,R4,0.22
188.05,Buttiauxella,R4,0.12
189.05,Buttiauxella,R4,0.08
190.05,Buttiauxella,R4,0.08
191.05,Buttiauxella,R4,0.08
192.05,Buttiauxella,R4,0.07
193.05,Buttiauxella,R4,0.08
194.05,Buttiauxella,R4,0.08
195.05,Buttiauxella,R4,0.07
196.05,Buttiauxella,R4,0.08
197.05,Buttiauxella,R4,0.08
0.03,Flavobacterium_B,R4,5.06
1.03,Flavobacterium_B,R4,5.05
2.03,Flavobacterium_B,R4,5.11
3.03,Flavobacterium_B,R4,5.15
4.03,Flavobacterium_B,R4,5.23
5.03,Flavobacterium_B,R4,5.29
6.03,Flavobacterium_B,R4,5.37
7.03,Flavobacterium_B,R4,5.43
8.03,Flavobacterium_B,R4,5.49
9.03,Flavobacterium_B,R4,5.55
10.03,Flavobacterium_B,R4,5.6
11.03,Flavobacterium_B,R4,5.67
12.03,Flavobacterium_B,R4,5.72
13.03,Flavobacterium_B,R4,5.77
14.03,Flavobacterium_B,R4,5.8
15.03,Flavobacterium_B,R4,5.86
16.03,Flavobacterium_B,R4,5.89
17.03,Flavobacterium_B,R4,5.92
18.03,Flavobacterium_B,R4,5.97
19.03,Flavobacterium_B,R4,6.01
20.03,Flavobacterium_B,R4,6.03
21.03,Flavobacterium_B,R4,6.07
22.03,Flavobacterium_B,R4,6.12
23.03,Flavobacterium_B,R4,6.15
24.03,Flavobacterium_B,R4,6.19
25.03,Flavobacterium_B,R4,6.22
26.03,Flavobacterium_B,R4,6.24
27.03,Flavobacterium_B,R4,6.28
28.03,Flavobacterium_B,R4,6.31
29.03,Flavobacterium_B,R4,6.34
30.03,Flavobacterium_B,R4,6.36
31.03,Flavobacterium_B,R4,6.39
32.03,Flavobacterium_B,R4,6.42
33.03,Flavobacterium_B,R4,6.43
34.03,Flavobacterium_B,R4,6.44
35.03,Flavobacterium_B,R4,6.47
36.03,Flavobacterium_B,R4,6.47
37.03,Flavobacterium_B,R4,6.49
38.03,Flavobacterium_B,R4,6.51
39.03,Flavobacterium_B,R4,6.51
40.03,Flavobacterium_B,R4,6.53
41.03,Flavobacterium_B,R4,6.54
42.03,Flavobacterium_B,R4,6.53
43.03,Flavobacterium_B,R4,6.56
44.03,Flavobacterium_B,R4,6.57
45.03,Flavobacterium_B,R4,6.58
46.03,Flavobacterium_B,R4,6.58
47.03,Flavobacterium_B,R4,6.58
48.03,Flavobacterium_B,R4,6.59
49.03,Flavobacterium_B,R4,6.59
50.05,Flavobacterium_B,R4,6.59
51.05,Flavobacterium_B,R4,6.61
52.05,Flavobacterium_B,R4,6.6
53.05,Flavobacterium_B,R4,6.59
54.05,Flavobacterium_B,R4,6.56
55.05,Flavobacterium_B,R4,6.56
56.05,Flavobacterium_B,R4,6.56
57.05,Flavobacterium_B,R4,6.54
58.05,Flavobacterium_B,R4,6.53
59.05,Flavobacterium_B,R4,6.51
60.05,Flavobacterium_B,R4,6.5
61.05,Flavobacterium_B,R4,6.48
62.05,Flavobacterium_B,R4,6.47
63.05,Flavobacterium_B,R4,6.47
64.05,Flavobacterium_B,R4,6.45
65.05,Flavobacterium_B,R4,6.44
66.05,Flavobacterium_B,R4,6.43
67.05,Flavobacterium_B,R4,6.42
68.05,Flavobacterium_B,R4,6.41
69.05,Flavobacterium_B,R4,6.38
70.05,Flavobacterium_B,R4,6.37
71.05,Flavobacterium_B,R4,6.35
72.05,Flavobacterium_B,R4,6.35
73.05,Flavobacterium_B,R4,6.31
74.05,Flavobacterium_B,R4,6.3
75.05,Flavobacterium_B,R4,6.29
76.05,Flavobacterium_B,R4,6.28
77.05,Flavobacterium_B,R4,6.24
78.05,Flavobacterium_B,R4,6.23
79.05,Flavobacterium_B,R4,6.23
80.05,Flavobacterium_B,R4,6.22
81.05,Flavobacterium_B,R4,6.19
82.05,Flavobacterium_B,R4,6.18
83.05,Flavobacterium_B,R4,6.14
84.05,Flavobacterium_B,R4,6.14
85.05,Flavobacterium_B,R4,6.12
86.05,Flavobacterium_B,R4,6.08
87.05,Flavobacterium_B,R4,6.09
88.05,Flavobacterium_B,R4,6.06
89.05,Flavobacterium_B,R4,6.04
90.05,Flavobacterium_B,R4,6.01
91.05,Flavobacterium_B,R4,6.01
92.05,Flavobacterium_B,R4,5.97
93.05,Flavobacterium_B,R4,5.95
94.05,Flavobacterium_B,R4,5.92
95.05,Flavobacterium_B,R4,5.9
96.05,Flavobacterium_B,R4,5.88
97.05,Flavobacterium_B,R4,5.86
98.05,Flavobacterium_B,R4,5.84
99.05,Flavobacterium_B,R4,5.82
100.05,Flavobacterium_B,R4,5.79
101.05,Flavobacterium_B,R4,5.76
102.05,Flavobacterium_B,R4,5.75
103.05,Flavobacterium_B,R4,5.74
104.05,Flavobacterium_B,R4,5.71
105.05,Flavobacterium_B,R4,5.67
106.05,Flavobacterium_B,R4,5.66
107.05,Flavobacterium_B,R4,5.63
108.05,Flavobacterium_B,R4,5.6
109.05,Flavobacterium_B,R4,5.57
110.05,Flavobacterium_B,R4,5.55
111.05,Flavobacterium_B,R4,5.52
112.05,Flavobacterium_B,R4,5.49
113.05,Flavobacterium_B,R4,5.47
114.05,Flavobacterium_B,R4,5.44
115.05,Flavobacterium_B,R4,5.41
116.05,Flavobacterium_B,R4,5.38
117.05,Flavobacterium_B,R4,5.34
118.05,Flavobacterium_B,R4,5.32
119.05,Flavobacterium_B,R4,5.28
120.05,Flavobacterium_B,R4,5.25
121.05,Flavobacterium_B,R4,5.22
122.05,Flavobacterium_B,R4,5.18
123.05,Flavobacterium_B,R4,5.16
124.05,Flavobacterium_B,R4,5.13
125.05,Flavobacterium_B,R4,5.08
126.05,Flavobacterium_B,R4,5.06
127.05,Flavobacterium_B,R4,5.02
128.05,Flavobacterium_B,R4,4.98
129.05,Flavobacterium_B,R4,4.95
130.05,Flavobacterium_B,R4,4.92
131.05,Flavobacterium_B,R4,4.89
132.05,Flavobacterium_B,R4,4.83
133.05,Flavobacterium_B,R4,4.8
134.05,Flavobacterium_B,R4,4.77
135.05,Flavobacterium_B,R4,4.72
136.05,Flavobacterium_B,R4,4.69
137.05,Flavobacterium_B,R4,4.65
138.05,Flavobacterium_B,R4,4.6
139.05,Flavobacterium_B,R4,4.57
140.05,Flavobacterium_B,R4,4.54
141.05,Flavobacterium_B,R4,4.47
142.05,Flavobacterium_B,R4,4.43
143.05,Flavobacterium_B,R4,4.39
144.05,Flavobacterium_B,R4,4.35
145.05,Flavobacterium_B,R4,4.29
146.05,Flavobacterium_B,R4,4.25
147.05,Flavobacterium_B,R4,4.21
148.05,Flavobacterium_B,R4,4.15
149.05,Flavobacterium_B,R4,4.1
150.05,Flavobacterium_B,R4,4.05
151.05,Flavobacterium_B,R4,4
152.05,Flavobacterium_B,R4,3.95
153.05,Flavobacterium_B,R4,3.9
154.05,Flavobacterium_B,R4,3.85
155.05,Flavobacterium_B,R4,3.79
156.05,Flavobacterium_B,R4,3.75
157.05,Flavobacterium_B,R4,3.7
158.05,Flavobacterium_B,R4,3.63
159.05,Flavobacterium_B,R4,3.58
160.05,Flavobacterium_B,R4,3.52
161.05,Flavobacterium_B,R4,3.46
162.05,Flavobacterium_B,R4,3.41
163.05,Flavobacterium_B,R4,3.34
164.05,Flavobacterium_B,R4,3.29
165.05,Flavobacterium_B,R4,3.22
166.05,Flavobacterium_B,R4,3.17
167.05,Flavobacterium_B,R4,3.1
168.05,Flavobacterium_B,R4,3.04
169.05,Flavobacterium_B,R4,2.98
170.05,Flavobacterium_B,R4,2.91
171.05,Flavobacterium_B,R4,2.84
172.05,Flavobacterium_B,R4,2.77
173.05,Flavobacterium_B,R4,2.68
174.05,Flavobacterium_B,R4,2.61
175.05,Flavobacterium_B,R4,2.57
176.05,Flavobacterium_B,R4,2.49
177.05,Flavobacterium_B,R4,2.4
178.05,Flavobacterium_B,R4,2.33
179.05,Flavobacterium_B,R4,2.26
180.05,Flavobacterium_B,R4,2.18
181.05,Flavobacterium_B,R4,2.08
182.05,Flavobacterium_B,R4,2.03
183.05,Flavobacterium_B,R4,1.95
184.05,Flavobacterium_B,R4,1.85
185.05,Flavobacterium_B,R4,1.78
186.05,Flavobacterium_B,R4,1.69
187.05,Flavobacterium_B,R4,1.61
188.05,Flavobacterium_B,R4,1.51
189.05,Flavobacterium_B,R4,1.43
190.05,Flavobacterium_B,R4,1.34
191.05,Flavobacterium_B,R4,1.25
192.05,Flavobacterium_B,R4,1.14
193.05,Flavobacterium_B,R4,1.05
194.05,Flavobacterium_B,R4,0.98
195.05,Flavobacterium_B,R4,0.89
196.05,Flavobacterium_B,R4,0.81
197.05,Flavobacterium_B,R4,0.71
0.03,Herbaspirillum,R4,4.57
1.03,Herbaspirillum,R4,4.52
2.03,Herbaspirillum,R4,4.53
3.03,Herbaspirillum,R4,4.55
4.03,Herbaspirillum,R4,4.6
5.03,Herbaspirillum,R4,4.63
6.03,Herbaspirillum,R4,4.67
7.03,Herbaspirillum,R4,4.72
8.03,Herbaspirillum,R4,4.76
9.03,Herbaspirillum,R4,4.81
10.03,Herbaspirillum,R4,4.84
11.03,Herbaspirillum,R4,4.87
12.03,Herbaspirillum,R4,4.91
13.03,Herbaspirillum,R4,4.95
14.03,Herbaspirillum,R4,5
15.03,Herbaspirillum,R4,5.02
16.03,Herbaspirillum,R4,5.06
17.03,Herbaspirillum,R4,5.08
18.03,Herbaspirillum,R4,5.12
19.03,Herbaspirillum,R4,5.15
20.03,Herbaspirillum,R4,5.18
21.03,Herbaspirillum,R4,5.2
22.03,Herbaspirillum,R4,5.23
23.03,Herbaspirillum,R4,5.26
24.03,Herbaspirillum,R4,5.27
25.03,Herbaspirillum,R4,5.31
26.03,Herbaspirillum,R4,5.34
27.03,Herbaspirillum,R4,5.34
28.03,Herbaspirillum,R4,5.37
29.03,Herbaspirillum,R4,5.38
30.03,Herbaspirillum,R4,5.41
31.03,Herbaspirillum,R4,5.42
32.03,Herbaspirillum,R4,5.44
33.03,Herbaspirillum,R4,5.46
34.03,Herbaspirillum,R4,5.48
35.03,Herbaspirillum,R4,5.5
36.03,Herbaspirillum,R4,5.51
37.03,Herbaspirillum,R4,5.53
38.03,Herbaspirillum,R4,5.53
39.03,Herbaspirillum,R4,5.56
40.03,Herbaspirillum,R4,5.57
41.03,Herbaspirillum,R4,5.58
42.03,Herbaspirillum,R4,5.59
43.03,Herbaspirillum,R4,5.6
44.03,Herbaspirillum,R4,5.6
45.03,Herbaspirillum,R4,5.62
46.03,Herbaspirillum,R4,5.62
47.03,Herbaspirillum,R4,5.64
48.03,Herbaspirillum,R4,5.64
49.03,Herbaspirillum,R4,5.63
50.05,Herbaspirillum,R4,5.65
51.05,Herbaspirillum,R4,5.65
52.05,Herbaspirillum,R4,5.66
53.05,Herbaspirillum,R4,5.67
54.05,Herbaspirillum,R4,5.68
55.05,Herbaspirillum,R4,5.68
56.05,Herbaspirillum,R4,5.68
57.05,Herbaspirillum,R4,5.67
58.05,Herbaspirillum,R4,5.66
59.05,Herbaspirillum,R4,5.65
60.05,Herbaspirillum,R4,5.65
61.05,Herbaspirillum,R4,5.64
62.05,Herbaspirillum,R4,5.63
63.05,Herbaspirillum,R4,5.64
64.05,Herbaspirillum,R4,5.64
65.05,Herbaspirillum,R4,5.61
66.05,Herbaspirillum,R4,5.6
67.05,Herbaspirillum,R4,5.6
68.05,Herbaspirillum,R4,5.6
69.05,Herbaspirillum,R4,5.59
70.05,Herbaspirillum,R4,5.59
71.05,Herbaspirillum,R4,5.58
72.05,Herbaspirillum,R4,5.58
73.05,Herbaspirillum,R4,5.57
74.05,Herbaspirillum,R4,5.56
75.05,Herbaspirillum,R4,5.56
76.05,Herbaspirillum,R4,5.55
77.05,Herbaspirillum,R4,5.53
78.05,Herbaspirillum,R4,5.54
79.05,Herbaspirillum,R4,5.52
80.05,Herbaspirillum,R4,5.52
81.05,Herbaspirillum,R4,5.51
82.05,Herbaspirillum,R4,5.5
83.05,Herbaspirillum,R4,5.5
84.05,Herbaspirillum,R4,5.48
85.05,Herbaspirillum,R4,5.48
86.05,Herbaspirillum,R4,5.46
87.05,Herbaspirillum,R4,5.44
88.05,Herbaspirillum,R4,5.44
89.05,Herbaspirillum,R4,5.43
90.05,Herbaspirillum,R4,5.41
91.05,Herbaspirillum,R4,5.4
92.05,Herbaspirillum,R4,5.39
93.05,Herbaspirillum,R4,5.39
94.05,Herbaspirillum,R4,5.38
95.05,Herbaspirillum,R4,5.37
96.05,Herbaspirillum,R4,5.36
97.05,Herbaspirillum,R4,5.34
98.05,Herbaspirillum,R4,5.32
99.05,Herbaspirillum,R4,5.32
100.05,Herbaspirillum,R4,5.31
101.05,Herbaspirillum,R4,5.29
102.05,Herbaspirillum,R4,5.27
103.05,Herbaspirillum,R4,5.27
104.05,Herbaspirillum,R4,5.24
105.05,Herbaspirillum,R4,5.23
106.05,Herbaspirillum,R4,5.23
107.05,Herbaspirillum,R4,5.21
108.05,Herbaspirillum,R4,5.18
109.05,Herbaspirillum,R4,5.18
110.05,Herbaspirillum,R4,5.15
111.05,Herbaspirillum,R4,5.15
112.05,Herbaspirillum,R4,5.12
113.05,Herbaspirillum,R4,5.11
114.05,Herbaspirillum,R4,5.08
115.05,Herbaspirillum,R4,5.07
116.05,Herbaspirillum,R4,5.05
117.05,Herbaspirillum,R4,5.05
118.05,Herbaspirillum,R4,5.02
119.05,Herbaspirillum,R4,4.99
120.05,Herbaspirillum,R4,4.97
121.05,Herbaspirillum,R4,4.95
122.05,Herbaspirillum,R4,4.93
123.05,Herbaspirillum,R4,4.92
124.05,Herbaspirillum,R4,4.9
125.05,Herbaspirillum,R4,4.87
126.05,Herbaspirillum,R4,4.86
127.05,Herbaspirillum,R4,4.81
128.05,Herbaspirillum,R4,4.81
129.05,Herbaspirillum,R4,4.78
130.05,Herbaspirillum,R4,4.76
131.05,Herbaspirillum,R4,4.74
132.05,Herbaspirillum,R4,4.71
133.05,Herbaspirillum,R4,4.68
134.05,Herbaspirillum,R4,4.66
135.05,Herbaspirillum,R4,4.64
136.05,Herbaspirillum,R4,4.58
137.05,Herbaspirillum,R4,4.57
138.05,Herbaspirillum,R4,4.55
139.05,Herbaspirillum,R4,4.52
140.05,Herbaspirillum,R4,4.47
141.05,Herbaspirillum,R4,4.45
142.05,Herbaspirillum,R4,4.41
143.05,Herbaspirillum,R4,4.38
144.05,Herbaspirillum,R4,4.34
145.05,Herbaspirillum,R4,4.31
146.05,Herbaspirillum,R4,4.28
147.05,Herbaspirillum,R4,4.24
148.05,Herbaspirillum,R4,4.2
149.05,Herbaspirillum,R4,4.18
150.05,Herbaspirillum,R4,4.13
151.05,Herbaspirillum,R4,4.11
152.05,Herbaspirillum,R4,4.06
153.05,Herbaspirillum,R4,4.02
154.05,Herbaspirillum,R4,3.97
155.05,Herbaspirillum,R4,3.94
156.05,Herbaspirillum,R4,3.88
157.05,Herbaspirillum,R4,3.85
158.05,Herbaspirillum,R4,3.8
159.05,Herbaspirillum,R4,3.75
160.05,Herbaspirillum,R4,3.71
161.05,Herbaspirillum,R4,3.66
162.05,Herbaspirillum,R4,3.61
163.05,Herbaspirillum,R4,3.56
164.05,Herbaspirillum,R4,3.5
165.05,Herbaspirillum,R4,3.45
166.05,Herbaspirillum,R4,3.4
167.05,Herbaspirillum,R4,3.35
168.05,Herbaspirillum,R4,3.29
169.05,Herbaspirillum,R4,3.23
170.05,Herbaspirillum,R4,3.18
171.05,Herbaspirillum,R4,3.12
172.05,Herbaspirillum,R4,3.05
173.05,Herbaspirillum,R4,3
174.05,Herbaspirillum,R4,2.93
175.05,Herbaspirillum,R4,2.87
176.05,Herbaspirillum,R4,2.79
177.05,Herbaspirillum,R4,2.73
178.05,Herbaspirillum,R4,2.66
179.05,Herbaspirillum,R4,2.58
180.05,Herbaspirillum,R4,2.5
181.05,Herbaspirillum,R4,2.43
182.05,Herbaspirillum,R4,2.36
183.05,Herbaspirillum,R4,2.29
184.05,Herbaspirillum,R4,2.2
185.05,Herbaspirillum,R4,2.12
186.05,Herbaspirillum,R4,2.05
187.05,Herbaspirillum,R4,1.96
188.05,Herbaspirillum,R4,1.87
189.05,Herbaspirillum,R4,1.79
190.05,Herbaspirillum,R4,1.68
191.05,Herbaspirillum,R4,1.6
192.05,Herbaspirillum,R4,1.51
193.05,Herbaspirillum,R4,1.4
194.05,Herbaspirillum,R4,1.31
195.05,Herbaspirillum,R4,1.21
196.05,Herbaspirillum,R4,1.09
197.05,Herbaspirillum,R4,1
0.03,Acinetobacter,R5,4.67
1.03,Acinetobacter,R5,4.65
2.03,Acinetobacter,R5,4.69
3.03,Acinetobacter,R5,4.73
4.03,Acinetobacter,R5,4.79
5.03,Acinetobacter,R5,4.83
6.03,Acinetobacter,R5,4.88
7.03,Acinetobacter,R5,4.91
8.03,Acinetobacter,R5,4.97
9.03,Acinetobacter,R5,5.01
10.03,Acinetobacter,R5,5.04
11.03,Acinetobacter,R5,5.11
12.03,Acinetobacter,R5,5.13
13.03,Acinetobacter,R5,5.17
14.03,Acinetobacter,R5,5.19
15.03,Acinetobacter,R5,5.25
16.03,Acinetobacter,R5,5.27
17.03,Acinetobacter,R5,5.3
18.03,Acinetobacter,R5,5.33
19.03,Acinetobacter,R5,5.35
20.03,Acinetobacter,R5,5.38
21.03,Acinetobacter,R5,5.4
22.03,Acinetobacter,R5,5.44
23.03,Acinetobacter,R5,5.46
24.03,Acinetobacter,R5,5.48
25.03,Acinetobacter,R5,5.5
26.03,Acinetobacter,R5,5.53
27.03,Acinetobacter,R5,5.55
28.03,Acinetobacter,R5,5.56
29.03,Acinetobacter,R5,5.59
30.03,Acinetobacter,R5,5.6
31.03,Acinetobacter,R5,5.6
32.03,Acinetobacter,R5,5.64
33.03,Acinetobacter,R5,5.65
34.03,Acinetobacter,R5,5.67
35.03,Acinetobacter,R5,5.68
36.03,Acinetobacter,R5,5.69
37.03,Acinetobacter,R5,5.7
38.03,Acinetobacter,R5,5.72
39.03,Acinetobacter,R5,5.72
40.03,Acinetobacter,R5,5.73
41.03,Acinetobacter,R5,5.73
42.03,Acinetobacter,R5,5.74
43.03,Acinetobacter,R5,5.75
44.03,Acinetobacter,R5,5.75
45.03,Acinetobacter,R5,5.75
46.03,Acinetobacter,R5,5.76
47.03,Acinetobacter,R5,5.76
48.03,Acinetobacter,R5,5.77
49.03,Acinetobacter,R5,5.77
50.05,Acinetobacter,R5,5.77
51.05,Acinetobacter,R5,5.77
52.05,Acinetobacter,R5,5.78
53.05,Acinetobacter,R5,5.75
54.05,Acinetobacter,R5,5.75
55.05,Acinetobacter,R5,5.74
56.05,Acinetobacter,R5,5.72
57.05,Acinetobacter,R5,5.71
58.05,Acinetobacter,R5,5.68
59.05,Acinetobacter,R5,5.64
60.05,Acinetobacter,R5,5.65
61.05,Acinetobacter,R5,5.62
62.05,Acinetobacter,R5,5.6
63.05,Acinetobacter,R5,5.59
64.05,Acinetobacter,R5,5.56
65.05,Acinetobacter,R5,5.55
66.05,Acinetobacter,R5,5.54
67.05,Acinetobacter,R5,5.51
68.05,Acinetobacter,R5,5.49
69.05,Acinetobacter,R5,5.48
70.05,Acinetobacter,R5,5.45
71.05,Acinetobacter,R5,5.44
72.05,Acinetobacter,R5,5.42
73.05,Acinetobacter,R5,5.4
74.05,Acinetobacter,R5,5.37
75.05,Acinetobacter,R5,5.36
76.05,Acinetobacter,R5,5.35
77.05,Acinetobacter,R5,5.31
78.05,Acinetobacter,R5,5.29
79.05,Acinetobacter,R5,5.28
80.05,Acinetobacter,R5,5.26
81.05,Acinetobacter,R5,5.23
82.05,Acinetobacter,R5,5.22
83.05,Acinetobacter,R5,5.18
84.05,Acinetobacter,R5,5.16
85.05,Acinetobacter,R5,5.15
86.05,Acinetobacter,R5,5.11
87.05,Acinetobacter,R5,5.1
88.05,Acinetobacter,R5,5.06
89.05,Acinetobacter,R5,5.04
90.05,Acinetobacter,R5,5.03
91.05,Acinetobacter,R5,5.01
92.05,Acinetobacter,R5,4.98
93.05,Acinetobacter,R5,4.94
94.05,Acinetobacter,R5,4.91
95.05,Acinetobacter,R5,4.9
96.05,Acinetobacter,R5,4.88
97.05,Acinetobacter,R5,4.84
98.05,Acinetobacter,R5,4.81
99.05,Acinetobacter,R5,4.79
100.05,Acinetobacter,R5,4.78
101.05,Acinetobacter,R5,4.74
102.05,Acinetobacter,R5,4.72
103.05,Acinetobacter,R5,4.69
104.05,Acinetobacter,R5,4.65
105.05,Acinetobacter,R5,4.63
106.05,Acinetobacter,R5,4.61
107.05,Acinetobacter,R5,4.58
108.05,Acinetobacter,R5,4.55
109.05,Acinetobacter,R5,4.51
110.05,Acinetobacter,R5,4.49
111.05,Acinetobacter,R5,4.46
112.05,Acinetobacter,R5,4.43
113.05,Acinetobacter,R5,4.4
114.05,Acinetobacter,R5,4.37
115.05,Acinetobacter,R5,4.34
116.05,Acinetobacter,R5,4.31
117.05,Acinetobacter,R5,4.26
118.05,Acinetobacter,R5,4.23
119.05,Acinetobacter,R5,4.21
120.05,Acinetobacter,R5,4.17
121.05,Acinetobacter,R5,4.15
122.05,Acinetobacter,R5,4.13
123.05,Acinetobacter,R5,4.08
124.05,Acinetobacter,R5,4.05
125.05,Acinetobacter,R5,4.01
126.05,Acinetobacter,R5,3.96
127.05,Acinetobacter,R5,3.94
128.05,Acinetobacter,R5,3.91
129.05,Acinetobacter,R5,3.86
130.05,Acinetobacter,R5,3.83
131.05,Acinetobacter,R5,3.8
132.05,Acinetobacter,R5,3.76
133.05,Acinetobacter,R5,3.73
134.05,Acinetobacter,R5,3.68
135.05,Acinetobacter,R5,3.66
136.05,Acinetobacter,R5,3.62
137.05,Acinetobacter,R5,3.57
138.05,Acinetobacter,R5,3.53
139.05,Acinetobacter,R5,3.48
140.05,Acinetobacter,R5,3.46
141.05,Acinetobacter,R5,3.41
142.05,Acinetobacter,R5,3.38
143.05,Acinetobacter,R5,3.33
144.05,Acinetobacter,R5,3.29
145.05,Acinetobacter,R5,3.25
146.05,Acinetobacter,R5,3.21
147.05,Acinetobacter,R5,3.16
148.05,Acinetobacter,R5,3.12
149.05,Acinetobacter,R5,3.09
150.05,Acinetobacter,R5,3.04
151.05,Acinetobacter,R5,2.98
152.05,Acinetobacter,R5,2.95
153.05,Acinetobacter,R5,2.89
154.05,Acinetobacter,R5,2.86
155.05,Acinetobacter,R5,2.79
156.05,Acinetobacter,R5,2.75
157.05,Acinetobacter,R5,2.72
158.05,Acinetobacter,R5,2.66
159.05,Acinetobacter,R5,2.6
160.05,Acinetobacter,R5,2.56
161.05,Acinetobacter,R5,2.51
162.05,Acinetobacter,R5,2.47
163.05,Acinetobacter,R5,2.4
164.05,Acinetobacter,R5,2.38
165.05,Acinetobacter,R5,2.31
166.05,Acinetobacter,R5,2.27
167.05,Acinetobacter,R5,2.22
168.05,Acinetobacter,R5,2.16
169.05,Acinetobacter,R5,2.11
170.05,Acinetobacter,R5,2.05
171.05,Acinetobacter,R5,2
172.05,Acinetobacter,R5,1.94
173.05,Acinetobacter,R5,1.88
174.05,Acinetobacter,R5,1.84
175.05,Acinetobacter,R5,1.77
176.05,Acinetobacter,R5,1.72
177.05,Acinetobacter,R5,1.65
178.05,Acinetobacter,R5,1.58
179.05,Acinetobacter,R5,1.54
180.05,Acinetobacter,R5,1.48
181.05,Acinetobacter,R5,1.42
182.05,Acinetobacter,R5,1.35
183.05,Acinetobacter,R5,1.3
184.05,Acinetobacter,R5,1.23
185.05,Acinetobacter,R5,1.16
186.05,Acinetobacter,R5,1.1
187.05,Acinetobacter,R5,1.03
188.05,Acinetobacter,R5,0.98
189.05,Acinetobacter,R5,0.92
190.05,Acinetobacter,R5,0.85
191.05,Acinetobacter,R5,0.77
192.05,Acinetobacter,R5,0.71
193.05,Acinetobacter,R5,0.64
194.05,Acinetobacter,R5,0.58
195.05,Acinetobacter,R5,0.5
196.05,Acinetobacter,R5,0.44
197.05,Acinetobacter,R5,0.38
0.03,Aeromonas_B,R5,4.57
1.03,Aeromonas_B,R5,4.6
2.03,Aeromonas_B,R5,4.67
3.03,Aeromonas_B,R5,4.74
4.03,Aeromonas_B,R5,4.8
5.03,Aeromonas_B,R5,4.87
6.03,Aeromonas_B,R5,4.93
7.03,Aeromonas_B,R5,5
8.03,Aeromonas_B,R5,5.05
9.03,Aeromonas_B,R5,5.11
10.03,Aeromonas_B,R5,5.17
11.03,Aeromonas_B,R5,5.21
12.03,Aeromonas_B,R5,5.26
13.03,Aeromonas_B,R5,5.29
14.03,Aeromonas_B,R5,5.34
15.03,Aeromonas_B,R5,5.38
16.03,Aeromonas_B,R5,5.4
17.03,Aeromonas_B,R5,5.44
18.03,Aeromonas_B,R5,5.47
19.03,Aeromonas_B,R5,5.5
20.03,Aeromonas_B,R5,5.52
21.03,Aeromonas_B,R5,5.55
22.03,Aeromonas_B,R5,5.57
23.03,Aeromonas_B,R5,5.6
24.03,Aeromonas_B,R5,5.6
25.03,Aeromonas_B,R5,5.62
26.03,Aeromonas_B,R5,5.64
27.03,Aeromonas_B,R5,5.66
28.03,Aeromonas_B,R5,5.68
29.03,Aeromonas_B,R5,5.7
30.03,Aeromonas_B,R5,5.7
31.03,Aeromonas_B,R5,5.71
32.03,Aeromonas_B,R5,5.72
33.03,Aeromonas_B,R5,5.73
34.03,Aeromonas_B,R5,5.74
35.03,Aeromonas_B,R5,5.74
36.03,Aeromonas_B,R5,5.75
37.03,Aeromonas_B,R5,5.75
38.03,Aeromonas_B,R5,5.75
39.03,Aeromonas_B,R5,5.76
40.03,Aeromonas_B,R5,5.77
41.03,Aeromonas_B,R5,5.76
42.03,Aeromonas_B,R5,5.76
43.03,Aeromonas_B,R5,5.75
44.03,Aeromonas_B,R5,5.76
45.03,Aeromonas_B,R5,5.76
46.03,Aeromonas_B,R5,5.76
47.03,Aeromonas_B,R5,5.78
48.03,Aeromonas_B,R5,5.77
49.03,Aeromonas_B,R5,5.78
50.05,Aeromonas_B,R5,5.77
51.05,Aeromonas_B,R5,5.77
52.05,Aeromonas_B,R5,5.76
53.05,Aeromonas_B,R5,5.76
54.05,Aeromonas_B,R5,5.75
55.05,Aeromonas_B,R5,5.75
56.05,Aeromonas_B,R5,5.75
57.05,Aeromonas_B,R5,5.75
58.05,Aeromonas_B,R5,5.74
59.05,Aeromonas_B,R5,5.74
60.05,Aeromonas_B,R5,5.72
61.05,Aeromonas_B,R5,5.73
62.05,Aeromonas_B,R5,5.73
63.05,Aeromonas_B,R5,5.73
64.05,Aeromonas_B,R5,5.72
65.05,Aeromonas_B,R5,5.72
66.05,Aeromonas_B,R5,5.71
67.05,Aeromonas_B,R5,5.71
68.05,Aeromonas_B,R5,5.69
69.05,Aeromonas_B,R5,5.7
70.05,Aeromonas_B,R5,5.69
71.05,Aeromonas_B,R5,5.68
72.05,Aeromonas_B,R5,5.67
73.05,Aeromonas_B,R5,5.66
74.05,Aeromonas_B,R5,5.67
75.05,Aeromonas_B,R5,5.65
76.05,Aeromonas_B,R5,5.66
77.05,Aeromonas_B,R5,5.64
78.05,Aeromonas_B,R5,5.63
79.05,Aeromonas_B,R5,5.61
80.05,Aeromonas_B,R5,5.62
81.05,Aeromonas_B,R5,5.6
82.05,Aeromonas_B,R5,5.58
83.05,Aeromonas_B,R5,5.58
84.05,Aeromonas_B,R5,5.57
85.05,Aeromonas_B,R5,5.57
86.05,Aeromonas_B,R5,5.56
87.05,Aeromonas_B,R5,5.55
88.05,Aeromonas_B,R5,5.54
89.05,Aeromonas_B,R5,5.52
90.05,Aeromonas_B,R5,5.51
91.05,Aeromonas_B,R5,5.5
92.05,Aeromonas_B,R5,5.48
93.05,Aeromonas_B,R5,5.47
94.05,Aeromonas_B,R5,5.45
95.05,Aeromonas_B,R5,5.43
96.05,Aeromonas_B,R5,5.43
97.05,Aeromonas_B,R5,5.41
98.05,Aeromonas_B,R5,5.4
99.05,Aeromonas_B,R5,5.39
100.05,Aeromonas_B,R5,5.35
101.05,Aeromonas_B,R5,5.33
102.05,Aeromonas_B,R5,5.32
103.05,Aeromonas_B,R5,5.29
104.05,Aeromonas_B,R5,5.28
105.05,Aeromonas_B,R5,5.26
106.05,Aeromonas_B,R5,5.25
107.05,Aeromonas_B,R5,5.22
108.05,Aeromonas_B,R5,5.19
109.05,Aeromonas_B,R5,5.18
110.05,Aeromonas_B,R5,5.14
111.05,Aeromonas_B,R5,5.12
112.05,Aeromonas_B,R5,5.11
113.05,Aeromonas_B,R5,5.06
114.05,Aeromonas_B,R5,5.05
115.05,Aeromonas_B,R5,5.01
116.05,Aeromonas_B,R5,4.97
117.05,Aeromonas_B,R5,4.95
118.05,Aeromonas_B,R5,4.92
119.05,Aeromonas_B,R5,4.87
120.05,Aeromonas_B,R5,4.85
121.05,Aeromonas_B,R5,4.8
122.05,Aeromonas_B,R5,4.77
123.05,Aeromonas_B,R5,4.72
124.05,Aeromonas_B,R5,4.7
125.05,Aeromonas_B,R5,4.65
126.05,Aeromonas_B,R5,4.6
127.05,Aeromonas_B,R5,4.57
128.05,Aeromonas_B,R5,4.51
129.05,Aeromonas_B,R5,4.46
130.05,Aeromonas_B,R5,4.42
131.05,Aeromonas_B,R5,4.35
132.05,Aeromonas_B,R5,4.3
133.05,Aeromonas_B,R5,4.25
134.05,Aeromonas_B,R5,4.19
135.05,Aeromonas_B,R5,4.12
136.05,Aeromonas_B,R5,4.06
137.05,Aeromonas_B,R5,3.99
138.05,Aeromonas_B,R5,3.91
139.05,Aeromonas_B,R5,3.85
140.05,Aeromonas_B,R5,3.77
141.05,Aeromonas_B,R5,3.71
142.05,Aeromonas_B,R5,3.63
143.05,Aeromonas_B,R5,3.55
144.05,Aeromonas_B,R5,3.45
145.05,Aeromonas_B,R5,3.38
146.05,Aeromonas_B,R5,3.29
147.05,Aeromonas_B,R5,3.18
148.05,Aeromonas_B,R5,3.1
149.05,Aeromonas_B,R5,2.98
150.05,Aeromonas_B,R5,2.89
151.05,Aeromonas_B,R5,2.78
152.05,Aeromonas_B,R5,2.67
153.05,Aeromonas_B,R5,2.56
154.05,Aeromonas_B,R5,2.43
155.05,Aeromonas_B,R5,2.32
156.05,Aeromonas_B,R5,2.18
157.05,Aeromonas_B,R5,2.05
158.05,Aeromonas_B,R5,1.9
159.05,Aeromonas_B,R5,1.76
160.05,Aeromonas_B,R5,1.62
161.05,Aeromonas_B,R5,1.46
162.05,Aeromonas_B,R5,1.3
163.05,Aeromonas_B,R5,1.14
164.05,Aeromonas_B,R5,0.94
165.05,Aeromonas_B,R5,0.78
166.05,Aeromonas_B,R5,0.6
167.05,Aeromonas_B,R5,0.41
168.05,Aeromonas_B,R5,0.2
169.05,Aeromonas_B,R5,0.08
170.05,Aeromonas_B,R5,0.04
171.05,Aeromonas_B,R5,0.03
172.05,Aeromonas_B,R5,0.02
173.05,Aeromonas_B,R5,0.01
174.05,Aeromonas_B,R5,0.02
175.05,Aeromonas_B,R5,0.01
176.05,Aeromonas_B,R5,0.01
177.05,Aeromonas_B,R5,0.01
178.05,Aeromonas_B,R5,0
179.05,Aeromonas_B,R5,0
180.05,Aeromonas_B,R5,0.01
181.05,Aeromonas_B,R5,0.01
182.05,Aeromonas_B,R5,0.01
183.05,Aeromonas_B,R5,0.01
184.05,Aeromonas_B,R5,0.01
185.05,Aeromonas_B,R5,0
186.05,Aeromonas_B,R5,0.01
187.05,Aeromonas_B,R5,0.01
188.05,Aeromonas_B,R5,0.01
189.05,Aeromonas_B,R5,0
190.05,Aeromonas_B,R5,0
191.05,Aeromonas_B,R5,0
192.05,Aeromonas_B,R5,0.01
193.05,Aeromonas_B,R5,0.01
194.05,Aeromonas_B,R5,0.01
195.05,Aeromonas_B,R5,0.01
196.05,Aeromonas_B,R5,0
197.05,Aeromonas_B,R5,0
0.03,Arthrobacter,R5,5.73
1.03,Arthrobacter,R5,5.73
2.03,Arthrobacter,R5,5.76
3.03,Arthrobacter,R5,5.81
4.03,Arthrobacter,R5,5.87
5.03,Arthrobacter,R5,5.92
6.03,Arthrobacter,R5,5.98
7.03,Arthrobacter,R5,6.04
8.03,Arthrobacter,R5,6.09
9.03,Arthrobacter,R5,6.16
10.03,Arthrobacter,R5,6.19
11.03,Arthrobacter,R5,6.23
12.03,Arthrobacter,R5,6.26
13.03,Arthrobacter,R5,6.3
14.03,Arthrobacter,R5,6.36
15.03,Arthrobacter,R5,6.39
16.03,Arthrobacter,R5,6.44
17.03,Arthrobacter,R5,6.47
18.03,Arthrobacter,R5,6.52
19.03,Arthrobacter,R5,6.55
20.03,Arthrobacter,R5,6.58
21.03,Arthrobacter,R5,6.61
22.03,Arthrobacter,R5,6.65
23.03,Arthrobacter,R5,6.67
24.03,Arthrobacter,R5,6.69
25.03,Arthrobacter,R5,6.72
26.03,Arthrobacter,R5,6.76
27.03,Arthrobacter,R5,6.76
28.03,Arthrobacter,R5,6.79
29.03,Arthrobacter,R5,6.8
30.03,Arthrobacter,R5,6.82
31.03,Arthrobacter,R5,6.82
32.03,Arthrobacter,R5,6.86
33.03,Arthrobacter,R5,6.88
34.03,Arthrobacter,R5,6.9
35.03,Arthrobacter,R5,6.91
36.03,Arthrobacter,R5,6.93
37.03,Arthrobacter,R5,6.95
38.03,Arthrobacter,R5,6.96
39.03,Arthrobacter,R5,6.96
40.03,Arthrobacter,R5,6.98
41.03,Arthrobacter,R5,6.98
42.03,Arthrobacter,R5,6.99
43.03,Arthrobacter,R5,7.01
44.03,Arthrobacter,R5,7.02
45.03,Arthrobacter,R5,7.03
46.03,Arthrobacter,R5,7.04
47.03,Arthrobacter,R5,7.05
48.03,Arthrobacter,R5,7.06
49.03,Arthrobacter,R5,7.06
50.05,Arthrobacter,R5,7.06
51.05,Arthrobacter,R5,7.07
52.05,Arthrobacter,R5,7.09
53.05,Arthrobacter,R5,7.08
54.05,Arthrobacter,R5,7.09
55.05,Arthrobacter,R5,7.09
56.05,Arthrobacter,R5,7.08
57.05,Arthrobacter,R5,7.09
58.05,Arthrobacter,R5,7.09
59.05,Arthrobacter,R5,7.09
60.05,Arthrobacter,R5,7.09
61.05,Arthrobacter,R5,7.09
62.05,Arthrobacter,R5,7.1
63.05,Arthrobacter,R5,7.09
64.05,Arthrobacter,R5,7.06
65.05,Arthrobacter,R5,7.06
66.05,Arthrobacter,R5,7.05
67.05,Arthrobacter,R5,7.04
68.05,Arthrobacter,R5,7.02
69.05,Arthrobacter,R5,7.01
70.05,Arthrobacter,R5,6.98
71.05,Arthrobacter,R5,6.98
72.05,Arthrobacter,R5,6.94
73.05,Arthrobacter,R5,6.93
74.05,Arthrobacter,R5,6.93
75.05,Arthrobacter,R5,6.91
76.05,Arthrobacter,R5,6.89
77.05,Arthrobacter,R5,6.87
78.05,Arthrobacter,R5,6.85
79.05,Arthrobacter,R5,6.83
80.05,Arthrobacter,R5,6.83
81.05,Arthrobacter,R5,6.79
82.05,Arthrobacter,R5,6.77
83.05,Arthrobacter,R5,6.75
84.05,Arthrobacter,R5,6.73
85.05,Arthrobacter,R5,6.7
86.05,Arthrobacter,R5,6.7
87.05,Arthrobacter,R5,6.68
88.05,Arthrobacter,R5,6.64
89.05,Arthrobacter,R5,6.62
90.05,Arthrobacter,R5,6.59
91.05,Arthrobacter,R5,6.57
92.05,Arthrobacter,R5,6.56
93.05,Arthrobacter,R5,6.51
94.05,Arthrobacter,R5,6.5
95.05,Arthrobacter,R5,6.48
96.05,Arthrobacter,R5,6.43
97.05,Arthrobacter,R5,6.41
98.05,Arthrobacter,R5,6.38
99.05,Arthrobacter,R5,6.35
100.05,Arthrobacter,R5,6.33
101.05,Arthrobacter,R5,6.29
102.05,Arthrobacter,R5,6.25
103.05,Arthrobacter,R5,6.23
104.05,Arthrobacter,R5,6.19
105.05,Arthrobacter,R5,6.15
106.05,Arthrobacter,R5,6.13
107.05,Arthrobacter,R5,6.09
108.05,Arthrobacter,R5,6.06
109.05,Arthrobacter,R5,6.02
110.05,Arthrobacter,R5,5.98
111.05,Arthrobacter,R5,5.95
112.05,Arthrobacter,R5,5.88
113.05,Arthrobacter,R5,5.86
114.05,Arthrobacter,R5,5.8
115.05,Arthrobacter,R5,5.78
116.05,Arthrobacter,R5,5.71
117.05,Arthrobacter,R5,5.67
118.05,Arthrobacter,R5,5.62
119.05,Arthrobacter,R5,5.57
120.05,Arthrobacter,R5,5.52
121.05,Arthrobacter,R5,5.48
122.05,Arthrobacter,R5,5.42
123.05,Arthrobacter,R5,5.38
124.05,Arthrobacter,R5,5.32
125.05,Arthrobacter,R5,5.27
126.05,Arthrobacter,R5,5.2
127.05,Arthrobacter,R5,5.15
128.05,Arthrobacter,R5,5.09
129.05,Arthrobacter,R5,5.03
130.05,Arthrobacter,R5,4.95
131.05,Arthrobacter,R5,4.9
132.05,Arthrobacter,R5,4.83
133.05,Arthrobacter,R5,4.77
134.05,Arthrobacter,R5,4.69
135.05,Arthrobacter,R5,4.63
136.05,Arthrobacter,R5,4.54
137.05,Arthrobacter,R5,4.49
138.05,Arthrobacter,R5,4.4
139.05,Arthrobacter,R5,4.31
140.05,Arthrobacter,R5,4.25
141.05,Arthrobacter,R5,4.17
142.05,Arthrobacter,R5,4.08
143.05,Arthrobacter,R5,3.99
144.05,Arthrobacter,R5,3.9
145.05,Arthrobacter,R5,3.8
146.05,Arthrobacter,R5,3.73
147.05,Arthrobacter,R5,3.62
148.05,Arthrobacter,R5,3.52
149.05,Arthrobacter,R5,3.43
150.05,Arthrobacter,R5,3.33
151.05,Arthrobacter,R5,3.23
152.05,Arthrobacter,R5,3.12
153.05,Arthrobacter,R5,3
154.05,Arthrobacter,R5,2.87
155.05,Arthrobacter,R5,2.79
156.05,Arthrobacter,R5,2.65
157.05,Arthrobacter,R5,2.56
158.05,Arthrobacter,R5,2.43
159.05,Arthrobacter,R5,2.3
160.05,Arthrobacter,R5,2.2
161.05,Arthrobacter,R5,2.04
162.05,Arthrobacter,R5,1.91
163.05,Arthrobacter,R5,1.76
164.05,Arthrobacter,R5,1.63
165.05,Arthrobacter,R5,1.47
166.05,Arthrobacter,R5,1.34
167.05,Arthrobacter,R5,1.17
168.05,Arthrobacter,R5,1.02
169.05,Arthrobacter,R5,0.86
170.05,Arthrobacter,R5,0.7
171.05,Arthrobacter,R5,0.53
172.05,Arthrobacter,R5,0.43
173.05,Arthrobacter,R5,0.39
174.05,Arthrobacter,R5,0.39
175.05,Arthrobacter,R5,0.38
176.05,Arthrobacter,R5,0.39
177.05,Arthrobacter,R5,0.39
178.05,Arthrobacter,R5,0.38
179.05,Arthrobacter,R5,0.38
180.05,Arthrobacter,R5,0.39
181.05,Arthrobacter,R5,0.38
182.05,Arthrobacter,R5,0.38
183.05,Arthrobacter,R5,0.39
184.05,Arthrobacter,R5,0.38
185.05,Arthrobacter,R5,0.38
186.05,Arthrobacter,R5,0.39
187.05,Arthrobacter,R5,0.38
188.05,Arthrobacter,R5,0.38
189.05,Arthrobacter,R5,0.38
190.05,Arthrobacter,R5,0.38
191.05,Arthrobacter,R5,0.38
192.05,Arthrobacter,R5,0.38
193.05,Arthrobacter,R5,0.38
194.05,Arthrobacter,R5,0.39
195.05,Arthrobacter,R5,0.39
196.05,Arthrobacter,R5,0.37
197.05,Arthrobacter,R5,0.38
0.03,Burkholderia,R5,4.76
1.03,Burkholderia,R5,4.69
2.03,Burkholderia,R5,4.71
3.03,Burkholderia,R5,4.75
4.03,Burkholderia,R5,4.82
5.03,Burkholderia,R5,4.86
6.03,Burkholderia,R5,4.9
7.03,Burkholderia,R5,4.93
8.03,Burkholderia,R5,4.98
9.03,Burkholderia,R5,5
10.03,Burkholderia,R5,5.05
11.03,Burkholderia,R5,5.09
12.03,Burkholderia,R5,5.13
13.03,Burkholderia,R5,5.17
14.03,Burkholderia,R5,5.2
15.03,Burkholderia,R5,5.25
16.03,Burkholderia,R5,5.28
17.03,Burkholderia,R5,5.33
18.03,Burkholderia,R5,5.36
19.03,Burkholderia,R5,5.39
20.03,Burkholderia,R5,5.43
21.03,Burkholderia,R5,5.46
22.03,Burkholderia,R5,5.5
23.03,Burkholderia,R5,5.51
24.03,Burkholderia,R5,5.55
25.03,Burkholderia,R5,5.58
26.03,Burkholderia,R5,5.6
27.03,Burkholderia,R5,5.62
28.03,Burkholderia,R5,5.65
29.03,Burkholderia,R5,5.68
30.03,Burkholderia,R5,5.68
31.03,Burkholderia,R5,5.71
32.03,Burkholderia,R5,5.73
33.03,Burkholderia,R5,5.73
34.03,Burkholderia,R5,5.75
35.03,Burkholderia,R5,5.78
36.03,Burkholderia,R5,5.79
37.03,Burkholderia,R5,5.8
38.03,Burkholderia,R5,5.82
39.03,Burkholderia,R5,5.84
40.03,Burkholderia,R5,5.86
41.03,Burkholderia,R5,5.87
42.03,Burkholderia,R5,5.87
43.03,Burkholderia,R5,5.89
44.03,Burkholderia,R5,5.9
45.03,Burkholderia,R5,5.92
46.03,Burkholderia,R5,5.94
47.03,Burkholderia,R5,5.93
48.03,Burkholderia,R5,5.96
49.03,Burkholderia,R5,5.96
50.05,Burkholderia,R5,5.97
51.05,Burkholderia,R5,5.98
52.05,Burkholderia,R5,5.99
53.05,Burkholderia,R5,5.99
54.05,Burkholderia,R5,6
55.05,Burkholderia,R5,6.02
56.05,Burkholderia,R5,6.02
57.05,Burkholderia,R5,6.04
58.05,Burkholderia,R5,6.03
59.05,Burkholderia,R5,6.04
60.05,Burkholderia,R5,6.03
61.05,Burkholderia,R5,6.04
62.05,Burkholderia,R5,6.03
63.05,Burkholderia,R5,6.05
64.05,Burkholderia,R5,6.04
65.05,Burkholderia,R5,6.05
66.05,Burkholderia,R5,6.06
67.05,Burkholderia,R5,6.06
68.05,Burkholderia,R5,6.05
69.05,Burkholderia,R5,6.03
70.05,Burkholderia,R5,6.02
71.05,Burkholderia,R5,6.02
72.05,Burkholderia,R5,6
73.05,Burkholderia,R5,6.01
74.05,Burkholderia,R5,5.98
75.05,Burkholderia,R5,5.97
76.05,Burkholderia,R5,5.98
77.05,Burkholderia,R5,5.97
78.05,Burkholderia,R5,5.95
79.05,Burkholderia,R5,5.95
80.05,Burkholderia,R5,5.94
81.05,Burkholderia,R5,5.93
82.05,Burkholderia,R5,5.91
83.05,Burkholderia,R5,5.91
84.05,Burkholderia,R5,5.88
85.05,Burkholderia,R5,5.87
86.05,Burkholderia,R5,5.86
87.05,Burkholderia,R5,5.84
88.05,Burkholderia,R5,5.83
89.05,Burkholderia,R5,5.84
90.05,Burkholderia,R5,5.8
91.05,Burkholderia,R5,5.8
92.05,Burkholderia,R5,5.77
93.05,Burkholderia,R5,5.78
94.05,Burkholderia,R5,5.76
95.05,Burkholderia,R5,5.75
96.05,Burkholderia,R5,5.72
97.05,Burkholderia,R5,5.73
98.05,Burkholderia,R5,5.69
99.05,Burkholderia,R5,5.68
100.05,Burkholderia,R5,5.66
101.05,Burkholderia,R5,5.64
102.05,Burkholderia,R5,5.63
103.05,Burkholderia,R5,5.62
104.05,Burkholderia,R5,5.58
105.05,Burkholderia,R5,5.57
106.05,Burkholderia,R5,5.54
107.05,Burkholderia,R5,5.52
108.05,Burkholderia,R5,5.53
109.05,Burkholderia,R5,5.5
110.05,Burkholderia,R5,5.47
111.05,Burkholderia,R5,5.44
112.05,Burkholderia,R5,5.43
113.05,Burkholderia,R5,5.4
114.05,Burkholderia,R5,5.39
115.05,Burkholderia,R5,5.37
116.05,Burkholderia,R5,5.34
117.05,Burkholderia,R5,5.32
118.05,Burkholderia,R5,5.29
119.05,Burkholderia,R5,5.26
120.05,Burkholderia,R5,5.25
121.05,Burkholderia,R5,5.2
122.05,Burkholderia,R5,5.19
123.05,Burkholderia,R5,5.15
124.05,Burkholderia,R5,5.15
125.05,Burkholderia,R5,5.11
126.05,Burkholderia,R5,5.08
127.05,Burkholderia,R5,5.04
128.05,Burkholderia,R5,5.02
129.05,Burkholderia,R5,4.99
130.05,Burkholderia,R5,4.95
131.05,Burkholderia,R5,4.92
132.05,Burkholderia,R5,4.89
133.05,Burkholderia,R5,4.85
134.05,Burkholderia,R5,4.83
135.05,Burkholderia,R5,4.78
136.05,Burkholderia,R5,4.74
137.05,Burkholderia,R5,4.7
138.05,Burkholderia,R5,4.67
139.05,Burkholderia,R5,4.62
140.05,Burkholderia,R5,4.58
141.05,Burkholderia,R5,4.54
142.05,Burkholderia,R5,4.51
143.05,Burkholderia,R5,4.45
144.05,Burkholderia,R5,4.41
145.05,Burkholderia,R5,4.37
146.05,Burkholderia,R5,4.32
147.05,Burkholderia,R5,4.27
148.05,Burkholderia,R5,4.23
149.05,Burkholderia,R5,4.18
150.05,Burkholderia,R5,4.14
151.05,Burkholderia,R5,4.09
152.05,Burkholderia,R5,4.03
153.05,Burkholderia,R5,3.97
154.05,Burkholderia,R5,3.94
155.05,Burkholderia,R5,3.87
156.05,Burkholderia,R5,3.82
157.05,Burkholderia,R5,3.76
158.05,Burkholderia,R5,3.69
159.05,Burkholderia,R5,3.64
160.05,Burkholderia,R5,3.58
161.05,Burkholderia,R5,3.51
162.05,Burkholderia,R5,3.44
163.05,Burkholderia,R5,3.37
164.05,Burkholderia,R5,3.31
165.05,Burkholderia,R5,3.24
166.05,Burkholderia,R5,3.17
167.05,Burkholderia,R5,3.1
168.05,Burkholderia,R5,3.01
169.05,Burkholderia,R5,2.95
170.05,Burkholderia,R5,2.87
171.05,Burkholderia,R5,2.79
172.05,Burkholderia,R5,2.71
173.05,Burkholderia,R5,2.62
174.05,Burkholderia,R5,2.53
175.05,Burkholderia,R5,2.45
176.05,Burkholderia,R5,2.36
177.05,Burkholderia,R5,2.27
178.05,Burkholderia,R5,2.18
179.05,Burkholderia,R5,2.09
180.05,Burkholderia,R5,1.99
181.05,Burkholderia,R5,1.89
182.05,Burkholderia,R5,1.78
183.05,Burkholderia,R5,1.69
184.05,Burkholderia,R5,1.58
185.05,Burkholderia,R5,1.47
186.05,Burkholderia,R5,1.37
187.05,Burkholderia,R5,1.26
188.05,Burkholderia,R5,1.13
189.05,Burkholderia,R5,1.02
190.05,Burkholderia,R5,0.91
191.05,Burkholderia,R5,0.77
192.05,Burkholderia,R5,0.65
193.05,Burkholderia,R5,0.52
194.05,Burkholderia,R5,0.39
195.05,Burkholderia,R5,0.26
196.05,Burkholderia,R5,0.15
197.05,Burkholderia,R5,0.1
0.03,Buttiauxella,R5,4.49
1.03,Buttiauxella,R5,4.44
2.03,Buttiauxella,R5,4.45
3.03,Buttiauxella,R5,4.47
4.03,Buttiauxella,R5,4.51
5.03,Buttiauxella,R5,4.56
6.03,Buttiauxella,R5,4.62
7.03,Buttiauxella,R5,4.67
8.03,Buttiauxella,R5,4.72
9.03,Buttiauxella,R5,4.76
10.03,Buttiauxella,R5,4.8
11.03,Buttiauxella,R5,4.85
12.03,Buttiauxella,R5,4.9
13.03,Buttiauxella,R5,4.94
14.03,Buttiauxella,R5,4.98
15.03,Buttiauxella,R5,5.02
16.03,Buttiauxella,R5,5.06
17.03,Buttiauxella,R5,5.09
18.03,Buttiauxella,R5,5.13
19.03,Buttiauxella,R5,5.17
20.03,Buttiauxella,R5,5.19
21.03,Buttiauxella,R5,5.22
22.03,Buttiauxella,R5,5.27
23.03,Buttiauxella,R5,5.28
24.03,Buttiauxella,R5,5.32
25.03,Buttiauxella,R5,5.35
26.03,Buttiauxella,R5,5.37
27.03,Buttiauxella,R5,5.39
28.03,Buttiauxella,R5,5.41
29.03,Buttiauxella,R5,5.43
30.03,Buttiauxella,R5,5.44
31.03,Buttiauxella,R5,5.48
32.03,Buttiauxella,R5,5.49
33.03,Buttiauxella,R5,5.51
34.03,Buttiauxella,R5,5.53
35.03,Buttiauxella,R5,5.55
36.03,Buttiauxella,R5,5.54
37.03,Buttiauxella,R5,5.57
38.03,Buttiauxella,R5,5.58
39.03,Buttiauxella,R5,5.6
40.03,Buttiauxella,R5,5.6
41.03,Buttiauxella,R5,5.61
42.03,Buttiauxella,R5,5.61
43.03,Buttiauxella,R5,5.63
44.03,Buttiauxella,R5,5.64
45.03,Buttiauxella,R5,5.64
46.03,Buttiauxella,R5,5.66
47.03,Buttiauxella,R5,5.66
48.03,Buttiauxella,R5,5.66
49.03,Buttiauxella,R5,5.67
50.05,Buttiauxella,R5,5.68
51.05,Buttiauxella,R5,5.68
52.05,Buttiauxella,R5,5.68
53.05,Buttiauxella,R5,5.68
54.05,Buttiauxella,R5,5.68
55.05,Buttiauxella,R5,5.69
56.05,Buttiauxella,R5,5.7
57.05,Buttiauxella,R5,5.69
58.05,Buttiauxella,R5,5.68
59.05,Buttiauxella,R5,5.67
60.05,Buttiauxella,R5,5.66
61.05,Buttiauxella,R5,5.66
62.05,Buttiauxella,R5,5.65
63.05,Buttiauxella,R5,5.63
64.05,Buttiauxella,R5,5.61
65.05,Buttiauxella,R5,5.61
66.05,Buttiauxella,R5,5.6
67.05,Buttiauxella,R5,5.59
68.05,Buttiauxella,R5,5.58
69.05,Buttiauxella,R5,5.57
70.05,Buttiauxella,R5,5.55
71.05,Buttiauxella,R5,5.55
72.05,Buttiauxella,R5,5.54
73.05,Buttiauxella,R5,5.54
74.05,Buttiauxella,R5,5.5
75.05,Buttiauxella,R5,5.5
76.05,Buttiauxella,R5,5.49
77.05,Buttiauxella,R5,5.48
78.05,Buttiauxella,R5,5.45
79.05,Buttiauxella,R5,5.44
80.05,Buttiauxella,R5,5.43
81.05,Buttiauxella,R5,5.41
82.05,Buttiauxella,R5,5.39
83.05,Buttiauxella,R5,5.4
84.05,Buttiauxella,R5,5.37
85.05,Buttiauxella,R5,5.37
86.05,Buttiauxella,R5,5.33
87.05,Buttiauxella,R5,5.33
88.05,Buttiauxella,R5,5.3
89.05,Buttiauxella,R5,5.29
90.05,Buttiauxella,R5,5.27
91.05,Buttiauxella,R5,5.27
92.05,Buttiauxella,R5,5.23
93.05,Buttiauxella,R5,5.23
94.05,Buttiauxella,R5,5.2
95.05,Buttiauxella,R5,5.19
96.05,Buttiauxella,R5,5.15
97.05,Buttiauxella,R5,5.12
98.05,Buttiauxella,R5,5.12
99.05,Buttiauxella,R5,5.09
100.05,Buttiauxella,R5,5.07
101.05,Buttiauxella,R5,5.06
102.05,Buttiauxella,R5,5.03
103.05,Buttiauxella,R5,5.01
104.05,Buttiauxella,R5,4.96
105.05,Buttiauxella,R5,4.94
106.05,Buttiauxella,R5,4.92
107.05,Buttiauxella,R5,4.9
108.05,Buttiauxella,R5,4.9
109.05,Buttiauxella,R5,4.85
110.05,Buttiauxella,R5,4.82
111.05,Buttiauxella,R5,4.8
112.05,Buttiauxella,R5,4.77
113.05,Buttiauxella,R5,4.74
114.05,Buttiauxella,R5,4.72
115.05,Buttiauxella,R5,4.67
116.05,Buttiauxella,R5,4.63
117.05,Buttiauxella,R5,4.61
118.05,Buttiauxella,R5,4.59
119.05,Buttiauxella,R5,4.55
120.05,Buttiauxella,R5,4.52
121.05,Buttiauxella,R5,4.47
122.05,Buttiauxella,R5,4.46
123.05,Buttiauxella,R5,4.42
124.05,Buttiauxella,R5,4.37
125.05,Buttiauxella,R5,4.34
126.05,Buttiauxella,R5,4.3
127.05,Buttiauxella,R5,4.26
128.05,Buttiauxella,R5,4.23
129.05,Buttiauxella,R5,4.18
130.05,Buttiauxella,R5,4.14
131.05,Buttiauxella,R5,4.1
132.05,Buttiauxella,R5,4.06
133.05,Buttiauxella,R5,4.01
134.05,Buttiauxella,R5,3.96
135.05,Buttiauxella,R5,3.91
136.05,Buttiauxella,R5,3.85
137.05,Buttiauxella,R5,3.83
138.05,Buttiauxella,R5,3.76
139.05,Buttiauxella,R5,3.7
140.05,Buttiauxella,R5,3.66
141.05,Buttiauxella,R5,3.62
142.05,Buttiauxella,R5,3.54
143.05,Buttiauxella,R5,3.5
144.05,Buttiauxella,R5,3.45
145.05,Buttiauxella,R5,3.4
146.05,Buttiauxella,R5,3.34
147.05,Buttiauxella,R5,3.26
148.05,Buttiauxella,R5,3.2
149.05,Buttiauxella,R5,3.14
150.05,Buttiauxella,R5,3.07
151.05,Buttiauxella,R5,3.01
152.05,Buttiauxella,R5,2.94
153.05,Buttiauxella,R5,2.88
154.05,Buttiauxella,R5,2.8
155.05,Buttiauxella,R5,2.74
156.05,Buttiauxella,R5,2.66
157.05,Buttiauxella,R5,2.59
158.05,Buttiauxella,R5,2.51
159.05,Buttiauxella,R5,2.43
160.05,Buttiauxella,R5,2.35
161.05,Buttiauxella,R5,2.26
162.05,Buttiauxella,R5,2.18
163.05,Buttiauxella,R5,2.11
164.05,Buttiauxella,R5,2.01
165.05,Buttiauxella,R5,1.92
166.05,Buttiauxella,R5,1.84
167.05,Buttiauxella,R5,1.74
168.05,Buttiauxella,R5,1.64
169.05,Buttiauxella,R5,1.55
170.05,Buttiauxella,R5,1.45
171.05,Buttiauxella,R5,1.35
172.05,Buttiauxella,R5,1.24
173.05,Buttiauxella,R5,1.13
174.05,Buttiauxella,R5,1.04
175.05,Buttiauxella,R5,0.91
176.05,Buttiauxella,R5,0.79
177.05,Buttiauxella,R5,0.69
178.05,Buttiauxella,R5,0.58
179.05,Buttiauxella,R5,0.45
180.05,Buttiauxella,R5,0.33
181.05,Buttiauxella,R5,0.2
182.05,Buttiauxella,R5,0.05
183.05,Buttiauxella,R5,0
184.05,Buttiauxella,R5,0
185.05,Buttiauxella,R5,0
186.05,Buttiauxella,R5,0
187.05,Buttiauxella,R5,0
188.05,Buttiauxella,R5,0
189.05,Buttiauxella,R5,0
190.05,Buttiauxella,R5,0
191.05,Buttiauxella,R5,0
192.05,Buttiauxella,R5,0
193.05,Buttiauxella,R5,0
194.05,Buttiauxella,R5,0
195.05,Buttiauxella,R5,0
196.05,Buttiauxella,R5,0
197.05,Buttiauxella,R5,0
0.03,Flavobacterium_B,R5,4.93
1.03,Flavobacterium_B,R5,4.93
2.03,Flavobacterium_B,R5,4.98
3.03,Flavobacterium_B,R5,5.05
4.03,Flavobacterium_B,R5,5.12
5.03,Flavobacterium_B,R5,5.19
6.03,Flavobacterium_B,R5,5.26
7.03,Flavobacterium_B,R5,5.33
8.03,Flavobacterium_B,R5,5.39
9.03,Flavobacterium_B,R5,5.45
10.03,Flavobacterium_B,R5,5.49
11.03,Flavobacterium_B,R5,5.56
12.03,Flavobacterium_B,R5,5.6
13.03,Flavobacterium_B,R5,5.65
14.03,Flavobacterium_B,R5,5.68
15.03,Flavobacterium_B,R5,5.73
16.03,Flavobacterium_B,R5,5.76
17.03,Flavobacterium_B,R5,5.79
18.03,Flavobacterium_B,R5,5.83
19.03,Flavobacterium_B,R5,5.86
20.03,Flavobacterium_B,R5,5.88
21.03,Flavobacterium_B,R5,5.91
22.03,Flavobacterium_B,R5,5.93
23.03,Flavobacterium_B,R5,5.96
24.03,Flavobacterium_B,R5,6
25.03,Flavobacterium_B,R5,6.03
26.03,Flavobacterium_B,R5,6.04
27.03,Flavobacterium_B,R5,6.05
28.03,Flavobacterium_B,R5,6.06
29.03,Flavobacterium_B,R5,6.09
30.03,Flavobacterium_B,R5,6.11
31.03,Flavobacterium_B,R5,6.12
32.03,Flavobacterium_B,R5,6.14
33.03,Flavobacterium_B,R5,6.15
34.03,Flavobacterium_B,R5,6.17
35.03,Flavobacterium_B,R5,6.19
36.03,Flavobacterium_B,R5,6.19
37.03,Flavobacterium_B,R5,6.19
38.03,Flavobacterium_B,R5,6.21
39.03,Flavobacterium_B,R5,6.21
40.03,Flavobacterium_B,R5,6.22
41.03,Flavobacterium_B,R5,6.24
42.03,Flavobacterium_B,R5,6.24
43.03,Flavobacterium_B,R5,6.25
44.03,Flavobacterium_B,R5,6.26
45.03,Flavobacterium_B,R5,6.27
46.03,Flavobacterium_B,R5,6.27
47.03,Flavobacterium_B,R5,6.27
48.03,Flavobacterium_B,R5,6.29
49.03,Flavobacterium_B,R5,6.29
50.05,Flavobacterium_B,R5,6.29
51.05,Flavobacterium_B,R5,6.31
52.05,Flavobacterium_B,R5,6.29
53.05,Flavobacterium_B,R5,6.29
54.05,Flavobacterium_B,R5,6.31
55.05,Flavobacterium_B,R5,6.3
56.05,Flavobacterium_B,R5,6.31
57.05,Flavobacterium_B,R5,6.32
58.05,Flavobacterium_B,R5,6.32
59.05,Flavobacterium_B,R5,6.32
60.05,Flavobacterium_B,R5,6.31
61.05,Flavobacterium_B,R5,6.31
62.05,Flavobacterium_B,R5,6.31
63.05,Flavobacterium_B,R5,6.32
64.05,Flavobacterium_B,R5,6.31
65.05,Flavobacterium_B,R5,6.31
66.05,Flavobacterium_B,R5,6.33
67.05,Flavobacterium_B,R5,6.33
68.05,Flavobacterium_B,R5,6.31
69.05,Flavobacterium_B,R5,6.3
70.05,Flavobacterium_B,R5,6.29
71.05,Flavobacterium_B,R5,6.28
72.05,Flavobacterium_B,R5,6.27
73.05,Flavobacterium_B,R5,6.26
74.05,Flavobacterium_B,R5,6.25
75.05,Flavobacterium_B,R5,6.25
76.05,Flavobacterium_B,R5,6.23
77.05,Flavobacterium_B,R5,6.23
78.05,Flavobacterium_B,R5,6.21
79.05,Flavobacterium_B,R5,6.2
80.05,Flavobacterium_B,R5,6.19
81.05,Flavobacterium_B,R5,6.18
82.05,Flavobacterium_B,R5,6.17
83.05,Flavobacterium_B,R5,6.16
84.05,Flavobacterium_B,R5,6.15
85.05,Flavobacterium_B,R5,6.13
86.05,Flavobacterium_B,R5,6.13
87.05,Flavobacterium_B,R5,6.11
88.05,Flavobacterium_B,R5,6.11
89.05,Flavobacterium_B,R5,6.1
90.05,Flavobacterium_B,R5,6.08
91.05,Flavobacterium_B,R5,6.07
92.05,Flavobacterium_B,R5,6.06
93.05,Flavobacterium_B,R5,6.05
94.05,Flavobacterium_B,R5,6.04
95.05,Flavobacterium_B,R5,6.02
96.05,Flavobacterium_B,R5,6.01
97.05,Flavobacterium_B,R5,6
98.05,Flavobacterium_B,R5,5.98
99.05,Flavobacterium_B,R5,5.97
100.05,Flavobacterium_B,R5,5.96
101.05,Flavobacterium_B,R5,5.95
102.05,Flavobacterium_B,R5,5.94
103.05,Flavobacterium_B,R5,5.92
104.05,Flavobacterium_B,R5,5.91
105.05,Flavobacterium_B,R5,5.9
106.05,Flavobacterium_B,R5,5.88
107.05,Flavobacterium_B,R5,5.87
108.05,Flavobacterium_B,R5,5.85
109.05,Flavobacterium_B,R5,5.84
110.05,Flavobacterium_B,R5,5.84
111.05,Flavobacterium_B,R5,5.82
112.05,Flavobacterium_B,R5,5.81
113.05,Flavobacterium_B,R5,5.78
114.05,Flavobacterium_B,R5,5.78
115.05,Flavobacterium_B,R5,5.76
116.05,Flavobacterium_B,R5,5.74
117.05,Flavobacterium_B,R5,5.74
118.05,Flavobacterium_B,R5,5.72
119.05,Flavobacterium_B,R5,5.71
120.05,Flavobacterium_B,R5,5.69
121.05,Flavobacterium_B,R5,5.68
122.05,Flavobacterium_B,R5,5.66
123.05,Flavobacterium_B,R5,5.65
124.05,Flavobacterium_B,R5,5.64
125.05,Flavobacterium_B,R5,5.62
126.05,Flavobacterium_B,R5,5.6
127.05,Flavobacterium_B,R5,5.58
128.05,Flavobacterium_B,R5,5.57
129.05,Flavobacterium_B,R5,5.55
130.05,Flavobacterium_B,R5,5.54
131.05,Flavobacterium_B,R5,5.53
132.05,Flavobacterium_B,R5,5.51
133.05,Flavobacterium_B,R5,5.49
134.05,Flavobacterium_B,R5,5.47
135.05,Flavobacterium_B,R5,5.46
136.05,Flavobacterium_B,R5,5.45
137.05,Flavobacterium_B,R5,5.43
138.05,Flavobacterium_B,R5,5.41
139.05,Flavobacterium_B,R5,5.39
140.05,Flavobacterium_B,R5,5.37
141.05,Flavobacterium_B,R5,5.36
142.05,Flavobacterium_B,R5,5.34
143.05,Flavobacterium_B,R5,5.33
144.05,Flavobacterium_B,R5,5.3
145.05,Flavobacterium_B,R5,5.29
146.05,Flavobacterium_B,R5,5.27
147.05,Flavobacterium_B,R5,5.25
148.05,Flavobacterium_B,R5,5.24
149.05,Flavobacterium_B,R5,5.22
150.05,Flavobacterium_B,R5,5.2
151.05,Flavobacterium_B,R5,5.18
152.05,Flavobacterium_B,R5,5.16
153.05,Flavobacterium_B,R5,5.14
154.05,Flavobacterium_B,R5,5.12
155.05,Flavobacterium_B,R5,5.1
156.05,Flavobacterium_B,R5,5.08
157.05,Flavobacterium_B,R5,5.06
158.05,Flavobacterium_B,R5,5.05
159.05,Flavobacterium_B,R5,5.03
160.05,Flavobacterium_B,R5,5.01
161.05,Flavobacterium_B,R5,4.98
162.05,Flavobacterium_B,R5,4.97
163.05,Flavobacterium_B,R5,4.94
164.05,Flavobacterium_B,R5,4.92
165.05,Flavobacterium_B,R5,4.9
166.05,Flavobacterium_B,R5,4.88
167.05,Flavobacterium_B,R5,4.86
168.05,Flavobacterium_B,R5,4.84
169.05,Flavobacterium_B,R5,4.82
170.05,Flavobacterium_B,R5,4.79
171.05,Flavobacterium_B,R5,4.77
172.05,Flavobacterium_B,R5,4.75
173.05,Flavobacterium_B,R5,4.73
174.05,Flavobacterium_B,R5,4.71
175.05,Flavobacterium_B,R5,4.69
176.05,Flavobacterium_B,R5,4.67
177.05,Flavobacterium_B,R5,4.64
178.05,Flavobacterium_B,R5,4.62
179.05,Flavobacterium_B,R5,4.59
180.05,Flavobacterium_B,R5,4.57
181.05,Flavobacterium_B,R5,4.55
182.05,Flavobacterium_B,R5,4.52
183.05,Flavobacterium_B,R5,4.5
184.05,Flavobacterium_B,R5,4.48
185.05,Flavobacterium_B,R5,4.44
186.05,Flavobacterium_B,R5,4.42
187.05,Flavobacterium_B,R5,4.4
188.05,Flavobacterium_B,R5,4.37
189.05,Flavobacterium_B,R5,4.34
190.05,Flavobacterium_B,R5,4.32
191.05,Flavobacterium_B,R5,4.3
192.05,Flavobacterium_B,R5,4.27
193.05,Flavobacterium_B,R5,4.25
194.05,Flavobacterium_B,R5,4.22
195.05,Flavobacterium_B,R5,4.19
196.05,Flavobacterium_B,R5,4.17
197.05,Flavobacterium_B,R5,4.14
0.03,Herbaspirillum,R5,4.99
1.03,Herbaspirillum,R5,4.94
2.03,Herbaspirillum,R5,4.94
3.03,Herbaspirillum,R5,4.98
4.03,Herbaspirillum,R5,5.01
5.03,Herbaspirillum,R5,5.06
6.03,Herbaspirillum,R5,5.11
7.03,Herbaspirillum,R5,5.17
8.03,Herbaspirillum,R5,5.21
9.03,Herbaspirillum,R5,5.26
10.03,Herbaspirillum,R5,5.3
11.03,Herbaspirillum,R5,5.34
12.03,Herbaspirillum,R5,5.39
13.03,Herbaspirillum,R5,5.41
14.03,Herbaspirillum,R5,5.47
15.03,Herbaspirillum,R5,5.49
16.03,Herbaspirillum,R5,5.53
17.03,Herbaspirillum,R5,5.56
18.03,Herbaspirillum,R5,5.6
19.03,Herbaspirillum,R5,5.62
20.03,Herbaspirillum,R5,5.63
21.03,Herbaspirillum,R5,5.68
22.03,Herbaspirillum,R5,5.72
23.03,Herbaspirillum,R5,5.73
24.03,Herbaspirillum,R5,5.75
25.03,Herbaspirillum,R5,5.76
26.03,Herbaspirillum,R5,5.8
27.03,Herbaspirillum,R5,5.81
28.03,Herbaspirillum,R5,5.84
29.03,Herbaspirillum,R5,5.85
30.03,Herbaspirillum,R5,5.87
31.03,Herbaspirillum,R5,5.87
32.03,Herbaspirillum,R5,5.9
33.03,Herbaspirillum,R5,5.92
34.03,Herbaspirillum,R5,5.94
35.03,Herbaspirillum,R5,5.95
36.03,Herbaspirillum,R5,5.97
37.03,Herbaspirillum,R5,5.98
38.03,Herbaspirillum,R5,5.98
39.03,Herbaspirillum,R5,6
40.03,Herbaspirillum,R5,6.01
41.03,Herbaspirillum,R5,6.02
42.03,Herbaspirillum,R5,6.02
43.03,Herbaspirillum,R5,6.03
44.03,Herbaspirillum,R5,6.03
45.03,Herbaspirillum,R5,6.04
46.03,Herbaspirillum,R5,6.04
47.03,Herbaspirillum,R5,6.06
48.03,Herbaspirillum,R5,6.06
49.03,Herbaspirillum,R5,6.07
50.05,Herbaspirillum,R5,6.07
51.05,Herbaspirillum,R5,6.07
52.05,Herbaspirillum,R5,6.08
53.05,Herbaspirillum,R5,6.08
54.05,Herbaspirillum,R5,6.1
55.05,Herbaspirillum,R5,6.1
56.05,Herbaspirillum,R5,6.09
57.05,Herbaspirillum,R5,6.08
58.05,Herbaspirillum,R5,6.08
59.05,Herbaspirillum,R5,6.07
60.05,Herbaspirillum,R5,6.07
61.05,Herbaspirillum,R5,6.06
62.05,Herbaspirillum,R5,6.06
63.05,Herbaspirillum,R5,6.05
64.05,Herbaspirillum,R5,6.05
65.05,Herbaspirillum,R5,6.04
66.05,Herbaspirillum,R5,6.04
67.05,Herbaspirillum,R5,6.03
68.05,Herbaspirillum,R5,6.02
69.05,Herbaspirillum,R5,6.02
70.05,Herbaspirillum,R5,6.01
71.05,Herbaspirillum,R5,6
72.05,Herbaspirillum,R5,5.99
73.05,Herbaspirillum,R5,5.98
74.05,Herbaspirillum,R5,5.97
75.05,Herbaspirillum,R5,5.97
76.05,Herbaspirillum,R5,5.96
77.05,Herbaspirillum,R5,5.96
78.05,Herbaspirillum,R5,5.95
79.05,Herbaspirillum,R5,5.93
80.05,Herbaspirillum,R5,5.92
81.05,Herbaspirillum,R5,5.92
82.05,Herbaspirillum,R5,5.91
83.05,Herbaspirillum,R5,5.91
84.05,Herbaspirillum,R5,5.9
85.05,Herbaspirillum,R5,5.88
86.05,Herbaspirillum,R5,5.88
87.05,Herbaspirillum,R5,5.86
88.05,Herbaspirillum,R5,5.86
89.05,Herbaspirillum,R5,5.85
90.05,Herbaspirillum,R5,5.84
91.05,Herbaspirillum,R5,5.84
92.05,Herbaspirillum,R5,5.82
93.05,Herbaspirillum,R5,5.8
94.05,Herbaspirillum,R5,5.8
95.05,Herbaspirillum,R5,5.79
96.05,Herbaspirillum,R5,5.78
97.05,Herbaspirillum,R5,5.76
98.05,Herbaspirillum,R5,5.74
99.05,Herbaspirillum,R5,5.74
100.05,Herbaspirillum,R5,5.74
101.05,Herbaspirillum,R5,5.72
102.05,Herbaspirillum,R5,5.71
103.05,Herbaspirillum,R5,5.69
104.05,Herbaspirillum,R5,5.68
105.05,Herbaspirillum,R5,5.67
106.05,Herbaspirillum,R5,5.66
107.05,Herbaspirillum,R5,5.64
108.05,Herbaspirillum,R5,5.62
109.05,Herbaspirillum,R5,5.6
110.05,Herbaspirillum,R5,5.58
111.05,Herbaspirillum,R5,5.57
112.05,Herbaspirillum,R5,5.57
113.05,Herbaspirillum,R5,5.54
114.05,Herbaspirillum,R5,5.52
115.05,Herbaspirillum,R5,5.52
116.05,Herbaspirillum,R5,5.49
117.05,Herbaspirillum,R5,5.47
118.05,Herbaspirillum,R5,5.46
119.05,Herbaspirillum,R5,5.43
120.05,Herbaspirillum,R5,5.43
121.05,Herbaspirillum,R5,5.41
122.05,Herbaspirillum,R5,5.39
123.05,Herbaspirillum,R5,5.36
124.05,Herbaspirillum,R5,5.35
125.05,Herbaspirillum,R5,5.33
126.05,Herbaspirillum,R5,5.31
127.05,Herbaspirillum,R5,5.28
128.05,Herbaspirillum,R5,5.26
129.05,Herbaspirillum,R5,5.23
130.05,Herbaspirillum,R5,5.22
131.05,Herbaspirillum,R5,5.19
132.05,Herbaspirillum,R5,5.18
133.05,Herbaspirillum,R5,5.16
134.05,Herbaspirillum,R5,5.12
135.05,Herbaspirillum,R5,5.1
136.05,Herbaspirillum,R5,5.08
137.05,Herbaspirillum,R5,5.05
138.05,Herbaspirillum,R5,5.03
139.05,Herbaspirillum,R5,5
140.05,Herbaspirillum,R5,4.97
141.05,Herbaspirillum,R5,4.95
142.05,Herbaspirillum,R5,4.91
143.05,Herbaspirillum,R5,4.9
144.05,Herbaspirillum,R5,4.85
145.05,Herbaspirillum,R5,4.83
146.05,Herbaspirillum,R5,4.79
147.05,Herbaspirillum,R5,4.77
148.05,Herbaspirillum,R5,4.73
149.05,Herbaspirillum,R5,4.7
150.05,Herbaspirillum,R5,4.66
151.05,Herbaspirillum,R5,4.63
152.05,Herbaspirillum,R5,4.59
153.05,Herbaspirillum,R5,4.56
154.05,Herbaspirillum,R5,4.54
155.05,Herbaspirillum,R5,4.51
156.05,Herbaspirillum,R5,4.45
157.05,Herbaspirillum,R5,4.42
158.05,Herbaspirillum,R5,4.38
159.05,Herbaspirillum,R5,4.34
160.05,Herbaspirillum,R5,4.3
161.05,Herbaspirillum,R5,4.26
162.05,Herbaspirillum,R5,4.22
163.05,Herbaspirillum,R5,4.17
164.05,Herbaspirillum,R5,4.14
165.05,Herbaspirillum,R5,4.09
166.05,Herbaspirillum,R5,4.03
167.05,Herbaspirillum,R5,4
168.05,Herbaspirillum,R5,3.95
169.05,Herbaspirillum,R5,3.9
170.05,Herbaspirillum,R5,3.85
171.05,Herbaspirillum,R5,3.81
172.05,Herbaspirillum,R5,3.74
173.05,Herbaspirillum,R5,3.7
174.05,Herbaspirillum,R5,3.64
175.05,Herbaspirillum,R5,3.58
176.05,Herbaspirillum,R5,3.53
177.05,Herbaspirillum,R5,3.48
178.05,Herbaspirillum,R5,3.42
179.05,Herbaspirillum,R5,3.37
180.05,Herbaspirillum,R5,3.3
181.05,Herbaspirillum,R5,3.24
182.05,Herbaspirillum,R5,3.17
183.05,Herbaspirillum,R5,3.11
184.05,Herbaspirillum,R5,3.05
185.05,Herbaspirillum,R5,2.97
186.05,Herbaspirillum,R5,2.92
187.05,Herbaspirillum,R5,2.86
188.05,Herbaspirillum,R5,2.78
189.05,Herbaspirillum,R5,2.71
190.05,Herbaspirillum,R5,2.64
191.05,Herbaspirillum,R5,2.56
192.05,Herbaspirillum,R5,2.48
193.05,Herbaspirillum,R5,2.4
194.05,Herbaspirillum,R5,2.32
195.05,Herbaspirillum,R5,2.24
196.05,Herbaspirillum,R5,2.17
197.05,Herbaspirillum,R5,2.08
