Taxon,Replicate,model,converged,k,AIC,BIC,rss,sigma,r,K,O2_0,extra1,extra2,at_bounds,R_C_fg_cell_h,late_mean_sd
Acinetobacter,R1,M0,TRUE,3,-1158.6310835372929,-1147.7215322624436,2.1720735046483217e-4,0.001405208979815109,0.01943645650227968,0.001561543060916622,1.0010946527484395,NA,NA,,446.0850010291451,0.028268847857231844
Acinetobacter,R1,M1,TRUE,4,-1156.631261268757,-1142.9943221751953,2.1720700883164553e-4,0.0014116390656490321,0.01943631354789283,0.0015619857024932622,1.001073837026636,0.013988834681242483,NA,,446.07463761098325,0.028323340439304998
Acinetobacter,R1,M2o,TRUE,4,-1156.6275738326356,-1142.9906347390738,2.172140968850836e-4,0.0014116620982656104,0.019439694352169832,0.001561171207628231,1.0010803254508749,1e-6,NA,Km@lower,445.97807265766534,0.027179660674719712
Acinetobacter,R1,M2g,TRUE,4,-1156.5800931296494,-1142.9431540360877,2.173053857797497e-4,0.0014119587077796461,0.01944847535925706,0.0015610400636098486,1.0010859698737942,6350.651429401528,NA,,445.6664820560407,0.029790853050644238
Acinetobacter,R1,M3o,TRUE,5,-1154.2348424716215,-1137.8705155593475,2.1797033760726704e-4,0.0014206491004938391,0.019433486254451265,0.0015796534421332945,1.0002134086919605,1e-6,0.5798579566659658,Km@lower,445.5546681867559,0.030031291668258082
Acinetobacter,R1,M3g,TRUE,5,-1154.5612230026502,-1138.1968960903762,2.173416771304485e-4,0.001418598934298571,0.019451679686147177,0.00156206255800281,1.0010314255686428,4758.966539976173,0.0359563536646479,,445.5151483233938,0.030920622257546035
Acinetobacter,R2,M0,TRUE,3,-1216.3368071022883,-1205.2881113630972,1.954667467548379e-4,0.0013094352162549905,0.01419457550388129,0.00217763559219332,1.0014300304492791,NA,NA,,363.01950926416504,-0.03169728783938761
Acinetobacter,R2,M1,TRUE,4,-1214.2978910645327,-1200.487021390544,1.9553177287882117e-4,0.0013154351643064712,0.014185558654559859,0.0021790463232401994,1.0014766781118336,0,NA,tlag@lower,363.2546830894726,-0.03325938475976575
Acinetobacter,R2,M2o,TRUE,4,-1215.391574719074,-1201.5807050450853,1.937125121424893e-4,0.0013093013476507547,0.014347863059238559,0.002192429869925544,1.001236380393646,0.01204453076422035,NA,,358.58998452700826,0.009220916942612012
Acinetobacter,R2,M2g,TRUE,4,-1214.8213650746277,-1201.010495400639,1.9465889112301718e-4,0.0013124957349210675,0.014432402862346587,0.0021667830467546564,1.0012648508857198,163.64832998670525,NA,,356.50975356386255,-0.005209397944668326
Acinetobacter,R2,M3o,TRUE,5,-1213.3543651712025,-1196.781321562416,1.937741283928269e-4,0.0013153425965749478,0.01434098742328183,0.0021940024243524772,1.001278257214601,0.012199191699546297,0,tlag@lower,358.7609137097027,0.007945737179382817
Acinetobacter,R2,M3g,TRUE,5,-1212.5489345040219,-1195.9758908952354,1.9511267591976655e-4,0.0013198778214552074,0.014599023922793936,0.0021598893916047503,1.0011785656378631,96.15403916292509,0,tlag@lower,351.998244257222,0.012059635128508349
Acinetobacter,R3,M0,TRUE,3,-903.095493376614,-893.1409478976854,1.8665123944576963e-4,0.0014732152759761264,0.014944084683788508,0.002406378759503797,1.003047955808978,NA,NA,,468.219253996305,-0.062133180392780346
Acinetobacter,R3,M1,TRUE,4,-901.972309438338,-889.5291275896773,1.848214049141138e-4,0.0014745743350464938,0.014922667881907225,0.0024304163620364173,1.0017452462570327,0.5804117546035762,NA,,467.31771936950196,-0.05979223226766456
Acinetobacter,R3,M2o,TRUE,4,-901.0898664831176,-888.6466846344568,1.8666304056764397e-4,0.00148190275368664,0.014952239050605992,0.0024053331482106676,1.0030239768622562,1e-6,NA,Km@lower,468.01519138051054,-0.0618908641594624
Acinetobacter,R3,M2g,TRUE,4,-901.0730660608176,-888.6298842121569,1.8669828004988065e-4,0.0014820426287823194,0.014960769105110428,0.002405875248943757,1.0030427503836834,1921.5688401168745,NA,,467.78900194430804,-0.061451141667142654
Acinetobacter,R3,M3o,TRUE,5,-899.9697646617507,-885.0379464433578,1.848266895872397e-4,0.0014833468013857802,0.014919757046352684,0.0024318587547664176,1.0016850439583742,1.13600661102831e-6,0.6093868740718006,Km@lower,467.3175551781399,-0.05989776552852713
Acinetobacter,R3,M3g,TRUE,5,-899.9548621902168,-885.0230439718239,1.848576402062757e-4,0.0014834709949749115,0.01493231131821046,0.0024300884387771942,1.0017466307270178,3222.9996290125687,0.5787931882507363,,467.073483366241,-0.0593868963284485
Acinetobacter,R4,M0,TRUE,3,-1106.2787907055576,-1095.58747536771,1.8803758294508495e-4,0.0013446388668204852,0.01352010924335995,0.00308040752868794,1.0051878354610433,NA,NA,,426.77834247518285,0.023738310448480907
Acinetobacter,R4,M1,TRUE,4,-1106.477038856131,-1093.1128946838214,1.8421388055899447e-4,0.0013373422438821675,0.013491784373251747,0.0031383367006822724,1.001628670979039,1.228444898048235,NA,,425.40915706202355,0.032437524253367496
Acinetobacter,R4,M2o,TRUE,4,-1106.9741748878714,-1093.6100307155618,1.8335998390648983e-4,0.00133423911594197,0.013748140096235668,0.003096829346692283,1.004864281463788,0.012481307369784698,NA,,419.8010758777885,0.09129250298022688
Acinetobacter,R4,M2g,TRUE,4,-1107.2232199997861,-1093.8590758274765,1.8293370534737185e-4,0.0013326872820440872,0.014197012442404776,0.0030458476513164543,1.0047389435007055,49.21664983851859,NA,,407.64674559694794,0.0905945000914263
Acinetobacter,R4,M3o,TRUE,5,-1105.8712345193899,-1089.8342615126185,1.8182916835712988e-4,0.0013351550117728119,0.013661183086978178,0.0031469128910621745,1.0016286660045288,0.009042915481068189,1.1494723765562604,,420.3853148483475,0.08102531500262741
Acinetobacter,R4,M3g,TRUE,5,-1105.712814197349,-1089.6758411905776,1.820985774232719e-4,0.0013361437687675647,0.013950660569328721,0.003110528269553621,1.0016286627768756,70.47956949864627,1.1287076165709493,,412.59096381259616,0.07619586140379558
Acinetobacter,R5,M0,TRUE,3,-1236.3033557807303,-1225.1533888096021,2.2050725632104438e-4,0.0013728355343788894,0.010184910396164598,0.00306797048226076,1.0037568611783563,NA,NA,,381.8507003650926,-0.0428414789003498
Acinetobacter,R5,M1,TRUE,4,-1228.3888536201005,-1214.4513949061902,2.3164780141414e-4,0.0014131396977278326,0.010166573469764866,0.0031066949976459647,1.0005892872113138,1.0890208067444622,NA,,380.6035826249345,-0.0373074377538654
Acinetobacter,R5,M2o,TRUE,4,-1235.6944744247594,-1221.7570157108491,2.1796575154967496e-4,0.0013707717167953837,0.010340147322135167,0.0030833194520194364,1.003519316922152,0.010012811830921925,NA,,377.2199678825856,0.0013543744287563622
Acinetobacter,R5,M2g,TRUE,4,-1236.2369235373799,-1222.2994648234696,2.1698268076059522e-4,0.0013676769908806837,0.010743528955223113,0.0030411766133813405,1.003390805568978,38.90900787664248,NA,,366.44508935409067,0.004394168633715311
Acinetobacter,R5,M3o,TRUE,5,-1227.0335931769214,-1210.308642720229,2.3040653478369246e-4,0.001415462851888239,0.010279241428088262,0.0031157622093996905,1.0005892686976696,0.007110231822013445,1.0315382275935052,,377.34791597145306,-0.006948041584779673
Acinetobacter,R5,M3g,TRUE,5,-1227.2313562830861,-1210.5064058263938,2.3002713156939348e-4,0.001414296972594645,0.010564125510697417,0.003084743219112987,1.0005895324112557,53.38346672828463,1.0021006834885837,,369.769591622891,-0.005482350681261872
Aeromonas_A,R1,M0,TRUE,3,-1106.9223288014468,-1096.2685724249986,1.678276245467565e-4,0.0012764773453043754,0.02152182973967399,0.0011301797926042852,1.0004707258754904,NA,NA,,161.86684643534963,0.04977904909329566
Aeromonas_A,R1,M1,TRUE,4,-1105.0696391614351,-1091.7524436908748,1.6759455306666272e-4,0.0012818283245406665,0.021516712643326778,0.0011412732979310168,0.9999999980803974,0.4358819513139212,NA,,161.75196135379906,0.051217320163921456
Aeromonas_A,R1,M2o,TRUE,4,-1104.9222703965381,-1091.6050749259778,1.678277170180751e-4,0.0012827196789193696,0.021521367245297317,0.0011302166351676872,1.0004721691968568,1e-6,NA,Km@lower,161.87190808023772,0.049597028412721546
Aeromonas_A,R1,M2g,TRUE,4,-1104.9166600444837,-1091.5994645739233,1.6783660001331208e-4,0.0012827536251656469,0.02152563080489433,0.0011300670764150494,1.000468836734022,23738.184824991888,NA,,161.82143631829305,0.050145943439404275
Aeromonas_A,R1,M3o,TRUE,5,-1103.0695839857085,-1087.0889494210362,1.6759464030396135e-4,0.0012881587147151733,0.021516668997251756,0.0011411381906331378,1.0000066294846695,1e-6,0.4302298657279329,Km@lower,161.75458772069558,0.050938855372017505
Aeromonas_A,R1,M3g,TRUE,5,-1103.0538130366824,-1087.0731784720101,1.6761957731494757e-4,0.0012882545460410845,0.021524803908598285,0.0011416119472938075,0.9999711199862876,10660.77135302564,0.45875697139005384,,161.64609560467267,0.052086496305623765
Aeromonas_A,R2,M0,TRUE,3,-1125.2889249731359,-1114.4149294879555,2.64404796005917e-4,0.0015574761871209395,0.01990585449241123,0.00163003554620612,1.001510598054952,NA,NA,,114.42383839458297,0.0030124236203560215
Aeromonas_A,R2,M1,TRUE,4,-1123.2881697780854,-1109.6956754216098,2.644065788440105e-4,0.0015646753859412717,0.019907257847778935,0.0016298604873058165,1.0015047065792522,0,NA,tlag@lower,114.41154975991824,9.376783943194099e-4
Aeromonas_A,R2,M2o,TRUE,4,-1123.287795136518,-1109.6953007800425,2.6440746328919556e-4,0.0015646780028739896,0.01990777373137577,0.0016298066427507143,1.0015013994534996,1e-6,NA,Km@lower,114.40758253495979,0.002382698980790316
Aeromonas_A,R2,M2g,TRUE,4,-1123.2692502252146,-1109.676755868739,2.6445124738678144e-4,0.0015648075475881106,0.019910303014816767,0.0016298388770207796,1.0015071641001638,18061.660174072524,NA,,114.38432931836893,0.0035511712388074097
Aeromonas_A,R2,M3o,TRUE,5,-1121.2140986267607,-1104.9031053989902,2.645815018562708e-4,0.001572489846203703,0.019922050379666222,0.0016281039311395946,1.0014377981802194,1e-6,0,"Km@lower,tlag@lower",114.28805721610209,-0.00261186653721636
Aeromonas_A,R2,M3g,TRUE,5,-1120.7906930850377,-1104.4796998572672,2.6558362053264757e-4,0.0015754649826384816,0.020005621609432058,0.0016252776961172646,1.0014168231298488,850.6112256337996,0,tlag@lower,113.54245150447467,0.011696504499205462
Aeromonas_A,R3,M0,TRUE,3,-1196.2662996444349,-1185.1163326733067,3.078377127027102e-4,0.0016220639819568233,0.02463468815971646,9.19021051773819e-4,1.002385543397342,NA,NA,,143.74913922067975,-0.04476747086437677
Aeromonas_A,R3,M1,TRUE,4,-1194.093846931146,-1180.1563882172356,3.0828042614631227e-4,0.001630211606071941,0.024597204046039,0.0010008201108947102,0.9994456788872199,3.3295942178441025,NA,,143.53764645165901,-0.028621878257494193
Aeromonas_A,R3,M2o,TRUE,4,-1194.3651413464693,-1180.427682632559,3.075842570713655e-4,0.0016283698667775123,0.02468403505501461,9.200013418132772e-4,1.002326518247202,0.003484567717138575,NA,,143.08859752008235,-0.032821429920315275
Aeromonas_A,R3,M2g,TRUE,4,-1194.678026782702,-1180.7405680687918,3.067833130868107e-4,0.0016262483615693479,0.024820155247165177,9.125460834717164e-4,1.002232147011891,954.0292546468297,NA,,141.39342452009305,-0.018241793528861967
Aeromonas_A,R3,M3o,TRUE,5,-1192.0931576619687,-1175.3682072052763,3.082821968863619e-4,0.001637288843037044,0.02459870541012321,0.0010003361331421266,0.9994540761007509,1e-6,3.314812272659472,Km@lower,143.5227648048726,-0.029349242464159986
Aeromonas_A,R3,M3g,TRUE,5,-1192.0949710076848,-1175.3700205509924,3.08277538403217e-4,0.0016372764723724873,0.024604358406161462,0.0010004458194898388,0.9994445485259972,22791.864066946415,3.3249031750599047,,143.44749310932497,-0.02766860266424921
Aeromonas_A,R4,M0,TRUE,3,-1030.9262376610113,-1020.4657555936462,2.016141285254186e-4,0.0014343245887070255,0.0216194941726135,0.00128098865506093,1.0026801572192143,NA,NA,,174.16300849703214,-0.0998345502048491
Aeromonas_A,R4,M1,TRUE,4,-1029.656718767983,-1016.5811161837767,2.0016121753428206e-4,0.0014364949378744744,0.021566927988903705,0.0013490770944191164,0.9999999979153728,2.2252470778885263,NA,,173.70120343877804,-0.08747780851456319
Aeromonas_A,R4,M2o,TRUE,4,-1034.6161751313375,-1021.5405725471312,1.9057000381424716e-4,0.0014016558830825302,0.022454688367202803,0.0013967244131710382,1.0021468163448626,0.11856905631380754,NA,,164.05020762180837,0.005537736669636095
Aeromonas_A,R4,M2g,TRUE,4,-1034.8948823122587,-1021.8192797280524,1.9004485516549015e-4,0.0013997232980073008,0.02295176871464989,0.0012405790931157823,1.0020564077668286,69.3163419469403,NA,,158.6571031069582,0.007032253311002196
Aeromonas_A,R4,M3o,TRUE,5,-1033.9881151643501,-1018.2973920633026,1.8799888584799368e-4,0.0013994004886319238,0.022397259215251417,0.0014226468035059012,1.0009739644805058,0.11151002814009756,0.9999968008336716,,164.27023211210292,0.00341228757129235
Aeromonas_A,R4,M3g,TRUE,5,-1034.1489176118869,-1018.4581945108393,1.8769981031770407e-4,0.0013982869367465622,0.022817041229444127,0.0012738135868527144,1.0009175758106672,73.82520598860913,0.9999983660172003,,159.73014036206246,3.067730656632879e-4
Aeromonas_A,R5,M0,TRUE,3,-958.0978176331723,-947.8823100667702,2.1316354142676154e-4,0.0015221678670594375,0.01739496989774508,0.00194308255260356,1.0012721672383855,NA,NA,,171.16473417676744,0.04928164278201077
Aeromonas_A,R5,M1,TRUE,4,-956.0972229096175,-943.3278384516148,2.1316487588756084e-4,0.0015305133660310092,0.017392532370134096,0.0019433596453480098,1.001279877549502,0,NA,tlag@lower,171.18914307585538,0.049027322412506846
Aeromonas_A,R5,M2o,TRUE,4,-956.0964109924406,-943.3270265344379,2.1316669770823256e-4,0.0015305199063086214,0.017391352818490153,0.001943482606294828,1.0012828537911294,1e-6,NA,Km@lower,171.19974542525046,0.04787201876448539
Aeromonas_A,R5,M2g,TRUE,4,-956.0784002743061,-943.3090158163034,2.132071150689634e-4,0.0015306649961465014,0.017399280453590158,0.0019429455901952791,1.0012705664729826,10611.179548108701,NA,,171.1193457016065,0.049512139260784335
Aeromonas_A,R5,M3o,TRUE,5,-953.6379653564474,-938.3147040068441,2.141978716112048e-4,0.0015427171974265435,0.017380225315184086,0.001958276168464131,1.000562584205181,1e-6,0.39599738988472244,Km@lower,171.03281065782932,0.04601821532088974
Aeromonas_A,R5,M3g,TRUE,5,-954.0165813839235,-938.6933200343202,2.133458994537881e-4,0.0015396460612527084,0.01742009519331198,0.0019415560922674915,1.0012392698477763,2810.0668839281284,0,tlag@lower,170.90431045858634,0.04965631052726489
Aeromonas_B,R1,M0,TRUE,3,-962.4831024682833,-952.3099233392032,1.8066418015448302e-4,0.0014090140741093663,0.03054020779769078,8.464285681270882e-4,1.0015891211160342,NA,NA,,126.38647280258917,0.0028861507005412805
Aeromonas_B,R1,M1,TRUE,4,-962.7454666318885,-950.0289927205384,1.763679161555827e-4,0.0013998726773674125,0.03045411627196909,9.436698685116742e-4,0.9988864117527123,3.3732374148432047,NA,,126.28914364877093,0.02620654599830212
Aeromonas_B,R1,M2o,TRUE,4,-960.48307154207,-947.76659763072,1.80664239593418e-4,0.0014168205390686806,0.030539866173654603,8.464458272175749e-4,1.0015899579100782,1e-6,NA,Km@lower,126.38888281726749,0.002349596596709222
Aeromonas_B,R1,M2g,TRUE,4,-960.478890857482,-947.762416946132,1.8067227488063542e-4,0.0014168520462264043,0.03055143183426012,8.461544394428576e-4,1.0015842345669823,17893.71027602764,NA,,126.28860144547694,0.0038513287038838945
Aeromonas_B,R1,M3o,TRUE,5,-960.7421027504133,-945.4823340567933,1.7637422776602593e-4,0.0014077403511470012,0.03044737724367919,9.442765972198788e-4,0.9988924181666993,1e-6,3.381053704699278,Km@lower,126.340501304028,0.026602760995687473
Aeromonas_B,R1,M3g,TRUE,5,-960.7355064480619,-945.4757377544419,1.7638660498469385e-4,0.0014077897449975105,0.030457002027555195,9.436771929680009e-4,0.9988834414365043,58848.292501820775,3.375747788250074,,126.26335445137182,0.026500879095026672
Aeromonas_B,R2,M0,TRUE,3,-994.9702328814343,-984.589753480896,2.3084370697365754e-4,0.0015506843481644696,0.02863601071145552,8.511505376205517e-4,1.0009805044639777,NA,NA,,109.56997736754386,0.03879159691452706
Aeromonas_B,R2,M1,TRUE,4,-992.1509633830393,-979.1753641323663,2.327619686998459e-4,0.0015652878285843047,0.02862266006412995,8.81620893606212e-4,0.9999999960424858,1.1945426253368874,NA,,109.4321096091953,0.0420256140645891
Aeromonas_B,R2,M2o,TRUE,4,-992.9739225902077,-979.9983233395347,2.3083510363851672e-4,0.0015587954311566713,0.028657585337491995,8.525545265798044e-4,1.0009670974584077,0.0024315888338842574,NA,,109.39416221435282,0.041484319584553335
Aeromonas_B,R2,M2g,TRUE,4,-992.9727788166093,-979.9971795659363,2.308377705538937e-4,0.0015588044357738896,0.028665839310550004,8.503851972319124e-4,1.0009662032597966,6165.961652296948,NA,,109.33314245587725,0.04135174682116247
Aeromonas_B,R2,M3o,TRUE,5,-990.9648505952935,-975.3941314944859,2.308562574853714e-4,0.0015671367626416974,0.028686097234302262,8.548325113337597e-4,1.0009551166280348,0.006044578589890416,0,tlag@lower,109.15956784294518,0.045893530978066935
Aeromonas_B,R2,M3g,TRUE,5,-990.1474602397552,-974.5767411389477,2.3277020519433237e-4,0.0015736196423097642,0.02863436408270774,8.812885487821905e-4,0.9999955259413392,15264.571932599421,1.1934114093138597,,109.3395924836423,0.0429826958971932
Aeromonas_B,R3,M0,TRUE,3,-905.3031975773479,-895.3486520984193,1.820781846176897e-4,0.0014550560790666971,0.03394930244807805,7.528468241546485e-4,1.0005807440957342,NA,NA,,131.09703830745025,0.1391834233890796
Aeromonas_B,R3,M1,TRUE,4,-903.3031967095934,-890.8600148609327,1.820781863929612e-4,0.0014635902126296917,0.03394937179315147,7.528431586585673e-4,1.000580633089288,0,NA,tlag@lower,131.0964000160147,0.13904694283820196
Aeromonas_B,R3,M2o,TRUE,4,-903.3031706441778,-890.8599887955171,1.8207823971817826e-4,0.0014635904269504228,0.03394946124347458,7.528649027989225e-4,1.0005808047421887,2.691817267379744e-5,NA,,131.09562136672608,0.13926027625972506
Aeromonas_B,R3,M2g,TRUE,4,-903.3000354482515,-890.8568535995907,1.8208465388683183e-4,0.001463616206069272,0.033962096751805004,7.525699574720392e-4,1.0005757969310047,19742.178989674663,NA,,130.98627232918258,0.14013205148734909
Aeromonas_B,R3,M3o,TRUE,5,-901.3008430669325,-886.3690248485397,1.8208300159131726e-4,0.001472295751827402,0.033947898840951375,7.552843769434334e-4,1.0005153487194671,7.491370729523085e-6,0.09223232093083866,,131.0872388309914,0.13954961145564995
Aeromonas_B,R3,M3g,TRUE,5,-901.2976467554479,-886.365828537055,1.8208954096704836e-4,0.001472322189794102,0.03396938311207585,7.527080637869248e-4,1.0005650695341162,12361.003635707704,0.011237607984206349,,130.92032470219658,0.14070211211081443
Aeromonas_B,R4,M0,TRUE,3,-872.1296742211035,-862.4064070257302,1.3847863772526424e-4,0.0013075216294283682,0.03585987964659123,8.509386784386346e-4,1.0000774718055228,NA,NA,,136.85289563660885,-0.008450360772864467
Aeromonas_B,R4,M1,TRUE,4,-870.1335170912481,-857.9794330970316,1.3847230268657245e-4,0.0013156381659035876,0.035858522119956916,8.539212159499055e-4,1.000000589732922,0.09519961256364125,NA,,136.83940652519013,-0.008105928929403483
Aeromonas_B,R4,M2o,TRUE,4,-870.1040538103439,-857.94996981612735,1.3852088082877927e-4,0.001315868918380452,0.035880244509352205,8.499377592908874e-4,1.0000401840939281,1e-6,NA,Km@lower,136.69174171327185,-0.013193123171346436
Aeromonas_B,R4,M2g,TRUE,4,-870.096634795792,-857.9425508015755,1.3853311575515425e-4,0.0013159270294888802,0.035872691559870426,8.506455447822675e-4,1.0000726031546632,20549.05847989775,NA,,136.7437504070758,-0.007367395683216593
Aeromonas_B,R4,M3o,TRUE,5,-868.1333809021587,-853.5484801090988,1.384725271917166e-4,0.001323939877749419,0.035857831738417764,8.543699277579728e-4,0.9999906300723785,1.0351818349310483e-6,0.10873346841601526,Km@lower,136.84112507712922,-0.00843573576083334
Aeromonas_B,R4,M3g,TRUE,5,-868.056743322059,-853.4718425289991,1.385989205476486e-4,0.0013245439652170934,0.03588703501574135,8.513737999874199e-4,1.0000412787935087,9241.66503720214,0.033408009088246884,,136.61231899914327,-0.005830060145246484
Aeromonas_B,R5,M0,TRUE,3,-879.4298586656219,-869.7065914702486,1.2695200679789436e-4,0.001251922012706834,0.03578033965657565,5.710829728399444e-4,1.0014667445129386,NA,NA,,137.39594798322105,0.08573117304690839
Aeromonas_B,R5,M1,TRUE,4,-878.3504326477519,-866.1963486535353,1.2556830855004757e-4,0.00125283832032533,0.03570520960623195,6.318926239098465e-4,0.9999999961922283,2.7016337206396615,NA,,137.2851827332456,0.0995248723196157
Aeromonas_B,R5,M2o,TRUE,4,-877.4295383402962,-865.2754543460796,1.2695249091718554e-4,0.0012597246272359763,0.035777272711397794,5.711813939595434e-4,1.0014706718853799,1e-6,NA,Km@lower,137.41946448730974,0.0851796176862202
Aeromonas_B,R5,M2g,TRUE,4,-877.4129091426607,-865.2588251484442,1.2697762576291218e-4,0.001259849325132336,0.03579429457179523,5.708690509767063e-4,1.0014631973715191,18731.394851823014,NA,,137.27666501178837,0.08654329233981695
Aeromonas_B,R5,M3o,TRUE,5,-876.3210990207087,-861.7361982276489,1.2561216589697063e-4,0.001260962892561613,0.0356911707305763,6.370095859148566e-4,0.9998949032789521,1e-6,2.9048944750434695,Km@lower,137.3405479829238,0.10066006197473423
Aeromonas_B,R5,M3g,TRUE,5,-876.3401922237535,-861.7552914306937,1.255836174917585e-4,0.0012608195922492143,0.03570969516694726,6.319275878890479e-4,0.9999965467268807,50815.87949118307,2.7061039721964257,,137.24567787601774,0.09980529582674333
Arthrobacter,R1,M0,TRUE,3,-1004.063999757945,-993.7241298432627,1.8780746190270566e-4,0.0014060301033788102,0.02511080781836032,0.0016102704156605837,1.0018617114075408,NA,NA,,165.34015946125254,-0.14861324236559287
Arthrobacter,R1,M1,TRUE,4,-1002.085519805304,-989.1606824119511,1.8776622535421553e-4,0.0014133340141959168,0.025109117782619077,0.0016157000369879711,1.001663815948272,0.12927991691972615,NA,,165.30843141785292,-0.14798840004541722
Arthrobacter,R1,M2o,TRUE,4,-1008.8098719720372,-995.8850345786843,1.7531456392291e-4,0.001365667804545228,0.02557783358745149,0.001628012517371801,1.0013698082175309,0.028033607488211643,NA,,159.7995208155841,-0.038686120328874994
Arthrobacter,R1,M2g,TRUE,4,-1009.7726521664146,-996.8478147730617,1.73600655956832e-4,0.0013589758971013681,0.026096060657535062,0.001569270303623047,1.001191070747284,130.27690819956376,NA,,154.3725173613779,-0.025340456718978437
Arthrobacter,R1,M3o,TRUE,5,-1006.8097528651496,-991.2999479931261,1.753147769962239e-4,0.0013729913069614296,0.025579829337755076,0.0016280880711718967,1.0013677054672094,0.028156004883712286,0,tlag@lower,159.77625670940384,-0.03839428328857517
Arthrobacter,R1,M3g,TRUE,5,-1007.7667890345982,-992.2569841625748,1.73611042425991e-4,0.0013663035542770174,0.026119468417516674,0.0015684118221998358,1.0011792723741084,127.24983142958867,3.5408633908340847e-4,,154.11888116429049,-0.02162436957347235
Arthrobacter,R2,M0,TRUE,3,-1110.778214774307,-1100.0868994364594,1.8029441614003327e-4,0.00131666250618472,0.02587640886188693,0.00136451060286592,1.0009458266947018,NA,NA,,162.39246446460447,-0.0882558695412104
Arthrobacter,R2,M1,TRUE,4,-1108.7781530251823,-1095.4140088528727,1.8029452018700115e-4,0.0013230390148537775,0.025876013944852352,0.0013645491518254585,1.0009475023871488,0,NA,tlag@lower,162.39705223440916,-0.0882062312215802
Arthrobacter,R2,M2o,TRUE,4,-1109.2025945591183,-1095.8384503868087,1.7958075470376873e-4,0.0013204175373161793,0.02594891485654598,0.001364556714502324,1.0008461564514934,0.0032233716818432143,NA,,161.41358265841217,-0.0632102974241792
Arthrobacter,R2,M2g,TRUE,4,-1108.9872367544083,-1095.6230925820987,1.799425590283022e-4,0.001321747001584308,0.02598923134762358,0.0013596060115487704,1.000848766718142,1407.504848233819,NA,,160.96856600333126,-0.06834596823953096
Arthrobacter,R2,M3o,TRUE,5,-1107.2023279192526,-1091.1653549124812,1.7958120221262842e-4,0.0013268760385553866,0.02594796908360024,0.001364632246243947,1.0008493751722023,0.0032132402391748124,1.1737167723150201e-4,,161.42507398895887,-0.06283888721157813
Arthrobacter,R2,M3g,TRUE,5,-1106.9835588158053,-1090.9465858090339,1.7994874434660796e-4,0.0013282331783038461,0.025998439927738756,0.0013590603049982966,1.0008320268923565,1330.9684720478517,0,tlag@lower,160.8550961023902,-0.06868066199114647
Arthrobacter,R3,M0,TRUE,3,-776.3167635000455,-767.1005031272288,1.0807478079951984e-4,0.0012337665951308791,0.021500942908678766,0.0019942165096640836,1.002770959100506,NA,NA,,160.45262683990597,0.09536159370294583
Arthrobacter,R3,M1,TRUE,4,-774.316264608405,-762.7959391423842,1.080755094182552e-4,0.0012425521513531,0.021497798031388314,0.0019945027940100886,1.0027780116154323,0,NA,tlag@lower,160.47566098645777,0.0945287890543807
Arthrobacter,R3,M2o,TRUE,4,-774.3515903730964,-762.8312649070756,1.0802392916303704e-4,0.0012422556049555126,0.021642320630117864,0.002028603842466371,1.0027245002214888,0.019704242957251726,NA,,159.36014689696674,0.10455853682585534
Arthrobacter,R3,M2g,TRUE,4,-774.3547195908938,-762.8343941248729,1.0801936128121711e-4,0.0012422293397713708,0.02173332135995752,0.0019883987706512916,1.0027170233282752,238.8687636987516,NA,,158.69688546399405,0.1046440600199133
Arthrobacter,R3,M3o,TRUE,5,-772.3492411496857,-758.5248505904607,1.0802735857346302e-4,0.0012512449370003578,0.021661420249638092,0.002035222606972081,1.0027278073395418,0.0232075662458005,0,tlag@lower,159.210878172064,0.10530893667304558
Arthrobacter,R3,M3g,TRUE,5,-772.3502368091591,-758.5258462499341,1.0802590509049864e-4,0.001251236519367354,0.021759257550187594,0.0019883493419342903,1.0027259725390718,207.77021882989857,0,tlag@lower,158.4991015622214,0.10588577726535449
Arthrobacter,R4,M0,TRUE,3,-1024.180758345674,-1013.8408884309916,1.5295507524289698e-4,0.0012688788057215873,0.0243928703356261,0.00158975003481593,1.0014040915828974,NA,NA,,110.10628965936625,0.12414217114434221
Arthrobacter,R4,M1,TRUE,4,-1022.1804843098871,-1009.2556469165343,1.529555029492542e-4,0.0012756120889940682,0.02439181570141419,0.0015898573180084582,1.0014078975235805,0,NA,tlag@lower,110.1137201069293,0.12420277505270096
Arthrobacter,R4,M2o,TRUE,4,-1022.1793428447597,-1009.2545054514069,1.5295728452465658e-4,0.001275619517927514,0.02439516582307636,0.0015895167381670577,1.0013965235840865,1e-6,NA,Km@lower,110.08995832685399,0.12303361730634914
Arthrobacter,R4,M2g,TRUE,4,-1022.1586336880762,-1009.2337962947233,1.529896105561031e-4,0.0012757543056831837,0.02439832775454437,0.0015895306805548347,1.0014005965087578,20276.913323589088,NA,,110.06487753768691,0.12483385375772439
Arthrobacter,R4,M3o,TRUE,5,-1018.9551946766121,-1003.4453898045887,1.548799040688065e-4,0.0012904942125278253,0.024378120506056138,0.0016199185824098891,1.0003097064792028,1e-6,0.7296561420926893,Km@lower,110.01236069299966,0.1272323342699445
Arthrobacter,R4,M3g,TRUE,5,-1020.0466026515242,-1004.5367977795007,1.5316460428211264e-4,0.0012833281843861767,0.024427372240223406,0.001588123002211511,1.0013707749749514,3618.1489819669137,0,tlag@lower,109.84654941621268,0.1268641365845767
Arthrobacter,R5,M0,TRUE,3,-808.0957732059567,-798.7728398448113,9.6569654167678e-5,0.0011501617168466782,0.02398857970330566,0.0020520520556274,1.0016190196011714,NA,NA,,159.45533964803906,-0.0472486086689153
Arthrobacter,R5,M1,TRUE,4,-806.0872402900812,-794.4335735886496,9.65804971544599e-5,0.001158186424463671,0.02397801915300469,0.002053077163965301,1.0016425291335405,0,NA,tlag@lower,159.53499600848454,-0.04818721905409013
Arthrobacter,R5,M2o,TRUE,4,-806.0957185853895,-794.4420518839578,9.656972357150945e-5,0.001158121824643422,0.023988547862083206,0.0020521100705969057,1.0016195217240302,2.068569815825228e-5,NA,,159.45553998882477,-0.047154181419695136
Arthrobacter,R5,M2g,TRUE,4,-806.0866125783053,-794.4329458768736,9.658129485137788e-5,0.001158191207416031,0.024007469194183638,0.002051476159280862,1.0016131201199365,3800.3507939556685,NA,,159.3047052240707,-0.04608805786357986
Arthrobacter,R5,M3o,TRUE,5,-804.0418904122209,-790.0574903705029,9.663814479625465e-5,0.0011666621751531864,0.024054472643343032,0.002066152227656267,1.001607752428217,0.007912394139442693,0,tlag@lower,158.9090258834854,-0.0399685010191541
Arthrobacter,R5,M3g,TRUE,5,-803.8170958574221,-789.8326958157041,9.692440647926126e-5,0.0011683888417917203,0.024275377942258366,0.0020438839701490486,1.0015463189672547,246.69229756542137,0,tlag@lower,157.17745905442956,-0.030367227849563912
Bacillus,R1,M0,TRUE,3,-915.7600626028104,-905.9894575768492,9.48711168403538e-5,0.0010756230006449797,0.04065226938355063,7.600458239172639e-4,1.002512213689722,NA,NA,,2968.27226476639,-0.028864575635788453
Bacillus,R1,M1,TRUE,4,-927.5620848209776,-915.348828538526,8.065191700147064e-5,9.978490261710444e-4,0.04052552941413001,9.138102206813361e-4,0.9993366509175746,4.342812311136329,NA,,2973.0694521619575,0.023552569016319056
Bacillus,R1,M2o,TRUE,4,-914.130426582841,-901.9171703003894,9.445864147630017e-5,0.0010798870624322916,0.04079641326394076,7.635972816739746e-4,1.002425674675191,0.00998056788528006,NA,,2939.7142136672433,-0.0021591749478303023
Bacillus,R1,M2g,TRUE,4,-914.4971525191675,-902.2838962367159,9.405198483685238e-5,0.0010775600286154745,0.04096908307252418,7.526287929431019e-4,1.0023656043049822,1384.740494609562,NA,,2907.667654062225,0.012228175820214194
Bacillus,R1,M3o,TRUE,5,-925.5576546035486,-910.9017470646068,8.065612070547031e-5,0.0010040923806196216,0.040519954927904944,9.142370710939657e-4,0.9993437966911924,1e-6,4.346652391861945,Km@lower,2974.037387921304,0.025209201611925428
Bacillus,R1,M3g,TRUE,5,-925.5102850717136,-910.8543775327718,8.070108196988868e-5,0.0010043722042269033,0.04054017056289197,9.131982899349865e-4,0.9993359693037731,25123.393644743195,4.336369613233037,,2970.280032364297,0.025361395060124817
Bacillus,R2,M0,TRUE,3,-899.5546078997877,-889.5111698737203,2.48480765153861e-4,0.001680370512287871,0.02672952707892209,0.00146826563054103,1.0008726486068946,NA,NA,,2090.6029340756654,0.006017231253303342
Bacillus,R2,M1,TRUE,4,-897.5532072737294,-884.9989097411452,2.484845896737838e-4,0.001690013227431687,0.02672573449827785,0.0014685842525881052,1.0008837545574523,0,NA,tlag@lower,2091.0566068802464,0.004072684130299418
Bacillus,R2,M2o,TRUE,4,-897.554569229624,-885.0002716970398,2.484808707450021e-4,0.0016900005806467142,0.02672942967189515,0.001468272339225856,1.0008728854281161,1e-6,NA,Km@lower,2090.6094432444647,0.005488181125916851
Bacillus,R2,M2g,TRUE,4,-897.5363566768868,-884.9820591443026,2.485306061719477e-4,0.0016901697057278948,0.026747225251699775,0.001467646486965123,1.0008634016127356,7065.170221911308,NA,,2088.228166044842,0.00743929329785306
Bacillus,R2,M3o,TRUE,5,-895.4204668499663,-880.3553098108652,2.4884731514681285e-4,0.0017010506847062743,0.026757591162948322,0.0014727377654703718,1.0008870500155644,0.0034535762906753227,0,tlag@lower,2086.482283953007,0.013953707442831286
Bacillus,R2,M3g,TRUE,5,-893.473082861808,-878.40792582270694,2.5422999266512086e-4,0.0017193495006566821,0.027398084675584234,0.001446066668658606,1.00057313779253,188.75254442634127,0,tlag@lower,2002.363214157548,0.06286586515437312
Bacillus,R3,M0,TRUE,3,-1110.9551506272035,-1100.263835289356,1.7999652655727204e-4,0.0013155743355209777,0.025082432485662883,0.0012446959940323216,1.0016379592858429,NA,NA,,3240.005050568015,-0.048022781430840794
Bacillus,R3,M1,TRUE,4,-1108.9551475496157,-1095.5910033773062,1.7999653173442315e-4,0.0013219452118195564,0.02508233682615371,0.0012447041842925275,1.0016383244218894,0,NA,tlag@lower,3240.0263702192074,-0.04809255677090671
Bacillus,R3,M2o,TRUE,4,-1111.6283141562142,-1098.2641699839046,1.7555540956281938e-4,0.0013055349294699883,0.025329379718217165,0.0012521323898255937,1.001366025189033,0.016208209304281754,NA,,3175.6417873768855,0.018585841662336254
Bacillus,R3,M2g,TRUE,4,-1111.4400870690426,-1098.075942896733,1.7586450643246435e-4,0.0013066837385336198,0.025535061834997368,0.0012273268977608897,1.0013034328629205,326.0911170018483,NA,,3128.1884327880125,0.020682603771684464
Bacillus,R3,M3o,TRUE,5,-1109.6280739914828,-1093.5911009847114,1.7555580360268023e-4,0.0013119204737475673,0.025330476015707974,0.001252240997153293,1.0013664823635036,0.016322997061279383,0,tlag@lower,3175.340543320356,0.019123757631279062
Bacillus,R3,M3g,TRUE,5,-1109.398622163974,-1093.3616491572027,1.7593267108847703e-4,0.0013133278755552854,0.025591499416637218,0.0012252506209568374,1.001266517654958,290.2003527525069,0,tlag@lower,3114.4632914475865,0.0298706716033356
Bacillus,R4,M0,TRUE,3,-1055.3318088749531,-1044.831917621816,1.772896169285128e-4,0.001338209330186843,0.02733746457736678,0.00120446088806259,1.0016400930500895,NA,NA,,2695.570887478601,-0.07317640191901562
Bacillus,R4,M1,TRUE,4,-1052.8558109402213,-1039.7309468738,1.7811889836110277e-4,0.0013481616294773139,0.027320479067283028,0.0012535956671966483,0.9999999976062164,1.4165727861457797,NA,,2691.830959594609,-0.06577869453225924
Bacillus,R4,M2o,TRUE,4,-1053.3316234355764,-1040.206759369155,1.7728993924719853e-4,0.0013450208224137334,0.02733687097440556,0.0012045082231874268,1.0016418704808652,1e-6,NA,Km@lower,2695.672466842204,-0.07373746370270325
Bacillus,R4,M2g,TRUE,4,-1053.3166073359555,-1040.191743269534,1.7731604120170338e-4,0.0013451198307961468,0.02734589169769374,0.0012041509344854185,1.0016342364613768,20028.490045838356,NA,,2693.8796813594945,-0.07195657405722777
Bacillus,R4,M3o,TRUE,5,-1050.8147569960297,-1035.0649201163242,1.7819060380335443e-4,0.001355365830340724,0.027307092062304302,0.0012556041551926988,1.0000132401911923,1e-6,1.4420779338180132,Km@lower,2694.174125470362,-0.06268753708691657
Bacillus,R4,M3g,TRUE,5,-1050.8368654975188,-1035.0870286178133,1.7815198517282384e-4,0.0013552189505181605,0.027325897129256756,0.0012534450624142413,0.999994864684446,29819.944274287616,1.417968082825578,,2690.7391137452278,-0.06499313159091577
Bacillus,R5,M0,TRUE,3,-953.2809425109494,-943.1077633818694,1.9924500899326666e-4,0.001479697804733318,0.02273270654790027,0.00174156996159367,1.0014387192657337,NA,NA,,1131.7007415649348,0.0042956540602464
Bacillus,R5,M1,TRUE,4,-951.272526931254,-938.556053019904,1.9926284768808042e-4,0.0014879622444735187,0.02272479430465644,0.0017423987091362654,1.0014647116439548,0,NA,tlag@lower,1132.2392753185063,0.003948394356159453
Bacillus,R5,M2o,TRUE,4,-951.4640909534606,-938.7476170421106,1.988571804140938e-4,0.001486446846282525,0.022854229894504502,0.0017524929105125868,1.001340879035373,0.009921354248988629,NA,,1122.5413942559508,0.023984334286737206
Bacillus,R5,M2g,TRUE,4,-951.3981785572714,-938.6817046459214,1.9899666711275927e-4,0.0014869680827208965,0.022910641662815024,0.0017348510702671284,1.00134400620049,485.46768063398747,NA,,1118.8033041666167,0.01988830467733937
Bacillus,R5,M3o,TRUE,5,-949.4214409531244,-934.1616722595044,1.9894742704361894e-4,0.0014951134902758075,0.022795108434746386,0.0017490064502485635,1.001411593829436,0.005847137637921815,0,tlag@lower,1126.9144092592826,0.01568385965009397
Bacillus,R5,M3g,TRUE,5,-949.1899766597373,-933.9302079661173,1.994379160614107e-4,0.0014969553972527588,0.023130756438458275,0.001727223070273147,1.001254312073477,214.7242048163208,0,tlag@lower,1102.9795768434592,0.039710431096634996
Burkholderia,R1,M0,TRUE,3,-1054.880598342759,-1044.2647569421288,2.4688471247275614e-4,0.0015557758056918228,0.0225655256203426,0.00150950058400556,1.0029313041523,NA,NA,,142.1581138736362,9.651452357324143e-4
Burkholderia,R1,M1,TRUE,4,-1049.4728993405631,-1036.2030975897756,2.550286145424063e-4,0.0015890361190195072,0.02253083412714495,0.0015847130080539386,1.0000000070432338,2.041083027690454,NA,,141.82101367969008,0.012250131272081726
Burkholderia,R1,M2o,TRUE,4,-1052.8986365379437,-1039.6288347871562,2.468423032143987e-4,0.0015633244065588437,0.022592411838182468,0.0015108462106917615,1.0029027277215425,0.0018880317094208015,NA,,141.86318953822007,0.006711484149024014
Burkholderia,R1,M2g,TRUE,4,-1052.8800397156867,-1039.6102379648992,2.4688602596657436e-4,0.0015634628549086012,0.02256774856192926,0.001509410667905686,1.0029297855614419,45258.25598007272,NA,,142.1348002105319,0.0012184305024240194
Burkholderia,R1,M3o,TRUE,5,-1050.928186793677,-1035.0044246927318,2.467728439108979e-4,0.001570900518527185,0.022585413889776605,0.0015170052395831375,1.0026483748367934,0.0015396111997346299,0.18055102854385904,,141.8781824607094,0.006329927245802503
Burkholderia,R1,M3g,TRUE,5,-1047.4570134317005,-1031.5332513307553,2.55067201854954e-4,0.0015970823455756875,0.02253658020981808,0.0015844927012161158,0.9999960981542032,16682.851696391466,2.0413542292753757,,141.7609240997432,0.0128841406224993
Burkholderia,R2,M0,TRUE,3,-1048.4009167293143,-1037.7850753286841,2.6260020171259117e-4,0.001604528523116991,0.01985526299343977,0.00188222696498641,1.0018054968983412,NA,NA,,124.44368879220976,-0.14062618277118355
Burkholderia,R2,M1,TRUE,4,-1046.3963471930454,-1033.1265454422578,2.6261163016265903e-4,0.0016124872558024564,0.019850701338704844,0.001882801475721862,1.0018253870417544,0,NA,tlag@lower,124.48167264670782,-0.14091232010193186
Burkholderia,R2,M2o,TRUE,4,-1048.9660597476209,-1035.6962579968333,2.5626262473485954e-4,0.001592875924309905,0.02017456029522509,0.0019021441304757198,1.0014432427069235,0.021807232857657174,NA,,121.48588589388034,-0.07315236083299193
Burkholderia,R2,M2g,TRUE,4,-1048.3547087747008,-1035.0849070239133,2.57759037857599e-4,0.0015975198533221444,0.020434897006267425,0.0018564494330228845,1.0014044992769886,129.48405542671537,NA,,119.3713634616836,-0.0816138631858735
Burkholderia,R2,M3o,TRUE,5,-1046.9510807665765,-1031.0273186656314,2.5629918499018786e-4,0.0016009346800859422,0.020184186916744912,0.001903998274656887,1.0014526302050266,0.022932523973637462,0,tlag@lower,121.39183136243841,-0.06973386337026406
Burkholderia,R2,M3g,TRUE,5,-1046.3275195802128,-1030.4037574792676,2.5782579183917734e-4,0.0016056954625307295,0.020493506474413413,0.0018541985923452465,1.001380146348274,117.28942575844184,0,tlag@lower,118.86616275756211,-0.07578976184111091
Burkholderia,R3,M0,TRUE,3,-1157.5668583144786,-1146.6928628292983,1.98201742526112e-4,0.001348467504366087,0.02090622491207607,0.0014139412943838154,1.0016299171847716,NA,NA,,129.73019009747696,0.0025822992591955168
Burkholderia,R3,M1,TRUE,4,-1155.5668498535026,-1141.974355497027,1.982017574991497e-4,0.001354696075998399,0.02090612231732975,0.0014139504195291523,1.0016303535187006,0,NA,tlag@lower,129.73102733650796,0.0022613154842117556
Burkholderia,R3,M2o,TRUE,4,-1157.1886228768299,-1143.5961285203543,1.9535245192693292e-4,0.0013449234176426007,0.02111419169872415,0.0014257015100509129,1.0014004791082305,0.01649852223697927,NA,,127.53285566349598,0.054786628035760766
Burkholderia,R3,M2g,TRUE,4,-1156.4388356737406,-1142.8463413172651,1.9666463181551138e-4,0.0013494327745784845,0.021197253255557755,0.0014022758472505173,1.0014194455447405,321.9428251475656,NA,,126.79507261966427,0.04204134225806943
Burkholderia,R3,M3o,TRUE,5,-1155.1705752573173,-1138.8595820295468,1.9538393345192297e-4,0.0013513023605559711,0.021134021915466844,0.0014271490319345442,1.0013839418314456,0.0182527542115193,0,tlag@lower,127.32351745546539,0.06056241896323981
Burkholderia,R3,M3g,TRUE,5,-1154.4218469990274,-1138.1108537712569,1.9669446507323342e-4,0.0013558266956812024,0.021231950846252845,0.0014010738467170668,1.0013985795857472,286.59231951530217,0.0018797964187689956,,126.44732031753948,0.04770261557801529
Burkholderia,R4,M0,TRUE,3,-1140.9740215731424,-1130.0292277795645,2.800904123970153e-4,0.0015885015104247647,0.02075222150130871,0.00138522155435472,1.0009237899955028,NA,NA,,124.7182162135886,-0.04843976294421374
Burkholderia,R4,M1,TRUE,4,-1139.3383097309338,-1125.6573174889613,2.791968091590983e-4,0.001593158124775208,0.0207460301169263,0.0014059940554382814,1.0000000506681888,0.6929195577550677,NA,,124.59005578515215,-0.04635873210279476
Burkholderia,R4,M2o,TRUE,4,-1139.258275138863,-1125.5772828968904,2.7939289028582536e-4,0.0015937174675063257,0.02084981147490044,0.001390237260535296,1.0008119847449213,0.007541820149463975,NA,,123.70078016427739,-0.026532307669702514
Burkholderia,R4,M2g,TRUE,4,-1139.2243727022149,-1125.5433804602424,2.794759912363118e-4,0.0015939544627814862,0.02092854010081859,0.0013780981036869862,1.000792031272901,532.509026851132,NA,,122.96678102113167,-0.027323708603829242
Burkholderia,R4,M3o,TRUE,5,-1137.5457184147901,-1121.128527724423,2.7868930743424585e-4,0.0015989942579669977,0.020830678255163833,0.0014083319763830806,0.9999998434241301,0.006481748100735969,0.6233900178828382,,123.72786286719719,-0.027682763425030843
Burkholderia,R4,M3g,TRUE,5,-1137.5008506536683,-1121.0836599633012,2.7879901468223724e-4,0.0015993089524932674,0.020891678443029922,0.0013977724208206616,1.0000011521718914,637.6295125070529,0.6139526208945532,,123.1654705371084,-0.02922737904236528
Burkholderia,R5,M0,TRUE,3,-1109.5597979563267,-1098.8684826184792,1.8235917530097834e-4,0.0013241803535256266,0.02204622666471412,0.00130514474048356,1.00076301873485,NA,NA,,114.97711396217858,-0.13279375020667505
Burkholderia,R5,M1,TRUE,4,-1107.5876745209973,-1094.2235303486877,1.8231167170101352e-4,0.0013304195691987274,0.022044381396957965,0.0013102587375103157,1.0005501840810334,0.17094431238436883,NA,,114.94703038714391,-0.13216206158408128
Burkholderia,R5,M2o,TRUE,4,-1107.5908951989263,-1094.2267510266167,1.823061842398871e-4,0.0013303995466720933,0.02208323307544467,0.0013078728143281013,1.0007299134231749,0.0034258754577616386,NA,,114.64600869120237,-0.125265172215561
Burkholderia,R5,M2g,TRUE,4,-1107.6255840889535,-1094.261439916644,1.822470910232337e-4,0.001330183909553592,0.02214052105550024,0.001301787298602494,1.0007050032887495,1044.1429723996675,NA,,114.16532209330798,-0.12167297186155256
Burkholderia,R5,M3o,TRUE,5,-1105.6112278963435,-1089.574254889572,1.8227154476032408e-4,0.0013367781899113948,0.022077193976114688,0.0013119783356552357,1.0005501166400539,0.0030125821152758004,0.14781223943597066,,114.65982552659584,-0.1256226840035815
Burkholderia,R5,M3g,TRUE,5,-1105.640246880456,-1089.6032738736847,1.822221184250145e-4,0.00133659693142996,0.022139821403617622,0.0013055238185619093,1.0005488017978161,1033.6007862282281,0.12560378962251417,,114.13783172019122,-0.12111815159215358
Buttiauxella,R1,M0,TRUE,3,-1103.4946724473555,-1092.6927509841857,2.633849986881463e-4,0.0015689302227360055,0.021649771272688655,0.001251887044945239,1.0029244224180582,NA,NA,,110.18775275862687,-0.04766577905765792
Buttiauxella,R1,M1,TRUE,4,-1105.045190772631,-1091.542788943669,2.550193426415507e-4,0.0015510779655159082,0.021606463324060448,0.0013250286046983446,0.9999999999544098,2.4685022786920676,NA,,109.93347113584939,-0.0348680353204592
Buttiauxella,R1,M2o,TRUE,4,-1104.5166787204043,-1091.0142768914423,2.562475708500732e-4,0.0015548086421421563,0.022063936249528463,0.0012838850306228367,1.0025466327100436,0.04153451279041623,NA,,106.58127721887118,0.025234613625833065
Buttiauxella,R1,M2g,TRUE,4,-1104.270872385687,-1090.7684705567249,2.5682082270825785e-4,0.0015565468030476644,0.0223376408540949,0.001227588926722694,1.00248800082422,149.696817003464,NA,,104.45490566307342,0.02356386695857357
Buttiauxella,R1,M3o,TRUE,5,-1104.7215635749371,-1088.5186813801827,2.511623751770568e-4,0.0015466165073261939,0.021926338498139252,0.001343836893927693,1.0000000099358661,0.030927242714021447,2.2448864306452,,107.20879414288518,0.018905292055986338
Buttiauxella,R1,M3g,TRUE,5,-1104.3238946020242,-1088.1210124072697,2.52072013743515e-4,0.0015494146782499298,0.022096867062534727,0.0013006207134473612,0.9999999517742115,199.08722009275448,2.231580149431347,,105.89511645640151,0.013422380348475788
Buttiauxella,R2,M0,TRUE,3,-1022.3933887164048,-1011.9329066490398,2.193874333009439e-4,0.0014962109739542282,0.02444709978164981,0.00154856277118677,1.0017197717617223,NA,NA,,129.41401512253847,0.020541264874659095
Buttiauxella,R2,M1,TRUE,4,-1020.3933724005415,-1007.3177698163352,2.1938746874149517e-4,0.0015039037475420706,0.024446952540045176,0.0015485891251267349,1.0017199026069878,2.882378308037512e-4,NA,,129.4152189713338,0.02060529949241905
Buttiauxella,R2,M2o,TRUE,4,-1020.4297689393745,-1007.3541663551682,2.1930842412799047e-4,0.0015036327972441793,0.024481982950322837,0.0015497846808211042,1.0016816028813154,0.002082658496397738,NA,,129.07448836047533,0.028647751361855614
Buttiauxella,R2,M2g,TRUE,4,-1020.3919230102388,-1007.3163204260325,2.1939061706180478e-4,0.0015039145383902279,0.02448113264666063,0.0015471438852697236,1.0016958220329184,3469.5077030008183,NA,,129.09895027623165,0.0246965423397952
Buttiauxella,R2,M3o,TRUE,5,-1018.429749021637,-1002.7390259205895,2.1930846737678342e-4,0.0015114440783044187,0.024482100425793987,0.0015498258711919043,1.0016822143335504,0.0021057942708384166,0,tlag@lower,129.07303126782224,0.02874490522497428
Buttiauxella,R2,M3g,TRUE,5,-1018.3922401639566,-1002.701517062909,2.1938992814655135e-4,0.0015117247605058854,0.024480363603644136,0.0015471321908315263,1.0016941772006827,3626.7626143433995,0,tlag@lower,129.10649331088712,0.02432361961059079
Buttiauxella,R3,M0,TRUE,3,-1078.5943802590032,-1068.0554643060846,1.5804858365839528e-4,0.0012571737495604785,0.02162603228910582,0.0015003092573743699,1.000408943748628,NA,NA,,135.77841621617526,2.071716029603647e-4
Buttiauxella,R3,M1,TRUE,4,-1076.709323632485,-1063.5356786913367,1.578723069149617e-4,0.0012628023466947607,0.02162224301954465,0.001510050214347124,0.9999999140231279,0.28640186150097674,NA,,135.7118171200223,0.0015541477608117722
Buttiauxella,R3,M2o,TRUE,4,-1077.6849699809559,-1064.5113250398076,1.563839540941919e-4,0.0012568356694259326,0.021843885010823363,0.0015184395161770604,1.0002168362009727,0.01948636354408363,NA,,133.6047291084194,0.045498203380649895
Buttiauxella,R3,M2g,TRUE,4,-1077.474999422318,-1064.3013544811697,1.5670307562704115e-4,0.001258117383143597,0.02197878166546313,0.0014871966726818482,1.0001997440278236,252.7577451703672,NA,,132.4009010807914,0.04141924083621758
Buttiauxella,R3,M3o,TRUE,5,-1075.7184026115797,-1059.9100286822018,1.5633320187538903e-4,0.0012630268222925832,0.021835861296276016,0.001523374194770287,0.9999995714905805,0.018938871559086586,0.15712402500701644,,133.62809280267038,0.045010453010971396
Buttiauxella,R3,M3g,TRUE,5,-1075.503668385579,-1059.695294456201,1.5665946504884738e-4,0.0012643440868237562,0.021964352308888463,0.0014926532057064356,0.9999996528111942,260.9454501061687,0.14669241356896928,,132.4865013694122,0.04067614364352435
Buttiauxella,R4,M0,TRUE,3,-1079.2617825654359,-1068.4963910365193,2.971100576538266e-4,0.0016741938574149386,0.01862887955508459,0.00214837784846517,1.0021453011094312,NA,NA,,114.610479892689,0.06535077786904421
Buttiauxella,R4,M1,TRUE,4,-1077.6478102115361,-1064.1910708003904,2.960596921358541e-4,0.0016791712585616642,0.01862265591455592,0.0021689974654176157,1.0011467480669853,0.4872092138708222,NA,,114.50391028721111,0.06764080203509507
Buttiauxella,R4,M2o,TRUE,4,-1077.157027625315,-1063.7002882141694,2.9739573386391077e-4,0.0016829558290440767,0.01861013279557175,0.0021511742816553428,1.0022413683179472,1e-6,NA,Km@lower,114.75945234453982,0.06666770689277142
Buttiauxella,R4,M2g,TRUE,4,-1077.2320930067626,-1063.775353595617,2.971909958918522e-4,0.0016823764254961667,0.018635649095786327,0.0021480308670236356,1.0021398304294726,9560.759129860326,NA,,114.55313463677005,0.0661195953047642
Buttiauxella,R4,M3o,TRUE,5,-1075.2103998817747,-1059.0623125884,2.9725014857993746e-4,0.0016906136476369524,0.018598893815635044,0.0021910183301521525,1.0002957750468875,1e-6,0.940382288365609,Km@lower,114.54444812510317,0.06971499240073188
Buttiauxella,R4,M3g,TRUE,5,-1075.6279197334725,-1059.4798324400977,2.96113722467415e-4,0.0016873788345885615,0.018626692526402637,0.0021685497744216927,1.0011556199819225,16169.062347944897,0.4814214457253475,,114.47167967387227,0.06808270545671838
Buttiauxella,R5,M0,TRUE,3,-1116.7795415448495,-1105.9776200816798,2.3342137528306421e-4,0.001476992951985741,0.02164406270204685,0.0014995347831487495,1.0015444502813484,NA,NA,,132.35014465675303,-0.02348865257119206
Buttiauxella,R5,M1,TRUE,4,-1114.7794532679948,-1101.2770514390327,2.3342156260772927e-4,0.0014839441408895635,0.02164350649458284,0.0014995947981589913,1.001546823531737,0,NA,tlag@lower,132.3554416297718,-0.023431206907793902
Buttiauxella,R5,M2o,TRUE,4,-1115.226650868999,-1101.724249040037,2.324745293001867e-4,0.0014809307670496329,0.02175283062652247,0.0015039465049565372,1.0014147518077885,0.0072491928558713545,NA,,131.18271565504227,0.004108040575052987
Buttiauxella,R5,M2g,TRUE,4,-1115.39028485417,-1101.8878830252079,2.321289615424084e-4,0.0014798296738502124,0.021898798781128683,0.0014887327453575036,1.0013509779779375,390.69572582503804,NA,,129.76276576122103,0.009960394189682033
Buttiauxella,R5,M3o,TRUE,5,-1113.2260722531942,-1097.0231900584397,2.3247575215282936e-4,0.0014879700206683933,0.02175377766353859,0.00150416440465993,1.001417178455215,0.007392792080196885,1.1993817661777335e-5,,131.17123844038937,0.005038521281723563
Buttiauxella,R5,M3g,TRUE,5,-1113.0644141278078,-1096.8615319330534,2.3281765418139565e-4,0.001489063797224205,0.022088672857455003,0.0014803708390139312,1.0011893432817154,229.7757605398231,0,tlag@lower,127.8664314851263,0.032420468732712
Chromobacterium,R1,M0,TRUE,3,-931.0200860870143,-921.1107388291015,1.1961610738611289e-4,0.001186274977477635,0.025226171248009494,0.001462076854696663,1.0009404119094514,NA,NA,,218.2637818389898,-0.05524128770499841
Chromobacterium,R1,M1,TRUE,4,-929.1308450833851,-916.744161010994,1.1946565027228873e-4,0.0011925645149379349,0.025220357872560707,0.0014727012998161017,1.0005643136994589,0.2726062149677657,NA,,218.15461564931485,-0.05384643172466855
Chromobacterium,R1,M2o,TRUE,4,-929.0264388486879,-916.6397547762969,1.19607472554355e-4,0.001193272174648324,0.025253041806964086,0.0014650998360129887,1.0009248424970156,0.002798041621258777,NA,,217.89776388936005,-0.05140607877786332
Chromobacterium,R1,M2g,TRUE,4,-929.0297451592988,-916.6430610869078,1.19602978781324e-4,0.001193249758219943,0.025281438597555474,0.0014603737807866398,1.0009173830799867,1826.9841790120652,NA,,217.53227635240475,-0.05039046501801102
Chromobacterium,R1,M3o,TRUE,5,-927.1313530423572,-912.267332155488,1.1946496068735923e-4,0.0011997236664129437,0.025227464280553977,0.0014733846102108865,1.0005643717802435,7.313438578985603e-4,0.26966838096345097,,218.05988316980398,-0.05285305540058427
Chromobacterium,R1,M3g,TRUE,5,-927.1290199111569,-912.2649990242876,1.1946812808647406e-4,0.001199739570567894,0.025266771792814575,0.0014701362931958215,1.0005859286045242,2196.997660524289,0.24321982590970914,,217.56082587313784,-0.05002564139201482
Chromobacterium,R2,M0,TRUE,3,-1022.2315324482083,-1011.8916625335261,1.5602781811321011e-4,0.001281560800509368,0.026253420216045296,0.0011788058997616044,1.0001577615015629,NA,NA,,166.75526744898727,-0.11648820865785235
Chromobacterium,R2,M1,TRUE,4,-1020.2286691685317,-1007.3038317751789,1.560323768663435e-4,0.0012883784004838958,0.026249225931371637,0.0011791273662376943,1.0001698313401917,0,NA,tlag@lower,166.80074247435584,-0.1159507484266079
Chromobacterium,R2,M2o,TRUE,4,-1021.862482002236,-1008.9376446088831,1.5345263769573318e-4,0.0012776833994004714,0.026569907555952257,0.0012007880347115762,0.9999214642027857,0.029756334345396294,NA,,162.97197316396495,-0.060236846256729155
Chromobacterium,R2,M2g,TRUE,4,-1022.7746831687698,-1009.849845775417,1.5203090081709273e-4,0.0012717507651629214,0.026902025012035428,0.0011581383159691696,0.999807571449852,220.38156266002082,NA,,159.32080766525124,-0.04430978727000827
Chromobacterium,R2,M3o,TRUE,5,-1019.5098540059003,-1004.0000491338768,1.5400579245697618e-4,0.0012868474124690303,0.026716550993477348,0.0012121312790604449,0.9998189182627629,0.04462568695343937,0,tlag@lower,161.24410577075628,-0.035191262470468956
Chromobacterium,R2,M3g,TRUE,5,-1020.0056617579849,-1004.4958568859614,1.5322860434105606e-4,0.0012835962766838847,0.02725421997926611,0.0011472003391303715,0.9996283711710432,145.50404535086113,0,tlag@lower,155.40548189055625,-0.003828245376531074
Chromobacterium,R3,M0,TRUE,3,-1031.6948210580258,-1021.2741403140734,1.7872627883732756e-4,0.0013574015460009802,0.026373880493910137,0.0011597839428399946,1.001771647966302,NA,NA,,213.57333223132986,-0.08491349266199141
Chromobacterium,R3,M1,TRUE,4,-1029.9078969067136,-1016.8820459767732,1.783458617342809e-4,0.0013630001441912712,0.026355711264003157,0.0012027789340330506,1.0002927333220422,1.330562389435262,NA,,213.2520679077132,-0.07859361898931486
Chromobacterium,R3,M2o,TRUE,4,-1033.9287204328598,-1020.9028695029193,1.713171424862811e-4,0.001335871838001471,0.026851493087132913,0.0011885623017224949,1.0013851439505894,0.042648455774713524,NA,,206.097454717618,0.002282313574269621
Chromobacterium,R3,M2g,TRUE,4,-1032.5607587353977,-1019.5349078054572,1.7367679817254265e-4,0.001345040264935336,0.027035220588958568,0.001138079512612733,1.0013866752106222,229.0328344591601,NA,,203.61630719103238,-0.009905704088152384
Chromobacterium,R3,M3o,TRUE,5,-1031.4906975394438,-1015.8596764235152,1.7206919667303708e-4,0.001345828630183443,0.02681155728876802,0.001220310533916922,1.0002927010519929,0.039915135400702996,1.0122339130027709,,206.2727565057371,8.690241147205644e-4
Chromobacterium,R3,M3g,TRUE,5,-1030.1393950687125,-1014.5083739527839,1.7441015305797808e-4,0.0013549525260977658,0.026965284891701437,0.0011727775698654565,1.0002928863901228,243.2765100134812,1.0248278678376674,,204.21442845063373,-0.012652475045022007
Chromobacterium,R4,M0,TRUE,3,-1036.8576073117572,-1026.436926567805,1.697331680827898e-4,0.0013228100676515534,0.023193495639002703,0.0016979271530389664,1.000423897545015,NA,NA,,220.4821038976238,0.09569390031299284
Chromobacterium,R4,M1,TRUE,4,-1034.8568490734722,-1021.8309981435317,1.6973445506953153e-4,0.0013296868955914472,0.023191819807228144,0.0016981106075164413,1.000430620719634,0,NA,tlag@lower,220.5059261382251,0.0953792536257316
Chromobacterium,R4,M2o,TRUE,4,-1035.3413336242004,-1022.3154826942599,1.689141066926682e-4,0.0013264697300410945,0.02331191236853284,0.0017033517303772158,1.000297011196517,0.007370313817164299,NA,,218.57408931925582,0.1255515733245416
Chromobacterium,R4,M2g,TRUE,4,-1034.8600616960941,-1021.8342107661537,1.6972900222962117e-4,0.0013296655368519887,0.02323031745172037,0.0016963588363073955,1.000398900941203,2718.1648889601192,NA,,219.9156058205951,0.10044994789363729
Chromobacterium,R4,M3o,TRUE,5,-1031.749027956215,-1016.1180068402865,1.7162526325454234e-4,0.0013440914100123053,0.023540313580603853,0.0017122363972746793,1.000019260783992,0.021178408036886868,0,tlag@lower,214.96159934769315,0.16910322469374628
Chromobacterium,R4,M3g,TRUE,5,-1031.4444331771613,-1015.8134120612327,1.7214882180717256e-4,0.0013461399857103021,0.023612511961902418,0.001680855876421389,1.0001740343876222,238.98189796031642,0,tlag@lower,214.09980409776466,0.15154817149344316
Chromobacterium,R5,M0,TRUE,3,-1201.9817431192632,-1190.8990046214005,2.43285474796811e-4,0.0014544847430613896,0.024926014888548828,0.0012159932372973732,1.00006383668923,NA,NA,,187.34916779254672,-0.008803859973196914
Chromobacterium,R5,M1,TRUE,4,-1199.9803201657471,-1186.1268970434187,2.432884085765492e-4,0.00146085894156921,0.024924343410810113,0.0012161558885175278,1.0000721034806666,0,NA,tlag@lower,187.3742276117971,-0.008365901787468526
Chromobacterium,R5,M2o,TRUE,4,-1199.6996407180927,-1185.8462175957643,2.4386779276741816e-4,0.0014625974034663384,0.02490246992293538,0.0012182631269001109,1.0001724806643755,1e-6,NA,Km@lower,187.69847049492523,-0.0047232338830019375
Chromobacterium,R5,M2g,TRUE,4,-1199.9407028091168,-1186.0872796867884,2.4337010401582657e-4,0.0014611041967714144,0.024930549380710553,0.0012157886944773343,1.0000591454055219,38289.21228486323,NA,,187.2748894333557,-0.007894121634509992
Chromobacterium,R5,M3o,TRUE,5,-1197.9753855207794,-1181.3512777739854,2.432985828733644e-4,0.001467339362311618,0.024928497935039505,0.0012157212905839576,1.000046878825503,1e-6,0,"Km@lower,tlag@lower",187.30684814161847,-0.015944011063120003
Chromobacterium,R5,M3g,TRUE,5,-1193.8517673475894,-1177.2276596007955,2.5195118083242134e-4,0.0014932034247025928,0.025207009168980957,0.0012028799376980048,0.9997384777676956,652.7769747203951,0,tlag@lower,182.80651395842222,0.038087351172662647
Chryseobacterium,R1,M0,TRUE,3,-1460.451392224834,-1448.9812544230117,9.457451117149738e-5,8.629491238345114e-4,0.015460105223637544,8.384499691769018e-4,1.0011949766639616,NA,NA,,41.14579539260302,0.020463974010862026
Chryseobacterium,R1,M1,TRUE,4,-1460.7554861217482,-1446.4178138694701,9.29130586437567e-5,8.587230213121123e-4,0.015444923685693541,8.591894080596931e-4,0.9999999878801011,1.4918091717034014,NA,,41.05161275750462,0.025875162210417267
Chryseobacterium,R1,M2o,TRUE,4,-1458.451266715265,-1444.1135944629873,9.457460247928087e-5,8.663671757222198e-4,0.015459825180889179,8.384765210533535e-4,1.001195915317553,6.567609477652009e-6,NA,,41.14676759093139,0.020565870158928825
Chryseobacterium,R1,M2g,TRUE,4,-1458.447422788406,-1444.109750536128,9.457739896566085e-5,8.663799844786609e-4,0.015463354591036937,8.383726975628718e-4,1.0011935168586246,16348.396384946658,NA,,41.13401036939956,0.020857709375784964
Chryseobacterium,R1,M3o,TRUE,5,-1458.7552648856692,-1441.5500581829358,9.291321676482032e-5,8.621518045672482e-4,0.015444397099222617,8.593348218353599e-4,0.9999950095436748,1e-6,1.4998069426847302,Km@lower,41.05264247701511,0.025861602398002965
Chryseobacterium,R1,M3g,TRUE,5,-1458.7119070365816,-1441.5067003338481,9.294421052716514e-5,8.622955898166945e-4,0.015457787386341963,8.58763487135163e-4,1.0000017757006545,4064.8731235519895,1.4829072313144938,,41.00602393023604,0.027379564476062625
Chryseobacterium,R2,M0,TRUE,3,-1395.7015582401423,-1384.4528208186525,7.964745283381109e-5,8.146955097550817e-4,0.016811791135711532,7.875711371962443e-4,1.0013408251418454,NA,NA,,43.87239338707786,-0.00136732924728368
Chryseobacterium,R2,M1,TRUE,4,-1397.8127950592618,-1383.7518732823996,7.702926131710604e-5,8.045524948382616e-4,0.01679570543651619,8.075926707091161e-4,1.000279961064627,1.4112965405214173,NA,,43.778088776439446,0.004022370179072424
Chryseobacterium,R2,M2o,TRUE,4,-1393.948568942739,-1379.8876471658768,7.948766395659318e-5,8.17290378421554e-4,0.016935702485317984,8.103064081095115e-4,1.0012789360511236,0.03314757394049885,NA,,43.410425909269414,0.01874504019383014
Chryseobacterium,R2,M2g,TRUE,4,-1394.061031545232,-1380.0001097683698,7.94150192084351e-5,8.169168272179804e-4,0.017019173780581834,7.830731700336755e-4,1.0012591564877011,295.520954749864,NA,,43.114692557074434,0.02247199563609556
Chryseobacterium,R2,M3o,TRUE,5,-1395.8614562536893,-1378.988350121455,7.699879306912236e-5,8.077946178661872e-4,0.016851588999596788,8.172965089460931e-4,1.0002799166215872,0.014466637870731273,1.3763542662949193,,43.57373743414904,0.012949415968062233
Chryseobacterium,R2,M3g,TRUE,5,-1395.9028454541522,-1379.0297393219178,7.697288752158806e-5,8.076587188380703e-4,0.016903738457122626,8.045092331256613e-4,1.0002800157301126,553.3106130445732,1.3580391350105514,,43.389031060257054,0.016215742840131254
Chryseobacterium,R3,M0,TRUE,3,-1336.2493428187797,-1325.1328488463337,8.6534572814606e-5,8.637057928934123e-4,0.01668582715915156,9.312067517155902e-4,1.0010656162587568,NA,NA,,47.16174256023156,-0.061526066238375685
Chryseobacterium,R3,M1,TRUE,4,-1334.247834020109,-1320.3522165545512,8.653566999171664e-5,8.674584064290879e-4,0.01668363686233056,9.313593405288747e-4,1.001071528252354,0,NA,tlag@lower,47.16947054793832,-0.062070140333447744
Chryseobacterium,R3,M2o,TRUE,4,-1334.5305272204207,-1320.634909754863,8.633034216306287e-5,8.664286626750609e-4,0.016819826655555183,9.560473026040871e-4,1.0009941690930322,0.03106489356511219,NA,,46.646180581295084,-0.03992509977021235
Chryseobacterium,R3,M2g,TRUE,4,-1334.5813606929748,-1320.685743227417,8.62934721303207e-5,8.662436253875279e-4,0.01689616234203729,9.261966005126982e-4,1.0009798520205684,272.4544467748501,NA,,46.369986628600685,-0.038479780037606416
Chryseobacterium,R3,M3o,TRUE,5,-1332.5111568618127,-1315.8364159031435,8.634439582520575e-5,8.702913195722783e-4,0.01685417916215373,9.629573178215283e-4,1.0009780284793715,0.03961219820845221,0,tlag@lower,46.51456829976855,-0.0348931420395719
Chryseobacterium,R3,M3g,TRUE,5,-1332.3736592221403,-1315.6989182634711,8.644421945596303e-5,8.707942505590475e-4,0.01705157954234541,9.227959529020278e-4,1.0009307470737172,156.02871500726496,0,tlag@lower,45.790955806837864,-0.02049574626814666
Chryseobacterium,R4,M0,TRUE,3,-1638.7414215674128,-1626.9748518769757,6.386919659129856e-5,6.827873133450511e-4,0.01577081633140894,6.788354020645641e-4,1.0010184940281743,NA,NA,,38.27684635364615,-0.050179941511156116
Chryseobacterium,R4,M1,TRUE,4,-1637.1821873463048,-1622.4739752332582,6.366843167833587e-5,6.842150487448666e-4,0.015767237220192274,6.862810535401393e-4,1.0005790961112038,0.6691198404597587,NA,,38.23951036055687,-0.048389608886102456
Chryseobacterium,R4,M2o,TRUE,4,-1639.1588404371414,-1624.4506283240949,6.277581645684305e-5,6.794018587787947e-4,0.016006280869662933,7.171181277543415e-4,1.0008713917604626,0.06651067681851895,NA,,37.394680028373735,0.008390831081650407
Chryseobacterium,R4,M2g,TRUE,4,-1638.8971067646341,-1624.1888946515876,6.289328726562114e-5,6.80037235494483e-4,0.01608245749675092,6.717460622066249e-4,1.0008646232200764,207.3494898159613,NA,,37.13386341784935,0.004869160162152757
Chryseobacterium,R4,M3o,TRUE,5,-1637.3613269453886,-1619.7114724097328,6.268508740000364e-5,6.814205608438651e-4,0.015993866582094684,7.208190803835432e-4,1.0005790319691301,0.0634776800898151,0.45953436032206496,,37.40686724621627,0.007202143956260074
Chryseobacterium,R4,M3g,TRUE,5,-1637.090808885403,-1619.4409543497472,6.28063291285098e-5,6.82079223857897e-4,0.016065084312929783,6.771183716262521e-4,1.0005790381933068,215.85371065177074,0.45143970343580875,,37.16395367941337,0.0034731489540211938
Chryseobacterium,R5,M0,TRUE,3,-1334.149585377815,-1323.1008896386238,7.141039512715533e-5,7.914587638023905e-4,0.0154155460716585,0.00107848665072903,1.0008024616333793,NA,NA,,41.48628680466515,-0.02841978627765349
Chryseobacterium,R5,M1,TRUE,4,-1332.147569373503,-1318.3366996995144,7.141162559642704e-5,7.949599288416719e-4,0.015413228584399611,0.0010786688778333911,1.0008088226298064,0,NA,tlag@lower,41.49329655848083,-0.028669917545450826
Chryseobacterium,R5,M2o,TRUE,4,-1332.1513603926899,-1318.3404907187012,7.140931176346237e-5,7.949470498505159e-4,0.015425743540055404,0.0010805639005686655,1.000797054256173,0.002225267330029592,NA,,41.45289305521884,-0.026688215888631187
Chryseobacterium,R5,M2g,TRUE,4,-1332.1481334264236,-1318.3372637524349,7.141128132429994e-5,7.949580126069327e-4,0.015431251087124065,0.0010781000565569685,1.0007963144059442,2912.420237338243,NA,,41.4359117249427,-0.026705455125501747
Chryseobacterium,R5,M3o,TRUE,5,-1330.150161045075,-1313.5771174362885,7.141004377223767e-5,7.984921267851277e-4,0.015427776740295638,0.0010814286981528172,1.000799683284788,0.003017477411119435,0,tlag@lower,41.44585123033604,-0.026419304314941307
Chryseobacterium,R5,M3g,TRUE,5,-1329.8231271397499,-1313.2500835309634,7.160992560417033e-5,7.996088642277053e-4,0.015620505099449889,0.0010735764010041324,1.0007282286036883,224.22388672450907,0,tlag@lower,40.83247713923343,-0.006386488730970144
Flavobacterium_A,R1,M0,TRUE,3,-1268.807349626488,-1257.4940946772788,2.681344226580318e-4,0.001482505695281217,0.01802196080469134,0.0011986181924599,1.000856375111851,NA,NA,,171.8254889565148,-0.058454853919852265
Flavobacterium_A,R1,M1,TRUE,4,-1266.8071802321203,-1252.6656115456087,2.6813478602196546e-4,0.0014886201554203415,0.018021207189405315,0.0011986912098342596,1.0008595442312727,0,NA,tlag@lower,171.8359562146713,-0.05845302933964168
Flavobacterium_A,R1,M2o,TRUE,4,-1268.6365886114104,-1254.4950199248988,2.6423913828395833e-4,0.0014777667377743968,0.01827387601099959,0.001219801015951598,1.0005898083062843,0.02821688566725219,NA,,167.95886169531659,-0.005563511516489113
Flavobacterium_A,R1,M2g,TRUE,4,-1267.4582274499942,-1253.3166587634826,2.6674186933728263e-4,0.0014847485507606354,0.018290193926546582,0.0011887969525063255,1.0006632033820377,282.58924336150625,NA,,167.85698808945128,-0.02646849883264304
Flavobacterium_A,R1,M3o,TRUE,5,-1266.6234069539153,-1249.6535245301015,2.642670046317723e-4,0.0014839895682241511,0.01826985979409768,0.0012183457777375207,1.000576172575745,0.027069944321293497,0,tlag@lower,168.02772933656937,-0.009730341748803124
Flavobacterium_A,R1,M3g,TRUE,5,-1265.2974315692966,-1248.3275491454829,2.6708521807657977e-4,0.0014918814130614286,0.018423785995628727,0.0011838790079459357,1.0005648983209905,191.15998172039613,0,tlag@lower,165.91098259564097,-0.011079117661301005
Flavobacterium_A,R2,M0,TRUE,3,-1046.3264223768713,-1035.7488587803057,2.4087312181960565e-4,0.0015443064444123523,0.015677207272735715,0.002138366507541303,1.0031565812533862,NA,NA,,147.97548395749567,-0.06717039431097616
Flavobacterium_A,R2,M1,TRUE,4,-1044.7967924630707,-1031.574837967364,2.397861633388546e-4,0.001548503029828662,0.015667681514975693,0.002156653423780708,1.0021447606105902,0.5000814203440385,NA,,147.7866327808017,-0.06529573454100437
Flavobacterium_A,R2,M2o,TRUE,4,-1044.5924888443667,-1031.37053434866,2.4025767613693874e-4,0.0015500247615342754,0.01582507619025321,0.00215981186799539,1.003027631630883,0.014220777633768935,NA,,146.45285225058737,-0.045225859401675304
Flavobacterium_A,R2,M2g,TRUE,4,-1045.0130477249702,-1031.7910932292634,2.3928807541749987e-4,0.0015468939052743723,0.016154210090881995,0.0021197911013208217,1.002908916510128,89.67271183216444,NA,,143.29643305531351,-0.03351216972369334
Flavobacterium_A,R2,M3o,TRUE,5,-1042.961949035575,-1027.0956036407267,2.3940567456535425e-4,0.0015550688528241379,0.01578649291329041,0.0021720981241707842,1.0021447542149347,0.011287438586956921,0.4509006765849983,,146.59255690064367,-0.04794404168544418
Flavobacterium_A,R2,M3g,TRUE,5,-1043.2944382842556,-1027.4280928894075,2.3864151391558627e-4,0.0015525850516418351,0.016084033567679505,0.0021368453608337726,1.002144818176948,101.96528434211679,0.3970728029396841,,143.75970628785646,-0.03641635028145373
Flavobacterium_A,R3,M0,TRUE,3,-1096.404452585826,-1085.6759276773291,2.2901730424926988e-4,0.00147686058357801,0.02416130472305527,0.00128073842831951,1.000674350624929,NA,NA,,198.60539594692506,-0.12435810709596466
Flavobacterium_A,R3,M1,TRUE,4,-1094.4010542233293,-1080.9903980877082,2.2902451069429619e-4,0.0014839672357151034,0.02415756848722663,0.001281080066663795,1.0006885910636043,0,NA,tlag@lower,198.6583741485134,-0.12422948795825417
Flavobacterium_A,R3,M2o,TRUE,4,-1094.4044058890868,-1080.9937497534656,2.290174032711551e-4,0.0014839442092170444,0.024161544985131442,0.0012807151373986927,1.0006735023111137,1e-6,NA,Km@lower,198.60146369011073,-0.12510153988121625
Flavobacterium_A,R3,M2g,TRUE,4,-1094.3957482933183,-1080.9850921576972,2.2903576271166213e-4,0.0014840036890623276,0.02416849731611164,0.0012804589214994973,1.0006690898053665,18027.102587833426,NA,,198.49445248948274,-0.12339877732638456
Flavobacterium_A,R3,M3o,TRUE,5,-1092.1826897259166,-1076.0899023631712,2.2948804231043217e-4,0.0014926617988453884,0.024237079259996654,0.0012824099720915427,1.0005724249365113,0.004609003101931688,0,tlag@lower,197.3964922143512,-0.11005076850373828
Flavobacterium_A,R3,M3g,TRUE,5,-1090.2414420926357,-1074.1486547298903,2.3365027358029052e-4,0.00150613719762214,0.024583174742075463,0.0012646372591912862,1.000379470289043,313.4736034025503,0,tlag@lower,192.1859748008475,-0.06666186962315906
Flavobacterium_A,R4,M0,TRUE,3,-850.5774018178404,-840.9996051991507,1.181980533989727e-4,0.0012309994553049927,0.02351547306940147,0.00150600350882712,1.00043565162336,NA,NA,,143.4074792350404,0.06227524984335468
Flavobacterium_A,R4,M1,TRUE,4,-848.5699419425129,-836.5976961691507,1.1820893961312822e-4,0.0012390242265334162,0.023503704367915587,0.001506903854737956,1.0004582587895587,0,NA,tlag@lower,143.49321365515016,0.06166853707006621
Flavobacterium_A,R4,M2o,TRUE,4,-848.5771659216612,-836.604920148299,1.1819839762748872e-4,0.001238968976622224,0.023513469621209895,0.001506155504036683,1.00043943564014,1e-6,NA,Km@lower,143.4217755984035,0.06181520239396577
Flavobacterium_A,R4,M2g,TRUE,4,-848.5391629541479,-836.5669171807857,1.1825386606903731e-4,0.0012392596557635055,0.023536516299864568,0.0015054799209424563,1.0004298081139076,3539.1562086459253,NA,,143.24484435712554,0.06336500264878961
Flavobacterium_A,R4,M3o,TRUE,5,-846.4498823181565,-832.0831873901218,1.1838428089695072e-4,0.0012480736783294587,0.02355491438891851,0.0015164242733447333,1.0004382440671484,0.007410083703560053,0,tlag@lower,143.08963864677705,0.06595772927519102
Flavobacterium_A,R4,M3g,TRUE,5,-845.5001286052461,-831.1334336772115,1.197805484242319e-4,0.001255412222215182,0.02396186484712116,0.0014955083683471117,1.0003310492495334,166.7139912719718,0,tlag@lower,139.9861513500989,0.08507028005474397
Flavobacterium_A,R5,M0,TRUE,3,-1143.3642187301482,-1132.5260979248987,2.0326551369885833e-4,0.0013718921567689802,0.02134249518277886,0.001493955259249436,1.0004468166612643,NA,NA,,172.8133779385451,0.053813095004663164
Flavobacterium_A,R5,M1,TRUE,4,-1141.360184286285,-1127.8125332797233,2.032729017908192e-4,0.0013783130071607795,0.02134587314854273,0.0014935815897424945,1.0004324171114365,0,NA,tlag@lower,172.77015369248593,0.05174689798384728
Flavobacterium_A,R5,M2o,TRUE,4,-1141.3640543295128,-1127.8164033229511,2.032658147529515e-4,0.0013782889797534577,0.021342229112840377,0.001493985043337435,1.000448000088225,1e-6,NA,Km@lower,172.8165400342417,0.05356925742272858
Flavobacterium_A,R5,M2g,TRUE,4,-1141.342496022721,-1127.7948450161593,2.033052966661279e-4,0.0013784228311924456,0.021346464661932164,0.0014937860939315054,1.0004437595214943,24085.766487577395,NA,,172.75984032915906,0.054372046009728746
Flavobacterium_A,R5,M3o,TRUE,5,-1139.1445111809844,-1122.8873299731104,2.0366824518375123e-4,0.001386145208652164,0.021367937349396935,0.0014911882879252822,1.0003379540664672,1e-6,0,"Km@lower,tlag@lower",172.49302562122332,0.04797620478910923
Flavobacterium_A,R5,M3g,TRUE,5,-1137.56035488185,-1121.3031736739758,2.0659577355504048e-4,0.0013960718934393477,0.021578443751060362,0.0014830367451084668,1.0002187558612452,437.26699490910426,0,tlag@lower,169.66705033169305,0.0803802954843358
Flavobacterium_B,R1,M0,TRUE,3,-1356.6344122969135,-1345.0730157840264,2.724822582821588e-4,0.0014477628850751844,0.0161003393333728,0.001624196403948924,1.0028370474621637,NA,NA,,535.6510455583799,-0.12416929502490538
Flavobacterium_B,R1,M1,TRUE,4,-1354.9994770491364,-1340.5477314080276,2.7173536149350776e-4,0.001451370273394184,0.0160877620368425,0.0016651283333057384,1.0005422895108973,1.4729277707161312,NA,,534.5440509243767,-0.11794553414753566
Flavobacterium_B,R1,M2o,TRUE,4,-1356.9727264624687,-1342.52098082136,2.677335301113782e-4,0.0014406435096142383,0.016249198258098094,0.0016279535156948828,1.0025740139702803,0.009364601284946225,NA,,527.8974523876038,-0.06803681065662599
Flavobacterium_B,R1,M2g,TRUE,4,-1360.1404888600948,-1345.688743218986,2.614320578837759e-4,0.0014235888099708538,0.016635746798631203,0.0015974194462072594,1.002297490910311,119.50444843000052,NA,,509.9538125393374,-0.03516181519686699
Flavobacterium_B,R1,M3o,TRUE,5,-1354.653305776836,-1337.3112110075056,2.683773075889797e-4,0.001447997829949653,0.016216552342373604,0.001664660206018584,1.0005422533608912,0.007964661151787449,1.334323250346002,,528.0184001510921,-0.07086579111314795
Flavobacterium_B,R1,M3g,TRUE,5,-1357.1896324698491,-1339.8475377005186,2.633078102583188e-4,0.0014342566951710965,0.016572562712539516,0.0016326526311486447,1.0005425093769194,129.71704434744294,1.173383520880538,,511.63457421063924,-0.03995208468593236
Flavobacterium_B,R2,M0,TRUE,3,-1089.3194635803031,-1078.665707203855,1.9814561199615302e-4,0.0013869909177020205,0.0148048700585227,0.0021043742219340484,1.0018276713739969,NA,NA,,598.6280685155789,-0.10613605970251237
Flavobacterium_B,R2,M1,TRUE,4,-1087.3173084501877,-1074.0001129796274,1.9814964061800897e-4,0.0013937874785887108,0.01480174973240517,0.0021047978705217665,1.001839966605581,0,NA,tlag@lower,598.7485831717422,-0.10644937246159814
Flavobacterium_B,R2,M2o,TRUE,4,-1088.7763940338345,-1075.4591985632742,1.9544080534393196e-4,0.001384227700525204,0.015130771546487391,0.002158470155405803,1.0015542786893272,0.03490196672787165,NA,,585.0046902057965,-0.056081681553849926
Flavobacterium_B,R2,M2g,TRUE,4,-1088.9929178572559,-1075.6757223866955,1.9504199025673796e-4,0.0013828146568018646,0.015495238061904422,0.00207842021909749,1.0014808017144399,57.26322020956807,NA,,571.0913780827223,-0.05497679616890914
Flavobacterium_B,R2,M3o,TRUE,5,-1086.6827099471934,-1070.7020753825211,1.9561361465421367e-4,0.0013916782896642842,0.015211526403255142,0.0021691375539890684,1.0014515320734847,0.04275611735038647,0,tlag@lower,581.7108936076783,-0.04534885182648737
Flavobacterium_B,R2,M3g,TRUE,5,-1086.8688834255177,-1070.8882488608454,1.9527034951966575e-4,0.0013904566865689896,0.015677001269187554,0.002071965510830065,1.0014039222425402,45.81530211346491,0,tlag@lower,564.0143196586084,-0.04172969589020541
Flavobacterium_B,R3,M0,TRUE,3,-1358.9830709248447,-1347.543821307398,1.8879804603201384e-4,0.0012240903523556865,0.0141867680204075,0.0017838885995339212,1.0020672242297053,NA,NA,,429.85382451692544,-0.030430881946490934
Flavobacterium_B,R3,M1,TRUE,4,-1356.9769782722433,-1342.677916250435,1.8880696314883935e-4,0.001229005982569131,0.014183856197889961,0.00178430600807149,1.0020835675693238,0,NA,tlag@lower,429.95440515649386,-0.0311498957730488
Flavobacterium_B,R3,M2o,TRUE,4,-1356.9829435599108,-1342.6838815381025,1.887982324371494e-4,0.0012289775667184471,0.014186836125174638,0.0017838829039689406,1.0020674491290138,1.011124612560838e-6,NA,Km@lower,429.851754999544,-0.030578766981451965
Flavobacterium_B,R3,M2g,TRUE,4,-1356.9876043061927,-1342.6885422843843,1.88791411314948e-4,0.0012289553655522173,0.014216992338462521,0.0017825120374685853,1.002042892152678,1420.7847618068224,NA,,428.7424619770935,-0.026016175223572743
Flavobacterium_B,R3,M3o,TRUE,5,-1354.8732096774909,-1337.7143352513208,1.889589020281458e-4,0.0012344481006223826,0.01418257712430878,0.0017853840489257193,1.0020262126921633,1e-6,0.03565226575281399,Km@lower,429.9537226813883,-0.03289120075492284
Flavobacterium_B,R3,M3g,TRUE,5,-1354.8769859128806,-1337.7181114867105,1.8895337068823004e-4,0.0012344300326669966,0.01428217261154306,0.0017800113291106148,1.002010048821078,432.4589708542041,0.0010180341677716032,,426.3431463604681,-0.01647298751412493
Flavobacterium_B,R4,M0,TRUE,3,-1234.3745601692765,-1223.3258644300854,1.6753988494600436e-4,0.0012122904410913425,0.014978991022919486,0.0018835508509303807,1.0023232821868335,NA,NA,,686.9537972790029,0.03391136027215842
Flavobacterium_B,R4,M1,TRUE,4,-1232.4323901567154,-1218.6215204827267,1.6745709490009774e-4,0.0012173418557686146,0.014977057126723637,0.001888268084245685,1.002042932647673,0.15654009727386492,NA,,686.7170823379741,0.0345693972417748
Flavobacterium_B,R4,M2o,TRUE,4,-1232.3744974527078,-1218.5636277787191,1.6753997475394889e-4,0.0012176430691463963,0.014978927044736284,0.0018835662128126227,1.0023238848465708,1.621515228908418e-6,NA,Km@lower,686.9577247736739,0.034128560962017995
Flavobacterium_B,R4,M2g,TRUE,4,-1232.3607687922754,-1218.5498991182867,1.6755963487679644e-4,0.0012177145097387512,0.014985089709865779,0.0018832950483139252,1.002319252648109,7039.923489776225,NA,,686.6319331082138,0.03461434765471382
Flavobacterium_B,R4,M3o,TRUE,5,-1230.3262100822255,-1213.753166473439,1.676091348778544e-4,0.001223319309435597,0.014972897534325803,0.001894840831416516,1.0016725730819886,1e-6,0.366828624223096,Km@lower,686.4761437556798,0.03556224331713949
Flavobacterium_B,R4,M3g,TRUE,5,-1230.3868067855014,-1213.813763176715,1.6752234914007004e-4,0.0012230025593510411,0.014986620547339173,0.0018848096835400107,1.0022234762105586,5054.047498110668,0.052864545534951964,,686.4343629502355,0.03457459530095956
Flavobacterium_B,R5,M0,TRUE,3,-1109.2511500686019,-1099.0356425021996,4.3422249080972446e-5,6.870087104771231e-4,0.007972481348553922,0.001588747927507833,1.0021193062537546,NA,NA,,369.80911416507115,0.07718078727356771
Flavobacterium_B,R5,M1,TRUE,4,-1107.8990548802274,-1095.1296704222248,4.3127114702631246e-5,6.884216276320436e-4,0.007957131718735052,0.001594732500874415,1.0015973955085515,0.355167181843618,NA,,369.21308414480916,0.07846703180384047
Flavobacterium_B,R5,M2o,TRUE,4,-1107.2511332675367,-1094.481748809534,4.3422256760342004e-5,6.907732310295868e-4,0.007972175264251658,0.0015887754140173364,1.0021198774580524,1e-6,NA,Km@lower,369.81509487976393,0.07702195002231672
Flavobacterium_B,R5,M2g,TRUE,4,-1107.2395463941532,-1094.4701619361506,4.342755316955135e-5,6.908153581139166e-4,0.007988660783940676,0.0015885563386373897,1.0021175077402253,743.3688612911293,NA,,369.4864978273267,0.07750377267664858
Flavobacterium_B,R5,M3o,TRUE,5,-1105.8990202357281,-1090.575758886125,4.312713043018458e-5,6.9223575327569e-4,0.007956774769431425,0.0015947894366368234,1.0015954550328927,1e-6,0.3569047297353104,Km@lower,369.2161611729944,0.07853955640531246
Flavobacterium_B,R5,M3g,TRUE,5,-1105.8853345593539,-1090.5620732097507,4.313334376140371e-5,6.922856167267293e-4,0.007970984160179464,0.0015945191494920218,1.0016009544747244,869.3918080009864,0.35179667304455264,,368.94603795425303,0.07876187122561966
Herbaspirillum,R1,M0,TRUE,3,-1246.4768203802598,-1235.5672691054106,9.982878096262265e-5,9.526459848167517e-4,0.01838774087987666,0.0010426551598049138,1.0009903114353307,NA,NA,,49.18300012289012,0.021220180354717455
Herbaspirillum,R1,M1,TRUE,4,-1244.476625082086,-1230.8396859885243,9.982895349709541e-5,9.570067704509455e-4,0.018386935718837056,0.0010427173908489403,1.0009924488884197,4.3225294264059605e-5,NA,,49.18589081172729,0.021506858302065418
Herbaspirillum,R1,M2o,TRUE,4,-1244.476777681717,-1230.8398385881553,9.982881868425325e-5,9.570061242614298e-4,0.01838743863830831,0.0010426782011081959,1.0009911481106637,1.2345548676916798e-6,NA,Km@lower,49.18401026305502,0.020897866396706318
Herbaspirillum,R1,M2g,TRUE,4,-1244.4631845728086,-1230.8262454792468,9.984082811456917e-5,9.570636865609634e-4,0.01839342028256017,0.001042504157091773,1.000987776566709,11687.879942622956,NA,,49.1614798155381,0.021848123442074034
Herbaspirillum,R1,M3o,TRUE,5,-1242.4371630454846,-1226.0728361332106,9.986382200831676e-5,9.615950387743926e-4,0.01840565642165598,0.0010456133235429005,1.0009817937011583,0.0033699637565831582,5.343454877789828e-5,,49.1133075532018,0.02487185269493094
Herbaspirillum,R1,M3g,TRUE,5,-1242.3537185325988,-1225.9893916203248,9.993759338452789e-5,9.619501478214849e-4,0.01843587376338809,0.0010412026792526964,1.0009608095782687,1492.5221018251407,0,tlag@lower,49.001568589076484,0.02516403625819549
Herbaspirillum,R2,M0,TRUE,3,-1287.4224097076747,-1276.3059157352286,1.3043230833127605e-4,0.0010603850485232664,0.022541984305366695,8.54084712343128e-4,1.0006729992155412,NA,NA,,53.30716425635026,0.046505009055270774
Herbaspirillum,R2,M1,TRUE,4,-1285.0899516533366,-1271.1943341877788,1.3079721506487174e-4,0.0010664741382333768,0.022534452601196006,8.761307732145537e-4,0.9997611143169628,1.1016592394220073,NA,,53.24139966145677,0.05004881144402893
Herbaspirillum,R2,M2o,TRUE,4,-1285.4223794130978,-1271.52676194754,1.304323415362515e-4,0.0010649855746573632,0.022541901446118753,8.540901782572175e-4,1.0006733510200383,1e-6,NA,Km@lower,53.30743133853252,0.04599980128065002
Herbaspirillum,R2,M2g,TRUE,4,-1285.420954494424,-1271.5253370288663,1.3043390335635126e-4,0.0010649919508017981,0.022543831310256248,8.540298415116501e-4,1.0006718019468248,70038.13894563835,NA,,53.29867954620074,0.0467985575579886
Herbaspirillum,R2,M3o,TRUE,5,-1283.085945142753,-1266.4112041840838,1.308016188400677e-4,0.0010711594752435805,0.022533574158569648,8.772899135562977e-4,0.9997165609564486,1e-6,1.157065554751026,Km@lower,53.240147038513875,0.050077516570460195
Herbaspirillum,R2,M3g,TRUE,5,-1283.0688873091522,-1266.394146350483,1.3082036969863553e-4,0.001071236249675864,0.022544724219626083,8.756827871750331e-4,0.999761019748643,12243.297553807417,1.0943755053551327,,53.194941037739184,0.05164960948951265
Herbaspirillum,R3,M0,TRUE,3,-1299.6242963207158,-1288.6445678072628,7.762733070246555e-5,8.325269767318652e-4,0.02231892948367655,7.838853468847181e-4,1.001062751357822,NA,NA,,45.43491378171252,-0.03291756471059131
Herbaspirillum,R3,M1,TRUE,4,-1296.7994719666947,-1283.0748113248785,7.818610533629618e-5,8.392730946205887e-4,0.022310593032874783,8.031896526929415e-4,1.0002594760917531,1.058998622487731,NA,,45.37405778512806,-0.02881434495070368
Herbaspirillum,R3,M2o,TRUE,4,-1297.7622436091867,-1284.0375829673706,7.753426931363741e-5,8.357672706881326e-4,0.022387124742029866,7.904828570374731e-4,1.0010191932718722,0.011059306805190376,NA,,45.17424426071325,-0.01754699020863778
Herbaspirillum,R3,M2g,TRUE,4,-1297.962257977005,-1284.2375973351889,7.739953462217607e-5,8.350407802642269e-4,0.02247389364533576,7.800184340928607e-4,1.0009858163171705,758.0365396045536,NA,,44.85777260119797,-0.008614913997905458
Herbaspirillum,R3,M3o,TRUE,5,-1294.8513786141002,-1278.3817858439206,7.815082305072888e-5,8.428890957497901e-4,0.022353987735941227,8.067703870827308e-4,1.0002595158933967,0.006912411462971252,1.0234319860638608,,45.21152513854622,-0.01946011894087201
Herbaspirillum,R3,M3g,TRUE,5,-1295.9616136539657,-1279.4920208837862,7.739996827820304e-5,8.388301826093236e-4,0.022480500117645862,7.798212051734214e-4,1.0009806128940983,731.6209047028584,0,tlag@lower,44.83352962864619,-0.008207563753034549
Herbaspirillum,R4,M0,TRUE,3,-1290.3301808556416,-1279.0814434341519,1.8759547602419346e-4,0.0012503182129101956,0.02169290408519785,8.99942686361268e-4,1.0008897917035782,NA,NA,,44.8298523664645,-0.04453963987454306
Herbaspirillum,R4,M1,TRUE,4,-1288.3148000572105,-1274.2538782803483,1.8761893576902584e-4,0.0012556391648657487,0.021699581477586934,8.994456073128754e-4,1.000865948228952,0,NA,tlag@lower,44.805090811432585,-0.046821825337728405
Herbaspirillum,R4,M2o,TRUE,4,-1288.3301060037425,-1274.2691842268803,1.8759559018583524e-4,0.0012555610423127205,0.021692639646085695,8.999632155592777e-4,1.0008910371980988,1e-6,NA,Km@lower,44.83081040842006,-0.04478614634419715
Herbaspirillum,R4,M2g,TRUE,4,-1288.3239454766322,-1274.26302369977,1.8760498625625173e-4,0.0012555924854618771,0.02169614137002492,8.998393361485828e-4,1.0008874863309976,37713.37182145728,NA,,44.8169144625377,-0.044094166990222686
Herbaspirillum,R4,M3o,TRUE,5,-1285.9851779451287,-1269.1120718128943,1.8812240153763386e-4,0.0012626391567464711,0.021688253510536364,9.059512978754817e-4,1.0006501662185427,1e-6,0.2884522328106592,Km@lower,44.82616416660639,-0.04283062500988292
Herbaspirillum,R4,M3g,TRUE,5,-1285.678010431539,-1268.8049042993046,1.8859278612050654e-4,0.0012642167338608457,0.02185044914234309,8.950507097503549e-4,1.0007875588409314,771.1400047384045,0,tlag@lower,44.20380786877381,-0.019803397507460643
Herbaspirillum,R5,M0,TRUE,3,-1362.4293469736658,-1351.1160920244565,1.2678749953922753e-4,0.001019432096562525,0.01984617204888009,9.225470256429326e-4,1.0008987626805868,NA,NA,,41.815212164519195,-0.00397502947380184
Herbaspirillum,R5,M1,TRUE,4,-1360.4291877101248,-1346.2876190236132,1.267876610803396e-4,0.0010236366102064113,0.019845634880517028,9.225893958881423e-4,1.0009005999325586,4.959359562065494e-5,NA,,41.817087632959236,-0.003662532084411546
Herbaspirillum,R5,M2o,TRUE,4,-1360.4291104143185,-1346.287541727807,1.2678773948159966e-4,0.0010236369266977284,0.01984678972878503,9.224999059625014e-4,1.0008967475633717,1e-6,NA,Km@lower,41.813018633952225,-0.004688192472893453
Herbaspirillum,R5,M2g,TRUE,4,-1360.417349556287,-1346.2757808697754,1.2679966910363462e-4,0.0010236850832247265,0.019851948413683755,9.223687931817332e-4,1.0008950317874448,16706.652141253166,NA,,41.79372131704471,-0.0030111744672501
Herbaspirillum,R5,M3o,TRUE,5,-1358.2656432697217,-1341.295760845908,1.2695365298152244e-4,0.0010285655585228165,0.019843117386334597,9.278635311449167e-4,1.0006582095387375,1e-6,0.2761190326561673,Km@lower,41.80487705339956,-0.0030120352499878674
Herbaspirillum,R5,M3g,TRUE,5,-1358.1451897053776,-1341.1753072815638,1.270760481038313e-4,0.0010290612554809007,0.019932003140765042,9.197812162858565e-4,1.00083595543636,1167.761004977739,0,tlag@lower,41.497523410121126,0.008770431968587967
Pseudomonas,R1,M0,TRUE,3,-1245.2096567736721,-1234.0264945912852,2.2504928793784542e-4,0.0013810131626474347,0.02476961577599536,7.058706372483028e-4,1.0018222387396714,NA,NA,,183.84914615560908,-0.07854323641318228
Pseudomonas,R1,M1,TRUE,4,-1244.7603874458587,-1230.781434717875,2.2218346949983106e-4,0.0013780435453276028,0.02474499755834908,7.558708680794233e-4,1.0000000089423329,2.675572724133367,NA,,183.57757581601388,-0.0686750683356102
Pseudomonas,R1,M2o,TRUE,4,-1245.2510949358232,-1231.2721422078396,2.2128424375518772e-4,0.0013752520942336035,0.025044869158213703,7.18594176060007e-4,1.0015811389060927,0.03131836309694901,NA,,179.2054968495153,-0.024649579798397412
Pseudomonas,R1,M2g,TRUE,4,-1245.1500624715054,-1231.1711097435218,2.2146908862153442e-4,0.0013758263674412,0.025191137622275303,6.943559377189434e-4,1.0015425195356038,445.0390979331367,NA,,176.98913934316178,-0.0226945922347143
Pseudomonas,R1,M3o,TRUE,5,-1243.9217061669256,-1227.146962893345,2.2006122528107322e-4,0.001377345101376236,0.024993015984078916,7.544343556384898e-4,1.0002615288379086,0.026905126410633733,1.996245956280552,,179.57752065966594,-0.026000100561990074
Pseudomonas,R1,M3g,TRUE,5,-1243.7485657073623,-1226.9738224337818,2.2037633912114788e-4,0.001378330884405645,0.025109984299270905,7.322063961205848e-4,1.0002613537242062,500.26717151580897,1.9622480951840051,,177.81926392683445,-0.025817318556784416
Pseudomonas,R2,M0,TRUE,3,-1230.383891727259,-1219.267397754813,2.1064403253902783e-4,0.0013475521630842342,0.02125353060972634,0.00104179913355233,1.000660928089658,NA,NA,,144.2555515470347,-0.0386990428325979
Pseudomonas,R2,M1,TRUE,4,-1228.3815172635782,-1214.4858997980205,2.1064823566167406e-4,0.0013534119063915403,0.02125065848596949,0.0010420339025424379,1.000671455714966,0,NA,tlag@lower,144.28805947400784,-0.038485357124922744
Pseudomonas,R2,M2o,TRUE,4,-1228.3838368040047,-1214.488219338447,2.1064412975968695e-4,0.001353398716146444,0.021253560679906764,0.0010418014768762318,1.0006609993832674,2.9592522585035518e-6,NA,,144.25525508322283,-0.0386115998453443
Pseudomonas,R2,M2g,TRUE,4,-1228.4490522033643,-1214.5534347378066,2.1052872238546587e-4,0.0013530279163721315,0.021332729351703952,0.001039116583032925,1.000606351221004,1364.9599407779501,NA,,143.28672010015393,-0.028068090376336546
Pseudomonas,R2,M3o,TRUE,5,-1226.3661225209664,-1209.6913815622972,2.1067548847797816e-4,0.0013594228925113843,0.021261371161792778,0.0010411539061081826,1.000632399996577,1e-6,0,"Km@lower,tlag@lower",144.1659986694059,-0.040965078068525534
Pseudomonas,R2,M3g,TRUE,5,-1225.2332381395897,-1208.5584971809205,2.1269070412851675e-4,0.0013659091957197965,0.021671083160884286,0.0010279341716296448,1.000387656089353,262.9976464847029,8.89604560788057e-5,,139.20861819441612,0.01901492622154084
Pseudomonas,R3,M0,TRUE,3,-1125.473244228259,-1114.5992487430788,2.639700208689e-4,0.001556195139024619,0.02530935956809623,0.00105711326126181,1.0007266278238829,NA,NA,,157.8287391333925,-0.0658932720161171
Pseudomonas,R3,M1,TRUE,4,-1122.7306504596893,-1109.1381561032138,2.657260367198372e-4,0.001568574596863158,0.02529934297300106,0.0010918640143702779,0.9994529899060655,1.2455363869830045,NA,,157.63600576969364,-0.061693694746143335
Pseudomonas,R3,M2o,TRUE,4,-1123.4725396126773,-1109.8800452562018,2.6397168156510427e-4,0.0015633880633783566,0.025307966779120408,0.001057217637679886,1.0007308131483825,1e-6,NA,Km@lower,157.84406750068845,-0.067144224721089385
Pseudomonas,R3,M2g,TRUE,4,-1123.4523275560018,-1109.8598331995263,2.6401932345835786e-4,0.0015635291379936496,0.02531709124006221,0.0010568338314246011,1.000720698141077,21038.357768010166,NA,,157.72845223785498,-0.06483097040476023
Pseudomonas,R3,M3o,TRUE,5,-1120.7216244555718,-1104.4106312278013,2.6574745226402104e-4,0.0015759508397143796,0.02529352575131645,0.0010917821037214207,0.9994926475761903,1e-6,1.2258948341065983,Km@lower,157.70844640365016,-0.06211757576148886
Pseudomonas,R3,M3g,TRUE,5,-1120.7204677557509,-1104.4094745279804,2.6575019683203703e-4,0.0015759589776909906,0.025300396806173735,0.0010933953129848618,0.9993970813639799,78345.629082609,1.3004926595561546,,157.60787974688333,-0.06083848361630814
Pseudomonas,R4,M0,TRUE,3,-1217.8629517148895,-1206.7129847437614,2.571348451806934e-4,0.0014824755375698803,0.01897503526471538,0.00161190660070288,1.00077782152795,NA,NA,,154.5231343842668,0.03920245610450721
Pseudomonas,R4,M1,TRUE,4,-1215.851673281657,-1201.9142145677467,2.5715901363462774e-4,0.001488921773826408,0.018970036149909577,0.0016125337216051853,1.0008041217979464,0,NA,tlag@lower,154.5832524378934,0.03931208720430619
Pseudomonas,R4,M2o,TRUE,4,-1215.8625758911226,-1201.9251171772123,2.57135650493505e-4,0.0014888541373100953,0.018974381842774914,0.0016119831741180492,1.0007798913181931,1e-6,NA,Km@lower,154.53019908240424,0.038553845968649296
Pseudomonas,R4,M2g,TRUE,4,-1215.8411450300675,-1201.9036863161573,2.571815765810146e-4,0.0014889870908550162,0.01897834850105244,0.0016117486468564077,1.000774839028311,23902.38558276278,NA,,154.48028908962522,0.03970367836226237
Pseudomonas,R4,M3o,TRUE,5,-1213.6756541554278,-1196.9507036987354,2.575364979595492e-4,0.0014964784690545687,0.01899539839088454,0.001609341180120746,1.0006717862085976,1.150008854319071e-6,0,"Km@lower,tlag@lower",154.27688713005347,0.03471723218380055
Pseudomonas,R4,M3g,TRUE,5,-1211.5069939375392,-1194.7820434808468,2.622330515699902e-4,0.0015100620533462976,0.019222914552274643,0.001598679418891217,1.0004772123114563,352.2104874197702,0,tlag@lower,151.36005383693637,0.067047520043793
Pseudomonas,R5,M0,TRUE,3,-1014.1560287755086,-1003.7353480315562,2.1298961098209187e-4,0.0014818128037584202,0.02272200698265882,0.00175463182406578,1.0014656262946058,NA,NA,,147.42141426065126,-0.036312589640246314
Pseudomonas,R5,M1,TRUE,4,-1012.1539306066098,-999.1280796766694,2.12994079910749e-4,0.001489526210713875,0.0227188794397009,0.0017549866056159184,1.0014779607431201,0,NA,tlag@lower,147.45122245012874,-0.03622637623026568
Pseudomonas,R5,M2o,TRUE,4,-1016.1575554169447,-1003.1317044870042,2.046350448135216e-4,0.0014600051541487275,0.023106824395257915,0.0017741224167051003,1.001054172755331,0.024670333993178868,NA,,143.33378522564334,0.049823030802026325
Pseudomonas,R5,M2g,TRUE,4,-1014.9852527442858,-1001.9594018143454,2.0704810345316868e-4,0.0014685881238921871,0.02337571864579805,0.0017265438310046601,1.0010241532033677,151.1385583837591,NA,,140.85369399550913,0.038467321914250945
Pseudomonas,R5,M3o,TRUE,5,-1014.0741323860809,-998.4431112701524,2.0480582879679756e-4,0.0014682815906494145,0.023149250402863364,0.001773486192921222,1.0009612202936842,0.026351198551436406,0,tlag@lower,142.90805328841736,0.04995502679600317
Pseudomonas,R5,M3g,TRUE,5,-1012.8583172377216,-997.2272961217931,2.073110878871187e-4,0.0014772345710005383,0.02350605790280286,0.0017213197226084952,1.0009527191877388,126.31581998909222,0,tlag@lower,139.57208383671218,0.054129752823161466
Serratia,R1,M0,TRUE,3,-1145.7847643148257,-1134.8752130399764,2.4335874470419067e-4,0.001487397803072047,0.02082821024253651,0.00170691110656803,1.002512716937643,NA,NA,,157.07274636880408,-0.003827525015319925
Serratia,R1,M1,TRUE,4,-1142.9210074984585,-1129.2840684048967,2.45226073963829e-4,0.001499926829909046,0.020815772354250427,0.0017512735185791167,1.0005711048379253,1.1838517928000725,NA,,156.81020060175464,0.0018288694793461336
Serratia,R1,M2o,TRUE,4,-1144.228235707377,-1130.5912966138153,2.4240554872557887e-4,0.001491276002874193,0.020907133928843084,0.0017077673517497385,1.0023919604643012,0.003862330129359212,NA,,156.02178813743913,0.022618180575236978
Serratia,R1,M2g,TRUE,4,-1144.792420597098,-1131.1554815035363,2.4119828585257135e-4,0.0014875578343627684,0.021105645617850163,0.0016933061721065886,1.002264430152588,339.0976829048262,NA,,153.64839141186,0.03875060173484496
Serratia,R1,M3o,TRUE,5,-1141.1512993639137,-1124.7869724516397,2.4472681676852273e-4,0.0015053202463771581,0.02087476811643689,0.0017499583843991321,1.0005710927557148,0.002832577625691628,1.130999759401087,,156.04563895744934,0.020730908443293148
Serratia,R1,M3g,TRUE,5,-1141.5025060614184,-1125.1381791491444,2.439673807639054e-4,0.0015029827774447118,0.021036544911073693,0.0017361019071129452,1.000570382632944,418.41930097734854,1.0683491447271174,,154.12704179007676,0.03419923214859819
Serratia,R2,M0,TRUE,3,-1146.8616670893794,-1136.0962755604628,1.5979954848482526e-4,0.0012278203900547508,0.02748035206803947,7.793635592569263e-4,1.0007605092334608,NA,NA,,225.40046770494706,-0.014094994586607304
Serratia,R2,M1,TRUE,4,-1146.666171209634,-1133.2094317984884,1.5717583143991747e-4,0.001223483829227083,0.02746820409877254,8.106016492666232e-4,0.9997099551633775,1.3947058795567753,NA,,225.14542224843254,-0.009232623919678109
Serratia,R2,M2o,TRUE,4,-1144.8614682557236,-1131.404728844578,1.597998399853517e-4,0.0012336544240409185,0.02748105191473838,7.793229969861135e-4,1.0007587809001095,1e-6,NA,Km@lower,225.38841792261158,-0.014743086675915498
Serratia,R2,M2g,TRUE,4,-1144.8399517067419,-1131.3832122955962,1.5983138751260074e-4,0.0012337761914529707,0.027487431421080764,7.791710103191478e-4,1.000756339624273,28273.32995796714,NA,,225.27120415828,-0.01311362415570231
Serratia,R2,M3o,TRUE,5,-1143.7650931383332,-1127.6170058449584,1.5848055358118638e-4,0.0012344437924596554,0.027446783784333347,8.301554091720156e-4,0.9991306185311496,1e-6,2.202645153287354,Km@lower,225.2389016453803,-6.303578601308024e-4
Serratia,R2,M3g,TRUE,5,-1144.6473352088044,-1128.4992479154296,1.5720299492532814e-4,0.0012294581159589724,0.027472540582340478,8.107294116325175e-4,0.9996990399140588,44122.12978223787,1.4056798240292103,,225.0628471824483,-0.008509668115668794
Serratia,R3,M0,TRUE,3,-1152.9955156149763,-1142.121520129796,2.0645881995918155e-4,0.0013762694555589097,0.025557680048971736,0.0013770802659286295,1.003262081707571,NA,NA,,178.85530750820146,0.017131059862851523
Serratia,R3,M1,TRUE,4,-1154.2642469730342,-1140.6717526165587,2.0052037690257015e-4,0.0013625968429822812,0.02552792870185362,0.0014702826566913038,1.0000000004714753,2.468326522301921,NA,,178.57070094840884,0.036308986886792
Serratia,R3,M2o,TRUE,4,-1150.986362742603,-1137.3938683861275,2.064756928917378e-4,0.0013826828888866003,0.02555360293702526,0.0013774928384456958,1.003278574895493,1e-6,NA,Km@lower,178.9084818838005,0.016669619677395796
Serratia,R3,M2g,TRUE,4,-1150.995804477477,-1137.4033101210014,2.064582874758414e-4,0.0013826246091985686,0.025577196451572203,0.001376154437175031,1.003242297720945,8601.314773264921,NA,,178.56794685722386,0.02106617739564019
Serratia,R3,M3o,TRUE,5,-1151.4047533847993,-1135.0937601570288,2.0206509983946726e-4,0.0013742120931662502,0.02549138746493585,0.0014876776486166129,0.9996620267611623,1e-6,2.8234040201438604,Km@lower,178.95977730243652,0.04719510582829552
Serratia,R3,M3g,TRUE,5,-1152.239734475671,-1135.9287412479005,2.0056426791265633e-4,0.0013690991236571066,0.025531806180170258,0.0014700095207775706,0.9999994872214854,40973.525078675986,2.4660561822318554,,178.51444792116058,0.03705499325734183
Serratia,R4,M0,TRUE,3,-998.7836975717596,-988.5263048058882,1.5674989348379826e-4,0.001298261424225583,0.02752262081406668,0.0011740583615552501,1.0011778092513277,NA,NA,,193.5164263319636,0.039576981419080885
Serratia,R4,M1,TRUE,4,-996.7830661894723,-983.961325232133,1.5675092441537925e-4,0.0013053024154652208,0.027520583291266058,0.0011742103730941356,1.001183489208495,0,NA,tlag@lower,193.54148192607175,0.03964632599026125
Serratia,R4,M2o,TRUE,4,-996.738187410763,-983.9164464534238,1.5682422060957706e-4,0.001305607557263039,0.027539828885136296,0.0011727590229042456,1.0011298473189982,1e-6,NA,Km@lower,193.3019827957716,0.034867309121856135
Serratia,R4,M2g,TRUE,4,-996.760979094084,-983.9392381367447,1.5678699286254683e-4,0.001305452582117833,0.027525129562550033,0.001173979740081568,1.0011765360411657,59323.13416802146,NA,,193.48280740201355,0.03985261177794917
Serratia,R4,M3o,TRUE,5,-994.7658116651039,-979.3797225162969,1.5677910051663336e-4,0.001312572763097171,0.027526157166666187,0.0011744066496479372,1.001143790422929,1e-6,0.019417735307454408,Km@lower,193.4619556942545,0.03657611234554466
Serratia,R4,M3g,TRUE,5,-993.4543739874655,-978.0682848386584,1.589355256065594e-4,0.0013215688545946892,0.027657019290640152,0.0011699004565307867,1.0011123634990267,1108.139229432739,0,tlag@lower,191.72232624107647,0.05510037767345605
Serratia,R5,M0,TRUE,3,-1091.4031525513594,-1080.7873111507292,1.7435398460834045e-4,0.0013074221928198433,0.028455162811649948,7.613613799133667e-4,1.001442578453421,NA,NA,,186.0992937214274,-0.03129660952604179
Serratia,R5,M1,TRUE,4,-1089.516948346976,-1076.2471465961885,1.741651274380502e-4,0.0013131668600588932,0.028439386161498922,7.968967188800803e-4,1.0002958543886387,1.560425217674988,NA,,185.8670300303173,-0.02581171022196502
Serratia,R5,M2o,TRUE,4,-1091.4906893236503,-1078.2208875728627,1.70921831172942e-4,0.001300882530495333,0.02882222175020873,7.815256687696239e-4,1.0011906703289022,0.04170543371116824,NA,,180.7036639700326,0.03004979639262392
Serratia,R5,M2g,TRUE,4,-1092.2202514884082,-1078.9504497376206,1.6973834652147051e-4,0.0012963709686395293,0.029096807387375013,7.450733238275003e-4,1.0011017892586798,336.1039258665842,NA,,177.00016335562515,0.04318999178190493
Serratia,R5,M3o,TRUE,5,-1089.2067874897252,-1073.28302538878,1.7138459957412436e-4,0.0013091394103537039,0.028780575060079888,8.092284144739281e-4,1.0002958892100933,0.03805728743092741,1.2594867173301632,,180.9474069661223,0.028806700996953614
Serratia,R5,M3g,TRUE,5,-1089.827355066288,-1073.9035929653428,1.7037467525219958e-4,0.0013052765042403834,0.029043041108655823,7.719477213627822e-4,1.0002960090527833,347.88767469393457,1.1462135370935516,,177.43121703417498,0.04120727074473996
Yersinia,R1,M0,TRUE,3,-1034.934147794358,-1024.5134670504058,1.7302951720040796e-4,0.0013355932972556835,0.04615722602419903,3.938695026567253e-4,1.002035507705755,NA,NA,,152.94318426145435,-0.09190027649406325
Yersinia,R1,M1,TRUE,4,-1039.741023559423,-1026.7151726294826,1.6164352407142932e-4,0.001297608072214946,0.046089860230643105,5.262906875326008e-4,0.9995384252451378,6.171024995924371,NA,,153.24015081969443,-0.05703585368933139
Yersinia,R1,M2o,TRUE,4,-1032.967274502838,-1019.9414235728976,1.7297220770955872e-4,0.001342309141110163,0.04617967778737742,3.9364809090988186e-4,1.0020148886612887,6.729475359255079e-4,NA,,152.64557029919771,-0.0876777076918941
Yersinia,R1,M2g,TRUE,4,-1033.0545243929296,-1020.0286734629891,1.7282135546722104e-4,0.0013417236871962695,0.04624111658263791,3.923444916678692e-4,1.0019805791955503,16166.825626448537,NA,,151.89880903325542,-0.08032374877854158
Yersinia,R1,M3o,TRUE,5,-1037.159583423193,-1021.5285623072645,1.6258612206396982e-4,0.0013082174375199488,0.046035831740217026,5.379958045203933e-4,0.9994655218389216,1e-6,6.567623673251024,Km@lower,153.822993928577,-0.025593408346290685
Yersinia,R1,M3g,TRUE,5,-1037.6938803165176,-1022.0628592005891,1.6171974603596464e-4,0.0013047272190646016,0.046099357235156804,5.258366938670184e-4,0.9995376068514191,109280.88490010446,6.1607982976388715,,153.1226571688816,-0.05585373552790147
Yersinia,R2,M0,TRUE,3,-1248.6512665000614,-1237.5347725276154,1.806682195799104e-4,0.001247992248193454,0.0381862786006876,3.4727316928298985e-4,1.0007085882763294,NA,NA,,90.90429027363751,-0.038542246293019784
Yersinia,R2,M1,TRUE,4,-1247.8832791920827,-1233.987661726525,1.7880740204835312e-4,0.0012469350321221652,0.038180867072249186,3.756946904743744e-4,0.9999999946790954,2.0468368603581624,NA,,90.86855674595346,-0.034874576261053475
Yersinia,R2,M2o,TRUE,4,-1246.5909666276696,-1232.6953491621118,1.807597912709474e-4,0.0012537241610183962,0.03817386487976717,3.476550714730549e-4,1.0007436939588674,1e-6,NA,Km@lower,91.0040713819475,-0.02898746560518612
Yersinia,R2,M2g,TRUE,4,-1246.6766545082214,-1232.7810370426637,1.8062967910106542e-4,0.0012532728600541843,0.03822219246890637,3.4659435903200203e-4,1.0006801722207679,29332.552528103533,NA,,90.58773459703221,-0.03242705888714265
Yersinia,R2,M3o,TRUE,5,-1245.8828027964014,-1229.2080618377322,1.7880811787393807e-4,0.0012523946111558002,0.03818017089231179,3.7590826827873754e-4,0.9999964559415563,1e-6,2.060208770508829,Km@lower,90.87318315429772,-0.03528112338775982
Yersinia,R2,M3g,TRUE,5,-1242.4703301273537,-1225.7955891686845,1.8400988971297314e-4,0.001270480948140303,0.03852559024050478,3.682937427747109e-4,0.9997595887082485,2893.730876152691,2.000031563356895,,87.87676744884891,0.024423903050770124
Yersinia,R3,M0,TRUE,3,-1152.081439266275,-1141.2433184610256,1.8791308748666844e-4,0.0013190663346651411,0.03873777039055091,4.6681106987881e-4,1.0015960130179675,NA,NA,,112.14871100647838,0.06264018023306053
Yersinia,R3,M1,TRUE,4,-1150.9593295801276,-1137.411678573566,1.864327591992327e-4,0.0013199856951902349,0.038695936654707025,5.716152064852238e-4,0.9991834514637754,5.138800008744416,NA,,112.20755317897456,0.09010175012882564
Yersinia,R3,M2o,TRUE,4,-1149.7012255430664,-1136.1535745365047,1.885578590195357e-4,0.0013274874694289916,0.038703822255506996,4.6809278328441875e-4,1.001692380263714,1e-6,NA,Km@lower,112.4563899976459,0.07885617594707296
Yersinia,R3,M2g,TRUE,4,-1150.0561645453167,-1136.508513538755,1.8795588020393988e-4,0.0013253667459430898,0.03873947945155277,4.6677218491713034e-4,1.0015946531671778,504281.95387872774,NA,,112.13159422574076,0.06296924441106119
Yersinia,R3,M3o,TRUE,5,-1146.9049734133935,-1130.6477922055194,1.8991533105258256e-4,0.0013385268269757607,0.03861354946855192,5.810449224534526e-4,0.9992674677001542,1e-6,5.399553260772542,Km@lower,112.94077722914922,0.13822084505633433
Yersinia,R3,M3g,TRUE,5,-1137.778554148995,-1121.521372941121,2.0619005492324803e-4,0.001394700396998987,0.03918224620917352,5.141161490312907e-4,0.9998679725685032,1700.055948945572,2.9999998913307087,,107.57886730507533,0.14741050888329627
Yersinia,R4,M0,TRUE,3,-1173.2912079421612,-1162.417212456981,1.7224010019873792e-4,0.0012570538594240935,0.036733334945724186,5.230006158582802e-4,1.0001620342119366,NA,NA,,94.44959023722862,0.0581540307328835
Yersinia,R4,M1,TRUE,4,-1171.2905213989577,-1157.6980270424822,1.7224115600795767e-4,0.0012628640142914045,0.03673199348771559,5.230579794841942e-4,1.0001663584601208,0,NA,tlag@lower,94.45994963413527,0.05906761959265931
Yersinia,R4,M2o,TRUE,4,-1171.3942318406766,-1157.801737484201,1.720817369152462e-4,0.001262279452372536,0.03676243803872664,5.226276841972792e-4,1.0001270713707675,9.833738496750147e-4,NA,,94.18633159233165,0.06605338681837732
Yersinia,R4,M2g,TRUE,4,-1171.4124169295062,-1157.8199225730307,1.7205379881134932e-4,0.0012621769803536729,0.03679889868682621,5.213770681558275e-4,1.0001078152658538,10567.78127209744,NA,,93.89698300367432,0.07014186189907748
Yersinia,R4,M3o,TRUE,5,-1169.3932104235603,-1153.0822171957898,1.7208330627268342e-4,0.0012681700196780104,0.03675964428282812,5.227069360892705e-4,1.0001333580789646,9.370923089584005e-4,1.0589081339218757e-5,,94.2097804631582,0.06702796673231377
Yersinia,R4,M3g,TRUE,5,-1168.7003251154392,-1152.3893318876687,1.7315119534010983e-4,0.0012720988446140167,0.03696091609861994,5.17447123524173e-4,0.9999758549511433,3065.70377328012,0.002197365328907439,,92.54350300944935,0.10047331980827863
Yersinia,R5,M0,TRUE,3,-1131.5201614640239,-1120.6820406587744,2.2615402468412294e-4,0.0014470724747141079,0.03601391928722333,6.020573165550171e-4,1.0006216242567905,NA,NA,,114.95490846611035,1.3061783918976079e-4
Yersinia,R5,M1,TRUE,4,-1130.441133678306,-1116.8934826717443,2.2428537696651487e-4,0.001447800061603343,0.03600511822056487,6.475084773845638e-4,0.9994308292933702,1.9999989003334933,NA,,114.87657243464325,0.005499481415596941
Yersinia,R5,M2o,TRUE,4,-1130.1179218331688,-1116.5702708266072,2.249394070057974e-4,0.0014499094622259393,0.03608614875444224,6.00830166585997e-4,1.0005267228405978,0.002129127503804043,NA,,114.16416856854757,0.020356221811360403
Yersinia,R5,M2g,TRUE,4,-1129.7853130999572,-1116.2376620933956,2.256144431915096e-4,0.001452083399137767,0.036123824507173406,5.99025942418371e-4,1.0005254959618437,5601.70953342827,NA,,113.84652456304313,0.019454986805787295
Yersinia,R5,M3o,TRUE,5,-1128.2605873099703,-1112.0034061020963,2.2465048381971616e-4,0.0014557967533204812,0.03608028849291114,6.208580469101997e-4,0.9999999936049849,0.002037083393291351,0.8997544261789252,,114.15266696865555,0.021213584665502733
Yersinia,R5,M3g,TRUE,5,-1122.3859171030758,-1106.1287358952018,2.3686035450847496e-4,0.001494834989658179,0.036616160081937445,6.303450421171023e-4,0.9989388468965018,966.84787179674845,1.9999973354001037,,108.84631055558357,0.11170553373150148
