Taxon,Replicate,model,ds,de,is_base,r,K,Rpc,r0,K0,R0,dK_pct,dR_pct,dr_pct
Acinetobacter,R1,M0,-6,-6,FALSE,0.01939997963784156,0.0015648423966428031,499.8346361423182,0.01943645650227968,0.001561543060916622,446.0850015017324,0.2112868872309113,12.0491911764886,-0.18767240023326273
Acinetobacter,R1,M2g,-6,-6,FALSE,0.019427966935845212,0.0015637894957992587,500.7177319384905,0.01944847535925706,0.0015610400636098486,446.3634663225122,0.17612822716748153,12.177131355258716,-0.10545003159894531
Acinetobacter,R1,M0,-6,-3,FALSE,0.019421908716272248,0.0015629057414212237,500.70732000939825,0.01943645650227968,0.001561543060916622,446.0850015017324,0.08726499695767327,12.24482292024645,-0.07484793334488017
Acinetobacter,R1,M2g,-6,-3,FALSE,0.019433667318835484,0.0015624393156661372,501.0636829370228,0.01944847535925706,0.0015610400636098486,446.3634663225122,0.08963588372311855,12.254635681807331,-0.07613985234338211
Acinetobacter,R1,M0,-6,0,FALSE,0.01943645650227968,0.001561543060916622,501.2616695267871,0.01943645650227968,0.001561543060916622,446.0850015017324,0,12.369092849861358,0
Acinetobacter,R1,M2g,-6,0,FALSE,0.01944847535925706,0.0015610400636098486,501.6107493426984,0.01944847535925706,0.0015610400636098486,446.3634663225122,0,12.37719643037906,0
Acinetobacter,R1,M0,-6,3,FALSE,0.01943645650227968,0.001561543060916622,501.2616695267871,0.01943645650227968,0.001561543060916622,446.0850015017324,0,12.369092849861358,0
Acinetobacter,R1,M2g,-6,3,FALSE,0.01944847535925706,0.0015610400636098486,501.6107493426984,0.01944847535925706,0.0015610400636098486,446.3634663225122,0,12.37719643037906,0
Acinetobacter,R1,M0,-6,6,FALSE,0.01943645650227968,0.001561543060916622,501.2616695267871,0.01943645650227968,0.001561543060916622,446.0850015017324,0,12.369092849861358,0
Acinetobacter,R1,M2g,-6,6,FALSE,0.01944847535925706,0.0015610400636098486,501.6107493426984,0.01944847535925706,0.0015610400636098486,446.3634663225122,0,12.37719643037906,0
Acinetobacter,R1,M0,-3,-6,FALSE,0.01939997963784156,0.0015648423966428031,471.57463257674624,0.01943645650227968,0.001561543060916622,446.0850015017324,0.2112868872309113,5.714074893619767,-0.18767240023326273
Acinetobacter,R1,M2g,-3,-6,FALSE,0.019427966935845212,0.0015637894957992587,472.36813669080976,0.01944847535925706,0.0015610400636098486,446.3634663225122,0.17612822716748153,5.825895784559653,-0.10545003159894531
Acinetobacter,R1,M0,-3,-3,FALSE,0.019421908716272248,0.0015629057414212237,472.36689929262934,0.01943645650227968,0.001561543060916622,446.0850015017324,0.08726499695767327,5.891679321748028,-0.07484793334488017
Acinetobacter,R1,M2g,-3,-3,FALSE,0.019433667318835484,0.0015624393156661372,472.68641711428666,0.01944847535925706,0.0015610400636098486,446.3634663225122,0.08963588372311855,5.897200998245515,-0.07613985234338211
Acinetobacter,R1,M0,-3,0,FALSE,0.01943645650227968,0.001561543060916622,472.86923414789595,0.01943645650227968,0.001561543060916622,446.0850015017324,0,6.00428899335221,0
Acinetobacter,R1,M2g,-3,0,FALSE,0.01944847535925706,0.0015610400636098486,473.1814797952679,0.01944847535925706,0.0015610400636098486,446.3634663225122,0,6.00811121342507,0
Acinetobacter,R1,M0,-3,3,FALSE,0.01943645650227968,0.001561543060916622,472.86923414789595,0.01943645650227968,0.001561543060916622,446.0850015017324,0,6.00428899335221,0
Acinetobacter,R1,M2g,-3,3,FALSE,0.01944847535925706,0.0015610400636098486,473.1814797952679,0.01944847535925706,0.0015610400636098486,446.3634663225122,0,6.00811121342507,0
Acinetobacter,R1,M0,-3,6,FALSE,0.01943645650227968,0.001561543060916622,472.86923414789595,0.01943645650227968,0.001561543060916622,446.0850015017324,0,6.00428899335221,0
Acinetobacter,R1,M2g,-3,6,FALSE,0.01944847535925706,0.0015610400636098486,473.1814797952679,0.01944847535925706,0.0015610400636098486,446.3634663225122,0,6.00811121342507,0
Acinetobacter,R1,M0,0,-6,FALSE,0.01939997963784156,0.0015648423966428031,444.91241304569013,0.01943645650227968,0.001561543060916622,446.0850015017324,0.2112868872309113,-0.2628621119505873,-0.18767240023326273
Acinetobacter,R1,M2g,0,-6,FALSE,0.019427966935845212,0.0015637894957992587,445.6236364885867,0.01944847535925706,0.0015610400636098486,446.3634663225122,0.17612822716748153,-0.1657460544476783,-0.10545003159894531
Acinetobacter,R1,M0,0,-3,FALSE,0.019421908716272248,0.0015629057414212237,445.63056825920785,0.01943645650227968,0.001561543060916622,446.0850015017324,0.08726499695767327,-0.10187144624784689,-0.07484793334488017
Acinetobacter,R1,M2g,0,-3,FALSE,0.019433667318835484,0.0015624393156661372,445.91627079151954,0.01944847535925706,0.0015610400636098486,446.3634663225122,0.08963588372311855,-0.10018640967124558,-0.07613985234338211
Acinetobacter,R1,M0,0,0,TRUE,0.01943645650227968,0.001561543060916622,446.0850015017324,0.01943645650227968,0.001561543060916622,446.0850015017324,0,0,0
Acinetobacter,R1,M2g,0,0,TRUE,0.01944847535925706,0.0015610400636098486,446.3634663225122,0.01944847535925706,0.0015610400636098486,446.3634663225122,0,0,0
Acinetobacter,R1,M0,0,3,FALSE,0.01943645650227968,0.001561543060916622,446.0850015017324,0.01943645650227968,0.001561543060916622,446.0850015017324,0,0,0
Acinetobacter,R1,M2g,0,3,FALSE,0.01944847535925706,0.0015610400636098486,446.3634663225122,0.01944847535925706,0.0015610400636098486,446.3634663225122,0,0,0
Acinetobacter,R1,M0,0,6,FALSE,0.01943645650227968,0.001561543060916622,446.0850015017324,0.01943645650227968,0.001561543060916622,446.0850015017324,0,0,0
Acinetobacter,R1,M2g,0,6,FALSE,0.01944847535925706,0.0015610400636098486,446.3634663225122,0.01944847535925706,0.0015610400636098486,446.3634663225122,0,0,0
Acinetobacter,R1,M0,3,-6,FALSE,0.019411321615307457,0.0016572417938055155,445.1840061981556,0.01943645650227968,0.001561543060916622,446.0850015017324,6.128472232633693,-0.20197838989063008,-0.12931825803369232
Acinetobacter,R1,M2g,3,-6,FALSE,0.019466426937310884,0.0016551678016887706,446.57463057176363,0.01944847535925706,0.0015610400636098486,446.3634663225122,6.029809245334489,0.04730769097013874,0.092303266565714
Acinetobacter,R1,M0,3,-3,FALSE,0.019433012620337337,0.0016552843210033803,445.8849789560271,0.01943645650227968,0.001561543060916622,446.0850015017324,6.003117200734271,-0.044839558611455325,-0.017718671826525693
Acinetobacter,R1,M2g,3,-3,FALSE,0.019441650985094087,0.0016549400445331213,446.0932621441126,0.01944847535925706,0.0015610400636098486,446.3634663225122,6.015219154986475,-0.06053456404614209,-0.035089507207698295
Acinetobacter,R1,M0,3,0,FALSE,0.019447015788459907,0.001653939023728943,446.31574375911805,0.01943645650227968,0.001561543060916622,446.0850015017324,5.91696541228166,0.051726073866834754,0.05432721843607206
Acinetobacter,R1,M2g,3,0,FALSE,0.019459625063761782,0.0016534081147766596,446.60561782465976,0.01944847535925706,0.0015610400636098486,446.3634663225122,5.917083957039082,0.054249848031383475,0.05732945281704765
Acinetobacter,R1,M0,3,3,FALSE,0.019447015788459907,0.001653939023728943,446.31574375911805,0.01943645650227968,0.001561543060916622,446.0850015017324,5.91696541228166,0.051726073866834754,0.05432721843607206
Acinetobacter,R1,M2g,3,3,FALSE,0.019459625063761782,0.0016534081147766596,446.60561782465976,0.01944847535925706,0.0015610400636098486,446.3634663225122,5.917083957039082,0.054249848031383475,0.05732945281704765
Acinetobacter,R1,M0,3,6,FALSE,0.019447015788459907,0.001653939023728943,446.31574375911805,0.01943645650227968,0.001561543060916622,446.0850015017324,5.91696541228166,0.051726073866834754,0.05432721843607206
Acinetobacter,R1,M2g,3,6,FALSE,0.019459625063761782,0.0016534081147766596,446.60561782465976,0.01944847535925706,0.0015610400636098486,446.3634663225122,5.917083957039082,0.054249848031383475,0.05732945281704765
Acinetobacter,R1,M0,6,-6,FALSE,0.019396253315128537,0.0017584885251207794,444.8267833272409,0.01943645650227968,0.001561543060916622,446.0850015017324,12.612233958412316,-0.28205794192939637,-0.2068442215608023
Acinetobacter,R1,M2g,6,-6,FALSE,0.01941010376309465,0.0017579676792981254,445.1726491513988,0.01944847535925706,0.0015610400636098486,446.3634663225122,12.615154490839192,-0.26678195259219317,-0.19729873655183922
Acinetobacter,R1,M0,6,-3,FALSE,0.019420878149901424,0.0017562130701699696,445.60998935888085,0.01943645650227968,0.001561543060916622,446.0850015017324,12.466515597659964,-0.10648467024276206,-0.08015016716874333
Acinetobacter,R1,M2g,6,-3,FALSE,0.01942321783216579,0.0017561231460038592,445.66576300068203,0.01944847535925706,0.0015610400636098486,446.3634663225122,12.496993955612393,-0.15630833938502345,-0.1298689312386055
Acinetobacter,R1,M0,6,0,FALSE,0.019437055021683577,0.001754623019307459,446.10063500169537,0.01943645650227968,0.001561543060916622,446.0850015017324,12.364689980274981,0.0035046011209396736,0.003079364820566204
Acinetobacter,R1,M2g,6,0,FALSE,0.019444284155334182,0.0017543173419124268,446.26533413739594,0.01944847535925706,0.0015610400636098486,446.3634663225122,12.38131440750031,-0.021984815631245744,-0.021550295565375875
Acinetobacter,R1,M0,6,3,FALSE,0.019437055021683577,0.001754623019307459,446.10063500169537,0.01943645650227968,0.001561543060916622,446.0850015017324,12.364689980274981,0.0035046011209396736,0.003079364820566204
Acinetobacter,R1,M2g,6,3,FALSE,0.019444284155334182,0.0017543173419124268,446.26533413739594,0.01944847535925706,0.0015610400636098486,446.3634663225122,12.38131440750031,-0.021984815631245744,-0.021550295565375875
Acinetobacter,R1,M0,6,6,FALSE,0.019437055021683577,0.001754623019307459,446.10063500169537,0.01943645650227968,0.001561543060916622,446.0850015017324,12.364689980274981,0.0035046011209396736,0.003079364820566204
Acinetobacter,R1,M2g,6,6,FALSE,0.019444284155334182,0.0017543173419124268,446.26533413739594,0.01944847535925706,0.0015610400636098486,446.3634663225122,12.38131440750031,-0.021984815631245744,-0.021550295565375875
Acinetobacter,R2,M0,-6,-6,FALSE,0.014233717711747702,0.0021729004372618116,396.6616669212069,0.01419457550388129,0.00217763559219332,363.01950926416487,-0.2174447804069445,9.267313959305989,0.275754691330568
Acinetobacter,R2,M2g,-6,-6,FALSE,0.014242835822494132,0.0021725268534232463,396.92471365659014,0.014432402862346587,0.0021667830467546564,368.40459390022664,0.2650845305990739,7.741521204832607,-1.3134821807602488
Acinetobacter,R2,M0,-6,-3,FALSE,0.014192788552162057,0.0021778370387449497,395.2265765842466,0.01419457550388129,0.00217763559219332,363.01950926416487,0.009250700730281418,8.87199351499454,-0.012588976110940902
Acinetobacter,R2,M2g,-6,-3,FALSE,0.014503778697120707,0.0021643784704033515,403.95778224032284,0.014432402862346587,0.0021667830467546564,368.40459390022664,-0.11097448611232279,9.650582248093494,0.49455267743624204
Acinetobacter,R2,M0,-6,0,FALSE,0.01419457550388129,0.00217763559219332,395.29172253261015,0.01419457550388129,0.00217763559219332,363.01950926416487,0,8.889939092766827,0
Acinetobacter,R2,M2g,-6,0,FALSE,0.014432402862346587,0.0021667830467546564,401.7283811005482,0.014432402862346587,0.0021667830467546564,368.40459390022664,0,9.045432047285074,0
Acinetobacter,R2,M0,-6,3,FALSE,0.01419457550388129,0.00217763559219332,395.29172253261015,0.01419457550388129,0.00217763559219332,363.01950926416487,0,8.889939092766827,0
Acinetobacter,R2,M2g,-6,3,FALSE,0.014432402862346587,0.0021667830467546564,401.7283811005482,0.014432402862346587,0.0021667830467546564,368.40459390022664,0,9.045432047285074,0
Acinetobacter,R2,M0,-6,6,FALSE,0.01419457550388129,0.00217763559219332,395.29172253261015,0.01419457550388129,0.00217763559219332,363.01950926416487,0,8.889939092766827,0
Acinetobacter,R2,M2g,-6,6,FALSE,0.014432402862346587,0.0021667830467546564,401.7283811005482,0.014432402862346587,0.0021667830467546564,368.40459390022664,0,9.045432047285074,0
Acinetobacter,R2,M0,-3,-6,FALSE,0.014233717711747702,0.0021729004372618116,380.0802975813967,0.01419457550388129,0.00217763559219332,363.01950926416487,-0.2174447804069445,4.699689102608776,0.275754691330568
Acinetobacter,R2,M2g,-3,-6,FALSE,0.014242835822494132,0.0021725268534232463,380.32194476354465,0.014432402862346587,0.0021667830467546564,368.40459390022664,0.2650845305990739,3.2348540329400803,-1.3134821807602488
Acinetobacter,R2,M0,-3,-3,FALSE,0.014192788552162057,0.0021778370387449497,378.7517004301559,0.01419457550388129,0.00217763559219332,363.01950926416487,0.009250700730281418,4.3337040474436055,-0.012588976110940902
Acinetobacter,R2,M2g,-3,-3,FALSE,0.014503778697120707,0.0021643784704033515,386.7579468470037,0.014432402862346587,0.0021667830467546564,368.40459390022664,-0.11097448611232279,4.981846928800143,0.49455267743624204
Acinetobacter,R2,M0,-3,0,FALSE,0.01419457550388129,0.00217763559219332,378.8121000311032,0.01419457550388129,0.00217763559219332,363.01950926416487,0,4.350342161761418,0
Acinetobacter,R2,M2g,-3,0,FALSE,0.014432402862346587,0.0021667830467546564,384.7058370983508,0.014432402862346587,0.0021667830467546564,368.40459390022664,0,4.424820826892009,0
Acinetobacter,R2,M0,-3,3,FALSE,0.01419457550388129,0.00217763559219332,378.8121000311032,0.01419457550388129,0.00217763559219332,363.01950926416487,0,4.350342161761418,0
Acinetobacter,R2,M2g,-3,3,FALSE,0.014432402862346587,0.0021667830467546564,384.7058370983508,0.014432402862346587,0.0021667830467546564,368.40459390022664,0,4.424820826892009,0
Acinetobacter,R2,M0,-3,6,FALSE,0.01419457550388129,0.00217763559219332,378.8121000311032,0.01419457550388129,0.00217763559219332,363.01950926416487,0,4.350342161761418,0
Acinetobacter,R2,M2g,-3,6,FALSE,0.014432402862346587,0.0021667830467546564,384.7058370983508,0.014432402862346587,0.0021667830467546564,368.40459390022664,0,4.424820826892009,0
Acinetobacter,R2,M0,0,-6,FALSE,0.014233717711747702,0.0021729004372618116,364.1920675895783,0.01419457550388129,0.00217763559219332,363.01950926416487,-0.2174447804069445,0.32300146286633236,0.275754691330568
Acinetobacter,R2,M2g,0,-6,FALSE,0.014242835822494132,0.0021725268534232463,364.4136449358703,0.014432402862346587,0.0021667830467546564,368.40459390022664,0.2650845305990739,-1.0833059713248814,-1.3134821807602488
Acinetobacter,R2,M0,0,-3,FALSE,0.014192788552162057,0.0021778370387449497,362.96357349884886,0.01419457550388129,0.00217763559219332,363.01950926416487,0.009250700730281418,-0.015408473618783934,-0.012588976110940902
Acinetobacter,R2,M2g,0,-3,FALSE,0.014503778697120707,0.0021643784704033515,370.29045119452735,0.014432402862346587,0.0021667830467546564,368.40459390022664,-0.11097448611232279,0.5118984197063092,0.49455267743624204
Acinetobacter,R2,M0,0,0,TRUE,0.01419457550388129,0.00217763559219332,363.01950926416487,0.01419457550388129,0.00217763559219332,363.01950926416487,0,0,0
Acinetobacter,R2,M2g,0,0,TRUE,0.014432402862346587,0.0021667830467546564,368.40459390022664,0.014432402862346587,0.0021667830467546564,368.40459390022664,0,0,0
Acinetobacter,R2,M0,0,3,FALSE,0.01419457550388129,0.00217763559219332,363.01950926416487,0.01419457550388129,0.00217763559219332,363.01950926416487,0,0,0
Acinetobacter,R2,M2g,0,3,FALSE,0.014432402862346587,0.0021667830467546564,368.40459390022664,0.014432402862346587,0.0021667830467546564,368.40459390022664,0,0,0
Acinetobacter,R2,M0,0,6,FALSE,0.01419457550388129,0.00217763559219332,363.01950926416487,0.01419457550388129,0.00217763559219332,363.01950926416487,0,0,0
Acinetobacter,R2,M2g,0,6,FALSE,0.014432402862346587,0.0021667830467546564,368.40459390022664,0.014432402862346587,0.0021667830467546564,368.40459390022664,0,0,0
Acinetobacter,R2,M0,3,-6,FALSE,0.01425663867383087,0.0022639029899586484,364.7098083597724,0.01419457550388129,0.00217763559219332,363.01950926416487,3.9615167053014537,0.4656221091350583,0.4372316025414749
Acinetobacter,R2,M2g,3,-6,FALSE,0.014431172004001156,0.0022568450466143226,368.9325244326838,0.014432402862346587,0.0021667830467546564,368.40459390022664,4.156484424897011,0.14330183206133945,-0.008528436720970919
Acinetobacter,R2,M0,3,-3,FALSE,0.014210978973841448,0.002269458247630644,363.35807021273945,0.01419457550388129,0.00217763559219332,363.01950926416487,4.216621723418852,0.09326246659878962,0.11556153937588497
Acinetobacter,R2,M2g,3,-3,FALSE,0.014735644147190889,0.002247033585336063,375.67028753446317,0.014432402862346587,0.0021667830467546564,368.40459390022664,3.703672072827198,1.9722049492695148,2.1011143309714777
Acinetobacter,R2,M0,3,0,FALSE,0.014210929271748593,0.002269488367375974,363.36045454245624,0.01419457550388129,0.00217763559219332,363.01950926416487,4.218004863253532,0.09391927144148886,0.11521139087837633
Acinetobacter,R2,M2g,3,0,FALSE,0.014630979983929034,0.0022505313652242424,372.8215284984452,0.014432402862346587,0.0021667830467546564,368.40459390022664,3.865099396777253,1.198935808985811,1.3759117139151174
Acinetobacter,R2,M0,3,3,FALSE,0.014210929271748593,0.002269488367375974,363.36045454245624,0.01419457550388129,0.00217763559219332,363.01950926416487,4.218004863253532,0.09391927144148886,0.11521139087837633
Acinetobacter,R2,M2g,3,3,FALSE,0.014630979983929034,0.0022505313652242424,372.8215284984452,0.014432402862346587,0.0021667830467546564,368.40459390022664,3.865099396777253,1.198935808985811,1.3759117139151174
Acinetobacter,R2,M0,3,6,FALSE,0.014210929271748593,0.002269488367375974,363.36045454245624,0.01419457550388129,0.00217763559219332,363.01950926416487,4.218004863253532,0.09391927144148886,0.11521139087837633
Acinetobacter,R2,M2g,3,6,FALSE,0.014630979983929034,0.0022505313652242424,372.8215284984452,0.014432402862346587,0.0021667830467546564,368.40459390022664,3.865099396777253,1.198935808985811,1.3759117139151174
Acinetobacter,R2,M0,6,-6,FALSE,0.01425185470824798,0.002363626718056511,364.6024078195364,0.01419457550388129,0.00217763559219332,363.01950926416487,8.540966474370517,0.4360367735001422,0.4035288293829461
Acinetobacter,R2,M2g,6,-6,FALSE,0.014403885610009139,0.0023575704366859697,368.23972047508175,0.014432402862346587,0.0021667830467546564,368.40459390022664,8.805098886899133,-0.04475335755165473,-0.19759185361883405
Acinetobacter,R2,M0,6,-3,FALSE,0.014204092893808582,0.0023694930644350956,363.2102100605988,0.01419457550388129,0.00217763559219332,363.01950926416487,8.81035711069254,0.05253183136644025,0.06704948608494853
Acinetobacter,R2,M2g,6,-3,FALSE,0.01473584568982834,0.0023470673098847507,375.55681136949846,0.014432402862346587,0.0021667830467546564,368.40459390022664,8.320365225310338,1.9414028998804562,2.10251079030935
Acinetobacter,R2,M0,6,0,FALSE,0.014204757272346314,0.002369434519907397,363.23308940847073,0.01419457550388129,0.00217763559219332,363.01950926416487,8.807668666036868,0.05883434329432849,0.07172999616818365
Acinetobacter,R2,M2g,6,0,FALSE,0.014622977865236633,0.002350782153619363,372.55106420099065,0.014432402862346587,0.0021667830467546564,368.40459390022664,8.4918103425396,1.1255207913848593,1.3204662086259147
Acinetobacter,R2,M0,6,3,FALSE,0.014204757272346314,0.002369434519907397,363.23308940847073,0.01419457550388129,0.00217763559219332,363.01950926416487,8.807668666036868,0.05883434329432849,0.07172999616818365
Acinetobacter,R2,M2g,6,3,FALSE,0.014622977865236633,0.002350782153619363,372.55106420099065,0.014432402862346587,0.0021667830467546564,368.40459390022664,8.4918103425396,1.1255207913848593,1.3204662086259147
Acinetobacter,R2,M0,6,6,FALSE,0.014204757272346314,0.002369434519907397,363.23308940847073,0.01419457550388129,0.00217763559219332,363.01950926416487,8.807668666036868,0.05883434329432849,0.07172999616818365
Acinetobacter,R2,M2g,6,6,FALSE,0.014622977865236633,0.002350782153619363,372.55106420099065,0.014432402862346587,0.0021667830467546564,368.40459390022664,8.4918103425396,1.1255207913848593,1.3204662086259147
Acinetobacter,R3,M0,-6,-6,FALSE,0.0149331702499878,0.0024076520269366835,511.6637330476316,0.014944084683788508,0.002406378759503797,468.2192560556103,0.05291217884374684,9.27866089020085,-0.07303514421694896
Acinetobacter,R3,M2g,-6,-6,FALSE,0.014945375761323928,0.002407330768762821,512.1844337768089,0.014960769105110428,0.002405875248943757,468.78908448108695,0.060498557425315624,9.256902673780726,-0.10289139333914174
Acinetobacter,R3,M0,-6,-3,FALSE,0.014890951603039628,0.002411683175311603,509.629120257639,0.014944084683788508,0.002406378759503797,468.2192560556103,0.22043145896532745,8.84411814902172,-0.35554590243000594
Acinetobacter,R3,M2g,-6,-3,FALSE,0.01491045527286219,0.002411133274700442,510.4364524218463,0.014960769105110428,0.002405875248943757,468.78908448108695,0.2185493931571527,8.884031074840351,-0.3363051183715579
Acinetobacter,R3,M0,-6,0,FALSE,0.014944084683788508,0.002406378759503797,512.1416209223345,0.014944084683788508,0.002406378759503797,468.2192560556103,0,9.38072586692324,0
Acinetobacter,R3,M2g,-6,0,FALSE,0.014960769105110428,0.002405875248943757,512.8162370738161,0.014960769105110428,0.002405875248943757,468.78908448108695,0,9.391676139700172,0
Acinetobacter,R3,M0,-6,3,FALSE,0.014944084683788508,0.002406378759503797,512.1416209223345,0.014944084683788508,0.002406378759503797,468.2192560556103,0,9.38072586692324,0
Acinetobacter,R3,M2g,-6,3,FALSE,0.014960769105110428,0.002405875248943757,512.8162370738161,0.014960769105110428,0.002405875248943757,468.78908448108695,0,9.391676139700172,0
Acinetobacter,R3,M0,-6,6,FALSE,0.014944084683788508,0.002406378759503797,512.1416209223345,0.014944084683788508,0.002406378759503797,468.2192560556103,0,9.38072586692324,0
Acinetobacter,R3,M2g,-6,6,FALSE,0.014960769105110428,0.002405875248943757,512.8162370738161,0.014960769105110428,0.002405875248943757,468.78908448108695,0,9.391676139700172,0
Acinetobacter,R3,M0,-3,-6,FALSE,0.0149331702499878,0.0024076520269366835,489.2473193347742,0.014944084683788508,0.002406378759503797,468.2192560556103,0.05291217884374684,4.491071865841079,-0.07303514421694896
Acinetobacter,R3,M2g,-3,-6,FALSE,0.014945375761323928,0.002407330768762821,489.72727528818166,0.014960769105110428,0.002405875248943757,468.78908448108695,0.060498557425315624,4.466441625933262,-0.10289139333914174
Acinetobacter,R3,M0,-3,-3,FALSE,0.014890951603039628,0.002411683175311603,487.36356820572036,0.014944084683788508,0.002406378759503797,468.2192560556103,0.22043145896532745,4.088749427220546,-0.35554590243000594
Acinetobacter,R3,M2g,-3,-3,FALSE,0.01491045527286219,0.002411133274700442,488.1070677833208,0.014960769105110428,0.002405875248943757,468.78908448108695,0.2185493931571527,4.120826175724074,-0.3363051183715579
Acinetobacter,R3,M0,-3,0,FALSE,0.014944084683788508,0.002406378759503797,489.6882362721917,0.014944084683788508,0.002406378759503797,468.2192560556103,0,4.585240768916938,0
Acinetobacter,R3,M2g,-3,0,FALSE,0.014960769105110428,0.002405875248943757,490.3087336412336,0.014960769105110428,0.002405875248943757,468.78908448108695,0,4.590475732592453,0
Acinetobacter,R3,M0,-3,3,FALSE,0.014944084683788508,0.002406378759503797,489.6882362721917,0.014944084683788508,0.002406378759503797,468.2192560556103,0,4.585240768916938,0
Acinetobacter,R3,M2g,-3,3,FALSE,0.014960769105110428,0.002405875248943757,490.3087336412336,0.014960769105110428,0.002405875248943757,468.78908448108695,0,4.590475732592453,0
Acinetobacter,R3,M0,-3,6,FALSE,0.014944084683788508,0.002406378759503797,489.6882362721917,0.014944084683788508,0.002406378759503797,468.2192560556103,0,4.585240768916938,0
Acinetobacter,R3,M2g,-3,6,FALSE,0.014960769105110428,0.002405875248943757,490.3087336412336,0.014960769105110428,0.002405875248943757,468.78908448108695,0,4.590475732592453,0
Acinetobacter,R3,M0,0,-6,FALSE,0.0149331702499878,0.0024076520269366835,467.8129873511672,0.014944084683788508,0.002406378759503797,468.2192560556103,0.05291217884374684,-0.08676890136164217,-0.07303514421694896
Acinetobacter,R3,M2g,0,-6,FALSE,0.014945375761323928,0.002407330768762821,468.25476985444027,0.014960769105110428,0.002405875248943757,468.78908448108695,0.060498557425315624,-0.11397761687180084,-0.10289139333914174
Acinetobacter,R3,M0,0,-3,FALSE,0.014890951603039628,0.002411683175311603,466.0707918223628,0.014944084683788508,0.002406378759503797,468.2192560556103,0.22043145896532745,-0.4588585807740239,-0.35554590243000594
Acinetobacter,R3,M2g,0,-3,FALSE,0.01491045527286219,0.002411133274700442,466.75449703802246,0.014960769105110428,0.002405875248943757,468.78908448108695,0.2185493931571527,-0.4340091334073214,-0.3363051183715579
Acinetobacter,R3,M0,0,0,TRUE,0.014944084683788508,0.002406378759503797,468.2192560556103,0.014944084683788508,0.002406378759503797,468.2192560556103,0,0,0
Acinetobacter,R3,M2g,0,0,TRUE,0.014960769105110428,0.002405875248943757,468.78908448108695,0.014960769105110428,0.002405875248943757,468.78908448108695,0,0,0
Acinetobacter,R3,M0,0,3,FALSE,0.014944084683788508,0.002406378759503797,468.2192560556103,0.014944084683788508,0.002406378759503797,468.2192560556103,0,0,0
Acinetobacter,R3,M2g,0,3,FALSE,0.014960769105110428,0.002405875248943757,468.78908448108695,0.014960769105110428,0.002405875248943757,468.78908448108695,0,0,0
Acinetobacter,R3,M0,0,6,FALSE,0.014944084683788508,0.002406378759503797,468.2192560556103,0.014944084683788508,0.002406378759503797,468.2192560556103,0,0,0
Acinetobacter,R3,M2g,0,6,FALSE,0.014960769105110428,0.002405875248943757,468.78908448108695,0.014960769105110428,0.002405875248943757,468.78908448108695,0,0,0
Acinetobacter,R3,M0,3,-6,FALSE,0.01488550187100881,0.002524258443307609,466.1958767177131,0.014944084683788508,0.002406378759503797,468.2192560556103,4.898633822221708,-0.43214355491114076,-0.392013388703884
Acinetobacter,R3,M2g,3,-6,FALSE,0.014897961529076412,0.0025239473392371556,466.6405759882889,0.014960769105110428,0.002405875248943757,468.78908448108695,4.90765638597576,-0.4583102644500086,-0.41981515517515117
Acinetobacter,R3,M0,3,-3,FALSE,0.014846333781865896,0.0025280100205995488,464.6084358100057,0.014944084683788508,0.002406378759503797,468.2192560556103,5.054535185509725,-0.7711814921972675,-0.6541110010481472
Acinetobacter,R3,M2g,3,-3,FALSE,0.01485319281523813,0.0025278235818967094,464.84553183101013,0.014960769105110428,0.002405875248943757,468.78908448108695,5.068772082280278,-0.8412210908114502,-0.7190558795239415
Acinetobacter,R3,M0,3,0,FALSE,0.014909403832267189,0.002521678418246068,467.1129130609901,0.014944084683788508,0.002406378759503797,468.2192560556103,4.791417738662474,-0.23628737611953454,-0.23207076415286473
Acinetobacter,R3,M2g,3,0,FALSE,0.014914517708569143,0.002521525281994697,467.285326730779,0.014960769105110428,0.002405875248943757,468.78908448108695,4.806983782792276,-0.3207749071146777,-0.3091511954788866
Acinetobacter,R3,M0,3,3,FALSE,0.014909403832267189,0.002521678418246068,467.1129130609901,0.014944084683788508,0.002406378759503797,468.2192560556103,4.791417738662474,-0.23628737611953454,-0.23207076415286473
Acinetobacter,R3,M2g,3,3,FALSE,0.014914517708569143,0.002521525281994697,467.285326730779,0.014960769105110428,0.002405875248943757,468.78908448108695,4.806983782792276,-0.3207749071146777,-0.3091511954788866
Acinetobacter,R3,M0,3,6,FALSE,0.014909403832267189,0.002521678418246068,467.1129130609901,0.014944084683788508,0.002406378759503797,468.2192560556103,4.791417738662474,-0.23628737611953454,-0.23207076415286473
Acinetobacter,R3,M2g,3,6,FALSE,0.014914517708569143,0.002521525281994697,467.285326730779,0.014960769105110428,0.002405875248943757,468.78908448108695,4.806983782792276,-0.3207749071146777,-0.3091511954788866
Acinetobacter,R3,M0,6,-6,FALSE,0.01481609713869909,0.0026487713750253487,463.88216526566043,0.014944084683788508,0.002406378759503797,468.2192560556103,10.072920339919138,-0.9262948359891332,-0.8564428521223502
Acinetobacter,R3,M2g,6,-6,FALSE,0.014817742297641453,0.002648729635511477,463.9400869844068,0.014960769105110428,0.002405875248943757,468.78908448108695,10.09422191255924,-1.034366553574436,-0.9560123979195579
Acinetobacter,R3,M0,6,-3,FALSE,0.014783178131175266,0.0026519282966445306,462.5735544516869,0.014944084683788508,0.002406378759503797,468.2192560556103,10.204110062514298,-1.2057815928981883,-1.076724041772831
Acinetobacter,R3,M2g,6,-3,FALSE,0.014785455101156775,0.0026518660905316036,462.65110099260977,0.014960769105110428,0.002405875248943757,468.78908448108695,10.22458839858147,-1.3093273055347365,-1.1718248087510919
Acinetobacter,R3,M0,6,0,FALSE,0.014859768858481897,0.002644201715706108,465.555737386482,0.014944084683788508,0.002406378759503797,468.2192560556103,9.883022581671687,-0.5688614115460331,-0.5642086958867252
Acinetobacter,R3,M2g,6,0,FALSE,0.014863741697161249,0.0026440879486600124,465.6878207819719,0.014960769105110428,0.002405875248943757,468.78908448108695,9.901290593551636,-0.6615477624757248,-0.6485455879138976
Acinetobacter,R3,M0,6,3,FALSE,0.014859768858481897,0.002644201715706108,465.555737386482,0.014944084683788508,0.002406378759503797,468.2192560556103,9.883022581671687,-0.5688614115460331,-0.5642086958867252
Acinetobacter,R3,M2g,6,3,FALSE,0.014863741697161249,0.0026440879486600124,465.6878207819719,0.014960769105110428,0.002405875248943757,468.78908448108695,9.901290593551636,-0.6615477624757248,-0.6485455879138976
Acinetobacter,R3,M0,6,6,FALSE,0.014859768858481897,0.002644201715706108,465.555737386482,0.014944084683788508,0.002406378759503797,468.2192560556103,9.883022581671687,-0.5688614115460331,-0.5642086958867252
Acinetobacter,R3,M2g,6,6,FALSE,0.014863741697161249,0.0026440879486600124,465.6878207819719,0.014960769105110428,0.002405875248943757,468.78908448108695,9.901290593551636,-0.6615477624757248,-0.6485455879138976
Acinetobacter,R4,M0,-6,-6,FALSE,0.013571204494243838,0.003072419362511392,464.62324236826487,0.01352010924335995,0.00308040752868794,426.7783424751826,-0.2593217326653749,8.867577411167002,0.3779203996371806
Acinetobacter,R4,M2g,-6,-6,FALSE,0.01391692458368861,0.0030567376396741946,474.83492012309716,0.014197012442404776,0.0030458476513164543,442.1412334082678,0.3575355567450497,7.394398948681726,-1.9728647830129178
Acinetobacter,R4,M0,-6,-3,FALSE,0.013548176478436152,0.00307596369101589,463.8115122632298,0.01352010924335995,0.00308040752868794,426.7783424751826,-0.14426135602722728,8.677377950639725,0.20759621517102358
Acinetobacter,R4,M2g,-6,-3,FALSE,0.01406044989617459,0.0030512853681099695,478.4293004430663,0.014197012442404776,0.0030458476513164543,442.1412334082678,0.178528850291149,8.207347402337971,-0.9619104497104609
Acinetobacter,R4,M0,-6,0,FALSE,0.01352010924335995,0.00308040752868794,462.8418548932428,0.01352010924335995,0.00308040752868794,426.7783424751826,0,8.450173972958167,0
Acinetobacter,R4,M2g,-6,0,FALSE,0.014197012442404776,0.0030458476513164543,481.45435935885916,0.014197012442404776,0.0030458476513164543,442.1412334082678,0,8.891531252931145,0
Acinetobacter,R4,M0,-6,3,FALSE,0.01352010924335995,0.00308040752868794,462.8418548932428,0.01352010924335995,0.00308040752868794,426.7783424751826,0,8.450173972958167,0
Acinetobacter,R4,M2g,-6,3,FALSE,0.014197012442404776,0.0030458476513164543,481.45435935885916,0.014197012442404776,0.0030458476513164543,442.1412334082678,0,8.891531252931145,0
Acinetobacter,R4,M0,-6,6,FALSE,0.01352010924335995,0.00308040752868794,462.8418548932428,0.01352010924335995,0.00308040752868794,426.7783424751826,0,8.450173972958167,0
Acinetobacter,R4,M2g,-6,6,FALSE,0.014197012442404776,0.0030458476513164543,481.45435935885916,0.014197012442404776,0.0030458476513164543,442.1412334082678,0,8.891531252931145,0
Acinetobacter,R4,M0,-3,-6,FALSE,0.013571204494243838,0.003072419362511392,446.08665738841506,0.01352010924335995,0.00308040752868794,426.7783424751826,-0.2593217326653749,4.524202142322914,0.3779203996371806
Acinetobacter,R4,M2g,-3,-6,FALSE,0.01391692458368861,0.0030567376396741946,455.41834372940144,0.014197012442404776,0.0030458476513164543,442.1412334082678,0.3575355567450497,3.0029115852385853,-1.9728647830129178
Acinetobacter,R4,M0,-3,-3,FALSE,0.013548176478436152,0.00307596369101589,445.338076720024,0.01352010924335995,0.00308040752868794,426.7783424751826,-0.14426135602722728,4.348799458098234,0.20759621517102358
Acinetobacter,R4,M2g,-3,-3,FALSE,0.01406044989617459,0.0030512853681099695,458.66821145527786,0.014197012442404776,0.0030458476513164543,442.1412334082678,0.178528850291149,3.737940910783422,-0.9619104497104609
Acinetobacter,R4,M0,-3,0,FALSE,0.01352010924335995,0.00308040752868794,444.4444618391337,0.01352010924335995,0.00308040752868794,426.7783424751826,0,4.139413275165984,0
Acinetobacter,R4,M2g,-3,0,FALSE,0.014197012442404776,0.0030458476513164543,461.37926294612924,0.014197012442404776,0.0030458476513164543,442.1412334082678,0,4.351105050656357,0
Acinetobacter,R4,M0,-3,3,FALSE,0.01352010924335995,0.00308040752868794,444.4444618391337,0.01352010924335995,0.00308040752868794,426.7783424751826,0,4.139413275165984,0
Acinetobacter,R4,M2g,-3,3,FALSE,0.014197012442404776,0.0030458476513164543,461.37926294612924,0.014197012442404776,0.0030458476513164543,442.1412334082678,0,4.351105050656357,0
Acinetobacter,R4,M0,-3,6,FALSE,0.01352010924335995,0.00308040752868794,444.4444618391337,0.01352010924335995,0.00308040752868794,426.7783424751826,0,4.139413275165984,0
Acinetobacter,R4,M2g,-3,6,FALSE,0.014197012442404776,0.0030458476513164543,461.37926294612924,0.014197012442404776,0.0030458476513164543,442.1412334082678,0,4.351105050656357,0
Acinetobacter,R4,M0,0,-6,FALSE,0.013571204494243838,0.003072419362511392,428.2896070495009,0.01352010924335995,0.00308040752868794,426.7783424751826,-0.2593217326653749,0.35410994980518296,0.3779203996371806
Acinetobacter,R4,M2g,0,-6,FALSE,0.01391692458368861,0.0030567376396741946,436.79573471863216,0.014197012442404776,0.0030458476513164543,442.1412334082678,0.3575355567450497,-1.2090025280903094,-1.9728647830129178
Acinetobacter,R4,M0,0,-3,FALSE,0.013548176478436152,0.00307596369101589,427.60043106505026,0.01352010924335995,0.00308040752868794,426.7783424751826,-0.14426135602722728,0.1926265951312742,0.20759621517102358
Acinetobacter,R4,M2g,0,-3,FALSE,0.01406044989617459,0.0030512853681099695,439.72333635242813,0.014197012442404776,0.0030458476513164543,442.1412334082678,0.178528850291149,-0.5468607931454798,-0.9619104497104609
Acinetobacter,R4,M0,0,0,TRUE,0.01352010924335995,0.00308040752868794,426.7783424751826,0.01352010924335995,0.00308040752868794,426.7783424751826,0,0,0
Acinetobacter,R4,M2g,0,0,TRUE,0.014197012442404776,0.0030458476513164543,442.1412334082678,0.014197012442404776,0.0030458476513164543,442.1412334082678,0,0,0
Acinetobacter,R4,M0,0,3,FALSE,0.01352010924335995,0.00308040752868794,426.7783424751826,0.01352010924335995,0.00308040752868794,426.7783424751826,0,0,0
Acinetobacter,R4,M2g,0,3,FALSE,0.014197012442404776,0.0030458476513164543,442.1412334082678,0.014197012442404776,0.0030458476513164543,442.1412334082678,0,0,0
Acinetobacter,R4,M0,0,6,FALSE,0.01352010924335995,0.00308040752868794,426.7783424751826,0.01352010924335995,0.00308040752868794,426.7783424751826,0,0,0
Acinetobacter,R4,M2g,0,6,FALSE,0.014197012442404776,0.0030458476513164543,442.1412334082678,0.014197012442404776,0.0030458476513164543,442.1412334082678,0,0,0
Acinetobacter,R4,M0,3,-6,FALSE,0.013517321750323361,0.003211366199108517,427.09772910039766,0.01352010924335995,0.00308040752868794,426.7783424751826,4.2513423695064425,0.07483665252615389,-0.02061738545460998
Acinetobacter,R4,M2g,3,-6,FALSE,0.013534435726114069,0.0032106076475808877,427.5093635569135,0.014197012442404776,0.0030458476513164543,442.1412334082678,5.409331494082509,-3.3093203586925792,-4.667015113064702
Acinetobacter,R4,M0,3,-3,FALSE,0.01349880436521616,0.0032142567601539736,426.55700902771457,0.01352010924335995,0.00308040752868794,426.7783424751826,4.345179338106763,-0.05186145252460315,-0.15757918638306634
Acinetobacter,R4,M2g,3,-3,FALSE,0.013567102176777531,0.0032110317307061063,428.1345756850334,0.014197012442404776,0.0030458476513164543,442.1412334082678,5.423254814411265,-3.167914834647606,-4.436921276097347
Acinetobacter,R4,M0,3,0,FALSE,0.01347437731486131,0.0032181683339473645,425.85727945555413,0.01352010924335995,0.00308040752868794,426.7783424751826,4.472161685635858,-0.21581765707383602,-0.3382511759000718
Acinetobacter,R4,M2g,3,0,FALSE,0.013782458171390009,0.003202719479816886,432.6974920234123,0.014197012442404776,0.0030458476513164543,442.1412334082678,5.150350459341908,-2.135910580440092,-2.9200106198156397
Acinetobacter,R4,M0,3,3,FALSE,0.01347437731486131,0.0032181683339473645,425.85727945555413,0.01352010924335995,0.00308040752868794,426.7783424751826,4.472161685635858,-0.21581765707383602,-0.3382511759000718
Acinetobacter,R4,M2g,3,3,FALSE,0.013782458171390009,0.003202719479816886,432.6974920234123,0.014197012442404776,0.0030458476513164543,442.1412334082678,5.150350459341908,-2.135910580440092,-2.9200106198156397
Acinetobacter,R4,M0,3,6,FALSE,0.01347437731486131,0.0032181683339473645,425.85727945555413,0.01352010924335995,0.00308040752868794,426.7783424751826,4.472161685635858,-0.21581765707383602,-0.3382511759000718
Acinetobacter,R4,M2g,3,6,FALSE,0.013782458171390009,0.003202719479816886,432.6974920234123,0.014197012442404776,0.0030458476513164543,442.1412334082678,5.150350459341908,-2.135910580440092,-2.9200106198156397
Acinetobacter,R4,M0,6,-6,FALSE,0.013521429245106005,0.003343391549819744,427.18553285503606,0.01352010924335995,0.00308040752868794,426.7783424751826,8.537312634209098,0.0954102725765918,0.009763247635767506
Acinetobacter,R4,M2g,6,-6,FALSE,0.013532544118760797,0.003342910882715947,427.4491850480677,0.014197012442404776,0.0030458476513164543,442.1412334082678,9.753056140910335,-3.3229310568810106,-4.680339094859789
Acinetobacter,R4,M0,6,-3,FALSE,0.013501154518624827,0.0033465697204917893,426.6044488256293,0.01352010924335995,0.00308040752868794,426.7783424751826,8.640486342312556,-0.04074565933801137,-0.1401965353529342
Acinetobacter,R4,M2g,6,-3,FALSE,0.013603675741469113,0.0033418336427417476,428.94097901604937,0.014197012442404776,0.0030458476513164543,442.1412334082678,9.717688647275724,-2.985528920355065,-4.179306761494678
Acinetobacter,R4,M0,6,0,FALSE,0.013474861688552438,0.003350802363340539,425.8656084296584,0.01352010924335995,0.00308040752868794,426.7783424751826,8.77789163071453,-0.21386606457831725,-0.3346685592036385
Acinetobacter,R4,M2g,6,0,FALSE,0.013832783635215784,0.0033332070840354526,433.7054257121484,0.014197012442404776,0.0030458476513164543,442.1412334082678,9.434465069019387,-1.9079441270590318,-2.565531365606783
Acinetobacter,R4,M0,6,3,FALSE,0.013474861688552438,0.003350802363340539,425.8656084296584,0.01352010924335995,0.00308040752868794,426.7783424751826,8.77789163071453,-0.21386606457831725,-0.3346685592036385
Acinetobacter,R4,M2g,6,3,FALSE,0.013832783635215784,0.0033332070840354526,433.7054257121484,0.014197012442404776,0.0030458476513164543,442.1412334082678,9.434465069019387,-1.9079441270590318,-2.565531365606783
Acinetobacter,R4,M0,6,6,FALSE,0.013474861688552438,0.003350802363340539,425.8656084296584,0.01352010924335995,0.00308040752868794,426.7783424751826,8.77789163071453,-0.21386606457831725,-0.3346685592036385
Acinetobacter,R4,M2g,6,6,FALSE,0.013832783635215784,0.0033332070840354526,433.7054257121484,0.014197012442404776,0.0030458476513164543,442.1412334082678,9.434465069019387,-1.9079441270590318,-2.565531365606783
Acinetobacter,R5,M0,-6,-6,FALSE,0.010191087885545957,0.0030669476543519762,406.1389215480393,0.010184910396164598,0.00306797048226076,381.85070064815915,-0.033338909702618116,6.360658984952228,0.060653350310140776
Acinetobacter,R5,M2g,-6,-6,FALSE,0.010983553710805803,0.0030327094404720176,430.8459242983223,0.010743528955223113,0.0030411766133813405,395.81148407237055,-0.2784176647968085,8.851294526751534,2.2341332776508134
Acinetobacter,R5,M0,-6,-3,FALSE,0.010181212525567886,0.00306861190019646,405.7818551046891,0.010184910396164598,0.00306797048226076,381.85070064815915,0.020906913525037932,6.267149547168265,-0.03630734540486479
Acinetobacter,R5,M2g,-6,-3,FALSE,0.010937623050244587,0.003034155183768992,428.6151157364543,0.010743528955223113,0.0030411766133813405,395.81148407237055,-0.23087871915935157,8.287690727560069,1.8066139704227482
Acinetobacter,R5,M0,-6,0,FALSE,0.010184910396164598,0.00306797048226076,405.913124884309,0.010184910396164598,0.00306797048226076,381.85070064815915,0,6.301526799690544,0
Acinetobacter,R5,M2g,-6,0,FALSE,0.010743528955223113,0.0030411766133813405,422.16626161566415,0.010743528955223113,0.0030411766133813405,395.81148407237055,0,6.658416595733456,0
Acinetobacter,R5,M0,-6,3,FALSE,0.010184910396164598,0.00306797048226076,405.913124884309,0.010184910396164598,0.00306797048226076,381.85070064815915,0,6.301526799690544,0
Acinetobacter,R5,M2g,-6,3,FALSE,0.010743528955223113,0.0030411766133813405,422.16626161566415,0.010743528955223113,0.0030411766133813405,395.81148407237055,0,6.658416595733456,0
Acinetobacter,R5,M0,-6,6,FALSE,0.010184910396164598,0.00306797048226076,405.913124884309,0.010184910396164598,0.00306797048226076,381.85070064815915,0,6.301526799690544,0
Acinetobacter,R5,M2g,-6,6,FALSE,0.010743528955223113,0.0030411766133813405,422.16626161566415,0.010743528955223113,0.0030411766133813405,395.81148407237055,0,6.658416595733456,0
Acinetobacter,R5,M0,-3,-6,FALSE,0.010191087885545957,0.0030669476543519762,393.9098234927988,0.010184910396164598,0.00306797048226076,381.85070064815915,-0.033338909702618116,3.1580727295171442,0.060653350310140776
Acinetobacter,R5,M2g,-3,-6,FALSE,0.010983553710805803,0.0030327094404720176,416.8806129103591,0.010743528955223113,0.0030411766133813405,395.81148407237055,-0.2784176647968085,5.323021106213345,2.2341332776508134
Acinetobacter,R5,M0,-3,-3,FALSE,0.010181212525567886,0.00306861190019646,393.5751684610403,0.010184910396164598,0.00306797048226076,381.85070064815915,0.020906913525037932,3.0704324472836744,-0.03630734540486479
Acinetobacter,R5,M2g,-3,-3,FALSE,0.010937623050244587,0.003034155183768992,414.7792624314643,0.010743528955223113,0.0030411766133813405,395.81148407237055,-0.23087871915935157,4.792124312296525,1.8066139704227482
Acinetobacter,R5,M0,-3,0,FALSE,0.010184910396164598,0.00306797048226076,393.6981218387473,0.010184910396164598,0.00306797048226076,381.85070064815915,0,3.1026317800329144,0
Acinetobacter,R5,M2g,-3,0,FALSE,0.010743528955223113,0.0030411766133813405,408.77653373864393,0.010743528955223113,0.0030411766133813405,395.81148407237055,0,3.27556177321597,0
Acinetobacter,R5,M0,-3,3,FALSE,0.010184910396164598,0.00306797048226076,393.6981218387473,0.010184910396164598,0.00306797048226076,381.85070064815915,0,3.1026317800329144,0
Acinetobacter,R5,M2g,-3,3,FALSE,0.010743528955223113,0.0030411766133813405,408.77653373864393,0.010743528955223113,0.0030411766133813405,395.81148407237055,0,3.27556177321597,0
Acinetobacter,R5,M0,-3,6,FALSE,0.010184910396164598,0.00306797048226076,393.6981218387473,0.010184910396164598,0.00306797048226076,381.85070064815915,0,3.1026317800329144,0
Acinetobacter,R5,M2g,-3,6,FALSE,0.010743528955223113,0.0030411766133813405,408.77653373864393,0.010743528955223113,0.0030411766133813405,395.81148407237055,0,3.27556177321597,0
Acinetobacter,R5,M0,0,-6,FALSE,0.010191087885545957,0.0030669476543519762,382.0489512620485,0.010184910396164598,0.00306797048226076,381.85070064815915,-0.033338909702618116,0.05191835802653475,0.060653350310140776
Acinetobacter,R5,M2g,0,-6,FALSE,0.010983553710805803,0.0030327094404720176,403.36796896373346,0.010743528955223113,0.0030411766133813405,395.81148407237055,-0.2784176647968085,1.909112088819858,2.2341332776508134
Acinetobacter,R5,M0,0,-3,FALSE,0.010181212525567886,0.00306861190019646,381.7356820678259,0.010184910396164598,0.00306797048226076,381.85070064815915,0.020906913525037932,-0.03012134851082051,-0.03630734540486479
Acinetobacter,R5,M2g,0,-3,FALSE,0.010937623050244587,0.003034155183768992,401.39003555108906,0.010743528955223113,0.0030411766133813405,395.81148407237055,-0.23087871915935157,1.4093960643391847,1.8066139704227482
Acinetobacter,R5,M0,0,0,TRUE,0.010184910396164598,0.00306797048226076,381.85070064815915,0.010184910396164598,0.00306797048226076,381.85070064815915,0,0,0
Acinetobacter,R5,M2g,0,0,TRUE,0.010743528955223113,0.0030411766133813405,395.81148407237055,0.010743528955223113,0.0030411766133813405,395.81148407237055,0,0,0
Acinetobacter,R5,M0,0,3,FALSE,0.010184910396164598,0.00306797048226076,381.85070064815915,0.010184910396164598,0.00306797048226076,381.85070064815915,0,0,0
Acinetobacter,R5,M2g,0,3,FALSE,0.010743528955223113,0.0030411766133813405,395.81148407237055,0.010743528955223113,0.0030411766133813405,395.81148407237055,0,0,0
Acinetobacter,R5,M0,0,6,FALSE,0.010184910396164598,0.00306797048226076,381.85070064815915,0.010184910396164598,0.00306797048226076,381.85070064815915,0,0,0
Acinetobacter,R5,M2g,0,6,FALSE,0.010743528955223113,0.0030411766133813405,395.81148407237055,0.010743528955223113,0.0030411766133813405,395.81148407237055,0,0,0
Acinetobacter,R5,M0,3,-6,FALSE,0.010176683958099658,0.003165478094896299,381.70659387393147,0.010184910396164598,0.00306797048226076,381.85070064815915,3.1782448103505323,-0.037739036220981396,-0.08077084377726267
Acinetobacter,R5,M2g,3,-6,FALSE,0.010903831267866612,0.0031348359688700466,400.9759970893325,0.010743528955223113,0.0030411766133813405,395.81148407237055,3.0797078695331215,1.304791100001959,1.492082474125653
Acinetobacter,R5,M0,3,-3,FALSE,0.010167586057494484,0.0031670170044961047,381.4234036741705,0.010184910396164598,0.00306797048226076,381.85070064815915,3.2284053190224333,-0.11190158176044505,-0.17009809606805756
Acinetobacter,R5,M2g,3,-3,FALSE,0.010864090844879411,0.003136024094656253,399.2537119111584,0.010743528955223113,0.0030411766133813405,395.81148407237055,3.118775833589493,0.8696634578087374,1.1221814560073895
Acinetobacter,R5,M0,3,0,FALSE,0.010172799636156395,0.0031661145235828167,381.58318872159833,0.010184910396164598,0.00306797048226076,381.85070064815915,3.19898910010813,-0.07005668081968576,-0.11890885179278335
Acinetobacter,R5,M2g,3,0,FALSE,0.010662337003043202,0.0031431457420947203,393.6348162688572,0.010743528955223113,0.0030411766133813405,395.81148407237055,3.3529499163156156,-0.5499253788996571,-0.755728890556378
Acinetobacter,R5,M0,3,3,FALSE,0.010172799636156395,0.0031661145235828167,381.58318872159833,0.010184910396164598,0.00306797048226076,381.85070064815915,3.19898910010813,-0.07005668081968576,-0.11890885179278335
Acinetobacter,R5,M2g,3,3,FALSE,0.010662337003043202,0.0031431457420947203,393.6348162688572,0.010743528955223113,0.0030411766133813405,395.81148407237055,3.3529499163156156,-0.5499253788996571,-0.755728890556378
Acinetobacter,R5,M0,3,6,FALSE,0.010172799636156395,0.0031661145235828167,381.58318872159833,0.010184910396164598,0.00306797048226076,381.85070064815915,3.19898910010813,-0.07005668081968576,-0.11890885179278335
Acinetobacter,R5,M2g,3,6,FALSE,0.010662337003043202,0.0031431457420947203,393.6348162688572,0.010743528955223113,0.0030411766133813405,395.81148407237055,3.3529499163156156,-0.5499253788996571,-0.755728890556378
Acinetobacter,R5,M0,6,-6,FALSE,0.010158468007462658,0.0032678084131092687,381.27966182088176,0.010184910396164598,0.00306797048226076,381.85070064815915,6.513684926370274,-0.1495450515890376,-0.25962318443074184
Acinetobacter,R5,M2g,6,-6,FALSE,0.010756595945366276,0.0032432711226852554,396.85763235173124,0.010743528955223113,0.0030411766133813405,395.81148407237055,6.645273688304987,0.2643046807528744,0.12162661074981349
Acinetobacter,R5,M0,6,-3,FALSE,0.010150580389514033,0.0032691494463063056,381.0391987053856,0.010184910396164598,0.00306797048226076,381.85070064815915,6.557395685805244,-0.21251812328642486,-0.3370673409507116
Acinetobacter,R5,M2g,6,-3,FALSE,0.01073201300656646,0.0032439210565054165,395.6753540673457,0.010743528955223113,0.0030411766133813405,395.81148407237055,6.666644818718832,-0.034392636520858125,-0.1071896273994285
Acinetobacter,R5,M0,6,0,FALSE,0.010157764166039942,0.003267907890316832,381.2558455629234,0.010184910396164598,0.00306797048226076,381.85070064815915,6.5169273698076715,-0.155782111758868,-0.2665338139339797
Acinetobacter,R5,M2g,6,0,FALSE,0.010528635946283862,0.003250914180588284,390.23458366851094,0.010743528955223113,0.0030411766133813405,395.81148407237055,6.8965927951729915,-1.4089789276654552,-2.0002087752998325
Acinetobacter,R5,M0,6,3,FALSE,0.010157764166039942,0.003267907890316832,381.2558455629234,0.010184910396164598,0.00306797048226076,381.85070064815915,6.5169273698076715,-0.155782111758868,-0.2665338139339797
Acinetobacter,R5,M2g,6,3,FALSE,0.010528635946283862,0.003250914180588284,390.23458366851094,0.010743528955223113,0.0030411766133813405,395.81148407237055,6.8965927951729915,-1.4089789276654552,-2.0002087752998325
Acinetobacter,R5,M0,6,6,FALSE,0.010157764166039942,0.003267907890316832,381.2558455629234,0.010184910396164598,0.00306797048226076,381.85070064815915,6.5169273698076715,-0.155782111758868,-0.2665338139339797
Acinetobacter,R5,M2g,6,6,FALSE,0.010528635946283862,0.003250914180588284,390.23458366851094,0.010743528955223113,0.0030411766133813405,395.81148407237055,6.8965927951729915,-1.4089789276654552,-2.0002087752998325
Aeromonas_A,R1,M0,-6,-6,FALSE,0.021511689400102302,0.0011308654040208777,184.02493339947304,0.02152182973967399,0.0011301797926042852,161.8668453083873,0.06066392454360521,13.689083795307402,-0.04711653095645471
Aeromonas_A,R1,M2g,-6,-6,FALSE,0.021524366592850414,0.0011305321573799102,184.19615332891698,0.02152563080489433,0.0011300670764150494,161.90512804043627,0.04115516455325233,13.767955072376376,-0.005873054570958502
Aeromonas_A,R1,M0,-6,-3,FALSE,0.021501402872575733,0.0011315017966956442,183.85967864818676,0.02152182973967399,0.0011301797926042852,161.8668453083873,0.11697290112687908,13.5869907749786,-0.09491231621725334
Aeromonas_A,R1,M2g,-6,-3,FALSE,0.021514824039067095,0.0011311275576612702,184.03449163378895,0.02152563080489433,0.0011300670764150494,161.90512804043627,0.0938423274470591,13.668105427658725,-0.05020417717457286
Aeromonas_A,R1,M0,-6,0,FALSE,0.02152182973967399,0.0011301797926042852,184.17843316095735,0.02152182973967399,0.0011301797926042852,161.8668453083873,0,13.783914680033588,0
Aeromonas_A,R1,M2g,-6,0,FALSE,0.02152563080489433,0.0011300670764150494,184.22619423889614,0.02152563080489433,0.0011300670764150494,161.90512804043627,0,13.786509710109446,0
Aeromonas_A,R1,M0,-6,3,FALSE,0.02152182973967399,0.0011301797926042852,184.17843316095735,0.02152182973967399,0.0011301797926042852,161.8668453083873,0,13.783914680033588,0
Aeromonas_A,R1,M2g,-6,3,FALSE,0.02152563080489433,0.0011300670764150494,184.22619423889614,0.02152563080489433,0.0011300670764150494,161.90512804043627,0,13.786509710109446,0
Aeromonas_A,R1,M0,-6,6,FALSE,0.02152182973967399,0.0011301797926042852,184.17843316095735,0.02152182973967399,0.0011301797926042852,161.8668453083873,0,13.783914680033588,0
Aeromonas_A,R1,M2g,-6,6,FALSE,0.02152563080489433,0.0011300670764150494,184.22619423889614,0.02152563080489433,0.0011300670764150494,161.90512804043627,0,13.786509710109446,0
Aeromonas_A,R1,M0,-3,-6,FALSE,0.021511689400102302,0.0011308654040208777,172.52397077542517,0.02152182973967399,0.0011301797926042852,161.8668453083873,0.06066392454360521,6.583884084930432,-0.04711653095645471
Aeromonas_A,R1,M2g,-3,-6,FALSE,0.021524366592850414,0.0011305321573799102,172.67792267473112,0.02152563080489433,0.0011300670764150494,161.90512804043627,0.04115516455325233,6.6537698741724345,-0.005873054570958502
Aeromonas_A,R1,M0,-3,-3,FALSE,0.021501402872575733,0.0011315017966956442,172.37436322996277,0.02152182973967399,0.0011301797926042852,161.8668453083873,0.11697290112687908,6.4914577791126025,-0.09491231621725334
Aeromonas_A,R1,M2g,-3,-3,FALSE,0.021514824039067095,0.0011311275576612702,172.5313091733156,0.02152563080489433,0.0011300670764150494,161.90512804043627,0.0938423274470591,6.563214681023209,-0.05020417717457286
Aeromonas_A,R1,M0,-3,0,FALSE,0.02152182973967399,0.0011301797926042852,172.66262464588522,0.02152182973967399,0.0011301797926042852,161.8668453083873,0,6.669543300809932,0
Aeromonas_A,R1,M2g,-3,0,FALSE,0.02152563080489433,0.0011300670764150494,172.70543004390674,0.02152563080489433,0.0011300670764150494,161.90512804043627,0,6.670759681418536,0
Aeromonas_A,R1,M0,-3,3,FALSE,0.02152182973967399,0.0011301797926042852,172.66262464588522,0.02152182973967399,0.0011301797926042852,161.8668453083873,0,6.669543300809932,0
Aeromonas_A,R1,M2g,-3,3,FALSE,0.02152563080489433,0.0011300670764150494,172.70543004390674,0.02152563080489433,0.0011300670764150494,161.90512804043627,0,6.670759681418536,0
Aeromonas_A,R1,M0,-3,6,FALSE,0.02152182973967399,0.0011301797926042852,172.66262464588522,0.02152182973967399,0.0011301797926042852,161.8668453083873,0,6.669543300809932,0
Aeromonas_A,R1,M2g,-3,6,FALSE,0.02152563080489433,0.0011300670764150494,172.70543004390674,0.02152563080489433,0.0011300670764150494,161.90512804043627,0,6.670759681418536,0
Aeromonas_A,R1,M0,0,-6,FALSE,0.021511689400102302,0.0011308654040208777,161.74178108522003,0.02152182973967399,0.0011301797926042852,161.8668453083873,0.06066392454360521,-0.07726364403346475,-0.04711653095645471
Aeromonas_A,R1,M2g,0,-6,FALSE,0.021524366592850414,0.0011305321573799102,161.8799548219412,0.02152563080489433,0.0011300670764150494,161.90512804043627,0.04115516455325233,-0.01554812920365476,-0.005873054570958502
Aeromonas_A,R1,M0,0,-3,FALSE,0.021501402872575733,0.0011315017966956442,161.60651055955805,0.02152182973967399,0.0011301797926042852,161.8668453083873,0.11697290112687908,-0.16083265744338432,-0.09491231621725334
Aeromonas_A,R1,M2g,0,-3,FALSE,0.021514824039067095,0.0011311275576612702,161.74713979318523,0.02152563080489433,0.0011300670764150494,161.90512804043627,0.0938423274470591,-0.09758075557161014,-0.05020417717457286
Aeromonas_A,R1,M0,0,0,TRUE,0.02152182973967399,0.0011301797926042852,161.8668453083873,0.02152182973967399,0.0011301797926042852,161.8668453083873,0,0,0
Aeromonas_A,R1,M2g,0,0,TRUE,0.02152563080489433,0.0011300670764150494,161.90512804043627,0.02152563080489433,0.0011300670764150494,161.90512804043627,0,0,0
Aeromonas_A,R1,M0,0,3,FALSE,0.02152182973967399,0.0011301797926042852,161.8668453083873,0.02152182973967399,0.0011301797926042852,161.8668453083873,0,0,0
Aeromonas_A,R1,M2g,0,3,FALSE,0.02152563080489433,0.0011300670764150494,161.90512804043627,0.02152563080489433,0.0011300670764150494,161.90512804043627,0,0,0
Aeromonas_A,R1,M0,0,6,FALSE,0.02152182973967399,0.0011301797926042852,161.8668453083873,0.02152182973967399,0.0011301797926042852,161.8668453083873,0,0,0
Aeromonas_A,R1,M2g,0,6,FALSE,0.02152563080489433,0.0011300670764150494,161.90512804043627,0.02152563080489433,0.0011300670764150494,161.90512804043627,0,0,0
Aeromonas_A,R1,M0,3,-6,FALSE,0.021541092322804743,0.0012038237170119558,162.0487571617687,0.02152182973967399,0.0011301797926042852,161.8668453083873,6.516124681186534,0.11238364041432736,0.08950253469964893
Aeromonas_A,R1,M2g,3,-6,FALSE,0.02163762100532452,0.0012012810680650506,163.0983517904611,0.02152563080489433,0.0011300670764150494,161.90512804043627,6.301749085188441,0.736989473073896,0.5202644300892179
Aeromonas_A,R1,M0,3,-3,FALSE,0.021526506243285462,0.0012047452695777667,161.85843614660092,0.02152182973967399,0.0011301797926042852,161.8668453083873,6.597665031831749,-0.005195110691354855,0.02172911721743509
Aeromonas_A,R1,M2g,3,-3,FALSE,0.021703939082319955,0.001199775562763175,163.71622985635793,0.02152563080489433,0.0011300670764150494,161.90512804043627,6.168526435551433,1.1186191801592178,0.8283533200108767
Aeromonas_A,R1,M0,3,0,FALSE,0.021544917997687225,0.0012035155726541778,162.08974859759022,0.02152182973967399,0.0011301797926042852,161.8668453083873,6.488859607098815,0.13770781087272366,0.10727832295165723
Aeromonas_A,R1,M2g,3,0,FALSE,0.021562191021724016,0.0012030015033424025,162.26280074538417,0.02152563080489433,0.0011300670764150494,161.90512804043627,6.453990957662922,0.22091499464956543,0.1698450426891779
Aeromonas_A,R1,M0,3,3,FALSE,0.021544917997687225,0.0012035155726541778,162.08974859759022,0.02152182973967399,0.0011301797926042852,161.8668453083873,6.488859607098815,0.13770781087272366,0.10727832295165723
Aeromonas_A,R1,M2g,3,3,FALSE,0.021562191021724016,0.0012030015033424025,162.26280074538417,0.02152563080489433,0.0011300670764150494,161.90512804043627,6.453990957662922,0.22091499464956543,0.1698450426891779
Aeromonas_A,R1,M0,3,6,FALSE,0.021544917997687225,0.0012035155726541778,162.08974859759022,0.02152182973967399,0.0011301797926042852,161.8668453083873,6.488859607098815,0.13770781087272366,0.10727832295165723
Aeromonas_A,R1,M2g,3,6,FALSE,0.021562191021724016,0.0012030015033424025,162.26280074538417,0.02152563080489433,0.0011300670764150494,161.90512804043627,6.453990957662922,0.22091499464956543,0.1698450426891779
Aeromonas_A,R1,M0,6,-6,FALSE,0.021493692753036305,0.001288201808508587,161.556510934903,0.02152182973967399,0.0011301797926042852,161.8668453083873,13.982024536128895,-0.19172201255485571,-0.13073696325093445
Aeromonas_A,R1,M2g,6,-6,FALSE,0.02149544774829457,0.001288155691357647,161.57535841194,0.02152563080489433,0.0011300670764150494,161.90512804043627,13.989312514448917,-0.2036807805209967,-0.14021915024620982
Aeromonas_A,R1,M0,6,-3,FALSE,0.02148449364546753,0.001288805691768591,161.43902296390763,0.02152182973967399,0.0011301797926042852,161.8668453083873,14.03545703102535,-0.2643051105768953,-0.1734801113942209
Aeromonas_A,R1,M2g,6,-3,FALSE,0.021487395011985964,0.0012887226379066346,161.46900688761667,0.02152563080489433,0.0011300670764150494,161.90512804043627,14.03948179738973,-0.2693683381731261,-0.17762914013962955
Aeromonas_A,R1,M0,6,0,FALSE,0.021509365573921642,0.0012871055803890341,161.74832753727523,0.02152182973967399,0.0011301797926042852,161.8668453083873,13.885028630988279,-0.07321930002791385,-0.05791406169045539
Aeromonas_A,R1,M2g,6,0,FALSE,0.021517525031608288,0.0012868618682324718,161.8293524063369,0.02152563080489433,0.0011300670764150494,161.90512804043627,13.874821688888408,-0.04680249169157439,-0.03765637978050635
Aeromonas_A,R1,M0,6,3,FALSE,0.021509365573921642,0.0012871055803890341,161.74832753727523,0.02152182973967399,0.0011301797926042852,161.8668453083873,13.885028630988279,-0.07321930002791385,-0.05791406169045539
Aeromonas_A,R1,M2g,6,3,FALSE,0.021517525031608288,0.0012868618682324718,161.8293524063369,0.02152563080489433,0.0011300670764150494,161.90512804043627,13.874821688888408,-0.04680249169157439,-0.03765637978050635
Aeromonas_A,R1,M0,6,6,FALSE,0.021509365573921642,0.0012871055803890341,161.74832753727523,0.02152182973967399,0.0011301797926042852,161.8668453083873,13.885028630988279,-0.07321930002791385,-0.05791406169045539
Aeromonas_A,R1,M2g,6,6,FALSE,0.021517525031608288,0.0012868618682324718,161.8293524063369,0.02152563080489433,0.0011300670764150494,161.90512804043627,13.874821688888408,-0.04680249169157439,-0.03765637978050635
Aeromonas_A,R2,M0,-6,-6,FALSE,0.019900154447233625,0.001630424473934187,128.8734038633547,0.01990585449241123,0.00163003554620612,114.42383839458297,0.023860076485580622,12.62810763168367,-0.028635018807047954
Aeromonas_A,R2,M2g,-6,-6,FALSE,0.019905713609129252,0.0016302064440417128,128.9160480000992,0.019910303014816767,0.0016298388770207796,114.44847656164359,0.02255235324887827,12.641121903150173,-0.023050406033995538
Aeromonas_A,R2,M0,-6,-3,FALSE,0.019946121637790717,0.0016262177987747262,129.3233892354122,0.01990585449241123,0.00163003554620612,114.42383839458297,-0.23421252624088917,13.021369541414202,0.20228795199340713
Aeromonas_A,R2,M2g,-6,-3,FALSE,0.019949435975202996,0.0016260786768684558,129.34780287485066,0.019910303014816767,0.0016298388770207796,114.44847656164359,-0.2307099312293442,13.018370152950075,0.19654628238007138
Aeromonas_A,R2,M0,-6,0,FALSE,0.01990585449241123,0.00163003554620612,128.93966242071002,0.01990585449241123,0.00163003554620612,114.42383839458297,0,12.686013884685636,0
Aeromonas_A,R2,M2g,-6,0,FALSE,0.019910303014816767,0.0016298388770207796,128.97086852191444,0.019910303014816767,0.0016298388770207796,114.44847656164359,0,12.689021642370996,0
Aeromonas_A,R2,M0,-6,3,FALSE,0.01990585449241123,0.00163003554620612,128.93966242071002,0.01990585449241123,0.00163003554620612,114.42383839458297,0,12.686013884685636,0
Aeromonas_A,R2,M2g,-6,3,FALSE,0.019910303014816767,0.0016298388770207796,128.97086852191444,0.019910303014816767,0.0016298388770207796,114.44847656164359,0,12.689021642370996,0
Aeromonas_A,R2,M0,-6,6,FALSE,0.01990585449241123,0.00163003554620612,128.93966242071002,0.01990585449241123,0.00163003554620612,114.42383839458297,0,12.686013884685636,0
Aeromonas_A,R2,M2g,-6,6,FALSE,0.019910303014816767,0.0016298388770207796,128.97086852191444,0.019910303014816767,0.0016298388770207796,114.44847656164359,0,12.689021642370996,0
Aeromonas_A,R2,M0,-3,-6,FALSE,0.019900154447233625,0.001630424473934187,121.40476081133386,0.01990585449241123,0.00163003554620612,114.42383839458297,0.023860076485580622,6.100933611995816,-0.028635018807047954
Aeromonas_A,R2,M2g,-3,-6,FALSE,0.019905713609129252,0.0016302064440417128,121.44290819904715,0.019910303014816767,0.0016298388770207796,114.44847656164359,0.02255235324887827,6.111423976566664,-0.023050406033995538
Aeromonas_A,R2,M0,-3,-3,FALSE,0.019946121637790717,0.0016262177987747262,121.81186882565548,0.01990585449241123,0.00163003554620612,114.42383839458297,-0.23421252624088917,6.456723122322971,0.20228795199340713
Aeromonas_A,R2,M2g,-3,-3,FALSE,0.019949435975202996,0.0016260786768684558,121.83365304248687,0.019910303014816767,0.0016298388770207796,114.44847656164359,-0.2307099312293442,6.452839480886863,0.19654628238007138
Aeromonas_A,R2,M0,-3,0,FALSE,0.01990585449241123,0.00163003554620612,121.46510237710008,0.01990585449241123,0.00163003554620612,114.42383839458297,0,6.153668747097767,0
Aeromonas_A,R2,M2g,-3,0,FALSE,0.019910303014816767,0.0016298388770207796,121.49287807589857,0.019910303014816767,0.0016298388770207796,114.44847656164359,0,6.155085437472617,0
Aeromonas_A,R2,M0,-3,3,FALSE,0.01990585449241123,0.00163003554620612,121.46510237710008,0.01990585449241123,0.00163003554620612,114.42383839458297,0,6.153668747097767,0
Aeromonas_A,R2,M2g,-3,3,FALSE,0.019910303014816767,0.0016298388770207796,121.49287807589857,0.019910303014816767,0.0016298388770207796,114.44847656164359,0,6.155085437472617,0
Aeromonas_A,R2,M0,-3,6,FALSE,0.01990585449241123,0.00163003554620612,121.46510237710008,0.01990585449241123,0.00163003554620612,114.42383839458297,0,6.153668747097767,0
Aeromonas_A,R2,M2g,-3,6,FALSE,0.019910303014816767,0.0016298388770207796,121.49287807589857,0.019910303014816767,0.0016298388770207796,114.44847656164359,0,6.155085437472617,0
Aeromonas_A,R2,M0,0,-6,FALSE,0.019900154447233625,0.001630424473934187,114.36895050343485,0.01990585449241123,0.00163003554620612,114.42383839458297,0.023860076485580622,-0.047968930179434745,-0.028635018807047954
Aeromonas_A,R2,M2g,0,-6,FALSE,0.019905713609129252,0.0016302064440417128,114.40297915299764,0.019910303014816767,0.0016298388770207796,114.44847656164359,0.02255235324887827,-0.03975361666036457,-0.023050406033995538
Aeromonas_A,R2,M0,0,-3,FALSE,0.019946121637790717,0.0016262177987747262,114.73664179793721,0.01990585449241123,0.00163003554620612,114.42383839458297,-0.23421252624088917,0.2733725836705076,0.20228795199340713
Aeromonas_A,R2,M2g,0,-3,FALSE,0.019949435975202996,0.0016260786768684558,114.7560196908695,0.019910303014816767,0.0016298388770207796,114.44847656164359,-0.2307099312293442,0.2687175386386714,0.19654628238007138
Aeromonas_A,R2,M0,0,0,TRUE,0.01990585449241123,0.00163003554620612,114.42383839458297,0.01990585449241123,0.00163003554620612,114.42383839458297,0,0,0
Aeromonas_A,R2,M2g,0,0,TRUE,0.019910303014816767,0.0016298388770207796,114.44847656164359,0.019910303014816767,0.0016298388770207796,114.44847656164359,0,0,0
Aeromonas_A,R2,M0,0,3,FALSE,0.01990585449241123,0.00163003554620612,114.42383839458297,0.01990585449241123,0.00163003554620612,114.42383839458297,0,0,0
Aeromonas_A,R2,M2g,0,3,FALSE,0.019910303014816767,0.0016298388770207796,114.44847656164359,0.019910303014816767,0.0016298388770207796,114.44847656164359,0,0,0
Aeromonas_A,R2,M0,0,6,FALSE,0.01990585449241123,0.00163003554620612,114.42383839458297,0.01990585449241123,0.00163003554620612,114.42383839458297,0,0,0
Aeromonas_A,R2,M2g,0,6,FALSE,0.019910303014816767,0.0016298388770207796,114.44847656164359,0.019910303014816767,0.0016298388770207796,114.44847656164359,0,0,0
Aeromonas_A,R2,M0,3,-6,FALSE,0.019904976023295554,0.0017301309065550939,114.39747938867855,0.01990585449241123,0.00163003554620612,114.42383839458297,6.1406857403781245,-0.023036288831290098,-0.004413119346426738
Aeromonas_A,R2,M2g,3,-6,FALSE,0.01990837593162582,0.0017299991965227775,114.41810062803063,0.019910303014816767,0.0016298388770207796,114.44847656164359,6.145412341929365,-0.02654114281424956,-0.009678824021472143
Aeromonas_A,R2,M0,3,-3,FALSE,0.019952618625051453,0.0017256668290993099,114.77308255607595,0.01990585449241123,0.00163003554620612,114.42383839458297,5.866821930096559,0.30521975699559284,0.23492652705791142
Aeromonas_A,R2,M2g,3,-3,FALSE,0.019958672054173312,0.0017254161125538506,114.80810732999078,0.019910303014816767,0.0016298388770207796,114.44847656164359,5.864213750243759,0.31422940623721235,0.24293472239247302
Aeromonas_A,R2,M0,3,0,FALSE,0.01990961885099087,0.0017298459948224298,114.44399337725804,0.01990585449241123,0.00163003554620612,114.42383839458297,6.12320687414559,0.017614321419251226,0.018910811294602564
Aeromonas_A,R2,M2g,3,0,FALSE,0.01991506266658707,0.0017296040211173644,114.47388775562482,0.019910303014816767,0.0016298388770207796,114.44847656164359,6.121166055318786,0.022203173641669897,0.02390547128671216
Aeromonas_A,R2,M0,3,3,FALSE,0.01990961885099087,0.0017298459948224298,114.44399337725804,0.01990585449241123,0.00163003554620612,114.42383839458297,6.12320687414559,0.017614321419251226,0.018910811294602564
Aeromonas_A,R2,M2g,3,3,FALSE,0.01991506266658707,0.0017296040211173644,114.47388775562482,0.019910303014816767,0.0016298388770207796,114.44847656164359,6.121166055318786,0.022203173641669897,0.02390547128671216
Aeromonas_A,R2,M0,3,6,FALSE,0.01990961885099087,0.0017298459948224298,114.44399337725804,0.01990585449241123,0.00163003554620612,114.42383839458297,6.12320687414559,0.017614321419251226,0.018910811294602564
Aeromonas_A,R2,M2g,3,6,FALSE,0.01991506266658707,0.0017296040211173644,114.47388775562482,0.019910303014816767,0.0016298388770207796,114.44847656164359,6.121166055318786,0.022203173641669897,0.02390547128671216
Aeromonas_A,R2,M0,6,-6,FALSE,0.019932288833048872,0.0018330948137530287,114.5545459283348,0.01990585449241123,0.00163003554620612,114.42383839458297,12.45735211232207,0.11423103400979706,0.1327968143629279
Aeromonas_A,R2,M2g,6,-6,FALSE,0.019935570486050855,0.0018329640930378733,114.57432060413564,0.019910303014816767,0.0016298388770207796,114.44847656164359,12.462901632852875,0.10995693981498002,0.12690651275013473
Aeromonas_A,R2,M0,6,-3,FALSE,0.019979008753782355,0.0018286254071182308,114.91787384142275,0.01990585449241123,0.00163003554620612,114.42383839458297,12.183161365672381,0.43175919788333444,0.3675012363775383
Aeromonas_A,R2,M2g,6,-3,FALSE,0.019985249708524628,0.0018283631542563876,114.95375363996429,0.019910303014816767,0.0016298388770207796,114.44847656164359,12.180607545605683,0.4414886886227384,0.37642166295554524
Aeromonas_A,R2,M0,6,0,FALSE,0.01993063236480352,0.0018334369886543924,114.55315087294964,0.01990585449241123,0.00163003554620612,114.42383839458297,12.478343979779204,0.11301183405571993,0.12447530148347376
Aeromonas_A,R2,M2g,6,0,FALSE,0.0199325019017003,0.001833353678703477,114.56332847126407,0.019910303014816767,0.0016298388770207796,114.44847656164359,12.486804956739455,0.10035250190387877,0.1114944703102362
Aeromonas_A,R2,M0,6,3,FALSE,0.01993063236480352,0.0018334369886543924,114.55315087294964,0.01990585449241123,0.00163003554620612,114.42383839458297,12.478343979779204,0.11301183405571993,0.12447530148347376
Aeromonas_A,R2,M2g,6,3,FALSE,0.0199325019017003,0.001833353678703477,114.56332847126407,0.019910303014816767,0.0016298388770207796,114.44847656164359,12.486804956739455,0.10035250190387877,0.1114944703102362
Aeromonas_A,R2,M0,6,6,FALSE,0.01993063236480352,0.0018334369886543924,114.55315087294964,0.01990585449241123,0.00163003554620612,114.42383839458297,12.478343979779204,0.11301183405571993,0.12447530148347376
Aeromonas_A,R2,M2g,6,6,FALSE,0.0199325019017003,0.001833353678703477,114.56332847126407,0.019910303014816767,0.0016298388770207796,114.44847656164359,12.486804956739455,0.10035250190387877,0.1114944703102362
Aeromonas_A,R3,M0,-6,-6,FALSE,0.024607962742041283,9.206878585294688e-4,166.33452058121148,0.02463468815971646,9.19021051773819e-4,143.7491392206797,0.18136763596793207,15.71166372402365,-0.10848693314851787
Aeromonas_A,R3,M2g,-6,-6,FALSE,0.025214904359284838,9.015734312632e-4,171.91398476027325,0.024820155247165177,9.125460834717164e-4,144.89849593474338,-1.2024217085861277,18.644423222789417,1.59043772365101
Aeromonas_A,R3,M0,-6,-3,FALSE,0.024620588373718423,9.199225050750494e-4,166.48613466244063,0.02463468815971646,9.19021051773819e-4,143.7491392206797,0.09808842784292048,15.817135020791834,-0.05723549616955992
Aeromonas_A,R3,M2g,-6,-3,FALSE,0.024996741606676007,9.074399423698767e-4,169.75313657681917,0.024820155247165177,9.125460834717164e-4,144.89849593474338,-0.5595488484717109,17.15313915561232,0.7114635575496611
Aeromonas_A,R3,M0,-6,0,FALSE,0.02463468815971646,9.19021051773819e-4,166.64700296569026,0.02463468815971646,9.19021051773819e-4,143.7491392206797,0,15.929044075775927,0
Aeromonas_A,R3,M2g,-6,0,FALSE,0.024820155247165177,9.125460834717164e-4,168.1664732091439,0.024820155247165177,9.125460834717164e-4,144.89849593474338,0,16.058122014516638,0
Aeromonas_A,R3,M0,-6,3,FALSE,0.02463468815971646,9.19021051773819e-4,166.64700296569026,0.02463468815971646,9.19021051773819e-4,143.7491392206797,0,15.929044075775927,0
Aeromonas_A,R3,M2g,-6,3,FALSE,0.024820155247165177,9.125460834717164e-4,168.1664732091439,0.024820155247165177,9.125460834717164e-4,144.89849593474338,0,16.058122014516638,0
Aeromonas_A,R3,M0,-6,6,FALSE,0.02463468815971646,9.19021051773819e-4,166.64700296569026,0.02463468815971646,9.19021051773819e-4,143.7491392206797,0,15.929044075775927,0
Aeromonas_A,R3,M2g,-6,6,FALSE,0.024820155247165177,9.125460834717164e-4,168.1664732091439,0.024820155247165177,9.125460834717164e-4,144.89849593474338,0,16.058122014516638,0
Aeromonas_A,R3,M0,-3,-6,FALSE,0.024607962742041283,9.206878585294688e-4,154.49736738210615,0.02463468815971646,9.19021051773819e-4,143.7491392206797,0.18136763596793207,7.477073059147904,-0.10848693314851787
Aeromonas_A,R3,M2g,-3,-6,FALSE,0.025214904359284838,9.015734312632e-4,159.38928608033075,0.024820155247165177,9.125460834717164e-4,144.89849593474338,-1.2024217085861277,10.000649111025593,1.59043772365101
Aeromonas_A,R3,M0,-3,-3,FALSE,0.024620588373718423,9.199225050750494e-4,154.63233478276413,0.02463468815971646,9.19021051773819e-4,143.7491392206797,0.09808842784292048,7.570963987044721,-0.05723549616955992
Aeromonas_A,R3,M2g,-3,-3,FALSE,0.024996741606676007,9.074399423698767e-4,157.4889062178627,0.024820155247165177,9.125460834717164e-4,144.89849593474338,-0.5595488484717109,8.689124205119118,0.7114635575496611
Aeromonas_A,R3,M0,-3,0,FALSE,0.02463468815971646,9.19021051773819e-4,154.7752022451401,0.02463468815971646,9.19021051773819e-4,143.7491392206797,0,7.670350642958281,0
Aeromonas_A,R3,M2g,-3,0,FALSE,0.024820155247165177,9.125460834717164e-4,156.09954847678222,0.024820155247165177,9.125460834717164e-4,144.89849593474338,0,7.730275231485739,0
Aeromonas_A,R3,M0,-3,3,FALSE,0.02463468815971646,9.19021051773819e-4,154.7752022451401,0.02463468815971646,9.19021051773819e-4,143.7491392206797,0,7.670350642958281,0
Aeromonas_A,R3,M2g,-3,3,FALSE,0.024820155247165177,9.125460834717164e-4,156.09954847678222,0.024820155247165177,9.125460834717164e-4,144.89849593474338,0,7.730275231485739,0
Aeromonas_A,R3,M0,-3,6,FALSE,0.02463468815971646,9.19021051773819e-4,154.7752022451401,0.02463468815971646,9.19021051773819e-4,143.7491392206797,0,7.670350642958281,0
Aeromonas_A,R3,M2g,-3,6,FALSE,0.024820155247165177,9.125460834717164e-4,156.09954847678222,0.024820155247165177,9.125460834717164e-4,144.89849593474338,0,7.730275231485739,0
Aeromonas_A,R3,M0,0,-6,FALSE,0.024607962742041283,9.206878585294688e-4,143.50260213331603,0.02463468815971646,9.19021051773819e-4,143.7491392206797,0.18136763596793207,-0.171505087752342,-0.10848693314851787
Aeromonas_A,R3,M2g,0,-6,FALSE,0.025214904359284838,9.015734312632e-4,147.7770674248731,0.024820155247165177,9.125460834717164e-4,144.89849593474338,-1.2024217085861277,1.9866124017092115,1.59043772365101
Aeromonas_A,R3,M0,0,-3,FALSE,0.024620588373718423,9.199225050750494e-4,143.62252453545142,0.02463468815971646,9.19021051773819e-4,143.7491392206797,0.09808842784292048,-0.08808030845590008,-0.05723549616955992
Aeromonas_A,R3,M2g,0,-3,FALSE,0.024996741606676007,9.074399423698767e-4,146.11073516438182,0.024820155247165177,9.125460834717164e-4,144.89849593474338,-0.5595488484717109,0.83661270727364,0.7114635575496611
Aeromonas_A,R3,M0,0,0,TRUE,0.02463468815971646,9.19021051773819e-4,143.7491392206797,0.02463468815971646,9.19021051773819e-4,143.7491392206797,0,0,0
Aeromonas_A,R3,M2g,0,0,TRUE,0.024820155247165177,9.125460834717164e-4,144.89849593474338,0.024820155247165177,9.125460834717164e-4,144.89849593474338,0,0,0
Aeromonas_A,R3,M0,0,3,FALSE,0.02463468815971646,9.19021051773819e-4,143.7491392206797,0.02463468815971646,9.19021051773819e-4,143.7491392206797,0,0,0
Aeromonas_A,R3,M2g,0,3,FALSE,0.024820155247165177,9.125460834717164e-4,144.89849593474338,0.024820155247165177,9.125460834717164e-4,144.89849593474338,0,0,0
Aeromonas_A,R3,M0,0,6,FALSE,0.02463468815971646,9.19021051773819e-4,143.7491392206797,0.02463468815971646,9.19021051773819e-4,143.7491392206797,0,0,0
Aeromonas_A,R3,M2g,0,6,FALSE,0.024820155247165177,9.125460834717164e-4,144.89849593474338,0.024820155247165177,9.125460834717164e-4,144.89849593474338,0,0,0
Aeromonas_A,R3,M0,3,-6,FALSE,0.02457297056131432,9.940631960277892e-4,143.26469857744493,0.02463468815971646,9.19021051773819e-4,143.7491392206797,8.165443447582623,-0.33700420458940117,-0.2505312752570683
Aeromonas_A,R3,M2g,3,-6,FALSE,0.02505119878717972,9.786192078247182e-4,146.60370341853923,0.024820155247165177,9.125460834717164e-4,144.89849593474338,7.240524675929932,1.1768289745145488,0.9308706481234933
Aeromonas_A,R3,M0,3,-3,FALSE,0.024590428505818024,9.929599989525904e-4,143.42842852520147,0.02463468815971646,9.19021051773819e-4,143.7491392206797,8.04540299006868,-0.223104428462615,-0.17966395032680685
Aeromonas_A,R3,M2g,3,-3,FALSE,0.024842851684972266,9.843591236943065e-4,145.08489278167636,0.024820155247165177,9.125460834717164e-4,144.89849593474338,7.86952478601218,0.12863960093617877,0.09144357712944036
Aeromonas_A,R3,M0,3,0,FALSE,0.024608775549547275,9.917408992156792e-4,143.59186097586692,0.02463468815971646,9.19021051773819e-4,143.7491392206797,7.912750997542696,-0.1094116080732305,-0.10518749010007246
Aeromonas_A,R3,M2g,3,0,FALSE,0.024676193081038383,9.893211610388002e-4,144.00657462148862,0.024820155247165177,9.125460834717164e-4,144.89849593474338,8.413282239401925,-0.6155490486639985,-0.5800212153920206
Aeromonas_A,R3,M0,3,3,FALSE,0.024608775549547275,9.917408992156792e-4,143.59186097586692,0.02463468815971646,9.19021051773819e-4,143.7491392206797,7.912750997542696,-0.1094116080732305,-0.10518749010007246
Aeromonas_A,R3,M2g,3,3,FALSE,0.024676193081038383,9.893211610388002e-4,144.00657462148862,0.024820155247165177,9.125460834717164e-4,144.89849593474338,8.413282239401925,-0.6155490486639985,-0.5800212153920206
Aeromonas_A,R3,M0,3,6,FALSE,0.024608775549547275,9.917408992156792e-4,143.59186097586692,0.02463468815971646,9.19021051773819e-4,143.7491392206797,7.912750997542696,-0.1094116080732305,-0.10518749010007246
Aeromonas_A,R3,M2g,3,6,FALSE,0.024676193081038383,9.893211610388002e-4,144.00657462148862,0.024820155247165177,9.125460834717164e-4,144.89849593474338,8.413282239401925,-0.6155490486639985,-0.5800212153920206
Aeromonas_A,R3,M0,6,-6,FALSE,0.024528360207587502,0.001100557959636669,146.51452755345528,0.02463468815971646,9.19021051773819e-4,143.7491392206797,19.75329156089106,1.9237599249413513,-0.43161882723902373
Aeromonas_A,R3,M2g,6,-6,FALSE,0.02481875188512001,0.0010908911383169172,148.60987141833868,0.024820155247165177,9.125460834717164e-4,144.89849593474338,19.543676541430088,2.561362324469374,-0.005654122753035358
Aeromonas_A,R3,M0,6,-3,FALSE,0.024552486962220146,0.0010989485033597074,146.74579615221043,0.02463468815971646,9.19021051773819e-4,143.7491392206797,19.578164312842155,2.08464339179823,-0.33368069026639163
Aeromonas_A,R3,M2g,6,-3,FALSE,0.024626926384883164,0.0010963291310689767,147.25167381519861,0.024820155247165177,9.125460834717164e-4,144.89849593474338,20.139590857490816,1.624018155105636,-0.7785159293235397
Aeromonas_A,R3,M0,6,0,FALSE,0.024576629876939097,0.0010972583529709123,146.96660573760494,0.02463468815971646,9.19021051773819e-4,143.7491392206797,19.394256622639315,2.2382509797056085,-0.23567695438622505
Aeromonas_A,R3,M2g,6,0,FALSE,0.02458540795190098,0.0010969328135246057,147.02273063412747,0.024820155247165177,9.125460834717164e-4,144.89849593474338,20.205744498009693,1.4660156999426426,-0.9457930175155149
Aeromonas_A,R3,M0,6,3,FALSE,0.024576629876939097,0.0010972583529709123,146.96660573760494,0.02463468815971646,9.19021051773819e-4,143.7491392206797,19.394256622639315,2.2382509797056085,-0.23567695438622505
Aeromonas_A,R3,M2g,6,3,FALSE,0.02458540795190098,0.0010969328135246057,147.02273063412747,0.024820155247165177,9.125460834717164e-4,144.89849593474338,20.205744498009693,1.4660156999426426,-0.9457930175155149
Aeromonas_A,R3,M0,6,6,FALSE,0.024576629876939097,0.0010972583529709123,146.96660573760494,0.02463468815971646,9.19021051773819e-4,143.7491392206797,19.394256622639315,2.2382509797056085,-0.23567695438622505
Aeromonas_A,R3,M2g,6,6,FALSE,0.02458540795190098,0.0010969328135246057,147.02273063412747,0.024820155247165177,9.125460834717164e-4,144.89849593474338,20.205744498009693,1.4660156999426426,-0.9457930175155149
Aeromonas_A,R4,M0,-6,-6,FALSE,0.021771410374736372,0.0012712082427289463,200.88035277294273,0.0216194941726135,0.00128098865506093,174.16300849703214,-0.7635049922841424,15.34042418448799,0.7026815748321825
Aeromonas_A,R4,M2g,-6,-6,FALSE,0.022892642377025055,0.001241100935730269,217.55970319109068,0.02295176871464989,0.0012405790931157823,188.66650788046482,0.04206443727631131,15.314427364570708,-0.2576112471327502
Aeromonas_A,R4,M0,-6,-3,FALSE,0.021656793248744283,0.0012785346893635675,198.91248042956244,0.0216194941726135,0.00128098865506093,174.16300849703214,-0.19156810543694983,14.210521594746133,0.1725252026387921
Aeromonas_A,R4,M2g,-6,-3,FALSE,0.02319361488093402,0.0012346731100845074,221.00710417015205,0.02295176871464989,0.0012405790931157823,188.66650788046482,-0.47606662598526717,17.141673237614363,1.0537147236490088
Aeromonas_A,R4,M0,-6,0,FALSE,0.0216194941726135,0.00128098865506093,198.2856476874482,0.0216194941726135,0.00128098865506093,174.16300849703214,0,13.850610068456145,0
Aeromonas_A,R4,M2g,-6,0,FALSE,0.02295176871464989,0.0012405790931157823,216.5218703664857,0.02295176871464989,0.0012405790931157823,188.66650788046482,0,14.76433883202495,0
Aeromonas_A,R4,M0,-6,3,FALSE,0.0216194941726135,0.00128098865506093,198.2856476874482,0.0216194941726135,0.00128098865506093,174.16300849703214,0,13.850610068456145,0
Aeromonas_A,R4,M2g,-6,3,FALSE,0.02295176871464989,0.0012405790931157823,216.5218703664857,0.02295176871464989,0.0012405790931157823,188.66650788046482,0,14.76433883202495,0
Aeromonas_A,R4,M0,-6,6,FALSE,0.0216194941726135,0.00128098865506093,198.2856476874482,0.0216194941726135,0.00128098865506093,174.16300849703214,0,13.850610068456145,0
Aeromonas_A,R4,M2g,-6,6,FALSE,0.02295176871464989,0.0012405790931157823,216.5218703664857,0.02295176871464989,0.0012405790931157823,188.66650788046482,0,14.76433883202495,0
Aeromonas_A,R4,M0,-3,-6,FALSE,0.021771410374736372,0.0012712082427289463,188.1793015303285,0.0216194941726135,0.00128098865506093,174.16300849703214,-0.7635049922841424,8.047801398386623,0.7026815748321825
Aeromonas_A,R4,M2g,-3,-6,FALSE,0.022892642377025055,0.001241100935730269,203.11968430383226,0.02295176871464989,0.0012405790931157823,188.66650788046482,0.04206443727631131,7.6607006647542715,-0.2576112471327502
Aeromonas_A,R4,M0,-3,-3,FALSE,0.021656793248744283,0.0012785346893635675,186.3999346018335,0.0216194941726135,0.00128098865506093,174.16300849703214,-0.19156810543694983,7.026133856093726,0.1725252026387921
Aeromonas_A,R4,M2g,-3,-3,FALSE,0.02319361488093402,0.0012346731100845074,206.15204971257236,0.02295176871464989,0.0012405790931157823,188.66650788046482,-0.47606662598526717,9.267962834816457,1.0537147236490088
Aeromonas_A,R4,M0,-3,0,FALSE,0.0216194941726135,0.00128098865506093,185.8333257062053,0.0216194941726135,0.00128098865506093,174.16300849703214,0,6.700801341159672,0
Aeromonas_A,R4,M2g,-3,0,FALSE,0.02295176871464989,0.0012405790931157823,202.11488109931827,0.02295176871464989,0.0012405790931157823,188.66650788046482,0,7.128119012715314,0
Aeromonas_A,R4,M0,-3,3,FALSE,0.0216194941726135,0.00128098865506093,185.8333257062053,0.0216194941726135,0.00128098865506093,174.16300849703214,0,6.700801341159672,0
Aeromonas_A,R4,M2g,-3,3,FALSE,0.02295176871464989,0.0012405790931157823,202.11488109931827,0.02295176871464989,0.0012405790931157823,188.66650788046482,0,7.128119012715314,0
Aeromonas_A,R4,M0,-3,6,FALSE,0.0216194941726135,0.00128098865506093,185.8333257062053,0.0216194941726135,0.00128098865506093,174.16300849703214,0,6.700801341159672,0
Aeromonas_A,R4,M2g,-3,6,FALSE,0.02295176871464989,0.0012405790931157823,202.11488109931827,0.02295176871464989,0.0012405790931157823,188.66650788046482,0,7.128119012715314,0
Aeromonas_A,R4,M0,0,-6,FALSE,0.021771410374736372,0.0012712082427289463,176.28129897037886,0.0216194941726135,0.00128098865506093,174.16300849703214,-0.7635049922841424,1.2162688803017636,0.7026815748321825
Aeromonas_A,R4,M2g,0,-6,FALSE,0.022892642377025055,0.001241100935730269,189.63808805829456,0.02295176871464989,0.0012405790931157823,188.66650788046482,0.04206443727631131,0.5149722591172935,-0.2576112471327502
Aeromonas_A,R4,M0,0,-3,FALSE,0.021656793248744283,0.0012785346893635675,174.67448771708143,0.0216194941726135,0.00128098865506093,174.16300849703214,-0.19156810543694983,0.2936784478306779,0.1725252026387921
Aeromonas_A,R4,M2g,0,-3,FALSE,0.02319361488093402,0.0012346731100845074,192.29548190439823,0.02295176871464989,0.0012405790931157823,188.66650788046482,-0.47606662598526717,1.9234860838324586,1.0537147236490088
Aeromonas_A,R4,M0,0,0,TRUE,0.0216194941726135,0.00128098865506093,174.16300849703214,0.0216194941726135,0.00128098865506093,174.16300849703214,0,0,0
Aeromonas_A,R4,M2g,0,0,TRUE,0.02295176871464989,0.0012405790931157823,188.66650788046482,0.02295176871464989,0.0012405790931157823,188.66650788046482,0,0,0
Aeromonas_A,R4,M0,0,3,FALSE,0.0216194941726135,0.00128098865506093,174.16300849703214,0.0216194941726135,0.00128098865506093,174.16300849703214,0,0,0
Aeromonas_A,R4,M2g,0,3,FALSE,0.02295176871464989,0.0012405790931157823,188.66650788046482,0.02295176871464989,0.0012405790931157823,188.66650788046482,0,0,0
Aeromonas_A,R4,M0,0,6,FALSE,0.0216194941726135,0.00128098865506093,174.16300849703214,0.0216194941726135,0.00128098865506093,174.16300849703214,0,0,0
Aeromonas_A,R4,M2g,0,6,FALSE,0.02295176871464989,0.0012405790931157823,188.66650788046482,0.02295176871464989,0.0012405790931157823,188.66650788046482,0,0,0
Aeromonas_A,R4,M0,3,-6,FALSE,0.021711788619039683,0.0013622309870977578,175.62464047272508,0.0216194941726135,0.00128098865506093,174.16300849703214,6.342158591011368,0.8392321586003413,0.42690381971608726
Aeromonas_A,R4,M2g,3,-6,FALSE,0.02256175639514882,0.0013393307289502865,185.56745818862476,0.02295176871464989,0.0012405790931157823,188.66650788046482,7.960124137388456,-1.6426072261874687,-1.6992691253991636
Aeromonas_A,R4,M0,3,-3,FALSE,0.021598642718851986,0.001369670568718694,174.06391023735756,0.0216194941726135,0.00128098865506093,174.16300849703214,6.922927327060977,-0.05689971741402557,-0.09644746354855459
Aeromonas_A,R4,M2g,3,-3,FALSE,0.02293549167520019,0.0013313089093445504,189.15574387745482,0.02295176871464989,0.0012405790931157823,188.66650788046482,7.313505179334851,0.2593125841391912,-0.07091845361490397
Aeromonas_A,R4,M0,3,0,FALSE,0.02156692821895254,0.0013718082324926906,173.63464255952977,0.0216194941726135,0.00128098865506093,174.16300849703214,7.0898034165213435,-0.30337437442198034,-0.24314145946831683
Aeromonas_A,R4,M2g,3,0,FALSE,0.02271082801919802,0.0013368589153011413,185.90976870607264,0.02295176871464989,0.0012405790931157823,188.66650788046482,7.760877377317954,-1.461170403460689,-1.049769621014341
Aeromonas_A,R4,M0,3,3,FALSE,0.02156692821895254,0.0013718082324926906,173.63464255952977,0.0216194941726135,0.00128098865506093,174.16300849703214,7.0898034165213435,-0.30337437442198034,-0.24314145946831683
Aeromonas_A,R4,M2g,3,3,FALSE,0.02271082801919802,0.0013368589153011413,185.90976870607264,0.02295176871464989,0.0012405790931157823,188.66650788046482,7.760877377317954,-1.461170403460689,-1.049769621014341
Aeromonas_A,R4,M0,3,6,FALSE,0.02156692821895254,0.0013718082324926906,173.63464255952977,0.0216194941726135,0.00128098865506093,174.16300849703214,7.0898034165213435,-0.30337437442198034,-0.24314145946831683
Aeromonas_A,R4,M2g,3,6,FALSE,0.02271082801919802,0.0013368589153011413,185.90976870607264,0.02295176871464989,0.0012405790931157823,188.66650788046482,7.760877377317954,-1.461170403460689,-1.049769621014341
Aeromonas_A,R4,M0,6,-6,FALSE,0.021615510432420028,0.0014626144670544226,174.57841692239987,0.0216194941726135,0.00128098865506093,174.16300849703214,14.178565225845311,0.23851702433976305,-0.018426611472334823
Aeromonas_A,R4,M2g,6,-6,FALSE,0.021869139507390178,0.001455765499391562,177.45839249976015,0.02295176871464989,0.0012405790931157823,188.66650788046482,17.345641843385195,-5.940702198084834,-4.716975065057532
Aeromonas_A,R4,M0,6,-3,FALSE,0.021508729704949454,0.0014698364045930923,173.13221441590292,0.0216194941726135,0.00128098865506093,174.16300849703214,14.74234364106681,-0.591855922807386,-0.512336074006563
Aeromonas_A,R4,M2g,6,-3,FALSE,0.022376859049306863,0.001444812531535649,182.69325427878672,0.02295176871464989,0.0012405790931157823,188.66650788046482,16.462750303724945,-3.166038142531702,-2.504859963040959
Aeromonas_A,R4,M0,6,0,FALSE,0.021487182520972786,0.001471309903313577,172.84323714840724,0.0216194941726135,0.00128098865506093,174.16300849703214,14.857371882313382,-0.7577793700361963,-0.6120016064405381
Aeromonas_A,R4,M2g,6,0,FALSE,0.022216278796487052,0.0014488902601862582,180.4989298593017,0.02295176871464989,0.0012405790931157823,188.66650788046482,16.791445884138746,-4.329108601690936,-3.204502133612824
Aeromonas_A,R4,M0,6,3,FALSE,0.021487182520972786,0.001471309903313577,172.84323714840724,0.0216194941726135,0.00128098865506093,174.16300849703214,14.857371882313382,-0.7577793700361963,-0.6120016064405381
Aeromonas_A,R4,M2g,6,3,FALSE,0.022216278796487052,0.0014488902601862582,180.4989298593017,0.02295176871464989,0.0012405790931157823,188.66650788046482,16.791445884138746,-4.329108601690936,-3.204502133612824
Aeromonas_A,R4,M0,6,6,FALSE,0.021487182520972786,0.001471309903313577,172.84323714840724,0.0216194941726135,0.00128098865506093,174.16300849703214,14.857371882313382,-0.7577793700361963,-0.6120016064405381
Aeromonas_A,R4,M2g,6,6,FALSE,0.022216278796487052,0.0014488902601862582,180.4989298593017,0.02295176871464989,0.0012405790931157823,188.66650788046482,16.791445884138746,-4.329108601690936,-3.204502133612824
Aeromonas_A,R5,M0,-6,-6,FALSE,0.01720614620005309,0.0019597901933906103,186.83950687872144,0.01739496989774508,0.00194308255260356,171.16473417676733,0.8598523395037191,9.157711591317794,-1.0855074702743004
Aeromonas_A,R5,M2g,-6,-6,FALSE,0.017376188462234307,0.0019549325857700487,189.31307843245926,0.017399280453590158,0.0019429455901952791,171.21380918953554,0.6169496271671118,10.571150381268392,-0.1327180823221122
Aeromonas_A,R5,M0,-6,-3,FALSE,0.017316080533899155,0.0019502036747356159,188.6853640767021,0.01739496989774508,0.00194308255260356,171.16473417676733,0.3664858254485491,10.236121350698703,-0.4535182544705107
Aeromonas_A,R5,M2g,-6,-3,FALSE,0.017325817785251295,0.0019499068728022866,188.82314860078517,0.017399280453590158,0.0019429455901952791,171.21380918953554,0.35828499995760515,10.284999495429663,-0.42221670335628736
Aeromonas_A,R5,M0,-6,0,FALSE,0.01739496989774508,0.00194308255260356,189.99471764711535,0.01739496989774508,0.00194308255260356,171.16473417676733,0,11.001088256241905,0
Aeromonas_A,R5,M2g,-6,0,FALSE,0.017399280453590158,0.0019429455901952791,190.05410681483184,0.017399280453590158,0.0019429455901952791,171.21380918953554,0,11.003959151705976,0
Aeromonas_A,R5,M0,-6,3,FALSE,0.01739496989774508,0.00194308255260356,189.99471764711535,0.01739496989774508,0.00194308255260356,171.16473417676733,0,11.001088256241905,0
Aeromonas_A,R5,M2g,-6,3,FALSE,0.017399280453590158,0.0019429455901952791,190.05410681483184,0.017399280453590158,0.0019429455901952791,171.21380918953554,0,11.003959151705976,0
Aeromonas_A,R5,M0,-6,6,FALSE,0.01739496989774508,0.00194308255260356,189.99471764711535,0.01739496989774508,0.00194308255260356,171.16473417676733,0,11.001088256241905,0
Aeromonas_A,R5,M2g,-6,6,FALSE,0.017399280453590158,0.0019429455901952791,190.05410681483184,0.017399280453590158,0.0019429455901952791,171.21380918953554,0,11.003959151705976,0
Aeromonas_A,R5,M0,-3,-6,FALSE,0.01720614620005309,0.0019597901933906103,177.43982862104713,0.01739496989774508,0.00194308255260356,171.16473417676733,0.8598523395037191,3.666114094390092,-1.0855074702743004
Aeromonas_A,R5,M2g,-3,-6,FALSE,0.017376188462234307,0.0019549325857700487,179.6972658931697,0.017399280453590158,0.0019429455901952791,171.21380918953554,0.6169496271671118,4.954890463445561,-0.1327180823221122
Aeromonas_A,R5,M0,-3,-3,FALSE,0.017316080533899155,0.0019502036747356159,179.13373430400378,0.01739496989774508,0.00194308255260356,171.16473417676733,0.3664858254485491,4.655748840766821,-0.4535182544705107
Aeromonas_A,R5,M2g,-3,-3,FALSE,0.017325817785251295,0.0019499068728022866,179.25930734515754,0.017399280453590158,0.0019429455901952791,171.21380918953554,0.35828499995760515,4.699094187382716,-0.42221670335628736
Aeromonas_A,R5,M0,-3,0,FALSE,0.01739496989774508,0.00194308255260356,180.3341213998573,0.01739496989774508,0.00194308255260356,171.16473417676733,0,5.357053990818263,0
Aeromonas_A,R5,M2g,-3,0,FALSE,0.017399280453590158,0.0019429455901952791,180.3881580921603,0.017399280453590158,0.0019429455901952791,171.21380918953554,0,5.358416442022299,0
Aeromonas_A,R5,M0,-3,3,FALSE,0.01739496989774508,0.00194308255260356,180.3341213998573,0.01739496989774508,0.00194308255260356,171.16473417676733,0,5.357053990818263,0
Aeromonas_A,R5,M2g,-3,3,FALSE,0.017399280453590158,0.0019429455901952791,180.3881580921603,0.017399280453590158,0.0019429455901952791,171.21380918953554,0,5.358416442022299,0
Aeromonas_A,R5,M0,-3,6,FALSE,0.01739496989774508,0.00194308255260356,180.3341213998573,0.01739496989774508,0.00194308255260356,171.16473417676733,0,5.357053990818263,0
Aeromonas_A,R5,M2g,-3,6,FALSE,0.017399280453590158,0.0019429455901952791,180.3881580921603,0.017399280453590158,0.0019429455901952791,171.21380918953554,0,5.358416442022299,0
Aeromonas_A,R5,M0,0,-6,FALSE,0.01720614620005309,0.0019597901933906103,168.51303724272609,0.01739496989774508,0.00194308255260356,171.16473417676733,0.8598523395037191,-1.5492075203427988,-1.0855074702743004
Aeromonas_A,R5,M2g,0,-6,FALSE,0.017376188462234307,0.0019549325857700487,170.56987101396138,0.017399280453590158,0.0019429455901952791,171.21380918953554,0.6169496271671118,-0.3761017750976599,-0.1327180823221122
Aeromonas_A,R5,M0,0,-3,FALSE,0.017316080533899155,0.0019502036747356159,170.0656270968269,0.01739496989774508,0.00194308255260356,171.16473417676733,0.3664858254485491,-0.6421340734858123,-0.4535182544705107
Aeromonas_A,R5,M2g,0,-3,FALSE,0.017325817785251295,0.0019499068728022866,170.17987205479739,0.017399280453590158,0.0019429455901952791,171.21380918953554,0.35828499995760515,-0.6038865320691355,-0.42221670335628736
Aeromonas_A,R5,M0,0,0,TRUE,0.01739496989774508,0.00194308255260356,171.16473417676733,0.01739496989774508,0.00194308255260356,171.16473417676733,0,0,0
Aeromonas_A,R5,M2g,0,0,TRUE,0.017399280453590158,0.0019429455901952791,171.21380918953554,0.017399280453590158,0.0019429455901952791,171.21380918953554,0,0,0
Aeromonas_A,R5,M0,0,3,FALSE,0.01739496989774508,0.00194308255260356,171.16473417676733,0.01739496989774508,0.00194308255260356,171.16473417676733,0,0,0
Aeromonas_A,R5,M2g,0,3,FALSE,0.017399280453590158,0.0019429455901952791,171.21380918953554,0.017399280453590158,0.0019429455901952791,171.21380918953554,0,0,0
Aeromonas_A,R5,M0,0,6,FALSE,0.01739496989774508,0.00194308255260356,171.16473417676733,0.01739496989774508,0.00194308255260356,171.16473417676733,0,0,0
Aeromonas_A,R5,M2g,0,6,FALSE,0.017399280453590158,0.0019429455901952791,171.21380918953554,0.017399280453590158,0.0019429455901952791,171.21380918953554,0,0,0
Aeromonas_A,R5,M0,3,-6,FALSE,0.017230527809964463,0.002060690427911181,168.7885546658584,0.01739496989774508,0.00194308255260356,171.16473417676733,6.052644297075114,-1.3882412883339363,-0.945342755677511
Aeromonas_A,R5,M2g,3,-6,FALSE,0.017668869834338647,0.0020484069761596544,174.09209369722456,0.017399280453590158,0.0019429455901952791,171.21380918953554,5.427912469426163,1.6811053508556222,1.5494283310598744
Aeromonas_A,R5,M0,3,-3,FALSE,0.017345091973140953,0.0020506002869453105,170.3852791043411,0.01739496989774508,0.00194308255260356,171.16473417676733,5.533359053514539,-0.4553829830514401,-0.28673763103546307
Aeromonas_A,R5,M2g,3,-3,FALSE,0.01735058732864244,0.002050435418411574,170.44923780731642,0.017399280453590158,0.0019429455901952791,171.21380918953554,5.532312832573518,-0.4465594135416543,-0.2798571186756777
Aeromonas_A,R5,M0,3,0,FALSE,0.01742560608019509,0.0020432512927224316,171.4923460463659,0.01739496989774508,0.00194308255260356,171.16473417676733,5.155145878112814,0.1914015005335356,0.17612092823444264
Aeromonas_A,R5,M2g,3,0,FALSE,0.017432459086470058,0.002043030396695875,171.56981042266196,0.017399280453590158,0.0019429455901952791,171.21380918953554,5.151189359375553,0.20792787381555375,0.19068968379697274
Aeromonas_A,R5,M0,3,3,FALSE,0.01742560608019509,0.0020432512927224316,171.4923460463659,0.01739496989774508,0.00194308255260356,171.16473417676733,5.155145878112814,0.1914015005335356,0.17612092823444264
Aeromonas_A,R5,M2g,3,3,FALSE,0.017432459086470058,0.002043030396695875,171.56981042266196,0.017399280453590158,0.0019429455901952791,171.21380918953554,5.151189359375553,0.20792787381555375,0.19068968379697274
Aeromonas_A,R5,M0,3,6,FALSE,0.01742560608019509,0.0020432512927224316,171.4923460463659,0.01739496989774508,0.00194308255260356,171.16473417676733,5.155145878112814,0.1914015005335356,0.17612092823444264
Aeromonas_A,R5,M2g,3,6,FALSE,0.017432459086470058,0.002043030396695875,171.56981042266196,0.017399280453590158,0.0019429455901952791,171.21380918953554,5.151189359375553,0.20792787381555375,0.19068968379697274
Aeromonas_A,R5,M0,6,-6,FALSE,0.01718678664860046,0.002175301644952211,168.29926177611233,0.01739496989774508,0.00194308255260356,171.16473417676733,11.951066723207306,-1.6741020949418988,-1.1968014337961328
Aeromonas_A,R5,M2g,6,-6,FALSE,0.017276157735659242,0.0021728510306226745,169.35525197177074,0.017399280453590158,0.0019429455901952791,171.21380918953554,11.832829575237271,-1.0855182923401667,-0.7076310900288457
Aeromonas_A,R5,M0,6,-3,FALSE,0.017315665303904958,0.002163817799863287,170.06446929732635,0.01739496989774508,0.00194308255260356,171.16473417676733,11.360055030289942,-0.6428104975787197,-0.4559053238166397
Aeromonas_A,R5,M2g,6,-3,FALSE,0.017324426168559556,0.00216355849292389,170.16527362627167,0.017399280453590158,0.0019429455901952791,171.21380918953554,11.354558966648046,-0.6124129637832708,-0.43021483118376364
Aeromonas_A,R5,M0,6,0,FALSE,0.01740568382004814,0.0021554961668475326,171.28165919956777,0.01739496989774508,0.00194308255260356,171.16473417676733,10.93178537161774,0.06831139800076583,0.0615920715358534
Aeromonas_A,R5,M2g,6,0,FALSE,0.017407523822637584,0.0021554328003860384,171.30226416103886,0.017399280453590158,0.0019429455901952791,171.21380918953554,10.936343830884264,0.051663456307664925,0.047377643399760014
Aeromonas_A,R5,M0,6,3,FALSE,0.01740568382004814,0.0021554961668475326,171.28165919956777,0.01739496989774508,0.00194308255260356,171.16473417676733,10.93178537161774,0.06831139800076583,0.0615920715358534
Aeromonas_A,R5,M2g,6,3,FALSE,0.017407523822637584,0.0021554328003860384,171.30226416103886,0.017399280453590158,0.0019429455901952791,171.21380918953554,10.936343830884264,0.051663456307664925,0.047377643399760014
Aeromonas_A,R5,M0,6,6,FALSE,0.01740568382004814,0.0021554961668475326,171.28165919956777,0.01739496989774508,0.00194308255260356,171.16473417676733,10.93178537161774,0.06831139800076583,0.0615920715358534
Aeromonas_A,R5,M2g,6,6,FALSE,0.017407523822637584,0.0021554328003860384,171.30226416103886,0.017399280453590158,0.0019429455901952791,171.21380918953554,10.936343830884264,0.051663456307664925,0.047377643399760014
Aeromonas_B,R1,M0,-6,-6,FALSE,0.03043764736688809,8.506494521123585e-4,150.663313780374,0.03054020779769078,8.464285681270882e-4,126.38647280258908,0.4986698398672816,19.208417198021216,-0.33582099860645037
Aeromonas_B,R1,M2g,-6,-6,FALSE,0.030999462881167325,8.388697954555066e-4,155.76846196614014,0.03055143183426012,8.461544394428576e-4,126.45313480667112,-0.8609118675956555,23.18276032008854,1.4664813398525796
Aeromonas_B,R1,M0,-6,-3,FALSE,0.030548411717886404,8.460705025951255e-4,151.89104605580104,0.03054020779769078,8.464285681270882e-4,126.38647280258908,-0.042303100987596334,20.17982833736419,0.026862686233075247
Aeromonas_B,R1,M2g,-6,-3,FALSE,0.03056424846840585,8.457154043855028e-4,152.02734570234475,0.03055143183426012,8.461544394428576e-4,126.45313480667112,-0.05188592494343772,20.224260106143646,0.041951009744030446
Aeromonas_B,R1,M0,-6,0,FALSE,0.03054020779769078,8.464285681270882e-4,151.80331517265435,0.03054020779769078,8.464285681270882e-4,126.38647280258908,0,20.110413564405285,0
Aeromonas_B,R1,M2g,-6,0,FALSE,0.03055143183426012,8.461544394428576e-4,151.89361199375207,0.03055143183426012,8.461544394428576e-4,126.45313480667112,0,20.118502578821662,0
Aeromonas_B,R1,M0,-6,3,FALSE,0.03054020779769078,8.464285681270882e-4,151.80331517265435,0.03054020779769078,8.464285681270882e-4,126.38647280258908,0,20.110413564405285,0
Aeromonas_B,R1,M2g,-6,3,FALSE,0.03055143183426012,8.461544394428576e-4,151.89361199375207,0.03055143183426012,8.461544394428576e-4,126.45313480667112,0,20.118502578821662,0
Aeromonas_B,R1,M0,-6,6,FALSE,0.03054020779769078,8.464285681270882e-4,151.80331517265435,0.03054020779769078,8.464285681270882e-4,126.38647280258908,0,20.110413564405285,0
Aeromonas_B,R1,M2g,-6,6,FALSE,0.03055143183426012,8.461544394428576e-4,151.89361199375207,0.03055143183426012,8.461544394428576e-4,126.45313480667112,0,20.118502578821662,0
Aeromonas_B,R1,M0,-3,-6,FALSE,0.03043764736688809,8.506494521123585e-4,137.5152328240961,0.03054020779769078,8.464285681270882e-4,126.38647280258908,0.4986698398672816,8.805341089698517,-0.33582099860645037
Aeromonas_B,R1,M2g,-3,-6,FALSE,0.030999462881167325,8.388697954555066e-4,141.93543880308087,0.03055143183426012,8.461544394428576e-4,126.45313480667112,-0.8609118675956555,12.24351141636781,1.4664813398525796
Aeromonas_B,R1,M0,-3,-3,FALSE,0.030548411717886404,8.460705025951255e-4,138.58976333308925,0.03054020779769078,8.464285681270882e-4,126.38647280258908,-0.042303100987596334,9.655535327393185,0.026862686233075247
Aeromonas_B,R1,M2g,-3,-3,FALSE,0.03056424846840585,8.457154043855028e-4,138.70753686811523,0.03055143183426012,8.461544394428576e-4,126.45313480667112,-0.05188592494343772,9.690864588038368,0.041951009744030446
Aeromonas_B,R1,M0,-3,0,FALSE,0.03054020779769078,8.464285681270882e-4,138.51312415945114,0.03054020779769078,8.464285681270882e-4,126.38647280258908,0,9.594896580272026,0
Aeromonas_B,R1,M2g,-3,0,FALSE,0.03055143183426012,8.461544394428576e-4,138.59084888158432,0.03055143183426012,8.461544394428576e-4,126.45313480667112,0,9.598586933783846,0
Aeromonas_B,R1,M0,-3,3,FALSE,0.03054020779769078,8.464285681270882e-4,138.51312415945114,0.03054020779769078,8.464285681270882e-4,126.38647280258908,0,9.594896580272026,0
Aeromonas_B,R1,M2g,-3,3,FALSE,0.03055143183426012,8.461544394428576e-4,138.59084888158432,0.03055143183426012,8.461544394428576e-4,126.45313480667112,0,9.598586933783846,0
Aeromonas_B,R1,M0,-3,6,FALSE,0.03054020779769078,8.464285681270882e-4,138.51312415945114,0.03054020779769078,8.464285681270882e-4,126.38647280258908,0,9.594896580272026,0
Aeromonas_B,R1,M2g,-3,6,FALSE,0.03055143183426012,8.461544394428576e-4,138.59084888158432,0.03055143183426012,8.461544394428576e-4,126.45313480667112,0,9.598586933783846,0
Aeromonas_B,R1,M0,0,-6,FALSE,0.03043764736688809,8.506494521123585e-4,125.5145581507095,0.03054020779769078,8.464285681270882e-4,126.38647280258908,0.4986698398672816,-0.6898797256898498,-0.33582099860645037
Aeromonas_B,R1,M2g,0,-6,FALSE,0.030999462881167325,8.388697954555066e-4,129.33085769699798,0.03055143183426012,8.461544394428576e-4,126.45313480667112,-0.8609118675956555,2.275722855527856,1.4664813398525796
Aeromonas_B,R1,M0,0,-3,FALSE,0.030548411717886404,8.460705025951255e-4,126.45329003571067,0.03054020779769078,8.464285681270882e-4,126.38647280258908,-0.042303100987596334,0.052867392878309716,0.026862686233075247
Aeromonas_B,R1,M2g,0,-3,FALSE,0.03056424846840585,8.457154043855028e-4,126.55473720950988,0.03055143183426012,8.461544394428576e-4,126.45313480667112,-0.05188592494343772,0.0803478719559625,0.041951009744030446
Aeromonas_B,R1,M0,0,0,TRUE,0.03054020779769078,8.464285681270882e-4,126.38647280258908,0.03054020779769078,8.464285681270882e-4,126.38647280258908,0,0,0
Aeromonas_B,R1,M2g,0,0,TRUE,0.03055143183426012,8.461544394428576e-4,126.45313480667112,0.03055143183426012,8.461544394428576e-4,126.45313480667112,0,0,0
Aeromonas_B,R1,M0,0,3,FALSE,0.03054020779769078,8.464285681270882e-4,126.38647280258908,0.03054020779769078,8.464285681270882e-4,126.38647280258908,0,0,0
Aeromonas_B,R1,M2g,0,3,FALSE,0.03055143183426012,8.461544394428576e-4,126.45313480667112,0.03055143183426012,8.461544394428576e-4,126.45313480667112,0,0,0
Aeromonas_B,R1,M0,0,6,FALSE,0.03054020779769078,8.464285681270882e-4,126.38647280258908,0.03054020779769078,8.464285681270882e-4,126.38647280258908,0,0,0
Aeromonas_B,R1,M2g,0,6,FALSE,0.03055143183426012,8.461544394428576e-4,126.45313480667112,0.03055143183426012,8.461544394428576e-4,126.45313480667112,0,0,0
Aeromonas_B,R1,M0,3,-6,FALSE,0.030381086193103223,9.351857052603333e-4,125.14366584337455,0.03054020779769078,8.464285681270882e-4,126.38647280258908,10.486075314026792,-0.983338589688907,-0.5210233199513146
Aeromonas_B,R1,M2g,3,-6,FALSE,0.030675781491593612,9.288448063553715e-4,127.11709439502012,0.03055143183426012,8.461544394428576e-4,126.45313480667112,9.772491055765256,0.5250637632385323,0.4070174452316432
Aeromonas_B,R1,M0,3,-3,FALSE,0.030506525130505134,9.297322156897354e-4,126.189971744495,0.03054020779769078,8.464285681270882e-4,126.38647280258908,9.841781185029603,-0.15547633677617764,-0.11028958089864074
Aeromonas_B,R1,M2g,3,-3,FALSE,0.03051308113948943,9.295816151059249e-4,126.23165228328224,0.03055143183426012,8.461544394428576e-4,126.45313480667112,9.859568392502803,-0.17514988752749158,-0.1255283057721774
Aeromonas_B,R1,M0,3,0,FALSE,0.030506466427186973,9.297315991427346e-4,126.18905098759738,0.03054020779769078,8.464285681270882e-4,126.38647280258908,9.841708344033439,-0.15620486165482658,-0.11048179739746165
Aeromonas_B,R1,M2g,3,0,FALSE,0.030516021531738644,9.294917882708863e-4,126.24541451055416,0.03055143183426012,8.461544394428576e-4,126.45313480667112,9.848952501259863,-0.16426662449652613,-0.11590390497432403
Aeromonas_B,R1,M0,3,3,FALSE,0.030506466427186973,9.297315991427346e-4,126.18905098759738,0.03054020779769078,8.464285681270882e-4,126.38647280258908,9.841708344033439,-0.15620486165482658,-0.11048179739746165
Aeromonas_B,R1,M2g,3,3,FALSE,0.030516021531738644,9.294917882708863e-4,126.24541451055416,0.03055143183426012,8.461544394428576e-4,126.45313480667112,9.848952501259863,-0.16426662449652613,-0.11590390497432403
Aeromonas_B,R1,M0,3,6,FALSE,0.030506466427186973,9.297315991427346e-4,126.18905098759738,0.03054020779769078,8.464285681270882e-4,126.38647280258908,9.841708344033439,-0.15620486165482658,-0.11048179739746165
Aeromonas_B,R1,M2g,3,6,FALSE,0.030516021531738644,9.294917882708863e-4,126.24541451055416,0.03055143183426012,8.461544394428576e-4,126.45313480667112,9.848952501259863,-0.16426662449652613,-0.11590390497432403
Aeromonas_B,R1,M0,6,-6,FALSE,0.03026716244402371,0.0010312471095989004,124.40800699106356,0.03054020779769078,8.464285681270882e-4,126.38647280258908,21.835102031204404,-1.5654094680020172,-0.8940520492716375
Aeromonas_B,R1,M2g,6,-6,FALSE,0.030273929758811897,0.0010310979482504813,124.45252672505529,0.03055143183426012,8.461544394428576e-4,126.45313480667112,21.85694480660031,-1.5820944926944427,-0.9083111945576131
Aeromonas_B,R1,M0,6,-3,FALSE,0.03041782535158271,0.00102434585575953,125.64052163109356,0.03054020779769078,8.464285681270882e-4,126.38647280258908,21.019764021685063,-0.5902144074078778,-0.40072564967067775
Aeromonas_B,R1,M2g,6,-3,FALSE,0.03042138997589682,0.0010242609355246176,125.66298717628011,0.03055143183426012,8.461544394428576e-4,126.45313480667112,21.048934778269608,-0.6248541260752672,-0.4256489812614072
Aeromonas_B,R1,M0,6,0,FALSE,0.030435999023488595,0.0010234557461277825,125.78254698147882,0.03054020779769078,8.464285681270882e-4,126.38647280258908,20.91460338967604,-0.4778405534376892,-0.3412182880106858
Aeromonas_B,R1,M2g,6,0,FALSE,0.030441994727658562,0.0010233008702053232,125.8176247471429,0.03055143183426012,8.461544394428576e-4,126.45313480667112,20.935472592817202,-0.502565682139727,-0.35820614626263114
Aeromonas_B,R1,M0,6,3,FALSE,0.030435999023488595,0.0010234557461277825,125.78254698147882,0.03054020779769078,8.464285681270882e-4,126.38647280258908,20.91460338967604,-0.4778405534376892,-0.3412182880106858
Aeromonas_B,R1,M2g,6,3,FALSE,0.030441994727658562,0.0010233008702053232,125.8176247471429,0.03055143183426012,8.461544394428576e-4,126.45313480667112,20.935472592817202,-0.502565682139727,-0.35820614626263114
Aeromonas_B,R1,M0,6,6,FALSE,0.030435999023488595,0.0010234557461277825,125.78254698147882,0.03054020779769078,8.464285681270882e-4,126.38647280258908,20.91460338967604,-0.4778405534376892,-0.3412182880106858
Aeromonas_B,R1,M2g,6,6,FALSE,0.030441994727658562,0.0010233008702053232,125.8176247471429,0.03055143183426012,8.461544394428576e-4,126.45313480667112,20.935472592817202,-0.502565682139727,-0.35820614626263114
Aeromonas_B,R2,M0,-6,-6,FALSE,0.028666986491585736,8.497012681538605e-4,130.40041686453782,0.02863601071145552,8.511505376205517e-4,109.56997736754386,-0.1702718147535599,19.01108314289405,0.10817072406606172
Aeromonas_B,R2,M2g,-6,-6,FALSE,0.028681385427489894,8.493757048894218e-4,130.51296536850748,0.028665839310550004,8.503851972319124e-4,109.72853269408652,-0.11871000880267156,18.941684686849975,0.054232205697771166
Aeromonas_B,R2,M0,-6,-3,FALSE,0.02867128230262835,8.494999664850373e-4,130.440679917331,0.02863601071145552,8.511505376205517e-4,109.56997736754386,-0.1939223512833189,19.047829570848616,0.12317215385982289
Aeromonas_B,R2,M2g,-6,-3,FALSE,0.028690828376044062,8.49028884075319e-4,130.58658448103404,0.028665839310550004,8.503851972319124e-4,109.72853269408652,-0.1594939753194617,19.008776728198782,0.08717367464228
Aeromonas_B,R2,M0,-6,0,FALSE,0.02863601071145552,8.511505376205517e-4,130.1098992446216,0.02863601071145552,8.511505376205517e-4,109.56997736754386,0,18.745939691288058,0
Aeromonas_B,R2,M2g,-6,0,FALSE,0.028665839310550004,8.503851972319124e-4,130.32149901651206,0.028665839310550004,8.503851972319124e-4,109.72853269408652,0,18.76719374334196,0
Aeromonas_B,R2,M0,-6,3,FALSE,0.02863601071145552,8.511505376205517e-4,130.1098992446216,0.02863601071145552,8.511505376205517e-4,109.56997736754386,0,18.745939691288058,0
Aeromonas_B,R2,M2g,-6,3,FALSE,0.028665839310550004,8.503851972319124e-4,130.32149901651206,0.028665839310550004,8.503851972319124e-4,109.72853269408652,0,18.76719374334196,0
Aeromonas_B,R2,M0,-6,6,FALSE,0.02863601071145552,8.511505376205517e-4,130.1098992446216,0.02863601071145552,8.511505376205517e-4,109.56997736754386,0,18.745939691288058,0
Aeromonas_B,R2,M2g,-6,6,FALSE,0.028665839310550004,8.503851972319124e-4,130.32149901651206,0.028665839310550004,8.503851972319124e-4,109.72853269408652,0,18.76719374334196,0
Aeromonas_B,R2,M0,-3,-6,FALSE,0.028666986491585736,8.497012681538605e-4,119.65455545802217,0.02863601071145552,8.511505376205517e-4,109.56997736754386,-0.1702718147535599,9.203778564862155,0.10817072406606172
Aeromonas_B,R2,M2g,-3,-6,FALSE,0.028681385427489894,8.493757048894218e-4,119.7526561727182,0.028665839310550004,8.503851972319124e-4,109.72853269408652,-0.11871000880267156,9.135384600993483,0.054232205697771166
Aeromonas_B,R2,M0,-3,-3,FALSE,0.02867128230262835,8.494999664850373e-4,119.68995806127856,0.02863601071145552,8.511505376205517e-4,109.56997736754386,-0.1939223512833189,9.236089060955106,0.12317215385982289
Aeromonas_B,R2,M2g,-3,-3,FALSE,0.028690828376044062,8.49028884075319e-4,119.8168113428452,0.028665839310550004,8.503851972319124e-4,109.72853269408652,-0.1594939753194617,9.193851773160866,0.08717367464228
Aeromonas_B,R2,M0,-3,0,FALSE,0.02863601071145552,8.511505376205517e-4,119.3990733445055,0.02863601071145552,8.511505376205517e-4,109.56997736754386,0,8.970610575185857,0
Aeromonas_B,R2,M2g,-3,0,FALSE,0.028665839310550004,8.503851972319124e-4,119.58255251321452,0.028665839310550004,8.503851972319124e-4,109.72853269408652,0,8.980362333469031,0
Aeromonas_B,R2,M0,-3,3,FALSE,0.02863601071145552,8.511505376205517e-4,119.3990733445055,0.02863601071145552,8.511505376205517e-4,109.56997736754386,0,8.970610575185857,0
Aeromonas_B,R2,M2g,-3,3,FALSE,0.028665839310550004,8.503851972319124e-4,119.58255251321452,0.028665839310550004,8.503851972319124e-4,109.72853269408652,0,8.980362333469031,0
Aeromonas_B,R2,M0,-3,6,FALSE,0.02863601071145552,8.511505376205517e-4,119.3990733445055,0.02863601071145552,8.511505376205517e-4,109.56997736754386,0,8.970610575185857,0
Aeromonas_B,R2,M2g,-3,6,FALSE,0.028665839310550004,8.503851972319124e-4,119.58255251321452,0.028665839310550004,8.503851972319124e-4,109.72853269408652,0,8.980362333469031,0
Aeromonas_B,R2,M0,0,-6,FALSE,0.028666986491585736,8.497012681538605e-4,109.79422448265535,0.02863601071145552,8.511505376205517e-4,109.56997736754386,-0.1702718147535599,0.20466109467128596,0.10817072406606172
Aeromonas_B,R2,M2g,0,-6,FALSE,0.028681385427489894,8.493757048894218e-4,109.87949450025778,0.028665839310550004,8.503851972319124e-4,109.72853269408652,-0.11871000880267156,0.13757753108038107,0.054232205697771166
Aeromonas_B,R2,M0,0,-3,FALSE,0.02867128230262835,8.494999664850373e-4,109.82529430074857,0.02863601071145552,8.511505376205517e-4,109.56997736754386,-0.1939223512833189,0.2330172364171163,0.12317215385982289
Aeromonas_B,R2,M2g,0,-3,FALSE,0.028690828376044062,8.49028884075319e-4,109.93524593218825,0.028665839310550004,8.503851972319124e-4,109.72853269408652,-0.1594939753194617,0.1883860405552179,0.08717367464228
Aeromonas_B,R2,M0,0,0,TRUE,0.02863601071145552,8.511505376205517e-4,109.56997736754386,0.02863601071145552,8.511505376205517e-4,109.56997736754386,0,0,0
Aeromonas_B,R2,M2g,0,0,TRUE,0.028665839310550004,8.503851972319124e-4,109.72853269408652,0.028665839310550004,8.503851972319124e-4,109.72853269408652,0,0,0
Aeromonas_B,R2,M0,0,3,FALSE,0.02863601071145552,8.511505376205517e-4,109.56997736754386,0.02863601071145552,8.511505376205517e-4,109.56997736754386,0,0,0
Aeromonas_B,R2,M2g,0,3,FALSE,0.028665839310550004,8.503851972319124e-4,109.72853269408652,0.028665839310550004,8.503851972319124e-4,109.72853269408652,0,0,0
Aeromonas_B,R2,M0,0,6,FALSE,0.02863601071145552,8.511505376205517e-4,109.56997736754386,0.02863601071145552,8.511505376205517e-4,109.56997736754386,0,0,0
Aeromonas_B,R2,M2g,0,6,FALSE,0.028665839310550004,8.503851972319124e-4,109.72853269408652,0.028665839310550004,8.503851972319124e-4,109.72853269408652,0,0,0
Aeromonas_B,R2,M0,3,-6,FALSE,0.02866342360061154,9.267573583630832e-4,109.83655739469992,0.02863601071145552,8.511505376205517e-4,109.56997736754386,8.882896432621127,0.24329659780967672,0.09572872922922321
Aeromonas_B,R2,M2g,3,-6,FALSE,0.02867744689738699,9.264334021259328e-4,109.91920966728446,0.028665839310550004,8.503851972319124e-4,109.72853269408652,8.942794999438464,0.17377155104181397,0.040492750661284674
Aeromonas_B,R2,M0,3,-3,FALSE,0.028668487375674137,9.265099604462494e-4,109.87287987412758,0.02863601071145552,8.511505376205517e-4,109.56997736754386,8.853830138716713,0.27644662695115624,0.11341197119201282
Aeromonas_B,R2,M2g,3,-3,FALSE,0.028674587543197853,9.26358235463585e-4,109.90705264441081,0.028665839310550004,8.503851972319124e-4,109.72853269408652,8.933955868349113,0.16269236992531774,0.03051797141913319
Aeromonas_B,R2,M0,3,0,FALSE,0.028631979569561164,9.28298794616695e-4,109.61171641305368,0.02863601071145552,8.511505376205517e-4,109.56997736754386,9.06399674161241,0.038093505641438805,-0.01407717693282903
Aeromonas_B,R2,M2g,3,0,FALSE,0.02865685958944432,9.27643671265567e-4,109.7433634294987,0.028665839310550004,8.503851972319124e-4,109.72853269408652,9.085115108440103,0.013515842277343015,-0.03132551260196304
Aeromonas_B,R2,M0,3,3,FALSE,0.028631979569561164,9.28298794616695e-4,109.61171641305368,0.02863601071145552,8.511505376205517e-4,109.56997736754386,9.06399674161241,0.038093505641438805,-0.01407717693282903
Aeromonas_B,R2,M2g,3,3,FALSE,0.02865685958944432,9.27643671265567e-4,109.7433634294987,0.028665839310550004,8.503851972319124e-4,109.72853269408652,9.085115108440103,0.013515842277343015,-0.03132551260196304
Aeromonas_B,R2,M0,3,6,FALSE,0.028631979569561164,9.28298794616695e-4,109.61171641305368,0.02863601071145552,8.511505376205517e-4,109.56997736754386,9.06399674161241,0.038093505641438805,-0.01407717693282903
Aeromonas_B,R2,M2g,3,6,FALSE,0.02865685958944432,9.27643671265567e-4,109.7433634294987,0.028665839310550004,8.503851972319124e-4,109.72853269408652,9.085115108440103,0.013515842277343015,-0.03132551260196304
Aeromonas_B,R2,M0,6,-6,FALSE,0.028720338299787256,0.0010063750240421466,110.16373547771875,0.02863601071145552,8.511505376205517e-4,109.56997736754386,18.237019135949257,0.5418985423198311,0.29448092187646024
Aeromonas_B,R2,M2g,6,-6,FALSE,0.02873663595037921,0.001005991691748094,110.25946586938494,0.028665839310550004,8.503851972319124e-4,109.72853269408652,18.29835408973441,0.4838606352083554,0.24697215058743938
Aeromonas_B,R2,M0,6,-3,FALSE,0.028717030224261853,0.001006526495710226,110.13840139043693,0.02863601071145552,8.511505376205517e-4,109.56997736754386,18.254815243850768,0.5187771655609049,0.28292876973231046
Aeromonas_B,R2,M2g,6,-3,FALSE,0.028720803137584544,0.0010064311192634122,110.1594463854856,0.028665839310550004,8.503851972319124e-4,109.72853269408652,18.350028027233385,0.39270887964976187,0.19173981420565328
Aeromonas_B,R2,M0,6,0,FALSE,0.02867147232672994,0.0010088542863261815,109.81616348397554,0.02863601071145552,8.511505376205517e-4,109.56997736754386,18.52830277784953,0.22468391647638591,0.1238357382658618
Aeromonas_B,R2,M2g,6,0,FALSE,0.02890544323955182,0.001002570637202093,111.0536795471622,0.028665839310550004,8.503851972319124e-4,109.72853269408652,17.89605939350298,1.2076593211813669,0.8358517830441895
Aeromonas_B,R2,M0,6,3,FALSE,0.02867147232672994,0.0010088542863261815,109.81616348397554,0.02863601071145552,8.511505376205517e-4,109.56997736754386,18.52830277784953,0.22468391647638591,0.1238357382658618
Aeromonas_B,R2,M2g,6,3,FALSE,0.02890544323955182,0.001002570637202093,111.0536795471622,0.028665839310550004,8.503851972319124e-4,109.72853269408652,17.89605939350298,1.2076593211813669,0.8358517830441895
Aeromonas_B,R2,M0,6,6,FALSE,0.02867147232672994,0.0010088542863261815,109.81616348397554,0.02863601071145552,8.511505376205517e-4,109.56997736754386,18.52830277784953,0.22468391647638591,0.1238357382658618
Aeromonas_B,R2,M2g,6,6,FALSE,0.02890544323955182,0.001002570637202093,111.0536795471622,0.028665839310550004,8.503851972319124e-4,109.72853269408652,17.89605939350298,1.2076593211813669,0.8358517830441895
Aeromonas_B,R3,M0,-6,-6,FALSE,0.033898079539030866,7.547625001059033e-4,160.16137133076379,0.03394930244807805,7.528468241546485e-4,131.09703830745025,0.25445759878256585,22.1700912534359,-0.15088059357190475
Aeromonas_B,R3,M2g,-6,-6,FALSE,0.034336623933103556,7.46496200714079e-4,164.17368781389848,0.033962096751805004,7.525699574720392e-4,131.17242695819075,-0.8070687246621696,25.15868740175585,1.1027799138421772
Aeromonas_B,R3,M0,-6,-3,FALSE,0.03392205507385504,7.538925519927257e-4,160.4261542977149,0.03394930244807805,7.528468241546485e-4,131.09703830745025,0.1389031346783362,22.37206604277488,-0.08025901051922898
Aeromonas_B,R3,M2g,-6,-3,FALSE,0.034084452256353946,7.50608308347441e-4,161.83116700557073,0.033962096751805004,7.525699574720392e-4,131.17242695819075,-0.26066003633569285,23.37285415718655,0.36027076138177183
Aeromonas_B,R3,M0,-6,0,FALSE,0.03394930244807805,7.528468241546485e-4,160.71516137243762,0.03394930244807805,7.528468241546485e-4,131.09703830745025,0,22.592518829850768,0
Aeromonas_B,R3,M2g,-6,0,FALSE,0.033962096751805004,7.525699574720392e-4,160.81992721841425,0.033962096751805004,7.525699574720392e-4,131.17242695819075,0,22.601930106601742,0
Aeromonas_B,R3,M0,-6,3,FALSE,0.03394930244807805,7.528468241546485e-4,160.71516137243762,0.03394930244807805,7.528468241546485e-4,131.09703830745025,0,22.592518829850768,0
Aeromonas_B,R3,M2g,-6,3,FALSE,0.033962096751805004,7.525699574720392e-4,160.81992721841425,0.033962096751805004,7.525699574720392e-4,131.17242695819075,0,22.601930106601742,0
Aeromonas_B,R3,M0,-6,6,FALSE,0.03394930244807805,7.528468241546485e-4,160.71516137243762,0.03394930244807805,7.528468241546485e-4,131.09703830745025,0,22.592518829850768,0
Aeromonas_B,R3,M2g,-6,6,FALSE,0.033962096751805004,7.525699574720392e-4,160.81992721841425,0.033962096751805004,7.525699574720392e-4,131.17242695819075,0,22.601930106601742,0
Aeromonas_B,R3,M0,-3,-6,FALSE,0.033898079539030866,7.547625001059033e-4,144.6746805157479,0.03394930244807805,7.528468241546485e-4,131.09703830745025,0.25445759878256585,10.356940464555125,-0.15088059357190475
Aeromonas_B,R3,M2g,-3,-6,FALSE,0.034336623933103556,7.46496200714079e-4,148.10405005217578,0.033962096751805004,7.525699574720392e-4,131.17242695819075,-0.8070687246621696,12.90791326090332,1.1027799138421772
Aeromonas_B,R3,M0,-3,-3,FALSE,0.03392205507385504,7.538925519927257e-4,144.9034376934177,0.03394930244807805,7.528468241546485e-4,131.09703830745025,0.1389031346783362,10.531435007393924,-0.08025901051922898
Aeromonas_B,R3,M2g,-3,-3,FALSE,0.034084452256353946,7.50608308347441e-4,146.1013057428209,0.033962096751805004,7.525699574720392e-4,131.17242695819075,-0.26066003633569285,11.381110444337892,0.36027076138177183
Aeromonas_B,R3,M0,-3,0,FALSE,0.03394930244807805,7.528468241546485e-4,145.15261508850088,0.03394930244807805,7.528468241546485e-4,131.09703830745025,0,10.721505964221201,0
Aeromonas_B,R3,M2g,-3,0,FALSE,0.033962096751805004,7.525699574720392e-4,145.24166122872253,0.033962096751805004,7.525699574720392e-4,131.17242695819075,0,10.725755859511645,0
Aeromonas_B,R3,M0,-3,3,FALSE,0.03394930244807805,7.528468241546485e-4,145.15261508850088,0.03394930244807805,7.528468241546485e-4,131.09703830745025,0,10.721505964221201,0
Aeromonas_B,R3,M2g,-3,3,FALSE,0.033962096751805004,7.525699574720392e-4,145.24166122872253,0.033962096751805004,7.525699574720392e-4,131.17242695819075,0,10.725755859511645,0
Aeromonas_B,R3,M0,-3,6,FALSE,0.03394930244807805,7.528468241546485e-4,145.15261508850088,0.03394930244807805,7.528468241546485e-4,131.09703830745025,0,10.721505964221201,0
Aeromonas_B,R3,M2g,-3,6,FALSE,0.033962096751805004,7.525699574720392e-4,145.24166122872253,0.033962096751805004,7.525699574720392e-4,131.17242695819075,0,10.725755859511645,0
Aeromonas_B,R3,M0,0,-6,FALSE,0.033898079539030866,7.547625001059033e-4,130.68546434400656,0.03394930244807805,7.528468241546485e-4,131.09703830745025,0.25445759878256585,-0.31394604238004103,-0.15088059357190475
Aeromonas_B,R3,M2g,0,-6,FALSE,0.034336623933103556,7.46496200714079e-4,133.6073394825724,0.033962096751805004,7.525699574720392e-4,131.17242695819075,-0.8070687246621696,1.856268562567449,1.1027799138421772
Aeromonas_B,R3,M0,0,-3,FALSE,0.03392205507385504,7.538925519927257e-4,130.8826877218815,0.03394930244807805,7.528468241546485e-4,131.09703830745025,0.1389031346783362,-0.163505284586258,-0.08025901051922898
Aeromonas_B,R3,M2g,0,-3,FALSE,0.034084452256353946,7.50608308347441e-4,131.9003745367693,0.033962096751805004,7.525699574720392e-4,131.17242695819075,-0.26066003633569285,0.5549547229240281,0.36027076138177183
Aeromonas_B,R3,M0,0,0,TRUE,0.03394930244807805,7.528468241546485e-4,131.09703830745025,0.03394930244807805,7.528468241546485e-4,131.09703830745025,0,0,0
Aeromonas_B,R3,M2g,0,0,TRUE,0.033962096751805004,7.525699574720392e-4,131.17242695819075,0.033962096751805004,7.525699574720392e-4,131.17242695819075,0,0,0
Aeromonas_B,R3,M0,0,3,FALSE,0.03394930244807805,7.528468241546485e-4,131.09703830745025,0.03394930244807805,7.528468241546485e-4,131.09703830745025,0,0,0
Aeromonas_B,R3,M2g,0,3,FALSE,0.033962096751805004,7.525699574720392e-4,131.17242695819075,0.033962096751805004,7.525699574720392e-4,131.17242695819075,0,0,0
Aeromonas_B,R3,M0,0,6,FALSE,0.03394930244807805,7.528468241546485e-4,131.09703830745025,0.03394930244807805,7.528468241546485e-4,131.09703830745025,0,0,0
Aeromonas_B,R3,M2g,0,6,FALSE,0.033962096751805004,7.525699574720392e-4,131.17242695819075,0.033962096751805004,7.525699574720392e-4,131.17242695819075,0,0,0
Aeromonas_B,R3,M0,3,-6,FALSE,0.03391111623825322,8.349247480426083e-4,130.77072431755295,0.03394930244807805,7.528468241546485e-4,131.09703830745025,10.902340456854938,-0.2489102683860986,-0.1124801014195464
Aeromonas_B,R3,M2g,3,-6,FALSE,0.03449021716797477,8.236970751395842e-4,134.62258452704143,0.033962096751805004,7.525699574720392e-4,131.17242695819075,9.451230010093468,2.630246042447897,1.5550288900867022
Aeromonas_B,R3,M0,3,-3,FALSE,0.033934072570886216,8.340451228113162e-4,130.95723034726862,0.03394930244807805,7.528468241546485e-4,131.09703830745025,10.785500589425084,-0.10664463666505461,-0.04486064835978334
Aeromonas_B,R3,M2g,3,-3,FALSE,0.03419281325827599,8.286468497057156e-4,132.57427840685253,0.033962096751805004,7.525699574720392e-4,131.17242695819075,10.108946215342767,1.068708936146003,0.6793352841465155
Aeromonas_B,R3,M0,3,0,FALSE,0.033960657277100646,8.329645260449107e-4,131.16361098722678,0.03394930244807805,7.528468241546485e-4,131.09703830745025,10.641965844808361,0.05078122331062916,0.03344642806715911
Aeromonas_B,R3,M2g,3,0,FALSE,0.033986691770332214,8.323822007379693e-4,131.3163347194698,0.033962096751805004,7.525699574720392e-4,131.17242695819075,10.605292235425898,0.10970885011140423,0.0724190226149763
Aeromonas_B,R3,M0,3,3,FALSE,0.033960657277100646,8.329645260449107e-4,131.16361098722678,0.03394930244807805,7.528468241546485e-4,131.09703830745025,10.641965844808361,0.05078122331062916,0.03344642806715911
Aeromonas_B,R3,M2g,3,3,FALSE,0.033986691770332214,8.323822007379693e-4,131.3163347194698,0.033962096751805004,7.525699574720392e-4,131.17242695819075,10.605292235425898,0.10970885011140423,0.0724190226149763
Aeromonas_B,R3,M0,3,6,FALSE,0.033960657277100646,8.329645260449107e-4,131.16361098722678,0.03394930244807805,7.528468241546485e-4,131.09703830745025,10.641965844808361,0.05078122331062916,0.03344642806715911
Aeromonas_B,R3,M2g,3,6,FALSE,0.033986691770332214,8.323822007379693e-4,131.3163347194698,0.033962096751805004,7.525699574720392e-4,131.17242695819075,10.605292235425898,0.10970885011140423,0.0724190226149763
Aeromonas_B,R3,M0,6,-6,FALSE,0.03388693565705644,9.255798904616639e-4,130.61474794906866,0.03394930244807805,7.528468241546485e-4,131.09703830745025,22.943985518033184,-0.3678880656712605,-0.1837056626332576
Aeromonas_B,R3,M2g,6,-6,FALSE,0.034405422263622684,9.152426905008535e-4,134.03552591174517,0.033962096751805004,7.525699574720392e-4,131.17242695819075,21.61562940610185,2.182698772865568,1.3053537744076953
Aeromonas_B,R3,M0,6,-3,FALSE,0.03391544403452118,9.244267909030271e-4,130.8431038527894,0.03394930244807805,7.528468241546485e-4,131.09703830745025,22.790820289511224,-0.1936996120883528,-0.09973228053404036
Aeromonas_B,R3,M2g,6,-3,FALSE,0.03410167802506091,9.204196638349433e-4,131.9980793593099,0.033962096751805004,7.525699574720392e-4,131.17242695819075,22.303535332014683,0.6294405160181428,0.4109913303526683
Aeromonas_B,R3,M0,6,0,FALSE,0.03394670270823433,9.230846525487984e-4,131.08266707980306,0.03394930244807805,7.528468241546485e-4,131.09703830745025,22.612545199391043,-0.010962282468567463,-0.007657712106739177
Aeromonas_B,R3,M2g,6,0,FALSE,0.03395923378958647,9.227950753424529e-4,131.15572471613322,0.033962096751805004,7.525699574720392e-4,131.17242695819075,22.619175291320104,-0.012733043403136206,-0.008429874749653576
Aeromonas_B,R3,M0,6,3,FALSE,0.03394670270823433,9.230846525487984e-4,131.08266707980306,0.03394930244807805,7.528468241546485e-4,131.09703830745025,22.612545199391043,-0.010962282468567463,-0.007657712106739177
Aeromonas_B,R3,M2g,6,3,FALSE,0.03395923378958647,9.227950753424529e-4,131.15572471613322,0.033962096751805004,7.525699574720392e-4,131.17242695819075,22.619175291320104,-0.012733043403136206,-0.008429874749653576
Aeromonas_B,R3,M0,6,6,FALSE,0.03394670270823433,9.230846525487984e-4,131.08266707980306,0.03394930244807805,7.528468241546485e-4,131.09703830745025,22.612545199391043,-0.010962282468567463,-0.007657712106739177
Aeromonas_B,R3,M2g,6,6,FALSE,0.03395923378958647,9.227950753424529e-4,131.15572471613322,0.033962096751805004,7.525699574720392e-4,131.17242695819075,22.619175291320104,-0.012733043403136206,-0.008429874749653576
Aeromonas_B,R4,M0,-6,-6,FALSE,0.03570193817181068,8.572473304463483e-4,168.045816771811,0.03585987964659123,8.509386784386346e-4,136.85289563660885,0.7413756322946045,22.793029690822177,-0.44044061591144673
Aeromonas_B,R4,M2g,-6,-6,FALSE,0.03639794179177744,8.434279104853901e-4,174.26767536489302,0.035872691559870426,8.506455447822675e-4,136.92432027770022,-0.8484890494224404,27.272989204149894,1.4642063616285546
Aeromonas_B,R4,M0,-6,-3,FALSE,0.03575154736597831,8.553338854501638e-4,168.57984380313178,0.03585987964659123,8.509386784386346e-4,136.85289563660885,0.5165127785228789,23.183249443817985,-0.3020988404884827
Aeromonas_B,R4,M2g,-6,-3,FALSE,0.03594631220329777,8.51161683119625e-4,170.21424100994747,0.035872691559870426,8.506455447822675e-4,136.92432027770022,0.060676076013496824,24.312642680811557,0.20522754280779848
Aeromonas_B,R4,M0,-6,0,FALSE,0.03585987964659123,8.509386784386346e-4,169.7057190038189,0.03585987964659123,8.509386784386346e-4,136.85289563660885,0,24.005939526808046,0
Aeromonas_B,R4,M2g,-6,0,FALSE,0.035872691559870426,8.506455447822675e-4,169.80734264104441,0.035872691559870426,8.506455447822675e-4,136.92432027770022,0,24.015472413266817,0
Aeromonas_B,R4,M0,-6,3,FALSE,0.03585987964659123,8.509386784386346e-4,169.7057190038189,0.03585987964659123,8.509386784386346e-4,136.85289563660885,0,24.005939526808046,0
Aeromonas_B,R4,M2g,-6,3,FALSE,0.035872691559870426,8.506455447822675e-4,169.80734264104441,0.035872691559870426,8.506455447822675e-4,136.92432027770022,0,24.015472413266817,0
Aeromonas_B,R4,M0,-6,6,FALSE,0.03585987964659123,8.509386784386346e-4,169.7057190038189,0.03585987964659123,8.509386784386346e-4,136.85289563660885,0,24.005939526808046,0
Aeromonas_B,R4,M2g,-6,6,FALSE,0.035872691559870426,8.506455447822675e-4,169.80734264104441,0.035872691559870426,8.506455447822675e-4,136.92432027770022,0,24.015472413266817,0
Aeromonas_B,R4,M0,-3,-6,FALSE,0.03570193817181068,8.572473304463483e-4,150.9775041513985,0.03585987964659123,8.509386784386346e-4,136.85289563660885,0.7413756322946045,10.3210154590337,-0.44044061591144673
Aeromonas_B,R4,M2g,-3,-6,FALSE,0.03639794179177744,8.434279104853901e-4,156.24083891212405,0.035872691559870426,8.506455447822675e-4,136.92432027770022,-0.8484890494224404,14.107441684024746,1.4642063616285546
Aeromonas_B,R4,M0,-3,-3,FALSE,0.03575154736597831,8.553338854501638e-4,151.43475103297814,0.03585987964659123,8.509386784386346e-4,136.85289563660885,0.5165127785228789,10.655131065029925,-0.3020988404884827
Aeromonas_B,R4,M2g,-3,-3,FALSE,0.03594631220329777,8.51161683119625e-4,152.81361073219463,0.035872691559870426,8.506455447822675e-4,136.92432027770022,0.060676076013496824,11.604432596246511,0.20522754280779848
Aeromonas_B,R4,M0,-3,0,FALSE,0.03585987964659123,8.509386784386346e-4,152.3965847772361,0.03585987964659123,8.509386784386346e-4,136.85289563660885,0,11.35795415093082,0
Aeromonas_B,R4,M2g,-3,0,FALSE,0.035872691559870426,8.506455447822675e-4,152.48198244149222,0.035872691559870426,8.506455447822675e-4,136.92432027770022,0,11.362234358541311,0
Aeromonas_B,R4,M0,-3,3,FALSE,0.03585987964659123,8.509386784386346e-4,152.3965847772361,0.03585987964659123,8.509386784386346e-4,136.85289563660885,0,11.35795415093082,0
Aeromonas_B,R4,M2g,-3,3,FALSE,0.035872691559870426,8.506455447822675e-4,152.48198244149222,0.035872691559870426,8.506455447822675e-4,136.92432027770022,0,11.362234358541311,0
Aeromonas_B,R4,M0,-3,6,FALSE,0.03585987964659123,8.509386784386346e-4,152.3965847772361,0.03585987964659123,8.509386784386346e-4,136.85289563660885,0,11.35795415093082,0
Aeromonas_B,R4,M2g,-3,6,FALSE,0.035872691559870426,8.506455447822675e-4,152.48198244149222,0.035872691559870426,8.506455447822675e-4,136.92432027770022,0,11.362234358541311,0
Aeromonas_B,R4,M0,0,-6,FALSE,0.03570193817181068,8.572473304463483e-4,135.6428097864391,0.03585987964659123,8.509386784386346e-4,136.85289563660885,0.7413756322946045,-0.884223782434928,-0.44044061591144673
Aeromonas_B,R4,M2g,0,-6,FALSE,0.03639794179177744,8.434279104853901e-4,140.0787592584254,0.035872691559870426,8.506455447822675e-4,136.92432027770022,-0.8484890494224404,2.30378283005355,1.4642063616285546
Aeromonas_B,R4,M0,0,-3,FALSE,0.03575154736597831,8.553338854501638e-4,136.03336735322122,0.03585987964659123,8.509386784386346e-4,136.85289563660885,0.5165127785228789,-0.5988388331685386,-0.3020988404884827
Aeromonas_B,R4,M2g,0,-3,FALSE,0.03594631220329777,8.51161683119625e-4,137.1918089018532,0.035872691559870426,8.506455447822675e-4,136.92432027770022,0.060676076013496824,0.1953550863794491,0.20522754280779848
Aeromonas_B,R4,M0,0,0,TRUE,0.03585987964659123,8.509386784386346e-4,136.85289563660885,0.03585987964659123,8.509386784386346e-4,136.85289563660885,0,0,0
Aeromonas_B,R4,M2g,0,0,TRUE,0.035872691559870426,8.506455447822675e-4,136.92432027770022,0.035872691559870426,8.506455447822675e-4,136.92432027770022,0,0,0
Aeromonas_B,R4,M0,0,3,FALSE,0.03585987964659123,8.509386784386346e-4,136.85289563660885,0.03585987964659123,8.509386784386346e-4,136.85289563660885,0,0,0
Aeromonas_B,R4,M2g,0,3,FALSE,0.035872691559870426,8.506455447822675e-4,136.92432027770022,0.035872691559870426,8.506455447822675e-4,136.92432027770022,0,0,0
Aeromonas_B,R4,M0,0,6,FALSE,0.03585987964659123,8.509386784386346e-4,136.85289563660885,0.03585987964659123,8.509386784386346e-4,136.85289563660885,0,0,0
Aeromonas_B,R4,M2g,0,6,FALSE,0.035872691559870426,8.506455447822675e-4,136.92432027770022,0.035872691559870426,8.506455447822675e-4,136.92432027770022,0,0,0
Aeromonas_B,R4,M0,3,-6,FALSE,0.03575760179363027,9.512604539934931e-4,135.98532851472336,0.03585987964659123,8.509386784386346e-4,136.85289563660885,11.789542313311737,-0.6339413702938174,-0.28521527113011097
Aeromonas_B,R4,M2g,3,-6,FALSE,0.03687092226949538,9.285835226896738e-4,143.11216715002632,0.035872691559870426,8.506455447822675e-4,136.92432027770022,9.162215494510756,4.519172970715759,2.782703684107269
Aeromonas_B,R4,M0,3,-3,FALSE,0.03580010718210374,9.495285003725404e-4,136.31592739830745,0.03585987964659123,8.509386784386346e-4,136.85289563660885,11.58600783252746,-0.3923689270903204,-0.16668339402296795
Aeromonas_B,R4,M2g,3,-3,FALSE,0.03628691144156669,9.387900455365726e-4,139.21478309322018,0.035872691559870426,8.506455447822675e-4,136.92432027770022,10.36207164017613,1.6727947313337794,1.1546941801256945
Aeromonas_B,R4,M0,3,0,FALSE,0.0359057451955484,9.449890118869575e-4,137.1049570643763,0.03585987964659123,8.509386784386346e-4,136.85289563660885,11.052539487439146,0.18418421224842266,0.12790212741701262
Aeromonas_B,R4,M2g,3,0,FALSE,0.035909412275152215,9.449032768706863e-4,137.1252844593169,0.035872691559870426,8.506455447822675e-4,136.92432027770022,11.080729531422532,0.1467702605418103,0.10236398130456258
Aeromonas_B,R4,M0,3,3,FALSE,0.0359057451955484,9.449890118869575e-4,137.1049570643763,0.03585987964659123,8.509386784386346e-4,136.85289563660885,11.052539487439146,0.18418421224842266,0.12790212741701262
Aeromonas_B,R4,M2g,3,3,FALSE,0.035909412275152215,9.449032768706863e-4,137.1252844593169,0.035872691559870426,8.506455447822675e-4,136.92432027770022,11.080729531422532,0.1467702605418103,0.10236398130456258
Aeromonas_B,R4,M0,3,6,FALSE,0.0359057451955484,9.449890118869575e-4,137.1049570643763,0.03585987964659123,8.509386784386346e-4,136.85289563660885,11.052539487439146,0.18418421224842266,0.12790212741701262
Aeromonas_B,R4,M2g,3,6,FALSE,0.035909412275152215,9.449032768706863e-4,137.1252844593169,0.035872691559870426,8.506455447822675e-4,136.92432027770022,11.080729531422532,0.1467702605418103,0.10236398130456258
Aeromonas_B,R4,M0,6,-6,FALSE,0.03574439355421712,0.0010597144236657806,135.90550622244794,0.03585987964659123,8.509386784386346e-4,136.85289563660885,24.53475796989547,-0.6922684461690541,-0.32204818731198454
Aeromonas_B,R4,M2g,6,-6,FALSE,0.03696789397213895,0.0010341167942491208,143.699672038115,0.035872691559870426,8.506455447822675e-4,136.92432027770022,21.568472390437883,4.948245678104156,3.053025476052339
Aeromonas_B,R4,M0,6,-3,FALSE,0.03579177196816489,0.0010576724819148194,136.26844562641796,0.03585987964659123,8.509386784386346e-4,136.85289563660885,24.294794526853025,-0.4270644091761173,-0.18992723650374793
Aeromonas_B,R4,M2g,6,-3,FALSE,0.03630985819694537,0.0010458916722792325,139.33502703001625,0.035872691559870426,8.506455447822675e-4,136.92432027770022,22.95270088635337,1.7606125394136019,1.2186613774027142
Aeromonas_B,R4,M0,6,0,FALSE,0.035904855748770816,0.0010525223975107584,137.10057442475457,0.03585987964659123,8.509386784386346e-4,136.85289563660885,23.68957060948324,0.1809817665848968,0.12542178786665756
Aeromonas_B,R4,M2g,6,0,FALSE,0.03591540598308154,0.001052263255823736,137.15880914433205,0.035872691559870426,8.506455447822675e-4,136.92432027770022,23.701730089361117,0.17125435872623776,0.11907225623096102
Aeromonas_B,R4,M0,6,3,FALSE,0.035904855748770816,0.0010525223975107584,137.10057442475457,0.03585987964659123,8.509386784386346e-4,136.85289563660885,23.68957060948324,0.1809817665848968,0.12542178786665756
Aeromonas_B,R4,M2g,6,3,FALSE,0.03591540598308154,0.001052263255823736,137.15880914433205,0.035872691559870426,8.506455447822675e-4,136.92432027770022,23.701730089361117,0.17125435872623776,0.11907225623096102
Aeromonas_B,R4,M0,6,6,FALSE,0.035904855748770816,0.0010525223975107584,137.10057442475457,0.03585987964659123,8.509386784386346e-4,136.85289563660885,23.68957060948324,0.1809817665848968,0.12542178786665756
Aeromonas_B,R4,M2g,6,6,FALSE,0.03591540598308154,0.001052263255823736,137.15880914433205,0.035872691559870426,8.506455447822675e-4,136.92432027770022,23.701730089361117,0.17125435872623776,0.11907225623096102
Aeromonas_B,R5,M0,-6,-6,FALSE,0.03551848524997497,5.779595716601857e-4,167.0170325724232,0.03578033965657565,5.710829728399444e-4,137.3959466613151,1.2041330502369165,21.558922683596286,-0.7318387950310008
Aeromonas_B,R5,M2g,-6,-6,FALSE,0.03698986021000479,5.585179904966766e-4,183.2860290364196,0.03579429457179523,5.708690509767063e-4,137.49522549477848,-2.163554051300929,33.30355899767593,3.340101132071568
Aeromonas_B,R5,M0,-6,-3,FALSE,0.03566514426418884,5.742167330820562e-4,168.88159839784464,0.03578033965657565,5.710829728399444e-4,137.3959466613151,0.5487399189171875,22.915997525125377,-0.32195164577102786
Aeromonas_B,R5,M2g,-6,-3,FALSE,0.035943884490978774,5.702281739034574e-4,171.75610222787455,0.03579429457179523,5.708690509767063e-4,137.49522549477848,-0.11226341174957565,24.917866500315068,0.4179155392586489
Aeromonas_B,R5,M0,-6,0,FALSE,0.03578033965657565,5.710829728399444e-4,170.29784220067586,0.03578033965657565,5.710829728399444e-4,137.3959466613151,0,23.946773059080755,0
Aeromonas_B,R5,M2g,-6,0,FALSE,0.03579429457179523,5.708690509767063e-4,170.4351649633372,0.03579429457179523,5.708690509767063e-4,137.49522549477848,0,23.957151493823794,0
Aeromonas_B,R5,M0,-6,3,FALSE,0.03578033965657565,5.710829728399444e-4,170.29784220067586,0.03578033965657565,5.710829728399444e-4,137.3959466613151,0,23.946773059080755,0
Aeromonas_B,R5,M2g,-6,3,FALSE,0.03579429457179523,5.708690509767063e-4,170.4351649633372,0.03579429457179523,5.708690509767063e-4,137.49522549477848,0,23.957151493823794,0
Aeromonas_B,R5,M0,-6,6,FALSE,0.03578033965657565,5.710829728399444e-4,170.29784220067586,0.03578033965657565,5.710829728399444e-4,137.3959466613151,0,23.946773059080755,0
Aeromonas_B,R5,M2g,-6,6,FALSE,0.03579429457179523,5.708690509767063e-4,170.4351649633372,0.03579429457179523,5.708690509767063e-4,137.49522549477848,0,23.957151493823794,0
Aeromonas_B,R5,M0,-3,-6,FALSE,0.03551848524997497,5.779595716601857e-4,150.13581877525567,0.03578033965657565,5.710829728399444e-4,137.3959466613151,1.2041330502369165,9.272378424193782,-0.7318387950310008
Aeromonas_B,R5,M2g,-3,-6,FALSE,0.03698986021000479,5.585179904966766e-4,164.03475928016346,0.03579429457179523,5.708690509767063e-4,137.49522549477848,-2.163554051300929,19.30214935819196,3.340101132071568
Aeromonas_B,R5,M0,-3,-3,FALSE,0.03566514426418884,5.742167330820562e-4,151.745144906073,0.03578033965657565,5.710829728399444e-4,137.3959466613151,0.5487399189171875,10.443683815599801,-0.32195164577102786
Aeromonas_B,R5,M2g,-3,-3,FALSE,0.035943884490978774,5.702281739034574e-4,154.19897389187906,0.03579429457179523,5.708690509767063e-4,137.49522549477848,-0.11226341174957565,12.148602496553544,0.4179155392586489
Aeromonas_B,R5,M0,-3,0,FALSE,0.03578033965657565,5.710829728399444e-4,152.96481047463539,0.03578033965657565,5.710829728399444e-4,137.3959466613151,0,11.331385089327258,0
Aeromonas_B,R5,M2g,-3,0,FALSE,0.03579429457179523,5.708690509767063e-4,153.0817475693096,0.03579429457179523,5.708690509767063e-4,137.49522549477848,0,11.336046047012044,0
Aeromonas_B,R5,M0,-3,3,FALSE,0.03578033965657565,5.710829728399444e-4,152.96481047463539,0.03578033965657565,5.710829728399444e-4,137.3959466613151,0,11.331385089327258,0
Aeromonas_B,R5,M2g,-3,3,FALSE,0.03579429457179523,5.708690509767063e-4,153.0817475693096,0.03579429457179523,5.708690509767063e-4,137.49522549477848,0,11.336046047012044,0
Aeromonas_B,R5,M0,-3,6,FALSE,0.03578033965657565,5.710829728399444e-4,152.96481047463539,0.03578033965657565,5.710829728399444e-4,137.3959466613151,0,11.331385089327258,0
Aeromonas_B,R5,M2g,-3,6,FALSE,0.03579429457179523,5.708690509767063e-4,153.0817475693096,0.03579429457179523,5.708690509767063e-4,137.49522549477848,0,11.336046047012044,0
Aeromonas_B,R5,M0,0,-6,FALSE,0.03551848524997497,5.779595716601857e-4,134.96087035040657,0.03578033965657565,5.710829728399444e-4,137.3959466613151,1.2041330502369165,-1.7723057849086772,-0.7318387950310008
Aeromonas_B,R5,M2g,0,-6,FALSE,0.03698986021000479,5.585179904966766e-4,146.80552791481202,0.03579429457179523,5.708690509767063e-4,137.49522549477848,-2.163554051300929,6.77136415939556,3.340101132071568
Aeromonas_B,R5,M0,0,-3,FALSE,0.03566514426418884,5.742167330820562e-4,136.34753117577648,0.03578033965657565,5.710829728399444e-4,137.3959466613151,0.5487399189171875,-0.7630614374112406,-0.32195164577102786
Aeromonas_B,R5,M2g,0,-3,FALSE,0.035943884490978774,5.702281739034574e-4,138.43655765873308,0.03579429457179523,5.708690509767063e-4,137.49522549477848,-0.11226341174957565,0.6846289829826465,0.4179155392586489
Aeromonas_B,R5,M0,0,0,TRUE,0.03578033965657565,5.710829728399444e-4,137.3959466613151,0.03578033965657565,5.710829728399444e-4,137.3959466613151,0,0,0
Aeromonas_B,R5,M2g,0,0,TRUE,0.03579429457179523,5.708690509767063e-4,137.49522549477848,0.03579429457179523,5.708690509767063e-4,137.49522549477848,0,0,0
Aeromonas_B,R5,M0,0,3,FALSE,0.03578033965657565,5.710829728399444e-4,137.3959466613151,0.03578033965657565,5.710829728399444e-4,137.3959466613151,0,0,0
Aeromonas_B,R5,M2g,0,3,FALSE,0.03579429457179523,5.708690509767063e-4,137.49522549477848,0.03579429457179523,5.708690509767063e-4,137.49522549477848,0,0,0
Aeromonas_B,R5,M0,0,6,FALSE,0.03578033965657565,5.710829728399444e-4,137.3959466613151,0.03578033965657565,5.710829728399444e-4,137.3959466613151,0,0,0
Aeromonas_B,R5,M2g,0,6,FALSE,0.03579429457179523,5.708690509767063e-4,137.49522549477848,0.03579429457179523,5.708690509767063e-4,137.49522549477848,0,0,0
Aeromonas_B,R5,M0,3,-6,FALSE,0.03538928622561439,6.475006919817548e-4,133.9818416887424,0.03578033965657565,5.710829728399444e-4,137.3959466613151,13.381193762754286,-2.4848658607000633,-1.0929282245910568
Aeromonas_B,R5,M2g,3,-6,FALSE,0.03634562814841563,6.343780310798741e-4,141.4923335661253,0.03579429457179523,5.708690509767063e-4,137.49522549477848,11.124964647235588,2.9070886330511962,1.540283397720146
Aeromonas_B,R5,M0,3,-3,FALSE,0.035566739929119545,6.426725820680425e-4,135.6281799592672,0.03578033965657565,5.710829728399444e-4,137.3959466613151,12.535763213546593,-1.2866221639023332,-0.5969751251840034
Aeromonas_B,R5,M2g,3,-3,FALSE,0.03557718411821607,6.42516924318141e-4,135.70515971101713,0.03579429457179523,5.708690509767063e-4,137.49522549477848,12.550666955732071,-1.3019112316953354,-0.606550446590547
Aeromonas_B,R5,M0,3,0,FALSE,0.03570520990983525,6.38660294825875e-4,136.869051557745,0.03578033965657565,5.710829728399444e-4,137.3959466613151,11.833188030431822,-0.38348664307318275,-0.20997494004110617
Aeromonas_B,R5,M2g,3,0,FALSE,0.035708557716207776,6.386083971158112e-4,136.89262548568684,0.03579429457179523,5.708690509767063e-4,137.49522549477848,11.86600430049745,-0.43826977040343107,-0.2395265966632821
Aeromonas_B,R5,M0,3,3,FALSE,0.03570520990983525,6.38660294825875e-4,136.869051557745,0.03578033965657565,5.710829728399444e-4,137.3959466613151,11.833188030431822,-0.38348664307318275,-0.20997494004110617
Aeromonas_B,R5,M2g,3,3,FALSE,0.035708557716207776,6.386083971158112e-4,136.89262548568684,0.03579429457179523,5.708690509767063e-4,137.49522549477848,11.86600430049745,-0.43826977040343107,-0.2395265966632821
Aeromonas_B,R5,M0,3,6,FALSE,0.03570520990983525,6.38660294825875e-4,136.869051557745,0.03578033965657565,5.710829728399444e-4,137.3959466613151,11.833188030431822,-0.38348664307318275,-0.20997494004110617
Aeromonas_B,R5,M2g,3,6,FALSE,0.035708557716207776,6.386083971158112e-4,136.89262548568684,0.03579429457179523,5.708690509767063e-4,137.49522549477848,11.86600430049745,-0.43826977040343107,-0.2395265966632821
Aeromonas_B,R5,M0,6,-6,FALSE,0.035322190282968235,7.22546962526231e-4,133.48012844212556,0.03578033965657565,5.710829728399444e-4,137.3959466613151,26.52223877960671,-2.8500245562863182,-1.2804500404545933
Aeromonas_B,R5,M2g,6,-6,FALSE,0.03603908010445349,7.124210866183331e-4,139.02640345809286,0.03579429457179523,5.708690509767063e-4,137.49522549477848,24.795885396036784,1.1136226423895172,0.6838674587294293
Aeromonas_B,R5,M0,6,-3,FALSE,0.03552212823215164,7.167840282006955e-4,135.30589121082448,0.03578033965657565,5.710829728399444e-4,137.3959466613151,25.513114957042543,-1.5211914916548854,-0.7216572757619348
Aeromonas_B,R5,M2g,6,-3,FALSE,0.0355275888570133,7.167014282775121e-4,135.34585039267213,0.03579429457179523,5.708690509767063e-4,137.49522549477848,25.54567935523911,-1.5632361737447908,-0.7451067774138586
Aeromonas_B,R5,M0,6,0,FALSE,0.03567643363767109,7.120417962637722e-4,136.66943034253046,0.03578033965657565,5.710829728399444e-4,137.3959466613151,24.682722148561385,-0.5287756563703556,-0.29039975556929526
Aeromonas_B,R5,M2g,6,0,FALSE,0.035680955363235026,7.119674598950399e-4,136.701147507568,0.03579429457179523,5.708690509767063e-4,137.49522549477848,24.716422912912655,-0.5775313174351842,-0.31664043087332855
Aeromonas_B,R5,M0,6,3,FALSE,0.03567643363767109,7.120417962637722e-4,136.66943034253046,0.03578033965657565,5.710829728399444e-4,137.3959466613151,24.682722148561385,-0.5287756563703556,-0.29039975556929526
Aeromonas_B,R5,M2g,6,3,FALSE,0.035680955363235026,7.119674598950399e-4,136.701147507568,0.03579429457179523,5.708690509767063e-4,137.49522549477848,24.716422912912655,-0.5775313174351842,-0.31664043087332855
Aeromonas_B,R5,M0,6,6,FALSE,0.03567643363767109,7.120417962637722e-4,136.66943034253046,0.03578033965657565,5.710829728399444e-4,137.3959466613151,24.682722148561385,-0.5287756563703556,-0.29039975556929526
Aeromonas_B,R5,M2g,6,6,FALSE,0.035680955363235026,7.119674598950399e-4,136.701147507568,0.03579429457179523,5.708690509767063e-4,137.49522549477848,24.716422912912655,-0.5775313174351842,-0.31664043087332855
Arthrobacter,R1,M0,-6,-6,FALSE,0.025216572945739264,0.0016015204188389494,193.52062154925292,0.02511080781836032,0.0016102704156605837,165.34015985828347,-0.5433867961888115,17.043930352506926,0.42119364754809846
Arthrobacter,R1,M2g,-6,-6,FALSE,0.026078555604236053,0.0015698954363326943,202.1479670633774,0.026096060657535062,0.001569270303623047,171.8739204279531,0.03983588475509984,17.61410140645201,-0.06707929418440439
Arthrobacter,R1,M0,-6,-3,FALSE,0.025159134188863765,0.0016061581869981677,192.8032597479368,0.02511080781836032,0.0016102704156605837,165.34015985828347,-0.2553750365418584,16.610060080498613,0.19245247246928598
Arthrobacter,R1,M2g,-6,-3,FALSE,0.02611250907232895,0.0015688692447115439,201.82623363025345,0.026096060657535062,0.001569270303623047,171.8739204279531,-0.02555703186234096,17.426909869584264,0.06303025966158463
Arthrobacter,R1,M0,-6,0,FALSE,0.02511080781836032,0.0016102704156605837,192.22561755490125,0.02511080781836032,0.0016102704156605837,165.34015985828347,0,16.260694146940384,0
Arthrobacter,R1,M2g,-6,0,FALSE,0.026096060657535062,0.001569270303623047,201.00656137839002,0.026096060657535062,0.001569270303623047,171.8739204279531,0,16.950006654819326,0
Arthrobacter,R1,M0,-6,3,FALSE,0.02511080781836032,0.0016102704156605837,192.22561755490125,0.02511080781836032,0.0016102704156605837,165.34015985828347,0,16.260694146940384,0
Arthrobacter,R1,M2g,-6,3,FALSE,0.026096060657535062,0.001569270303623047,201.00656137839002,0.026096060657535062,0.001569270303623047,171.8739204279531,0,16.950006654819326,0
Arthrobacter,R1,M0,-6,6,FALSE,0.02511080781836032,0.0016102704156605837,192.22561755490125,0.02511080781836032,0.0016102704156605837,165.34015985828347,0,16.260694146940384,0
Arthrobacter,R1,M2g,-6,6,FALSE,0.026096060657535062,0.001569270303623047,201.00656137839002,0.026096060657535062,0.001569270303623047,171.8739204279531,0,16.950006654819326,0
Arthrobacter,R1,M0,-3,-6,FALSE,0.025216572945739264,0.0016015204188389494,179.42088510564722,0.02511080781836032,0.0016102704156605837,165.34015985828347,-0.5433867961888115,8.516216059929196,0.42119364754809846
Arthrobacter,R1,M2g,-3,-6,FALSE,0.026078555604236053,0.0015698954363326943,186.93561871877193,0.026096060657535062,0.001569270303623047,171.8739204279531,0.03983588475509984,8.76322495775761,-0.06707929418440439
Arthrobacter,R1,M0,-3,-3,FALSE,0.025159134188863765,0.0016061581869981677,178.78659481766644,0.02511080781836032,0.0016102704156605837,165.34015985828347,-0.2553750365418584,8.132588580359538,0.19245247246928598
Arthrobacter,R1,M2g,-3,-3,FALSE,0.02611250907232895,0.0015688692447115439,186.61908679879537,0.026096060657535062,0.001569270303623047,171.8739204279531,-0.02555703186234096,8.579059774820939,0.06303025966158463
Arthrobacter,R1,M0,-3,0,FALSE,0.02511080781836032,0.0016102704156605837,178.27679135373907,0.02511080781836032,0.0016102704156605837,165.34015985828347,0,7.824252442082951,0
Arthrobacter,R1,M2g,-3,0,FALSE,0.026096060657535062,0.001569270303623047,185.8703465748259,0.026096060657535062,0.001569270303623047,171.8739204279531,0,8.143426362779625,0
Arthrobacter,R1,M0,-3,3,FALSE,0.02511080781836032,0.0016102704156605837,178.27679135373907,0.02511080781836032,0.0016102704156605837,165.34015985828347,0,7.824252442082951,0
Arthrobacter,R1,M2g,-3,3,FALSE,0.026096060657535062,0.001569270303623047,185.8703465748259,0.026096060657535062,0.001569270303623047,171.8739204279531,0,8.143426362779625,0
Arthrobacter,R1,M0,-3,6,FALSE,0.02511080781836032,0.0016102704156605837,178.27679135373907,0.02511080781836032,0.0016102704156605837,165.34015985828347,0,7.824252442082951,0
Arthrobacter,R1,M2g,-3,6,FALSE,0.026096060657535062,0.001569270303623047,185.8703465748259,0.026096060657535062,0.001569270303623047,171.8739204279531,0,8.143426362779625,0
Arthrobacter,R1,M0,0,-6,FALSE,0.025216572945739264,0.0016015204188389494,166.34844263302813,0.02511080781836032,0.0016102704156605837,165.34015985828347,-0.5433867961888115,0.6098232731895733,0.42119364754809846
Arthrobacter,R1,M2g,0,-6,FALSE,0.026078555604236053,0.0015698954363326943,172.8680533048058,0.026096060657535062,0.001569270303623047,171.8739204279531,0.03983588475509984,0.5784082159628414,-0.06707929418440439
Arthrobacter,R1,M0,0,-3,FALSE,0.025159134188863765,0.0016061581869981677,165.7889318276346,0.02511080781836032,0.0016102704156605837,165.34015985828347,-0.2553750365418584,0.27142345195249595,0.19245247246928598
Arthrobacter,R1,M2g,0,-3,FALSE,0.02611250907232895,0.0015688692447115439,172.55776383073643,0.026096060657535062,0.001569270303623047,171.8739204279531,-0.02555703186234096,0.3978750243670594,0.06303025966158463
Arthrobacter,R1,M0,0,0,TRUE,0.02511080781836032,0.0016102704156605837,165.34015985828347,0.02511080781836032,0.0016102704156605837,165.34015985828347,0,0,0
Arthrobacter,R1,M2g,0,0,TRUE,0.026096060657535062,0.001569270303623047,171.8739204279531,0.026096060657535062,0.001569270303623047,171.8739204279531,0,0,0
Arthrobacter,R1,M0,0,3,FALSE,0.02511080781836032,0.0016102704156605837,165.34015985828347,0.02511080781836032,0.0016102704156605837,165.34015985828347,0,0,0
Arthrobacter,R1,M2g,0,3,FALSE,0.026096060657535062,0.001569270303623047,171.8739204279531,0.026096060657535062,0.001569270303623047,171.8739204279531,0,0,0
Arthrobacter,R1,M0,0,6,FALSE,0.02511080781836032,0.0016102704156605837,165.34015985828347,0.02511080781836032,0.0016102704156605837,165.34015985828347,0,0,0
Arthrobacter,R1,M2g,0,6,FALSE,0.026096060657535062,0.001569270303623047,171.8739204279531,0.026096060657535062,0.001569270303623047,171.8739204279531,0,0,0
Arthrobacter,R1,M0,3,-6,FALSE,0.025216278308599245,0.0017274135951966666,166.34692354186885,0.02511080781836032,0.0016102704156605837,165.34015985828347,7.2747520166063,0.6089045059883179,0.420020299632928
Arthrobacter,R1,M2g,3,-6,FALSE,0.026205682404722267,0.0016907984493744336,173.78028888441816,0.026096060657535062,0.001569270303623047,171.8739204279531,7.744245556091189,1.1091667960551237,0.42007009650152943
Arthrobacter,R1,M0,3,-3,FALSE,0.025155706442059923,0.001732474583765765,165.76654019558313,0.02511080781836032,0.0016102704156605837,165.34015985828347,7.5890463438123446,0.2578806852885116,0.17880198846799072
Arthrobacter,R1,M2g,3,-3,FALSE,0.026220770965345315,0.0016903538238020412,173.2735931765245,0.026096060657535062,0.001569270303623047,171.8739204279531,7.715912287350564,0.8143601688297674,0.4778894004227562
Arthrobacter,R1,M0,3,0,FALSE,0.025105254203432306,0.0017369242684553462,165.3058810714207,0.02511080781836032,0.0016102704156605837,165.34015985828347,7.865377862190007,-0.02073228119056969,-0.022116432765466553
Arthrobacter,R1,M2g,3,0,FALSE,0.026185946811137006,0.0016913494900752423,172.4171179300277,0.026096060657535062,0.001569270303623047,171.8739204279531,7.7793600102127325,0.3160441681449311,0.34444338086710596
Arthrobacter,R1,M0,3,3,FALSE,0.025105254203432306,0.0017369242684553462,165.3058810714207,0.02511080781836032,0.0016102704156605837,165.34015985828347,7.865377862190007,-0.02073228119056969,-0.022116432765466553
Arthrobacter,R1,M2g,3,3,FALSE,0.026185946811137006,0.0016913494900752423,172.4171179300277,0.026096060657535062,0.001569270303623047,171.8739204279531,7.7793600102127325,0.3160441681449311,0.34444338086710596
Arthrobacter,R1,M0,3,6,FALSE,0.025105254203432306,0.0017369242684553462,165.3058810714207,0.02511080781836032,0.0016102704156605837,165.34015985828347,7.865377862190007,-0.02073228119056969,-0.022116432765466553
Arthrobacter,R1,M2g,3,6,FALSE,0.026185946811137006,0.0016913494900752423,172.4171179300277,0.026096060657535062,0.001569270303623047,171.8739204279531,7.7793600102127325,0.3160441681449311,0.34444338086710596
Arthrobacter,R1,M0,6,-6,FALSE,0.025151748648175626,0.0018704791367814364,165.89407482618537,0.02511080781836032,0.0016102704156605837,165.34015985828347,16.159318248053818,0.33501538185077084,0.16304067201442912
Arthrobacter,R1,M2g,6,-6,FALSE,0.025838829021740235,0.0018447930737855022,170.97181891721834,0.026096060657535062,0.001569270303623047,171.8739204279531,17.557381257157733,-0.5248623575284648,-0.9857105988928361
Arthrobacter,R1,M0,6,-3,FALSE,0.025097080773700993,0.0018752149362168133,165.38024781169509,0.02511080781836032,0.0016102704156605837,165.34015985828347,16.453417884321066,0.02424574492124269,-0.054665882350824216
Arthrobacter,R1,M2g,6,-3,FALSE,0.02591826808463264,0.00184233190721689,171.08434396621857,0.026096060657535062,0.001569270303623047,171.8739204279531,17.40054616234137,-0.4593928268864413,-0.6813004278141366
Arthrobacter,R1,M0,6,0,FALSE,0.02505214992720233,0.0018793368499379216,164.97850080509318,0.02511080781836032,0.0016102704156605837,165.34015985828347,16.70939437628297,-0.2187363635672543,-0.23359619324989947
Arthrobacter,R1,M2g,6,0,FALSE,0.025931809443080357,0.001841694328021712,170.69065145642352,0.026096060657535062,0.001569270303623047,171.8739204279531,17.359917139176535,-0.6884517258833225,-0.6294099964366776
Arthrobacter,R1,M0,6,3,FALSE,0.02505214992720233,0.0018793368499379216,164.97850080509318,0.02511080781836032,0.0016102704156605837,165.34015985828347,16.70939437628297,-0.2187363635672543,-0.23359619324989947
Arthrobacter,R1,M2g,6,3,FALSE,0.025931809443080357,0.001841694328021712,170.69065145642352,0.026096060657535062,0.001569270303623047,171.8739204279531,17.359917139176535,-0.6884517258833225,-0.6294099964366776
Arthrobacter,R1,M0,6,6,FALSE,0.02505214992720233,0.0018793368499379216,164.97850080509318,0.02511080781836032,0.0016102704156605837,165.34015985828347,16.70939437628297,-0.2187363635672543,-0.23359619324989947
Arthrobacter,R1,M2g,6,6,FALSE,0.025931809443080357,0.001841694328021712,170.69065145642352,0.026096060657535062,0.001569270303623047,171.8739204279531,17.359917139176535,-0.6884517258833225,-0.6294099964366776
Arthrobacter,R2,M0,-6,-6,FALSE,0.025904603364117082,0.0013622677466701815,189.9924937352618,0.02587640886188693,0.00136451060286592,162.3924644646044,-0.1643707414971831,16.99588054264255,0.10895832717993342
Arthrobacter,R2,M2g,-6,-6,FALSE,0.025907492645786775,0.0013621557052558243,190.01796219751844,0.02598923134762358,0.0013596060115487704,163.0338820584693,0.18753180593468496,16.55120996834988,-0.3145098858196103
Arthrobacter,R2,M0,-6,-3,FALSE,0.025894165872611345,0.0013630695446150097,189.86834406007338,0.02587640886188693,0.00136451060286592,162.3924644646044,-0.10560989763535042,16.919430150933962,0.06862239199879355
Arthrobacter,R2,M2g,-6,-3,FALSE,0.025918720257690108,0.001362059568589144,190.07212817135795,0.02598923134762358,0.0013596060115487704,163.0338820584693,0.18046088495730261,16.58443372107882,-0.2713088701637192
Arthrobacter,R2,M0,-6,0,FALSE,0.02587640886188693,0.00136451060286592,189.66786788335332,0.02587640886188693,0.00136451060286592,162.3924644646044,0,16.795978501018425,0
Arthrobacter,R2,M2g,-6,0,FALSE,0.02598923134762358,0.0013596060115487704,190.54596140433708,0.02598923134762358,0.0013596060115487704,163.0338820584693,0,16.875068543114892,0
Arthrobacter,R2,M0,-6,3,FALSE,0.02587640886188693,0.00136451060286592,189.66786788335332,0.02587640886188693,0.00136451060286592,162.3924644646044,0,16.795978501018425,0
Arthrobacter,R2,M2g,-6,3,FALSE,0.02598923134762358,0.0013596060115487704,190.54596140433708,0.02598923134762358,0.0013596060115487704,163.0338820584693,0,16.875068543114892,0
Arthrobacter,R2,M0,-6,6,FALSE,0.02587640886188693,0.00136451060286592,189.66786788335332,0.02587640886188693,0.00136451060286592,162.3924644646044,0,16.795978501018425,0
Arthrobacter,R2,M2g,-6,6,FALSE,0.02598923134762358,0.0013596060115487704,190.54596140433708,0.02598923134762358,0.0013596060115487704,163.0338820584693,0,16.875068543114892,0
Arthrobacter,R2,M0,-3,-6,FALSE,0.025904603364117082,0.0013622677466701815,175.78659916781072,0.02587640886188693,0.00136451060286592,162.3924644646044,-0.1643707414971831,8.248002607365912,0.10895832717993342
Arthrobacter,R2,M2g,-3,-6,FALSE,0.025907492645786775,0.0013621557052558243,175.80863944361576,0.02598923134762358,0.0013596060115487704,163.0338820584693,0.18753180593468496,7.835645709868471,-0.3145098858196103
Arthrobacter,R2,M0,-3,-3,FALSE,0.025894165872611345,0.0013630695446150097,175.67723306841134,0.02587640886188693,0.00136451060286592,162.3924644646044,-0.10560989763535042,8.180655825136853,0.06862239199879355
Arthrobacter,R2,M2g,-3,-3,FALSE,0.025918720257690108,0.001362059568589144,175.85283162698147,0.02598923134762358,0.0013596060115487704,163.0338820584693,0.18046088495730261,7.862751844377284,-0.2713088701637192
Arthrobacter,R2,M0,-3,0,FALSE,0.02587640886188693,0.00136451060286592,175.50108972688668,0.02587640886188693,0.00136451060286592,162.3924644646044,0,8.07218814339719,0
Arthrobacter,R2,M2g,-3,0,FALSE,0.02598923134762358,0.0013596060115487704,176.25392988047767,0.02598923134762358,0.0013596060115487704,163.0338820584693,0,8.108773253198523,0
Arthrobacter,R2,M0,-3,3,FALSE,0.02587640886188693,0.00136451060286592,175.50108972688668,0.02587640886188693,0.00136451060286592,162.3924644646044,0,8.07218814339719,0
Arthrobacter,R2,M2g,-3,3,FALSE,0.02598923134762358,0.0013596060115487704,176.25392988047767,0.02598923134762358,0.0013596060115487704,163.0338820584693,0,8.108773253198523,0
Arthrobacter,R2,M0,-3,6,FALSE,0.02587640886188693,0.00136451060286592,175.50108972688668,0.02587640886188693,0.00136451060286592,162.3924644646044,0,8.07218814339719,0
Arthrobacter,R2,M2g,-3,6,FALSE,0.02598923134762358,0.0013596060115487704,176.25392988047767,0.02598923134762358,0.0013596060115487704,163.0338820584693,0,8.108773253198523,0
Arthrobacter,R2,M0,0,-6,FALSE,0.025904603364117082,0.0013622677466701815,162.64289098727411,0.02587640886188693,0.00136451060286592,162.3924644646044,-0.1643707414971831,0.15421067935348126,0.10895832717993342
Arthrobacter,R2,M2g,0,-6,FALSE,0.025907492645786775,0.0013621557052558243,162.66187335956457,0.02598923134762358,0.0013596060115487704,163.0338820584693,0.18753180593468496,-0.22817876517919586,-0.3145098858196103
Arthrobacter,R2,M0,0,-3,FALSE,0.025894165872611345,0.0013630695446150097,162.54679194341213,0.02587640886188693,0.00136451060286592,162.3924644646044,-0.10560989763535042,0.0950336453828384,0.06862239199879355
Arthrobacter,R2,M2g,0,-3,FALSE,0.025918720257690108,0.001362059568589144,162.6972807046598,0.02598923134762358,0.0013596060115487704,163.0338820584693,0.18046088495730261,-0.2064609819502321,-0.2713088701637192
Arthrobacter,R2,M0,0,0,TRUE,0.02587640886188693,0.00136451060286592,162.3924644646044,0.02587640886188693,0.00136451060286592,162.3924644646044,0,0,0
Arthrobacter,R2,M2g,0,0,TRUE,0.02598923134762358,0.0013596060115487704,163.0338820584693,0.02598923134762358,0.0013596060115487704,163.0338820584693,0,0,0
Arthrobacter,R2,M0,0,3,FALSE,0.02587640886188693,0.00136451060286592,162.3924644646044,0.02587640886188693,0.00136451060286592,162.3924644646044,0,0,0
Arthrobacter,R2,M2g,0,3,FALSE,0.02598923134762358,0.0013596060115487704,163.0338820584693,0.02598923134762358,0.0013596060115487704,163.0338820584693,0,0,0
Arthrobacter,R2,M0,0,6,FALSE,0.02587640886188693,0.00136451060286592,162.3924644646044,0.02587640886188693,0.00136451060286592,162.3924644646044,0,0,0
Arthrobacter,R2,M2g,0,6,FALSE,0.02598923134762358,0.0013596060115487704,163.0338820584693,0.02598923134762358,0.0013596060115487704,163.0338820584693,0,0,0
Arthrobacter,R2,M0,3,-6,FALSE,0.02591793468868001,0.0014709608632442444,162.72711292386393,0.02587640886188693,0.00136451060286592,162.3924644646044,7.801350913268393,0.2060738842549442,0.16047754931806613
Arthrobacter,R2,M2g,3,-6,FALSE,0.025959234085853038,0.0014693305595459213,162.99661172843236,0.02598923134762358,0.0013596060115487704,163.0338820584693,8.07031942085636,-0.022860481248656032,-0.11542188904823461
Arthrobacter,R2,M0,3,-3,FALSE,0.025905223332935275,0.001471977427303434,162.61204057155098,0.02587640886188693,0.00136451060286592,162.3924644646044,7.875851181500415,0.13521323644574024,0.11135421148328355
Arthrobacter,R2,M2g,3,-3,FALSE,0.0259841067907479,0.0014686714790060793,163.0921524437401,0.02598923134762358,0.0013596060115487704,163.0338820584693,8.021843573129617,0.035741273246452376,-0.019718000917900484
Arthrobacter,R2,M0,3,0,FALSE,0.02588520140911585,0.0014736680111664573,162.4406470385103,0.02587640886188693,0.00136451060286592,162.3924644646044,7.999747900182749,0.02967044934305236,0.03397900874054202
Arthrobacter,R2,M2g,3,0,FALSE,0.026057080792695808,0.0014660390574843638,163.41097961969604,0.02598923134762358,0.0013596060115487704,163.0338820584693,7.828227076927392,0.2313001177825774,0.2610675327973154
Arthrobacter,R2,M0,3,3,FALSE,0.02588520140911585,0.0014736680111664573,162.4406470385103,0.02587640886188693,0.00136451060286592,162.3924644646044,7.999747900182749,0.02967044934305236,0.03397900874054202
Arthrobacter,R2,M2g,3,3,FALSE,0.026057080792695808,0.0014660390574843638,163.41097961969604,0.02598923134762358,0.0013596060115487704,163.0338820584693,7.828227076927392,0.2313001177825774,0.2610675327973154
Arthrobacter,R2,M0,3,6,FALSE,0.02588520140911585,0.0014736680111664573,162.4406470385103,0.02587640886188693,0.00136451060286592,162.3924644646044,7.999747900182749,0.02967044934305236,0.03397900874054202
Arthrobacter,R2,M2g,3,6,FALSE,0.026057080792695808,0.0014660390574843638,163.41097961969604,0.02598923134762358,0.0013596060115487704,163.0338820584693,7.828227076927392,0.2313001177825774,0.2610675327973154
Arthrobacter,R2,M0,6,-6,FALSE,0.025897484301749315,0.0015921244841257576,162.59884450558806,0.02587640886188693,0.00136451060286592,162.3924644646044,16.680990296577676,0.12708720300790666,0.08144654064972187
Arthrobacter,R2,M2g,6,-6,FALSE,0.0259010637530312,0.0015919812112426255,162.6219808867206,0.02598923134762358,0.0013596060115487704,163.0338820584693,17.091363065477267,-0.2526475886779009,-0.33924664186131964
Arthrobacter,R2,M0,6,-3,FALSE,0.02588702671794738,0.00159299154139707,162.50545531974885,0.02587640886188693,0.00136451060286592,162.3924644646044,16.7445337582035,0.06957887825459286,0.04103295831010037
Arthrobacter,R2,M2g,6,-3,FALSE,0.02590517436163919,0.0015922165303118526,162.61488461456236,0.02598923134762358,0.0013596060115487704,163.0338820584693,17.108670952264195,-0.2570002251168046,-0.3234300578576997
Arthrobacter,R2,M0,6,0,FALSE,0.02586856370013108,0.0015946163114121232,162.3501558695677,0.02587640886188693,0.00136451060286592,162.3924644646044,16.863607220266793,-0.026053299441072746,-0.03031781495540596
Arthrobacter,R2,M2g,6,0,FALSE,0.025963549544847146,0.0015903092120102046,162.88145013707708,0.02598923134762358,0.0013596060115487704,163.0338820584693,16.968386319403873,-0.09349708138430997,-0.09881709248312776
Arthrobacter,R2,M0,6,3,FALSE,0.02586856370013108,0.0015946163114121232,162.3501558695677,0.02587640886188693,0.00136451060286592,162.3924644646044,16.863607220266793,-0.026053299441072746,-0.03031781495540596
Arthrobacter,R2,M2g,6,3,FALSE,0.025963549544847146,0.0015903092120102046,162.88145013707708,0.02598923134762358,0.0013596060115487704,163.0338820584693,16.968386319403873,-0.09349708138430997,-0.09881709248312776
Arthrobacter,R2,M0,6,6,FALSE,0.02586856370013108,0.0015946163114121232,162.3501558695677,0.02587640886188693,0.00136451060286592,162.3924644646044,16.863607220266793,-0.026053299441072746,-0.03031781495540596
Arthrobacter,R2,M2g,6,6,FALSE,0.025963549544847146,0.0015903092120102046,162.88145013707708,0.02598923134762358,0.0013596060115487704,163.0338820584693,16.968386319403873,-0.09349708138430997,-0.09881709248312776
Arthrobacter,R3,M0,-6,-6,FALSE,0.02167198842256836,0.00198261351874151,185.18446759539663,0.021500942908678766,0.0019942165096640836,160.4526262197273,-0.581832056165654,15.413796556873429,0.7955256409734031
Arthrobacter,R3,M2g,-6,-6,FALSE,0.021682082637936015,0.0019824028805465292,185.3251586048345,0.02173332135995752,0.0019883987706512916,162.88140913798654,-0.3015436437228583,13.779196524407853,-0.23576112078252465
Arthrobacter,R3,M0,-6,-3,FALSE,0.021525278584873894,0.0019924795650110524,182.91190289072546,0.021500942908678766,0.0019942165096640836,160.4526262197273,-0.08709910105617057,13.99745033792213,0.11318422777312247
Arthrobacter,R3,M2g,-6,-3,FALSE,0.021582714636873272,0.00199115927130661,183.68052174731875,0.02173332135995752,0.0019883987706512916,162.88140913798654,0.13883033403879627,12.769482238278064,-0.6929761014887081
Arthrobacter,R3,M0,-6,0,FALSE,0.021500942908678766,0.0019942165096640836,182.54640099123256,0.021500942908678766,0.0019942165096640836,160.4526262197273,0,13.769656061128943,0
Arthrobacter,R3,M2g,-6,0,FALSE,0.02173332135995752,0.0019883987706512916,185.5681709412178,0.02173332135995752,0.0019883987706512916,162.88140913798654,0,13.92839239499209,0
Arthrobacter,R3,M0,-6,3,FALSE,0.021500942908678766,0.0019942165096640836,182.54640099123256,0.021500942908678766,0.0019942165096640836,160.4526262197273,0,13.769656061128943,0
Arthrobacter,R3,M2g,-6,3,FALSE,0.02173332135995752,0.0019883987706512916,185.5681709412178,0.02173332135995752,0.0019883987706512916,162.88140913798654,0,13.92839239499209,0
Arthrobacter,R3,M0,-6,6,FALSE,0.021500942908678766,0.0019942165096640836,182.54640099123256,0.021500942908678766,0.0019942165096640836,160.4526262197273,0,13.769656061128943,0
Arthrobacter,R3,M2g,-6,6,FALSE,0.02173332135995752,0.0019883987706512916,185.5681709412178,0.02173332135995752,0.0019883987706512916,162.88140913798654,0,13.92839239499209,0
Arthrobacter,R3,M0,-3,-6,FALSE,0.02167198842256836,0.00198261351874151,173.5275688703067,0.021500942908678766,0.0019942165096640836,160.4526262197273,-0.581832056165654,8.1487869401865,0.7955256409734031
Arthrobacter,R3,M2g,-3,-6,FALSE,0.021682082637936015,0.0019824028805465292,173.65414494620475,0.02173332135995752,0.0019883987706512916,162.88140913798654,-0.3015436437228583,6.613852289976193,-0.23576112078252465
Arthrobacter,R3,M0,-3,-3,FALSE,0.021525278584873894,0.0019924795650110524,171.47351037230146,0.021500942908678766,0.0019942165096640836,160.4526262197273,-0.08709910105617057,6.868621855700832,0.11318422777312247
Arthrobacter,R3,M2g,-3,-3,FALSE,0.021582714636873272,0.00199115927130661,172.16439577718523,0.02173332135995752,0.0019883987706512916,162.88140913798654,0.13883033403879627,5.699230310154381,-0.6929761014887081
Arthrobacter,R3,M0,-3,0,FALSE,0.021500942908678766,0.0019942165096640836,171.14335933948095,0.021500942908678766,0.0019942165096640836,160.4526262197273,0,6.662859544046055,0
Arthrobacter,R3,M2g,-3,0,FALSE,0.02173332135995752,0.0019883987706512916,173.85512697089007,0.02173332135995752,0.0019883987706512916,162.88140913798654,0,6.737243919351803,0
Arthrobacter,R3,M0,-3,3,FALSE,0.021500942908678766,0.0019942165096640836,171.14335933948095,0.021500942908678766,0.0019942165096640836,160.4526262197273,0,6.662859544046055,0
Arthrobacter,R3,M2g,-3,3,FALSE,0.02173332135995752,0.0019883987706512916,173.85512697089007,0.02173332135995752,0.0019883987706512916,162.88140913798654,0,6.737243919351803,0
Arthrobacter,R3,M0,-3,6,FALSE,0.021500942908678766,0.0019942165096640836,171.14335933948095,0.021500942908678766,0.0019942165096640836,160.4526262197273,0,6.662859544046055,0
Arthrobacter,R3,M2g,-3,6,FALSE,0.02173332135995752,0.0019883987706512916,173.85512697089007,0.02173332135995752,0.0019883987706512916,162.88140913798654,0,6.737243919351803,0
Arthrobacter,R3,M0,0,-6,FALSE,0.02167198842256836,0.00198261351874151,162.60444274316433,0.021500942908678766,0.0019942165096640836,160.4526262197273,-0.581832056165654,1.3410914948131019,0.7955256409734031
Arthrobacter,R3,M2g,0,-6,FALSE,0.021682082637936015,0.0019824028805465292,162.71812356193942,0.02173332135995752,0.0019883987706512916,162.88140913798654,-0.3015436437228583,-0.10024813569041939,-0.23576112078252465
Arthrobacter,R3,M0,0,-3,FALSE,0.021525278584873894,0.0019924795650110524,160.75041752184788,0.021500942908678766,0.0019942165096640836,160.4526262197273,-0.08709910105617057,0.18559453287649552,0.11318422777312247
Arthrobacter,R3,M2g,0,-3,FALSE,0.021582714636873272,0.00199115927130661,161.37029060761557,0.02173332135995752,0.0019883987706512916,162.88140913798654,0.13883033403879627,-0.9277415626302731,-0.6929761014887081
Arthrobacter,R3,M0,0,0,TRUE,0.021500942908678766,0.0019942165096640836,160.4526262197273,0.021500942908678766,0.0019942165096640836,160.4526262197273,0,0,0
Arthrobacter,R3,M2g,0,0,TRUE,0.02173332135995752,0.0019883987706512916,162.88140913798654,0.02173332135995752,0.0019883987706512916,162.88140913798654,0,0,0
Arthrobacter,R3,M0,0,3,FALSE,0.021500942908678766,0.0019942165096640836,160.4526262197273,0.021500942908678766,0.0019942165096640836,160.4526262197273,0,0,0
Arthrobacter,R3,M2g,0,3,FALSE,0.02173332135995752,0.0019883987706512916,162.88140913798654,0.02173332135995752,0.0019883987706512916,162.88140913798654,0,0,0
Arthrobacter,R3,M0,0,6,FALSE,0.021500942908678766,0.0019942165096640836,160.4526262197273,0.021500942908678766,0.0019942165096640836,160.4526262197273,0,0,0
Arthrobacter,R3,M2g,0,6,FALSE,0.02173332135995752,0.0019883987706512916,162.88140913798654,0.02173332135995752,0.0019883987706512916,162.88140913798654,0,0,0
Arthrobacter,R3,M0,3,-6,FALSE,0.021592789564371235,0.002123115445350526,161.76432716377323,0.021500942908678766,0.0019942165096640836,160.4526262197273,6.463637978213054,0.8175004516595774,0.42717501312649475
Arthrobacter,R3,M2g,3,-6,FALSE,0.021602897102960674,0.002122915731145309,161.87643316543546,0.02173332135995752,0.0019883987706512916,162.88140913798654,6.765089703307203,-0.6169985745271301,-0.6001119425636625
Arthrobacter,R3,M0,3,-3,FALSE,0.021445359092723264,0.00213318131007722,159.94027473394044,0.021500942908678766,0.0019942165096640836,160.4526262197273,6.968390831171308,-0.319316360135633,-0.25851803891384834
Arthrobacter,R3,M2g,3,-3,FALSE,0.021461842369355316,0.0021328141304980917,160.1152800995211,0.02173332135995752,0.0019883987706512916,162.88140913798654,7.262897260769149,-1.6982472420299874,-1.2491371480034734
Arthrobacter,R3,M0,3,0,FALSE,0.021431529803633206,0.002134194513905125,159.7752164894705,0.021500942908678766,0.0019942165096640836,160.4526262197273,7.019197943788962,-0.4221867514522029,-0.32283749294335157
Arthrobacter,R3,M2g,3,0,FALSE,0.021457278947305296,0.0021335643760022963,160.03891817946396,0.02173332135995752,0.0019883987706512916,162.88140913798654,7.30062839977799,-1.7451291547425964,-1.2701345002923274
Arthrobacter,R3,M0,3,3,FALSE,0.021431529803633206,0.002134194513905125,159.7752164894705,0.021500942908678766,0.0019942165096640836,160.4526262197273,7.019197943788962,-0.4221867514522029,-0.32283749294335157
Arthrobacter,R3,M2g,3,3,FALSE,0.021457278947305296,0.0021335643760022963,160.03891817946396,0.02173332135995752,0.0019883987706512916,162.88140913798654,7.30062839977799,-1.7451291547425964,-1.2701345002923274
Arthrobacter,R3,M0,3,6,FALSE,0.021431529803633206,0.002134194513905125,159.7752164894705,0.021500942908678766,0.0019942165096640836,160.4526262197273,7.019197943788962,-0.4221867514522029,-0.32283749294335157
Arthrobacter,R3,M2g,3,6,FALSE,0.021457278947305296,0.0021335643760022963,160.03891817946396,0.02173332135995752,0.0019883987706512916,162.88140913798654,7.30062839977799,-1.7451291547425964,-1.2701345002923274
Arthrobacter,R3,M0,6,-6,FALSE,0.02168217829325409,0.002256972270185332,162.71122339257795,0.021500942908678766,0.0019942165096640836,160.4526262197273,13.17588934039606,1.4076411374891866,0.8429183098857022
Arthrobacter,R3,M2g,6,-6,FALSE,0.02168494058534932,0.002256924519264799,162.7416522462858,0.02173332135995752,0.0019883987706512916,162.88140913798654,13.504622542366238,-0.08580285033163687,-0.22261104875270774
Arthrobacter,R3,M0,6,-3,FALSE,0.021504245220682026,0.002269197568617734,160.53598959346837,0.021500942908678766,0.0019942165096640836,160.4526262197273,13.78892701073716,0.05195513199447758,0.015358917128826173
Arthrobacter,R3,M2g,6,-3,FALSE,0.021511940809238236,0.0022690316984019204,160.61704777144672,0.02173332135995752,0.0019883987706512916,162.88140913798654,14.113513440702272,-1.3901901871572961,-1.0186227270681447
Arthrobacter,R3,M0,6,0,FALSE,0.021478947024377908,0.0022710543312489608,160.2370777722538,0.021500942908678766,0.0019942165096640836,160.4526262197273,13.882034385098398,-0.13433774974697657,-0.1023019520319736
Arthrobacter,R3,M2g,6,0,FALSE,0.021587279407777535,0.0022684640592428667,161.34009077705588,0.02173332135995752,0.0019883987706512916,162.88140913798654,14.08496588940461,-0.9462825555646547,-0.6719725428118786
Arthrobacter,R3,M0,6,3,FALSE,0.021478947024377908,0.0022710543312489608,160.2370777722538,0.021500942908678766,0.0019942165096640836,160.4526262197273,13.882034385098398,-0.13433774974697657,-0.1023019520319736
Arthrobacter,R3,M2g,6,3,FALSE,0.021587279407777535,0.0022684640592428667,161.34009077705588,0.02173332135995752,0.0019883987706512916,162.88140913798654,14.08496588940461,-0.9462825555646547,-0.6719725428118786
Arthrobacter,R3,M0,6,6,FALSE,0.021478947024377908,0.0022710543312489608,160.2370777722538,0.021500942908678766,0.0019942165096640836,160.4526262197273,13.882034385098398,-0.13433774974697657,-0.1023019520319736
Arthrobacter,R3,M2g,6,6,FALSE,0.021587279407777535,0.0022684640592428667,161.34009077705588,0.02173332135995752,0.0019883987706512916,162.88140913798654,14.08496588940461,-0.9462825555646547,-0.6719725428118786
Arthrobacter,R4,M0,-6,-6,FALSE,0.024410406406697404,0.0015883795152514964,127.61401214677316,0.0243928703356261,0.00158975003481593,110.10628965936625,-0.08620975212574014,15.900746943312884,0.07189014999063881
Arthrobacter,R4,M2g,-6,-6,FALSE,0.0244138899955738,0.0015882544045919859,127.63817240291074,0.02439832775454437,0.0015895306805548347,110.13217315840386,-0.08029262841302062,15.895445211389665,0.06378404776751208
Arthrobacter,R4,M0,-6,-3,FALSE,0.024402738002259082,0.0015889396988213193,127.54355577628098,0.0243928703356261,0.00158975003481593,110.10628965936625,-0.050972541397340386,15.836757528439172,0.04045307705575678
Arthrobacter,R4,M2g,-6,-3,FALSE,0.024411656272944532,0.0015886040547349533,127.60235460689819,0.02439832775454437,0.0015895306805548347,110.13217315840386,-0.05829556052091959,15.862922656912298,0.05462881937751037
Arthrobacter,R4,M0,-6,0,FALSE,0.0243928703356261,0.00158975003481593,127.46010209711164,0.0243928703356261,0.00158975003481593,110.10628965936625,0,15.760963784569029,0
Arthrobacter,R4,M2g,-6,0,FALSE,0.02439832775454437,0.0015895306805548347,127.49423975356568,0.02439832775454437,0.0015895306805548347,110.13217315840386,0,15.764754383071912,0
Arthrobacter,R4,M0,-6,3,FALSE,0.0243928703356261,0.00158975003481593,127.46010209711164,0.0243928703356261,0.00158975003481593,110.10628965936625,0,15.760963784569029,0
Arthrobacter,R4,M2g,-6,3,FALSE,0.02439832775454437,0.0015895306805548347,127.49423975356568,0.02439832775454437,0.0015895306805548347,110.13217315840386,0,15.764754383071912,0
Arthrobacter,R4,M0,-6,6,FALSE,0.0243928703356261,0.00158975003481593,127.46010209711164,0.0243928703356261,0.00158975003481593,110.10628965936625,0,15.760963784569029,0
Arthrobacter,R4,M2g,-6,6,FALSE,0.02439832775454437,0.0015895306805548347,127.49423975356568,0.02439832775454437,0.0015895306805548347,110.13217315840386,0,15.764754383071912,0
Arthrobacter,R4,M0,-3,-6,FALSE,0.024410406406697404,0.0015883795152514964,118.60266522817537,0.0243928703356261,0.00158975003481593,110.10628965936625,-0.08620975212574014,7.716521549399395,0.07189014999063881
Arthrobacter,R4,M2g,-3,-6,FALSE,0.0244138899955738,0.0015882544045919859,118.62387971292969,0.02439832775454437,0.0015895306805548347,110.13217315840386,-0.08029262841302062,7.710468531581733,0.06378404776751208
Arthrobacter,R4,M0,-3,-3,FALSE,0.024402738002259082,0.0015889396988213193,118.53991107451088,0.0243928703356261,0.00158975003481593,110.10628965936625,-0.050972541397340386,7.659527390520163,0.04045307705575678
Arthrobacter,R4,M2g,-3,-3,FALSE,0.024411656272944532,0.0015886040547349533,118.59138620388579,0.02439832775454437,0.0015895306805548347,110.13217315840386,-0.05829556052091959,7.680964429272622,0.05462881937751037
Arthrobacter,R4,M0,-3,0,FALSE,0.0243928703356261,0.00158975003481593,118.4658555091591,0.0243928703356261,0.00158975003481593,110.10628965936625,0,7.592269138897218,0
Arthrobacter,R4,M2g,-3,0,FALSE,0.02439832775454437,0.0015895306805548347,118.49564417833574,0.02439832775454437,0.0015895306805548347,110.13217315840386,0,7.594030681572623,0
Arthrobacter,R4,M0,-3,3,FALSE,0.0243928703356261,0.00158975003481593,118.4658555091591,0.0243928703356261,0.00158975003481593,110.10628965936625,0,7.592269138897218,0
Arthrobacter,R4,M2g,-3,3,FALSE,0.02439832775454437,0.0015895306805548347,118.49564417833574,0.02439832775454437,0.0015895306805548347,110.13217315840386,0,7.594030681572623,0
Arthrobacter,R4,M0,-3,6,FALSE,0.0243928703356261,0.00158975003481593,118.4658555091591,0.0243928703356261,0.00158975003481593,110.10628965936625,0,7.592269138897218,0
Arthrobacter,R4,M2g,-3,6,FALSE,0.02439832775454437,0.0015895306805548347,118.49564417833574,0.02439832775454437,0.0015895306805548347,110.13217315840386,0,7.594030681572623,0
Arthrobacter,R4,M0,0,-6,FALSE,0.024410406406697404,0.0015883795152514964,110.22764634222277,0.0243928703356261,0.00158975003481593,110.10628965936625,-0.08620975212574014,0.1102177570708756,0.07189014999063881
Arthrobacter,R4,M2g,0,-6,FALSE,0.0244138899955738,0.0015882544045919859,110.24621062207179,0.02439832775454437,0.0015895306805548347,110.13217315840386,-0.08029262841302062,0.1035460033135876,0.06378404776751208
Arthrobacter,R4,M0,0,-3,FALSE,0.024402738002259082,0.0015889396988213193,110.17185801374777,0.0243928703356261,0.00158975003481593,110.10628965936625,-0.050972541397340386,0.059550053484100786,0.04045307705575678
Arthrobacter,R4,M2g,0,-3,FALSE,0.024411656272944532,0.0015886040547349533,110.21675050656859,0.02439832775454437,0.0015895306805548347,110.13217315840386,-0.05829556052091959,0.07679622197509925,0.05462881937751037
Arthrobacter,R4,M0,0,0,TRUE,0.0243928703356261,0.00158975003481593,110.10628965936625,0.0243928703356261,0.00158975003481593,110.10628965936625,0,0,0
Arthrobacter,R4,M2g,0,0,TRUE,0.02439832775454437,0.0015895306805548347,110.13217315840386,0.02439832775454437,0.0015895306805548347,110.13217315840386,0,0,0
Arthrobacter,R4,M0,0,3,FALSE,0.0243928703356261,0.00158975003481593,110.10628965936625,0.0243928703356261,0.00158975003481593,110.10628965936625,0,0,0
Arthrobacter,R4,M2g,0,3,FALSE,0.02439832775454437,0.0015895306805548347,110.13217315840386,0.02439832775454437,0.0015895306805548347,110.13217315840386,0,0,0
Arthrobacter,R4,M0,0,6,FALSE,0.0243928703356261,0.00158975003481593,110.10628965936625,0.0243928703356261,0.00158975003481593,110.10628965936625,0,0,0
Arthrobacter,R4,M2g,0,6,FALSE,0.02439832775454437,0.0015895306805548347,110.13217315840386,0.02439832775454437,0.0015895306805548347,110.13217315840386,0,0,0
Arthrobacter,R4,M0,3,-6,FALSE,0.024420273679682872,0.001708002136917677,110.27773814151824,0.0243928703356261,0.00158975003481593,110.10628965936625,7.438408524107298,0.15571179692131523,0.11234161326536665
Arthrobacter,R4,M2g,3,-6,FALSE,0.024424131688322873,0.0017078667729857374,110.29808868863535,0.02439832775454437,0.0015895306805548347,110.13217315840386,7.44471899023659,0.1506512815222939,0.10576107525933857
Arthrobacter,R4,M0,3,-3,FALSE,0.02441086308274756,0.001708718421535195,110.21087793448098,0.0243928703356261,0.00158975003481593,110.10628965936625,7.483464954478809,0.09498846563469222,0.07376232019395113
Arthrobacter,R4,M2g,3,-3,FALSE,0.024422232862416238,0.0017082860296361534,110.26763700564571,0.02439832775454437,0.0015895306805548347,110.13217315840386,7.471095118457633,0.1230011570252163,0.09797846849326111
Arthrobacter,R4,M0,3,0,FALSE,0.024399350758923716,0.0017096957309282786,110.13562385799506,0.0243928703356261,0.00158975003481593,110.10628965936625,7.544940618682641,0.02664171022341536,0.02656687469924623
Arthrobacter,R4,M2g,3,0,FALSE,0.024404134992642955,0.0017095017129368272,110.15812073142108,0.02439832775454437,0.0015895306805548347,110.13217315840386,7.547575762432964,0.02356039318310669,0.023801787388909798
Arthrobacter,R4,M0,3,3,FALSE,0.024399350758923716,0.0017096957309282786,110.13562385799506,0.0243928703356261,0.00158975003481593,110.10628965936625,7.544940618682641,0.02664171022341536,0.02656687469924623
Arthrobacter,R4,M2g,3,3,FALSE,0.024404134992642955,0.0017095017129368272,110.15812073142108,0.02439832775454437,0.0015895306805548347,110.13217315840386,7.547575762432964,0.02356039318310669,0.023801787388909798
Arthrobacter,R4,M0,3,6,FALSE,0.024399350758923716,0.0017096957309282786,110.13562385799506,0.0243928703356261,0.00158975003481593,110.10628965936625,7.544940618682641,0.02664171022341536,0.02656687469924623
Arthrobacter,R4,M2g,3,6,FALSE,0.024404134992642955,0.0017095017129368272,110.15812073142108,0.02439832775454437,0.0015895306805548347,110.13217315840386,7.547575762432964,0.02356039318310669,0.023801787388909798
Arthrobacter,R4,M0,6,-6,FALSE,0.024435740153643318,0.0018361088070478935,110.35527213614264,0.0243928703356261,0.00158975003481593,110.10628965936625,15.49669865303624,0.2261292043775728,0.17574732873730517
Arthrobacter,R4,M2g,6,-6,FALSE,0.02443939094804847,0.0018359773754415651,110.37435768064265,0.02439832775454437,0.0015895306805548347,110.13217315840386,15.50436854736939,0.2199035171043539,0.16830331126465917
Arthrobacter,R4,M0,6,-3,FALSE,0.024423642859058098,0.0018370684043131234,110.27145337128012,0.0243928703356261,0.00158975003481593,110.10628965936625,15.557060171779092,0.1500038848142341,0.12615376135974382
Arthrobacter,R4,M2g,6,-3,FALSE,0.02442773744973614,0.001836913493239664,110.29169848154464,0.02439832775454437,0.0015895306805548347,110.13217315840386,15.56326126391464,0.14484897425145463,0.12053979882408963
Arthrobacter,R4,M0,6,0,FALSE,0.02440969228435276,0.0018382912147539923,110.18180044579029,0.0243928703356261,0.00158975003481593,110.10628965936625,15.633978581220138,0.06857990279904923,0.06896256363110846
Arthrobacter,R4,M2g,6,0,FALSE,0.024419691067759385,0.001837882212211733,110.22840051832469,0.02439832775454437,0.0015895306805548347,110.13217315840386,15.624204974150599,0.0873744312503733,0.08756056328916757
Arthrobacter,R4,M0,6,3,FALSE,0.02440969228435276,0.0018382912147539923,110.18180044579029,0.0243928703356261,0.00158975003481593,110.10628965936625,15.633978581220138,0.06857990279904923,0.06896256363110846
Arthrobacter,R4,M2g,6,3,FALSE,0.024419691067759385,0.001837882212211733,110.22840051832469,0.02439832775454437,0.0015895306805548347,110.13217315840386,15.624204974150599,0.0873744312503733,0.08756056328916757
Arthrobacter,R4,M0,6,6,FALSE,0.02440969228435276,0.0018382912147539923,110.18180044579029,0.0243928703356261,0.00158975003481593,110.10628965936625,15.633978581220138,0.06857990279904923,0.06896256363110846
Arthrobacter,R4,M2g,6,6,FALSE,0.024419691067759385,0.001837882212211733,110.22840051832469,0.02439832775454437,0.0015895306805548347,110.13217315840386,15.624204974150599,0.0873744312503733,0.08756056328916757
Arthrobacter,R5,M0,-6,-6,FALSE,0.023980959091780257,0.0020524822643046437,184.0255006386893,0.02398857970330566,0.0020520520556274,159.45533964803903,0.02096480330816798,15.40880414847395,-0.031767664528938123
Arthrobacter,R5,M2g,-6,-6,FALSE,0.02400689909203046,0.002051814356120069,184.33027563062518,0.024007469194183638,0.002051476159280862,159.61495296987673,0.016485535923835195,15.484340408516015,-0.0023746865967644243
Arthrobacter,R5,M0,-6,-3,FALSE,0.024022855818177098,0.002049482964208697,184.59767165754226,0.02398857970330566,0.0020520520556274,159.45533964803903,-0.12519621086892282,15.767632532719912,0.14288513657486443
Arthrobacter,R5,M2g,-6,-3,FALSE,0.024031160792498802,0.002049252273246665,184.6917689540283,0.024007469194183638,0.002051476159280862,159.61495296987673,-0.1084041861337801,15.710818765760745,0.09868428081083992
Arthrobacter,R5,M0,-6,0,FALSE,0.02398857970330566,0.0020520520556274,184.1398197584138,0.02398857970330566,0.0020520520556274,159.45533964803903,0,15.480497652107536,0
Arthrobacter,R5,M2g,-6,0,FALSE,0.024007469194183638,0.002051476159280862,184.34503393587724,0.024007469194183638,0.002051476159280862,159.61495296987673,0,15.493586600666223,0
Arthrobacter,R5,M0,-6,3,FALSE,0.02398857970330566,0.0020520520556274,184.1398197584138,0.02398857970330566,0.0020520520556274,159.45533964803903,0,15.480497652107536,0
Arthrobacter,R5,M2g,-6,3,FALSE,0.024007469194183638,0.002051476159280862,184.34503393587724,0.024007469194183638,0.002051476159280862,159.61495296987673,0,15.493586600666223,0
Arthrobacter,R5,M0,-6,6,FALSE,0.02398857970330566,0.0020520520556274,184.1398197584138,0.02398857970330566,0.0020520520556274,159.45533964803903,0,15.480497652107536,0
Arthrobacter,R5,M2g,-6,6,FALSE,0.024007469194183638,0.002051476159280862,184.34503393587724,0.024007469194183638,0.002051476159280862,159.61495296987673,0,15.493586600666223,0
Arthrobacter,R5,M0,-3,-6,FALSE,0.023980959091780257,0.0020524822643046437,171.25119601695133,0.02398857970330566,0.0020520520556274,159.45533964803903,0.02096480330816798,7.397592576673151,-0.031767664528938123
Arthrobacter,R5,M2g,-3,-6,FALSE,0.02400689909203046,0.002051814356120069,171.52146644380727,0.024007469194183638,0.002051476159280862,159.61495296987673,0.016485535923835195,7.459522590078135,-0.0023746865967644243
Arthrobacter,R5,M0,-3,-3,FALSE,0.024022855818177098,0.002049482964208697,171.76205908120082,0.02398857970330566,0.0020520520556274,159.45533964803903,-0.12519621086892282,7.717972606201862,0.14288513657486443
Arthrobacter,R5,M2g,-3,-3,FALSE,0.024031160792498802,0.002049252273246665,171.84533195265792,0.024007469194183638,0.002051476159280862,159.61495296987673,-0.1084041861337801,7.662426831081023,0.09868428081083992
Arthrobacter,R5,M0,-3,0,FALSE,0.02398857970330566,0.0020520520556274,171.35366206272496,0.02398857970330566,0.0020520520556274,159.45533964803903,0,7.461852604590567,0
Arthrobacter,R5,M2g,-3,0,FALSE,0.024007469194183638,0.002051476159280862,171.53490584107183,0.024007469194183638,0.002051476159280862,159.61495296987673,0,7.467942476194381,0
Arthrobacter,R5,M0,-3,3,FALSE,0.02398857970330566,0.0020520520556274,171.35366206272496,0.02398857970330566,0.0020520520556274,159.45533964803903,0,7.461852604590567,0
Arthrobacter,R5,M2g,-3,3,FALSE,0.024007469194183638,0.002051476159280862,171.53490584107183,0.024007469194183638,0.002051476159280862,159.61495296987673,0,7.467942476194381,0
Arthrobacter,R5,M0,-3,6,FALSE,0.02398857970330566,0.0020520520556274,171.35366206272496,0.02398857970330566,0.0020520520556274,159.45533964803903,0,7.461852604590567,0
Arthrobacter,R5,M2g,-3,6,FALSE,0.024007469194183638,0.002051476159280862,171.53490584107183,0.024007469194183638,0.002051476159280862,159.61495296987673,0,7.467942476194381,0
Arthrobacter,R5,M0,0,-6,FALSE,0.023980959091780257,0.0020524822643046437,159.36363186326042,0.02398857970330566,0.0020520520556274,159.45533964803903,0.02096480330816798,-0.05751314755656971,-0.031767664528938123
Arthrobacter,R5,M2g,0,-6,FALSE,0.02400689909203046,0.002051814356120069,159.60272044505237,0.024007469194183638,0.002051476159280862,159.61495296987673,0.016485535923835195,-0.00766377121738972,-0.0023746865967644243
Arthrobacter,R5,M0,0,-3,FALSE,0.024022855818177098,0.002049482964208697,159.81894394933198,0.02398857970330566,0.0020520520556274,159.45533964803903,-0.12519621086892282,0.22802892778349398,0.14288513657486443
Arthrobacter,R5,M2g,0,-3,FALSE,0.024031160792498802,0.002049252273246665,159.8924428585105,0.024007469194183638,0.002051476159280862,159.61495296987673,-0.1084041861337801,0.17384955699365826,0.09868428081083992
Arthrobacter,R5,M0,0,0,TRUE,0.02398857970330566,0.0020520520556274,159.45533964803903,0.02398857970330566,0.0020520520556274,159.45533964803903,0,0,0
Arthrobacter,R5,M2g,0,0,TRUE,0.024007469194183638,0.002051476159280862,159.61495296987673,0.024007469194183638,0.002051476159280862,159.61495296987673,0,0,0
Arthrobacter,R5,M0,0,3,FALSE,0.02398857970330566,0.0020520520556274,159.45533964803903,0.02398857970330566,0.0020520520556274,159.45533964803903,0,0,0
Arthrobacter,R5,M2g,0,3,FALSE,0.024007469194183638,0.002051476159280862,159.61495296987673,0.024007469194183638,0.002051476159280862,159.61495296987673,0,0,0
Arthrobacter,R5,M0,0,6,FALSE,0.02398857970330566,0.0020520520556274,159.45533964803903,0.02398857970330566,0.0020520520556274,159.45533964803903,0,0,0
Arthrobacter,R5,M2g,0,6,FALSE,0.024007469194183638,0.002051476159280862,159.61495296987673,0.024007469194183638,0.002051476159280862,159.61495296987673,0,0,0
Arthrobacter,R5,M0,3,-6,FALSE,0.02403516478203295,0.002200194106651503,159.83818202454333,0.02398857970330566,0.0020520520556274,159.45533964803903,7.21921505927926,0.2400937951336947,0.19419690245717572
Arthrobacter,R5,M2g,3,-6,FALSE,0.024068164562475083,0.00219935919484138,160.13985342146725,0.024007469194183638,0.002051476159280862,159.61495296987673,7.2086158492018795,0.3288541842878513,0.25281868655339274
Arthrobacter,R5,M0,3,-3,FALSE,0.024071176700978383,0.0021975892277594955,160.22490752098662,0.02398857970330566,0.0020520520556274,159.45533964803903,7.092274863738696,0.4826228300953948,0.34431799920751865
Arthrobacter,R5,M2g,3,-3,FALSE,0.02409504682373347,0.0021969283670036565,160.43447511571603,0.024007469194183638,0.002051476159280862,159.61495296987673,7.090124204698649,0.5134369497286164,0.3647932601369265
Arthrobacter,R5,M0,3,0,FALSE,0.024026321059812252,0.002201029994658141,159.75755939864356,0.02398857970330566,0.0020520520556274,159.45533964803903,7.259949308897626,0.189532536992249,0.15733051716017873
Arthrobacter,R5,M2g,3,0,FALSE,0.024185395882190566,0.002196231046401103,161.09361143321627,0.024007469194183638,0.002051476159280862,159.61495296987673,7.056133041828002,0.9263909400885526,0.7411305480297541
Arthrobacter,R5,M0,3,3,FALSE,0.024026321059812252,0.002201029994658141,159.75755939864356,0.02398857970330566,0.0020520520556274,159.45533964803903,7.259949308897626,0.189532536992249,0.15733051716017873
Arthrobacter,R5,M2g,3,3,FALSE,0.024185395882190566,0.002196231046401103,161.09361143321627,0.024007469194183638,0.002051476159280862,159.61495296987673,7.056133041828002,0.9263909400885526,0.7411305480297541
Arthrobacter,R5,M0,3,6,FALSE,0.024026321059812252,0.002201029994658141,159.75755939864356,0.02398857970330566,0.0020520520556274,159.45533964803903,7.259949308897626,0.189532536992249,0.15733051716017873
Arthrobacter,R5,M2g,3,6,FALSE,0.024185395882190566,0.002196231046401103,161.09361143321627,0.024007469194183638,0.002051476159280862,159.61495296987673,7.056133041828002,0.9263909400885526,0.7411305480297541
Arthrobacter,R5,M0,6,-6,FALSE,0.02398375652473409,0.0023699893953316436,159.39887994478462,0.02398857970330566,0.0020520520556274,159.45533964803903,15.493629356641067,-0.03540784735025249,-0.020106144803994527
Arthrobacter,R5,M2g,6,-6,FALSE,0.0239989593487181,0.0023696172644446043,159.5358350826726,0.024007469194183638,0.002051476159280862,159.61495296987673,15.507911399529288,-0.04956796699307461,-0.035446657857629814
Arthrobacter,R5,M0,6,-3,FALSE,0.024031406371025323,0.002366461915912558,159.8989848823215,0.02398857970330566,0.0020520520556274,159.45533964803903,15.32172926232269,0.2782253860308032,0.17852940127906777
Arthrobacter,R5,M2g,6,-3,FALSE,0.024041597979330878,0.002366184495036422,159.98725113359677,0.024007469194183638,0.002051476159280862,159.61495296987673,15.34057972508342,0.2332476730988406,0.14215902922207518
Arthrobacter,R5,M0,6,0,FALSE,0.023989393820698996,0.0023697378344017758,159.46913736914541,0.02398857970330566,0.0020520520556274,159.45533964803903,15.4813703630557,0.00865303171210249,0.003393770716755723
Arthrobacter,R5,M2g,6,0,FALSE,0.024002336831534413,0.0023693523581746747,159.57607873072493,0.024007469194183638,0.002051476159280862,159.61495296987673,15.494998440793152,-0.024355010873656453,-0.02137819112756802
Arthrobacter,R5,M0,6,3,FALSE,0.023989393820698996,0.0023697378344017758,159.46913736914541,0.02398857970330566,0.0020520520556274,159.45533964803903,15.4813703630557,0.00865303171210249,0.003393770716755723
Arthrobacter,R5,M2g,6,3,FALSE,0.024002336831534413,0.0023693523581746747,159.57607873072493,0.024007469194183638,0.002051476159280862,159.61495296987673,15.494998440793152,-0.024355010873656453,-0.02137819112756802
Arthrobacter,R5,M0,6,6,FALSE,0.023989393820698996,0.0023697378344017758,159.46913736914541,0.02398857970330566,0.0020520520556274,159.45533964803903,15.4813703630557,0.00865303171210249,0.003393770716755723
Arthrobacter,R5,M2g,6,6,FALSE,0.024002336831534413,0.0023693523581746747,159.57607873072493,0.024007469194183638,0.002051476159280862,159.61495296987673,15.494998440793152,-0.024355010873656453,-0.02137819112756802
Bacillus,R1,M0,-6,-6,FALSE,0.040645175704023456,7.602703830326e-4,3786.5615304505236,0.04065226938355063,7.600458239172639e-4,2968.272257176469,0.02954547058473867,27.567864480613444,-0.01744965197451113
Bacillus,R1,M2g,-6,-6,FALSE,0.041461476999620904,7.437251389434949e-4,3923.4964710452637,0.04096908307252418,7.526287929431019e-4,2998.419629733712,-1.1830073580881548,30.852147315808065,1.201867091399342
Bacillus,R1,M0,-6,-3,FALSE,0.04065980058274424,7.597667690401846e-4,3789.7582634626247,0.04065226938355063,7.600458239172639e-4,2968.272257176469,-0.03671553323471294,27.67556123937175,0.018525901032867085
Bacillus,R1,M2g,-6,-3,FALSE,0.041123907830896415,7.49636049053109e-4,3862.072245628719,0.04096908307252418,7.526287929431019e-4,2998.419629733712,-0.39763877200205583,28.803593977661738,0.3779063302397186
Bacillus,R1,M0,-6,0,FALSE,0.04065226938355063,7.600458239172639e-4,3788.2102130521903,0.04065226938355063,7.600458239172639e-4,2968.272257176469,0,27.623407990737242,0
Bacillus,R1,M2g,-6,0,FALSE,0.04096908307252418,7.526287929431019e-4,3833.966313045887,0.04096908307252418,7.526287929431019e-4,2998.419629733712,0,27.866235767219127,0
Bacillus,R1,M0,-6,3,FALSE,0.04065226938355063,7.600458239172639e-4,3788.2102130521903,0.04065226938355063,7.600458239172639e-4,2968.272257176469,0,27.623407990737242,0
Bacillus,R1,M2g,-6,3,FALSE,0.04096908307252418,7.526287929431019e-4,3833.966313045887,0.04096908307252418,7.526287929431019e-4,2998.419629733712,0,27.866235767219127,0
Bacillus,R1,M0,-6,6,FALSE,0.04065226938355063,7.600458239172639e-4,3788.2102130521903,0.04065226938355063,7.600458239172639e-4,2968.272257176469,0,27.623407990737242,0
Bacillus,R1,M2g,-6,6,FALSE,0.04096908307252418,7.526287929431019e-4,3833.966313045887,0.04096908307252418,7.526287929431019e-4,2998.419629733712,0,27.866235767219127,0
Bacillus,R1,M0,-3,-6,FALSE,0.040645175704023456,7.602703830326e-4,3351.8848596436724,0.04065226938355063,7.600458239172639e-4,2968.272257176469,0.02954547058473867,12.923767405086691,-0.01744965197451113
Bacillus,R1,M2g,-3,-6,FALSE,0.041461476999620904,7.437251389434949e-4,3464.605530486279,0.04096908307252418,7.526287929431019e-4,2998.419629733712,-1.1830073580881548,15.547720410100453,1.201867091399342
Bacillus,R1,M0,-3,-3,FALSE,0.04065980058274424,7.597667690401846e-4,3354.567441436375,0.04065226938355063,7.600458239172639e-4,2968.272257176469,-0.03671553323471294,13.014142598474585,0.018525901032867085
Bacillus,R1,M2g,-3,-3,FALSE,0.041123907830896415,7.49636049053109e-4,3413.8209156726493,0.04096908307252418,7.526287929431019e-4,2998.419629733712,-0.39763877200205583,13.85400768523613,0.3779063302397186
Bacillus,R1,M0,-3,0,FALSE,0.04065226938355063,7.600458239172639e-4,3353.2729205591622,0.04065226938355063,7.600458239172639e-4,2968.272257176469,0,12.970530666513735,0
Bacillus,R1,M2g,-3,0,FALSE,0.04096908307252418,7.526287929431019e-4,3390.551555834917,0.04096908307252418,7.526287929431019e-4,2998.419629733712,0,13.0779535396795,0
Bacillus,R1,M0,-3,3,FALSE,0.04065226938355063,7.600458239172639e-4,3353.2729205591622,0.04065226938355063,7.600458239172639e-4,2968.272257176469,0,12.970530666513735,0
Bacillus,R1,M2g,-3,3,FALSE,0.04096908307252418,7.526287929431019e-4,3390.551555834917,0.04096908307252418,7.526287929431019e-4,2998.419629733712,0,13.0779535396795,0
Bacillus,R1,M0,-3,6,FALSE,0.04065226938355063,7.600458239172639e-4,3353.2729205591622,0.04065226938355063,7.600458239172639e-4,2968.272257176469,0,12.970530666513735,0
Bacillus,R1,M2g,-3,6,FALSE,0.04096908307252418,7.526287929431019e-4,3390.551555834917,0.04096908307252418,7.526287929431019e-4,2998.419629733712,0,13.0779535396795,0
Bacillus,R1,M0,0,-6,FALSE,0.040645175704023456,7.602703830326e-4,2967.1067066937967,0.04065226938355063,7.600458239172639e-4,2968.272257176469,0.02954547058473867,-0.03926696683076178,-0.01744965197451113
Bacillus,R1,M2g,0,-6,FALSE,0.041461476999620904,7.437251389434949e-4,3059.3863332004557,0.04096908307252418,7.526287929431019e-4,2998.419629733712,-1.1830073580881548,2.0332945683175794,1.201867091399342
Bacillus,R1,M0,0,-3,FALSE,0.04065980058274424,7.597667690401846e-4,2969.351060630247,0.04065226938355063,7.600458239172639e-4,2968.272257176469,-0.03671553323471294,0.036344491350815716,0.018525901032867085
Bacillus,R1,M2g,0,-3,FALSE,0.041123907830896415,7.49636049053109e-4,3017.5958664353834,0.04096908307252418,7.526287929431019e-4,2998.419629733712,-0.39763877200205583,0.6395447959155185,0.3779063302397186
Bacillus,R1,M0,0,0,TRUE,0.04065226938355063,7.600458239172639e-4,2968.272257176469,0.04065226938355063,7.600458239172639e-4,2968.272257176469,0,0,0
Bacillus,R1,M2g,0,0,TRUE,0.04096908307252418,7.526287929431019e-4,2998.419629733712,0.04096908307252418,7.526287929431019e-4,2998.419629733712,0,0,0
Bacillus,R1,M0,0,3,FALSE,0.04065226938355063,7.600458239172639e-4,2968.272257176469,0.04065226938355063,7.600458239172639e-4,2968.272257176469,0,0,0
Bacillus,R1,M2g,0,3,FALSE,0.04096908307252418,7.526287929431019e-4,2998.419629733712,0.04096908307252418,7.526287929431019e-4,2998.419629733712,0,0,0
Bacillus,R1,M0,0,6,FALSE,0.04065226938355063,7.600458239172639e-4,2968.272257176469,0.04065226938355063,7.600458239172639e-4,2968.272257176469,0,0,0
Bacillus,R1,M2g,0,6,FALSE,0.04096908307252418,7.526287929431019e-4,2998.419629733712,0.04096908307252418,7.526287929431019e-4,2998.419629733712,0,0,0
Bacillus,R1,M0,3,-6,FALSE,0.040527868102666266,8.645922061631137e-4,2954.139807250298,0.04065226938355063,7.600458239172639e-4,2968.272257176469,13.755273557983564,-0.4761170371754993,-0.3060131273623259
Bacillus,R1,M2g,3,-6,FALSE,0.04085805614994162,8.575088525672954e-4,2990.889256446557,0.04096908307252418,7.526287929431019e-4,2998.419629733712,13.935164400775504,-0.2511447434668789,-0.2710017268046184
Bacillus,R1,M0,3,-3,FALSE,0.04056504651292388,8.631702007845198e-4,2959.607289874196,0.04065226938355063,7.600458239172639e-4,2968.272257176469,13.56817886792068,-0.29191955964697924,-0.21455842920799564
Bacillus,R1,M2g,3,-3,FALSE,0.040624685421462976,8.617893317071567e-4,2965.730654646261,0.04096908307252418,7.526287929431019e-4,2998.419629733712,14.503901496671448,-1.0902068130588585,-0.8406281645394469
Bacillus,R1,M0,3,0,FALSE,0.04057460161137149,8.627714218626894e-4,2960.8984771767323,0.04065226938355063,7.600458239172639e-4,2968.272257176469,13.515711120676833,-0.24841993459019196,-0.19105396416211834
Bacillus,R1,M2g,3,0,FALSE,0.04058672388208244,8.624695656939351e-4,2962.0412464798856,0.04096908307252418,7.526287929431019e-4,2998.419629733712,14.594282570735649,-1.2132519042058594,-0.9332871564757227
Bacillus,R1,M0,3,3,FALSE,0.04057460161137149,8.627714218626894e-4,2960.8984771767323,0.04065226938355063,7.600458239172639e-4,2968.272257176469,13.515711120676833,-0.24841993459019196,-0.19105396416211834
Bacillus,R1,M2g,3,3,FALSE,0.04058672388208244,8.624695656939351e-4,2962.0412464798856,0.04096908307252418,7.526287929431019e-4,2998.419629733712,14.594282570735649,-1.2132519042058594,-0.9332871564757227
Bacillus,R1,M0,3,6,FALSE,0.04057460161137149,8.627714218626894e-4,2960.8984771767323,0.04065226938355063,7.600458239172639e-4,2968.272257176469,13.515711120676833,-0.24841993459019196,-0.19105396416211834
Bacillus,R1,M2g,3,6,FALSE,0.04058672388208244,8.624695656939351e-4,2962.0412464798856,0.04096908307252418,7.526287929431019e-4,2998.419629733712,14.594282570735649,-1.2132519042058594,-0.9332871564757227
Bacillus,R1,M0,6,-6,FALSE,0.040440877972620685,9.809665950340856e-4,2944.6424020605095,0.04065226938355063,7.600458239172639e-4,2968.272257176469,29.066769945290872,-0.7960811229100979,-0.5199990409772245
Bacillus,R1,M2g,6,-6,FALSE,0.04045701372989953,9.806030222859966e-4,2946.4153161364284,0.04096908307252418,7.526287929431019e-4,2998.419629733712,30.290394345852434,-1.7343907797822882,-1.2498921240638308
Bacillus,R1,M0,6,-3,FALSE,0.04049654337669904,9.786616903998994e-4,2952.6441826573255,0.04065226938355063,7.600458239172639e-4,2968.272257176469,28.76351130460698,-0.5265040793127722,-0.3830684220413929
Bacillus,R1,M2g,6,-3,FALSE,0.04050587612631892,9.78434442072797e-4,2953.5949977408736,0.04096908307252418,7.526287929431019e-4,2998.419629733712,30.00226024395081,-1.4949419203481977,-1.1306256119652074
Bacillus,R1,M0,6,0,FALSE,0.04051944263547836,9.776415268585566e-4,2955.7198141046083,0.04065226938355063,7.600458239172639e-4,2968.272257176469,28.629287352676698,-0.4228871877069973,-0.3267388268513563
Bacillus,R1,M2g,6,0,FALSE,0.040529874404020304,0.00097736904290826555,2956.696131087642,0.04096908307252418,7.526287929431019e-4,2998.419629733712,29.860703187600986,-1.3915163252108163,-1.0720490564223246
Bacillus,R1,M0,6,3,FALSE,0.04051944263547836,9.776415268585566e-4,2955.7198141046083,0.04065226938355063,7.600458239172639e-4,2968.272257176469,28.629287352676698,-0.4228871877069973,-0.3267388268513563
Bacillus,R1,M2g,6,3,FALSE,0.040529874404020304,0.00097736904290826555,2956.696131087642,0.04096908307252418,7.526287929431019e-4,2998.419629733712,29.860703187600986,-1.3915163252108163,-1.0720490564223246
Bacillus,R1,M0,6,6,FALSE,0.04051944263547836,9.776415268585566e-4,2955.7198141046083,0.04065226938355063,7.600458239172639e-4,2968.272257176469,28.629287352676698,-0.4228871877069973,-0.3267388268513563
Bacillus,R1,M2g,6,6,FALSE,0.040529874404020304,0.00097736904290826555,2956.696131087642,0.04096908307252418,7.526287929431019e-4,2998.419629733712,29.860703187600986,-1.3915163252108163,-1.0720490564223246
Bacillus,R2,M0,-6,-6,FALSE,0.02665712425391904,0.0014732263271060653,2442.3188613941156,0.02672952707892209,0.00146826563054103,2090.602934075665,0.3378609743256986,16.823659891875053,-0.2708720763718463
Bacillus,R2,M2g,-6,-6,FALSE,0.026989356110293183,0.0014630744943694434,2487.383913066914,0.026747225251699775,0.001467646486965123,2092.2237982622005,-0.31151865495442127,18.887086320924805,0.9052559894152795
Bacillus,R2,M0,-6,-3,FALSE,0.0267047095686193,0.0014700375160987163,2450.289763213601,0.02672952707892209,0.00146826563054103,2090.602934075665,0.1206788145707205,17.204932762469657,-0.09284679908294999
Bacillus,R2,M2g,-6,-3,FALSE,0.026717129332433403,0.0014696304929007168,2451.886744542214,0.026747225251699775,0.001467646486965123,2092.2237982622005,0.1351828218317382,17.190462443776287,-0.11251978096105349
Bacillus,R2,M0,-6,0,FALSE,0.02672952707892209,0.00146826563054103,2454.270754353656,0.02672952707892209,0.00146826563054103,2090.602934075665,0,17.395355873198476,0
Bacillus,R2,M2g,-6,0,FALSE,0.026747225251699775,0.001467646486965123,2456.434406187862,0.026747225251699775,0.001467646486965123,2092.2237982622005,0,17.40782263485266,0
Bacillus,R2,M0,-6,3,FALSE,0.02672952707892209,0.00146826563054103,2454.270754353656,0.02672952707892209,0.00146826563054103,2090.602934075665,0,17.395355873198476,0
Bacillus,R2,M2g,-6,3,FALSE,0.026747225251699775,0.001467646486965123,2456.434406187862,0.026747225251699775,0.001467646486965123,2092.2237982622005,0,17.40782263485266,0
Bacillus,R2,M0,-6,6,FALSE,0.02672952707892209,0.00146826563054103,2454.270754353656,0.02672952707892209,0.00146826563054103,2090.602934075665,0,17.395355873198476,0
Bacillus,R2,M2g,-6,6,FALSE,0.026747225251699775,0.001467646486965123,2456.434406187862,0.026747225251699775,0.001467646486965123,2092.2237982622005,0,17.40782263485266,0
Bacillus,R2,M0,-3,-6,FALSE,0.02665712425391904,0.0014732263271060653,2254.609006346636,0.02672952707892209,0.00146826563054103,2090.602934075665,0.3378609743256986,7.844917348854876,-0.2708720763718463
Bacillus,R2,M2g,-3,-6,FALSE,0.026989356110293183,0.0014630744943694434,2293.9230004518845,0.026747225251699775,0.001467646486965123,2092.2237982622005,-0.31151865495442127,9.640421945167397,0.9052559894152795
Bacillus,R2,M0,-3,-3,FALSE,0.0267047095686193,0.0014700375160987163,2261.6444005278427,0.02672952707892209,0.00146826563054103,2090.602934075665,0.1206788145707205,8.181441997631255,-0.09284679908294999
Bacillus,R2,M2g,-3,-3,FALSE,0.026717129332433403,0.0014696304929007168,2263.034111239923,0.026747225251699775,0.001467646486965123,2092.2237982622005,0.1351828218317382,8.164055543178376,-0.11251978096105349
Bacillus,R2,M0,-3,0,FALSE,0.02672952707892209,0.00146826563054103,2265.150246687369,0.02672952707892209,0.00146826563054103,2090.602934075665,0,8.349137455357011,0
Bacillus,R2,M2g,-3,0,FALSE,0.026747225251699775,0.001467646486965123,2267.0268025535825,0.026747225251699775,0.001467646486965123,2092.2237982622005,0,8.354890353344283,0
Bacillus,R2,M0,-3,3,FALSE,0.02672952707892209,0.00146826563054103,2265.150246687369,0.02672952707892209,0.00146826563054103,2090.602934075665,0,8.349137455357011,0
Bacillus,R2,M2g,-3,3,FALSE,0.026747225251699775,0.001467646486965123,2267.0268025535825,0.026747225251699775,0.001467646486965123,2092.2237982622005,0,8.354890353344283,0
Bacillus,R2,M0,-3,6,FALSE,0.02672952707892209,0.00146826563054103,2265.150246687369,0.02672952707892209,0.00146826563054103,2090.602934075665,0,8.349137455357011,0
Bacillus,R2,M2g,-3,6,FALSE,0.026747225251699775,0.001467646486965123,2267.0268025535825,0.026747225251699775,0.001467646486965123,2092.2237982622005,0,8.354890353344283,0
Bacillus,R2,M0,0,-6,FALSE,0.02665712425391904,0.0014732263271060653,2081.3260102318313,0.02672952707892209,0.00146826563054103,2090.602934075665,0.3378609743256986,-0.4437439406893069,-0.2708720763718463
Bacillus,R2,M2g,0,-6,FALSE,0.026989356110293183,0.0014630744943694434,2115.508870327175,0.026747225251699775,0.001467646486965123,2092.2237982622005,-0.31151865495442127,1.112934098365337,0.9052559894152795
Bacillus,R2,M0,0,-3,FALSE,0.0267047095686193,0.0014700375160987163,2087.5226559859925,0.02672952707892209,0.00146826563054103,2090.602934075665,0.1206788145707205,-0.14733922159323645,-0.09284679908294999
Bacillus,R2,M2g,0,-3,FALSE,0.026717129332433403,0.0014696304929007168,2088.727548299406,0.026747225251699775,0.001467646486965123,2092.2237982622005,0.1351828218317382,-0.1671068824328697,-0.11251978096105349
Bacillus,R2,M0,0,0,TRUE,0.02672952707892209,0.00146826563054103,2090.602934075665,0.02672952707892209,0.00146826563054103,2090.602934075665,0,0,0
Bacillus,R2,M2g,0,0,TRUE,0.026747225251699775,0.001467646486965123,2092.2237982622005,0.026747225251699775,0.001467646486965123,2092.2237982622005,0,0,0
Bacillus,R2,M0,0,3,FALSE,0.02672952707892209,0.00146826563054103,2090.602934075665,0.02672952707892209,0.00146826563054103,2090.602934075665,0,0,0
Bacillus,R2,M2g,0,3,FALSE,0.026747225251699775,0.001467646486965123,2092.2237982622005,0.026747225251699775,0.001467646486965123,2092.2237982622005,0,0,0
Bacillus,R2,M0,0,6,FALSE,0.02672952707892209,0.00146826563054103,2090.602934075665,0.02672952707892209,0.00146826563054103,2090.602934075665,0,0,0
Bacillus,R2,M2g,0,6,FALSE,0.026747225251699775,0.001467646486965123,2092.2237982622005,0.026747225251699775,0.001467646486965123,2092.2237982622005,0,0,0
Bacillus,R2,M0,3,-6,FALSE,0.026688512218347005,0.001592994324429573,2084.4198452962387,0.02672952707892209,0.00146826563054103,2090.602934075665,8.494967892327672,-0.2957562470924231,-0.15344401887090856
Bacillus,R2,M2g,3,-6,FALSE,0.02730457103347264,0.00157406650063347,2147.7046092862247,0.026747225251699775,0.001467646486965123,2092.2237982622005,7.251065880885803,2.651762735425652,2.0837517780931196
Bacillus,R2,M0,3,-3,FALSE,0.026733926562401818,0.0015898553291541103,2090.2571175906505,0.02672952707892209,0.00146826563054103,2090.602934075665,8.281178560876382,-0.016541471332399957,0.01645926419400224
Bacillus,R2,M2g,3,-3,FALSE,0.02691400260660395,0.0015838998137721692,2107.65127432792,0.026747225251699775,0.001467646486965123,2092.2237982622005,7.921071445988401,0.7373721720656043,0.6235314255394651
Bacillus,R2,M0,3,0,FALSE,0.02675570758203498,0.0015882429931149827,2092.9188097149454,0.02672952707892209,0.00146826563054103,2090.602934075665,8.171366275851813,0.11077548976579607,0.0979460019460418
Bacillus,R2,M2g,3,0,FALSE,0.026767845803094374,0.0015878123298492558,2094.022449503697,0.026747225251699775,0.001467646486965123,2092.2237982622005,8.18765581162656,0.08596839606691842,0.07709417033188765
Bacillus,R2,M0,3,3,FALSE,0.02675570758203498,0.0015882429931149827,2092.9188097149454,0.02672952707892209,0.00146826563054103,2090.602934075665,8.171366275851813,0.11077548976579607,0.0979460019460418
Bacillus,R2,M2g,3,3,FALSE,0.026767845803094374,0.0015878123298492558,2094.022449503697,0.026747225251699775,0.001467646486965123,2092.2237982622005,8.18765581162656,0.08596839606691842,0.07709417033188765
Bacillus,R2,M0,3,6,FALSE,0.02675570758203498,0.0015882429931149827,2092.9188097149454,0.02672952707892209,0.00146826563054103,2090.602934075665,8.171366275851813,0.11077548976579607,0.0979460019460418
Bacillus,R2,M2g,3,6,FALSE,0.026767845803094374,0.0015878123298492558,2094.022449503697,0.026747225251699775,0.001467646486965123,2092.2237982622005,8.18765581162656,0.08596839606691842,0.07709417033188765
Bacillus,R2,M0,6,-6,FALSE,0.026728802051782182,0.0017685856098394437,2144.9144383057187,0.02672952707892209,0.00146826563054103,2090.602934075665,20.454063151212704,2.5978871140380813,-0.0027124577915938392
Bacillus,R2,M2g,6,-6,FALSE,0.02781008730991513,0.001735264679114988,2261.2797526821037,0.026747225251699775,0.001467646486965123,2092.2237982622005,18.234513183297988,8.080204161730734,3.973728295976456
Bacillus,R2,M0,6,-3,FALSE,0.026771401709408095,0.00176552608787963,2150.5289386524637,0.02672952707892209,0.00146826563054103,2090.602934075665,20.245686553942193,2.866446018994721,0.1566605737631072
Bacillus,R2,M2g,6,-3,FALSE,0.027274915201897003,0.0017487536731468133,2201.350386861598,0.026747225251699775,0.001467646486965123,2092.2237982622005,19.153603315126567,5.215818149570712,1.9728773554321988
Bacillus,R2,M0,6,0,FALSE,0.026789053972012162,0.0017641565955074877,2152.733760624875,0.02672952707892209,0.00146826563054103,2090.602934075665,20.15241376026946,2.9719094686280165,0.22270088398612953
Bacillus,R2,M2g,6,0,FALSE,0.02701134070248832,0.0017561805649589518,2173.820217911172,0.026747225251699775,0.001467646486965123,2092.2237982622005,19.659644236976636,3.8999852557238692,0.9874499066842821
Bacillus,R2,M0,6,3,FALSE,0.026789053972012162,0.0017641565955074877,2152.733760624875,0.02672952707892209,0.00146826563054103,2090.602934075665,20.15241376026946,2.9719094686280165,0.22270088398612953
Bacillus,R2,M2g,6,3,FALSE,0.02701134070248832,0.0017561805649589518,2173.820217911172,0.026747225251699775,0.001467646486965123,2092.2237982622005,19.659644236976636,3.8999852557238692,0.9874499066842821
Bacillus,R2,M0,6,6,FALSE,0.026789053972012162,0.0017641565955074877,2152.733760624875,0.02672952707892209,0.00146826563054103,2090.602934075665,20.15241376026946,2.9719094686280165,0.22270088398612953
Bacillus,R2,M2g,6,6,FALSE,0.02701134070248832,0.0017561805649589518,2173.820217911172,0.026747225251699775,0.001467646486965123,2092.2237982622005,19.659644236976636,3.8999852557238692,0.9874499066842821
Bacillus,R3,M0,-6,-6,FALSE,0.025137276426244082,0.0012407016471781315,3779.951837453657,0.025082432485662883,0.0012446959940323216,3240.0050444222707,-0.320909432772417,16.66499853020028,0.21865479200451307
Bacillus,R3,M2g,-6,-6,FALSE,0.02542710029807484,0.0012307740536274371,3838.2772715892224,0.025535061834997368,0.0012273268977608897,3301.3169958117287,0.28086696974020614,16.265032302524034,-0.4227972409863505
Bacillus,R3,M0,-6,-3,FALSE,0.02515343030415922,0.001239526977846244,3784.0067601175006,0.025082432485662883,0.0012446959940323216,3240.0050444222707,-0.4152834275084354,16.790150269418223,0.2830579471784435
Bacillus,R3,M2g,-6,-3,FALSE,0.025241000737551488,0.0012363449435125037,3800.673145724991,0.025535061834997368,0.0012273268977608897,3301.3169958117287,0.7347712959005775,15.125967925733248,-1.1515973579623398
Bacillus,R3,M0,-6,0,FALSE,0.025082432485662883,0.0012446959940323216,3766.2110954978452,0.025082432485662883,0.0012446959940323216,3240.0050444222707,0,16.2409022165397,0
Bacillus,R3,M2g,-6,0,FALSE,0.025535061834997368,0.0012273268977608897,3847.9165635807667,0.025535061834997368,0.0012273268977608897,3301.3169958117287,0,16.5570155323615,0
Bacillus,R3,M0,-6,3,FALSE,0.025082432485662883,0.0012446959940323216,3766.2110954978452,0.025082432485662883,0.0012446959940323216,3240.0050444222707,0,16.2409022165397,0
Bacillus,R3,M2g,-6,3,FALSE,0.025535061834997368,0.0012273268977608897,3847.9165635807667,0.025535061834997368,0.0012273268977608897,3301.3169958117287,0,16.5570155323615,0
Bacillus,R3,M0,-6,6,FALSE,0.025082432485662883,0.0012446959940323216,3766.2110954978452,0.025082432485662883,0.0012446959940323216,3240.0050444222707,0,16.2409022165397,0
Bacillus,R3,M2g,-6,6,FALSE,0.025535061834997368,0.0012273268977608897,3847.9165635807667,0.025535061834997368,0.0012273268977608897,3301.3169958117287,0,16.5570155323615,0
Bacillus,R3,M0,-3,-6,FALSE,0.025137276426244082,0.0012407016471781315,3505.3817796802023,0.025082432485662883,0.0012446959940323216,3240.0050444222707,-0.320909432772417,8.190627224941599,0.21865479200451307
Bacillus,R3,M2g,-3,-6,FALSE,0.02542710029807484,0.0012307740536274371,3556.3770278176967,0.025535061834997368,0.0012273268977608897,3301.3169958117287,0.28086696974020614,7.726008509014862,-0.4227972409863505
Bacillus,R3,M0,-3,-3,FALSE,0.02515343030415922,0.001239526977846244,3508.972104174526,0.025082432485662883,0.0012446959940323216,3240.0050444222707,-0.4152834275084354,8.301439536808353,0.2830579471784435
Bacillus,R3,M2g,-3,-3,FALSE,0.025241000737551488,0.0012363449435125037,3523.5013342035063,0.025535061834997368,0.0012273268977608897,3301.3169958117287,0.7347712959005775,6.730172796906674,-1.1515973579623398
Bacillus,R3,M0,-3,0,FALSE,0.025082432485662883,0.0012446959940323216,3493.2138422621865,0.025082432485662883,0.0012446959940323216,3240.0050444222707,0,7.815074185634974,0
Bacillus,R3,M2g,-3,0,FALSE,0.025535061834997368,0.0012273268977608897,3564.1538055777896,0.025535061834997368,0.0012273268977608897,3301.3169958117287,0,7.961574429220619,0
Bacillus,R3,M0,-3,3,FALSE,0.025082432485662883,0.0012446959940323216,3493.2138422621865,0.025082432485662883,0.0012446959940323216,3240.0050444222707,0,7.815074185634974,0
Bacillus,R3,M2g,-3,3,FALSE,0.025535061834997368,0.0012273268977608897,3564.1538055777896,0.025535061834997368,0.0012273268977608897,3301.3169958117287,0,7.961574429220619,0
Bacillus,R3,M0,-3,6,FALSE,0.025082432485662883,0.0012446959940323216,3493.2138422621865,0.025082432485662883,0.0012446959940323216,3240.0050444222707,0,7.815074185634974,0
Bacillus,R3,M2g,-3,6,FALSE,0.025535061834997368,0.0012273268977608897,3564.1538055777896,0.025535061834997368,0.0012273268977608897,3301.3169958117287,0,7.961574429220619,0
Bacillus,R3,M0,0,-6,FALSE,0.025137276426244082,0.0012407016471781315,3250.756080953529,0.025082432485662883,0.0012446959940323216,3240.0050444222707,-0.320909432772417,0.33182159854245785,0.21865479200451307
Bacillus,R3,M2g,0,-6,FALSE,0.02542710029807484,0.0012307740536274371,3295.1807983253552,0.025535061834997368,0.0012273268977608897,3301.3169958117287,0.28086696974020614,-0.1858711991050319,-0.4227972409863505
Bacillus,R3,M0,0,-3,FALSE,0.02515343030415922,0.001239526977846244,3253.9279151532655,0.025082432485662883,0.0012446959940323216,3240.0050444222707,-0.4152834275084354,0.42971756340204953,0.2830579471784435
Bacillus,R3,M2g,0,-3,FALSE,0.025241000737551488,0.0012363449435125037,3266.542840206712,0.025535061834997368,0.0012273268977608897,3301.3169958117287,0.7347712959005775,-1.0533419132162611,-1.1515973579623398
Bacillus,R3,M0,0,0,TRUE,0.025082432485662883,0.0012446959940323216,3240.0050444222707,0.025082432485662883,0.0012446959940323216,3240.0050444222707,0,0,0
Bacillus,R3,M2g,0,0,TRUE,0.025535061834997368,0.0012273268977608897,3301.3169958117287,0.025535061834997368,0.0012273268977608897,3301.3169958117287,0,0,0
Bacillus,R3,M0,0,3,FALSE,0.025082432485662883,0.0012446959940323216,3240.0050444222707,0.025082432485662883,0.0012446959940323216,3240.0050444222707,0,0,0
Bacillus,R3,M2g,0,3,FALSE,0.025535061834997368,0.0012273268977608897,3301.3169958117287,0.025535061834997368,0.0012273268977608897,3301.3169958117287,0,0,0
Bacillus,R3,M0,0,6,FALSE,0.025082432485662883,0.0012446959940323216,3240.0050444222707,0.025082432485662883,0.0012446959940323216,3240.0050444222707,0,0,0
Bacillus,R3,M2g,0,6,FALSE,0.025535061834997368,0.0012273268977608897,3301.3169958117287,0.025535061834997368,0.0012273268977608897,3301.3169958117287,0,0,0
Bacillus,R3,M0,3,-6,FALSE,0.025129415220256062,0.0013386294691163398,3249.603679146746,0.025082432485662883,0.0012446959940323216,3240.0050444222707,7.546700201043546,0.29625369691937553,0.18731331030207796
Bacillus,R3,M2g,3,-6,FALSE,0.02540875983047435,0.00132890700179358,3292.1040058069107,0.025535061834997368,0.0012273268977608897,3301.3169958117287,8.276532048471449,-0.279070141295315,-0.494621886326958
Bacillus,R3,M0,3,-3,FALSE,0.02514744735852717,0.0013372691564669124,3253.099511355488,0.025082432485662883,0.0012446959940323216,3240.0050444222707,7.437411454558513,0.4041495847594401,0.2592048155674253
Bacillus,R3,M2g,3,-3,FALSE,0.025212328128309033,0.0013348690139312642,3262.3759994137704,0.025535061834997368,0.0012273268977608897,3301.3169958117287,8.762304188604695,-1.1795594439237875,-1.2638845708452864
Bacillus,R3,M0,3,0,FALSE,0.025074058262736804,0.0013428230905285768,3238.9168192025895,0.025082432485662883,0.0012446959940323216,3240.0050444222707,7.883619531734995,-0.03358714584579228,-0.03338680540998395
Bacillus,R3,M2g,3,0,FALSE,0.025529512276418358,0.0013249970403429237,3300.1725852827544,0.025535061834997368,0.0012273268977608897,3301.3169958117287,7.957956658508952,-0.03466527238753964,-0.021733092384385578
Bacillus,R3,M0,3,3,FALSE,0.025074058262736804,0.0013428230905285768,3238.9168192025895,0.025082432485662883,0.0012446959940323216,3240.0050444222707,7.883619531734995,-0.03358714584579228,-0.03338680540998395
Bacillus,R3,M2g,3,3,FALSE,0.025529512276418358,0.0013249970403429237,3300.1725852827544,0.025535061834997368,0.0012273268977608897,3301.3169958117287,7.957956658508952,-0.03466527238753964,-0.021733092384385578
Bacillus,R3,M0,3,6,FALSE,0.025074058262736804,0.0013428230905285768,3238.9168192025895,0.025082432485662883,0.0012446959940323216,3240.0050444222707,7.883619531734995,-0.03358714584579228,-0.03338680540998395
Bacillus,R3,M2g,3,6,FALSE,0.025529512276418358,0.0013249970403429237,3300.1725852827544,0.025535061834997368,0.0012273268977608897,3301.3169958117287,7.957956658508952,-0.03466527238753964,-0.021733092384385578
Bacillus,R3,M0,6,-6,FALSE,0.025115913542226052,0.0014815193879792739,3330.228239655374,0.025082432485662883,0.0012446959940323216,3240.0050444222707,19.026605298193203,2.7846621840427206,0.13348408924177105
Bacillus,R3,M2g,6,-6,FALSE,0.02535266174651764,0.0014731282617626526,3367.5439388391474,0.025535061834997368,0.0012273268977608897,3301.3169958117287,20.027375302390745,2.006076457106015,-0.71431230383682
Bacillus,R3,M0,6,-3,FALSE,0.025137177632554294,0.0014798379255936444,3334.4518208760737,0.025082432485662883,0.0012446959940323216,3240.0050444222707,18.891515091934707,2.915019426170183,0.21826091597257546
Bacillus,R3,M2g,6,-3,FALSE,0.02515711395830902,0.0014790853521029247,3337.408881718822,0.025535061834997368,0.0012273268977608897,3301.3169958117287,20.5127464248798,1.0932572047119993,-1.4801134186812352
Bacillus,R3,M0,6,0,FALSE,0.025060546513892373,0.0014859351854241718,3319.3200843249856,0.025082432485662883,0.0012446959940323216,3240.0050444222707,19.38137445195198,2.447991247398126,-0.08725617733854389
Bacillus,R3,M2g,6,0,FALSE,0.02550317118986771,0.001468198300005556,3381.21154876446,0.025535061834997368,0.0012273268977608897,3301.3169958117287,19.625692444621496,2.4200812298270944,-0.12488963346056849
Bacillus,R3,M0,6,3,FALSE,0.025060546513892373,0.0014859351854241718,3319.3200843249856,0.025082432485662883,0.0012446959940323216,3240.0050444222707,19.38137445195198,2.447991247398126,-0.08725617733854389
Bacillus,R3,M2g,6,3,FALSE,0.02550317118986771,0.001468198300005556,3381.21154876446,0.025535061834997368,0.0012273268977608897,3301.3169958117287,19.625692444621496,2.4200812298270944,-0.12488963346056849
Bacillus,R3,M0,6,6,FALSE,0.025060546513892373,0.0014859351854241718,3319.3200843249856,0.025082432485662883,0.0012446959940323216,3240.0050444222707,19.38137445195198,2.447991247398126,-0.08725617733854389
Bacillus,R3,M2g,6,6,FALSE,0.02550317118986771,0.001468198300005556,3381.21154876446,0.025535061834997368,0.0012273268977608897,3301.3169958117287,19.625692444621496,2.4200812298270944,-0.12488963346056849
Bacillus,R4,M0,-6,-6,FALSE,0.027250231463553664,0.0012101351257381913,3158.0394266589983,0.02733746457736678,0.00120446088806259,2695.570887478601,0.471101862404897,17.156608321029314,-0.31909730899236244
Bacillus,R4,M2g,-6,-6,FALSE,0.027707829877855125,0.0011952054772265542,3231.0594516197234,0.02734589169769374,0.0012041509344854185,2696.4468711103004,-0.7428850489317594,19.82655717185663,1.3235559628575198
Bacillus,R4,M0,-6,-3,FALSE,0.02732325482377677,0.0012053818311302171,3173.0958892976146,0.02733746457736678,0.00120446088806259,2695.570887478601,0.07646101893010128,17.715171358957793,-0.051979047105105376
Bacillus,R4,M2g,-6,-3,FALSE,0.027328586050915003,0.0012051961761084722,3173.8962538257583,0.02734589169769374,0.0012041509344854185,2696.4468711103004,0.08680320656814935,17.706611905869345,-0.06328426576850817
Bacillus,R4,M0,-6,0,FALSE,0.02733746457736678,0.00120446088806259,3176.0389319501055,0.02733746457736678,0.00120446088806259,2695.570887478601,0,17.824352039983914,0
Bacillus,R4,M2g,-6,0,FALSE,0.02734589169769374,0.0012041509344854185,3177.2316994097887,0.02734589169769374,0.0012041509344854185,2696.4468711103004,0,17.830309710553216,0
Bacillus,R4,M0,-6,3,FALSE,0.02733746457736678,0.00120446088806259,3176.0389319501055,0.02733746457736678,0.00120446088806259,2695.570887478601,0,17.824352039983914,0
Bacillus,R4,M2g,-6,3,FALSE,0.02734589169769374,0.0012041509344854185,3177.2316994097887,0.02734589169769374,0.0012041509344854185,2696.4468711103004,0,17.830309710553216,0
Bacillus,R4,M0,-6,6,FALSE,0.02733746457736678,0.00120446088806259,3176.0389319501055,0.02733746457736678,0.00120446088806259,2695.570887478601,0,17.824352039983914,0
Bacillus,R4,M2g,-6,6,FALSE,0.02734589169769374,0.0012041509344854185,3177.2316994097887,0.02734589169769374,0.0012041509344854185,2696.4468711103004,0,17.830309710553216,0
Bacillus,R4,M0,-3,-6,FALSE,0.027250231463553664,0.0012101351257381913,2910.138591683466,0.02733746457736678,0.00120446088806259,2695.570887478601,0.471101862404897,7.960009703383044,-0.31909730899236244
Bacillus,R4,M2g,-3,-6,FALSE,0.027707829877855125,0.0011952054772265542,2973.3420734393217,0.02734589169769374,0.0012041509344854185,2696.4468711103004,-0.7428850489317594,10.268891454738943,1.3235559628575198
Bacillus,R4,M0,-3,-3,FALSE,0.02732325482377677,0.0012053818311302171,2923.372653445979,0.02733746457736678,0.00120446088806259,2695.570887478601,0.07646101893010128,8.450965508848494,-0.051979047105105376
Bacillus,R4,M2g,-3,-3,FALSE,0.027328586050915003,0.0012051961761084722,2924.063262226861,0.02734589169769374,0.0012041509344854185,2696.4468711103004,0.08680320656814935,8.441345296109473,-0.06328426576850817
Bacillus,R4,M0,-3,0,FALSE,0.02733746457736678,0.00120446088806259,2925.9593439525665,0.02733746457736678,0.00120446088806259,2695.570887478601,0,8.54692627614285,0
Bacillus,R4,M2g,-3,0,FALSE,0.02734589169769374,0.0012041509344854185,2926.9841944680857,0.02734589169769374,0.0012041509344854185,2696.4468711103004,0,8.549670524858447,0
Bacillus,R4,M0,-3,3,FALSE,0.02733746457736678,0.00120446088806259,2925.9593439525665,0.02733746457736678,0.00120446088806259,2695.570887478601,0,8.54692627614285,0
Bacillus,R4,M2g,-3,3,FALSE,0.02734589169769374,0.0012041509344854185,2926.9841944680857,0.02734589169769374,0.0012041509344854185,2696.4468711103004,0,8.549670524858447,0
Bacillus,R4,M0,-3,6,FALSE,0.02733746457736678,0.00120446088806259,2925.9593439525665,0.02733746457736678,0.00120446088806259,2695.570887478601,0,8.54692627614285,0
Bacillus,R4,M2g,-3,6,FALSE,0.02734589169769374,0.0012041509344854185,2926.9841944680857,0.02734589169769374,0.0012041509344854185,2696.4468711103004,0,8.549670524858447,0
Bacillus,R4,M0,0,-6,FALSE,0.027250231463553664,0.0012101351257381913,2681.6975593509237,0.02733746457736678,0.00120446088806259,2695.570887478601,0.471101862404897,-0.5146712405940169,-0.31909730899236244
Bacillus,R4,M2g,0,-6,FALSE,0.027707829877855125,0.0011952054772265542,2736.1808775299955,0.02734589169769374,0.0012041509344854185,2696.4468711103004,-0.7428850489317594,1.4735690454503212,1.3235559628575198
Bacillus,R4,M0,0,-3,FALSE,0.02732325482377677,0.0012053818311302171,2693.302682638917,0.02733746457736678,0.00120446088806259,2695.570887478601,0.07646101893010128,-0.08414562014378252,-0.051979047105105376
Bacillus,R4,M2g,0,-3,FALSE,0.027328586050915003,0.0012051961761084722,2693.895854723858,0.02734589169769374,0.0012041509344854185,2696.4468711103004,0.08680320656814935,-0.094606588165112,-0.06328426576850817
Bacillus,R4,M0,0,0,TRUE,0.02733746457736678,0.00120446088806259,2695.570887478601,0.02733746457736678,0.00120446088806259,2695.570887478601,0,0,0
Bacillus,R4,M2g,0,0,TRUE,0.02734589169769374,0.0012041509344854185,2696.4468711103004,0.02734589169769374,0.0012041509344854185,2696.4468711103004,0,0,0
Bacillus,R4,M0,0,3,FALSE,0.02733746457736678,0.00120446088806259,2695.570887478601,0.02733746457736678,0.00120446088806259,2695.570887478601,0,0,0
Bacillus,R4,M2g,0,3,FALSE,0.02734589169769374,0.0012041509344854185,2696.4468711103004,0.02734589169769374,0.0012041509344854185,2696.4468711103004,0,0,0
Bacillus,R4,M0,0,6,FALSE,0.02733746457736678,0.00120446088806259,2695.570887478601,0.02733746457736678,0.00120446088806259,2695.570887478601,0,0,0
Bacillus,R4,M2g,0,6,FALSE,0.02734589169769374,0.0012041509344854185,2696.4468711103004,0.02734589169769374,0.0012041509344854185,2696.4468711103004,0,0,0
Bacillus,R4,M0,3,-6,FALSE,0.02723074220512412,0.0013149446766552797,2679.465891363974,0.02733746457736678,0.00120446088806259,2695.570887478601,9.172883045659225,-0.5974614204893426,-0.390388698778664
Bacillus,R4,M2g,3,-6,FALSE,0.027629214460932586,0.0013016779058848537,2726.5042001160773,0.02734589169769374,0.0012041509344854185,2696.4468711103004,8.09923146728382,1.114701325207284,1.036070669667505
Bacillus,R4,M0,3,-3,FALSE,0.027310036798421963,0.001309557804318169,2691.8729008264536,0.02733746457736678,0.00120446088806259,2695.570887478601,8.725639603344073,-0.13718751264621487,-0.1003303684845974
Bacillus,R4,M2g,3,-3,FALSE,0.0273184999197928,0.0013092568933094591,2692.807894660128,0.02734589169769374,0.0012041509344854185,2696.4468711103004,8.728636569879555,-0.13495450213242738,-0.10016779925757494
Bacillus,R4,M0,3,0,FALSE,0.02732669447382148,0.0013084253790926169,2694.479171340134,0.02733746457736678,0.00120446088806259,2695.570887478601,8.63162034238047,-0.0405003683463881,-0.039396863285623814
Bacillus,R4,M2g,3,0,FALSE,0.02733754447465343,0.0013080166432548025,2695.5990523047462,0.02734589169769374,0.0012041509344854185,2696.4468711103004,8.625638679902693,-0.03144207344256319,-0.03052459628154937
Bacillus,R4,M0,3,3,FALSE,0.02732669447382148,0.0013084253790926169,2694.479171340134,0.02733746457736678,0.00120446088806259,2695.570887478601,8.63162034238047,-0.0405003683463881,-0.039396863285623814
Bacillus,R4,M2g,3,3,FALSE,0.02733754447465343,0.0013080166432548025,2695.5990523047462,0.02734589169769374,0.0012041509344854185,2696.4468711103004,8.625638679902693,-0.03144207344256319,-0.03052459628154937
Bacillus,R4,M0,3,6,FALSE,0.02732669447382148,0.0013084253790926169,2694.479171340134,0.02733746457736678,0.00120446088806259,2695.570887478601,8.63162034238047,-0.0405003683463881,-0.039396863285623814
Bacillus,R4,M2g,3,6,FALSE,0.02733754447465343,0.0013080166432548025,2695.5990523047462,0.02734589169769374,0.0012041509344854185,2696.4468711103004,8.625638679902693,-0.03144207344256319,-0.03052459628154937
Bacillus,R4,M0,6,-6,FALSE,0.027254056428590245,0.0014247244181831813,2682.1115755752,0.02733746457736678,0.00120446088806259,2695.570887478601,18.28731279725418,-0.49931211106048146,-0.3051056492107595
Bacillus,R4,M2g,6,-6,FALSE,0.027853152530532777,0.0014044893895945349,2752.5737925027383,0.02734589169769374,0.0012041509344854185,2696.4468711103004,16.63732090153042,2.0815140841001196,1.8549800403174161
Bacillus,R4,M0,6,-3,FALSE,0.0273338943800905,0.0014190882733292427,2694.4272044354657,0.02733746457736678,0.00120446088806259,2695.570887478601,17.81937357981687,-0.04242823100842591,-0.013059723465488574
Bacillus,R4,M2g,6,-3,FALSE,0.02734760756082606,0.0014185925919913832,2695.9315019963506,0.02734589169769374,0.0012041509344854185,2696.4468711103004,17.808536402257925,-0.019112897030218984,0.006274665135396393
Bacillus,R4,M0,6,0,FALSE,0.027347816577344402,0.0014181164205538232,2696.5971322780915,0.02733746457736678,0.00120446088806259,2695.570887478601,17.73868579783478,0.03807151962716426,0.03786744724743379
Bacillus,R4,M2g,6,0,FALSE,0.027353788271733615,0.0014178865516328938,2697.2092236623807,0.02734589169769374,0.0012041509344854185,2696.4468711103004,17.7499025268633,0.028272485553048995,0.028876637584800077
Bacillus,R4,M0,6,3,FALSE,0.027347816577344402,0.0014181164205538232,2696.5971322780915,0.02733746457736678,0.00120446088806259,2695.570887478601,17.73868579783478,0.03807151962716426,0.03786744724743379
Bacillus,R4,M2g,6,3,FALSE,0.027353788271733615,0.0014178865516328938,2697.2092236623807,0.02734589169769374,0.0012041509344854185,2696.4468711103004,17.7499025268633,0.028272485553048995,0.028876637584800077
Bacillus,R4,M0,6,6,FALSE,0.027347816577344402,0.0014181164205538232,2696.5971322780915,0.02733746457736678,0.00120446088806259,2695.570887478601,17.73868579783478,0.03807151962716426,0.03786744724743379
Bacillus,R4,M2g,6,6,FALSE,0.027353788271733615,0.0014178865516328938,2697.2092236623807,0.02734589169769374,0.0012041509344854185,2696.4468711103004,17.7499025268633,0.028272485553048995,0.028876637584800077
Bacillus,R5,M0,-6,-6,FALSE,0.02279846160611907,0.001736207984962572,1303.3338984868592,0.02273270654790027,0.00174156996159367,1131.7007415649348,-0.3078817819176999,15.165948966737197,0.28925309918662334
Bacillus,R5,M2g,-6,-6,FALSE,0.02280690477962271,0.0017359304889576716,1304.0015698276363,0.022910641662815024,0.0017348510702671284,1141.7315552037644,0.06221967459010381,14.212624139560694,-0.4527890781893029
Bacillus,R5,M0,-6,-3,FALSE,0.02274066684362509,0.0017408869417237887,1297.8134325702745,0.02273270654790027,0.00174156996159367,1131.7007415649348,-0.039218629451805244,14.678146342436452,0.03501692905790926
Bacillus,R5,M2g,-6,-3,FALSE,0.022906437916378874,0.0017350244246917357,1310.3827490965716,0.022910641662815024,0.0017348510702671284,1141.7315552037644,0.00999246722547804,14.771527783753694,-0.01834844478831468
Bacillus,R5,M0,-6,0,FALSE,0.02273270654790027,0.00174156996159367,1297.0829019724272,0.02273270654790027,0.00174156996159367,1131.7007415649348,0,14.61359477230696,0
Bacillus,R5,M2g,-6,0,FALSE,0.022910641662815024,0.0017348510702671284,1309.9773776345064,0.022910641662815024,0.0017348510702671284,1141.7315552037644,0,14.736022812360234,0
Bacillus,R5,M0,-6,3,FALSE,0.02273270654790027,0.00174156996159367,1297.0829019724272,0.02273270654790027,0.00174156996159367,1131.7007415649348,0,14.61359477230696,0
Bacillus,R5,M2g,-6,3,FALSE,0.022910641662815024,0.0017348510702671284,1309.9773776345064,0.022910641662815024,0.0017348510702671284,1141.7315552037644,0,14.736022812360234,0
Bacillus,R5,M0,-6,6,FALSE,0.02273270654790027,0.00174156996159367,1297.0829019724272,0.02273270654790027,0.00174156996159367,1131.7007415649348,0,14.61359477230696,0
Bacillus,R5,M2g,-6,6,FALSE,0.022910641662815024,0.0017348510702671284,1309.9773776345064,0.022910641662815024,0.0017348510702671284,1141.7315552037644,0,14.736022812360234,0
Bacillus,R5,M0,-3,-6,FALSE,0.02279846160611907,0.001736207984962572,1217.1719987476592,0.02273270654790027,0.00174156996159367,1131.7007415649348,-0.3078817819176999,7.5524610034745905,0.28925309918662334
Bacillus,R5,M2g,-3,-6,FALSE,0.02280690477962271,0.0017359304889576716,1217.7646853204878,0.022910641662815024,0.0017348510702671284,1141.7315552037644,0.06221967459010381,6.659457713170925,-0.4527890781893029
Bacillus,R5,M0,-3,-3,FALSE,0.02274066684362509,0.0017408869417237887,1212.2266472946912,0.02273270654790027,0.00174156996159367,1131.7007415649348,-0.039218629451805244,7.115476978340041,0.03501692905790926
Bacillus,R5,M2g,-3,-3,FALSE,0.022906437916378874,0.0017350244246917357,1223.3585125739048,0.022910641662815024,0.0017348510702671284,1141.7315552037644,0.00999246722547804,7.149400136844995,-0.01834844478831468
Bacillus,R5,M0,-3,0,FALSE,0.02273270654790027,0.00174156996159367,1211.5732260302698,0.02273270654790027,0.00174156996159367,1131.7007415649348,0,7.057738988037242,0
Bacillus,R5,M2g,-3,0,FALSE,0.022910641662815024,0.0017348510702671284,1222.96463916517,0.022910641662815024,0.0017348510702671284,1141.7315552037644,0,7.1149022369718,0
Bacillus,R5,M0,-3,3,FALSE,0.02273270654790027,0.00174156996159367,1211.5732260302698,0.02273270654790027,0.00174156996159367,1131.7007415649348,0,7.057738988037242,0
Bacillus,R5,M2g,-3,3,FALSE,0.022910641662815024,0.0017348510702671284,1222.96463916517,0.022910641662815024,0.0017348510702671284,1141.7315552037644,0,7.1149022369718,0
Bacillus,R5,M0,-3,6,FALSE,0.02273270654790027,0.00174156996159367,1211.5732260302698,0.02273270654790027,0.00174156996159367,1131.7007415649348,0,7.057738988037242,0
Bacillus,R5,M2g,-3,6,FALSE,0.022910641662815024,0.0017348510702671284,1222.96463916517,0.022910641662815024,0.0017348510702671284,1141.7315552037644,0,7.1149022369718,0
Bacillus,R5,M0,0,-6,FALSE,0.02279846160611907,0.001736207984962572,1136.7061627533585,0.02273270654790027,0.00174156996159367,1131.7007415649348,-0.3078817819176999,0.44229194208198047,0.28925309918662334
Bacillus,R5,M2g,0,-6,FALSE,0.02280690477962271,0.0017359304889576716,1137.2308616236742,0.022910641662815024,0.0017348510702671284,1141.7315552037644,0.06221967459010381,-0.3941989305259231,-0.4527890781893029
Bacillus,R5,M0,0,-3,FALSE,0.02274066684362509,0.0017408869417237887,1132.2840460211958,0.02273270654790027,0.00174156996159367,1131.7007415649348,-0.039218629451805244,0.05154228806586912,0.03501692905790926
Bacillus,R5,M2g,0,-3,FALSE,0.022906437916378874,0.0017350244246917357,1142.1136697036454,0.022910641662815024,0.0017348510702671284,1141.7315552037644,0.00999246722547804,0.033467980992504934,-0.01834844478831468
Bacillus,R5,M0,0,0,TRUE,0.02273270654790027,0.00174156996159367,1131.7007415649348,0.02273270654790027,0.00174156996159367,1131.7007415649348,0,0,0
Bacillus,R5,M2g,0,0,TRUE,0.022910641662815024,0.0017348510702671284,1141.7315552037644,0.022910641662815024,0.0017348510702671284,1141.7315552037644,0,0,0
Bacillus,R5,M0,0,3,FALSE,0.02273270654790027,0.00174156996159367,1131.7007415649348,0.02273270654790027,0.00174156996159367,1131.7007415649348,0,0,0
Bacillus,R5,M2g,0,3,FALSE,0.022910641662815024,0.0017348510702671284,1141.7315552037644,0.022910641662815024,0.0017348510702671284,1141.7315552037644,0,0,0
Bacillus,R5,M0,0,6,FALSE,0.02273270654790027,0.00174156996159367,1131.7007415649348,0.02273270654790027,0.00174156996159367,1131.7007415649348,0,0,0
Bacillus,R5,M2g,0,6,FALSE,0.022910641662815024,0.0017348510702671284,1141.7315552037644,0.022910641662815024,0.0017348510702671284,1141.7315552037644,0,0,0
Bacillus,R5,M0,3,-6,FALSE,0.02282104152278697,0.001856638646098427,1138.0431111721764,0.02273270654790027,0.00174156996159367,1131.7007415649348,6.607181281391665,0.5604281568704526,0.38858098440927047
Bacillus,R5,M2g,3,-6,FALSE,0.022834541146517114,0.0018561940770752902,1138.8754398740098,0.022910641662815024,0.0017348510702671284,1141.7315552037644,6.994433636858388,-0.2501564677561093,-0.332162308755517
Bacillus,R5,M0,3,-3,FALSE,0.02275637223905977,0.0018620051943625544,1133.168369810113,0.02273270654790027,0.00174156996159367,1131.7007415649348,6.91532556399152,0.1296834217099491,0.1041041510373351
Bacillus,R5,M2g,3,-3,FALSE,0.023067812316541,0.0018509986937587572,1151.5342602682017,0.022910641662815024,0.0017348510702671284,1141.7315552037644,6.69496220639531,0.8585823015715651,0.6860159398375522
Bacillus,R5,M0,3,0,FALSE,0.022745703920991865,0.0018629419969720565,1132.3966033415109,0.02273270654790027,0.00174156996159367,1131.7007415649348,6.9691162603265004,0.061488143554082775,0.05717477179503305
Bacillus,R5,M2g,3,0,FALSE,0.023046008057138526,0.001851582841942271,1149.2190200587922,0.022910641662815024,0.0017348510702671284,1141.7315552037644,6.728633579893889,0.6557990642285044,0.5908450593210921
Bacillus,R5,M0,3,3,FALSE,0.022745703920991865,0.0018629419969720565,1132.3966033415109,0.02273270654790027,0.00174156996159367,1131.7007415649348,6.9691162603265004,0.061488143554082775,0.05717477179503305
Bacillus,R5,M2g,3,3,FALSE,0.023046008057138526,0.001851582841942271,1149.2190200587922,0.022910641662815024,0.0017348510702671284,1141.7315552037644,6.728633579893889,0.6557990642285044,0.5908450593210921
Bacillus,R5,M0,3,6,FALSE,0.022745703920991865,0.0018629419969720565,1132.3966033415109,0.02273270654790027,0.00174156996159367,1131.7007415649348,6.9691162603265004,0.061488143554082775,0.05717477179503305
Bacillus,R5,M2g,3,6,FALSE,0.023046008057138526,0.001851582841942271,1149.2190200587922,0.022910641662815024,0.0017348510702671284,1141.7315552037644,6.728633579893889,0.6557990642285044,0.5908450593210921
Bacillus,R5,M0,6,-6,FALSE,0.022773382469083277,0.0019935865324363228,1135.266085710992,0.02273270654790027,0.00174156996159367,1131.7007415649348,14.470654432512045,0.315043015800007,0.17893127286581656
Bacillus,R5,M2g,6,-6,FALSE,0.02277704204912074,0.00199346945456471,1135.4888412123519,0.022910641662815024,0.0017348510702671284,1141.7315552037644,14.907238363565128,-0.5467759880122078,-0.5831334436657116
Bacillus,R5,M0,6,-3,FALSE,0.022711379764542135,0.0019988725175409234,1130.678770526728,0.02273270654790027,0.00174156996159367,1131.7007415649348,14.774172822308085,-0.09030400004807439,-0.09381541662536338
Bacillus,R5,M2g,6,-3,FALSE,0.02274102429527106,0.0019978252759821095,1132.3968248160763,0.022910641662815024,0.0017348510702671284,1141.7315552037644,15.158315905150804,-0.8175941485669197,-0.7403431559896501
Bacillus,R5,M0,6,0,FALSE,0.022706407207890855,0.0019993297720313215,1130.3301729185812,0.02273270654790027,0.00174156996159367,1131.7007415649348,14.800428126457891,-0.12110698491355221,-0.11568943607307777
Bacillus,R5,M2g,6,0,FALSE,0.022774261324420373,0.0019967579002766562,1134.0725338672357,0.022910641662815024,0.0017348510702671284,1141.7315552037644,15.096790410326113,-0.6708250552960994,-0.5952707060841613
Bacillus,R5,M0,6,3,FALSE,0.022706407207890855,0.0019993297720313215,1130.3301729185812,0.02273270654790027,0.00174156996159367,1131.7007415649348,14.800428126457891,-0.12110698491355221,-0.11568943607307777
Bacillus,R5,M2g,6,3,FALSE,0.022774261324420373,0.0019967579002766562,1134.0725338672357,0.022910641662815024,0.0017348510702671284,1141.7315552037644,15.096790410326113,-0.6708250552960994,-0.5952707060841613
Bacillus,R5,M0,6,6,FALSE,0.022706407207890855,0.0019993297720313215,1130.3301729185812,0.02273270654790027,0.00174156996159367,1131.7007415649348,14.800428126457891,-0.12110698491355221,-0.11568943607307777
Bacillus,R5,M2g,6,6,FALSE,0.022774261324420373,0.0019967579002766562,1134.0725338672357,0.022910641662815024,0.0017348510702671284,1141.7315552037644,15.096790410326113,-0.6708250552960994,-0.5952707060841613
Burkholderia,R1,M0,-6,-6,FALSE,0.02257978875906048,0.0015083540116375461,162.93809868983672,0.0225655256203426,0.00150950058400556,142.1581138736361,-0.07595706687117797,14.617515842023542,0.06320765116600396
Burkholderia,R1,M2g,-6,-6,FALSE,0.0225888454223614,0.0015080260043235584,163.02291583257647,0.02256774856192926,0.001509410667905686,142.17272015093164,-0.09173537802331372,14.665398298288244,0.09348234439180987
Burkholderia,R1,M0,-6,-3,FALSE,0.02256671239927399,0.0015093924871655553,162.78185481318727,0.0225655256203426,0.00150950058400556,142.1581138736361,-0.007161099581550925,14.50760732368998,0.005259256759000475
Burkholderia,R1,M2g,-6,-3,FALSE,0.022578595199780217,0.0015089371180550895,162.88799669648586,0.02256774856192926,0.001509410667905686,142.17272015093164,-0.03137316176872505,14.570500250373433,0.04806256069892461
Burkholderia,R1,M0,-6,0,FALSE,0.0225655256203426,0.00150950058400556,162.76917124993756,0.0225655256203426,0.00150950058400556,142.1581138736361,0,14.49868517151442,0
Burkholderia,R1,M2g,-6,0,FALSE,0.02256774856192926,0.001509410667905686,162.7880664410903,0.02256774856192926,0.001509410667905686,142.17272015093164,0,14.500212325032017,0
Burkholderia,R1,M0,-6,3,FALSE,0.0225655256203426,0.00150950058400556,162.76917124993756,0.0225655256203426,0.00150950058400556,142.1581138736361,0,14.49868517151442,0
Burkholderia,R1,M2g,-6,3,FALSE,0.02256774856192926,0.001509410667905686,162.7880664410903,0.02256774856192926,0.001509410667905686,142.17272015093164,0,14.500212325032017,0
Burkholderia,R1,M0,-6,6,FALSE,0.0225655256203426,0.00150950058400556,162.76917124993756,0.0225655256203426,0.00150950058400556,142.1581138736361,0,14.49868517151442,0
Burkholderia,R1,M2g,-6,6,FALSE,0.02256774856192926,0.001509410667905686,162.7880664410903,0.02256774856192926,0.001509410667905686,142.17272015093164,0,14.500212325032017,0
Burkholderia,R1,M0,-3,-6,FALSE,0.02257978875906048,0.0015083540116375461,152.26630580860933,0.0225655256203426,0.00150950058400556,142.1581138736361,-0.07595706687117797,7.110527608686744,0.06320765116600396
Burkholderia,R1,M2g,-3,-6,FALSE,0.0225888454223614,0.0015080260043235584,152.34142859689342,0.02256774856192926,0.001509410667905686,142.17272015093164,-0.09173537802331372,7.1523625876796935,0.09348234439180987
Burkholderia,R1,M0,-3,-3,FALSE,0.02256671239927399,0.0015093924871655553,152.1262629362962,0.0225655256203426,0.00150950058400556,142.1581138736361,-0.007161099581550925,7.012015558620003,0.005259256759000475
Burkholderia,R1,M2g,-3,-3,FALSE,0.022578595199780217,0.0015089371180550895,152.22003034507335,0.02256774856192926,0.001509410667905686,142.17272015093164,-0.03137316176872505,7.066974721645203,0.04806256069892461
Burkholderia,R1,M0,-3,0,FALSE,0.0225655256203426,0.00150950058400556,152.11495121014903,0.0225655256203426,0.00150950058400556,142.1581138736361,0,7.004058414395914,0
Burkholderia,R1,M2g,-3,0,FALSE,0.02256774856192926,0.001509410667905686,152.1315950552035,0.02256774856192926,0.001509410667905686,142.17272015093164,0,7.004772008089481,0
Burkholderia,R1,M0,-3,3,FALSE,0.0225655256203426,0.00150950058400556,152.11495121014903,0.0225655256203426,0.00150950058400556,142.1581138736361,0,7.004058414395914,0
Burkholderia,R1,M2g,-3,3,FALSE,0.02256774856192926,0.001509410667905686,152.1315950552035,0.02256774856192926,0.001509410667905686,142.17272015093164,0,7.004772008089481,0
Burkholderia,R1,M0,-3,6,FALSE,0.0225655256203426,0.00150950058400556,152.11495121014903,0.0225655256203426,0.00150950058400556,142.1581138736361,0,7.004058414395914,0
Burkholderia,R1,M2g,-3,6,FALSE,0.02256774856192926,0.001509410667905686,152.1315950552035,0.02256774856192926,0.001509410667905686,142.17272015093164,0,7.004772008089481,0
Burkholderia,R1,M0,0,-6,FALSE,0.02257978875906048,0.0015083540116375461,142.29347261953234,0.0225655256203426,0.00150950058400556,142.1581138736361,-0.07595706687117797,0.09521703841439598,0.06320765116600396
Burkholderia,R1,M2g,0,-6,FALSE,0.0225888454223614,0.0015080260043235584,142.35980719898765,0.02256774856192926,0.001509410667905686,142.17272015093164,-0.09173537802331372,0.13159138255032418,0.09348234439180987
Burkholderia,R1,M0,0,-3,FALSE,0.02256671239927399,0.0015093924871655553,142.16817901185584,0.0225655256203426,0.00150950058400556,142.1581138736361,-0.007161099581550925,0.007080241813485901,0.005259256759000475
Burkholderia,R1,M2g,0,-3,FALSE,0.022578595199780217,0.0015089371180550895,142.2507373666714,0.02256774856192926,0.001509410667905686,142.17272015093164,-0.03137316176872505,0.0548749546726862,0.04806256069892461
Burkholderia,R1,M0,0,0,TRUE,0.0225655256203426,0.00150950058400556,142.1581138736361,0.0225655256203426,0.00150950058400556,142.1581138736361,0,0,0
Burkholderia,R1,M2g,0,0,TRUE,0.02256774856192926,0.001509410667905686,142.17272015093164,0.02256774856192926,0.001509410667905686,142.17272015093164,0,0,0
Burkholderia,R1,M0,0,3,FALSE,0.0225655256203426,0.00150950058400556,142.1581138736361,0.0225655256203426,0.00150950058400556,142.1581138736361,0,0,0
Burkholderia,R1,M2g,0,3,FALSE,0.02256774856192926,0.001509410667905686,142.17272015093164,0.02256774856192926,0.001509410667905686,142.17272015093164,0,0,0
Burkholderia,R1,M0,0,6,FALSE,0.0225655256203426,0.00150950058400556,142.1581138736361,0.0225655256203426,0.00150950058400556,142.1581138736361,0,0,0
Burkholderia,R1,M2g,0,6,FALSE,0.02256774856192926,0.001509410667905686,142.17272015093164,0.02256774856192926,0.001509410667905686,142.17272015093164,0,0,0
Burkholderia,R1,M0,3,-6,FALSE,0.022534888924849967,0.0016190113186620029,141.98134200789443,0.0225655256203426,0.00150950058400556,142.1581138736361,7.254765968082557,-0.12434876977813786,-0.13576770161743587
Burkholderia,R1,M2g,3,-6,FALSE,0.022540931562493594,0.001618793951240546,142.02512882152408,0.02256774856192926,0.001509410667905686,142.17272015093164,7.246754356561554,-0.10381128619532422,-0.11882886483813522
Burkholderia,R1,M0,3,-3,FALSE,0.02252701023703725,0.0016196468741252082,141.90620751593636,0.0225655256203426,0.00150950058400556,142.1581138736361,7.296869659193349,-0.17720153344441317,-0.1706824115394299
Burkholderia,R1,M2g,3,-3,FALSE,0.02253651669948876,0.0016192787131069613,141.9716401392639,0.02256774856192926,0.001509410667905686,142.17272015093164,7.278870325841661,-0.14143361078993164,-0.13839157395250232
Burkholderia,R1,M0,3,0,FALSE,0.022530833801593417,0.001619323621563117,141.94136984553055,0.0225655256203426,0.00150950058400556,142.1581138736361,7.275455122126165,-0.1524668710068952,-0.15373813724909907
Burkholderia,R1,M2g,3,0,FALSE,0.02253226680697135,0.0016192652764789326,141.9506767558481,0.02256774856192926,0.001509410667905686,142.17272015093164,7.277980135496883,-0.15617862192396875,-0.1572232819793338
Burkholderia,R1,M0,3,3,FALSE,0.022530833801593417,0.001619323621563117,141.94136984553055,0.0225655256203426,0.00150950058400556,142.1581138736361,7.275455122126165,-0.1524668710068952,-0.15373813724909907
Burkholderia,R1,M2g,3,3,FALSE,0.02253226680697135,0.0016192652764789326,141.9506767558481,0.02256774856192926,0.001509410667905686,142.17272015093164,7.277980135496883,-0.15617862192396875,-0.1572232819793338
Burkholderia,R1,M0,3,6,FALSE,0.022530833801593417,0.001619323621563117,141.94136984553055,0.0225655256203426,0.00150950058400556,142.1581138736361,7.275455122126165,-0.1524668710068952,-0.15373813724909907
Burkholderia,R1,M2g,3,6,FALSE,0.02253226680697135,0.0016192652764789326,141.9506767558481,0.02256774856192926,0.001509410667905686,142.17272015093164,7.277980135496883,-0.15617862192396875,-0.1572232819793338
Burkholderia,R1,M0,6,-6,FALSE,0.022574453878770828,0.0017277700129680702,142.2544412545204,0.0225655256203426,0.00150950058400556,142.1581138736361,14.459711461874212,0.0677607336363011,0.039565922719654235
Burkholderia,R1,M2g,6,-6,FALSE,0.022585981127467937,0.0017273505590691867,142.33742036489605,0.02256774856192926,0.001509410667905686,142.17272015093164,14.438740615626715,0.11584515917650144,0.0807903610262472
Burkholderia,R1,M0,6,-3,FALSE,0.02256085055637131,0.0017289119176175324,142.12787909435886,0.0225655256203426,0.00150950058400556,142.1581138736361,14.53535930603947,-0.021268416169415567,-0.02071772689874625
Burkholderia,R1,M2g,6,-3,FALSE,0.022565873147114935,0.0017287156107788618,142.16219395721035,0.02256774856192926,0.001509410667905686,142.17272015093164,14.529176687048489,-0.007403806939977985,-0.008310154684581135
Burkholderia,R1,M0,6,0,FALSE,0.02256039421518276,0.0017289629619850675,142.124681345796,0.0225655256203426,0.00150950058400556,142.1581138736361,14.53874084613796,-0.023517847085259704,-0.022740020534741244
Burkholderia,R1,M2g,6,0,FALSE,0.02256444976778469,0.001728794980174959,142.15089381086747,0.02256774856192926,0.001509410667905686,142.17272015093164,14.534434990688775,-0.015351988792923883,-0.014617293947227253
Burkholderia,R1,M0,6,3,FALSE,0.02256039421518276,0.0017289629619850675,142.124681345796,0.0225655256203426,0.00150950058400556,142.1581138736361,14.53874084613796,-0.023517847085259704,-0.022740020534741244
Burkholderia,R1,M2g,6,3,FALSE,0.02256444976778469,0.001728794980174959,142.15089381086747,0.02256774856192926,0.001509410667905686,142.17272015093164,14.534434990688775,-0.015351988792923883,-0.014617293947227253
Burkholderia,R1,M0,6,6,FALSE,0.02256039421518276,0.0017289629619850675,142.124681345796,0.0225655256203426,0.00150950058400556,142.1581138736361,14.53874084613796,-0.023517847085259704,-0.022740020534741244
Burkholderia,R1,M2g,6,6,FALSE,0.02256444976778469,0.001728794980174959,142.15089381086747,0.02256774856192926,0.001509410667905686,142.17272015093164,14.534434990688775,-0.015351988792923883,-0.014617293947227253
Burkholderia,R2,M0,-6,-6,FALSE,0.019915884506796416,0.0018761407223805183,140.80619360387064,0.01985526299343977,0.00188222696498641,124.44368879220976,-0.32335327880799336,13.148521207035438,0.30531710094535225
Burkholderia,R2,M2g,-6,-6,FALSE,0.020276761627489426,0.0018618772874401423,143.8513681602367,0.020434897006267425,0.0018564494330228845,127.96994308900194,0.29237825284686125,12.41027751351687,-0.7738496491051475
Burkholderia,R2,M0,-6,-3,FALSE,0.01989420777941272,0.001878268967750641,140.58143015109874,0.01985526299343977,0.00188222696498641,124.44368879220976,-0.21028267628700995,12.96790662147201,0.19614339022261487
Burkholderia,R2,M2g,-6,-3,FALSE,0.020315203160489525,0.0018605989487266096,143.98167966944246,0.020434897006267425,0.0018564494330228845,127.96994308900194,0.2235189189596399,12.51210729171341,-0.5857325620050315
Burkholderia,R2,M0,-6,0,FALSE,0.01985526299343977,0.00188222696498641,140.18807202353725,0.01985526299343977,0.00188222696498641,124.44368879220976,0,12.651813349583943,0
Burkholderia,R2,M2g,-6,0,FALSE,0.020434897006267425,0.0018564494330228845,144.66269610337525,0.020434897006267425,0.0018564494330228845,127.96994308900194,0,13.044276344456643,0
Burkholderia,R2,M0,-6,3,FALSE,0.01985526299343977,0.00188222696498641,140.18807202353725,0.01985526299343977,0.00188222696498641,124.44368879220976,0,12.651813349583943,0
Burkholderia,R2,M2g,-6,3,FALSE,0.020434897006267425,0.0018564494330228845,144.66269610337525,0.020434897006267425,0.0018564494330228845,127.96994308900194,0,13.044276344456643,0
Burkholderia,R2,M0,-6,6,FALSE,0.01985526299343977,0.00188222696498641,140.18807202353725,0.01985526299343977,0.00188222696498641,124.44368879220976,0,12.651813349583943,0
Burkholderia,R2,M2g,-6,6,FALSE,0.020434897006267425,0.0018564494330228845,144.66269610337525,0.020434897006267425,0.0018564494330228845,127.96994308900194,0,13.044276344456643,0
Burkholderia,R2,M0,-3,-6,FALSE,0.019915884506796416,0.0018761407223805183,132.6397461953204,0.01985526299343977,0.00188222696498641,124.44368879220976,-0.32335327880799336,6.586157548572873,0.30531710094535225
Burkholderia,R2,M2g,-3,-6,FALSE,0.020276761627489426,0.0018618772874401423,135.36168121304578,0.020434897006267425,0.0018564494330228845,127.96994308900194,0.29237825284686125,5.776151763155004,-0.7738496491051475
Burkholderia,R2,M0,-3,-3,FALSE,0.01989420777941272,0.001878268967750641,132.43663062324904,0.01985526299343977,0.00188222696498641,124.44368879220976,-0.21028267628700995,6.4229386870599185,0.19614339022261487
Burkholderia,R2,M2g,-3,-3,FALSE,0.020315203160489525,0.0018605989487266096,135.46867834627966,0.020434897006267425,0.0018564494330228845,127.96994308900194,0.2235189189596399,5.859762907030764,-0.5857325620050315
Burkholderia,R2,M0,-3,0,FALSE,0.01985526299343977,0.00188222696498641,132.08149305363318,0.01985526299343977,0.00188222696498641,124.44368879220976,0,6.137558550017489,0
Burkholderia,R2,M2g,-3,0,FALSE,0.020434897006267425,0.0018564494330228845,136.06056367460235,0.020434897006267425,0.0018564494330228845,127.96994308900194,0,6.32228192832238,0
Burkholderia,R2,M0,-3,3,FALSE,0.01985526299343977,0.00188222696498641,132.08149305363318,0.01985526299343977,0.00188222696498641,124.44368879220976,0,6.137558550017489,0
Burkholderia,R2,M2g,-3,3,FALSE,0.020434897006267425,0.0018564494330228845,136.06056367460235,0.020434897006267425,0.0018564494330228845,127.96994308900194,0,6.32228192832238,0
Burkholderia,R2,M0,-3,6,FALSE,0.01985526299343977,0.00188222696498641,132.08149305363318,0.01985526299343977,0.00188222696498641,124.44368879220976,0,6.137558550017489,0
Burkholderia,R2,M2g,-3,6,FALSE,0.020434897006267425,0.0018564494330228845,136.06056367460235,0.020434897006267425,0.0018564494330228845,127.96994308900194,0,6.32228192832238,0
Burkholderia,R2,M0,0,-6,FALSE,0.019915884506796416,0.0018761407223805183,124.94693465156908,0.01985526299343977,0.00188222696498641,124.44368879220976,-0.32335327880799336,0.40439644970635763,0.30531710094535225
Burkholderia,R2,M2g,0,-6,FALSE,0.020276761627489426,0.0018618772874401423,127.37303075499716,0.020434897006267425,0.0018564494330228845,127.96994308900194,0.29237825284686125,-0.4664472919157565,-0.7738496491051475
Burkholderia,R2,M0,0,-3,FALSE,0.01989420777941272,0.001878268967750641,124.76371247601672,0.01985526299343977,0.00188222696498641,124.44368879220976,-0.21028267628700995,0.257163450322761,0.19614339022261487
Burkholderia,R2,M2g,0,-3,FALSE,0.020315203160489525,0.0018605989487266096,127.45901322321234,0.020434897006267425,0.0018564494330228845,127.96994308900194,0.2235189189596399,-0.3992577111910248,-0.5857325620050315
Burkholderia,R2,M0,0,0,TRUE,0.01985526299343977,0.00188222696498641,124.44368879220976,0.01985526299343977,0.00188222696498641,124.44368879220976,0,0,0
Burkholderia,R2,M2g,0,0,TRUE,0.020434897006267425,0.0018564494330228845,127.96994308900194,0.020434897006267425,0.0018564494330228845,127.96994308900194,0,0,0
Burkholderia,R2,M0,0,3,FALSE,0.01985526299343977,0.00188222696498641,124.44368879220976,0.01985526299343977,0.00188222696498641,124.44368879220976,0,0,0
Burkholderia,R2,M2g,0,3,FALSE,0.020434897006267425,0.0018564494330228845,127.96994308900194,0.020434897006267425,0.0018564494330228845,127.96994308900194,0,0,0
Burkholderia,R2,M0,0,6,FALSE,0.01985526299343977,0.00188222696498641,124.44368879220976,0.01985526299343977,0.00188222696498641,124.44368879220976,0,0,0
Burkholderia,R2,M2g,0,6,FALSE,0.020434897006267425,0.0018564494330228845,127.96994308900194,0.020434897006267425,0.0018564494330228845,127.96994308900194,0,0,0
Burkholderia,R2,M0,3,-6,FALSE,0.019923449135747458,0.001990644877102789,124.9943226951474,0.01985526299343977,0.00188222696498641,124.44368879220976,5.760087074151641,0.4424763588108276,0.3434159614517152
Burkholderia,R2,M2g,3,-6,FALSE,0.020394233764343326,0.001972097105762476,128.137093628062,0.020434897006267425,0.0018564494330228845,127.96994308900194,6.2295083659392,0.13061703008166078,-0.19898921884278215
Burkholderia,R2,M0,3,-3,FALSE,0.019899589685797442,0.001993038491282829,124.79575879999862,0.01985526299343977,0.00188222696498641,124.44368879220976,5.887256338250313,0.28291511703477196,0.22324908198051888
Burkholderia,R2,M2g,3,-3,FALSE,0.020419001424094193,0.001971264564844334,128.09596520031383,0.020434897006267425,0.0018564494330228845,127.96994308900194,6.1846624949269025,0.09847789900495296,-0.07778645602351915
Burkholderia,R2,M0,3,0,FALSE,0.019857880062573323,0.0019973746608919437,124.45842692811833,0.01985526299343977,0.00188222696498641,124.44368879220976,6.117630766508809,0.011843216840977614,0.013180732657218554
Burkholderia,R2,M2g,3,0,FALSE,0.020533100348078016,0.001967326533852205,128.53342788718808,0.020434897006267425,0.0018564494330228845,127.96994308900194,5.972535467813839,0.44032589574118963,0.4805668547312602
Burkholderia,R2,M0,3,3,FALSE,0.019857880062573323,0.0019973746608919437,124.45842692811833,0.01985526299343977,0.00188222696498641,124.44368879220976,6.117630766508809,0.011843216840977614,0.013180732657218554
Burkholderia,R2,M2g,3,3,FALSE,0.020533100348078016,0.001967326533852205,128.53342788718808,0.020434897006267425,0.0018564494330228845,127.96994308900194,5.972535467813839,0.44032589574118963,0.4805668547312602
Burkholderia,R2,M0,3,6,FALSE,0.019857880062573323,0.0019973746608919437,124.45842692811833,0.01985526299343977,0.00188222696498641,124.44368879220976,6.117630766508809,0.011843216840977614,0.013180732657218554
Burkholderia,R2,M2g,3,6,FALSE,0.020533100348078016,0.001967326533852205,128.53342788718808,0.020434897006267425,0.0018564494330228845,127.96994308900194,5.972535467813839,0.44032589574118963,0.4805668547312602
Burkholderia,R2,M0,6,-6,FALSE,0.01989138321155229,0.002117629350836208,124.7960796324064,0.01985526299343977,0.00188222696498641,124.44368879220976,12.506588749858734,0.2831729303565195,0.18191760101317173
Burkholderia,R2,M2g,6,-6,FALSE,0.020185640289058653,0.00210607732668758,126.73130689850554,0.020434897006267425,0.0018564494330228845,127.96994308900194,13.446522659021335,-0.9679118085056483,-1.2197600855650204
Burkholderia,R2,M0,6,-3,FALSE,0.019870203501780113,0.0021198052097068467,124.62304303309695,0.01985526299343977,0.00188222696498641,124.44368879220976,12.622188988890189,0.1441248187255765,0.07524709365612485
Burkholderia,R2,M2g,6,-3,FALSE,0.020243321700640606,0.0021041866417683616,126.96104617835115,0.020434897006267425,0.0018564494330228845,127.96994308900194,13.344678521196395,-0.788385839907041,-0.9374909282295959
Burkholderia,R2,M0,6,0,FALSE,0.019829819603390978,0.0021241046518829473,124.30222914539044,0.01985526299343977,0.00188222696498641,124.44368879220976,12.85061214168099,-0.11367362072938594,-0.1281443114462822
Burkholderia,R2,M2g,6,0,FALSE,0.020392441604029896,0.0020990547068874097,127.65394304685292,0.020434897006267425,0.0018564494330228845,127.96994308900194,13.068240348970201,-0.24693301764559894,-0.207759315960864
Burkholderia,R2,M0,6,3,FALSE,0.019829819603390978,0.0021241046518829473,124.30222914539044,0.01985526299343977,0.00188222696498641,124.44368879220976,12.85061214168099,-0.11367362072938594,-0.1281443114462822
Burkholderia,R2,M2g,6,3,FALSE,0.020392441604029896,0.0020990547068874097,127.65394304685292,0.020434897006267425,0.0018564494330228845,127.96994308900194,13.068240348970201,-0.24693301764559894,-0.207759315960864
Burkholderia,R2,M0,6,6,FALSE,0.019829819603390978,0.0021241046518829473,124.30222914539044,0.01985526299343977,0.00188222696498641,124.44368879220976,12.85061214168099,-0.11367362072938594,-0.1281443114462822
Burkholderia,R2,M2g,6,6,FALSE,0.020392441604029896,0.0020990547068874097,127.65394304685292,0.020434897006267425,0.0018564494330228845,127.96994308900194,13.068240348970201,-0.24693301764559894,-0.207759315960864
Burkholderia,R3,M0,-6,-6,FALSE,0.020964353535037224,0.001409102016723845,147.7191939142624,0.02090622491207607,0.0014139412943838154,129.73019034478136,-0.3422544966465123,13.866474350860061,0.27804456904880553
Burkholderia,R3,M2g,-6,-6,FALSE,0.020971364941069267,0.001408849984234572,147.7830456549649,0.021197253255557755,0.0014022758472505173,131.64578121891526,0.46881909839243957,12.258094628353334,-1.0656489865226366
Burkholderia,R3,M0,-6,-3,FALSE,0.020945407512500677,0.0014106451933634503,147.50321465626683,0.02090622491207607,0.0014139412943838154,129.73019034478136,-0.2331144180778396,13.699990930600237,0.1874207351609185
Burkholderia,R3,M2g,-6,-3,FALSE,0.02100390116112379,0.0014084224007811744,148.01343041594322,0.021197253255557755,0.0014022758472505173,131.64578121891526,0.4383269912769915,12.43309815588394,-0.9121563633876456
Burkholderia,R3,M0,-6,0,FALSE,0.02090622491207607,0.0014139412943838154,147.06787049771037,0.02090622491207607,0.0014139412943838154,129.73019034478136,0,13.364414333202626,0
Burkholderia,R3,M2g,-6,0,FALSE,0.021197253255557755,0.0014022758472505173,149.50029402190134,0.021197253255557755,0.0014022758472505173,131.64578121891526,0,13.562540810400606,0
Burkholderia,R3,M0,-6,3,FALSE,0.02090622491207607,0.0014139412943838154,147.06787049771037,0.02090622491207607,0.0014139412943838154,129.73019034478136,0,13.364414333202626,0
Burkholderia,R3,M2g,-6,3,FALSE,0.021197253255557755,0.0014022758472505173,149.50029402190134,0.021197253255557755,0.0014022758472505173,131.64578121891526,0,13.562540810400606,0
Burkholderia,R3,M0,-6,6,FALSE,0.02090622491207607,0.0014139412943838154,147.06787049771037,0.02090622491207607,0.0014139412943838154,129.73019034478136,0,13.364414333202626,0
Burkholderia,R3,M2g,-6,6,FALSE,0.021197253255557755,0.0014022758472505173,149.50029402190134,0.021197253255557755,0.0014022758472505173,131.64578121891526,0,13.562540810400606,0
Burkholderia,R3,M0,-3,-6,FALSE,0.020964353535037224,0.001409102016723845,138.71480634872387,0.02090622491207607,0.0014139412943838154,129.73019034478136,-0.3422544966465123,6.9256169131212015,0.27804456904880553
Burkholderia,R3,M2g,-3,-6,FALSE,0.020971364941069267,0.001408849984234572,138.7718469476457,0.021197253255557755,0.0014022758472505173,131.64578121891526,0.46881909839243957,5.413060458717197,-1.0656489865226366
Burkholderia,R3,M0,-3,-3,FALSE,0.020945407512500677,0.0014106451933634503,138.51986532405567,0.02090622491207607,0.0014139412943838154,129.73019034478136,-0.2331144180778396,6.775350406805204,0.1874207351609185
Burkholderia,R3,M2g,-3,-3,FALSE,0.02100390116112379,0.0014084224007811744,138.9746180107418,0.021197253255557755,0.0014022758472505173,131.64578121891526,0.4383269912769915,5.567088230225426,-0.9121563633876456
Burkholderia,R3,M0,-3,0,FALSE,0.02090622491207607,0.0014139412943838154,138.12727041851514,0.02090622491207607,0.0014139412943838154,129.73019034478136,0,6.47272624160731,0
Burkholderia,R3,M2g,-3,0,FALSE,0.021197253255557755,0.0014022758472505173,140.28928326486928,0.021197253255557755,0.0014022758472505173,131.64578121891526,0,6.565726577732594,0
Burkholderia,R3,M0,-3,3,FALSE,0.02090622491207607,0.0014139412943838154,138.12727041851514,0.02090622491207607,0.0014139412943838154,129.73019034478136,0,6.47272624160731,0
Burkholderia,R3,M2g,-3,3,FALSE,0.021197253255557755,0.0014022758472505173,140.28928326486928,0.021197253255557755,0.0014022758472505173,131.64578121891526,0,6.565726577732594,0
Burkholderia,R3,M0,-3,6,FALSE,0.02090622491207607,0.0014139412943838154,138.12727041851514,0.02090622491207607,0.0014139412943838154,129.73019034478136,0,6.47272624160731,0
Burkholderia,R3,M2g,-3,6,FALSE,0.021197253255557755,0.0014022758472505173,140.28928326486928,0.021197253255557755,0.0014022758472505173,131.64578121891526,0,6.565726577732594,0
Burkholderia,R3,M0,0,-6,FALSE,0.020964353535037224,0.001409102016723845,130.2592912301706,0.02090622491207607,0.0014139412943838154,129.73019034478136,-0.3422544966465123,0.4078471510625596,0.27804456904880553
Burkholderia,R3,M2g,0,-6,FALSE,0.020971364941069267,0.001408849984234572,130.31011385583687,0.021197253255557755,0.0014022758472505173,131.64578121891526,0.46881909839243957,-1.014591846933013,-1.0656489865226366
Burkholderia,R3,M0,0,-3,FALSE,0.020945407512500677,0.0014106451933634503,130.08362654406267,0.02090622491207607,0.0014139412943838154,129.73019034478136,-0.2331144180778396,0.27243943629619616,0.1874207351609185
Burkholderia,R3,M2g,0,-3,FALSE,0.02100390116112379,0.0014084224007811744,130.48778341908627,0.021197253255557755,0.0014022758472505173,131.64578121891526,0.4383269912769915,-0.8796315302374506,-0.9121563633876456
Burkholderia,R3,M0,0,0,TRUE,0.02090622491207607,0.0014139412943838154,129.73019034478136,0.02090622491207607,0.0014139412943838154,129.73019034478136,0,0,0
Burkholderia,R3,M2g,0,0,TRUE,0.021197253255557755,0.0014022758472505173,131.64578121891526,0.021197253255557755,0.0014022758472505173,131.64578121891526,0,0,0
Burkholderia,R3,M0,0,3,FALSE,0.02090622491207607,0.0014139412943838154,129.73019034478136,0.02090622491207607,0.0014139412943838154,129.73019034478136,0,0,0
Burkholderia,R3,M2g,0,3,FALSE,0.021197253255557755,0.0014022758472505173,131.64578121891526,0.021197253255557755,0.0014022758472505173,131.64578121891526,0,0,0
Burkholderia,R3,M0,0,6,FALSE,0.02090622491207607,0.0014139412943838154,129.73019034478136,0.02090622491207607,0.0014139412943838154,129.73019034478136,0,0,0
Burkholderia,R3,M2g,0,6,FALSE,0.021197253255557755,0.0014022758472505173,131.64578121891526,0.021197253255557755,0.0014022758472505173,131.64578121891526,0,0,0
Burkholderia,R3,M0,3,-6,FALSE,0.020962284732039312,0.0015007977649749693,130.24502162860406,0.02090622491207607,0.0014139412943838154,129.73019034478136,6.142862574008439,0.39684770557604554,0.2681489374528921
Burkholderia,R3,M2g,3,-6,FALSE,0.020969696020469508,0.0015005310045985904,130.29831860064672,0.021197253255557755,0.0014022758472505173,131.64578121891526,7.006835177310148,-1.0235516898394383,-1.0735222735926104
Burkholderia,R3,M0,3,-3,FALSE,0.020942640035371725,0.00150244267367941,130.06543229258307,0.02090622491207607,0.0014139412943838154,129.73019034478136,6.2591975810539475,0.25841475057636126,0.174183160512264
Burkholderia,R3,M2g,3,-3,FALSE,0.02099000171548273,0.0015006302562021931,130.39010133032582,0.021197253255557755,0.0014022758472505173,131.64578121891526,7.013913071705696,-0.9538322283958015,-0.9777282819446675
Burkholderia,R3,M0,3,0,FALSE,0.020901924386877196,0.0015059661602117688,129.7033479282022,0.02090622491207607,0.0014139412943838154,129.73019034478136,6.508393678965088,-0.020690955981666915,-0.020570548805244174
Burkholderia,R3,M2g,3,0,FALSE,0.021198962625182838,0.001493956339554599,131.64361732361377,0.021197253255557755,0.0014022758472505173,131.64578121891526,6.537978421566785,-0.0016437255196917336,0.008064109082788231
Burkholderia,R3,M0,3,3,FALSE,0.020901924386877196,0.0015059661602117688,129.7033479282022,0.02090622491207607,0.0014139412943838154,129.73019034478136,6.508393678965088,-0.020690955981666915,-0.020570548805244174
Burkholderia,R3,M2g,3,3,FALSE,0.021198962625182838,0.001493956339554599,131.64361732361377,0.021197253255557755,0.0014022758472505173,131.64578121891526,6.537978421566785,-0.0016437255196917336,0.008064109082788231
Burkholderia,R3,M0,3,6,FALSE,0.020901924386877196,0.0015059661602117688,129.7033479282022,0.02090622491207607,0.0014139412943838154,129.73019034478136,6.508393678965088,-0.020690955981666915,-0.020570548805244174
Burkholderia,R3,M2g,3,6,FALSE,0.021198962625182838,0.001493956339554599,131.64361732361377,0.021197253255557755,0.0014022758472505173,131.64578121891526,6.537978421566785,-0.0016437255196917336,0.008064109082788231
Burkholderia,R3,M0,6,-6,FALSE,0.020974604260196657,0.0015968301333182426,130.3299866910906,0.02090622491207607,0.0014139412943838154,129.73019034478136,12.934684039631831,0.4623413753692694,0.3270764971111082
Burkholderia,R3,M2g,6,-6,FALSE,0.020991302538274643,0.001596225556482907,130.4492106820831,0.021197253255557755,0.0014022758472505173,131.64578121891526,13.831066805626904,-0.9089319275961942,-0.9715915302805216
Burkholderia,R3,M0,6,-3,FALSE,0.02095234804942751,0.0015987413510656764,130.12925765408986,0.02090622491207607,0.0014139412943838154,129.73019034478136,13.069853565765996,0.30761329205476295,0.22061915790831854
Burkholderia,R3,M2g,6,-3,FALSE,0.02107086651331506,0.0015941862822224846,130.93661730879967,0.021197253255557755,0.0014022758472505173,131.64578121891526,13.685640763780652,-0.5386909504804528,-0.5962411295414227
Burkholderia,R3,M0,6,0,FALSE,0.020908383181251017,0.0016026483956959423,129.74375779331797,0.02090622491207607,0.0014139412943838154,129.73019034478136,13.346176539413111,0.010458204447667391,0.010323571969713397
Burkholderia,R3,M2g,6,0,FALSE,0.021288334450036153,0.0015871926940920584,132.20981417261248,0.021197253255557755,0.0014022758472505173,131.64578121891526,13.18690949459858,0.4284474203995075,0.42968394716196395
Burkholderia,R3,M0,6,3,FALSE,0.020908383181251017,0.0016026483956959423,129.74375779331797,0.02090622491207607,0.0014139412943838154,129.73019034478136,13.346176539413111,0.010458204447667391,0.010323571969713397
Burkholderia,R3,M2g,6,3,FALSE,0.021288334450036153,0.0015871926940920584,132.20981417261248,0.021197253255557755,0.0014022758472505173,131.64578121891526,13.18690949459858,0.4284474203995075,0.42968394716196395
Burkholderia,R3,M0,6,6,FALSE,0.020908383181251017,0.0016026483956959423,129.74375779331797,0.02090622491207607,0.0014139412943838154,129.73019034478136,13.346176539413111,0.010458204447667391,0.010323571969713397
Burkholderia,R3,M2g,6,6,FALSE,0.021288334450036153,0.0015871926940920584,132.20981417261248,0.021197253255557755,0.0014022758472505173,131.64578121891526,13.18690949459858,0.4284474203995075,0.42968394716196395
Burkholderia,R4,M0,-6,-6,FALSE,0.02077455537074808,0.0013833815652030948,141.49699428560484,0.02075222150130871,0.00138522155435472,124.71821621358848,-0.13282995386844987,13.453349944711814,0.10762158373243133
Burkholderia,R4,M2g,-6,-6,FALSE,0.02087422453940345,0.0013797667770559696,142.36031242318245,0.02092854010081859,0.0013780981036869862,125.81790507563868,0.12108523801890678,13.147896030854175,-0.25952866828496474
Burkholderia,R4,M0,-6,-3,FALSE,0.020772696940135203,0.0013835179472359588,141.47518202080894,0.02075222150130871,0.00138522155435472,124.71821621358848,-0.12298445063935703,13.435860707407022,0.09866625038288174
Burkholderia,R4,M2g,-6,-3,FALSE,0.020851527741636785,0.0013804973897982849,142.12836275082222,0.02092854010081859,0.0013780981036869862,125.81790507563868,0.17410125628063491,12.963542562068643,-0.36797769367004934
Burkholderia,R4,M0,-6,0,FALSE,0.02075222150130871,0.00138522155435472,141.25549209039917,0.02075222150130871,0.00138522155435472,124.71821621358848,0,13.259711675549848,0
Burkholderia,R4,M2g,-6,0,FALSE,0.02092854010081859,0.0013780981036869862,142.65182975174406,0.02092854010081859,0.0013780981036869862,125.81790507563868,0,13.379593839195808,0
Burkholderia,R4,M0,-6,3,FALSE,0.02075222150130871,0.00138522155435472,141.25549209039917,0.02075222150130871,0.00138522155435472,124.71821621358848,0,13.259711675549848,0
Burkholderia,R4,M2g,-6,3,FALSE,0.02092854010081859,0.0013780981036869862,142.65182975174406,0.02092854010081859,0.0013780981036869862,125.81790507563868,0,13.379593839195808,0
Burkholderia,R4,M0,-6,6,FALSE,0.02075222150130871,0.00138522155435472,141.25549209039917,0.02075222150130871,0.00138522155435472,124.71821621358848,0,13.259711675549848,0
Burkholderia,R4,M2g,-6,6,FALSE,0.02092854010081859,0.0013780981036869862,142.65182975174406,0.02092854010081859,0.0013780981036869862,125.81790507563868,0,13.379593839195808,0
Burkholderia,R4,M0,-3,-6,FALSE,0.02077455537074808,0.0013833815652030948,132.94756587510895,0.02075222150130871,0.00138522155435472,124.71821621358848,-0.13282995386844987,6.598354203067777,0.10762158373243133
Burkholderia,R4,M2g,-3,-6,FALSE,0.02087422453940345,0.0013797667770559696,133.71873234962985,0.02092854010081859,0.0013780981036869862,125.81790507563868,0.12108523801890678,6.279573061752525,-0.25952866828496474
Burkholderia,R4,M0,-3,-3,FALSE,0.020772696940135203,0.0013835179472359588,132.92781264438509,0.02075222150130871,0.00138522155435472,124.71821621358848,-0.12298445063935703,6.582515914705766,0.09866625038288174
Burkholderia,R4,M2g,-3,-3,FALSE,0.020851527741636785,0.0013804973897982849,133.50995296173573,0.02092854010081859,0.0013780981036869862,125.81790507563868,0.17410125628063491,6.113635321993944,-0.36797769367004934
Burkholderia,R4,M0,-3,0,FALSE,0.02075222150130871,0.00138522155435472,132.72954834507362,0.02075222150130871,0.00138522155435472,124.71821621358848,0,6.423546114358461,0
Burkholderia,R4,M2g,-3,0,FALSE,0.02092854010081859,0.0013780981036869862,133.97072207975557,0.02092854010081859,0.0013780981036869862,125.81790507563868,0,6.4798543571486285,0
Burkholderia,R4,M0,-3,3,FALSE,0.02075222150130871,0.00138522155435472,132.72954834507362,0.02075222150130871,0.00138522155435472,124.71821621358848,0,6.423546114358461,0
Burkholderia,R4,M2g,-3,3,FALSE,0.02092854010081859,0.0013780981036869862,133.97072207975557,0.02092854010081859,0.0013780981036869862,125.81790507563868,0,6.4798543571486285,0
Burkholderia,R4,M0,-3,6,FALSE,0.02075222150130871,0.00138522155435472,132.72954834507362,0.02075222150130871,0.00138522155435472,124.71821621358848,0,6.423546114358461,0
Burkholderia,R4,M2g,-3,6,FALSE,0.02092854010081859,0.0013780981036869862,133.97072207975557,0.02092854010081859,0.0013780981036869862,125.81790507563868,0,6.4798543571486285,0
Burkholderia,R4,M0,0,-6,FALSE,0.02077455537074808,0.0013833815652030948,124.91470480595643,0.02075222150130871,0.00138522155435472,124.71821621358848,-0.13282995386844987,0.15754602521852612,0.10762158373243133
Burkholderia,R4,M2g,0,-6,FALSE,0.02087422453940345,0.0013797667770559696,125.60171495015753,0.02092854010081859,0.0013780981036869862,125.81790507563868,0.12108523801890678,-0.17182778981352453,-0.25952866828496474
Burkholderia,R4,M0,0,-3,FALSE,0.020772696940135203,0.0013835179472359588,124.89684142496299,0.02075222150130871,0.00138522155435472,124.71821621358848,-0.12298445063935703,0.1432230325268615,0.09866625038288174
Burkholderia,R4,M2g,0,-3,FALSE,0.020851527741636785,0.0013804973897982849,125.41414813238441,0.02092854010081859,0.0013780981036869862,125.81790507563868,0.17410125628063491,-0.32090579080261783,-0.36797769367004934
Burkholderia,R4,M0,0,0,TRUE,0.02075222150130871,0.00138522155435472,124.71821621358848,0.02075222150130871,0.00138522155435472,124.71821621358848,0,0,0
Burkholderia,R4,M2g,0,0,TRUE,0.02092854010081859,0.0013780981036869862,125.81790507563868,0.02092854010081859,0.0013780981036869862,125.81790507563868,0,0,0
Burkholderia,R4,M0,0,3,FALSE,0.02075222150130871,0.00138522155435472,124.71821621358848,0.02075222150130871,0.00138522155435472,124.71821621358848,0,0,0
Burkholderia,R4,M2g,0,3,FALSE,0.02092854010081859,0.0013780981036869862,125.81790507563868,0.02092854010081859,0.0013780981036869862,125.81790507563868,0,0,0
Burkholderia,R4,M0,0,6,FALSE,0.02075222150130871,0.00138522155435472,124.71821621358848,0.02075222150130871,0.00138522155435472,124.71821621358848,0,0,0
Burkholderia,R4,M2g,0,6,FALSE,0.02092854010081859,0.0013780981036869862,125.81790507563868,0.02092854010081859,0.0013780981036869862,125.81790507563868,0,0,0
Burkholderia,R4,M0,3,-6,FALSE,0.020788563693745557,0.001470800323197528,125.00607205379461,0.02075222150130871,0.00138522155435472,124.71821621358848,6.177984205759294,0.23080496894949298,0.1751243472153286
Burkholderia,R4,M2g,3,-6,FALSE,0.02099189195036465,0.0014633921713098083,126.4007888567761,0.02092854010081859,0.0013780981036869862,125.81790507563868,6.189259487015111,0.46327570053484046,0.3027055362718957
Burkholderia,R4,M0,3,-3,FALSE,0.02078497363239139,0.0014710833283997611,124.97313222997147,0.02075222150130871,0.00138522155435472,124.71821621358848,6.1984145261902395,0.20439357146227247,0.1578246988189406
Burkholderia,R4,M2g,3,-3,FALSE,0.020949087584230672,0.0014647548285928991,126.04418752023348,0.02092854010081859,0.0013780981036869862,125.81790507563868,6.288139042791664,0.179849159353564,0.09817924859116292
Burkholderia,R4,M0,3,0,FALSE,0.020762138990346,0.0014730364109981902,124.77667521450546,0.02075222150130871,0.00138522155435472,124.71821621358848,6.3394087658690195,0.04687286484026354,0.04779001147738605
Burkholderia,R4,M2g,3,0,FALSE,0.02101850921676988,0.0014625956761507215,126.36625727793685,0.02092854010081859,0.0013780981036869862,125.81790507563868,6.1314627919209155,0.4358300211472444,0.4298872043529375
Burkholderia,R4,M0,3,3,FALSE,0.020762138990346,0.0014730364109981902,124.77667521450546,0.02075222150130871,0.00138522155435472,124.71821621358848,6.3394087658690195,0.04687286484026354,0.04779001147738605
Burkholderia,R4,M2g,3,3,FALSE,0.02101850921676988,0.0014625956761507215,126.36625727793685,0.02092854010081859,0.0013780981036869862,125.81790507563868,6.1314627919209155,0.4358300211472444,0.4298872043529375
Burkholderia,R4,M0,3,6,FALSE,0.020762138990346,0.0014730364109981902,124.77667521450546,0.02075222150130871,0.00138522155435472,124.71821621358848,6.3394087658690195,0.04687286484026354,0.04779001147738605
Burkholderia,R4,M2g,3,6,FALSE,0.02101850921676988,0.0014625956761507215,126.36625727793685,0.02092854010081859,0.0013780981036869862,125.81790507563868,6.1314627919209155,0.4358300211472444,0.4298872043529375
Burkholderia,R4,M0,6,-6,FALSE,0.02076430965607291,0.0015681827415385998,124.84836115135666,0.02075222150130871,0.00138522155435472,124.71821621358848,13.20808116280785,0.10435118599298841,0.05824993128295223
Burkholderia,R4,M2g,6,-6,FALSE,0.020820398123352422,0.0015661279222369655,125.2285047962806,0.02092854010081859,0.0013780981036869862,125.81790507563868,13.644153347785704,-0.4684550096456786,-0.5167201197274927
Burkholderia,R4,M0,6,-3,FALSE,0.02076356127956102,0.0015682292064773872,124.84047481339124,0.02075222150130871,0.00138522155435472,124.71821621358848,13.211435495451704,0.09802786113729074,0.054643683576689805
Burkholderia,R4,M2g,6,-3,FALSE,0.02080562225647817,0.0015665956774854961,125.11188026233853,0.02092854010081859,0.0013780981036869862,125.81790507563868,13.678095434149458,-0.5611481234532569,-0.5873216370959838
Burkholderia,R4,M0,6,0,FALSE,0.02074225053928649,0.0015701024913242433,124.65974657621436,0.02075222150130871,0.00138522155435472,124.71821621358848,13.346669086133787,-0.046881393231269,-0.04804768502298191
Burkholderia,R4,M2g,6,0,FALSE,0.020896552795710333,0.0015637626960238807,125.60661161582003,0.02092854010081859,0.0013780981036869862,125.81790507563868,13.472523606277694,-0.16793592270640967,-0.1528405944904116
Burkholderia,R4,M0,6,3,FALSE,0.02074225053928649,0.0015701024913242433,124.65974657621436,0.02075222150130871,0.00138522155435472,124.71821621358848,13.346669086133787,-0.046881393231269,-0.04804768502298191
Burkholderia,R4,M2g,6,3,FALSE,0.020896552795710333,0.0015637626960238807,125.60661161582003,0.02092854010081859,0.0013780981036869862,125.81790507563868,13.472523606277694,-0.16793592270640967,-0.1528405944904116
Burkholderia,R4,M0,6,6,FALSE,0.02074225053928649,0.0015701024913242433,124.65974657621436,0.02075222150130871,0.00138522155435472,124.71821621358848,13.346669086133787,-0.046881393231269,-0.04804768502298191
Burkholderia,R4,M2g,6,6,FALSE,0.020896552795710333,0.0015637626960238807,125.60661161582003,0.02092854010081859,0.0013780981036869862,125.81790507563868,13.472523606277694,-0.16793592270640967,-0.1528405944904116
Burkholderia,R5,M0,-6,-6,FALSE,0.022036185685372692,0.0013058473516922946,131.13183131921065,0.02204622666471412,0.00130514474048356,114.97711396217858,0.053833968520176606,14.050376462176743,-0.045545115244132676
Burkholderia,R5,M2g,-6,-6,FALSE,0.022283550480571155,0.0012980072297717113,133.22573977487164,0.02214052105550024,0.001301787298602494,115.55161042927946,-0.2903753043865744,15.29544182026714,0.6460074932851835
Burkholderia,R5,M0,-6,-3,FALSE,0.022051265909847226,0.001304771647872699,131.28884433037788,0.02204622666471412,0.00130514474048356,114.97711396217858,-0.028586301525661835,14.186936692083789,0.022857630966718324
Burkholderia,R5,M2g,-6,-3,FALSE,0.02213877262025298,0.0013018285017178883,131.9970454293647,0.02214052105550024,0.001301787298602494,115.55161042927946,0.0031651188668390647,14.232112334038188,-0.007896992319549873
Burkholderia,R5,M0,-6,0,FALSE,0.02204622666471412,0.00130514474048356,131.2377363170878,0.02204622666471412,0.00130514474048356,114.97711396217858,0,14.142486095326866,0
Burkholderia,R5,M2g,-6,0,FALSE,0.02214052105550024,0.001301787298602494,131.96812287270504,0.02214052105550024,0.001301787298602494,115.55161042927946,0,14.20708234393055,0
Burkholderia,R5,M0,-6,3,FALSE,0.02204622666471412,0.00130514474048356,131.2377363170878,0.02204622666471412,0.00130514474048356,114.97711396217858,0,14.142486095326866,0
Burkholderia,R5,M2g,-6,3,FALSE,0.02214052105550024,0.001301787298602494,131.96812287270504,0.02214052105550024,0.001301787298602494,115.55161042927946,0,14.20708234393055,0
Burkholderia,R5,M0,-6,6,FALSE,0.02204622666471412,0.00130514474048356,131.2377363170878,0.02204622666471412,0.00130514474048356,114.97711396217858,0,14.142486095326866,0
Burkholderia,R5,M2g,-6,6,FALSE,0.02214052105550024,0.001301787298602494,131.96812287270504,0.02214052105550024,0.001301787298602494,115.55161042927946,0,14.20708234393055,0
Burkholderia,R5,M0,-3,-6,FALSE,0.022036185685372692,0.0013058473516922946,122.7432292221044,0.02204622666471412,0.00130514474048356,114.97711396217858,0.053833968520176606,6.754487908333191,-0.045545115244132676
Burkholderia,R5,M2g,-3,-6,FALSE,0.022283550480571155,0.0012980072297717113,124.61068156799043,0.02214052105550024,0.001301787298602494,115.55161042927946,-0.2903753043865744,7.839848449585517,0.6460074932851835
Burkholderia,R5,M0,-3,-3,FALSE,0.022051265909847226,0.001304771647872699,122.88463848303503,0.02204622666471412,0.00130514474048356,114.97711396217858,-0.028586301525661835,6.877476958986477,0.022857630966718324
Burkholderia,R5,M2g,-3,-3,FALSE,0.02213877262025298,0.0013018285017178883,123.51507598418937,0.02214052105550024,0.001301787298602494,115.55161042927946,0.0031651188668390647,6.891695862416168,-0.007896992319549873
Burkholderia,R5,M0,-3,0,FALSE,0.02204622666471412,0.00130514474048356,122.83865908038949,0.02204622666471412,0.00130514474048356,114.97711396217858,0,6.837486911349113,0
Burkholderia,R5,M2g,-3,0,FALSE,0.02214052105550024,0.001301787298602494,123.48736422513068,0.02214052105550024,0.001301787298602494,115.55161042927946,0,6.867713713698604,0
Burkholderia,R5,M0,-3,3,FALSE,0.02204622666471412,0.00130514474048356,122.83865908038949,0.02204622666471412,0.00130514474048356,114.97711396217858,0,6.837486911349113,0
Burkholderia,R5,M2g,-3,3,FALSE,0.02214052105550024,0.001301787298602494,123.48736422513068,0.02214052105550024,0.001301787298602494,115.55161042927946,0,6.867713713698604,0
Burkholderia,R5,M0,-3,6,FALSE,0.02204622666471412,0.00130514474048356,122.83865908038949,0.02204622666471412,0.00130514474048356,114.97711396217858,0,6.837486911349113,0
Burkholderia,R5,M2g,-3,6,FALSE,0.02214052105550024,0.001301787298602494,123.48736422513068,0.02214052105550024,0.001301787298602494,115.55161042927946,0,6.867713713698604,0
Burkholderia,R5,M0,0,-6,FALSE,0.022036185685372692,0.0013058473516922946,114.89125232450661,0.02204622666471412,0.00130514474048356,114.97711396217858,0.053833968520176606,-0.07467715505558092,-0.045545115244132676
Burkholderia,R5,M2g,0,-6,FALSE,0.022283550480571155,0.0012980072297717113,116.55271711816674,0.02214052105550024,0.001301787298602494,115.55161042927946,-0.2903753043865744,0.866371905305447,0.6460074932851835
Burkholderia,R5,M0,0,-3,FALSE,0.022051265909847226,0.001304771647872699,115.01841190030326,0.02204622666471412,0.00130514474048356,114.97711396217858,-0.028586301525661835,0.035918398628678815,0.022857630966718324
Burkholderia,R5,M2g,0,-3,FALSE,0.02213877262025298,0.0013018285017178883,115.5781475695527,0.02214052105550024,0.001301787298602494,115.55161042927946,0.0031651188668390647,0.0229656169867711,-0.007896992319549873
Burkholderia,R5,M0,0,0,TRUE,0.02204622666471412,0.00130514474048356,114.97711396217858,0.02204622666471412,0.00130514474048356,114.97711396217858,0,0,0
Burkholderia,R5,M2g,0,0,TRUE,0.02214052105550024,0.001301787298602494,115.55161042927946,0.02214052105550024,0.001301787298602494,115.55161042927946,0,0,0
Burkholderia,R5,M0,0,3,FALSE,0.02204622666471412,0.00130514474048356,114.97711396217858,0.02204622666471412,0.00130514474048356,114.97711396217858,0,0,0
Burkholderia,R5,M2g,0,3,FALSE,0.02214052105550024,0.001301787298602494,115.55161042927946,0.02214052105550024,0.001301787298602494,115.55161042927946,0,0,0
Burkholderia,R5,M0,0,6,FALSE,0.02204622666471412,0.00130514474048356,114.97711396217858,0.02204622666471412,0.00130514474048356,114.97711396217858,0,0,0
Burkholderia,R5,M2g,0,6,FALSE,0.02214052105550024,0.001301787298602494,115.55161042927946,0.02214052105550024,0.001301787298602494,115.55161042927946,0,0,0
Burkholderia,R5,M0,3,-6,FALSE,0.022056025611806886,0.001393170540901397,115.01786399920974,0.02204622666471412,0.00130514474048356,114.97711396217858,6.744524012350023,0.03544186806129449,0.04444727545349413
Burkholderia,R5,M2g,3,-6,FALSE,0.022469817188075544,0.0013800045168399645,117.79025278586234,0.02214052105550024,0.001301787298602494,115.55161042927946,6.008448409462808,1.937352796959051,1.487300735831145
Burkholderia,R5,M0,3,-3,FALSE,0.02206934826895244,0.0013921940910810288,115.12881807593324,0.02204622666471412,0.00130514474048356,114.97711396217858,6.669708569274611,0.1319428784797677,0.10487783052383796
Burkholderia,R5,M2g,3,-3,FALSE,0.022284488189745516,0.0013849151654286972,116.49985495516256,0.02214052105550024,0.001301787298602494,115.55161042927946,6.385671984620169,0.8206242408568141,0.6502427557345652
Burkholderia,R5,M0,3,0,FALSE,0.022061790534743476,0.0013927699150233295,115.06767865504385,0.02204622666471412,0.00130514474048356,114.97711396217858,6.713828115899561,0.07876758229908475,0.07059652550097328
Burkholderia,R5,M2g,3,0,FALSE,0.022265149868433514,0.0013854718230101887,116.30116638761031,0.02214052105550024,0.001301787298602494,115.55161042927946,6.428433008797398,0.6486763408542819,0.5628991866129257
Burkholderia,R5,M0,3,3,FALSE,0.022061790534743476,0.0013927699150233295,115.06767865504385,0.02204622666471412,0.00130514474048356,114.97711396217858,6.713828115899561,0.07876758229908475,0.07059652550097328
Burkholderia,R5,M2g,3,3,FALSE,0.022265149868433514,0.0013854718230101887,116.30116638761031,0.02214052105550024,0.001301787298602494,115.55161042927946,6.428433008797398,0.6486763408542819,0.5628991866129257
Burkholderia,R5,M0,3,6,FALSE,0.022061790534743476,0.0013927699150233295,115.06767865504385,0.02204622666471412,0.00130514474048356,114.97711396217858,6.713828115899561,0.07876758229908475,0.07059652550097328
Burkholderia,R5,M2g,3,6,FALSE,0.022265149868433514,0.0013854718230101887,116.30116638761031,0.02214052105550024,0.001301787298602494,115.55161042927946,6.428433008797398,0.6486763408542819,0.5628991866129257
Burkholderia,R5,M0,6,-6,FALSE,0.022027034309880244,0.0014913592560932003,114.83407746923183,0.02204622666471412,0.00130514474048356,114.97711396217858,14.267729075063915,-0.1244043166658368,-0.08705505538774778
Burkholderia,R5,M2g,6,-6,FALSE,0.022290824644388658,0.0014829236728998013,116.57945690750337,0.02214052105550024,0.001301787298602494,115.55161042927946,13.91443705832453,0.8895128976614093,0.6788620218632077
Burkholderia,R5,M0,6,-3,FALSE,0.02204489084458856,0.0014900111625664144,114.98048682719867,0.02204622666471412,0.00130514474048356,114.97711396217858,14.164438345310337,0.0029335098993757427,-0.006059178043820943
Burkholderia,R5,M2g,6,-3,FALSE,0.022123049070894473,0.0014873482847114752,115.47280826123419,0.02214052105550024,0.001301787298602494,115.55161042927946,14.254324520463992,-0.06819651214943513,-0.07891406241961976
Burkholderia,R5,M0,6,0,FALSE,0.02204010620459577,0.0014903867765837602,114.94235759655461,0.02204622666471412,0.00130514474048356,114.97711396217858,14.193217836633778,-0.030228942461884987,-0.027761939543804404
Burkholderia,R5,M2g,6,0,FALSE,0.02212005320764059,0.0014874919526837972,115.42201990420533,0.02214052105550024,0.001301787298602494,115.55161042927946,14.265360729872103,-0.11214947553971852,-0.09244519498137801
Burkholderia,R5,M0,6,3,FALSE,0.02204010620459577,0.0014903867765837602,114.94235759655461,0.02204622666471412,0.00130514474048356,114.97711396217858,14.193217836633778,-0.030228942461884987,-0.027761939543804404
Burkholderia,R5,M2g,6,3,FALSE,0.02212005320764059,0.0014874919526837972,115.42201990420533,0.02214052105550024,0.001301787298602494,115.55161042927946,14.265360729872103,-0.11214947553971852,-0.09244519498137801
Burkholderia,R5,M0,6,6,FALSE,0.02204010620459577,0.0014903867765837602,114.94235759655461,0.02204622666471412,0.00130514474048356,114.97711396217858,14.193217836633778,-0.030228942461884987,-0.027761939543804404
Burkholderia,R5,M2g,6,6,FALSE,0.02212005320764059,0.0014874919526837972,115.42201990420533,0.02214052105550024,0.001301787298602494,115.55161042927946,14.265360729872103,-0.11214947553971852,-0.09244519498137801
Buttiauxella,R1,M0,-6,-6,FALSE,0.021714653835635953,0.0012470901444115341,126.1075977737321,0.021649771272688655,0.001251887044945239,110.18775259042813,-0.3831735900673675,14.447926206897606,0.29969167863287527
Buttiauxella,R1,M2g,-6,-6,FALSE,0.022194493611823025,0.0012319281652438973,130.07874872457663,0.0223376408540949,0.001227588926722694,114.30612135691638,0.35347651210799463,13.798585045511988,-0.6408342009207045
Buttiauxella,R1,M0,-6,-3,FALSE,0.021738872806328784,0.0012453920584798081,126.35449514595848,0.021649771272688655,0.001251887044945239,110.18775259042813,-0.5188156944075615,14.671995911943785,0.4115587759235683
Buttiauxella,R1,M2g,-6,-3,FALSE,0.02194523585044442,0.0012384812945386906,127.98331035823244,0.0223376408540949,0.001227588926722694,114.30612135691638,0.8872976595737193,11.965403811235602,-1.7566985081978614
Buttiauxella,R1,M0,-6,0,FALSE,0.021649771272688655,0.001251887044945239,125.47222008446056,0.021649771272688655,0.001251887044945239,110.18775259042813,0,13.871294345066957,0
Buttiauxella,R1,M2g,-6,0,FALSE,0.0223376408540949,0.001227588926722694,130.7001763196145,0.0223376408540949,0.001227588926722694,114.30612135691638,0,14.342237115638227,0
Buttiauxella,R1,M0,-6,3,FALSE,0.021649771272688655,0.001251887044945239,125.47222008446056,0.021649771272688655,0.001251887044945239,110.18775259042813,0,13.871294345066957,0
Buttiauxella,R1,M2g,-6,3,FALSE,0.0223376408540949,0.001227588926722694,130.7001763196145,0.0223376408540949,0.001227588926722694,114.30612135691638,0,14.342237115638227,0
Buttiauxella,R1,M0,-6,6,FALSE,0.021649771272688655,0.001251887044945239,125.47222008446056,0.021649771272688655,0.001251887044945239,110.18775259042813,0,13.871294345066957,0
Buttiauxella,R1,M2g,-6,6,FALSE,0.0223376408540949,0.001227588926722694,130.7001763196145,0.0223376408540949,0.001227588926722694,114.30612135691638,0,14.342237115638227,0
Buttiauxella,R1,M0,-3,-6,FALSE,0.021714653835635953,0.0012470901444115341,118.1543158606622,0.021649771272688655,0.001251887044945239,110.18775259042813,-0.3831735900673675,7.22998979736529,0.29969167863287527
Buttiauxella,R1,M2g,-3,-6,FALSE,0.022194493611823025,0.0012319281652438973,121.69970130576151,0.0223376408540949,0.001227588926722694,114.30612135691638,0.35347651210799463,6.468227476426189,-0.6408342009207045
Buttiauxella,R1,M0,-3,-3,FALSE,0.021738872806328784,0.0012453920584798081,118.37704082779197,0.021649771272688655,0.001251887044945239,110.18775259042813,-0.5188156944075615,7.432122032476441,0.4115587759235683
Buttiauxella,R1,M2g,-3,-3,FALSE,0.02194523585044442,0.0012384812945386906,119.82881229242535,0.0223376408540949,0.001227588926722694,114.30612135691638,0.8872976595737193,4.831491848336443,-1.7566985081978614
Buttiauxella,R1,M0,-3,0,FALSE,0.021649771272688655,0.001251887044945239,117.58189462514319,0.021649771272688655,0.001251887044945239,110.18775259042813,0,6.7104935538519905,0
Buttiauxella,R1,M2g,-3,0,FALSE,0.0223376408540949,0.001227588926722694,122.22859819109527,0.0223376408540949,0.001227588926722694,114.30612135691638,0,6.930929630130018,0
Buttiauxella,R1,M0,-3,3,FALSE,0.021649771272688655,0.001251887044945239,117.58189462514319,0.021649771272688655,0.001251887044945239,110.18775259042813,0,6.7104935538519905,0
Buttiauxella,R1,M2g,-3,3,FALSE,0.0223376408540949,0.001227588926722694,122.22859819109527,0.0223376408540949,0.001227588926722694,114.30612135691638,0,6.930929630130018,0
Buttiauxella,R1,M0,-3,6,FALSE,0.021649771272688655,0.001251887044945239,117.58189462514319,0.021649771272688655,0.001251887044945239,110.18775259042813,0,6.7104935538519905,0
Buttiauxella,R1,M2g,-3,6,FALSE,0.0223376408540949,0.001227588926722694,122.22859819109527,0.0223376408540949,0.001227588926722694,114.30612135691638,0,6.930929630130018,0
Buttiauxella,R1,M0,0,-6,FALSE,0.021714653835635953,0.0012470901444115341,110.70262698643728,0.021649771272688655,0.001251887044945239,110.18775259042813,-0.3831735900673675,0.46727007666900583,0.29969167863287527
Buttiauxella,R1,M2g,0,-6,FALSE,0.022194493611823025,0.0012319281652438973,113.86039182519654,0.0223376408540949,0.001227588926722694,114.30612135691638,0.35347651210799463,-0.38994371117541593,-0.6408342009207045
Buttiauxella,R1,M0,0,-3,FALSE,0.021738872806328784,0.0012453920584798081,110.90324708240452,0.021649771272688655,0.001251887044945239,110.18775259042813,-0.5188156944075615,0.6493412154760115,0.4115587759235683
Buttiauxella,R1,M2g,0,-3,FALSE,0.02194523585044442,0.0012384812945386906,112.19388071164762,0.0223376408540949,0.001227588926722694,114.30612135691638,0.8872976595737193,-1.8478806035884703,-1.7566985081978614
Buttiauxella,R1,M0,0,0,TRUE,0.021649771272688655,0.001251887044945239,110.18775259042813,0.021649771272688655,0.001251887044945239,110.18775259042813,0,0,0
Buttiauxella,R1,M2g,0,0,TRUE,0.0223376408540949,0.001227588926722694,114.30612135691638,0.0223376408540949,0.001227588926722694,114.30612135691638,0,0,0
Buttiauxella,R1,M0,0,3,FALSE,0.021649771272688655,0.001251887044945239,110.18775259042813,0.021649771272688655,0.001251887044945239,110.18775259042813,0,0,0
Buttiauxella,R1,M2g,0,3,FALSE,0.0223376408540949,0.001227588926722694,114.30612135691638,0.0223376408540949,0.001227588926722694,114.30612135691638,0,0,0
Buttiauxella,R1,M0,0,6,FALSE,0.021649771272688655,0.001251887044945239,110.18775259042813,0.021649771272688655,0.001251887044945239,110.18775259042813,0,0,0
Buttiauxella,R1,M2g,0,6,FALSE,0.0223376408540949,0.001227588926722694,114.30612135691638,0.0223376408540949,0.001227588926722694,114.30612135691638,0,0,0
Buttiauxella,R1,M0,3,-6,FALSE,0.021662250007598752,0.001336621480372464,110.42395172089776,0.021649771272688655,0.001251887044945239,110.18775259042813,6.7685368076423815,0.21436060262304255,0.05763910737403432
Buttiauxella,R1,M2g,3,-6,FALSE,0.021849011499557872,0.0013306621104191155,111.634062398047,0.0223376408540949,0.001227588926722694,114.30612135691638,8.396392428497787,-2.3376341766736815,-2.1874707258866786
Buttiauxella,R1,M0,3,-3,FALSE,0.021694247335818408,0.001334302837576998,110.68486968169887,0.021649771272688655,0.001251887044945239,110.18775259042813,6.583324986429915,0.4511545789653594,0.2054343326290007
Buttiauxella,R1,M2g,3,-3,FALSE,0.021700338719339116,0.0013340968256455223,110.7224951786907,0.0223376408540949,0.001227588926722694,114.30612135691638,8.676186026471704,-3.1351130942812233,-2.853041370476491
Buttiauxella,R1,M0,3,0,FALSE,0.02160646334073227,0.0013409119762322376,109.99006792153845,0.021649771272688655,0.001251887044945239,110.18775259042813,7.1112590905430055,-0.17940711580213417,-0.2000387505756989
Buttiauxella,R1,M2g,3,0,FALSE,0.022096744040315294,0.0013233656188482495,112.89126818650882,0.0223376408540949,0.001227588926722694,114.30612135691638,7.802016623044287,-1.237775504594133,-1.0784344477247974
Buttiauxella,R1,M0,3,3,FALSE,0.02160646334073227,0.0013409119762322376,109.99006792153845,0.021649771272688655,0.001251887044945239,110.18775259042813,7.1112590905430055,-0.17940711580213417,-0.2000387505756989
Buttiauxella,R1,M2g,3,3,FALSE,0.022096744040315294,0.0013233656188482495,112.89126818650882,0.0223376408540949,0.001227588926722694,114.30612135691638,7.802016623044287,-1.237775504594133,-1.0784344477247974
Buttiauxella,R1,M0,3,6,FALSE,0.02160646334073227,0.0013409119762322376,109.99006792153845,0.021649771272688655,0.001251887044945239,110.18775259042813,7.1112590905430055,-0.17940711580213417,-0.2000387505756989
Buttiauxella,R1,M2g,3,6,FALSE,0.022096744040315294,0.0013233656188482495,112.89126818650882,0.0223376408540949,0.001227588926722694,114.30612135691638,7.802016623044287,-1.237775504594133,-1.0784344477247974
Buttiauxella,R1,M0,6,-6,FALSE,0.02165986176490291,0.0014266065686784981,110.40939000175766,0.021649771272688655,0.001251887044945239,110.18775259042813,13.956492675495477,0.2011452326769553,0.04660784673963502
Buttiauxella,R1,M2g,6,-6,FALSE,0.02185631293518037,0.0014203115634961714,111.67296801656254,0.0223376408540949,0.001227588926722694,114.30612135691638,15.699281133790523,-2.3035978380649667,-2.1547840349769753
Buttiauxella,R1,M0,6,-3,FALSE,0.02169380443085604,0.0014240780803964996,110.6823895753397,0.021649771272688655,0.001251887044945239,110.18775259042813,13.754518520382376,0.44890377858068226,0.2033885606123353
Buttiauxella,R1,M2g,6,-3,FALSE,0.021705894603915993,0.0014236668649951236,110.75651909544405,0.0223376408540949,0.001227588926722694,114.30612135691638,15.97260565032146,-3.105347482125508,-2.828169072577318
Buttiauxella,R1,M0,6,0,FALSE,0.02160173345367378,0.0014312108730907824,109.96369195918018,0.021649771272688655,0.001251887044945239,110.18775259042813,14.32428180079038,-0.2033444062343234,-0.2218860347752224
Buttiauxella,R1,M2g,6,0,FALSE,0.0221222629895416,0.0014124322300292447,113.02251235638641,0.0223376408540949,0.001227588926722694,114.30612135691638,15.057426739749818,-1.1229573580945373,-0.9641925302681057
Buttiauxella,R1,M0,6,3,FALSE,0.02160173345367378,0.0014312108730907824,109.96369195918018,0.021649771272688655,0.001251887044945239,110.18775259042813,14.32428180079038,-0.2033444062343234,-0.2218860347752224
Buttiauxella,R1,M2g,6,3,FALSE,0.0221222629895416,0.0014124322300292447,113.02251235638641,0.0223376408540949,0.001227588926722694,114.30612135691638,15.057426739749818,-1.1229573580945373,-0.9641925302681057
Buttiauxella,R1,M0,6,6,FALSE,0.02160173345367378,0.0014312108730907824,109.96369195918018,0.021649771272688655,0.001251887044945239,110.18775259042813,14.32428180079038,-0.2033444062343234,-0.2218860347752224
Buttiauxella,R1,M2g,6,6,FALSE,0.0221222629895416,0.0014124322300292447,113.02251235638641,0.0223376408540949,0.001227588926722694,114.30612135691638,15.057426739749818,-1.1229573580945373,-0.9641925302681057
Buttiauxella,R2,M0,-6,-6,FALSE,0.024434260579711754,0.0015494539552188334,149.71698480052382,0.02444709978164981,0.00154856277118677,129.41401512253833,0.057549106090192724,15.688385573047249,-0.0525183030000735
Buttiauxella,R2,M2g,-6,-6,FALSE,0.024459287789288034,0.0015485311674987932,149.9144214980607,0.02448113264666063,0.0015471438852697236,129.59638376426662,0.08966730517295966,15.677935713663286,-0.08923139990247275
Buttiauxella,R2,M0,-6,-3,FALSE,0.024462328997855592,0.0015472372298483048,150.00298770251035,0.02444709978164981,0.00154856277118677,129.41401512253833,-0.08559816645012334,15.909383972421326,0.0622945721243064
Buttiauxella,R2,M2g,-6,-3,FALSE,0.024464814093071507,0.0015471400393344788,150.02163236825828,0.02448113264666063,0.0015471438852697236,129.59638376426662,-2.4858290695319084e-4,15.76066245887293,-0.06665767399185137
Buttiauxella,R2,M0,-6,0,FALSE,0.02444709978164981,0.00154856277118677,149.85966408558667,0.02444709978164981,0.00154856277118677,129.41401512253833,0,15.798635830662512,0
Buttiauxella,R2,M2g,-6,0,FALSE,0.02448113264666063,0.0015471438852697236,150.10149165857237,0.02448113264666063,0.0015471438852697236,129.59638376426662,0,15.822284001075337,0
Buttiauxella,R2,M0,-6,3,FALSE,0.02444709978164981,0.00154856277118677,149.85966408558667,0.02444709978164981,0.00154856277118677,129.41401512253833,0,15.798635830662512,0
Buttiauxella,R2,M2g,-6,3,FALSE,0.02448113264666063,0.0015471438852697236,150.10149165857237,0.02448113264666063,0.0015471438852697236,129.59638376426662,0,15.822284001075337,0
Buttiauxella,R2,M0,-6,6,FALSE,0.02444709978164981,0.00154856277118677,149.85966408558667,0.02444709978164981,0.00154856277118677,129.41401512253833,0,15.798635830662512,0
Buttiauxella,R2,M2g,-6,6,FALSE,0.02448113264666063,0.0015471438852697236,150.10149165857237,0.02448113264666063,0.0015471438852697236,129.59638376426662,0,15.822284001075337,0
Buttiauxella,R2,M0,-3,-6,FALSE,0.024434260579711754,0.0015494539552188334,139.1348994543311,0.02444709978164981,0.00154856277118677,129.41401512253833,0.057549106090192724,7.511461817012906,-0.0525183030000735
Buttiauxella,R2,M2g,-3,-6,FALSE,0.024459287789288034,0.0015485311674987932,139.3079213506063,0.02448113264666063,0.0015471438852697236,129.59638376426662,0.08966730517295966,7.493679456368776,-0.08923139990247275
Buttiauxella,R2,M0,-3,-3,FALSE,0.024462328997855592,0.0015472372298483048,139.38894972529505,0.02444709978164981,0.00154856277118677,129.41401512253833,-0.08559816645012334,7.70776997631342,0.0622945721243064
Buttiauxella,R2,M2g,-3,-3,FALSE,0.024464814093071507,0.0015471400393344788,139.4052358063236,0.02448113264666063,0.0015471438852697236,129.59638376426662,-2.4858290695319084e-4,7.568769866217167,-0.06665767399185137
Buttiauxella,R2,M0,-3,0,FALSE,0.02444709978164981,0.00154856277118677,139.2621299357102,0.02444709978164981,0.00154856277118677,129.41401512253833,0,7.609774570278938,0
Buttiauxella,R2,M2g,-3,0,FALSE,0.02448113264666063,0.0015471438852697236,139.4726156511493,0.02448113264666063,0.0015471438852697236,129.59638376426662,0,7.620761937962229,0
Buttiauxella,R2,M0,-3,3,FALSE,0.02444709978164981,0.00154856277118677,139.2621299357102,0.02444709978164981,0.00154856277118677,129.41401512253833,0,7.609774570278938,0
Buttiauxella,R2,M2g,-3,3,FALSE,0.02448113264666063,0.0015471438852697236,139.4726156511493,0.02448113264666063,0.0015471438852697236,129.59638376426662,0,7.620761937962229,0
Buttiauxella,R2,M0,-3,6,FALSE,0.02444709978164981,0.00154856277118677,139.2621299357102,0.02444709978164981,0.00154856277118677,129.41401512253833,0,7.609774570278938,0
Buttiauxella,R2,M2g,-3,6,FALSE,0.02448113264666063,0.0015471438852697236,139.4726156511493,0.02448113264666063,0.0015471438852697236,129.59638376426662,0,7.620761937962229,0
Buttiauxella,R2,M0,0,-6,FALSE,0.024434260579711754,0.0015494539552188334,129.30076218111958,0.02444709978164981,0.00154856277118677,129.41401512253833,0.057549106090192724,-0.08751211475164751,-0.0525183030000735
Buttiauxella,R2,M2g,0,-6,FALSE,0.024459287789288034,0.0015485311674987932,129.45183496757693,0.02448113264666063,0.0015471438852697236,129.59638376426662,0.08966730517295966,-0.1115376775887683,-0.08923139990247275
Buttiauxella,R2,M0,0,-3,FALSE,0.024462328997855592,0.0015472372298483048,129.52594880345632,0.02444709978164981,0.00154856277118677,129.41401512253833,-0.08559816645012334,0.08649270391000456,0.0622945721243064
Buttiauxella,R2,M2g,0,-3,FALSE,0.024464814093071507,0.0015471400393344788,129.540116738048,0.02448113264666063,0.0015471438852697236,129.59638376426662,-2.4858290695319084e-4,-0.04341712676255604,-0.06665767399185137
Buttiauxella,R2,M0,0,0,TRUE,0.02444709978164981,0.00154856277118677,129.41401512253833,0.02444709978164981,0.00154856277118677,129.41401512253833,0,0,0
Buttiauxella,R2,M2g,0,0,TRUE,0.02448113264666063,0.0015471438852697236,129.59638376426662,0.02448113264666063,0.0015471438852697236,129.59638376426662,0,0,0
Buttiauxella,R2,M0,0,3,FALSE,0.02444709978164981,0.00154856277118677,129.41401512253833,0.02444709978164981,0.00154856277118677,129.41401512253833,0,0,0
Buttiauxella,R2,M2g,0,3,FALSE,0.02448113264666063,0.0015471438852697236,129.59638376426662,0.02448113264666063,0.0015471438852697236,129.59638376426662,0,0,0
Buttiauxella,R2,M0,0,6,FALSE,0.02444709978164981,0.00154856277118677,129.41401512253833,0.02444709978164981,0.00154856277118677,129.41401512253833,0,0,0
Buttiauxella,R2,M2g,0,6,FALSE,0.02448113264666063,0.0015471438852697236,129.59638376426662,0.02448113264666063,0.0015471438852697236,129.59638376426662,0,0,0
Buttiauxella,R2,M0,3,-6,FALSE,0.024428982699721335,0.0016678767635138795,129.27044315285465,0.02444709978164981,0.00154856277118677,129.41401512253833,7.704821176584989,-0.1109400473725608,-0.0741072850779411
Buttiauxella,R2,M2g,3,-6,FALSE,0.024441199410239367,0.0016674219442290312,129.3435619875575,0.02448113264666063,0.0015471438852697236,129.59638376426662,7.774199937347054,-0.19508397484993883,-0.16311841857002715
Buttiauxella,R2,M0,3,-3,FALSE,0.024459199053425456,0.0016654095366338772,129.5089654515906,0.02444709978164981,0.00154856277118677,129.41401512253833,7.545497516872342,0.07336943294925315,0.049491644750135115
Buttiauxella,R2,M2g,3,-3,FALSE,0.024463723047264213,0.0016652318717140402,129.53452674318353,0.02448113264666063,0.0015471438852697236,129.59638376426662,7.632644097851934,-0.047730514761586317,-0.07111435425677565
Buttiauxella,R2,M0,3,0,FALSE,0.02444354445094193,0.0016668229641973692,129.3958668283533,0.02444709978164981,0.00154856277118677,129.41401512253833,7.636771024785025,-0.014023438008514737,-0.014542954950217511
Buttiauxella,R2,M2g,3,0,FALSE,0.02445430387185232,0.0016663678983077385,129.4530219078596,0.02448113264666063,0.0015471438852697236,129.59638376426662,7.706071437384754,-0.11062180304952345,-0.10958959781613878
Buttiauxella,R2,M0,3,3,FALSE,0.02444354445094193,0.0016668229641973692,129.3958668283533,0.02444709978164981,0.00154856277118677,129.41401512253833,7.636771024785025,-0.014023438008514737,-0.014542954950217511
Buttiauxella,R2,M2g,3,3,FALSE,0.02445430387185232,0.0016663678983077385,129.4530219078596,0.02448113264666063,0.0015471438852697236,129.59638376426662,7.706071437384754,-0.11062180304952345,-0.10958959781613878
Buttiauxella,R2,M0,3,6,FALSE,0.02444354445094193,0.0016668229641973692,129.3958668283533,0.02444709978164981,0.00154856277118677,129.41401512253833,7.636771024785025,-0.014023438008514737,-0.014542954950217511
Buttiauxella,R2,M2g,3,6,FALSE,0.02445430387185232,0.0016663678983077385,129.4530219078596,0.02448113264666063,0.0015471438852697236,129.59638376426662,7.706071437384754,-0.11062180304952345,-0.10958959781613878
Buttiauxella,R2,M0,6,-6,FALSE,0.024433583277486084,0.001794187749703982,129.29711539182054,0.02444709978164981,0.00154856277118677,129.41401512253833,15.861480276254667,-0.09033003929837231,-0.055288783882135026
Buttiauxella,R2,M2g,6,-6,FALSE,0.024460151742037473,0.0017931929141492586,129.45474819225882,0.02448113264666063,0.0015471438852697236,129.59638376426662,15.903435434942732,-0.10928975631405938,-0.08570234443797213
Buttiauxella,R2,M0,6,-3,FALSE,0.024464725010426933,0.0017915660585650912,129.53911210844058,0.02444709978164981,0.00154856277118677,129.41401512253833,15.692181931513904,0.096664171792982,0.07209537709807265
Buttiauxella,R2,M2g,6,-3,FALSE,0.024476471846911433,0.0017910959124719994,129.60493049356248,0.02448113264666063,0.0015471438852697236,129.59638376426662,15.767895250398514,0.006594882548115426,-0.019038333791444338
Buttiauxella,R2,M0,6,0,FALSE,0.024447357006143228,0.0017931856037990655,129.41548695664093,0.02444709978164981,0.00154856277118677,129.41401512253833,15.796765695511612,0.001137306574723693,0.0010521677242468707
Buttiauxella,R2,M2g,6,0,FALSE,0.024470306075411837,0.0017922048134098385,129.53631555091326,0.02448113264666063,0.0015471438852697236,129.59638376426662,15.839569316941192,-0.04635022336936803,-0.04422414356825155
Buttiauxella,R2,M0,6,3,FALSE,0.024447357006143228,0.0017931856037990655,129.41548695664093,0.02444709978164981,0.00154856277118677,129.41401512253833,15.796765695511612,0.001137306574723693,0.0010521677242468707
Buttiauxella,R2,M2g,6,3,FALSE,0.024470306075411837,0.0017922048134098385,129.53631555091326,0.02448113264666063,0.0015471438852697236,129.59638376426662,15.839569316941192,-0.04635022336936803,-0.04422414356825155
Buttiauxella,R2,M0,6,6,FALSE,0.024447357006143228,0.0017931856037990655,129.41548695664093,0.02444709978164981,0.00154856277118677,129.41401512253833,15.796765695511612,0.001137306574723693,0.0010521677242468707
Buttiauxella,R2,M2g,6,6,FALSE,0.024470306075411837,0.0017922048134098385,129.53631555091326,0.02448113264666063,0.0015471438852697236,129.59638376426662,15.839569316941192,-0.04635022336936803,-0.04422414356825155
Buttiauxella,R3,M0,-6,-6,FALSE,0.021673707866053226,0.0014965164014695783,155.15847784297276,0.02162603228910582,0.0015003092573743699,135.77841613215574,-0.2528049391249697,14.273300766709513,0.22045457211040848
Buttiauxella,R3,M2g,-6,-6,FALSE,0.021816087982646944,0.0014918224391421795,156.57354086627095,0.02197878166546313,0.0014871966726818482,138.32076489793548,0.3110393228616934,13.195976744203143,-0.7402306701642
Buttiauxella,R3,M0,-6,-3,FALSE,0.02167250066498213,0.00149660104213851,155.14290392917013,0.02162603228910582,0.0015003092573743699,135.77841613215574,-0.2471633909897606,14.261830671353952,0.21487240588149278
Buttiauxella,R3,M2g,-6,-3,FALSE,0.021778310194541507,0.0014928915591143684,156.15104695418682,0.02197878166546313,0.0014871966726818482,138.32076489793548,0.38292759371567264,12.890531706796162,-0.9121136647744099
Buttiauxella,R3,M0,-6,0,FALSE,0.02162603228910582,0.0015003092573743699,154.59061937766748,0.02162603228910582,0.0015003092573743699,135.77841613215574,0,13.855076367367152,0
Buttiauxella,R3,M2g,-6,0,FALSE,0.02197878166546313,0.0014871966726818482,157.81888235038406,0.02197878166546313,0.0014871966726818482,138.32076489793548,0,14.096305400592536,0
Buttiauxella,R3,M0,-6,3,FALSE,0.02162603228910582,0.0015003092573743699,154.59061937766748,0.02162603228910582,0.0015003092573743699,135.77841613215574,0,13.855076367367152,0
Buttiauxella,R3,M2g,-6,3,FALSE,0.02197878166546313,0.0014871966726818482,157.81888235038406,0.02197878166546313,0.0014871966726818482,138.32076489793548,0,14.096305400592536,0
Buttiauxella,R3,M0,-6,6,FALSE,0.02162603228910582,0.0015003092573743699,154.59061937766748,0.02162603228910582,0.0015003092573743699,135.77841613215574,0,13.855076367367152,0
Buttiauxella,R3,M2g,-6,6,FALSE,0.02197878166546313,0.0014871966726818482,157.81888235038406,0.02197878166546313,0.0014871966726818482,138.32076489793548,0,14.096305400592536,0
Buttiauxella,R3,M0,-3,-6,FALSE,0.021673707866053226,0.0014965164014695783,145.3908900426389,0.02162603228910582,0.0015003092573743699,135.77841613215574,-0.2528049391249697,7.07953015236762,0.22045457211040848
Buttiauxella,R3,M2g,-3,-6,FALSE,0.021816087982646944,0.0014918224391421795,146.6542162370296,0.02197878166546313,0.0014871966726818482,138.32076489793548,0.3110393228616934,6.024729074657182,-0.7402306701642
Buttiauxella,R3,M0,-3,-3,FALSE,0.02167250066498213,0.00149660104213851,145.3768230392236,0.02162603228910582,0.0015003092573743699,135.77841613215574,-0.2471633909897606,7.069169887595061,0.21487240588149278
Buttiauxella,R3,M2g,-3,-3,FALSE,0.021778310194541507,0.0014928915591143684,146.2750652747291,0.02197878166546313,0.0014871966726818482,138.32076489793548,0.38292759371567264,5.7506191370926505,-0.9121136647744099
Buttiauxella,R3,M0,-3,0,FALSE,0.02162603228910582,0.0015003092573743699,144.87949975061565,0.02162603228910582,0.0015003092573743699,135.77841613215574,0,6.702894228491847,0
Buttiauxella,R3,M2g,-3,0,FALSE,0.02197878166546313,0.0014871966726818482,147.74853137017104,0.02197878166546313,0.0014871966726818482,138.32076489793548,0,6.815872135461475,0
Buttiauxella,R3,M0,-3,3,FALSE,0.02162603228910582,0.0015003092573743699,144.87949975061565,0.02162603228910582,0.0015003092573743699,135.77841613215574,0,6.702894228491847,0
Buttiauxella,R3,M2g,-3,3,FALSE,0.02197878166546313,0.0014871966726818482,147.74853137017104,0.02197878166546313,0.0014871966726818482,138.32076489793548,0,6.815872135461475,0
Buttiauxella,R3,M0,-3,6,FALSE,0.02162603228910582,0.0015003092573743699,144.87949975061565,0.02162603228910582,0.0015003092573743699,135.77841613215574,0,6.702894228491847,0
Buttiauxella,R3,M2g,-3,6,FALSE,0.02197878166546313,0.0014871966726818482,147.74853137017104,0.02197878166546313,0.0014871966726818482,138.32076489793548,0,6.815872135461475,0
Buttiauxella,R3,M0,0,-6,FALSE,0.021673707866053226,0.0014965164014695783,136.2381946591652,0.02162603228910582,0.0015003092573743699,135.77841613215574,-0.2528049391249697,0.33862416436052,0.22045457211040848
Buttiauxella,R3,M2g,0,-6,FALSE,0.021816087982646944,0.0014918224391421795,137.36330558217944,0.02197878166546313,0.0014871966726818482,138.32076489793548,0.3110393228616934,-0.6922021552313804,-0.7402306701642
Buttiauxella,R3,M0,0,-3,FALSE,0.02167250066498213,0.00149660104213851,136.22550656023907,0.02162603228910582,0.0015003092573743699,135.77841613215574,-0.2471633909897606,0.32927945458442115,0.21487240588149278
Buttiauxella,R3,M2g,0,-3,FALSE,0.021778310194541507,0.0014928915591143684,137.0237032570376,0.02197878166546313,0.0014871966726818482,138.32076489793548,0.38292759371567264,-0.9377201187796781,-0.9121136647744099
Buttiauxella,R3,M0,0,0,TRUE,0.02162603228910582,0.0015003092573743699,135.77841613215574,0.02162603228910582,0.0015003092573743699,135.77841613215574,0,0,0
Buttiauxella,R3,M2g,0,0,TRUE,0.02197878166546313,0.0014871966726818482,138.32076489793548,0.02197878166546313,0.0014871966726818482,138.32076489793548,0,0,0
Buttiauxella,R3,M0,0,3,FALSE,0.02162603228910582,0.0015003092573743699,135.77841613215574,0.02162603228910582,0.0015003092573743699,135.77841613215574,0,0,0
Buttiauxella,R3,M2g,0,3,FALSE,0.02197878166546313,0.0014871966726818482,138.32076489793548,0.02197878166546313,0.0014871966726818482,138.32076489793548,0,0,0
Buttiauxella,R3,M0,0,6,FALSE,0.02162603228910582,0.0015003092573743699,135.77841613215574,0.02162603228910582,0.0015003092573743699,135.77841613215574,0,0,0
Buttiauxella,R3,M2g,0,6,FALSE,0.02197878166546313,0.0014871966726818482,138.32076489793548,0.02197878166546313,0.0014871966726818482,138.32076489793548,0,0,0
Buttiauxella,R3,M0,3,-6,FALSE,0.021719908130385403,0.0015921829912622625,136.5840137189559,0.02162603228910582,0.0015003092573743699,135.77841613215574,6.123653069279671,0.5933178554801062,0.43408721500371866
Buttiauxella,R3,M2g,3,-6,FALSE,0.02220805743861751,0.001576109870568146,140.44978481172225,0.02197878166546313,0.0014871966726818482,138.32076489793548,5.978576977714818,1.5391903850139528,1.0431687099137967
Buttiauxella,R3,M0,3,-3,FALSE,0.021712649300437536,0.0015927494770494076,136.51265495139415,0.02162603228910582,0.0015003092573743699,135.77841613215574,6.16141100380955,0.5407625454429846,0.40052197358158503
Buttiauxella,R3,M2g,3,-3,FALSE,0.022106274750003194,0.0015789365616761296,139.48177600762332,0.02197878166546313,0.0014871966726818482,138.32076489793548,6.168645390313284,0.8393614006866855,0.5800734839656946
Buttiauxella,R3,M0,3,0,FALSE,0.021658664597212038,0.0015971692038390813,136.00018315996672,0.02162603228910582,0.0015003092573743699,135.77841613215574,6.455998720838535,0.16333010365589584,0.15089364368820182
Buttiauxella,R3,M2g,3,0,FALSE,0.022274140724778912,0.001574221486795228,140.4292752314052,0.02197878166546313,0.0014871966726818482,138.32076489793548,5.851600915462562,1.5243628352008878,1.3438372691053335
Buttiauxella,R3,M0,3,3,FALSE,0.021658664597212038,0.0015971692038390813,136.00018315996672,0.02162603228910582,0.0015003092573743699,135.77841613215574,6.455998720838535,0.16333010365589584,0.15089364368820182
Buttiauxella,R3,M2g,3,3,FALSE,0.022274140724778912,0.001574221486795228,140.4292752314052,0.02197878166546313,0.0014871966726818482,138.32076489793548,5.851600915462562,1.5243628352008878,1.3438372691053335
Buttiauxella,R3,M0,3,6,FALSE,0.021658664597212038,0.0015971692038390813,136.00018315996672,0.02162603228910582,0.0015003092573743699,135.77841613215574,6.455998720838535,0.16333010365589584,0.15089364368820182
Buttiauxella,R3,M2g,3,6,FALSE,0.022274140724778912,0.001574221486795228,140.4292752314052,0.02197878166546313,0.0014871966726818482,138.32076489793548,5.851600915462562,1.5243628352008878,1.3438372691053335
Buttiauxella,R3,M0,6,-6,FALSE,0.021789715358869883,0.0016918649828509633,137.10442675185797,0.02162603228910582,0.0015003092573743699,135.77841613215574,12.767749351345556,0.9765989746202367,0.7568797991970062
Buttiauxella,R3,M2g,6,-6,FALSE,0.022884245148499096,0.0016559919332392124,145.84942493461782,0.02197878166546313,0.0014871966726818482,138.32076489793548,11.349894984163537,5.442899366727482,4.119716446607178
Buttiauxella,R3,M0,6,-3,FALSE,0.021772683050823083,0.001693235907894592,136.94002251598027,0.02162603228910582,0.0015003092573743699,135.77841613215574,12.859125515085813,0.8555162277735808,0.6781214406636191
Buttiauxella,R3,M2g,6,-3,FALSE,0.02266505586514821,0.001661991031159166,143.7038871279699,0.02197878166546313,0.0014871966726818482,138.32076489793548,11.753277941518835,3.8917672512919737,3.122439679008571
Buttiauxella,R3,M0,6,0,FALSE,0.021707886391281073,0.0016986687846157003,136.33300678629217,0.02162603228910582,0.0015003092573743699,135.77841613215574,13.221242638232557,0.40845273493000495,0.37849801147521583
Buttiauxella,R3,M2g,6,0,FALSE,0.022760239114538842,0.001659431745570584,143.92173560739295,0.02197878166546313,0.0014871966726818482,138.32076489793548,11.581190037101539,4.049262389193937,3.555508494375167
Buttiauxella,R3,M0,6,3,FALSE,0.021707886391281073,0.0016986687846157003,136.33300678629217,0.02162603228910582,0.0015003092573743699,135.77841613215574,13.221242638232557,0.40845273493000495,0.37849801147521583
Buttiauxella,R3,M2g,6,3,FALSE,0.022760239114538842,0.001659431745570584,143.92173560739295,0.02197878166546313,0.0014871966726818482,138.32076489793548,11.581190037101539,4.049262389193937,3.555508494375167
Buttiauxella,R3,M0,6,6,FALSE,0.021707886391281073,0.0016986687846157003,136.33300678629217,0.02162603228910582,0.0015003092573743699,135.77841613215574,13.221242638232557,0.40845273493000495,0.37849801147521583
Buttiauxella,R3,M2g,6,6,FALSE,0.022760239114538842,0.001659431745570584,143.92173560739295,0.02197878166546313,0.0014871966726818482,138.32076489793548,11.581190037101539,4.049262389193937,3.555508494375167
Buttiauxella,R4,M0,-6,-6,FALSE,0.01861351129793059,0.0021502881418316933,128.0339733444143,0.01862887955508459,0.00214837784846517,114.61047989268894,0.08891794187358709,11.712274012196726,-0.0824969483997043
Buttiauxella,R4,M2g,-6,-6,FALSE,0.018615285016302514,0.0021502052737297737,128.04649841150948,0.018635649095786327,0.0021480308670236356,114.64467690282628,0.10122790782569382,11.689876818304166,-0.10927486013040597
Buttiauxella,R4,M0,-6,-3,FALSE,0.01858133485015655,0.0021540446838472904,127.74693497459819,0.01862887955508459,0.00214837784846517,114.61047989268894,0.2637727523661075,11.461827133268315,-0.25522042153663876
Buttiauxella,R4,M2g,-6,-3,FALSE,0.01862067324940213,0.00215213174987024,128.01168182140808,0.018635649095786327,0.0021480308670236356,114.64467690282628,0.19091359018907567,11.659507689058932,-0.08036128125841313
Buttiauxella,R4,M0,-6,0,FALSE,0.01862887955508459,0.00214837784846517,128.164234692977,0.01862887955508459,0.00214837784846517,114.61047989268894,0,11.825929716879811,0
Buttiauxella,R4,M2g,-6,0,FALSE,0.018635649095786327,0.0021480308670236356,128.20768315452028,0.018635649095786327,0.0021480308670236356,114.64467690282628,0,11.83047187022047,0
Buttiauxella,R4,M0,-6,3,FALSE,0.01862887955508459,0.00214837784846517,128.164234692977,0.01862887955508459,0.00214837784846517,114.61047989268894,0,11.825929716879811,0
Buttiauxella,R4,M2g,-6,3,FALSE,0.018635649095786327,0.0021480308670236356,128.20768315452028,0.018635649095786327,0.0021480308670236356,114.64467690282628,0,11.83047187022047,0
Buttiauxella,R4,M0,-6,6,FALSE,0.01862887955508459,0.00214837784846517,128.164234692977,0.01862887955508459,0.00214837784846517,114.61047989268894,0,11.825929716879811,0
Buttiauxella,R4,M2g,-6,6,FALSE,0.018635649095786327,0.0021480308670236356,128.20768315452028,0.018635649095786327,0.0021480308670236356,114.64467690282628,0,11.83047187022047,0
Buttiauxella,R4,M0,-3,-6,FALSE,0.01861351129793059,0.0021502881418316933,121.08043920744792,0.01862887955508459,0.00214837784846517,114.61047989268894,0.08891794187358709,5.645172518967615,-0.0824969483997043
Buttiauxella,R4,M2g,-3,-6,FALSE,0.018615285016302514,0.0021502052737297737,121.09163968815206,0.018635649095786327,0.0021480308670236356,114.64467690282628,0.10122790782569382,5.623429678109065,-0.10927486013040597
Buttiauxella,R4,M0,-3,-3,FALSE,0.01858133485015655,0.0021540446838472904,120.82065208709922,0.01862887955508459,0.00214837784846517,114.61047989268894,0.2637727523661075,5.4185029154619455,-0.25522042153663876
Buttiauxella,R4,M2g,-3,-3,FALSE,0.01862067324940213,0.00215213174987024,121.05675730282495,0.018635649095786327,0.0021480308670236356,114.64467690282628,0.19091359018907567,5.59300315830067,-0.08036128125841313
Buttiauxella,R4,M0,-3,0,FALSE,0.01862887955508459,0.00214837784846517,121.19803811630496,0.01862887955508459,0.00214837784846517,114.61047989268894,0,5.747779984678554,0
Buttiauxella,R4,M2g,-3,0,FALSE,0.018635649095786327,0.0021480308670236356,121.2366628199156,0.018635649095786327,0.0021480308670236356,114.64467690282628,0,5.749927598188214,0
Buttiauxella,R4,M0,-3,3,FALSE,0.01862887955508459,0.00214837784846517,121.19803811630496,0.01862887955508459,0.00214837784846517,114.61047989268894,0,5.747779984678554,0
Buttiauxella,R4,M2g,-3,3,FALSE,0.018635649095786327,0.0021480308670236356,121.2366628199156,0.018635649095786327,0.0021480308670236356,114.64467690282628,0,5.749927598188214,0
Buttiauxella,R4,M0,-3,6,FALSE,0.01862887955508459,0.00214837784846517,121.19803811630496,0.01862887955508459,0.00214837784846517,114.61047989268894,0,5.747779984678554,0
Buttiauxella,R4,M2g,-3,6,FALSE,0.018635649095786327,0.0021480308670236356,121.2366628199156,0.018635649095786327,0.0021480308670236356,114.64467690282628,0,5.749927598188214,0
Buttiauxella,R4,M0,0,-6,FALSE,0.01861351129793059,0.0021502881418316933,114.50455200067476,0.01862887955508459,0.00214837784846517,114.61047989268894,0.08891794187358709,-0.09242426356940547,-0.0824969483997043
Buttiauxella,R4,M2g,0,-6,FALSE,0.018615285016302514,0.0021502052737297737,114.51453483125657,0.018635649095786327,0.0021480308670236356,114.64467690282628,0.10122790782569382,-0.11351776208503525,-0.10927486013040597
Buttiauxella,R4,M0,0,-3,FALSE,0.01858133485015655,0.0021540446838472904,114.26990380359834,0.01862887955508459,0.00214837784846517,114.61047989268894,0.2637727523661075,-0.29715963968520936,-0.25522042153663876
Buttiauxella,R4,M2g,0,-3,FALSE,0.01862067324940213,0.00215213174987024,114.479696541447,0.018635649095786327,0.0021480308670236356,114.64467690282628,0.19091359018907567,-0.14390581912417708,-0.08036128125841313
Buttiauxella,R4,M0,0,0,TRUE,0.01862887955508459,0.00214837784846517,114.61047989268894,0.01862887955508459,0.00214837784846517,114.61047989268894,0,0,0
Buttiauxella,R4,M2g,0,0,TRUE,0.018635649095786327,0.0021480308670236356,114.64467690282628,0.018635649095786327,0.0021480308670236356,114.64467690282628,0,0,0
Buttiauxella,R4,M0,0,3,FALSE,0.01862887955508459,0.00214837784846517,114.61047989268894,0.01862887955508459,0.00214837784846517,114.61047989268894,0,0,0
Buttiauxella,R4,M2g,0,3,FALSE,0.018635649095786327,0.0021480308670236356,114.64467690282628,0.018635649095786327,0.0021480308670236356,114.64467690282628,0,0,0
Buttiauxella,R4,M0,0,6,FALSE,0.01862887955508459,0.00214837784846517,114.61047989268894,0.01862887955508459,0.00214837784846517,114.61047989268894,0,0,0
Buttiauxella,R4,M2g,0,6,FALSE,0.018635649095786327,0.0021480308670236356,114.64467690282628,0.018635649095786327,0.0021480308670236356,114.64467690282628,0,0,0
Buttiauxella,R4,M0,3,-6,FALSE,0.01861257018857101,0.0022739156436227723,114.49913429118463,0.01862887955508459,0.00214837784846517,114.61047989268894,5.843375980034806,-0.09715132648302789,-0.08754883225989551
Buttiauxella,R4,M2g,3,-6,FALSE,0.01862067324712225,0.002273546853338808,114.54419826828996,0.018635649095786327,0.0021480308670236356,114.64467690282628,5.843304593154681,-0.08764352366877204,-0.08036129349239078
Buttiauxella,R4,M0,3,-3,FALSE,0.018578728743193548,0.0022779467486268704,114.25658738447221,0.01862887955508459,0.00214837784846517,114.61047989268894,6.031010804466551,-0.308778489146965,-0.26921002813266115
Buttiauxella,R4,M2g,3,-3,FALSE,0.01861453898610447,0.002276210106713473,114.44545701671385,0.018635649095786327,0.0021480308670236356,114.64467690282628,5.967290398738343,-0.1737715971595359,-0.11327810248708634
Buttiauxella,R4,M0,3,0,FALSE,0.018629083058953333,0.002271820214292051,114.61106013156103,0.01862887955508459,0.00214837784846517,114.61047989268894,5.745840561289994,5.062703451139468e-4,0.00109241067419445
Buttiauxella,R4,M2g,3,0,FALSE,0.01863065701959089,0.0022717424158621917,114.61890462901307,0.018635649095786327,0.0021480308670236356,114.64467690282628,5.759300331190018,-0.02248013122759106,-0.026787777392558863
Buttiauxella,R4,M0,3,3,FALSE,0.018629083058953333,0.002271820214292051,114.61106013156103,0.01862887955508459,0.00214837784846517,114.61047989268894,5.745840561289994,5.062703451139468e-4,0.00109241067419445
Buttiauxella,R4,M2g,3,3,FALSE,0.01863065701959089,0.0022717424158621917,114.61890462901307,0.018635649095786327,0.0021480308670236356,114.64467690282628,5.759300331190018,-0.02248013122759106,-0.026787777392558863
Buttiauxella,R4,M0,3,6,FALSE,0.018629083058953333,0.002271820214292051,114.61106013156103,0.01862887955508459,0.00214837784846517,114.61047989268894,5.745840561289994,5.062703451139468e-4,0.00109241067419445
Buttiauxella,R4,M2g,3,6,FALSE,0.01863065701959089,0.0022717424158621917,114.61890462901307,0.018635649095786327,0.0021480308670236356,114.64467690282628,5.759300331190018,-0.02248013122759106,-0.026787777392558863
Buttiauxella,R4,M0,6,-6,FALSE,0.018608476498238345,0.002405151918444202,114.47778984364264,0.01862887955508459,0.00214837784846517,114.61047989268894,11.951997650807792,-0.11577479578703656,-0.10952380032258206
Buttiauxella,R4,M2g,6,-6,FALSE,0.018613900533508868,0.002404903992654674,114.50762644482047,0.018635649095786327,0.0021480308670236356,114.64467690282628,11.95853977587241,-0.11954367329410989,-0.11670407703897338
Buttiauxella,R4,M0,6,-3,FALSE,0.01857316656058554,0.002409440386737669,114.22926925038014,0.01862887955508459,0.00214837784846517,114.61047989268894,12.151611899136155,-0.33261412277981284,-0.299067876488823
Buttiauxella,R4,M2g,6,-3,FALSE,0.018584384466109546,0.002408897863314351,114.28773003526975,0.018635649095786327,0.0021480308670236356,114.64467690282628,12.144471492263946,-0.3113505809424378,-0.27508904794935785
Buttiauxella,R4,M0,6,0,FALSE,0.018626939265151514,0.002402766654552382,114.60098917008882,0.01862887955508459,0.00214837784846517,114.61047989268894,11.84097137609899,-0.008280850589759336,-0.010415494540823569
Buttiauxella,R4,M2g,6,0,FALSE,0.018630065858417224,0.0024026082041486247,114.61642252890871,0.018635649095786327,0.0021480308670236356,114.64467690282628,11.851661027466415,-0.02464516860343274,-0.029959983365247696
Buttiauxella,R4,M0,6,3,FALSE,0.018626939265151514,0.002402766654552382,114.60098917008882,0.01862887955508459,0.00214837784846517,114.61047989268894,11.84097137609899,-0.008280850589759336,-0.010415494540823569
Buttiauxella,R4,M2g,6,3,FALSE,0.018630065858417224,0.0024026082041486247,114.61642252890871,0.018635649095786327,0.0021480308670236356,114.64467690282628,11.851661027466415,-0.02464516860343274,-0.029959983365247696
Buttiauxella,R4,M0,6,6,FALSE,0.018626939265151514,0.002402766654552382,114.60098917008882,0.01862887955508459,0.00214837784846517,114.61047989268894,11.84097137609899,-0.008280850589759336,-0.010415494540823569
Buttiauxella,R4,M2g,6,6,FALSE,0.018630065858417224,0.0024026082041486247,114.61642252890871,0.018635649095786327,0.0021480308670236356,114.64467690282628,11.851661027466415,-0.02464516860343274,-0.029959983365247696
Buttiauxella,R5,M0,-6,-6,FALSE,0.021648345253830983,0.0014991413083469283,150.74801920223663,0.02164406270204685,0.0014995347831487495,132.3501444775095,-0.02623979158355409,13.900910193455447,0.019786265836905768
Buttiauxella,R5,M2g,-6,-6,FALSE,0.022055875832850663,0.0014837059858813016,154.3340062167155,0.021898798781128683,0.0014887327453575036,133.92704039784655,-0.3376535843574023,15.237375333799333,0.7172861547882742
Buttiauxella,R5,M0,-6,-3,FALSE,0.021666092588118108,0.001497630993193848,150.9439971225681,0.02164406270204685,0.0014995347831487495,132.3501444775095,-0.12695870587969568,14.048985528850928,0.10178258293982162
Buttiauxella,R5,M2g,-6,-3,FALSE,0.021849334407802578,0.0014902771061394563,152.47663168063218,0.021898798781128683,0.0014887327453575036,133.92704039784655,0.10373660328011859,13.85051982607979,-0.2258771077833328
Buttiauxella,R5,M0,-6,0,FALSE,0.02164406270204685,0.0014995347831487495,150.70366068074753,0.02164406270204685,0.0014995347831487495,132.3501444775095,0,13.867394157893704,0
Buttiauxella,R5,M2g,-6,0,FALSE,0.021898798781128683,0.0014887327453575036,152.73249152501057,0.021898798781128683,0.0014887327453575036,133.92704039784655,0,14.041564027174902,0
Buttiauxella,R5,M0,-6,3,FALSE,0.02164406270204685,0.0014995347831487495,150.70366068074753,0.02164406270204685,0.0014995347831487495,132.3501444775095,0,13.867394157893704,0
Buttiauxella,R5,M2g,-6,3,FALSE,0.021898798781128683,0.0014887327453575036,152.73249152501057,0.021898798781128683,0.0014887327453575036,133.92704039784655,0,14.041564027174902,0
Buttiauxella,R5,M0,-6,6,FALSE,0.02164406270204685,0.0014995347831487495,150.70366068074753,0.02164406270204685,0.0014995347831487495,132.3501444775095,0,13.867394157893704,0
Buttiauxella,R5,M2g,-6,6,FALSE,0.021898798781128683,0.0014887327453575036,152.73249152501057,0.021898798781128683,0.0014887327453575036,133.92704039784655,0,14.041564027174902,0
Buttiauxella,R5,M0,-3,-6,FALSE,0.021648345253830983,0.0014991413083469283,141.26882848320295,0.02164406270204685,0.0014995347831487495,132.3501444775095,-0.02623979158355409,6.738703641694187,0.019786265836905768
Buttiauxella,R5,M2g,-3,-6,FALSE,0.022055875832850663,0.0014837059858813016,144.4526103699077,0.021898798781128683,0.0014887327453575036,133.92704039784655,-0.3376535843574023,7.859182089586725,0.7172861547882742
Buttiauxella,R5,M0,-3,-3,FALSE,0.021666092588118108,0.001497630993193848,141.4449520970197,0.02164406270204685,0.0014995347831487495,132.3501444775095,-0.12695870587969568,6.871777628513046,0.10178258293982162
Buttiauxella,R5,M2g,-3,-3,FALSE,0.021849334407802578,0.0014902771061394563,142.80261273494335,0.021898798781128683,0.0014887327453575036,133.92704039784655,0.10373660328011859,6.627169771489635,-0.2258771077833328
Buttiauxella,R5,M0,-3,0,FALSE,0.02164406270204685,0.0014995347831487495,141.2290737220439,0.02164406270204685,0.0014995347831487495,132.3501444775095,0,6.7086660763284645,0
Buttiauxella,R5,M2g,-3,0,FALSE,0.021898798781128683,0.0014887327453575036,143.0210144088408,0.021898798781128683,0.0014887327453575036,133.92704039784655,0,6.790244885558214,0
Buttiauxella,R5,M0,-3,3,FALSE,0.02164406270204685,0.0014995347831487495,141.2290737220439,0.02164406270204685,0.0014995347831487495,132.3501444775095,0,6.7086660763284645,0
Buttiauxella,R5,M2g,-3,3,FALSE,0.021898798781128683,0.0014887327453575036,143.0210144088408,0.021898798781128683,0.0014887327453575036,133.92704039784655,0,6.790244885558214,0
Buttiauxella,R5,M0,-3,6,FALSE,0.02164406270204685,0.0014995347831487495,141.2290737220439,0.02164406270204685,0.0014995347831487495,132.3501444775095,0,6.7086660763284645,0
Buttiauxella,R5,M2g,-3,6,FALSE,0.021898798781128683,0.0014887327453575036,143.0210144088408,0.021898798781128683,0.0014887327453575036,133.92704039784655,0,6.790244885558214,0
Buttiauxella,R5,M0,0,-6,FALSE,0.021648345253830983,0.0014991413083469283,132.38569904022006,0.02164406270204685,0.0014995347831487495,132.3501444775095,-0.02623979158355409,0.02686401503445303,0.019786265836905768
Buttiauxella,R5,M2g,0,-6,FALSE,0.022055875832850663,0.0014837059858813016,135.20388120670927,0.021898798781128683,0.0014887327453575036,133.92704039784655,-0.3376535843574023,0.9533853694292838,0.7172861547882742
Buttiauxella,R5,M0,0,-3,FALSE,0.021666092588118108,0.001497630993193848,132.5436907403648,0.02164406270204685,0.0014995347831487495,132.3501444775095,-0.12695870587969568,0.14623804425706277,0.10178258293982162
Buttiauxella,R5,M2g,0,-3,FALSE,0.021849334407802578,0.0014902771061394563,133.742370743336,0.021898798781128683,0.0014887327453575036,133.92704039784655,0.10373660328011859,-0.13788825166445806,-0.2258771077833328
Buttiauxella,R5,M0,0,0,TRUE,0.02164406270204685,0.0014995347831487495,132.3501444775095,0.02164406270204685,0.0014995347831487495,132.3501444775095,0,0,0
Buttiauxella,R5,M2g,0,0,TRUE,0.021898798781128683,0.0014887327453575036,133.92704039784655,0.021898798781128683,0.0014887327453575036,133.92704039784655,0,0,0
Buttiauxella,R5,M0,0,3,FALSE,0.02164406270204685,0.0014995347831487495,132.3501444775095,0.02164406270204685,0.0014995347831487495,132.3501444775095,0,0,0
Buttiauxella,R5,M2g,0,3,FALSE,0.021898798781128683,0.0014887327453575036,133.92704039784655,0.021898798781128683,0.0014887327453575036,133.92704039784655,0,0,0
Buttiauxella,R5,M0,0,6,FALSE,0.02164406270204685,0.0014995347831487495,132.3501444775095,0.02164406270204685,0.0014995347831487495,132.3501444775095,0,0,0
Buttiauxella,R5,M2g,0,6,FALSE,0.021898798781128683,0.0014887327453575036,133.92704039784655,0.021898798781128683,0.0014887327453575036,133.92704039784655,0,0,0
Buttiauxella,R5,M0,3,-6,FALSE,0.021648265097007964,0.0015997445844186545,132.38527063279983,0.02164406270204685,0.0014995347831487495,132.3501444775095,6.682726029167706,0.026540322588236534,0.019415924907280793
Buttiauxella,R5,M2g,3,-6,FALSE,0.02210797329311669,0.001582229899838188,135.54217783908388,0.021898798781128683,0.0014887327453575036,133.92704039784655,6.280318262109031,1.2059830758892012,0.95518715012014
Buttiauxella,R5,M0,3,-3,FALSE,0.021666912055486764,0.0015981115926611983,132.54886450253838,0.02164406270204685,0.0014995347831487495,132.3501444775095,6.573826137294093,0.15014719161311182,0.10556868991953987
Buttiauxella,R5,M2g,3,-3,FALSE,0.021877906532944018,0.0015895779933146684,133.91887714262532,0.021898798781128683,0.0014887327453575036,133.92704039784655,6.773898691463784,-0.006095300244808013,-0.09540362644305966
Buttiauxella,R5,M0,3,0,FALSE,0.021643766059079375,0.0016001707611606709,132.34847051490172,0.02164406270204685,0.0014995347831487495,132.3501444775095,6.711146626462656,-0.0012647984740709114,-0.0013705512294910878
Buttiauxella,R5,M2g,3,0,FALSE,0.02192748128863094,0.0015880250445435146,134.091562153483,0.021898798781128683,0.0014887327453575036,133.92704039784655,6.6695852224414525,0.12284431519409764,0.13097753803270148
Buttiauxella,R5,M0,3,3,FALSE,0.021643766059079375,0.0016001707611606709,132.34847051490172,0.02164406270204685,0.0014995347831487495,132.3501444775095,6.711146626462656,-0.0012647984740709114,-0.0013705512294910878
Buttiauxella,R5,M2g,3,3,FALSE,0.02192748128863094,0.0015880250445435146,134.091562153483,0.021898798781128683,0.0014887327453575036,133.92704039784655,6.6695852224414525,0.12284431519409764,0.13097753803270148
Buttiauxella,R5,M0,3,6,FALSE,0.021643766059079375,0.0016001707611606709,132.34847051490172,0.02164406270204685,0.0014995347831487495,132.3501444775095,6.711146626462656,-0.0012647984740709114,-0.0013705512294910878
Buttiauxella,R5,M2g,3,6,FALSE,0.02192748128863094,0.0015880250445435146,134.091562153483,0.021898798781128683,0.0014887327453575036,133.92704039784655,6.6695852224414525,0.12284431519409764,0.13097753803270148
Buttiauxella,R5,M0,6,-6,FALSE,0.021649463971457422,0.0017069414737558705,132.39266420307584,0.02164406270204685,0.0014995347831487495,132.3501444775095,13.831402441469534,0.032126693729119256,0.024954970261020126
Buttiauxella,R5,M2g,6,-6,FALSE,0.022176061042825622,0.001686800280139268,135.9831856603242,0.021898798781128683,0.0014887327453575036,133.92704039784655,13.304438650887638,1.5352726800873273,1.2661071708456897
Buttiauxella,R5,M0,6,-3,FALSE,0.02166896300651152,0.0017051859936241726,132.56116433533273,0.02164406270204685,0.0014995347831487495,132.3501444775095,13.71433412458717,0.159440594988614,0.11504450346244505
Buttiauxella,R5,M2g,6,-3,FALSE,0.02191815268478883,0.0016950487202705537,134.1667034728636,0.021898798781128683,0.0014887327453575036,133.92704039784655,13.858496466637838,0.17895047505349648,0.08837883691056467
Buttiauxella,R5,M0,6,0,FALSE,0.02164446635408158,0.0017074274317760128,132.352282103086,0.02164406270204685,0.0014995347831487495,132.3501444775095,13.863809693745596,0.0016151290086866012,0.0018649550238694556
Buttiauxella,R5,M2g,6,0,FALSE,0.02196498874397903,0.0016935999544698064,134.30597630745933,0.021898798781128683,0.0014887327453575036,133.92704039784655,13.761181095207666,0.2829420470183639,0.3022538519664608
Buttiauxella,R5,M0,6,3,FALSE,0.02164446635408158,0.0017074274317760128,132.352282103086,0.02164406270204685,0.0014995347831487495,132.3501444775095,13.863809693745596,0.0016151290086866012,0.0018649550238694556
Buttiauxella,R5,M2g,6,3,FALSE,0.02196498874397903,0.0016935999544698064,134.30597630745933,0.021898798781128683,0.0014887327453575036,133.92704039784655,13.761181095207666,0.2829420470183639,0.3022538519664608
Buttiauxella,R5,M0,6,6,FALSE,0.02164446635408158,0.0017074274317760128,132.352282103086,0.02164406270204685,0.0014995347831487495,132.3501444775095,13.863809693745596,0.0016151290086866012,0.0018649550238694556
Buttiauxella,R5,M2g,6,6,FALSE,0.02196498874397903,0.0016935999544698064,134.30597630745933,0.021898798781128683,0.0014887327453575036,133.92704039784655,13.761181095207666,0.2829420470183639,0.3022538519664608
Chromobacterium,R1,M0,-6,-6,FALSE,0.025193972497585676,0.0014641628958424334,253.32856944574974,0.025226171248009494,0.001462076854696663,218.26378141283453,0.14267657264865719,16.06532600413075,-0.1276402594244585
Chromobacterium,R1,M2g,-6,-6,FALSE,0.025638287699438062,0.0014523029265943452,260.44173349428564,0.025281438597555474,0.0014603737807866398,218.8830853493055,-0.5526567443539808,18.986687837782714,1.4115063132407868
Chromobacterium,R1,M0,-6,-3,FALSE,0.025229834701145072,0.0014618276780364666,253.99720127548915,0.025226171248009494,0.001462076854696663,218.26378141283453,-0.017042651307687912,16.371667177829526,0.01452243029495692
Chromobacterium,R1,M2g,-6,-3,FALSE,0.025250651160938126,0.0014612296908042706,254.31382309592442,0.025281438597555474,0.0014603737807866398,218.8830853493055,0.058608969079805055,16.187060635625006,-0.12177881610077454
Chromobacterium,R1,M0,-6,0,FALSE,0.025226171248009494,0.001462076854696663,253.93069241850958,0.025226171248009494,0.001462076854696663,218.26378141283453,0,16.341195398888903,0
Chromobacterium,R1,M2g,-6,0,FALSE,0.025281438597555474,0.0014603737807866398,254.73565540442561,0.025281438597555474,0.0014603737807866398,218.8830853493055,0,16.379781013185482,0
Chromobacterium,R1,M0,-6,3,FALSE,0.025226171248009494,0.001462076854696663,253.93069241850958,0.025226171248009494,0.001462076854696663,218.26378141283453,0,16.341195398888903,0
Chromobacterium,R1,M2g,-6,3,FALSE,0.025281438597555474,0.0014603737807866398,254.73565540442561,0.025281438597555474,0.0014603737807866398,218.8830853493055,0,16.379781013185482,0
Chromobacterium,R1,M0,-6,6,FALSE,0.025226171248009494,0.001462076854696663,253.93069241850958,0.025226171248009494,0.001462076854696663,218.26378141283453,0,16.341195398888903,0
Chromobacterium,R1,M2g,-6,6,FALSE,0.025281438597555474,0.0014603737807866398,254.73565540442561,0.025281438597555474,0.0014603737807866398,218.8830853493055,0,16.379781013185482,0
Chromobacterium,R1,M0,-3,-6,FALSE,0.025193972497585676,0.0014641628958424334,234.88720545314288,0.025226171248009494,0.001462076854696663,218.26378141283453,0.14267657264865719,7.61620821040666,-0.1276402594244585
Chromobacterium,R1,M2g,-3,-6,FALSE,0.025638287699438062,0.0014523029265943452,241.1608893149926,0.025281438597555474,0.0014603737807866398,218.8830853493055,-0.5526567443539808,10.177946792980814,1.4115063132407868
Chromobacterium,R1,M0,-3,-3,FALSE,0.025229834701145072,0.0014618276780364666,235.48182735400155,0.025226171248009494,0.001462076854696663,218.26378141283453,-0.017042651307687912,7.888640904924114,0.01452243029495692
Chromobacterium,R1,M2g,-3,-3,FALSE,0.025250651160938126,0.0014612296908042706,235.7606451520661,0.025281438597555474,0.0014603737807866398,218.8830853493055,0.058608969079805055,7.710764756365927,-0.12177881610077454
Chromobacterium,R1,M0,-3,0,FALSE,0.025226171248009494,0.001462076854696663,235.42275409153487,0.025226171248009494,0.001462076854696663,218.26378141283453,0,7.8615758270241995,0
Chromobacterium,R1,M2g,-3,0,FALSE,0.025281438597555474,0.0014603737807866398,236.12989265105372,0.025281438597555474,0.0014603737807866398,218.8830853493055,0,7.879460979922149,0
Chromobacterium,R1,M0,-3,3,FALSE,0.025226171248009494,0.001462076854696663,235.42275409153487,0.025226171248009494,0.001462076854696663,218.26378141283453,0,7.8615758270241995,0
Chromobacterium,R1,M2g,-3,3,FALSE,0.025281438597555474,0.0014603737807866398,236.12989265105372,0.025281438597555474,0.0014603737807866398,218.8830853493055,0,7.879460979922149,0
Chromobacterium,R1,M0,-3,6,FALSE,0.025226171248009494,0.001462076854696663,235.42275409153487,0.025226171248009494,0.001462076854696663,218.26378141283453,0,7.8615758270241995,0
Chromobacterium,R1,M2g,-3,6,FALSE,0.025281438597555474,0.0014603737807866398,236.12989265105372,0.025281438597555474,0.0014603737807866398,218.8830853493055,0,7.879460979922149,0
Chromobacterium,R1,M0,0,-6,FALSE,0.025193972497585676,0.0014641628958424334,217.78830317597485,0.025226171248009494,0.001462076854696663,218.26378141283453,0.14267657264865719,-0.21784568826851952,-0.1276402594244585
Chromobacterium,R1,M2g,0,-6,FALSE,0.025638287699438062,0.0014523029265943452,223.30743139702753,0.025281438597555474,0.0014603737807866398,218.8830853493055,-0.5526567443539808,2.021328436896535,1.4115063132407868
Chromobacterium,R1,M0,0,-3,FALSE,0.025229834701145072,0.0014618276780364666,218.31614968794892,0.025226171248009494,0.001462076854696663,218.26378141283453,-0.017042651307687912,0.023993112725989845,0.01452243029495692
Chromobacterium,R1,M2g,0,-3,FALSE,0.025250651160938126,0.0014612296908042706,218.56099336587414,0.025281438597555474,0.0014603737807866398,218.8830853493055,0.058608969079805055,-0.1471525234201407,-0.12177881610077454
Chromobacterium,R1,M0,0,0,TRUE,0.025226171248009494,0.001462076854696663,218.26378141283453,0.025226171248009494,0.001462076854696663,218.26378141283453,0,0,0
Chromobacterium,R1,M2g,0,0,TRUE,0.025281438597555474,0.0014603737807866398,218.8830853493055,0.025281438597555474,0.0014603737807866398,218.8830853493055,0,0,0
Chromobacterium,R1,M0,0,3,FALSE,0.025226171248009494,0.001462076854696663,218.26378141283453,0.025226171248009494,0.001462076854696663,218.26378141283453,0,0,0
Chromobacterium,R1,M2g,0,3,FALSE,0.025281438597555474,0.0014603737807866398,218.8830853493055,0.025281438597555474,0.0014603737807866398,218.8830853493055,0,0,0
Chromobacterium,R1,M0,0,6,FALSE,0.025226171248009494,0.001462076854696663,218.26378141283453,0.025226171248009494,0.001462076854696663,218.26378141283453,0,0,0
Chromobacterium,R1,M2g,0,6,FALSE,0.025281438597555474,0.0014603737807866398,218.8830853493055,0.025281438597555474,0.0014603737807866398,218.8830853493055,0,0,0
Chromobacterium,R1,M0,3,-6,FALSE,0.02522755204324334,0.0015761753878497117,218.17984251543916,0.025226171248009494,0.001462076854696663,218.26378141283453,7.8038669982721824,-0.038457547492318146,0.005473661540909501
Chromobacterium,R1,M2g,3,-6,FALSE,0.025981334819177384,0.0015560882770678814,227.547646264288,0.025281438597555474,0.0014603737807866398,218.8830853493055,6.554109471185133,3.958533799519102,2.768419284848707
Chromobacterium,R1,M0,3,-3,FALSE,0.025260878696442602,0.0015739356953904256,218.66276339125682,0.025226171248009494,0.001462076854696663,218.26378141283453,7.65068131230147,0.18279806930845344,0.1375850821430031
Chromobacterium,R1,M2g,3,-3,FALSE,0.02551549708278174,0.0015666112598650566,221.65194688674129,0.025281438597555474,0.0014603737807866398,218.8830853493055,7.274677241958653,1.2649956633319028,0.9258115764381358
Chromobacterium,R1,M0,3,0,FALSE,0.02525243594921868,0.0015745218295029832,218.5429662029144,0.025226171248009494,0.001462076854696663,218.26378141283453,7.690770457456508,0.12791164355015822,0.10411687509359335
Chromobacterium,R1,M2g,3,0,FALSE,0.025484588203272075,0.0015673393279300978,221.13489578531767,0.025281438597555474,0.0014603737807866398,218.8830853493055,7.324532154079097,1.0287731609861963,0.8035523964852405
Chromobacterium,R1,M0,3,3,FALSE,0.02525243594921868,0.0015745218295029832,218.5429662029144,0.025226171248009494,0.001462076854696663,218.26378141283453,7.690770457456508,0.12791164355015822,0.10411687509359335
Chromobacterium,R1,M2g,3,3,FALSE,0.025484588203272075,0.0015673393279300978,221.13489578531767,0.025281438597555474,0.0014603737807866398,218.8830853493055,7.324532154079097,1.0287731609861963,0.8035523964852405
Chromobacterium,R1,M0,3,6,FALSE,0.02525243594921868,0.0015745218295029832,218.5429662029144,0.025226171248009494,0.001462076854696663,218.26378141283453,7.690770457456508,0.12791164355015822,0.10411687509359335
Chromobacterium,R1,M2g,3,6,FALSE,0.025484588203272075,0.0015673393279300978,221.13489578531767,0.025281438597555474,0.0014603737807866398,218.8830853493055,7.324532154079097,1.0287731609861963,0.8035523964852405
Chromobacterium,R1,M0,6,-6,FALSE,0.02528867061300278,0.0016946220449403516,218.89117171389276,0.025226171248009494,0.001462076854696663,218.26378141283453,15.905127661153955,0.28744590467419395,0.24775604818831862
Chromobacterium,R1,M2g,6,-6,FALSE,0.02666310932123007,0.0016582104429871275,236.12189020298985,0.025281438597555474,0.0014603737807866398,218.8830853493055,13.546988093275795,7.875804942247465,5.465158631472002
Chromobacterium,R1,M0,6,-3,FALSE,0.02531485573306397,0.0016928007707127618,219.26372792548526,0.025226171248009494,0.001462076854696663,218.26378141283453,15.780560048874253,0.458136712457747,0.3515574527048991
Chromobacterium,R1,M2g,6,-3,FALSE,0.02601981791919304,0.001672575298750357,227.56897870526555,0.025281438597555474,0.0014603737807866398,218.8830853493055,14.530630497174053,3.96827984314029,2.9206380751962446
Chromobacterium,R1,M0,6,0,FALSE,0.025297577395430166,0.0016940287836174545,219.02124526624775,0.025226171248009494,0.001462076854696663,218.26378141283453,15.86455104433718,0.3470405618880533,0.2830637543789244
Chromobacterium,R1,M2g,6,0,FALSE,0.025893777955998433,0.0016755749084148707,225.6805563393196,0.025281438597555474,0.0014603737807866398,218.8830853493055,14.736030628563555,3.105525938272625,2.422090642033986
Chromobacterium,R1,M0,6,3,FALSE,0.025297577395430166,0.0016940287836174545,219.02124526624775,0.025226171248009494,0.001462076854696663,218.26378141283453,15.86455104433718,0.3470405618880533,0.2830637543789244
Chromobacterium,R1,M2g,6,3,FALSE,0.025893777955998433,0.0016755749084148707,225.6805563393196,0.025281438597555474,0.0014603737807866398,218.8830853493055,14.736030628563555,3.105525938272625,2.422090642033986
Chromobacterium,R1,M0,6,6,FALSE,0.025297577395430166,0.0016940287836174545,219.02124526624775,0.025226171248009494,0.001462076854696663,218.26378141283453,15.86455104433718,0.3470405618880533,0.2830637543789244
Chromobacterium,R1,M2g,6,6,FALSE,0.025893777955998433,0.0016755749084148707,225.6805563393196,0.025281438597555474,0.0014603737807866398,218.8830853493055,14.736030628563555,3.105525938272625,2.422090642033986
Chromobacterium,R2,M0,-6,-6,FALSE,0.026277858698535512,0.001177236854111316,195.53160694172877,0.026253420216045296,0.0011788058997616044,166.75526740817762,-0.13310466554380543,17.2566300188368,0.09308685226193886
Chromobacterium,R2,M2g,-6,-6,FALSE,0.027271580917633133,0.0011493677013656141,207.12140636096137,0.026902025012035428,0.0011581383159691696,171.8828387558584,-0.7573028612058273,20.501504315480666,1.3737103635595207
Chromobacterium,R2,M0,-6,-3,FALSE,0.026281502492323392,0.0011770453501011634,195.58744649730232,0.026253420216045296,0.0011788058997616044,166.75526740817762,-0.1493502586640496,17.290115950910458,0.10696616306371123
Chromobacterium,R2,M2g,-6,-3,FALSE,0.02697021761904847,0.0011564240824983774,203.1875473416743,0.026902025012035428,0.0011581383159691696,171.8828387558584,-0.14801629884404166,18.212817994169264,0.2534850331249568
Chromobacterium,R2,M0,-6,0,FALSE,0.026253420216045296,0.0011788058997616044,195.2045131286497,0.026253420216045296,0.0011788058997616044,166.75526740817762,0,17.060478006271925,0
Chromobacterium,R2,M2g,-6,0,FALSE,0.026902025012035428,0.0011581383159691696,201.99142070864602,0.026902025012035428,0.0011581383159691696,171.8828387558584,0,17.516921509280937,0
Chromobacterium,R2,M0,-6,3,FALSE,0.026253420216045296,0.0011788058997616044,195.2045131286497,0.026253420216045296,0.0011788058997616044,166.75526740817762,0,17.060478006271925,0
Chromobacterium,R2,M2g,-6,3,FALSE,0.026902025012035428,0.0011581383159691696,201.99142070864602,0.026902025012035428,0.0011581383159691696,171.8828387558584,0,17.516921509280937,0
Chromobacterium,R2,M0,-6,6,FALSE,0.026253420216045296,0.0011788058997616044,195.2045131286497,0.026253420216045296,0.0011788058997616044,166.75526740817762,0,17.060478006271925,0
Chromobacterium,R2,M2g,-6,6,FALSE,0.026902025012035428,0.0011581383159691696,201.99142070864602,0.026902025012035428,0.0011581383159691696,171.8828387558584,0,17.516921509280937,0
Chromobacterium,R2,M0,-3,-6,FALSE,0.026277858698535512,0.001177236854111316,180.70908311382928,0.026253420216045296,0.0011788058997616044,166.75526740817762,-0.13310466554380543,8.367841041864068,0.09308685226193886
Chromobacterium,R2,M2g,-3,-6,FALSE,0.027271580917633133,0.0011493677013656141,190.8504968889508,0.026902025012035428,0.0011581383159691696,171.8828387558584,-0.7573028612058273,11.035225081448644,1.3737103635595207
Chromobacterium,R2,M0,-3,-3,FALSE,0.026281502492323392,0.0011770453501011634,180.7587137271597,0.026253420216045296,0.0011788058997616044,166.75526740817762,-0.1493502586640496,8.397603587960393,0.10696616306371123
Chromobacterium,R2,M2g,-3,-3,FALSE,0.02697021761904847,0.0011564240824983774,187.39501679997426,0.026902025012035428,0.0011581383159691696,171.8828387558584,-0.14801629884404166,9.024855626307929,0.2534850331249568
Chromobacterium,R2,M0,-3,0,FALSE,0.026253420216045296,0.0011788058997616044,180.4200121551129,0.026253420216045296,0.0011788058997616044,166.75526740817762,0,8.194490620489484,0
Chromobacterium,R2,M2g,-3,0,FALSE,0.026902025012035428,0.0011581383159691696,186.32997288608985,0.026902025012035428,0.0011581383159691696,171.8828387558584,0,8.405221972597337,0
Chromobacterium,R2,M0,-3,3,FALSE,0.026253420216045296,0.0011788058997616044,180.4200121551129,0.026253420216045296,0.0011788058997616044,166.75526740817762,0,8.194490620489484,0
Chromobacterium,R2,M2g,-3,3,FALSE,0.026902025012035428,0.0011581383159691696,186.32997288608985,0.026902025012035428,0.0011581383159691696,171.8828387558584,0,8.405221972597337,0
Chromobacterium,R2,M0,-3,6,FALSE,0.026253420216045296,0.0011788058997616044,180.4200121551129,0.026253420216045296,0.0011788058997616044,166.75526740817762,0,8.194490620489484,0
Chromobacterium,R2,M2g,-3,6,FALSE,0.026902025012035428,0.0011581383159691696,186.32997288608985,0.026902025012035428,0.0011581383159691696,171.8828387558584,0,8.405221972597337,0
Chromobacterium,R2,M0,0,-6,FALSE,0.026277858698535512,0.001177236854111316,167.01019968384318,0.026253420216045296,0.0011788058997616044,166.75526740817762,-0.13310466554380543,0.1528780947240202,0.09308685226193886
Chromobacterium,R2,M2g,0,-6,FALSE,0.027271580917633133,0.0011493677013656141,175.85778699900064,0.026902025012035428,0.0011581383159691696,171.8828387558584,-0.7573028612058273,2.312591688567728,1.3737103635595207
Chromobacterium,R2,M0,0,-3,FALSE,0.026281502492323392,0.0011770453501011634,167.05424184137476,0.026253420216045296,0.0011788058997616044,166.75526740817762,-0.1493502586640496,0.1792893489027403,0.10696616306371123
Chromobacterium,R2,M2g,0,-3,FALSE,0.02697021761904847,0.0011564240824983774,172.82994347291904,0.026902025012035428,0.0011581383159691696,171.8828387558584,-0.14801629884404166,0.5510176140422705,0.2534850331249568
Chromobacterium,R2,M0,0,0,TRUE,0.026253420216045296,0.0011788058997616044,166.75526740817762,0.026253420216045296,0.0011788058997616044,166.75526740817762,0,0,0
Chromobacterium,R2,M2g,0,0,TRUE,0.026902025012035428,0.0011581383159691696,171.8828387558584,0.026902025012035428,0.0011581383159691696,171.8828387558584,0,0,0
Chromobacterium,R2,M0,0,3,FALSE,0.026253420216045296,0.0011788058997616044,166.75526740817762,0.026253420216045296,0.0011788058997616044,166.75526740817762,0,0,0
Chromobacterium,R2,M2g,0,3,FALSE,0.026902025012035428,0.0011581383159691696,171.8828387558584,0.026902025012035428,0.0011581383159691696,171.8828387558584,0,0,0
Chromobacterium,R2,M0,0,6,FALSE,0.026253420216045296,0.0011788058997616044,166.75526740817762,0.026253420216045296,0.0011788058997616044,166.75526740817762,0,0,0
Chromobacterium,R2,M2g,0,6,FALSE,0.026902025012035428,0.0011581383159691696,171.8828387558584,0.026902025012035428,0.0011581383159691696,171.8828387558584,0,0,0
Chromobacterium,R2,M0,3,-6,FALSE,0.026329813804135568,0.00126959195129215,167.44755858555155,0.026253420216045296,0.0011788058997616044,166.75526740817762,7.701526735563979,0.4151540087062832,0.2909852791050153
Chromobacterium,R2,M2g,3,-6,FALSE,0.027807988736331828,0.0012277984108768755,180.6793069747496,0.026902025012035428,0.0011581383159691696,171.8828387558584,6.014833802421252,5.117711740487184,3.367641372317102
Chromobacterium,R2,M0,3,-3,FALSE,0.026326085557780463,0.0012698539286719452,167.41093662678406,0.026253420216045296,0.0011788058997616044,166.75526740817762,7.723750697952379,0.3931925082771294,0.2767842861508636
Chromobacterium,R2,M2g,3,-3,FALSE,0.027388808371053237,0.0012376854977658857,176.34080804055563,0.026902025012035428,0.0011581383159691696,171.8828387558584,6.86853899053916,2.5936092962889226,1.8094673497628244
Chromobacterium,R2,M0,3,0,FALSE,0.026290245485804144,0.001272181810211239,167.03391436222395,0.026253420216045296,0.0011788058997616044,166.75526740817762,7.921228632170786,0.1670993416743323,0.14026846580675786
Chromobacterium,R2,M2g,3,0,FALSE,0.02724500381187278,0.001241345460461908,174.5798179608629,0.026902025012035428,0.0011581383159691696,171.8828387558584,7.184560198503388,1.5690799759452934,1.2749181508972334
Chromobacterium,R2,M0,3,3,FALSE,0.026290245485804144,0.001272181810211239,167.03391436222395,0.026253420216045296,0.0011788058997616044,166.75526740817762,7.921228632170786,0.1670993416743323,0.14026846580675786
Chromobacterium,R2,M2g,3,3,FALSE,0.02724500381187278,0.001241345460461908,174.5798179608629,0.026902025012035428,0.0011581383159691696,171.8828387558584,7.184560198503388,1.5690799759452934,1.2749181508972334
Chromobacterium,R2,M0,3,6,FALSE,0.026290245485804144,0.001272181810211239,167.03391436222395,0.026253420216045296,0.0011788058997616044,166.75526740817762,7.921228632170786,0.1670993416743323,0.14026846580675786
Chromobacterium,R2,M2g,3,6,FALSE,0.02724500381187278,0.001241345460461908,174.5798179608629,0.026902025012035428,0.0011581383159691696,171.8828387558584,7.184560198503388,1.5690799759452934,1.2749181508972334
Chromobacterium,R2,M0,6,-6,FALSE,0.026300273097630417,0.001413121284147832,171.65846734255126,0.026253420216045296,0.0011788058997616044,166.75526740817762,19.877350837284947,2.940356853838846,0.1784639151758437
Chromobacterium,R2,M2g,6,-6,FALSE,0.027884949334942895,0.0013676900020346606,186.38535898257382,0.026902025012035428,0.0011581383159691696,171.8828387558584,18.09383932610251,8.437445140939722,3.653718716222021
Chromobacterium,R2,M0,6,-3,FALSE,0.026300518470590086,0.0014131414401398377,171.66559169540056,0.026253420216045296,0.0011788058997616044,166.75526740817762,19.87906070249768,2.9446291943532024,0.17939854753098172
Chromobacterium,R2,M2g,6,-3,FALSE,0.027403187842406657,0.0013791802261557853,181.28165145550872,0.026902025012035428,0.0011581383159691696,171.8828387558584,19.08596815585367,5.468150728532223,1.8629186098333466
Chromobacterium,R2,M0,6,0,FALSE,0.02626576815206803,0.0014155173915213286,171.2921590807779,0.026253420216045296,0.0011788058997616044,166.75526740817762,20.0806164787261,2.720688673356895,0.04703362808015273
Chromobacterium,R2,M2g,6,0,FALSE,0.027240850120761554,0.0013833709374024574,179.2969996765451,0.026902025012035428,0.0011581383159691696,171.8828387558584,19.447817098150786,4.313496899604833,1.259478082317382
Chromobacterium,R2,M0,6,3,FALSE,0.02626576815206803,0.0014155173915213286,171.2921590807779,0.026253420216045296,0.0011788058997616044,166.75526740817762,20.0806164787261,2.720688673356895,0.04703362808015273
Chromobacterium,R2,M2g,6,3,FALSE,0.027240850120761554,0.0013833709374024574,179.2969996765451,0.026902025012035428,0.0011581383159691696,171.8828387558584,19.447817098150786,4.313496899604833,1.259478082317382
Chromobacterium,R2,M0,6,6,FALSE,0.02626576815206803,0.0014155173915213286,171.2921590807779,0.026253420216045296,0.0011788058997616044,166.75526740817762,20.0806164787261,2.720688673356895,0.04703362808015273
Chromobacterium,R2,M2g,6,6,FALSE,0.027240850120761554,0.0013833709374024574,179.2969996765451,0.026902025012035428,0.0011581383159691696,171.8828387558584,19.447817098150786,4.313496899604833,1.259478082317382
Chromobacterium,R3,M0,-6,-6,FALSE,0.026522034220774714,0.0011506065312288922,252.81337478956266,0.026373880493910137,0.0011597839428399946,213.57333232898583,-0.7913035585429299,18.3731002521101,0.5617441350687339
Chromobacterium,R3,M2g,-6,-6,FALSE,0.026535823180521882,0.0011502058870270675,253.01307788718194,0.027035220588958568,0.001138079512612733,220.14405352052552,1.0655120560509441,14.930689174210112,-1.8472104075993534
Chromobacterium,R3,M0,-6,-3,FALSE,0.026464957153094913,0.0011540032060021036,251.77130730062248,0.026373880493910137,0.0011597839428399946,213.57333232898583,-0.4984322186540655,17.885180024628237,0.34532900536121425
Chromobacterium,R3,M2g,-6,-3,FALSE,0.02664766953698909,0.0011483449199187485,254.29495467457488,0.027035220588958568,0.001138079512612733,220.14405352052552,0.9019938582717125,15.512979164284012,-1.433504308552809
Chromobacterium,R3,M0,-6,0,FALSE,0.026373880493910137,0.0011597839428399946,250.19072665281647,0.026373880493910137,0.0011597839428399946,213.57333232898583,0,17.14511541517067,0
Chromobacterium,R3,M2g,-6,0,FALSE,0.027035220588958568,0.001138079512612733,258.9133486009681,0.027035220588958568,0.001138079512612733,220.14405352052552,0,17.610875451981205,0
Chromobacterium,R3,M0,-6,3,FALSE,0.026373880493910137,0.0011597839428399946,250.19072665281647,0.026373880493910137,0.0011597839428399946,213.57333232898583,0,17.14511541517067,0
Chromobacterium,R3,M2g,-6,3,FALSE,0.027035220588958568,0.001138079512612733,258.9133486009681,0.027035220588958568,0.001138079512612733,220.14405352052552,0,17.610875451981205,0
Chromobacterium,R3,M0,-6,6,FALSE,0.026373880493910137,0.0011597839428399946,250.19072665281647,0.026373880493910137,0.0011597839428399946,213.57333232898583,0,17.14511541517067,0
Chromobacterium,R3,M2g,-6,6,FALSE,0.027035220588958568,0.001138079512612733,258.9133486009681,0.027035220588958568,0.001138079512612733,220.14405352052552,0,17.610875451981205,0
Chromobacterium,R3,M0,-3,-6,FALSE,0.026522034220774714,0.0011506065312288922,233.47744211910043,0.026373880493910137,0.0011597839428399946,213.57333232898583,-0.7913035585429299,9.3195669951221,0.5617441350687339
Chromobacterium,R3,M2g,-3,-6,FALSE,0.026535823180521882,0.0011502058870270675,233.65220565642358,0.027035220588958568,0.001138079512612733,220.14405352052552,1.0655120560509441,6.136051335421877,-1.8472104075993534
Chromobacterium,R3,M0,-3,-3,FALSE,0.026464957153094913,0.0011540032060021036,232.5548923530312,0.026373880493910137,0.0011597839428399946,213.57333232898583,-0.4984322186540655,8.887607744400595,0.34532900536121425
Chromobacterium,R3,M2g,-3,-3,FALSE,0.02664766953698909,0.0011483449199187485,234.7572082218901,0.027035220588958568,0.001138079512612733,220.14405352052552,0.9019938582717125,6.637996560739305,-1.433504308552809
Chromobacterium,R3,M0,-3,0,FALSE,0.026373880493910137,0.0011597839428399946,231.1581000290763,0.026373880493910137,0.0011597839428399946,213.57333232898583,0,8.23359710144107,0
Chromobacterium,R3,M2g,-3,0,FALSE,0.027035220588958568,0.001138079512612733,238.74302936753975,0.027035220588958568,0.001138079512612733,220.14405352052552,0,8.448547916503284,0
Chromobacterium,R3,M0,-3,3,FALSE,0.026373880493910137,0.0011597839428399946,231.1581000290763,0.026373880493910137,0.0011597839428399946,213.57333232898583,0,8.23359710144107,0
Chromobacterium,R3,M2g,-3,3,FALSE,0.027035220588958568,0.001138079512612733,238.74302936753975,0.027035220588958568,0.001138079512612733,220.14405352052552,0,8.448547916503284,0
Chromobacterium,R3,M0,-3,6,FALSE,0.026373880493910137,0.0011597839428399946,231.1581000290763,0.026373880493910137,0.0011597839428399946,213.57333232898583,0,8.23359710144107,0
Chromobacterium,R3,M2g,-3,6,FALSE,0.027035220588958568,0.001138079512612733,238.74302936753975,0.027035220588958568,0.001138079512612733,220.14405352052552,0,8.448547916503284,0
Chromobacterium,R3,M0,0,-6,FALSE,0.026522034220774714,0.0011506065312288922,215.62038014742086,0.026373880493910137,0.0011597839428399946,213.57333232898583,-0.7913035585429299,0.958475384596137,0.5617441350687339
Chromobacterium,R3,M2g,0,-6,FALSE,0.026535823180521882,0.0011502058870270675,215.77285120595505,0.027035220588958568,0.001138079512612733,220.14405352052552,1.0655120560509441,-1.9856099879449667,-1.8472104075993534
Chromobacterium,R3,M0,0,-3,FALSE,0.026464957153094913,0.0011540032060021036,214.80516798029987,0.026373880493910137,0.0011597839428399946,213.57333232898583,-0.4984322186540655,0.5767740934137497,0.34532900536121425
Chromobacterium,R3,M2g,0,-3,FALSE,0.02664766953698909,0.0011483449199187485,216.72056719592487,0.027035220588958568,0.001138079512612733,220.14405352052552,0.9019938582717125,-1.555111877814792,-1.433504308552809
Chromobacterium,R3,M0,0,0,TRUE,0.026373880493910137,0.0011597839428399946,213.57333232898583,0.026373880493910137,0.0011597839428399946,213.57333232898583,0,0,0
Chromobacterium,R3,M2g,0,0,TRUE,0.027035220588958568,0.001138079512612733,220.14405352052552,0.027035220588958568,0.001138079512612733,220.14405352052552,0,0,0
Chromobacterium,R3,M0,0,3,FALSE,0.026373880493910137,0.0011597839428399946,213.57333232898583,0.026373880493910137,0.0011597839428399946,213.57333232898583,0,0,0
Chromobacterium,R3,M2g,0,3,FALSE,0.027035220588958568,0.001138079512612733,220.14405352052552,0.027035220588958568,0.001138079512612733,220.14405352052552,0,0,0
Chromobacterium,R3,M0,0,6,FALSE,0.026373880493910137,0.0011597839428399946,213.57333232898583,0.026373880493910137,0.0011597839428399946,213.57333232898583,0,0,0
Chromobacterium,R3,M2g,0,6,FALSE,0.027035220588958568,0.001138079512612733,220.14405352052552,0.027035220588958568,0.001138079512612733,220.14405352052552,0,0,0
Chromobacterium,R3,M0,3,-6,FALSE,0.026505805337163006,0.001247218303589777,215.4466398949068,0.026373880493910137,0.0011597839428399946,213.57333232898583,7.538849049391003,0.8771261587262968,0.500210210944616
Chromobacterium,R3,M2g,3,-6,FALSE,0.02651573733836383,0.0012469246667812634,215.55566687895399,0.027035220588958568,0.001138079512612733,220.14405352052552,9.563932305454681,-2.0842655380394937,-1.9215055001507877
Chromobacterium,R3,M0,3,-3,FALSE,0.02644825246107262,0.0012507774244505997,214.63602682315627,0.026373880493910137,0.0011597839428399946,213.57333232898583,7.845726971162131,0.49757827093013735,0.2819909917300758
Chromobacterium,R3,M2g,3,-3,FALSE,0.026543261627913182,0.0012477802104606762,215.62320171562612,0.027035220588958568,0.001138079512612733,220.14405352052552,9.639106638173203,-2.053587972330983,-1.8196964934190583
Chromobacterium,R3,M0,3,0,FALSE,0.026355030455151425,0.0012569421617596407,213.3937072189777,0.026373880493910137,0.0011597839428399946,213.57333232898583,8.377268845586194,-0.08410465297765991,-0.07147237496228474
Chromobacterium,R3,M2g,3,0,FALSE,0.02698457442244069,0.0012358554791764018,219.60043749886287,0.027035220588958568,0.001138079512612733,220.14405352052552,8.591312424138161,-0.24693650042741597,-0.1873340235979493
Chromobacterium,R3,M0,3,3,FALSE,0.026355030455151425,0.0012569421617596407,213.3937072189777,0.026373880493910137,0.0011597839428399946,213.57333232898583,8.377268845586194,-0.08410465297765991,-0.07147237496228474
Chromobacterium,R3,M2g,3,3,FALSE,0.02698457442244069,0.0012358554791764018,219.60043749886287,0.027035220588958568,0.001138079512612733,220.14405352052552,8.591312424138161,-0.24693650042741597,-0.1873340235979493
Chromobacterium,R3,M0,3,6,FALSE,0.026355030455151425,0.0012569421617596407,213.3937072189777,0.026373880493910137,0.0011597839428399946,213.57333232898583,8.377268845586194,-0.08410465297765991,-0.07147237496228474
Chromobacterium,R3,M2g,3,6,FALSE,0.02698457442244069,0.0012358554791764018,219.60043749886287,0.027035220588958568,0.001138079512612733,220.14405352052552,8.591312424138161,-0.24693650042741597,-0.1873340235979493
Chromobacterium,R3,M0,6,-6,FALSE,0.02655124309830758,0.0013828161668940834,221.73694388363646,0.026373880493910137,0.0011597839428399946,213.57333232898583,19.230497665620696,3.822392742402642,0.67249339526808
Chromobacterium,R3,M2g,6,-6,FALSE,0.02657192261072208,0.0013821956568993861,221.9728428337766,0.027035220588958568,0.001138079512612733,220.14405352052552,21.44983207071589,0.8307239209986577,-1.7136829962678568
Chromobacterium,R3,M0,6,-3,FALSE,0.026482906364713003,0.0013872510916234772,220.75188554612345,0.026373880493910137,0.0011597839428399946,213.57333232898583,19.612889985912165,3.361165525141435,0.41338577699266
Chromobacterium,R3,M2g,6,-3,FALSE,0.026827394198567812,0.0013762050965007166,224.49082831540173,0.027035220588958568,0.001138079512612733,220.14405352052552,20.92345756592257,1.9745138355376617,-0.7687245965199703
Chromobacterium,R3,M0,6,0,FALSE,0.026378050722940145,0.0013945347896744073,219.3198614888977,0.026373880493910137,0.0011597839428399946,213.57333232898583,20.240911963272385,2.6906585654898025,0.0158119660509228
Chromobacterium,R3,M2g,6,0,FALSE,0.027261000423542833,0.0013643733731566474,228.41830162904373,0.027035220588958568,0.001138079512612733,220.14405352052552,19.883835710600117,3.7585608042539036,0.835132207785557
Chromobacterium,R3,M0,6,3,FALSE,0.026378050722940145,0.0013945347896744073,219.3198614888977,0.026373880493910137,0.0011597839428399946,213.57333232898583,20.240911963272385,2.6906585654898025,0.0158119660509228
Chromobacterium,R3,M2g,6,3,FALSE,0.027261000423542833,0.0013643733731566474,228.41830162904373,0.027035220588958568,0.001138079512612733,220.14405352052552,19.883835710600117,3.7585608042539036,0.835132207785557
Chromobacterium,R3,M0,6,6,FALSE,0.026378050722940145,0.0013945347896744073,219.3198614888977,0.026373880493910137,0.0011597839428399946,213.57333232898583,20.240911963272385,2.6906585654898025,0.0158119660509228
Chromobacterium,R3,M2g,6,6,FALSE,0.027261000423542833,0.0013643733731566474,228.41830162904373,0.027035220588958568,0.001138079512612733,220.14405352052552,19.883835710600117,3.7585608042539036,0.835132207785557
Chromobacterium,R4,M0,-6,-6,FALSE,0.02328531342322948,0.0016897484808974519,254.95224251374455,0.023193495639002703,0.0016979271530389664,220.48210395227701,-0.48168569110142523,15.633984774078781,0.39587729963557283
Chromobacterium,R4,M2g,-6,-6,FALSE,0.02328984674374397,0.001689578638716913,255.0149685686061,0.02323031745172037,0.0016963588363073955,220.83263262138087,-0.3996912354488317,15.478842751393127,0.25625690284826613
Chromobacterium,R4,M0,-6,-3,FALSE,0.023265547487328737,0.0016914517582364496,254.60960164086455,0.023193495639002703,0.0016979271530389664,220.48210395227701,-0.38137059007078444,15.478579475082647,0.31065540722059365
Chromobacterium,R4,M2g,-6,-3,FALSE,0.023267724044813854,0.0016913648843177264,254.63825281228048,0.02323031745172037,0.0016963588363073955,220.83263262138087,-0.29439242940720783,15.308253943093455,0.16102488987172264
Chromobacterium,R4,M0,-6,0,FALSE,0.023193495639002703,0.0016979271530389664,253.40208709359462,0.023193495639002703,0.0016979271530389664,220.48210395227701,0,14.930909380492432,0
Chromobacterium,R4,M2g,-6,0,FALSE,0.02323031745172037,0.0016963588363073955,253.8610324259091,0.02323031745172037,0.0016963588363073955,220.83263262138087,0,14.956303972137873,0
Chromobacterium,R4,M0,-6,3,FALSE,0.023193495639002703,0.0016979271530389664,253.40208709359462,0.023193495639002703,0.0016979271530389664,220.48210395227701,0,14.930909380492432,0
Chromobacterium,R4,M2g,-6,3,FALSE,0.02323031745172037,0.0016963588363073955,253.8610324259091,0.02323031745172037,0.0016963588363073955,220.83263262138087,0,14.956303972137873,0
Chromobacterium,R4,M0,-6,6,FALSE,0.023193495639002703,0.0016979271530389664,253.40208709359462,0.023193495639002703,0.0016979271530389664,220.48210395227701,0,14.930909380492432,0
Chromobacterium,R4,M2g,-6,6,FALSE,0.02323031745172037,0.0016963588363073955,253.8610324259091,0.02323031745172037,0.0016963588363073955,220.83263262138087,0,14.956303972137873,0
Chromobacterium,R4,M0,-3,-6,FALSE,0.02328531342322948,0.0016897484808974519,237.7501430455462,0.023193495639002703,0.0016979271530389664,220.48210395227701,-0.48168569110142523,7.8319458966188105,0.39587729963557283
Chromobacterium,R4,M2g,-3,-6,FALSE,0.02328984674374397,0.001689578638716913,237.80540269111847,0.02323031745172037,0.0016963588363073955,220.83263262138087,-0.3996912354488317,7.685807060425505,0.25625690284826613
Chromobacterium,R4,M0,-3,-3,FALSE,0.023265547487328737,0.0016914517582364496,237.4447003189834,0.023193495639002703,0.0016979271530389664,220.48210395227701,-0.38137059007078444,7.6934118745428455,0.31065540722059365
Chromobacterium,R4,M2g,-3,-3,FALSE,0.023267724044813854,0.0016913648843177264,237.46986932169875,0.02323031745172037,0.0016963588363073955,220.83263262138087,-0.29439242940720783,7.533866939331628,0.16102488987172264
Chromobacterium,R4,M0,-3,0,FALSE,0.023193495639002703,0.0016979271530389664,236.36967933365284,0.023193495639002703,0.0016979271530389664,220.48210395227701,0,7.2058344403383705,0
Chromobacterium,R4,M2g,-3,0,FALSE,0.02323031745172037,0.0016963588363073955,236.7716201545177,0.02323031745172037,0.0016963588363073955,220.83263262138087,0,7.2176776339320945,0
Chromobacterium,R4,M0,-3,3,FALSE,0.023193495639002703,0.0016979271530389664,236.36967933365284,0.023193495639002703,0.0016979271530389664,220.48210395227701,0,7.2058344403383705,0
Chromobacterium,R4,M2g,-3,3,FALSE,0.02323031745172037,0.0016963588363073955,236.7716201545177,0.02323031745172037,0.0016963588363073955,220.83263262138087,0,7.2176776339320945,0
Chromobacterium,R4,M0,-3,6,FALSE,0.023193495639002703,0.0016979271530389664,236.36967933365284,0.023193495639002703,0.0016979271530389664,220.48210395227701,0,7.2058344403383705,0
Chromobacterium,R4,M2g,-3,6,FALSE,0.02323031745172037,0.0016963588363073955,236.7716201545177,0.02323031745172037,0.0016963588363073955,220.83263262138087,0,7.2176776339320945,0
Chromobacterium,R4,M0,0,-6,FALSE,0.02328531342322948,0.0016897484808974519,221.70870105263117,0.023193495639002703,0.0016979271530389664,220.48210395227701,-0.48168569110142523,0.5563250161199704,0.39587729963557283
Chromobacterium,R4,M2g,0,-6,FALSE,0.02328984674374397,0.001689578638716913,221.7572163175634,0.02323031745172037,0.0016963588363073955,220.83263262138087,-0.3996912354488317,0.4186807380808356,0.25625690284826613
Chromobacterium,R4,M0,0,-3,FALSE,0.023265547487328737,0.0016914517582364496,221.4369974510924,0.023193495639002703,0.0016979271530389664,220.48210395227701,-0.38137059007078444,0.43309342649508886,0.31065540722059365
Chromobacterium,R4,M2g,0,-3,FALSE,0.023267724044813854,0.0016913648843177264,221.4590235868326,0.02323031745172037,0.0016963588363073955,220.83263262138087,-0.29439242940720783,0.283649639102782,0.16102488987172264
Chromobacterium,R4,M0,0,0,TRUE,0.023193495639002703,0.0016979271530389664,220.48210395227701,0.023193495639002703,0.0016979271530389664,220.48210395227701,0,0,0
Chromobacterium,R4,M2g,0,0,TRUE,0.02323031745172037,0.0016963588363073955,220.83263262138087,0.02323031745172037,0.0016963588363073955,220.83263262138087,0,0,0
Chromobacterium,R4,M0,0,3,FALSE,0.023193495639002703,0.0016979271530389664,220.48210395227701,0.023193495639002703,0.0016979271530389664,220.48210395227701,0,0,0
Chromobacterium,R4,M2g,0,3,FALSE,0.02323031745172037,0.0016963588363073955,220.83263262138087,0.02323031745172037,0.0016963588363073955,220.83263262138087,0,0,0
Chromobacterium,R4,M0,0,6,FALSE,0.023193495639002703,0.0016979271530389664,220.48210395227701,0.023193495639002703,0.0016979271530389664,220.48210395227701,0,0,0
Chromobacterium,R4,M2g,0,6,FALSE,0.02323031745172037,0.0016963588363073955,220.83263262138087,0.02323031745172037,0.0016963588363073955,220.83263262138087,0,0,0
Chromobacterium,R4,M0,3,-6,FALSE,0.023340257509128774,0.0018056350378229085,222.2683604922437,0.023193495639002703,0.0016979271530389664,220.48210395227701,6.343492687019318,0.8101594224415167,0.6327716718961179
Chromobacterium,R4,M2g,3,-6,FALSE,0.023347399509177563,0.0018053668512516736,222.3442512883148,0.02323031745172037,0.0016963588363073955,220.83263262138087,6.425999771461376,0.6845087381291253,0.5040054131869903
Chromobacterium,R4,M0,3,-3,FALSE,0.023311788210118128,0.0018081522949989414,221.88222348452047,0.023193495639002703,0.0016979271530389664,220.48210395227701,6.491747408756203,0.6350263840672097,0.5100247627895355
Chromobacterium,R4,M2g,3,-3,FALSE,0.023321626279299477,0.0018077573639812873,221.98103339463322,0.02323031745172037,0.0016963588363073955,220.83263262138087,6.566919998859565,0.5200321889117219,0.39305888853596194
Chromobacterium,R4,M0,3,0,FALSE,0.023229593374019343,0.0018157480018410708,220.80864682750666,0.023193495639002703,0.0016979271530389664,220.48210395227701,6.939099159303006,0.1481040272095409,0.15563731995593352
Chromobacterium,R4,M2g,3,0,FALSE,0.02349193629775744,0.0018045053686411906,223.29383340025623,0.02323031745172037,0.0016963588363073955,220.83263262138087,6.375215551044998,1.1145095494537314,1.1261957421838726
Chromobacterium,R4,M0,3,3,FALSE,0.023229593374019343,0.0018157480018410708,220.80864682750666,0.023193495639002703,0.0016979271530389664,220.48210395227701,6.939099159303006,0.1481040272095409,0.15563731995593352
Chromobacterium,R4,M2g,3,3,FALSE,0.02349193629775744,0.0018045053686411906,223.29383340025623,0.02323031745172037,0.0016963588363073955,220.83263262138087,6.375215551044998,1.1145095494537314,1.1261957421838726
Chromobacterium,R4,M0,3,6,FALSE,0.023229593374019343,0.0018157480018410708,220.80864682750666,0.023193495639002703,0.0016979271530389664,220.48210395227701,6.939099159303006,0.1481040272095409,0.15563731995593352
Chromobacterium,R4,M2g,3,6,FALSE,0.02349193629775744,0.0018045053686411906,223.29383340025623,0.02323031745172037,0.0016963588363073955,220.83263262138087,6.375215551044998,1.1145095494537314,1.1261957421838726
Chromobacterium,R4,M0,6,-6,FALSE,0.023310207874617773,0.0019401943164639589,221.9661468816874,0.023193495639002703,0.0016979271530389664,220.48210395227701,14.268407392589275,0.6730899709355083,0.5032110615478103
Chromobacterium,R4,M2g,6,-6,FALSE,0.023311892547810818,0.001940132310588758,221.9838332015038,0.02323031745172037,0.0016963588363073955,220.83263262138087,14.370395523862415,0.5213000300081049,0.3511579050092029
Chromobacterium,R4,M0,6,-3,FALSE,0.023284274836788195,0.0019425590986194583,221.62081477537154,0.023193495639002703,0.0016979271530389664,220.48210395227701,14.407682045878545,0.5164640588430702,0.3913993785086698
Chromobacterium,R4,M2g,6,-3,FALSE,0.023288783937804092,0.0019423781476285696,221.66561263973205,0.02323031745172037,0.0016963588363073955,220.83263262138087,14.502787149486872,0.377199695743939,0.2516818214182093
Chromobacterium,R4,M0,6,0,FALSE,0.02320121120885934,0.0019504817926126307,220.55551447493718,0.023193495639002703,0.0016979271530389664,220.48210395227701,14.874291816444515,0.03329545634055544,0.033266093118198684
Chromobacterium,R4,M2g,6,0,FALSE,0.023309252732285315,0.0019458130805789068,221.5660817883093,0.02323031745172037,0.0016963588363073955,220.83263262138087,14.705275731313959,0.33212897850379813,0.3397942396998939
Chromobacterium,R4,M0,6,3,FALSE,0.02320121120885934,0.0019504817926126307,220.55551447493718,0.023193495639002703,0.0016979271530389664,220.48210395227701,14.874291816444515,0.03329545634055544,0.033266093118198684
Chromobacterium,R4,M2g,6,3,FALSE,0.023309252732285315,0.0019458130805789068,221.5660817883093,0.02323031745172037,0.0016963588363073955,220.83263262138087,14.705275731313959,0.33212897850379813,0.3397942396998939
Chromobacterium,R4,M0,6,6,FALSE,0.02320121120885934,0.0019504817926126307,220.55551447493718,0.023193495639002703,0.0016979271530389664,220.48210395227701,14.874291816444515,0.03329545634055544,0.033266093118198684
Chromobacterium,R4,M2g,6,6,FALSE,0.023309252732285315,0.0019458130805789068,221.5660817883093,0.02323031745172037,0.0016963588363073955,220.83263262138087,14.705275731313959,0.33212897850379813,0.3397942396998939
Chromobacterium,R5,M0,-6,-6,FALSE,0.02490346481994233,0.0012178185940959648,217.28038954028077,0.024926014888548828,0.0012159932372973732,187.34916782497962,0.15011241367168474,15.976170090738115,-0.09046800584580512
Chromobacterium,R5,M2g,-6,-6,FALSE,0.02490804363335938,0.0012176302322539985,217.32432775904408,0.024930549380710553,0.0012157886944773343,187.37682927445667,0.15146857221400978,15.9824982632844,-0.09027377218003213
Chromobacterium,R5,M0,-6,-3,FALSE,0.024900612531861297,0.001218055709359632,217.24459970268484,0.024926014888548828,0.0012159932372973732,187.34916782497962,0.16961213261701857,15.957066809943528,-0.10191102268498191
Chromobacterium,R5,M2g,-6,-3,FALSE,0.024905473736380655,0.0012178462313553848,217.28830066287819,0.024930549380710553,0.0012157886944773343,187.37682927445667,0.16923474345474007,15.963271181523334,-0.10058199659771468
Chromobacterium,R5,M0,-6,0,FALSE,0.024926014888548828,0.0012159932372973732,217.57207452042894,0.024926014888548828,0.0012159932372973732,187.34916782497962,0,16.131860656933032,0
Chromobacterium,R5,M2g,-6,0,FALSE,0.024930549380710553,0.0012157886944773343,217.61011870411815,0.024930549380710553,0.0012157886944773343,187.37682927445667,0,16.135020293986212,0
Chromobacterium,R5,M0,-6,3,FALSE,0.024926014888548828,0.0012159932372973732,217.57207452042894,0.024926014888548828,0.0012159932372973732,187.34916782497962,0,16.131860656933032,0
Chromobacterium,R5,M2g,-6,3,FALSE,0.024930549380710553,0.0012157886944773343,217.61011870411815,0.024930549380710553,0.0012157886944773343,187.37682927445667,0,16.135020293986212,0
Chromobacterium,R5,M0,-6,6,FALSE,0.024926014888548828,0.0012159932372973732,217.57207452042894,0.024926014888548828,0.0012159932372973732,187.34916782497962,0,16.131860656933032,0
Chromobacterium,R5,M2g,-6,6,FALSE,0.024930549380710553,0.0012157886944773343,217.61011870411815,0.024930549380710553,0.0012157886944773343,187.37682927445667,0,16.135020293986212,0
Chromobacterium,R5,M0,-3,-6,FALSE,0.02490346481994233,0.0012178185940959648,201.6388533769311,0.024926014888548828,0.0012159932372973732,187.34916782497962,0.15011241367168474,7.62730132076211,-0.09046800584580512
Chromobacterium,R5,M2g,-3,-6,FALSE,0.02490804363335938,0.0012176302322539985,201.6768582390642,0.024930549380710553,0.0012157886944773343,187.37682927445667,0.15146857221400978,7.6316954556114425,-0.09027377218003213
Chromobacterium,R5,M0,-3,-3,FALSE,0.024900612531861297,0.001218055709359632,201.60736509030377,0.024926014888548828,0.0012159932372973732,187.34916782497962,0.16961213261701857,7.61049404748041,-0.10191102268498191
Chromobacterium,R5,M2g,-3,-3,FALSE,0.024905473736380655,0.0012178462313553848,201.64497972785037,0.024930549380710553,0.0012157886944773343,187.37682927445667,0.16923474345474007,7.614682406913128,-0.10058199659771468
Chromobacterium,R5,M0,-3,0,FALSE,0.024926014888548828,0.0012159932372973732,201.89588183852788,0.024926014888548828,0.0012159932372973732,187.34916782497962,0,7.764493529609757,0
Chromobacterium,R5,M2g,-3,0,FALSE,0.024930549380710553,0.0012157886944773343,201.92843796953363,0.024930549380710553,0.0012157886944773343,187.37682927445667,0,7.765959511334655,0
Chromobacterium,R5,M0,-3,3,FALSE,0.024926014888548828,0.0012159932372973732,201.89588183852788,0.024926014888548828,0.0012159932372973732,187.34916782497962,0,7.764493529609757,0
Chromobacterium,R5,M2g,-3,3,FALSE,0.024930549380710553,0.0012157886944773343,201.92843796953363,0.024930549380710553,0.0012157886944773343,187.37682927445667,0,7.765959511334655,0
Chromobacterium,R5,M0,-3,6,FALSE,0.024926014888548828,0.0012159932372973732,201.89588183852788,0.024926014888548828,0.0012159932372973732,187.34916782497962,0,7.764493529609757,0
Chromobacterium,R5,M2g,-3,6,FALSE,0.024930549380710553,0.0012157886944773343,201.92843796953363,0.024930549380710553,0.0012157886944773343,187.37682927445667,0,7.765959511334655,0
Chromobacterium,R5,M0,0,-6,FALSE,0.02490346481994233,0.0012178185940959648,187.12331691409304,0.024926014888548828,0.0012159932372973732,187.34916782497962,0.15011241367168474,-0.12055079481194521,-0.09046800584580512
Chromobacterium,R5,M2g,0,-6,FALSE,0.02490804363335938,0.0012176302322539985,187.15601501492247,0.024930549380710553,0.0012157886944773343,187.37682927445667,0.15146857221400978,-0.11784501871934254,-0.09027377218003213
Chromobacterium,R5,M0,0,-3,FALSE,0.024900612531861297,0.001218055709359632,187.09569634541614,0.024926014888548828,0.0012159932372973732,187.34916782497962,0.16961213261701857,-0.1352936244692926,-0.10191102268498191
Chromobacterium,R5,M2g,0,-3,FALSE,0.024905473736380655,0.0012178462313553848,187.12787446632987,0.024930549380710553,0.0012157886944773343,187.37682927445667,0.16923474345474007,-0.13286317688840016,-0.10058199659771468
Chromobacterium,R5,M0,0,0,TRUE,0.024926014888548828,0.0012159932372973732,187.34916782497962,0.024926014888548828,0.0012159932372973732,187.34916782497962,0,0,0
Chromobacterium,R5,M2g,0,0,TRUE,0.024930549380710553,0.0012157886944773343,187.37682927445667,0.024930549380710553,0.0012157886944773343,187.37682927445667,0,0,0
Chromobacterium,R5,M0,0,3,FALSE,0.024926014888548828,0.0012159932372973732,187.34916782497962,0.024926014888548828,0.0012159932372973732,187.34916782497962,0,0,0
Chromobacterium,R5,M2g,0,3,FALSE,0.024930549380710553,0.0012157886944773343,187.37682927445667,0.024930549380710553,0.0012157886944773343,187.37682927445667,0,0,0
Chromobacterium,R5,M0,0,6,FALSE,0.024926014888548828,0.0012159932372973732,187.34916782497962,0.024926014888548828,0.0012159932372973732,187.34916782497962,0,0,0
Chromobacterium,R5,M2g,0,6,FALSE,0.024930549380710553,0.0012157886944773343,187.37682927445667,0.024930549380710553,0.0012157886944773343,187.37682927445667,0,0,0
Chromobacterium,R5,M0,3,-6,FALSE,0.024925070882580037,0.0013100234339963838,187.27336308808347,0.024926014888548828,0.0012159932372973732,187.34916782497962,7.732789444454393,-0.040461741984870694,-0.0037872318259119984
Chromobacterium,R5,M2g,3,-6,FALSE,0.024934540003690057,0.0013096277655974306,187.3404932298954,0.024930549380710553,0.0012157886944773343,187.37682927445667,7.718370103814584,-0.01939196255052673,0.016006959648435577
Chromobacterium,R5,M0,3,-3,FALSE,0.02491933774929598,0.001310505817304899,187.21668837126523,0.024926014888548828,0.0012159932372973732,187.34916782497962,7.772459345052464,-0.07071259256307083,-0.02678783304392724
Chromobacterium,R5,M2g,3,-3,FALSE,0.02494560731160678,0.0013093474448767379,187.3894671851178,0.024930549380710553,0.0012157886944773343,187.37682927445667,7.69531340638303,0.006744649650693902,0.060399514933584926
Chromobacterium,R5,M0,3,0,FALSE,0.024943364214479704,0.0013084759784710532,187.45296226719685,0.024926014888548828,0.0012159932372973732,187.34916782497962,7.605530881012886,0.05540160301870141,0.0696032880043182
Chromobacterium,R5,M2g,3,0,FALSE,0.024949373542584263,0.0013081977952130327,187.48938449821614,0.024930549380710553,0.0012157886944773343,187.37682927445667,7.600753416729611,0.060068912573287635,0.07550640616156766
Chromobacterium,R5,M0,3,3,FALSE,0.024943364214479704,0.0013084759784710532,187.45296226719685,0.024926014888548828,0.0012159932372973732,187.34916782497962,7.605530881012886,0.05540160301870141,0.0696032880043182
Chromobacterium,R5,M2g,3,3,FALSE,0.024949373542584263,0.0013081977952130327,187.48938449821614,0.024930549380710553,0.0012157886944773343,187.37682927445667,7.600753416729611,0.060068912573287635,0.07550640616156766
Chromobacterium,R5,M0,3,6,FALSE,0.024943364214479704,0.0013084759784710532,187.45296226719685,0.024926014888548828,0.0012159932372973732,187.34916782497962,7.605530881012886,0.05540160301870141,0.0696032880043182
Chromobacterium,R5,M2g,3,6,FALSE,0.024949373542584263,0.0013081977952130327,187.48938449821614,0.024930549380710553,0.0012157886944773343,187.37682927445667,7.600753416729611,0.060068912573287635,0.07550640616156766
Chromobacterium,R5,M0,6,-6,FALSE,0.024934156566111657,0.0014107471497044484,187.33612478373735,0.024926014888548828,0.0012159932372973732,187.34916782497962,16.016035816114314,-0.0069618890725228425,0.03266337438708986
Chromobacterium,R5,M2g,6,-6,FALSE,0.024956849419506922,0.0014097799598466762,187.49586747138025,0.024930549380710553,0.0012157886944773343,187.37682927445667,15.956001750183935,0.06352877107831942,0.10549321795819665
Chromobacterium,R5,M0,6,-3,FALSE,0.024926974731180492,0.0014113725015684837,187.26577040029878,0.024926014888548828,0.0012159932372973732,187.34916782497962,16.06746306462642,-0.044514435611877866,0.003850766502210043
Chromobacterium,R5,M2g,6,-3,FALSE,0.02499336697630663,0.0014083836220059383,187.69935107977574,0.024930549380710553,0.0012157886944773343,187.37682927445667,15.841151377986801,0.17212470003250105,0.25197036229245456
Chromobacterium,R5,M0,6,0,FALSE,0.0249509785066326,0.001409262399547337,187.49821412656814,0.024926014888548828,0.0012159932372973732,187.34916782497962,15.89393397281694,0.07955535822169486,0.10015085923437961
Chromobacterium,R5,M2g,6,0,FALSE,0.024956358576904984,0.001409006753637061,187.53056001074964,0.024930549380710553,0.0012157886944773343,187.37682927445667,15.89240466188006,0.08204362134220809,0.10352437806444681
Chromobacterium,R5,M0,6,3,FALSE,0.0249509785066326,0.001409262399547337,187.49821412656814,0.024926014888548828,0.0012159932372973732,187.34916782497962,15.89393397281694,0.07955535822169486,0.10015085923437961
Chromobacterium,R5,M2g,6,3,FALSE,0.024956358576904984,0.001409006753637061,187.53056001074964,0.024930549380710553,0.0012157886944773343,187.37682927445667,15.89240466188006,0.08204362134220809,0.10352437806444681
Chromobacterium,R5,M0,6,6,FALSE,0.0249509785066326,0.001409262399547337,187.49821412656814,0.024926014888548828,0.0012159932372973732,187.34916782497962,15.89393397281694,0.07955535822169486,0.10015085923437961
Chromobacterium,R5,M2g,6,6,FALSE,0.024956358576904984,0.001409006753637061,187.53056001074964,0.024930549380710553,0.0012157886944773343,187.37682927445667,15.89240466188006,0.08204362134220809,0.10352437806444681
Chryseobacterium,R1,M0,-6,-6,FALSE,0.015432780610988458,8.399844622978409e-4,45.03164326511279,0.015460105223637544,8.384499691769018e-4,41.14579546813374,0.18301546631880972,9.444094476162284,-0.17674273398416965
Chryseobacterium,R1,M2g,-6,-6,FALSE,0.015667464447918632,8.349240458814907e-4,45.83973918455952,0.015463354591036937,8.383726975628718e-4,41.15446944631832,-0.41135066676267984,11.384595163722468,1.3199584584318056
Chryseobacterium,R1,M0,-6,-3,FALSE,0.015432956596335227,8.399619467925588e-4,45.03169648901955,0.015460105223637544,8.384499691769018e-4,41.14579546813374,0.18033009377307027,9.444223830586363,-0.17560441477984617
Chryseobacterium,R1,M2g,-6,-3,FALSE,0.015601555706480898,8.361448010251811e-4,45.59185289268119,0.015463354591036937,8.383726975628718e-4,41.15446944631832,-0.26574058818555774,10.782263763966064,0.8937330812039116
Chryseobacterium,R1,M0,-6,0,FALSE,0.015460105223637544,8.384499691769018e-4,45.14512847116696,0.015460105223637544,8.384499691769018e-4,41.14579546813374,0,9.719906876343156,0
Chryseobacterium,R1,M2g,-6,0,FALSE,0.015463354591036937,8.383726975628718e-4,45.15552590473441,0.015463354591036937,8.383726975628718e-4,41.15446944631832,0,9.722046018926438,0
Chryseobacterium,R1,M0,-6,3,FALSE,0.015460105223637544,8.384499691769018e-4,45.14512847116696,0.015460105223637544,8.384499691769018e-4,41.14579546813374,0,9.719906876343156,0
Chryseobacterium,R1,M2g,-6,3,FALSE,0.015463354591036937,8.383726975628718e-4,45.15552590473441,0.015463354591036937,8.383726975628718e-4,41.15446944631832,0,9.722046018926438,0
Chryseobacterium,R1,M0,-6,6,FALSE,0.015460105223637544,8.384499691769018e-4,45.14512847116696,0.015460105223637544,8.384499691769018e-4,41.14579546813374,0,9.719906876343156,0
Chryseobacterium,R1,M2g,-6,6,FALSE,0.015463354591036937,8.383726975628718e-4,45.15552590473441,0.015463354591036937,8.383726975628718e-4,41.15446944631832,0,9.722046018926438,0
Chryseobacterium,R1,M0,-3,-6,FALSE,0.015432780610988458,8.399844622978409e-4,42.994280038667334,0.015460105223637544,8.384499691769018e-4,41.14579546813374,0.18301546631880972,4.492523596888999,-0.17674273398416965
Chryseobacterium,R1,M2g,-3,-6,FALSE,0.015667464447918632,8.349240458814907e-4,43.73501279177272,0.015463354591036937,8.383726975628718e-4,41.15446944631832,-0.41135066676267984,6.270384189548214,1.3199584584318056
Chryseobacterium,R1,M0,-3,-3,FALSE,0.015432956596335227,8.399619467925588e-4,42.99430815545826,0.015460105223637544,8.384499691769018e-4,41.14579546813374,0.18033009377307027,4.492591931431106,-0.17560441477984617
Chryseobacterium,R1,M2g,-3,-3,FALSE,0.015601555706480898,8.361448010251811e-4,43.50710981683507,0.015463354591036937,8.383726975628718e-4,41.15446944631832,-0.26574058818555774,5.716609646943735,0.8937330812039116
Chryseobacterium,R1,M0,-3,0,FALSE,0.015460105223637544,8.384499691769018e-4,43.09909769887598,0.015460105223637544,8.384499691769018e-4,41.14579546813374,0,4.747270549806276,0
Chryseobacterium,R1,M2g,-3,0,FALSE,0.015463354591036937,8.383726975628718e-4,43.108603679298504,0.015463354591036937,8.383726975628718e-4,41.15446944631832,0,4.7482916418814325,0
Chryseobacterium,R1,M0,-3,3,FALSE,0.015460105223637544,8.384499691769018e-4,43.09909769887598,0.015460105223637544,8.384499691769018e-4,41.14579546813374,0,4.747270549806276,0
Chryseobacterium,R1,M2g,-3,3,FALSE,0.015463354591036937,8.383726975628718e-4,43.108603679298504,0.015463354591036937,8.383726975628718e-4,41.15446944631832,0,4.7482916418814325,0
Chryseobacterium,R1,M0,-3,6,FALSE,0.015460105223637544,8.384499691769018e-4,43.09909769887598,0.015460105223637544,8.384499691769018e-4,41.14579546813374,0,4.747270549806276,0
Chryseobacterium,R1,M2g,-3,6,FALSE,0.015463354591036937,8.383726975628718e-4,43.108603679298504,0.015463354591036937,8.383726975628718e-4,41.15446944631832,0,4.7482916418814325,0
Chryseobacterium,R1,M0,0,-6,FALSE,0.015432780610988458,8.399844622978409e-4,41.04909308240673,0.015460105223637544,8.384499691769018e-4,41.14579546813374,0.18301546631880972,-0.23502373602645932,-0.17674273398416965
Chryseobacterium,R1,M2g,0,-6,FALSE,0.015667464447918632,8.349240458814907e-4,41.72692467108992,0.015463354591036937,8.383726975628718e-4,41.15446944631832,-0.41135066676267984,1.390991628547909,1.3199584584318056
Chryseobacterium,R1,M0,0,-3,FALSE,0.015432956596335227,8.399619467925588e-4,41.04909825498671,0.015460105223637544,8.384499691769018e-4,41.14579546813374,0.18033009377307027,-0.2350111646812629,-0.17560441477984617
Chryseobacterium,R1,M2g,0,-3,FALSE,0.015601555706480898,8.361448010251811e-4,41.51769416061628,0.015463354591036937,8.383726975628718e-4,41.15446944631832,-0.26574058818555774,0.8825887423278411,0.8937330812039116
Chryseobacterium,R1,M0,0,0,TRUE,0.015460105223637544,8.384499691769018e-4,41.14579546813374,0.015460105223637544,8.384499691769018e-4,41.14579546813374,0,0,0
Chryseobacterium,R1,M2g,0,0,TRUE,0.015463354591036937,8.383726975628718e-4,41.15446944631832,0.015463354591036937,8.383726975628718e-4,41.15446944631832,0,0,0
Chryseobacterium,R1,M0,0,3,FALSE,0.015460105223637544,8.384499691769018e-4,41.14579546813374,0.015460105223637544,8.384499691769018e-4,41.14579546813374,0,0,0
Chryseobacterium,R1,M2g,0,3,FALSE,0.015463354591036937,8.383726975628718e-4,41.15446944631832,0.015463354591036937,8.383726975628718e-4,41.15446944631832,0,0,0
Chryseobacterium,R1,M0,0,6,FALSE,0.015460105223637544,8.384499691769018e-4,41.14579546813374,0.015460105223637544,8.384499691769018e-4,41.14579546813374,0,0,0
Chryseobacterium,R1,M2g,0,6,FALSE,0.015463354591036937,8.383726975628718e-4,41.15446944631832,0.015463354591036937,8.383726975628718e-4,41.15446944631832,0,0,0
Chryseobacterium,R1,M0,3,-6,FALSE,0.015417803476184617,8.808945984984511e-4,41.008442788846764,0.015460105223637544,8.384499691769018e-4,41.14579546813374,5.06227334747436,-0.33381947711608245,-0.27361875511850153
Chryseobacterium,R1,M2g,3,-6,FALSE,0.015558706674289914,8.778644697796785e-4,41.411001353340126,0.015463354591036937,8.383726975628718e-4,41.15446944631832,4.710526992542606,0.6233391183828072,0.6166325857149169
Chryseobacterium,R1,M0,3,-3,FALSE,0.015419538432127594,8.80784550474848e-4,41.01399406998021,0.015460105223637544,8.384499691769018e-4,41.14579546813374,5.049148172729451,-0.3203277434643617,-0.2623966067703475
Chryseobacterium,R1,M2g,3,-3,FALSE,0.015502851848065793,8.789009646611685e-4,41.243160729789366,0.015463354591036937,8.383726975628718e-4,41.15446944631832,4.834158747787389,0.21550826596545336,0.2554248937145235
Chryseobacterium,R1,M0,3,0,FALSE,0.01544922685368311,8.791009330570072e-4,41.11833604295066,0.015460105223637544,8.384499691769018e-4,41.14579546813374,4.848346994396336,-0.06673689224054138,-0.07036413916382456
Chryseobacterium,R1,M2g,3,0,FALSE,0.015455583936744052,8.789500505227772e-4,41.135168631053695,0.015463354591036937,8.383726975628718e-4,41.15446944631832,4.840013645227565,-0.04689846698134319,-0.050252060425417515
Chryseobacterium,R1,M0,3,3,FALSE,0.01544922685368311,8.791009330570072e-4,41.11833604295066,0.015460105223637544,8.384499691769018e-4,41.14579546813374,4.848346994396336,-0.06673689224054138,-0.07036413916382456
Chryseobacterium,R1,M2g,3,3,FALSE,0.015455583936744052,8.789500505227772e-4,41.135168631053695,0.015463354591036937,8.383726975628718e-4,41.15446944631832,4.840013645227565,-0.04689846698134319,-0.050252060425417515
Chryseobacterium,R1,M0,3,6,FALSE,0.01544922685368311,8.791009330570072e-4,41.11833604295066,0.015460105223637544,8.384499691769018e-4,41.14579546813374,4.848346994396336,-0.06673689224054138,-0.07036413916382456
Chryseobacterium,R1,M2g,3,6,FALSE,0.015455583936744052,8.789500505227772e-4,41.135168631053695,0.015463354591036937,8.383726975628718e-4,41.15446944631832,4.840013645227565,-0.04689846698134319,-0.050252060425417515
Chryseobacterium,R1,M0,6,-6,FALSE,0.015404123700724392,9.379627036589236e-4,41.60770746596483,0.015460105223637544,8.384499691769018e-4,41.14579546813374,11.868655034922654,1.1226225974627846,-0.3621031170445064
Chryseobacterium,R1,M2g,6,-6,FALSE,0.015440907986981875,9.37176374846393e-4,41.714466709646246,0.015463354591036937,8.383726975628718e-4,41.15446944631832,11.785173535677032,1.3607204050057788,-0.14515999049826211
Chryseobacterium,R1,M0,6,-3,FALSE,0.015407449451371187,9.377589095819789e-4,41.619013333072,0.015460105223637544,8.384499691769018e-4,41.14579546813374,11.84434898394327,1.1501001731871974,-0.34059129290950596
Chryseobacterium,R1,M2g,6,-3,FALSE,0.01542922580225734,9.372686644985422e-4,41.679980189333726,0.015463354591036937,8.383726975628718e-4,41.15446944631832,11.796181724805505,1.2769226528381714,-0.2207075352160581
Chryseobacterium,R1,M0,6,0,FALSE,0.015440220901419513,9.358580946497915e-4,41.73526551437226,0.015460105223637544,8.384499691769018e-4,41.14579546813374,11.617643157470003,1.4326373801547847,-0.1286169914783594
Chryseobacterium,R1,M2g,6,0,FALSE,0.015446735711981512,9.357045022576393e-4,41.75286288210594,0.015463354591036937,8.383726975628718e-4,41.15446944631832,11.6096104963471,1.4540181026222558,-0.10747266356459297
Chryseobacterium,R1,M0,6,3,FALSE,0.015440220901419513,9.358580946497915e-4,41.73526551437226,0.015460105223637544,8.384499691769018e-4,41.14579546813374,11.617643157470003,1.4326373801547847,-0.1286169914783594
Chryseobacterium,R1,M2g,6,3,FALSE,0.015446735711981512,9.357045022576393e-4,41.75286288210594,0.015463354591036937,8.383726975628718e-4,41.15446944631832,11.6096104963471,1.4540181026222558,-0.10747266356459297
Chryseobacterium,R1,M0,6,6,FALSE,0.015440220901419513,9.358580946497915e-4,41.73526551437226,0.015460105223637544,8.384499691769018e-4,41.14579546813374,11.617643157470003,1.4326373801547847,-0.1286169914783594
Chryseobacterium,R1,M2g,6,6,FALSE,0.015446735711981512,9.357045022576393e-4,41.75286288210594,0.015463354591036937,8.383726975628718e-4,41.15446944631832,11.6096104963471,1.4540181026222558,-0.10747266356459297
Chryseobacterium,R2,M0,-6,-6,FALSE,0.016802189265247357,7.880147306516065e-4,48.48570093548937,0.016811791135711532,7.875711371962443e-4,43.87239330842958,0.0563242397304375,10.515285990047403,-0.057113905274365176
Chryseobacterium,R2,M2g,-6,-6,FALSE,0.017209821353462766,7.800313097680783e-4,49.92970782482622,0.017019173780581834,7.830731700336755e-4,44.4311383049213,-0.3884516009489129,12.375486493659976,1.1201928797416314
Chryseobacterium,R2,M0,-6,-3,FALSE,0.01681476572874352,7.874201953502939e-4,48.54123265536655,0.016811791135711532,7.875711371962443e-4,43.87239330842958,-0.019165487258425446,10.641861532636986,0.01769349266818347
Chryseobacterium,R2,M2g,-6,-3,FALSE,0.017053305053515076,7.824993904220729e-4,49.353147635660015,0.017019173780581834,7.830731700336755e-4,44.4311383049213,-0.0732727966631707,11.077837567338543,0.20054600401450792
Chryseobacterium,R2,M0,-6,0,FALSE,0.016811791135711532,7.875711371962443e-4,48.52873103690026,0.016811791135711532,7.875711371962443e-4,43.87239330842958,0,10.613366122372037,0
Chryseobacterium,R2,M2g,-6,0,FALSE,0.017019173780581834,7.830731700336755e-4,49.20796888010001,0.017019173780581834,7.830731700336755e-4,44.4311383049213,0,10.751087542246516,0
Chryseobacterium,R2,M0,-6,3,FALSE,0.016811791135711532,7.875711371962443e-4,48.52873103690026,0.016811791135711532,7.875711371962443e-4,43.87239330842958,0,10.613366122372037,0
Chryseobacterium,R2,M2g,-6,3,FALSE,0.017019173780581834,7.830731700336755e-4,49.20796888010001,0.017019173780581834,7.830731700336755e-4,44.4311383049213,0,10.751087542246516,0
Chryseobacterium,R2,M0,-6,6,FALSE,0.016811791135711532,7.875711371962443e-4,48.52873103690026,0.016811791135711532,7.875711371962443e-4,43.87239330842958,0,10.613366122372037,0
Chryseobacterium,R2,M2g,-6,6,FALSE,0.017019173780581834,7.830731700336755e-4,49.20796888010001,0.017019173780581834,7.830731700336755e-4,44.4311383049213,0,10.751087542246516,0
Chryseobacterium,R2,M0,-3,-6,FALSE,0.016802189265247357,7.880147306516065e-4,46.10227788507172,0.016811791135711532,7.875711371962443e-4,43.87239330842958,0.0563242397304375,5.082659979285186,-0.057113905274365176
Chryseobacterium,R2,M2g,-3,-6,FALSE,0.017209821353462766,7.800313097680783e-4,47.417279502632844,0.017019173780581834,7.830731700336755e-4,44.4311383049213,-0.3884516009489129,6.720829831588615,1.1201928797416314
Chryseobacterium,R2,M0,-3,-3,FALSE,0.01681476572874352,7.874201953502939e-4,46.1533384489026,0.016811791135711532,7.875711371962443e-4,43.87239330842958,-0.019165487258425446,5.199044247341676,0.01769349266818347
Chryseobacterium,R2,M2g,-3,-3,FALSE,0.017053305053515076,7.824993904220729e-4,46.89174422139027,0.017019173780581834,7.830731700336755e-4,44.4311383049213,-0.0732727966631707,5.538021329956402,0.20054600401450792
Chryseobacterium,R2,M0,-3,0,FALSE,0.016811791135711532,7.875711371962443e-4,46.14186358189146,0.016811791135711532,7.875711371962443e-4,43.87239330842958,0,5.172889150375629,0
Chryseobacterium,R2,M2g,-3,0,FALSE,0.017019173780581834,7.830731700336755e-4,46.75859355258653,0.017019173780581834,7.830731700336755e-4,44.4311383049213,0,5.23834260489212,0
Chryseobacterium,R2,M0,-3,3,FALSE,0.016811791135711532,7.875711371962443e-4,46.14186358189146,0.016811791135711532,7.875711371962443e-4,43.87239330842958,0,5.172889150375629,0
Chryseobacterium,R2,M2g,-3,3,FALSE,0.017019173780581834,7.830731700336755e-4,46.75859355258653,0.017019173780581834,7.830731700336755e-4,44.4311383049213,0,5.23834260489212,0
Chryseobacterium,R2,M0,-3,6,FALSE,0.016811791135711532,7.875711371962443e-4,46.14186358189146,0.016811791135711532,7.875711371962443e-4,43.87239330842958,0,5.172889150375629,0
Chryseobacterium,R2,M2g,-3,6,FALSE,0.017019173780581834,7.830731700336755e-4,46.75859355258653,0.017019173780581834,7.830731700336755e-4,44.4311383049213,0,5.23834260489212,0
Chryseobacterium,R2,M0,0,-6,FALSE,0.016802189265247357,7.880147306516065e-4,43.83601732437079,0.016811791135711532,7.875711371962443e-4,43.87239330842958,0.0563242397304375,-0.08291315179242074,-0.057113905274365176
Chryseobacterium,R2,M2g,0,-6,FALSE,0.017209821353462766,7.800313097680783e-4,45.03127483379442,0.017019173780581834,7.830731700336755e-4,44.4311383049213,-0.3884516009489129,1.3507115769902516,1.1201928797416314
Chryseobacterium,R2,M0,0,-3,FALSE,0.01681476572874352,7.874201953502939e-4,43.88291218524406,0.016811791135711532,7.875711371962443e-4,43.87239330842958,-0.019165487258425446,0.023976072471202196,0.01769349266818347
Chryseobacterium,R2,M2g,0,-3,FALSE,0.017053305053515076,7.824993904220729e-4,44.553099071953056,0.017019173780581834,7.830731700336755e-4,44.4311383049213,-0.0732727966631707,0.27449390604122775,0.20054600401450792
Chryseobacterium,R2,M0,0,0,TRUE,0.016811791135711532,7.875711371962443e-4,43.87239330842958,0.016811791135711532,7.875711371962443e-4,43.87239330842958,0,0,0
Chryseobacterium,R2,M2g,0,0,TRUE,0.017019173780581834,7.830731700336755e-4,44.4311383049213,0.017019173780581834,7.830731700336755e-4,44.4311383049213,0,0,0
Chryseobacterium,R2,M0,0,3,FALSE,0.016811791135711532,7.875711371962443e-4,43.87239330842958,0.016811791135711532,7.875711371962443e-4,43.87239330842958,0,0,0
Chryseobacterium,R2,M2g,0,3,FALSE,0.017019173780581834,7.830731700336755e-4,44.4311383049213,0.017019173780581834,7.830731700336755e-4,44.4311383049213,0,0,0
Chryseobacterium,R2,M0,0,6,FALSE,0.016811791135711532,7.875711371962443e-4,43.87239330842958,0.016811791135711532,7.875711371962443e-4,43.87239330842958,0,0,0
Chryseobacterium,R2,M2g,0,6,FALSE,0.017019173780581834,7.830731700336755e-4,44.4311383049213,0.017019173780581834,7.830731700336755e-4,44.4311383049213,0,0,0
Chryseobacterium,R2,M0,3,-6,FALSE,0.01677613646446709,8.304686070828073e-4,43.76446954732627,0.016811791135711532,7.875711371962443e-4,43.87239330842958,5.446805737355755,-0.24599469726802345,-0.2120813359898579
Chryseobacterium,R2,M2g,3,-6,FALSE,0.01702949881308315,8.255107890497449e-4,44.4977823934964,0.017019173780581834,7.830731700336755e-4,44.4311383049213,5.419368283840501,0.1499941057502038,0.060667060777630524
Chryseobacterium,R2,M0,3,-3,FALSE,0.0167921018111642,8.29695528885893e-4,43.82298806337023,0.016811791135711532,7.875711371962443e-4,43.87239330842958,5.3486459444935495,-0.11261123757717253,-0.1171161620340934
Chryseobacterium,R2,M2g,3,-3,FALSE,0.01688612845142929,8.27754733164799e-4,44.08394787310863,0.017019173780581834,7.830731700336755e-4,44.4311383049213,5.705924406681182,-0.7814124171880934,-0.7817378849750213
Chryseobacterium,R2,M0,3,0,FALSE,0.016791395560035397,8.297342041468596e-4,43.82063500147205,0.016811791135711532,7.875711371962443e-4,43.87239330842958,5.353556645145218,-0.1179746602690721,-0.12131708936598959
Chryseobacterium,R2,M2g,3,0,FALSE,0.016871385788199474,8.279960252708577e-4,44.033705330135874,0.017019173780581834,7.830731700336755e-4,44.4311383049213,5.736737888140169,-0.8944919935607492,-0.8683617329942313
Chryseobacterium,R2,M0,3,3,FALSE,0.016791395560035397,8.297342041468596e-4,43.82063500147205,0.016811791135711532,7.875711371962443e-4,43.87239330842958,5.353556645145218,-0.1179746602690721,-0.12131708936598959
Chryseobacterium,R2,M2g,3,3,FALSE,0.016871385788199474,8.279960252708577e-4,44.033705330135874,0.017019173780581834,7.830731700336755e-4,44.4311383049213,5.736737888140169,-0.8944919935607492,-0.8683617329942313
Chryseobacterium,R2,M0,3,6,FALSE,0.016791395560035397,8.297342041468596e-4,43.82063500147205,0.016811791135711532,7.875711371962443e-4,43.87239330842958,5.353556645145218,-0.1179746602690721,-0.12131708936598959
Chryseobacterium,R2,M2g,3,6,FALSE,0.016871385788199474,8.279960252708577e-4,44.033705330135874,0.017019173780581834,7.830731700336755e-4,44.4311383049213,5.736737888140169,-0.8944919935607492,-0.8683617329942313
Chryseobacterium,R2,M0,6,-6,FALSE,0.016783416321861196,8.728442527738204e-4,43.7841993475167,0.016811791135711532,7.875711371962443e-4,43.87239330842958,10.82735407002708,-0.20102381990621118,-0.16877924321853988
Chryseobacterium,R2,M2g,6,-6,FALSE,0.017126203250554282,8.661662104477394e-4,44.77100801828087,0.017019173780581834,7.830731700336755e-4,44.4311383049213,10.611146390124764,0.7649358677851478,0.6288758276536554
Chryseobacterium,R2,M0,6,-3,FALSE,0.016799347581842563,8.720606540587072e-4,43.84189089628107,0.016811791135711532,7.875711371962443e-4,43.87239330842958,10.727858459014355,-0.06952529791131062,-0.07401682407614724
Chryseobacterium,R2,M2g,6,-3,FALSE,0.016959731641791258,8.687598768331809e-4,44.284296551609735,0.017019173780581834,7.830731700336755e-4,44.4311383049213,10.942362741890454,-0.33049289060257575,-0.34926571381741855
Chryseobacterium,R2,M0,6,0,FALSE,0.01679782483900411,8.721426184952574e-4,43.83673004595574,0.016811791135711532,7.875711371962443e-4,43.87239330842958,10.73826570131656,-0.08128861861517654,-0.08307441244470405
Chryseobacterium,R2,M2g,6,0,FALSE,0.01693421206120458,8.691832030844336e-4,44.197648747417574,0.017019173780581834,7.830731700336755e-4,44.4311383049213,10.996422345443788,-0.5255088354958077,-0.49921177415904544
Chryseobacterium,R2,M0,6,3,FALSE,0.01679782483900411,8.721426184952574e-4,43.83673004595574,0.016811791135711532,7.875711371962443e-4,43.87239330842958,10.73826570131656,-0.08128861861517654,-0.08307441244470405
Chryseobacterium,R2,M2g,6,3,FALSE,0.01693421206120458,8.691832030844336e-4,44.197648747417574,0.017019173780581834,7.830731700336755e-4,44.4311383049213,10.996422345443788,-0.5255088354958077,-0.49921177415904544
Chryseobacterium,R2,M0,6,6,FALSE,0.01679782483900411,8.721426184952574e-4,43.83673004595574,0.016811791135711532,7.875711371962443e-4,43.87239330842958,10.73826570131656,-0.08128861861517654,-0.08307441244470405
Chryseobacterium,R2,M2g,6,6,FALSE,0.01693421206120458,8.691832030844336e-4,44.197648747417574,0.017019173780581834,7.830731700336755e-4,44.4311383049213,10.996422345443788,-0.5255088354958077,-0.49921177415904544
Chryseobacterium,R3,M0,-6,-6,FALSE,0.016655565587600982,9.32890678494688e-4,52.00279234372323,0.01668582715915156,9.312067517155902e-4,47.16174256023154,0.18083275019166134,10.264781411138605,-0.18136093141765838
Chryseobacterium,R3,M2g,-6,-6,FALSE,0.01734352386030838,9.181475564882277e-4,54.3196455514796,0.01689616234203729,9.261966005126982e-4,47.68578282191539,-0.8690427086446774,13.911615448022863,2.6477108186754554
Chryseobacterium,R3,M0,-6,-3,FALSE,0.01667014684041961,9.32098299289687e-4,52.064061181181216,0.01668582715915156,9.312067517155902e-4,47.16174256023154,0.09574109857496847,10.394693569027469,-0.09397387724558223
Chryseobacterium,R3,M2g,-6,-3,FALSE,0.017098023882953835,9.224247695085107e-4,53.44001479593759,0.01689616234203729,9.261966005126982e-4,47.68578282191539,-0.40723870095178605,12.066976011511926,1.1947182847214843
Chryseobacterium,R3,M0,-6,0,FALSE,0.01668582715915156,9.312067517155902e-4,52.12777874235581,0.01668582715915156,9.312067517155902e-4,47.16174256023154,0,10.52979790935844,0
Chryseobacterium,R3,M2g,-6,0,FALSE,0.01689616234203729,9.261966005126982e-4,52.7735581928316,0.01689616234203729,9.261966005126982e-4,47.68578282191539,0,10.669375796800335,0
Chryseobacterium,R3,M0,-6,3,FALSE,0.01668582715915156,9.312067517155902e-4,52.12777874235581,0.01668582715915156,9.312067517155902e-4,47.16174256023154,0,10.52979790935844,0
Chryseobacterium,R3,M2g,-6,3,FALSE,0.01689616234203729,9.261966005126982e-4,52.7735581928316,0.01689616234203729,9.261966005126982e-4,47.68578282191539,0,10.669375796800335,0
Chryseobacterium,R3,M0,-6,6,FALSE,0.01668582715915156,9.312067517155902e-4,52.12777874235581,0.01668582715915156,9.312067517155902e-4,47.16174256023154,0,10.52979790935844,0
Chryseobacterium,R3,M2g,-6,6,FALSE,0.01689616234203729,9.261966005126982e-4,52.7735581928316,0.01689616234203729,9.261966005126982e-4,47.68578282191539,0,10.669375796800335,0
Chryseobacterium,R3,M0,-3,-6,FALSE,0.016655565587600982,9.32890678494688e-4,49.46823365843679,0.01668582715915156,9.312067517155902e-4,47.16174256023154,0.18083275019166134,4.890597702702709,-0.18136093141765838
Chryseobacterium,R3,M2g,-3,-6,FALSE,0.01734352386030838,9.181475564882277e-4,51.565631091732264,0.01689616234203729,9.261966005126982e-4,47.68578282191539,-0.8690427086446774,8.136278865980529,2.6477108186754554
Chryseobacterium,R3,M0,-3,-3,FALSE,0.01667014684041961,9.32098299289687e-4,49.52434989181789,0.01668582715915156,9.312067517155902e-4,47.16174256023154,0.09574109857496847,5.009584471076326,-0.09397387724558223
Chryseobacterium,R3,M2g,-3,-3,FALSE,0.017098023882953835,9.224247695085107e-4,50.7679745961429,0.01689616234203729,9.261966005126982e-4,47.68578282191539,-0.40723870095178605,6.463544460910055,1.1947182847214843
Chryseobacterium,R3,M0,-3,0,FALSE,0.01668582715915156,9.312067517155902e-4,49.58262680903157,0.01668582715915156,9.312067517155902e-4,47.16174256023154,0,5.133152672864561,0
Chryseobacterium,R3,M2g,-3,0,FALSE,0.01689616234203729,9.261966005126982e-4,50.16521139916668,0.01689616234203729,9.261966005126982e-4,47.68578282191539,0,5.199513210280774,0
Chryseobacterium,R3,M0,-3,3,FALSE,0.01668582715915156,9.312067517155902e-4,49.58262680903157,0.01668582715915156,9.312067517155902e-4,47.16174256023154,0,5.133152672864561,0
Chryseobacterium,R3,M2g,-3,3,FALSE,0.01689616234203729,9.261966005126982e-4,50.16521139916668,0.01689616234203729,9.261966005126982e-4,47.68578282191539,0,5.199513210280774,0
Chryseobacterium,R3,M0,-3,6,FALSE,0.01668582715915156,9.312067517155902e-4,49.58262680903157,0.01668582715915156,9.312067517155902e-4,47.16174256023154,0,5.133152672864561,0
Chryseobacterium,R3,M2g,-3,6,FALSE,0.01689616234203729,9.261966005126982e-4,50.16521139916668,0.01689616234203729,9.261966005126982e-4,47.68578282191539,0,5.199513210280774,0
Chryseobacterium,R3,M0,0,-6,FALSE,0.016655565587600982,9.32890678494688e-4,47.057206565198335,0.01668582715915156,9.312067517155902e-4,47.16174256023154,0.18083275019166134,-0.22165422513745547,-0.18136093141765838
Chryseobacterium,R3,M2g,0,-6,FALSE,0.01734352386030838,9.181475564882277e-4,48.95124559251095,0.01689616234203729,9.261966005126982e-4,47.68578282191539,-0.8690427086446774,2.6537527449669582,2.6477108186754554
Chryseobacterium,R3,M0,0,-3,FALSE,0.01667014684041961,9.32098299289687e-4,47.10852700622072,0.01668582715915156,9.312067517155902e-4,47.16174256023154,0.09574109857496847,-0.11283627601939476,-0.09397387724558223
Chryseobacterium,R3,M2g,0,-3,FALSE,0.017098023882953835,9.224247695085107e-4,48.22953837936696,0.01689616234203729,9.261966005126982e-4,47.68578282191539,-0.40723870095178605,1.1402886254006714,1.1947182847214843
Chryseobacterium,R3,M0,0,0,TRUE,0.01668582715915156,9.312067517155902e-4,47.16174256023154,0.01668582715915156,9.312067517155902e-4,47.16174256023154,0,0,0
Chryseobacterium,R3,M2g,0,0,TRUE,0.01689616234203729,9.261966005126982e-4,47.68578282191539,0.01689616234203729,9.261966005126982e-4,47.68578282191539,0,0,0
Chryseobacterium,R3,M0,0,3,FALSE,0.01668582715915156,9.312067517155902e-4,47.16174256023154,0.01668582715915156,9.312067517155902e-4,47.16174256023154,0,0,0
Chryseobacterium,R3,M2g,0,3,FALSE,0.01689616234203729,9.261966005126982e-4,47.68578282191539,0.01689616234203729,9.261966005126982e-4,47.68578282191539,0,0,0
Chryseobacterium,R3,M0,0,6,FALSE,0.01668582715915156,9.312067517155902e-4,47.16174256023154,0.01668582715915156,9.312067517155902e-4,47.16174256023154,0,0,0
Chryseobacterium,R3,M2g,0,6,FALSE,0.01689616234203729,9.261966005126982e-4,47.68578282191539,0.01689616234203729,9.261966005126982e-4,47.68578282191539,0,0,0
Chryseobacterium,R3,M0,3,-6,FALSE,0.016648930098859028,9.811890839032e-4,47.040629149988135,0.01668582715915156,9.312067517155902e-4,47.16174256023154,5.367479573738688,-0.2568043580847884,-0.22112814630406694
Chryseobacterium,R3,M2g,3,-6,FALSE,0.017378781811732837,9.656182598504431e-4,49.032488500250814,0.01689616234203729,9.261966005126982e-4,47.68578282191539,4.256294971923135,2.824124086134342,2.856385136018725
Chryseobacterium,R3,M0,3,-3,FALSE,0.016664934681271167,9.803037963501907e-4,47.096094910011416,0.01668582715915156,9.312067517155902e-4,47.16174256023154,5.272410723413198,-0.1391968291593152,-0.12521092110758367
Chryseobacterium,R3,M2g,3,-3,FALSE,0.017110217557282825,9.702669999386434e-4,48.25191480083884,0.01689616234203729,9.261966005126982e-4,47.68578282191539,4.7582121767182,1.187213348342619,1.2668865918325702
Chryseobacterium,R3,M0,3,0,FALSE,0.016681927938788595,9.793197766451594e-4,47.15289587508685,0.01668582715915156,9.312067517155902e-4,47.16174256023154,5.166739270406823,-0.01875818123851386,-0.023368457108984615
Chryseobacterium,R3,M2g,3,0,FALSE,0.016891264208889686,9.743412620245254e-4,47.66942729388201,0.01689616234203729,9.261966005126982e-4,47.68578282191539,5.1981038890853934,-0.0342985415474042,-0.028989619349343673
Chryseobacterium,R3,M0,3,3,FALSE,0.016681927938788595,9.793197766451594e-4,47.15289587508685,0.01668582715915156,9.312067517155902e-4,47.16174256023154,5.166739270406823,-0.01875818123851386,-0.023368457108984615
Chryseobacterium,R3,M2g,3,3,FALSE,0.016891264208889686,9.743412620245254e-4,47.66942729388201,0.01689616234203729,9.261966005126982e-4,47.68578282191539,5.1981038890853934,-0.0342985415474042,-0.028989619349343673
Chryseobacterium,R3,M0,3,6,FALSE,0.016681927938788595,9.793197766451594e-4,47.15289587508685,0.01668582715915156,9.312067517155902e-4,47.16174256023154,5.166739270406823,-0.01875818123851386,-0.023368457108984615
Chryseobacterium,R3,M2g,3,6,FALSE,0.016891264208889686,9.743412620245254e-4,47.66942729388201,0.01689616234203729,9.261966005126982e-4,47.68578282191539,5.1981038890853934,-0.0342985415474042,-0.028989619349343673
Chryseobacterium,R3,M0,6,-6,FALSE,0.016672284591060234,0.0010296668868405802,47.099248248705564,0.01668582715915156,9.312067517155902e-4,47.16174256023154,10.573391456150192,-0.13251060739785173,-0.08116210219700248
Chryseobacterium,R3,M2g,6,-6,FALSE,0.01769844949221791,0.0010079388923474976,49.892286368409344,0.01689616234203729,9.261966005126982e-4,47.68578282191539,8.825587546915077,4.627172746087106,4.748339498280902
Chryseobacterium,R3,M0,6,-3,FALSE,0.01668649393083577,0.0010288705709435733,47.14784868624471,0.01668582715915156,9.312067517155902e-4,47.16174256023154,10.487877052872962,-0.02946005222153655,0.0039960361440262784
Chryseobacterium,R3,M2g,6,-3,FALSE,0.017367029106943137,0.0010136225181500464,48.90616067273584,0.01689616234203729,9.261966005126982e-4,47.68578282191539,9.439239745530633,2.559206913679076,2.786826708774814
Chryseobacterium,R3,M0,6,0,FALSE,0.01670198266875465,0.0010279584900931714,47.19882672623253,0.01668582715915156,9.312067517155902e-4,47.16174256023154,10.389930936318118,0.07863188251289317,0.09682174847549305
Chryseobacterium,R3,M2g,6,0,FALSE,0.017097853974283976,0.0010185856074529892,48.16964381013324,0.01689616234203729,9.261966005126982e-4,47.68578282191539,9.975096743947116,1.014686054384068,1.193712679623594
Chryseobacterium,R3,M0,6,3,FALSE,0.01670198266875465,0.0010279584900931714,47.19882672623253,0.01668582715915156,9.312067517155902e-4,47.16174256023154,10.389930936318118,0.07863188251289317,0.09682174847549305
Chryseobacterium,R3,M2g,6,3,FALSE,0.017097853974283976,0.0010185856074529892,48.16964381013324,0.01689616234203729,9.261966005126982e-4,47.68578282191539,9.975096743947116,1.014686054384068,1.193712679623594
Chryseobacterium,R3,M0,6,6,FALSE,0.01670198266875465,0.0010279584900931714,47.19882672623253,0.01668582715915156,9.312067517155902e-4,47.16174256023154,10.389930936318118,0.07863188251289317,0.09682174847549305
Chryseobacterium,R3,M2g,6,6,FALSE,0.017097853974283976,0.0010185856074529892,48.16964381013324,0.01689616234203729,9.261966005126982e-4,47.68578282191539,9.975096743947116,1.014686054384068,1.193712679623594
Chryseobacterium,R4,M0,-6,-6,FALSE,0.015823535408860393,6.762581395288522e-4,42.25769965216469,0.01577081633140894,6.788354020645641e-4,38.27684635364613,-0.3796594178608726,10.400160090877907,0.3342824895275717
Chryseobacterium,R4,M2g,-6,-6,FALSE,0.015835599402977393,6.760066076174364e-4,42.28931759858607,0.01608245749675092,6.717460622066249e-4,38.88706031596997,0.6342494062140124,8.74907296918732,-1.5349525644535238
Chryseobacterium,R4,M0,-6,-3,FALSE,0.01578355580028306,6.782013503540898e-4,42.118954827373706,0.01577081633140894,6.788354020645641e-4,38.27684635364613,-0.09340286445666697,10.037682932992182,0.08077875365747257
Chryseobacterium,R4,M2g,-6,-3,FALSE,0.016069682803719964,6.719679789837932e-4,42.84011582065733,0.01608245749675092,6.717460622066249e-4,38.88706031596997,0.03303581362863821,10.165477854503544,-0.07943246878492595
Chryseobacterium,R4,M0,-6,0,FALSE,0.01577081633140894,6.788354020645641e-4,42.07568740367924,0.01577081633140894,6.788354020645641e-4,38.27684635364613,0,9.92464482296945,0
Chryseobacterium,R4,M2g,-6,0,FALSE,0.01608245749675092,6.717460622066249e-4,42.82646705398376,0.01608245749675092,6.717460622066249e-4,38.88706031596997,0,10.130379375568216,0
Chryseobacterium,R4,M0,-6,3,FALSE,0.01577081633140894,6.788354020645641e-4,42.07568740367924,0.01577081633140894,6.788354020645641e-4,38.27684635364613,0,9.92464482296945,0
Chryseobacterium,R4,M2g,-6,3,FALSE,0.01608245749675092,6.717460622066249e-4,42.82646705398376,0.01608245749675092,6.717460622066249e-4,38.88706031596997,0,10.130379375568216,0
Chryseobacterium,R4,M0,-6,6,FALSE,0.01577081633140894,6.788354020645641e-4,42.07568740367924,0.01577081633140894,6.788354020645641e-4,38.27684635364613,0,9.92464482296945,0
Chryseobacterium,R4,M2g,-6,6,FALSE,0.01608245749675092,6.717460622066249e-4,42.82646705398376,0.01608245749675092,6.717460622066249e-4,38.88706031596997,0,10.130379375568216,0
Chryseobacterium,R4,M0,-3,-6,FALSE,0.015823535408860393,6.762581395288522e-4,40.298569468408544,0.01577081633140894,6.788354020645641e-4,38.27684635364613,-0.3796594178608726,5.281843483351218,0.3342824895275717
Chryseobacterium,R4,M2g,-3,-6,FALSE,0.015835599402977393,6.760066076174364e-4,40.32726200955889,0.01608245749675092,6.717460622066249e-4,38.88706031596997,0.6342494062140124,3.7035499260854885,-1.5349525644535238
Chryseobacterium,R4,M0,-3,-3,FALSE,0.01578355580028306,6.782013503540898e-4,40.17107484391098,0.01577081633140894,6.788354020645641e-4,38.27684635364613,-0.09340286445666697,4.948757984823932,0.08077875365747257
Chryseobacterium,R4,M2g,-3,-3,FALSE,0.016069682803719964,6.719679789837932e-4,40.82382678276759,0.01608245749675092,6.717460622066249e-4,38.88706031596997,0.03303581362863821,4.980490813809957,-0.07943246878492595
Chryseobacterium,R4,M0,-3,0,FALSE,0.01577081633140894,6.788354020645641e-4,40.13134214021099,0.01577081633140894,6.788354020645641e-4,38.27684635364613,0,4.84495449136762,0
Chryseobacterium,R4,M2g,-3,0,FALSE,0.01608245749675092,6.717460622066249e-4,40.809256394207516,0.01608245749675092,6.717460622066249e-4,38.88706031596997,0,4.943022338585332,0
Chryseobacterium,R4,M0,-3,3,FALSE,0.01577081633140894,6.788354020645641e-4,40.13134214021099,0.01577081633140894,6.788354020645641e-4,38.27684635364613,0,4.84495449136762,0
Chryseobacterium,R4,M2g,-3,3,FALSE,0.01608245749675092,6.717460622066249e-4,40.809256394207516,0.01608245749675092,6.717460622066249e-4,38.88706031596997,0,4.943022338585332,0
Chryseobacterium,R4,M0,-3,6,FALSE,0.01577081633140894,6.788354020645641e-4,40.13134214021099,0.01577081633140894,6.788354020645641e-4,38.27684635364613,0,4.84495449136762,0
Chryseobacterium,R4,M2g,-3,6,FALSE,0.01608245749675092,6.717460622066249e-4,40.809256394207516,0.01608245749675092,6.717460622066249e-4,38.88706031596997,0,4.943022338585332,0
Chryseobacterium,R4,M0,0,-6,FALSE,0.015823535408860393,6.762581395288522e-4,38.43026749131056,0.01577081633140894,6.788354020645641e-4,38.27684635364613,-0.3796594178608726,0.40081969200635664,0.3342824895275717
Chryseobacterium,R4,M2g,0,-6,FALSE,0.015835599402977393,6.760066076174364e-4,38.456237970649724,0.01608245749675092,6.717460622066249e-4,38.88706031596997,0.6342494062140124,-1.1078809810247245,-1.5349525644535238
Chryseobacterium,R4,M0,0,-3,FALSE,0.01578355580028306,6.782013503540898e-4,38.313278682459604,0.01577081633140894,6.788354020645641e-4,38.27684635364613,-0.09340286445666697,0.09518111413064508,0.08077875365747257
Chryseobacterium,R4,M2g,0,-3,FALSE,0.016069682803719964,6.719679789837932e-4,38.902435282067835,0.01608245749675092,6.717460622066249e-4,38.88706031596997,0.03303581362863821,0.03953748617905176,-0.07943246878492595
Chryseobacterium,R4,M0,0,0,TRUE,0.01577081633140894,6.788354020645641e-4,38.27684635364613,0.01577081633140894,6.788354020645641e-4,38.27684635364613,0,0,0
Chryseobacterium,R4,M2g,0,0,TRUE,0.01608245749675092,6.717460622066249e-4,38.88706031596997,0.01608245749675092,6.717460622066249e-4,38.88706031596997,0,0,0
Chryseobacterium,R4,M0,0,3,FALSE,0.01577081633140894,6.788354020645641e-4,38.27684635364613,0.01577081633140894,6.788354020645641e-4,38.27684635364613,0,0,0
Chryseobacterium,R4,M2g,0,3,FALSE,0.01608245749675092,6.717460622066249e-4,38.88706031596997,0.01608245749675092,6.717460622066249e-4,38.88706031596997,0,0,0
Chryseobacterium,R4,M0,0,6,FALSE,0.01577081633140894,6.788354020645641e-4,38.27684635364613,0.01577081633140894,6.788354020645641e-4,38.27684635364613,0,0,0
Chryseobacterium,R4,M2g,0,6,FALSE,0.01608245749675092,6.717460622066249e-4,38.88706031596997,0.01608245749675092,6.717460622066249e-4,38.88706031596997,0,0,0
Chryseobacterium,R4,M0,3,-6,FALSE,0.01581558504176589,7.09656708260058e-4,38.41423885281733,0.01577081633140894,6.788354020645641e-4,38.27684635364613,4.540320982340659,0.3589441457684541,0.2838705962721168
Chryseobacterium,R4,M2g,3,-6,FALSE,0.015819933872561198,7.095657863827808e-4,38.42352237674032,0.01608245749675092,6.717460622066249e-4,38.88706031596997,5.630062653723871,-1.1920107497539019,-1.6323601305506827
Chryseobacterium,R4,M0,3,-3,FALSE,0.015774740979130425,7.116824929311859e-4,38.296369913255276,0.01577081633140894,6.788354020645641e-4,38.27684635364613,4.838741581055281,0.051006186426035376,0.024885507756945868
Chryseobacterium,R4,M2g,3,-3,FALSE,0.01602903275036787,7.061231884534518e-4,38.81534034042554,0.01608245749675092,6.717460622066249e-4,38.88706031596997,5.117577635498315,-0.1844314663069862,-0.33219267884800663
Chryseobacterium,R4,M0,3,0,FALSE,0.015762339060458676,7.123124672737372e-4,38.26138869864348,0.01577081633140894,6.788354020645641e-4,38.27684635364613,4.931543803896823,-0.040383825929213774,-0.05375289884886175
Chryseobacterium,R4,M2g,3,0,FALSE,0.016046854003862354,7.05810800747701e-4,38.813600068220886,0.01608245749675092,6.717460622066249e-4,38.88706031596997,5.0710737967226,-0.1889066624018224,-0.22138092325602754
Chryseobacterium,R4,M0,3,3,FALSE,0.015762339060458676,7.123124672737372e-4,38.26138869864348,0.01577081633140894,6.788354020645641e-4,38.27684635364613,4.931543803896823,-0.040383825929213774,-0.05375289884886175
Chryseobacterium,R4,M2g,3,3,FALSE,0.016046854003862354,7.05810800747701e-4,38.813600068220886,0.01608245749675092,6.717460622066249e-4,38.88706031596997,5.0710737967226,-0.1889066624018224,-0.22138092325602754
Chryseobacterium,R4,M0,3,6,FALSE,0.015762339060458676,7.123124672737372e-4,38.26138869864348,0.01577081633140894,6.788354020645641e-4,38.27684635364613,4.931543803896823,-0.040383825929213774,-0.05375289884886175
Chryseobacterium,R4,M2g,3,6,FALSE,0.016046854003862354,7.05810800747701e-4,38.813600068220886,0.01608245749675092,6.717460622066249e-4,38.88706031596997,5.0710737967226,-0.1889066624018224,-0.22138092325602754
Chryseobacterium,R4,M0,6,-6,FALSE,0.01581857625862465,7.439392284049851e-4,38.420235516016,0.01577081633140894,6.788354020645641e-4,38.27684635364613,9.590517250929855,0.3746107008008838,0.3028373814777986
Chryseobacterium,R4,M2g,6,-6,FALSE,0.0158243217452334,7.438192482567165e-4,38.432397328242814,0.01608245749675092,6.717460622066249e-4,38.88706031596997,10.729230896171934,-1.1691883727719967,-1.605076534911833
Chryseobacterium,R4,M0,6,-3,FALSE,0.01577571425682002,7.461052268795706e-4,38.29823812044947,0.01577081633140894,6.788354020645641e-4,38.27684635364613,9.909592901374422,0.055886962592733576,0.031056892098392477
Chryseobacterium,R4,M2g,6,-3,FALSE,0.01606255016465348,7.398248285353773e-4,38.87895286030384,0.01608245749675092,6.717460622066249e-4,38.88706031596997,10.134598497700125,-0.020848723457757158,-0.12378289886020961
Chryseobacterium,R4,M0,6,0,FALSE,0.015762717715066925,7.467782079887366e-4,38.26208966073055,0.01577081633140894,6.788354020645641e-4,38.27684635364613,10.00873049895982,-0.038552530632320815,-0.051351915917532936
Chryseobacterium,R4,M2g,6,0,FALSE,0.016078063018465438,7.395531191229109e-4,38.869116679930585,0.01608245749675092,6.717460622066249e-4,38.88706031596997,10.094150264691677,-0.04614294804900599,-0.027324669046193836
Chryseobacterium,R4,M0,6,3,FALSE,0.015762717715066925,7.467782079887366e-4,38.26208966073055,0.01577081633140894,6.788354020645641e-4,38.27684635364613,10.00873049895982,-0.038552530632320815,-0.051351915917532936
Chryseobacterium,R4,M2g,6,3,FALSE,0.016078063018465438,7.395531191229109e-4,38.869116679930585,0.01608245749675092,6.717460622066249e-4,38.88706031596997,10.094150264691677,-0.04614294804900599,-0.027324669046193836
Chryseobacterium,R4,M0,6,6,FALSE,0.015762717715066925,7.467782079887366e-4,38.26208966073055,0.01577081633140894,6.788354020645641e-4,38.27684635364613,10.00873049895982,-0.038552530632320815,-0.051351915917532936
Chryseobacterium,R4,M2g,6,6,FALSE,0.016078063018465438,7.395531191229109e-4,38.869116679930585,0.01608245749675092,6.717460622066249e-4,38.88706031596997,10.094150264691677,-0.04614294804900599,-0.027324669046193836
Chryseobacterium,R5,M0,-6,-6,FALSE,0.015423470564264305,0.0010779478082039253,45.53358907839497,0.0154155460716585,0.00107848665072903,41.48628680466514,-0.04996283678989977,9.755759277243165,0.05140585074941799
Chryseobacterium,R5,M2g,-6,-6,FALSE,0.015431429839866699,0.0010777729353033492,45.55732373641592,0.015431251087124065,0.0010781000565569685,41.521919602520036,-0.030342383494913455,9.718732111920387,0.001158381401641414
Chryseobacterium,R5,M0,-6,-3,FALSE,0.015436577847560001,0.0010771536341794101,45.582435486771466,0.0154155460716585,0.00107848665072903,41.48628680466514,-0.12360065363059664,9.873500372286179,0.1364322470558955
Chryseobacterium,R5,M2g,-6,-3,FALSE,0.015443819383855688,0.0010769852516918635,45.603257953272006,0.015431251087124065,0.0010781000565569685,41.521919602520036,-0.10340458274952215,9.829358540794118,0.08144703667034474
Chryseobacterium,R5,M0,-6,0,FALSE,0.0154155460716585,0.00107848665072903,45.50654722309048,0.0154155460716585,0.00107848665072903,41.48628680466514,0,9.690576641275252,0
Chryseobacterium,R5,M2g,-6,0,FALSE,0.015431251087124065,0.0010781000565569685,45.549925015972306,0.015431251087124065,0.0010781000565569685,41.521919602520036,0,9.700913281494344,0
Chryseobacterium,R5,M0,-6,3,FALSE,0.0154155460716585,0.00107848665072903,45.50654722309048,0.0154155460716585,0.00107848665072903,41.48628680466514,0,9.690576641275252,0
Chryseobacterium,R5,M2g,-6,3,FALSE,0.015431251087124065,0.0010781000565569685,45.549925015972306,0.015431251087124065,0.0010781000565569685,41.521919602520036,0,9.700913281494344,0
Chryseobacterium,R5,M0,-6,6,FALSE,0.0154155460716585,0.00107848665072903,45.50654722309048,0.0154155460716585,0.00107848665072903,41.48628680466514,0,9.690576641275252,0
Chryseobacterium,R5,M2g,-6,6,FALSE,0.015431251087124065,0.0010781000565569685,45.549925015972306,0.015431251087124065,0.0010781000565569685,41.521919602520036,0,9.700913281494344,0
Chryseobacterium,R5,M0,-3,-6,FALSE,0.015423470564264305,0.0010779478082039253,43.47473059388899,0.0154155460716585,0.00107848665072903,41.48628680466514,-0.04996283678989977,4.793014613687359,0.05140585074941799
Chryseobacterium,R5,M2g,-3,-6,FALSE,0.015431429839866699,0.0010777729353033492,43.49635344870912,0.015431251087124065,0.0010781000565569685,41.521919602520036,-0.030342383494913455,4.7551603227642065,0.001158381401641414
Chryseobacterium,R5,M0,-3,-3,FALSE,0.015436577847560001,0.0010771536341794101,43.51965704342379,0.0154155460716585,0.00107848665072903,41.48628680466514,-0.12360065363059664,4.901306902525673,0.1364322470558955
Chryseobacterium,R5,M2g,-3,-3,FALSE,0.015443819383855688,0.0010769852516918635,43.538591345035975,0.015431251087124065,0.0010781000565569685,41.521919602520036,-0.10340458274952215,4.8568846571186555,0.08144703667034474
Chryseobacterium,R5,M0,-3,0,FALSE,0.0154155460716585,0.00107848665072903,43.449944414086076,0.0154155460716585,0.00107848665072903,41.48628680466514,0,4.733269137020286,0
Chryseobacterium,R5,M2g,-3,0,FALSE,0.015431251087124065,0.0010781000565569685,43.48931276088434,0.015431251087124065,0.0010781000565569685,41.521919602520036,0,4.738203766101647,0
Chryseobacterium,R5,M0,-3,3,FALSE,0.0154155460716585,0.00107848665072903,43.449944414086076,0.0154155460716585,0.00107848665072903,41.48628680466514,0,4.733269137020286,0
Chryseobacterium,R5,M2g,-3,3,FALSE,0.015431251087124065,0.0010781000565569685,43.48931276088434,0.015431251087124065,0.0010781000565569685,41.521919602520036,0,4.738203766101647,0
Chryseobacterium,R5,M0,-3,6,FALSE,0.0154155460716585,0.00107848665072903,43.449944414086076,0.0154155460716585,0.00107848665072903,41.48628680466514,0,4.733269137020286,0
Chryseobacterium,R5,M2g,-3,6,FALSE,0.015431251087124065,0.0010781000565569685,43.48931276088434,0.015431251087124065,0.0010781000565569685,41.521919602520036,0,4.738203766101647,0
Chryseobacterium,R5,M0,0,-6,FALSE,0.015423470564264305,0.0010779478082039253,41.50896598458631,0.0154155460716585,0.00107848665072903,41.48628680466514,-0.04996283678989977,0.05466669029203008,0.05140585074941799
Chryseobacterium,R5,M2g,0,-6,FALSE,0.015431429839866699,0.0010777729353033492,41.52861950981393,0.015431251087124065,0.0010781000565569685,41.521919602520036,-0.030342383494913455,0.01613583224963921,0.001158381401641414
Chryseobacterium,R5,M0,0,-3,FALSE,0.015436577847560001,0.0010771536341794101,41.5502271642961,0.0154155460716585,0.00107848665072903,41.48628680466514,-0.12360065363059664,0.154124084259505,0.1364322470558955
Chryseobacterium,R5,M2g,0,-3,FALSE,0.015443819383855688,0.0010769852516918635,41.567401571449174,0.015431251087124065,0.0010781000565569685,41.521919602520036,-0.10340458274952215,0.10953725011879745,0.08144703667034474
Chryseobacterium,R5,M0,0,0,TRUE,0.0154155460716585,0.00107848665072903,41.48628680466514,0.0154155460716585,0.00107848665072903,41.48628680466514,0,0,0
Chryseobacterium,R5,M2g,0,0,TRUE,0.015431251087124065,0.0010781000565569685,41.521919602520036,0.015431251087124065,0.0010781000565569685,41.521919602520036,0,0,0
Chryseobacterium,R5,M0,0,3,FALSE,0.0154155460716585,0.00107848665072903,41.48628680466514,0.0154155460716585,0.00107848665072903,41.48628680466514,0,0,0
Chryseobacterium,R5,M2g,0,3,FALSE,0.015431251087124065,0.0010781000565569685,41.521919602520036,0.015431251087124065,0.0010781000565569685,41.521919602520036,0,0,0
Chryseobacterium,R5,M0,0,6,FALSE,0.0154155460716585,0.00107848665072903,41.48628680466514,0.0154155460716585,0.00107848665072903,41.48628680466514,0,0,0
Chryseobacterium,R5,M2g,0,6,FALSE,0.015431251087124065,0.0010781000565569685,41.521919602520036,0.015431251087124065,0.0010781000565569685,41.521919602520036,0,0,0
Chryseobacterium,R5,M0,3,-6,FALSE,0.01543748004543805,0.0011278260524515008,41.54094468781254,0.0154155460716585,0.00107848665072903,41.48628680466514,4.574873661080427,0.13174927754983629,0.1422847668035303
Chryseobacterium,R5,M2g,3,-6,FALSE,0.015444660984216556,0.0011276693456891498,41.55851204663294,0.015431251087124065,0.0010781000565569685,41.521919602520036,4.5978375412098815,0.08812801639037045,0.08690090658741571
Chryseobacterium,R5,M0,3,-3,FALSE,0.015449776096574741,0.001127072426157958,41.579101967628276,0.0154155460716585,0.00107848665072903,41.48628680466514,4.504995532034188,0.22372492240664288,0.22204873416176002
Chryseobacterium,R5,M2g,3,-3,FALSE,0.015456271199114675,0.0011269228305340836,41.59435411707539,0.015431251087124065,0.0010781000565569685,41.521919602520036,4.528593953796456,0.17444885797370033,0.16213923193490795
Chryseobacterium,R5,M0,3,0,FALSE,0.015426234508440812,0.0011285840525839164,41.50859075742331,0.0154155460716585,0.00107848665072903,41.48628680466514,4.645157343488845,0.05376222958489452,0.06933544055219963
Chryseobacterium,R5,M2g,3,0,FALSE,0.015516406297182045,0.001126380811635729,41.71139691598646,0.015431251087124065,0.0010781000565569685,41.521919602520036,4.478318573968954,0.45633081341192755,0.5518360732852937
Chryseobacterium,R5,M0,3,3,FALSE,0.015426234508440812,0.0011285840525839164,41.50859075742331,0.0154155460716585,0.00107848665072903,41.48628680466514,4.645157343488845,0.05376222958489452,0.06933544055219963
Chryseobacterium,R5,M2g,3,3,FALSE,0.015516406297182045,0.001126380811635729,41.71139691598646,0.015431251087124065,0.0010781000565569685,41.521919602520036,4.478318573968954,0.45633081341192755,0.5518360732852937
Chryseobacterium,R5,M0,3,6,FALSE,0.015426234508440812,0.0011285840525839164,41.50859075742331,0.0154155460716585,0.00107848665072903,41.48628680466514,4.645157343488845,0.05376222958489452,0.06933544055219963
Chryseobacterium,R5,M2g,3,6,FALSE,0.015516406297182045,0.001126380811635729,41.71139691598646,0.015431251087124065,0.0010781000565569685,41.521919602520036,4.478318573968954,0.45633081341192755,0.5518360732852937
Chryseobacterium,R5,M0,6,-6,FALSE,0.015427126952824827,0.0011821675549902489,41.51770868400008,0.0154155460716585,0.00107848665072903,41.48628680466514,9.613554714945545,0.075740399430980307,0.07512468979362172
Chryseobacterium,R5,M2g,6,-6,FALSE,0.015431371267837102,0.0011820764942544395,41.52797496900245,0.015431251087124065,0.0010781000565569685,41.521919602520036,9.644414455327192,0.014583541754284897,7.788138003784443e-4
Chryseobacterium,R5,M0,6,-3,FALSE,0.01544122473052781,0.0011812917509656244,41.560727626179066,0.0154155460716585,0.00107848665072903,41.48628680466514,9.532347958790293,0.17943476567190297,0.1665763817249362
Chryseobacterium,R5,M2g,6,-3,FALSE,0.015445308342890363,0.0011811992278119234,41.57020858043652,0.015431251087124065,0.0010781000565569685,41.521919602520036,9.56304293167495,0.11629755651652066,0.09109602122946364
Chryseobacterium,R5,M0,6,0,FALSE,0.01541730182453154,0.0011828500210320796,41.490269281835545,0.0154155460716585,0.00107848665072903,41.48628680466514,9.676834686131961,0.009599502575765619,0.011389495155588581
Chryseobacterium,R5,M2g,6,0,FALSE,0.0154249059294039,0.001182664864912229,41.50715970953191,0.015431251087124065,0.0010781000565569685,41.521919602520036,9.698989228253982,-0.03554723174992198,-0.04111888066845797
Chryseobacterium,R5,M0,6,3,FALSE,0.01541730182453154,0.0011828500210320796,41.490269281835545,0.0154155460716585,0.00107848665072903,41.48628680466514,9.676834686131961,0.009599502575765619,0.011389495155588581
Chryseobacterium,R5,M2g,6,3,FALSE,0.0154249059294039,0.001182664864912229,41.50715970953191,0.015431251087124065,0.0010781000565569685,41.521919602520036,9.698989228253982,-0.03554723174992198,-0.04111888066845797
Chryseobacterium,R5,M0,6,6,FALSE,0.01541730182453154,0.0011828500210320796,41.490269281835545,0.0154155460716585,0.00107848665072903,41.48628680466514,9.676834686131961,0.009599502575765619,0.011389495155588581
Chryseobacterium,R5,M2g,6,6,FALSE,0.0154249059294039,0.001182664864912229,41.50715970953191,0.015431251087124065,0.0010781000565569685,41.521919602520036,9.698989228253982,-0.03554723174992198,-0.04111888066845797
Flavobacterium_A,R1,M0,-6,-6,FALSE,0.018113651440845764,0.001191475854929479,193.04876341463267,0.01802196080469134,0.0011986181924599,171.82548895651473,-0.5958809548654509,12.351645024847906,0.5087716988628368
Flavobacterium_A,R1,M2g,-6,-6,FALSE,0.01811678776665164,0.0011913713595983685,193.09365710379183,0.018290193926546582,0.0011887969525063255,174.75076091954665,0.21655566046122574,10.496604471261815,-0.9480826752922419
Flavobacterium_A,R1,M0,-6,-3,FALSE,0.01808927331155195,0.0011933281043110316,192.61473209132848,0.01802196080469134,0.0011986181924599,171.82548895651473,-0.4413488950982545,12.099044944417441,0.37350268147895804
Flavobacterium_A,R1,M2g,-6,-3,FALSE,0.018092292757887537,0.0011932232119456906,192.65635264988322,0.018290193926546582,0.0011887969525063255,174.75076091954665,0.3723309880659782,10.246359807600557,-1.082006945655232
Flavobacterium_A,R1,M0,-6,0,FALSE,0.01802196080469134,0.0011986181924599,191.4470228941279,0.01802196080469134,0.0011986181924599,171.82548895651473,0,11.419454736764322,0
Flavobacterium_A,R1,M2g,-6,0,FALSE,0.018290193926546582,0.0011887969525063255,195.019957405475,0.018290193926546582,0.0011887969525063255,174.75076091954665,0,11.59891744062852,0
Flavobacterium_A,R1,M0,-6,3,FALSE,0.01802196080469134,0.0011986181924599,191.4470228941279,0.01802196080469134,0.0011986181924599,171.82548895651473,0,11.419454736764322,0
Flavobacterium_A,R1,M2g,-6,3,FALSE,0.018290193926546582,0.0011887969525063255,195.019957405475,0.018290193926546582,0.0011887969525063255,174.75076091954665,0,11.59891744062852,0
Flavobacterium_A,R1,M0,-6,6,FALSE,0.01802196080469134,0.0011986181924599,191.4470228941279,0.01802196080469134,0.0011986181924599,171.82548895651473,0,11.419454736764322,0
Flavobacterium_A,R1,M2g,-6,6,FALSE,0.018290193926546582,0.0011887969525063255,195.019957405475,0.018290193926546582,0.0011887969525063255,174.75076091954665,0,11.59891744062852,0
Flavobacterium_A,R1,M0,-3,-6,FALSE,0.018113651440845764,0.001191475854929479,182.83824646036967,0.01802196080469134,0.0011986181924599,171.82548895651473,-0.5958809548654509,6.409268828934937,0.5087716988628368
Flavobacterium_A,R1,M2g,-3,-6,FALSE,0.01811678776665164,0.0011913713595983685,182.87904497037442,0.018290193926546582,0.0011887969525063255,174.75076091954665,0.21655566046122574,4.651358316299376,-0.9480826752922419
Flavobacterium_A,R1,M0,-3,-3,FALSE,0.01808927331155195,0.0011933281043110316,182.44051361854426,0.01802196080469134,0.0011986181924599,171.82548895651473,-0.4413488950982545,6.177793950416726,0.37350268147895804
Flavobacterium_A,R1,M2g,-3,-3,FALSE,0.018092292757887537,0.0011932232119456906,182.47828275493993,0.018290193926546582,0.0011887969525063255,174.75076091954665,0.3723309880659782,4.42202471378705,-1.082006945655232
Flavobacterium_A,R1,M0,-3,0,FALSE,0.01802196080469134,0.0011986181924599,181.37110662410535,0.01802196080469134,0.0011986181924599,171.82548895651473,0,5.555414231939945,0
Flavobacterium_A,R1,M2g,-3,0,FALSE,0.018290193926546582,0.0011887969525063255,184.6073832518741,0.018290193926546582,0.0011887969525063255,174.75076091954665,0,5.640388791706223,0
Flavobacterium_A,R1,M0,-3,3,FALSE,0.01802196080469134,0.0011986181924599,181.37110662410535,0.01802196080469134,0.0011986181924599,171.82548895651473,0,5.555414231939945,0
Flavobacterium_A,R1,M2g,-3,3,FALSE,0.018290193926546582,0.0011887969525063255,184.6073832518741,0.018290193926546582,0.0011887969525063255,174.75076091954665,0,5.640388791706223,0
Flavobacterium_A,R1,M0,-3,6,FALSE,0.01802196080469134,0.0011986181924599,181.37110662410535,0.01802196080469134,0.0011986181924599,171.82548895651473,0,5.555414231939945,0
Flavobacterium_A,R1,M2g,-3,6,FALSE,0.018290193926546582,0.0011887969525063255,184.6073832518741,0.018290193926546582,0.0011887969525063255,174.75076091954665,0,5.640388791706223,0
Flavobacterium_A,R1,M0,0,-6,FALSE,0.018113651440845764,0.001191475854929479,173.16777262593422,0.01802196080469134,0.0011986181924599,171.82548895651473,-0.5958809548654509,0.7811900769618585,0.5087716988628368
Flavobacterium_A,R1,M2g,0,-6,FALSE,0.01811678776665164,0.0011913713595983685,173.20478357970606,0.018290193926546582,0.0011887969525063255,174.75076091954665,0.21655566046122574,-0.8846755983811374,-0.9480826752922419
Flavobacterium_A,R1,M0,0,-3,FALSE,0.01808927331155195,0.0011933281043110316,172.80371365164496,0.01802196080469134,0.0011986181924599,171.82548895651473,-0.4413488950982545,0.5693129122290989,0.37350268147895804
Flavobacterium_A,R1,M2g,0,-3,FALSE,0.018092292757887537,0.0011932232119456906,172.83792213021522,0.018290193926546582,0.0011887969525063255,174.75076091954665,0.3723309880659782,-1.0946097054261648,-1.082006945655232
Flavobacterium_A,R1,M0,0,0,TRUE,0.01802196080469134,0.0011986181924599,171.82548895651473,0.01802196080469134,0.0011986181924599,171.82548895651473,0,0,0
Flavobacterium_A,R1,M2g,0,0,TRUE,0.018290193926546582,0.0011887969525063255,174.75076091954665,0.018290193926546582,0.0011887969525063255,174.75076091954665,0,0,0
Flavobacterium_A,R1,M0,0,3,FALSE,0.01802196080469134,0.0011986181924599,171.82548895651473,0.01802196080469134,0.0011986181924599,171.82548895651473,0,0,0
Flavobacterium_A,R1,M2g,0,3,FALSE,0.018290193926546582,0.0011887969525063255,174.75076091954665,0.018290193926546582,0.0011887969525063255,174.75076091954665,0,0,0
Flavobacterium_A,R1,M0,0,6,FALSE,0.01802196080469134,0.0011986181924599,171.82548895651473,0.01802196080469134,0.0011986181924599,171.82548895651473,0,0,0
Flavobacterium_A,R1,M2g,0,6,FALSE,0.018290193926546582,0.0011887969525063255,174.75076091954665,0.018290193926546582,0.0011887969525063255,174.75076091954665,0,0,0
Flavobacterium_A,R1,M0,3,-6,FALSE,0.018127698376886582,0.0012570202047871885,173.38885805159057,0.01802196080469134,0.0011986181924599,171.82548895651473,4.87244501165389,0.9098586621636191,0.5867151379427918
Flavobacterium_A,R1,M2g,3,-6,FALSE,0.01812908810951345,0.0012569749837496697,173.40514905830804,0.018290193926546582,0.0011887969525063255,174.75076091954665,5.735044247851183,-0.770017740785755,-0.880831650446872
Flavobacterium_A,R1,M0,3,-3,FALSE,0.018100703475703233,0.0012591167188501138,172.98997785754273,0.01802196080469134,0.0011986181924599,171.82548895651473,5.04735592791678,0.6777160409086341,0.43692621388563824
Flavobacterium_A,R1,M2g,3,-3,FALSE,0.01810904882827567,0.001258824090226713,173.08406988045397,0.018290193926546582,0.0011887969525063255,174.75076091954665,5.890588596542928,-0.9537532370803292,-0.99039462893828
Flavobacterium_A,R1,M0,3,0,FALSE,0.01802926646042806,0.0012648591650818858,171.96297189274705,0.01802196080469134,0.0011986181924599,171.82548895651473,5.526444787730171,0.08001312090961708,0.04053751873001389
Flavobacterium_A,R1,M2g,3,0,FALSE,0.01837264853898683,0.0012522279982295297,175.69385536086168,0.018290193926546582,0.0011887969525063255,174.75076091954665,5.335734213439334,0.5396797337833718,0.45081322139822416
Flavobacterium_A,R1,M0,3,3,FALSE,0.01802926646042806,0.0012648591650818858,171.96297189274705,0.01802196080469134,0.0011986181924599,171.82548895651473,5.526444787730171,0.08001312090961708,0.04053751873001389
Flavobacterium_A,R1,M2g,3,3,FALSE,0.01837264853898683,0.0012522279982295297,175.69385536086168,0.018290193926546582,0.0011887969525063255,174.75076091954665,5.335734213439334,0.5396797337833718,0.45081322139822416
Flavobacterium_A,R1,M0,3,6,FALSE,0.01802926646042806,0.0012648591650818858,171.96297189274705,0.01802196080469134,0.0011986181924599,171.82548895651473,5.526444787730171,0.08001312090961708,0.04053751873001389
Flavobacterium_A,R1,M2g,3,6,FALSE,0.01837264853898683,0.0012522279982295297,175.69385536086168,0.018290193926546582,0.0011887969525063255,174.75076091954665,5.335734213439334,0.5396797337833718,0.45081322139822416
Flavobacterium_A,R1,M0,6,-6,FALSE,0.018142749223532147,0.0013256881028753688,173.55758218524906,0.01802196080469134,0.0011986181924599,171.82548895651473,10.601366741704942,1.0080537173228608,0.6702290619196286
Flavobacterium_A,R1,M2g,6,-6,FALSE,0.018152887246564678,0.001325351275067881,173.67586392382663,0.018290193926546582,0.0011887969525063255,174.75076091954665,11.486765866421488,-0.6151028985876035,-0.7507119964573802
Flavobacterium_A,R1,M0,6,-3,FALSE,0.018112824486465354,0.0013280617669983294,173.12046565731316,0.01802196080469134,0.0011986181924599,171.82548895651473,10.799400121966686,0.753658091510602,0.5041831061488012
Flavobacterium_A,R1,M2g,6,-3,FALSE,0.018117687069865798,0.0013278917224488263,173.1749208700592,0.018290193926546582,0.0011887969525063255,174.75076091954665,11.700464881681354,-0.9017643420808641,-0.9431658153739223
Flavobacterium_A,R1,M0,6,0,FALSE,0.01803686359445393,0.0013343026023417994,172.04115437160627,0.01802196080469134,0.0011986181924599,171.82548895651473,11.320069287738486,0.12551421584845074,0.08269238804864087
Flavobacterium_A,R1,M2g,6,0,FALSE,0.0184700138557095,0.0013183148649885401,176.72699999582588,0.018290193926546582,0.0011887969525063255,174.75076091954665,10.89487251873868,1.1308901122262163,0.9831493853213081
Flavobacterium_A,R1,M0,6,3,FALSE,0.01803686359445393,0.0013343026023417994,172.04115437160627,0.01802196080469134,0.0011986181924599,171.82548895651473,11.320069287738486,0.12551421584845074,0.08269238804864087
Flavobacterium_A,R1,M2g,6,3,FALSE,0.0184700138557095,0.0013183148649885401,176.72699999582588,0.018290193926546582,0.0011887969525063255,174.75076091954665,10.89487251873868,1.1308901122262163,0.9831493853213081
Flavobacterium_A,R1,M0,6,6,FALSE,0.01803686359445393,0.0013343026023417994,172.04115437160627,0.01802196080469134,0.0011986181924599,171.82548895651473,11.320069287738486,0.12551421584845074,0.08269238804864087
Flavobacterium_A,R1,M2g,6,6,FALSE,0.0184700138557095,0.0013183148649885401,176.72699999582588,0.018290193926546582,0.0011887969525063255,174.75076091954665,10.89487251873868,1.1308901122262163,0.9831493853213081
Flavobacterium_A,R2,M0,-6,-6,FALSE,0.015660354623052982,0.002140283989284768,162.34063894904062,0.015677207272735715,0.002138366507541303,147.97548378924236,0.08967039731976875,9.707794015566918,-0.10749777935283762
Flavobacterium_A,R2,M2g,-6,-6,FALSE,0.016840834681374497,0.002099581087092237,177.19357575268026,0.016154210090881995,0.0021197911013208217,152.53851494850588,-0.9533965028908695,16.163170863763465,4.2504374192833945
Flavobacterium_A,R2,M0,-6,-3,FALSE,0.015645757863585574,0.0021417950734658768,162.1306374929158,0.015677207272735715,0.002138366507541303,147.97548378924236,0.16033574751954308,9.565877631347547,-0.20060594086061484
Flavobacterium_A,R2,M2g,-6,-3,FALSE,0.01665209804287076,0.00210490140171698,174.2925452907971,0.016154210090881995,0.0021197911013208217,152.53851494850588,-0.702413534737642,14.261336128541032,3.0820940744715832
Flavobacterium_A,R2,M0,-6,0,FALSE,0.015677207272735715,0.002138366507541303,162.57019107842348,0.015677207272735715,0.002138366507541303,147.97548378924236,0,9.86292250273564,0
Flavobacterium_A,R2,M2g,-6,0,FALSE,0.016154210090881995,0.0021197911013208217,168.0635836227464,0.016154210090881995,0.0021197911013208217,152.53851494850588,0,10.177802425493315,0
Flavobacterium_A,R2,M0,-6,3,FALSE,0.015677207272735715,0.002138366507541303,162.57019107842348,0.015677207272735715,0.002138366507541303,147.97548378924236,0,9.86292250273564,0
Flavobacterium_A,R2,M2g,-6,3,FALSE,0.016154210090881995,0.0021197911013208217,168.0635836227464,0.016154210090881995,0.0021197911013208217,152.53851494850588,0,10.177802425493315,0
Flavobacterium_A,R2,M0,-6,6,FALSE,0.015677207272735715,0.002138366507541303,162.57019107842348,0.015677207272735715,0.002138366507541303,147.97548378924236,0,9.86292250273564,0
Flavobacterium_A,R2,M2g,-6,6,FALSE,0.016154210090881995,0.0021197911013208217,168.0635836227464,0.016154210090881995,0.0021197911013208217,152.53851494850588,0,10.177802425493315,0
Flavobacterium_A,R2,M0,-3,-6,FALSE,0.015660354623052982,0.002140283989284768,154.89009072930236,0.015677207272735715,0.002138366507541303,147.97548378924236,0.08967039731976875,4.672805766871688,-0.10749777935283762
Flavobacterium_A,R2,M2g,-3,-6,FALSE,0.016840834681374497,0.002099581087092237,168.46369712522701,0.016154210090881995,0.0021197911013208217,152.53851494850588,-0.9533965028908695,10.440105688781077,4.2504374192833945
Flavobacterium_A,R2,M0,-3,-3,FALSE,0.015645757863585574,0.0021417950734658768,154.69650124700144,0.015677207272735715,0.002138366507541303,147.97548378924236,0.16033574751954308,4.541980391381349,-0.20060594086061484
Flavobacterium_A,R2,M2g,-3,-3,FALSE,0.01665209804287076,0.00210490140171698,165.79944380254355,0.016154210090881995,0.0021197911013208217,152.53851494850588,-0.702413534737642,8.693495448355657,3.0820940744715832
Flavobacterium_A,R2,M0,-3,0,FALSE,0.015677207272735715,0.002138366507541303,155.10126587020264,0.015677207272735715,0.002138366507541303,147.97548378924236,0,4.815515312732036,0
Flavobacterium_A,R2,M2g,-3,0,FALSE,0.016154210090881995,0.0021197911013208217,160.1129896752221,0.016154210090881995,0.0021197911013208217,152.53851494850588,0,4.9656145723414395,0
Flavobacterium_A,R2,M0,-3,3,FALSE,0.015677207272735715,0.002138366507541303,155.10126587020264,0.015677207272735715,0.002138366507541303,147.97548378924236,0,4.815515312732036,0
Flavobacterium_A,R2,M2g,-3,3,FALSE,0.016154210090881995,0.0021197911013208217,160.1129896752221,0.016154210090881995,0.0021197911013208217,152.53851494850588,0,4.9656145723414395,0
Flavobacterium_A,R2,M0,-3,6,FALSE,0.015677207272735715,0.002138366507541303,155.10126587020264,0.015677207272735715,0.002138366507541303,147.97548378924236,0,4.815515312732036,0
Flavobacterium_A,R2,M2g,-3,6,FALSE,0.016154210090881995,0.0021197911013208217,160.1129896752221,0.016154210090881995,0.0021197911013208217,152.53851494850588,0,4.9656145723414395,0
Flavobacterium_A,R2,M0,0,-6,FALSE,0.015660354623052982,0.002140283989284768,147.78148195943945,0.015677207272735715,0.002138366507541303,147.97548378924236,0.08967039731976875,-0.13110403482730035,-0.10749777935283762
Flavobacterium_A,R2,M2g,0,-6,FALSE,0.016840834681374497,0.002099581087092237,160.16391750405165,0.016154210090881995,0.0021197911013208217,152.53851494850588,-0.9533965028908695,4.999001437846676,4.2504374192833945
Flavobacterium_A,R2,M0,0,-3,FALSE,0.015645757863585574,0.0021417950734658768,147.6032406219901,0.015677207272735715,0.002138366507541303,147.97548378924236,0.16033574751954308,-0.25155732403783915,-0.20060594086061484
Flavobacterium_A,R2,M2g,0,-3,FALSE,0.01665209804287076,0.00210490140171698,157.72020265908805,0.016154210090881995,0.0021197911013208217,152.53851494850588,-0.702413534737642,3.3969700782332954,3.0820940744715832
Flavobacterium_A,R2,M0,0,0,TRUE,0.015677207272735715,0.002138366507541303,147.97548378924236,0.015677207272735715,0.002138366507541303,147.97548378924236,0,0,0
Flavobacterium_A,R2,M2g,0,0,TRUE,0.016154210090881995,0.0021197911013208217,152.53851494850588,0.016154210090881995,0.0021197911013208217,152.53851494850588,0,0,0
Flavobacterium_A,R2,M0,0,3,FALSE,0.015677207272735715,0.002138366507541303,147.97548378924236,0.015677207272735715,0.002138366507541303,147.97548378924236,0,0,0
Flavobacterium_A,R2,M2g,0,3,FALSE,0.016154210090881995,0.0021197911013208217,152.53851494850588,0.016154210090881995,0.0021197911013208217,152.53851494850588,0,0,0
Flavobacterium_A,R2,M0,0,6,FALSE,0.015677207272735715,0.002138366507541303,147.97548378924236,0.015677207272735715,0.002138366507541303,147.97548378924236,0,0,0
Flavobacterium_A,R2,M2g,0,6,FALSE,0.016154210090881995,0.0021197911013208217,152.53851494850588,0.016154210090881995,0.0021197911013208217,152.53851494850588,0,0,0
Flavobacterium_A,R2,M0,3,-6,FALSE,0.015620067694917547,0.0022490365883485043,147.401348197902,0.015677207272735715,0.002138366507541303,147.97548378924236,5.1754495974803705,-0.3879937247970695,-0.36447548867673263
Flavobacterium_A,R2,M2g,3,-6,FALSE,0.01659921650500031,0.002215827126222136,157.48685092409684,0.016154210090881995,0.0021197911013208217,152.53851494850588,4.530447591815781,3.2439911829883945,2.754739548481489
Flavobacterium_A,R2,M0,3,-3,FALSE,0.015609325527646985,0.002250156765208321,147.2720788009751,0.015677207272735715,0.002138366507541303,147.97548378924236,5.227834296542299,-0.4753523828779013,-0.43299641261222893
Flavobacterium_A,R2,M2g,3,-3,FALSE,0.016427068365040796,0.0022206063159610386,155.35294658482456,0.016154210090881995,0.0021197911013208217,152.53851494850588,4.755903285819051,1.8450629582101192,1.6890845954319453
Flavobacterium_A,R2,M0,3,0,FALSE,0.015646939724688138,0.0022460047083600215,147.7099514388581,0.015677207272735715,0.002138366507541303,147.97548378924236,5.0336647361018185,-0.17944347508432762,-0.19306721867621765
Flavobacterium_A,R2,M2g,3,0,FALSE,0.01591619174694785,0.002235649667955069,150.24238888172948,0.016154210090881995,0.0021197911013208217,152.53851494850588,5.465565289054044,-1.5052762691124428,-1.4734136958419932
Flavobacterium_A,R2,M0,3,3,FALSE,0.015646939724688138,0.0022460047083600215,147.7099514388581,0.015677207272735715,0.002138366507541303,147.97548378924236,5.0336647361018185,-0.17944347508432762,-0.19306721867621765
Flavobacterium_A,R2,M2g,3,3,FALSE,0.01591619174694785,0.002235649667955069,150.24238888172948,0.016154210090881995,0.0021197911013208217,152.53851494850588,5.465565289054044,-1.5052762691124428,-1.4734136958419932
Flavobacterium_A,R2,M0,3,6,FALSE,0.015646939724688138,0.0022460047083600215,147.7099514388581,0.015677207272735715,0.002138366507541303,147.97548378924236,5.0336647361018185,-0.17944347508432762,-0.19306721867621765
Flavobacterium_A,R2,M2g,3,6,FALSE,0.01591619174694785,0.002235649667955069,150.24238888172948,0.016154210090881995,0.0021197911013208217,152.53851494850588,5.465565289054044,-1.5052762691124428,-1.4734136958419932
Flavobacterium_A,R2,M0,6,-6,FALSE,0.015555717023357044,0.0023663347859464406,146.8032817801612,0.015677207272735715,0.002138366507541303,147.97548378924236,10.660860876803389,-0.7921596058105801,-0.7749482880790557
Flavobacterium_A,R2,M2g,6,-6,FALSE,0.01605482923171767,0.002349724088821771,151.8025161419774,0.016154210090881995,0.0021197911013208217,152.53851494850588,10.84696446539852,-0.48250030936575616,-0.6152009823149456
Flavobacterium_A,R2,M0,6,-3,FALSE,0.015552041988607162,0.002366709868148947,146.75910145052757,0.015677207272735715,0.002138366507541303,147.97548378924236,10.678401471513588,-0.8220161256220362,-0.7983901848783211
Flavobacterium_A,R2,M2g,6,-3,FALSE,0.01594522527030049,0.0023527356452052667,150.5481382471332,0.016154210090881995,0.0021197911013208217,152.53851494850588,10.989033010814106,-1.3048355046884923,-1.2936864099561438
Flavobacterium_A,R2,M0,6,0,FALSE,0.01559884131241381,0.0023614799306268235,147.29414277109123,0.015677207272735715,0.002138366507541303,147.97548378924236,10.433825179110984,-0.46044182502660136,-0.49987194121105033
Flavobacterium_A,R2,M2g,6,0,FALSE,0.015624254811053229,0.0023605188416720175,147.52860814000135,0.016154210090881995,0.0021197911013208217,152.53851494850588,11.356201099306464,-3.284355305409768,-3.280601631694092
Flavobacterium_A,R2,M0,6,3,FALSE,0.01559884131241381,0.0023614799306268235,147.29414277109123,0.015677207272735715,0.002138366507541303,147.97548378924236,10.433825179110984,-0.46044182502660136,-0.49987194121105033
Flavobacterium_A,R2,M2g,6,3,FALSE,0.015624254811053229,0.0023605188416720175,147.52860814000135,0.016154210090881995,0.0021197911013208217,152.53851494850588,11.356201099306464,-3.284355305409768,-3.280601631694092
Flavobacterium_A,R2,M0,6,6,FALSE,0.01559884131241381,0.0023614799306268235,147.29414277109123,0.015677207272735715,0.002138366507541303,147.97548378924236,10.433825179110984,-0.46044182502660136,-0.49987194121105033
Flavobacterium_A,R2,M2g,6,6,FALSE,0.015624254811053229,0.0023605188416720175,147.52860814000135,0.016154210090881995,0.0021197911013208217,152.53851494850588,11.356201099306464,-3.284355305409768,-3.280601631694092
Flavobacterium_A,R3,M0,-6,-6,FALSE,0.024169599160200998,0.0012801296691673603,229.72109897887674,0.02416130472305527,0.00128073842831951,198.605395946925,-0.04753188775233213,15.667098511395457,0.034329425669688954
Flavobacterium_A,R3,M2g,-6,-6,FALSE,0.024177270914856514,0.001279863643178633,229.817525150338,0.02416849731611164,0.0012804589214994973,198.66732102028246,-0.04648945084214259,15.679581307121643,0.03630179663269518
Flavobacterium_A,R3,M0,-6,-3,FALSE,0.02417712398266802,0.0012795606821527966,229.83858617069745,0.02416130472305527,0.00128073842831951,198.605395946925,-0.09195836875597069,15.726254603937933,0.06547353213775987
Flavobacterium_A,R3,M2g,-6,-3,FALSE,0.024180552339281028,0.0012794335232431525,229.87962101044621,0.02416849731611164,0.0012804589214994973,198.66732102028246,-0.08008052731156459,15.710837509595859,0.04987907610354662
Flavobacterium_A,R3,M0,-6,0,FALSE,0.02416130472305527,0.00128073842831951,229.5883102271387,0.02416130472305527,0.00128073842831951,198.605395946925,0,15.600237915234446,0
Flavobacterium_A,R3,M2g,-6,0,FALSE,0.02416849731611164,0.0012804589214994973,229.6698070741612,0.02416849731611164,0.0012804589214994973,198.66732102028246,0,15.60522681569438,0
Flavobacterium_A,R3,M0,-6,3,FALSE,0.02416130472305527,0.00128073842831951,229.5883102271387,0.02416130472305527,0.00128073842831951,198.605395946925,0,15.600237915234446,0
Flavobacterium_A,R3,M2g,-6,3,FALSE,0.02416849731611164,0.0012804589214994973,229.6698070741612,0.02416849731611164,0.0012804589214994973,198.66732102028246,0,15.60522681569438,0
Flavobacterium_A,R3,M0,-6,6,FALSE,0.02416130472305527,0.00128073842831951,229.5883102271387,0.02416130472305527,0.00128073842831951,198.605395946925,0,15.600237915234446,0
Flavobacterium_A,R3,M2g,-6,6,FALSE,0.02416849731611164,0.0012804589214994973,229.6698070741612,0.02416849731611164,0.0012804589214994973,198.66732102028246,0,15.60522681569438,0
Flavobacterium_A,R3,M0,-3,-6,FALSE,0.024169599160200998,0.0012801296691673603,213.65384582157643,0.02416130472305527,0.00128073842831951,198.605395946925,-0.04753188775233213,7.577059929767945,0.034329425669688954
Flavobacterium_A,R3,M2g,-3,-6,FALSE,0.024177270914856514,0.001279863643178633,213.73860840465443,0.02416849731611164,0.0012804589214994973,198.66732102028246,-0.04648945084214259,7.586193495221746,0.03630179663269518
Flavobacterium_A,R3,M0,-3,-3,FALSE,0.02417712398266802,0.0012795606821527966,213.7582901390374,0.02416130472305527,0.00128073842831951,198.605395946925,-0.09195836875597069,7.629648791698406,0.06547353213775987
Flavobacterium_A,R3,M2g,-3,-3,FALSE,0.024180552339281028,0.0012794335232431525,213.79425514045937,0.02416849731611164,0.0012804589214994973,198.66732102028246,-0.08008052731156459,7.614203504879679,0.04987907610354662
Flavobacterium_A,R3,M0,-3,0,FALSE,0.02416130472305527,0.00128073842831951,213.53565804672144,0.02416130472305527,0.00128073842831951,198.605395946925,0,7.517551085966656,0
Flavobacterium_A,R3,M2g,-3,0,FALSE,0.02416849731611164,0.0012804589214994973,213.60684748076005,0.02416849731611164,0.0012804589214994973,198.66732102028246,0,7.519871100971045,0
Flavobacterium_A,R3,M0,-3,3,FALSE,0.02416130472305527,0.00128073842831951,213.53565804672144,0.02416130472305527,0.00128073842831951,198.605395946925,0,7.517551085966656,0
Flavobacterium_A,R3,M2g,-3,3,FALSE,0.02416849731611164,0.0012804589214994973,213.60684748076005,0.02416849731611164,0.0012804589214994973,198.66732102028246,0,7.519871100971045,0
Flavobacterium_A,R3,M0,-3,6,FALSE,0.02416130472305527,0.00128073842831951,213.53565804672144,0.02416130472305527,0.00128073842831951,198.605395946925,0,7.517551085966656,0
Flavobacterium_A,R3,M2g,-3,6,FALSE,0.02416849731611164,0.0012804589214994973,213.60684748076005,0.02416849731611164,0.0012804589214994973,198.66732102028246,0,7.519871100971045,0
Flavobacterium_A,R3,M0,0,-6,FALSE,0.024169599160200998,0.0012801296691673603,198.710375482521,0.02416130472305527,0.00128073842831951,198.605395946925,-0.04753188775233213,0.05285835014474725,0.034329425669688954
Flavobacterium_A,R3,M2g,0,-6,FALSE,0.024177270914856514,0.001279863643178633,198.78463443061304,0.02416849731611164,0.0012804589214994973,198.66732102028246,-0.04648945084214259,0.059050179832346186,0.03630179663269518
Flavobacterium_A,R3,M0,0,-3,FALSE,0.02417712398266802,0.0012795606821527966,198.8030267869369,0.02416130472305527,0.00128073842831951,198.605395946925,-0.09195836875597069,0.09950930037404988,0.06547353213775987
Flavobacterium_A,R3,M2g,0,-3,FALSE,0.024180552339281028,0.0012794335232431525,198.83443051694778,0.02416849731611164,0.0012804589214994973,198.66732102028246,-0.08008052731156459,0.08411524140311831,0.04987907610354662
Flavobacterium_A,R3,M0,0,0,TRUE,0.02416130472305527,0.00128073842831951,198.605395946925,0.02416130472305527,0.00128073842831951,198.605395946925,0,0,0
Flavobacterium_A,R3,M2g,0,0,TRUE,0.02416849731611164,0.0012804589214994973,198.66732102028246,0.02416849731611164,0.0012804589214994973,198.66732102028246,0,0,0
Flavobacterium_A,R3,M0,0,3,FALSE,0.02416130472305527,0.00128073842831951,198.605395946925,0.02416130472305527,0.00128073842831951,198.605395946925,0,0,0
Flavobacterium_A,R3,M2g,0,3,FALSE,0.02416849731611164,0.0012804589214994973,198.66732102028246,0.02416849731611164,0.0012804589214994973,198.66732102028246,0,0,0
Flavobacterium_A,R3,M0,0,6,FALSE,0.02416130472305527,0.00128073842831951,198.605395946925,0.02416130472305527,0.00128073842831951,198.605395946925,0,0,0
Flavobacterium_A,R3,M2g,0,6,FALSE,0.02416849731611164,0.0012804589214994973,198.66732102028246,0.02416849731611164,0.0012804589214994973,198.66732102028246,0,0,0
Flavobacterium_A,R3,M0,3,-6,FALSE,0.02419685406220158,0.0014073751120471266,203.8371587252288,0.02416130472305527,0.00128073842831951,198.605395946925,9.88778668051522,2.6342500682619505,0.14713335870636587
Flavobacterium_A,R3,M2g,3,-6,FALSE,0.024208326730419363,0.00140696948267186,203.95229670869358,0.02416849731611164,0.0012804589214994973,198.66732102028246,9.88009525711383,2.660213899935544,0.16479888586689215
Flavobacterium_A,R3,M0,3,-3,FALSE,0.02420126615504322,0.0014070140466922413,203.89101433232267,0.02416130472305527,0.00128073842831951,198.605395946925,9.859594713529496,2.6613669584335913,0.16539434623254565
Flavobacterium_A,R3,M2g,3,-3,FALSE,0.024206688571166878,0.001406810814606769,203.9425114511052,0.02416849731611164,0.0012804589214994973,198.66732102028246,9.867703757283037,2.6552884509295693,0.15802080930276755
Flavobacterium_A,R3,M0,3,0,FALSE,0.02418131960199183,0.0014085717519115508,203.63675696101492,0.02416130472305527,0.00128073842831951,198.605395946925,9.981220268355193,2.533345577093231,0.0828385683884965
Flavobacterium_A,R3,M2g,3,0,FALSE,0.024243635378760942,0.0014060927480892837,204.1947692552891,0.02416849731611164,0.0012804589214994973,198.66732102028246,9.811624916687007,2.782263437499275,0.31089257088073663
Flavobacterium_A,R3,M0,3,3,FALSE,0.02418131960199183,0.0014085717519115508,203.63675696101492,0.02416130472305527,0.00128073842831951,198.605395946925,9.981220268355193,2.533345577093231,0.0828385683884965
Flavobacterium_A,R3,M2g,3,3,FALSE,0.024243635378760942,0.0014060927480892837,204.1947692552891,0.02416849731611164,0.0012804589214994973,198.66732102028246,9.811624916687007,2.782263437499275,0.31089257088073663
Flavobacterium_A,R3,M0,3,6,FALSE,0.02418131960199183,0.0014085717519115508,203.63675696101492,0.02416130472305527,0.00128073842831951,198.605395946925,9.981220268355193,2.533345577093231,0.0828385683884965
Flavobacterium_A,R3,M2g,3,6,FALSE,0.024243635378760942,0.0014060927480892837,204.1947692552891,0.02416849731611164,0.0012804589214994973,198.66732102028246,9.811624916687007,2.782263437499275,0.31089257088073663
Flavobacterium_A,R3,M0,6,-6,FALSE,0.024170780383548442,0.0015160210671430329,203.5872078716077,0.02416130472305527,0.00128073842831951,198.605395946925,18.37085806289448,2.5083970659155805,0.03921833113644117
Flavobacterium_A,R3,M2g,6,-6,FALSE,0.02418125368368223,0.0015156467578821549,203.69142358133567,0.02416849731611164,0.0012804589214994973,198.66732102028246,18.36746438591235,2.5289023555818164,0.0527809710456589
Flavobacterium_A,R3,M0,6,-3,FALSE,0.024178959282442503,0.0015153483605887402,203.6884135390453,0.02416130472305527,0.00128073842831951,198.605395946925,18.318333164803047,2.5593552319588997,0.07306956138998139
Flavobacterium_A,R3,M2g,6,-3,FALSE,0.024182579297256902,0.0015152124228276836,203.722476559981,0.02416849731611164,0.0012804589214994973,198.66732102028246,18.333544121296395,2.5445329980477527,0.058265853110668134
Flavobacterium_A,R3,M0,6,0,FALSE,0.024161010567323987,0.0015167984010346748,203.46281191013784,0.02416130472305527,0.00128073842831951,198.605395946925,18.43155225887187,2.445762331911129,-0.0012174662529822861
Flavobacterium_A,R3,M2g,6,0,FALSE,0.024167208564734467,0.0015165473973311782,203.51782648235164,0.02416849731611164,0.0012804589214994973,198.66732102028246,18.43780162468676,2.441521553297625,-0.005332360387649013
Flavobacterium_A,R3,M0,6,3,FALSE,0.024161010567323987,0.0015167984010346748,203.46281191013784,0.02416130472305527,0.00128073842831951,198.605395946925,18.43155225887187,2.445762331911129,-0.0012174662529822861
Flavobacterium_A,R3,M2g,6,3,FALSE,0.024167208564734467,0.0015165473973311782,203.51782648235164,0.02416849731611164,0.0012804589214994973,198.66732102028246,18.43780162468676,2.441521553297625,-0.005332360387649013
Flavobacterium_A,R3,M0,6,6,FALSE,0.024161010567323987,0.0015167984010346748,203.46281191013784,0.02416130472305527,0.00128073842831951,198.605395946925,18.43155225887187,2.445762331911129,-0.0012174662529822861
Flavobacterium_A,R3,M2g,6,6,FALSE,0.024167208564734467,0.0015165473973311782,203.51782648235164,0.02416849731611164,0.0012804589214994973,198.66732102028246,18.43780162468676,2.441521553297625,-0.005332360387649013
Flavobacterium_A,R4,M0,-6,-6,FALSE,0.023524924438696037,0.0015054109357962341,165.2653183277754,0.02351547306940147,0.00150600350882712,143.4074792350404,-0.03934738713507211,15.241770658914293,0.040192129100162344
Flavobacterium_A,R4,M2g,-6,-6,FALSE,0.023531939710842137,0.0015052618569339276,165.35113545974957,0.023536516299864568,0.0015054799209424563,143.5980466322467,-0.014484683953285825,15.148596612328808,-0.019444632179729377
Flavobacterium_A,R4,M0,-6,-3,FALSE,0.023546556212083836,0.001504110943608291,165.56263955519714,0.02351547306940147,0.00150600350882712,143.4074792350404,-0.12566804842991416,15.44909682419361,0.1321816600951684
Flavobacterium_A,R4,M2g,-6,-3,FALSE,0.023552046073222328,0.0015039865545776144,165.6276629718801,0.023536516299864568,0.0015054799209424563,143.5980466322467,-0.09919536913564414,15.341167137218138,0.06598161410084878
Flavobacterium_A,R4,M0,-6,0,FALSE,0.02351547306940147,0.00150600350882712,165.1382367573362,0.02351547306940147,0.00150600350882712,143.4074792350404,0,15.153154938787923,0
Flavobacterium_A,R4,M2g,-6,0,FALSE,0.023536516299864568,0.0015054799209424563,165.37856040433536,0.023536516299864568,0.0015054799209424563,143.5980466322467,0,15.167695022947179,0
Flavobacterium_A,R4,M0,-6,3,FALSE,0.02351547306940147,0.00150600350882712,165.1382367573362,0.02351547306940147,0.00150600350882712,143.4074792350404,0,15.153154938787923,0
Flavobacterium_A,R4,M2g,-6,3,FALSE,0.023536516299864568,0.0015054799209424563,165.37856040433536,0.023536516299864568,0.0015054799209424563,143.5980466322467,0,15.167695022947179,0
Flavobacterium_A,R4,M0,-6,6,FALSE,0.02351547306940147,0.00150600350882712,165.1382367573362,0.02351547306940147,0.00150600350882712,143.4074792350404,0,15.153154938787923,0
Flavobacterium_A,R4,M2g,-6,6,FALSE,0.023536516299864568,0.0015054799209424563,165.37856040433536,0.023536516299864568,0.0015054799209424563,143.5980466322467,0,15.167695022947179,0
Flavobacterium_A,R4,M0,-3,-6,FALSE,0.023524924438696037,0.0015054109357962341,154.00381872446707,0.02351547306940147,0.00150600350882712,143.4074792350404,-0.03934738713507211,7.388972699296665,0.040192129100162344
Flavobacterium_A,R4,M2g,-3,-6,FALSE,0.023531939710842137,0.0015052618569339276,154.0805453254835,0.023536516299864568,0.0015054799209424563,143.5980466322467,-0.014484683953285825,7.299889475573711,-0.019444632179729377
Flavobacterium_A,R4,M0,-3,-3,FALSE,0.023546556212083836,0.001504110943608291,154.2708681240592,0.02351547306940147,0.00150600350882712,143.4074792350404,-0.12566804842991416,7.575189904296448,0.1321816600951684
Flavobacterium_A,R4,M2g,-3,-3,FALSE,0.023552046073222328,0.0015039865545776144,154.32891503298757,0.023536516299864568,0.0015054799209424563,143.5980466322467,-0.09919536913564414,7.472851234684631,0.06598161410084878
Flavobacterium_A,R4,M0,-3,0,FALSE,0.02351547306940147,0.00150600350882712,153.88976008392777,0.02351547306940147,0.00150600350882712,143.4074792350404,0,7.309438046607903,0
Flavobacterium_A,R4,M2g,-3,0,FALSE,0.023536516299864568,0.0015054799209424563,154.1039851169189,0.023536516299864568,0.0015054799209424563,143.5980466322467,0,7.316212672152706,0
Flavobacterium_A,R4,M0,-3,3,FALSE,0.02351547306940147,0.00150600350882712,153.88976008392777,0.02351547306940147,0.00150600350882712,143.4074792350404,0,7.309438046607903,0
Flavobacterium_A,R4,M2g,-3,3,FALSE,0.023536516299864568,0.0015054799209424563,154.1039851169189,0.023536516299864568,0.0015054799209424563,143.5980466322467,0,7.316212672152706,0
Flavobacterium_A,R4,M0,-3,6,FALSE,0.02351547306940147,0.00150600350882712,153.88976008392777,0.02351547306940147,0.00150600350882712,143.4074792350404,0,7.309438046607903,0
Flavobacterium_A,R4,M2g,-3,6,FALSE,0.023536516299864568,0.0015054799209424563,154.1039851169189,0.023536516299864568,0.0015054799209424563,143.5980466322467,0,7.316212672152706,0
Flavobacterium_A,R4,M0,0,-6,FALSE,0.023524924438696037,0.0015054109357962341,143.5096995649116,0.02351547306940147,0.00150600350882712,143.4074792350404,-0.03934738713507211,0.07127963647117715,0.040192129100162344
Flavobacterium_A,R4,M2g,0,-6,FALSE,0.023531939710842137,0.0015052618569339276,143.57817611465686,0.023536516299864568,0.0015054799209424563,143.5980466322467,-0.014484683953285825,-0.013837596022973244,-0.019444632179729377
Flavobacterium_A,R4,M0,0,-3,FALSE,0.023546556212083836,0.001504110943608291,143.74922274548734,0.02351547306940147,0.00150600350882712,143.4074792350404,-0.12566804842991416,0.2383024318326098,0.1321816600951684
Flavobacterium_A,R4,M2g,0,-3,FALSE,0.023552046073222328,0.0015039865545776144,143.80094235407265,0.023536516299864568,0.0015054799209424563,143.5980466322467,-0.09919536913564414,0.1412942073965347,0.06598161410084878
Flavobacterium_A,R4,M0,0,0,TRUE,0.02351547306940147,0.00150600350882712,143.4074792350404,0.02351547306940147,0.00150600350882712,143.4074792350404,0,0,0
Flavobacterium_A,R4,M2g,0,0,TRUE,0.023536516299864568,0.0015054799209424563,143.5980466322467,0.023536516299864568,0.0015054799209424563,143.5980466322467,0,0,0
Flavobacterium_A,R4,M0,0,3,FALSE,0.02351547306940147,0.00150600350882712,143.4074792350404,0.02351547306940147,0.00150600350882712,143.4074792350404,0,0,0
Flavobacterium_A,R4,M2g,0,3,FALSE,0.023536516299864568,0.0015054799209424563,143.5980466322467,0.023536516299864568,0.0015054799209424563,143.5980466322467,0,0,0
Flavobacterium_A,R4,M0,0,6,FALSE,0.02351547306940147,0.00150600350882712,143.4074792350404,0.02351547306940147,0.00150600350882712,143.4074792350404,0,0,0
Flavobacterium_A,R4,M2g,0,6,FALSE,0.023536516299864568,0.0015054799209424563,143.5980466322467,0.023536516299864568,0.0015054799209424563,143.5980466322467,0,0,0
Flavobacterium_A,R4,M0,3,-6,FALSE,0.02365110997234893,0.0016055204827215778,144.6907741486346,0.02351547306940147,0.00150600350882712,143.4074792350404,6.60801739910698,0.8948591248096092,0.5767985298324838
Flavobacterium_A,R4,M2g,3,-6,FALSE,0.023653212155348113,0.001605482298119322,144.71120349647924,0.023536516299864568,0.0015054799209424563,143.5980466322467,6.642558016599954,0.7751894195910066,0.4958076802734676
Flavobacterium_A,R4,M0,3,-3,FALSE,0.023654322080066056,0.0016052812426521402,144.72221230400427,0.02351547306940147,0.00150600350882712,143.4074792350404,6.592131641335809,0.9167813812618995,0.5904580794730372
Flavobacterium_A,R4,M2g,3,-3,FALSE,0.02365861279432939,0.0016051775636930234,144.76260922774827,0.023536516299864568,0.0015054799209424563,143.5980466322467,6.622316336717044,0.8109877695509319,0.5187534676298906
Flavobacterium_A,R4,M0,3,0,FALSE,0.02360412732015912,0.0016083950030289173,144.1753458368569,0.02351547306940147,0.00150600350882712,143.4074792350404,6.798888156744067,0.5354439014704372,0.3770039007763315
Flavobacterium_A,R4,M2g,3,0,FALSE,0.023624674837736354,0.0016078857280795787,144.3607211260435,0.023536516299864568,0.0015054799209424563,143.5980466322467,6.8022034510440115,0.531117596432211,0.37456069007244697
Flavobacterium_A,R4,M0,3,3,FALSE,0.02360412732015912,0.0016083950030289173,144.1753458368569,0.02351547306940147,0.00150600350882712,143.4074792350404,6.798888156744067,0.5354439014704372,0.3770039007763315
Flavobacterium_A,R4,M2g,3,3,FALSE,0.023624674837736354,0.0016078857280795787,144.3607211260435,0.023536516299864568,0.0015054799209424563,143.5980466322467,6.8022034510440115,0.531117596432211,0.37456069007244697
Flavobacterium_A,R4,M0,3,6,FALSE,0.02360412732015912,0.0016083950030289173,144.1753458368569,0.02351547306940147,0.00150600350882712,143.4074792350404,6.798888156744067,0.5354439014704372,0.3770039007763315
Flavobacterium_A,R4,M2g,3,6,FALSE,0.023624674837736354,0.0016078857280795787,144.3607211260435,0.023536516299864568,0.0015054799209424563,143.5980466322467,6.8022034510440115,0.531117596432211,0.37456069007244697
Flavobacterium_A,R4,M0,6,-6,FALSE,0.023700712895423925,0.0017195590186798752,145.15074700823058,0.02351547306940147,0.00150600350882712,143.4074792350404,14.18027970061456,1.2156045015846222,0.7877359110563298
Flavobacterium_A,R4,M2g,6,-6,FALSE,0.02370821238080396,0.0017194056276764059,145.22337902133654,0.023536516299864568,0.0015054799209424563,143.5980466322467,14.209801390112755,1.13186246415475,0.7294880803595433
Flavobacterium_A,R4,M0,6,-3,FALSE,0.023696339179038958,0.001719764852339754,145.09764323999923,0.02351547306940147,0.00150600350882712,143.4074792350404,14.19394724246771,1.1785745164578931,0.7691365982886937
Flavobacterium_A,R4,M2g,6,-3,FALSE,0.023705331477164786,0.0017195658490040888,145.18158663078654,0.023536516299864568,0.0015054799209424563,143.5980466322467,14.220443931767019,1.1027587322237506,0.7172479357159168
Flavobacterium_A,R4,M0,6,0,FALSE,0.023635647481589993,0.0017236058241737818,144.44506415102043,0.02351547306940147,0.00150600350882712,143.4074792350404,14.44899125873425,0.7235221771658538,0.5110439914768099
Flavobacterium_A,R4,M2g,6,0,FALSE,0.02372168397176691,0.0017214928322248383,145.21696099392182,0.023536516299864568,0.0015054799209424563,143.5980466322467,14.348441867438142,1.1273930249351751,0.7867250596614769
Flavobacterium_A,R4,M0,6,3,FALSE,0.023635647481589993,0.0017236058241737818,144.44506415102043,0.02351547306940147,0.00150600350882712,143.4074792350404,14.44899125873425,0.7235221771658538,0.5110439914768099
Flavobacterium_A,R4,M2g,6,3,FALSE,0.02372168397176691,0.0017214928322248383,145.21696099392182,0.023536516299864568,0.0015054799209424563,143.5980466322467,14.348441867438142,1.1273930249351751,0.7867250596614769
Flavobacterium_A,R4,M0,6,6,FALSE,0.023635647481589993,0.0017236058241737818,144.44506415102043,0.02351547306940147,0.00150600350882712,143.4074792350404,14.44899125873425,0.7235221771658538,0.5110439914768099
Flavobacterium_A,R4,M2g,6,6,FALSE,0.02372168397176691,0.0017214928322248383,145.21696099392182,0.023536516299864568,0.0015054799209424563,143.5980466322467,14.348441867438142,1.1273930249351751,0.7867250596614769
Flavobacterium_A,R5,M0,-6,-6,FALSE,0.02131968085421972,0.001495919289314776,196.09351676720547,0.02134249518277886,0.001493955259249436,172.81337835049527,0.13146511939899858,13.471259365981535,-0.10689625727337601
Flavobacterium_A,R5,M2g,-6,-6,FALSE,0.02132531150609251,0.001495703597240478,196.15782795045243,0.021346464661932164,0.0014937860939315054,172.84560341769125,0.12836532062806055,13.48731126034248,-0.09909442230673557
Flavobacterium_A,R5,M0,-6,-3,FALSE,0.021316341793163836,0.0014962632579438428,196.05281087224625,0.02134249518277886,0.001493955259249436,172.81337835049527,0.15448914417733167,13.447704537444675,-0.12254138698894156
Flavobacterium_A,R5,M2g,-6,-3,FALSE,0.021325097725575486,0.001495910833671039,196.14829153396386,0.021346464661932164,0.0014937860939315054,172.84560341769125,0.14223855397806326,13.48179395686469,-0.10009590203844103
Flavobacterium_A,R5,M0,-6,0,FALSE,0.02134249518277886,0.001493955259249436,196.42236132632053,0.02134249518277886,0.001493955259249436,172.81337835049527,0,13.661548197930705,0
Flavobacterium_A,R5,M2g,-6,0,FALSE,0.021346464661932164,0.0014937860939315054,196.46366793148786,0.021346464661932164,0.0014937860939315054,172.84560341769125,0,13.664255293044517,0
Flavobacterium_A,R5,M0,-6,3,FALSE,0.02134249518277886,0.001493955259249436,196.42236132632053,0.02134249518277886,0.001493955259249436,172.81337835049527,0,13.661548197930705,0
Flavobacterium_A,R5,M2g,-6,3,FALSE,0.021346464661932164,0.0014937860939315054,196.46366793148786,0.021346464661932164,0.0014937860939315054,172.84560341769125,0,13.664255293044517,0
Flavobacterium_A,R5,M0,-6,6,FALSE,0.02134249518277886,0.001493955259249436,196.42236132632053,0.02134249518277886,0.001493955259249436,172.81337835049527,0,13.661548197930705,0
Flavobacterium_A,R5,M2g,-6,6,FALSE,0.021346464661932164,0.0014937860939315054,196.46366793148786,0.021346464661932164,0.0014937860939315054,172.84560341769125,0,13.664255293044517,0
Flavobacterium_A,R5,M0,-3,-6,FALSE,0.02131968085421972,0.001495919289314776,183.9442328333099,0.02134249518277886,0.001493955259249436,172.81337835049527,0.13146511939899858,6.440968048341346,-0.10689625727337601
Flavobacterium_A,R5,M2g,-3,-6,FALSE,0.02132531150609251,0.001495703597240478,184.00145134489568,0.021346464661932164,0.0014937860939315054,172.84560341769125,0.12836532062806055,6.454227186933816,-0.09909442230673557
Flavobacterium_A,R5,M0,-3,-3,FALSE,0.021316341793163836,0.0014962632579438428,183.9078911662501,0.02134249518277886,0.001493955259249436,172.81337835049527,0.15448914417733167,6.419938619134708,-0.12254138698894156
Flavobacterium_A,R5,M2g,-3,-3,FALSE,0.021325097725575486,0.001495910833671039,183.99262392535553,0.021346464661932164,0.0014937860939315054,172.84560341769125,0.14223855397806326,6.449120074363053,-0.10009590203844103
Flavobacterium_A,R5,M0,-3,0,FALSE,0.02134249518277886,0.001493955259249436,184.24009293414696,0.02134249518277886,0.001493955259249436,172.81337835049527,0,6.612170129835865,0
Flavobacterium_A,R5,M2g,-3,0,FALSE,0.021346464661932164,0.0014937860939315054,184.27664321142527,0.021346464661932164,0.0014937860939315054,172.84560341769125,0,6.613439721755755,0
Flavobacterium_A,R5,M0,-3,3,FALSE,0.02134249518277886,0.001493955259249436,184.24009293414696,0.02134249518277886,0.001493955259249436,172.81337835049527,0,6.612170129835865,0
Flavobacterium_A,R5,M2g,-3,3,FALSE,0.021346464661932164,0.0014937860939315054,184.27664321142527,0.021346464661932164,0.0014937860939315054,172.84560341769125,0,6.613439721755755,0
Flavobacterium_A,R5,M0,-3,6,FALSE,0.02134249518277886,0.001493955259249436,184.24009293414696,0.02134249518277886,0.001493955259249436,172.81337835049527,0,6.612170129835865,0
Flavobacterium_A,R5,M2g,-3,6,FALSE,0.021346464661932164,0.0014937860939315054,184.27664321142527,0.021346464661932164,0.0014937860939315054,172.84560341769125,0,6.613439721755755,0
Flavobacterium_A,R5,M0,0,-6,FALSE,0.02131968085421972,0.001495919289314776,172.54767699843478,0.02134249518277886,0.001493955259249436,172.81337835049527,0.13146511939899858,-0.1537504530011566,-0.10689625727337601
Flavobacterium_A,R5,M2g,0,-6,FALSE,0.02132531150609251,0.001495703597240478,172.5984348969232,0.021346464661932164,0.0014937860939315054,172.84560341769125,0.12836532062806055,-0.142999599573699,-0.09909442230673557
Flavobacterium_A,R5,M0,0,-3,FALSE,0.021316341793163836,0.0014962632579438428,172.51531504568314,0.02134249518277886,0.001493955259249436,172.81337835049527,0.15448914417733167,-0.17247698509059192,-0.12254138698894156
Flavobacterium_A,R5,M2g,0,-3,FALSE,0.021325097725575486,0.001495910833671039,172.59026522326593,0.021346464661932164,0.0014937860939315054,172.84560341769125,0.14223855397806326,-0.1477261725936303,-0.10009590203844103
Flavobacterium_A,R5,M0,0,0,TRUE,0.02134249518277886,0.001493955259249436,172.81337835049527,0.02134249518277886,0.001493955259249436,172.81337835049527,0,0,0
Flavobacterium_A,R5,M2g,0,0,TRUE,0.021346464661932164,0.0014937860939315054,172.84560341769125,0.021346464661932164,0.0014937860939315054,172.84560341769125,0,0,0
Flavobacterium_A,R5,M0,0,3,FALSE,0.02134249518277886,0.001493955259249436,172.81337835049527,0.02134249518277886,0.001493955259249436,172.81337835049527,0,0,0
Flavobacterium_A,R5,M2g,0,3,FALSE,0.021346464661932164,0.0014937860939315054,172.84560341769125,0.021346464661932164,0.0014937860939315054,172.84560341769125,0,0,0
Flavobacterium_A,R5,M0,0,6,FALSE,0.02134249518277886,0.001493955259249436,172.81337835049527,0.02134249518277886,0.001493955259249436,172.81337835049527,0,0,0
Flavobacterium_A,R5,M2g,0,6,FALSE,0.021346464661932164,0.0014937860939315054,172.84560341769125,0.021346464661932164,0.0014937860939315054,172.84560341769125,0,0,0
Flavobacterium_A,R5,M0,3,-6,FALSE,0.021349078059839356,0.001591340957976301,172.8005412514096,0.02134249518277886,0.001493955259249436,172.81337835049527,6.518648943730187,-0.007428301679064606,0.030843989908953408
Flavobacterium_A,R5,M2g,3,-6,FALSE,0.021356581322064083,0.001591054089544733,172.8677073811546,0.021346464661932164,0.0014937860939315054,172.84560341769125,6.51150763876957,0.012788270587318098,0.04739267270781484
Flavobacterium_A,R5,M0,3,-3,FALSE,0.021341802136478075,0.0015920434517698923,172.7233977390515,0.02134249518277886,0.001493955259249436,172.81337835049527,6.565671355495332,-0.05206808194054723,-0.003247259961172976
Flavobacterium_A,R5,M2g,3,-3,FALSE,0.02139668363214485,0.001589818206020814,173.19021715662504,0.021346464661932164,0.0014937860939315054,172.84560341769125,6.428772665607096,0.1993766298475114,0.2352566151257954
Flavobacterium_A,R5,M0,3,0,FALSE,0.02136606316663628,0.0015898434941222835,172.99613109157173,0.02134249518277886,0.001493955259249436,172.81337835049527,6.4184140909963885,0.10575150073497319,0.11042749995058995
Flavobacterium_A,R5,M2g,3,0,FALSE,0.021369834138947136,0.0015896838805342913,173.02647604701914,0.021346464661932164,0.0014937860939315054,172.84560341769125,6.41978038170056,0.10464404402049192,0.10947703699454729
Flavobacterium_A,R5,M0,3,3,FALSE,0.02136606316663628,0.0015898434941222835,172.99613109157173,0.02134249518277886,0.001493955259249436,172.81337835049527,6.4184140909963885,0.10575150073497319,0.11042749995058995
Flavobacterium_A,R5,M2g,3,3,FALSE,0.021369834138947136,0.0015896838805342913,173.02647604701914,0.021346464661932164,0.0014937860939315054,172.84560341769125,6.41978038170056,0.10464404402049192,0.10947703699454729
Flavobacterium_A,R5,M0,3,6,FALSE,0.02136606316663628,0.0015898434941222835,172.99613109157173,0.02134249518277886,0.001493955259249436,172.81337835049527,6.4184140909963885,0.10575150073497319,0.11042749995058995
Flavobacterium_A,R5,M2g,3,6,FALSE,0.021369834138947136,0.0015896838805342913,173.02647604701914,0.021346464661932164,0.0014937860939315054,172.84560341769125,6.41978038170056,0.10464404402049192,0.10947703699454729
Flavobacterium_A,R5,M0,6,-6,FALSE,0.021365361464593502,0.0016946719428153555,172.93937776466242,0.02134249518277886,0.001493955259249436,172.81337835049527,13.43525398924996,0.07291068282433875,0.10713968361624183
Flavobacterium_A,R5,M2g,6,-6,FALSE,0.021422202970935184,0.0016924912151383205,173.44469729605694,0.021346464661932164,0.0014937860939315054,172.84560341769125,13.302113469529086,0.34660637385027865,0.35480493000832336
Flavobacterium_A,R5,M0,6,-3,FALSE,0.021355525668439422,0.0016956285972642743,172.83453791879717,0.02134249518277886,0.001493955259249436,172.81337835049527,13.499289002547439,0.012244172588873172,0.061054181101913914
Flavobacterium_A,R5,M2g,6,-3,FALSE,0.02149980393605697,0.0016897499123533716,174.0538645540774,0.021346464661932164,0.0014937860939315054,172.84560341769125,13.118599725755098,0.6990407117653492,0.7183356895545326
Flavobacterium_A,R5,M0,6,0,FALSE,0.021379262602741363,0.0016934170044086555,173.09749206726033,0.02134249518277886,0.001493955259249436,172.81337835049527,13.351252919008374,0.16440493176913157,0.17227329629278654
Flavobacterium_A,R5,M2g,6,0,FALSE,0.02139747662864748,0.001692630459950458,173.24308150516563,0.021346464661932164,0.0014937860939315054,172.84560341769125,13.311435072715994,0.22996135256842745,0.23897149960521016
Flavobacterium_A,R5,M0,6,3,FALSE,0.021379262602741363,0.0016934170044086555,173.09749206726033,0.02134249518277886,0.001493955259249436,172.81337835049527,13.351252919008374,0.16440493176913157,0.17227329629278654
Flavobacterium_A,R5,M2g,6,3,FALSE,0.02139747662864748,0.001692630459950458,173.24308150516563,0.021346464661932164,0.0014937860939315054,172.84560341769125,13.311435072715994,0.22996135256842745,0.23897149960521016
Flavobacterium_A,R5,M0,6,6,FALSE,0.021379262602741363,0.0016934170044086555,173.09749206726033,0.02134249518277886,0.001493955259249436,172.81337835049527,13.351252919008374,0.16440493176913157,0.17227329629278654
Flavobacterium_A,R5,M2g,6,6,FALSE,0.02139747662864748,0.001692630459950458,173.24308150516563,0.021346464661932164,0.0014937860939315054,172.84560341769125,13.311435072715994,0.22996135256842745,0.23897149960521016
Flavobacterium_B,R1,M0,-6,-6,FALSE,0.01609408380209383,0.0016248743093435457,589.6704255111018,0.0161003393333728,0.001624196403948924,535.6510414195324,0.04173789530462058,10.084808936133557,-0.03885341264828135
Flavobacterium_B,R1,M2g,-6,-6,FALSE,0.017017911116245465,0.0015828274615875607,625.08129260789,0.016635746798631203,0.0015974194462072594,550.8318187260204,-0.9134723290332004,13.479517950432832,2.2972477415063013
Flavobacterium_B,R1,M0,-6,-3,FALSE,0.016105041644921447,0.001623674074898535,590.2042950045112,0.0161003393333728,0.001624196403948924,535.6510414195324,-0.03215922958080595,10.184476341240169,0.029206288459398027
Flavobacterium_B,R1,M2g,-6,-3,FALSE,0.01674919874966668,0.0015929164125587855,613.7388614903703,0.016635746798631203,0.0015974194462072594,550.8318187260204,-0.2818942550853118,11.420371994821044,0.6819769043660334
Flavobacterium_B,R1,M0,-6,0,FALSE,0.0161003393333728,0.001624196403948924,589.9778199708337,0.0161003393333728,0.001624196403948924,535.6510414195324,0,10.142196010172889,0
Flavobacterium_B,R1,M2g,-6,0,FALSE,0.016635746798631203,0.0015974194462072594,608.6503799954169,0.016635746798631203,0.0015974194462072594,550.8318187260204,0,10.496590665935184,0
Flavobacterium_B,R1,M0,-6,3,FALSE,0.0161003393333728,0.001624196403948924,589.9778199708337,0.0161003393333728,0.001624196403948924,535.6510414195324,0,10.142196010172889,0
Flavobacterium_B,R1,M2g,-6,3,FALSE,0.016635746798631203,0.0015974194462072594,608.6503799954169,0.016635746798631203,0.0015974194462072594,550.8318187260204,0,10.496590665935184,0
Flavobacterium_B,R1,M0,-6,6,FALSE,0.0161003393333728,0.001624196403948924,589.9778199708337,0.0161003393333728,0.001624196403948924,535.6510414195324,0,10.142196010172889,0
Flavobacterium_B,R1,M2g,-6,6,FALSE,0.016635746798631203,0.0015974194462072594,608.6503799954169,0.016635746798631203,0.0015974194462072594,550.8318187260204,0,10.496590665935184,0
Flavobacterium_B,R1,M0,-3,-6,FALSE,0.01609408380209383,0.0016248743093435457,561.8761930660713,0.0161003393333728,0.001624196403948924,535.6510414195324,0.04173789530462058,4.895939635819528,-0.03885341264828135
Flavobacterium_B,R1,M2g,-3,-6,FALSE,0.017017911116245465,0.0015828274615875607,593.969502886188,0.016635746798631203,0.0015974194462072594,550.8318187260204,-0.9134723290332004,7.8313711542549775,2.2972477415063013
Flavobacterium_B,R1,M0,-3,-3,FALSE,0.016105041644921447,0.001623674074898535,562.3664112429291,0.0161003393333728,0.001624196403948924,535.6510414195324,-0.03215922958080595,4.987457833106818,0.029206288459398027
Flavobacterium_B,R1,M2g,-3,-3,FALSE,0.01674919874966668,0.0015929164125587855,583.6619336119082,0.016635746798631203,0.0015974194462072594,550.8318187260204,-0.2818942550853118,5.960097759388386,0.6819769043660334
Flavobacterium_B,R1,M0,-3,0,FALSE,0.0161003393333728,0.001624196403948924,562.1585485268388,0.0161003393333728,0.001624196403948924,535.6510414195324,0,4.948652211532849,0
Flavobacterium_B,R1,M2g,-3,0,FALSE,0.016635746798631203,0.0015974194462072594,579.0198578469988,0.016635746798631203,0.0015974194462072594,550.8318187260204,0,5.117358540792447,0
Flavobacterium_B,R1,M0,-3,3,FALSE,0.0161003393333728,0.001624196403948924,562.1585485268388,0.0161003393333728,0.001624196403948924,535.6510414195324,0,4.948652211532849,0
Flavobacterium_B,R1,M2g,-3,3,FALSE,0.016635746798631203,0.0015974194462072594,579.0198578469988,0.016635746798631203,0.0015974194462072594,550.8318187260204,0,5.117358540792447,0
Flavobacterium_B,R1,M0,-3,6,FALSE,0.0161003393333728,0.001624196403948924,562.1585485268388,0.0161003393333728,0.001624196403948924,535.6510414195324,0,4.948652211532849,0
Flavobacterium_B,R1,M2g,-3,6,FALSE,0.016635746798631203,0.0015974194462072594,579.0198578469988,0.016635746798631203,0.0015974194462072594,550.8318187260204,0,5.117358540792447,0
Flavobacterium_B,R1,M0,0,-6,FALSE,0.01609408380209383,0.0016248743093435457,535.3920472792597,0.0161003393333728,0.001624196403948924,535.6510414195324,0.04173789530462058,-0.04835128101054112,-0.03885341264828135
Flavobacterium_B,R1,M2g,0,-6,FALSE,0.017017911116245465,0.0015828274615875607,564.4062212883638,0.016635746798631203,0.0015974194462072594,550.8318187260204,-0.9134723290332004,2.4643461217869813,2.2972477415063013
Flavobacterium_B,R1,M0,0,-3,FALSE,0.016105041644921447,0.001623674074898535,535.8415436333514,0.0161003393333728,0.001624196403948924,535.6510414195324,-0.03215922958080595,0.03556461186264245,0.029206288459398027
Flavobacterium_B,R1,M2g,0,-3,FALSE,0.01674919874966668,0.0015929164125587855,555.0589576816892,0.016635746798631203,0.0015974194462072594,550.8318187260204,-0.2818942550853118,0.7674100899700119,0.6819769043660334
Flavobacterium_B,R1,M0,0,0,TRUE,0.0161003393333728,0.001624196403948924,535.6510414195324,0.0161003393333728,0.001624196403948924,535.6510414195324,0,0,0
Flavobacterium_B,R1,M2g,0,0,TRUE,0.016635746798631203,0.0015974194462072594,550.8318187260204,0.016635746798631203,0.0015974194462072594,550.8318187260204,0,0,0
Flavobacterium_B,R1,M0,0,3,FALSE,0.0161003393333728,0.001624196403948924,535.6510414195324,0.0161003393333728,0.001624196403948924,535.6510414195324,0,0,0
Flavobacterium_B,R1,M2g,0,3,FALSE,0.016635746798631203,0.0015974194462072594,550.8318187260204,0.016635746798631203,0.0015974194462072594,550.8318187260204,0,0,0
Flavobacterium_B,R1,M0,0,6,FALSE,0.0161003393333728,0.001624196403948924,535.6510414195324,0.0161003393333728,0.001624196403948924,535.6510414195324,0,0,0
Flavobacterium_B,R1,M2g,0,6,FALSE,0.016635746798631203,0.0015974194462072594,550.8318187260204,0.016635746798631203,0.0015974194462072594,550.8318187260204,0,0,0
Flavobacterium_B,R1,M0,3,-6,FALSE,0.016074326472306378,0.001708186983598356,534.8214468499276,0.0161003393333728,0.001624196403948924,535.6510414195324,5.171208324635174,-0.154875937029122,-0.161567160342406
Flavobacterium_B,R1,M2g,3,-6,FALSE,0.01695382525487806,0.0016681071618862221,562.1727723261841,0.016635746798631203,0.0015974194462072594,550.8318187260204,4.425119266376533,2.058877721768765,1.9120178979462907
Flavobacterium_B,R1,M0,3,-3,FALSE,0.016087734859854312,0.001706688706554212,535.3636831536288,0.0161003393333728,0.001624196403948924,535.6510414195324,5.078961042194387,-0.05364654293250679,-0.07828700536988768
Flavobacterium_B,R1,M2g,3,-3,FALSE,0.016675267155942114,0.0016785668757003122,552.719406671635,0.016635746798631203,0.0015974194462072594,550.8318187260204,5.079907452342623,0.3426795405502032,0.23756286861833578
Flavobacterium_B,R1,M0,3,0,FALSE,0.01608454557279224,0.0017070479064061224,535.2355808877896,0.0161003393333728,0.001624196403948924,535.6510414195324,5.101076585058353,-0.07756178922787293,-0.0980958242775857
Flavobacterium_B,R1,M2g,3,0,FALSE,0.016563480212775684,0.0016830102974142035,548.6835800324488,0.016635746798631203,0.0015974194462072594,550.8318187260204,5.358069942754347,-0.38999901976252294,-0.43440542062989557
Flavobacterium_B,R1,M0,3,3,FALSE,0.01608454557279224,0.0017070479064061224,535.2355808877896,0.0161003393333728,0.001624196403948924,535.6510414195324,5.101076585058353,-0.07756178922787293,-0.0980958242775857
Flavobacterium_B,R1,M2g,3,3,FALSE,0.016563480212775684,0.0016830102974142035,548.6835800324488,0.016635746798631203,0.0015974194462072594,550.8318187260204,5.358069942754347,-0.38999901976252294,-0.43440542062989557
Flavobacterium_B,R1,M0,3,6,FALSE,0.01608454557279224,0.0017070479064061224,535.2355808877896,0.0161003393333728,0.001624196403948924,535.6510414195324,5.101076585058353,-0.07756178922787293,-0.0980958242775857
Flavobacterium_B,R1,M2g,3,6,FALSE,0.016563480212775684,0.0016830102974142035,548.6835800324488,0.016635746798631203,0.0015974194462072594,550.8318187260204,5.358069942754347,-0.38999901976252294,-0.43440542062989557
Flavobacterium_B,R1,M0,6,-6,FALSE,0.01606298620425818,0.0017948735061052129,534.6684143802422,0.0161003393333728,0.001624196403948924,535.6510414195324,10.508402908744284,-0.18344537083062215,-0.2320021233166998
Flavobacterium_B,R1,M2g,6,-6,FALSE,0.01695552045615656,0.0017542383903321687,562.1981905302508,0.016635746798631203,0.0015974194462072594,550.8318187260204,9.817017346148084,2.063492234438979,1.9222080102329226
Flavobacterium_B,R1,M0,6,-3,FALSE,0.016078161054413474,0.0017931455735030262,535.2736081533076,0.0161003393333728,0.001624196403948924,535.6510414195324,10.402015984232845,-0.07046252822071361,-0.13775038215097987
Flavobacterium_B,R1,M2g,6,-3,FALSE,0.016658118566285064,0.0017653780295137584,552.2596206456211,0.016635746798631203,0.0015974194462072594,550.8318187260204,10.514369516740373,0.2592083229510909,0.13448009232565125
Flavobacterium_B,R1,M0,6,0,FALSE,0.016075804837178097,0.0017934138664658463,535.1796250955003,0.0161003393333728,0.001624196403948924,535.6510414195324,10.418534489148126,-0.08800810370548648,-0.1523849633643927
Flavobacterium_B,R1,M2g,6,0,FALSE,0.01654111424185751,0.0017700248061793327,548.1325048127165,0.016635746798631203,0.0015974194462072594,550.8318187260204,10.80526222351236,-0.4900432076612612,-0.5688506678971591
Flavobacterium_B,R1,M0,6,3,FALSE,0.016075804837178097,0.0017934138664658463,535.1796250955003,0.0161003393333728,0.001624196403948924,535.6510414195324,10.418534489148126,-0.08800810370548648,-0.1523849633643927
Flavobacterium_B,R1,M2g,6,3,FALSE,0.01654111424185751,0.0017700248061793327,548.1325048127165,0.016635746798631203,0.0015974194462072594,550.8318187260204,10.80526222351236,-0.4900432076612612,-0.5688506678971591
Flavobacterium_B,R1,M0,6,6,FALSE,0.016075804837178097,0.0017934138664658463,535.1796250955003,0.0161003393333728,0.001624196403948924,535.6510414195324,10.418534489148126,-0.08800810370548648,-0.1523849633643927
Flavobacterium_B,R1,M2g,6,6,FALSE,0.01654111424185751,0.0017700248061793327,548.1325048127165,0.016635746798631203,0.0015974194462072594,550.8318187260204,10.80526222351236,-0.4900432076612612,-0.5688506678971591
Flavobacterium_B,R2,M0,-6,-6,FALSE,0.014788581838042507,0.002106145714408496,653.2750423237221,0.0148048700585227,0.0021043742219340484,598.6280689710538,0.0841814376921817,9.128702141648272,-0.11001934103985081
Flavobacterium_B,R2,M2g,-6,-6,FALSE,0.016239866228717977,0.00205767480886672,731.7936074529835,0.015495238061904422,0.00207842021909749,627.3090222942674,-0.9981335843517799,16.655999108156124,4.805529052465795
Flavobacterium_B,R2,M0,-6,-3,FALSE,0.014781768600872247,0.0021069119006505745,652.8807401119849,0.0148048700585227,0.0021043742219340484,598.6280689710538,0.12059065778679709,9.06283449658195,-0.15603958399590637
Flavobacterium_B,R2,M2g,-6,-3,FALSE,0.015984311432094923,0.002064275006151814,715.3317217454294,0.015495238061904422,0.00207842021909749,627.3090222942674,-0.6805752184136392,14.031792357972977,3.1562817443437985
Flavobacterium_B,R2,M0,-6,0,FALSE,0.0148048700585227,0.0021043742219340484,654.2370226160675,0.0148048700585227,0.0021043742219340484,598.6280689710538,0,9.289399633498075,0
Flavobacterium_B,R2,M2g,-6,0,FALSE,0.015495238061904422,0.00207842021909749,688.4279783668956,0.015495238061904422,0.00207842021909749,627.3090222942674,0,9.743037944695397,0
Flavobacterium_B,R2,M0,-6,3,FALSE,0.0148048700585227,0.0021043742219340484,654.2370226160675,0.0148048700585227,0.0021043742219340484,598.6280689710538,0,9.289399633498075,0
Flavobacterium_B,R2,M2g,-6,3,FALSE,0.015495238061904422,0.00207842021909749,688.4279783668956,0.015495238061904422,0.00207842021909749,627.3090222942674,0,9.743037944695397,0
Flavobacterium_B,R2,M0,-6,6,FALSE,0.0148048700585227,0.0021043742219340484,654.2370226160675,0.0148048700585227,0.0021043742219340484,598.6280689710538,0,9.289399633498075,0
Flavobacterium_B,R2,M2g,-6,6,FALSE,0.015495238061904422,0.00207842021909749,688.4279783668956,0.015495238061904422,0.00207842021909749,627.3090222942674,0,9.743037944695397,0
Flavobacterium_B,R2,M0,-3,-6,FALSE,0.014788581838042507,0.002106145714408496,624.9255315570549,0.0148048700585227,0.0021043742219340484,598.6280689710538,0.0841814376921817,4.392955150132238,-0.11001934103985081
Flavobacterium_B,R2,M2g,-3,-6,FALSE,0.016239866228717977,0.00205767480886672,696.9954748995946,0.015495238061904422,0.00207842021909749,627.3090222942674,-0.9981335843517799,11.108791700534102,4.805529052465795
Flavobacterium_B,R2,M0,-3,-3,FALSE,0.014781768600872247,0.0021069119006505745,624.5611061946371,0.0148048700585227,0.0021043742219340484,598.6280689710538,0.12059065778679709,4.332078391873273,-0.15603958399590637
Flavobacterium_B,R2,M2g,-3,-3,FALSE,0.015984311432094923,0.002064275006151814,681.8389234374587,0.015495238061904422,0.00207842021909749,627.3090222942674,-0.6805752184136392,8.692669673992286,3.1562817443437985
Flavobacterium_B,R2,M0,-3,0,FALSE,0.0148048700585227,0.0021043742219340484,625.8151847774451,0.0148048700585227,0.0021043742219340484,598.6280689710538,0,4.541570503555167,0
Flavobacterium_B,R2,M2g,-3,0,FALSE,0.015495238061904422,0.00207842021909749,657.1583386287936,0.015495238061904422,0.00207842021909749,627.3090222942674,0,4.758311338382763,0
Flavobacterium_B,R2,M0,-3,3,FALSE,0.0148048700585227,0.0021043742219340484,625.8151847774451,0.0148048700585227,0.0021043742219340484,598.6280689710538,0,4.541570503555167,0
Flavobacterium_B,R2,M2g,-3,3,FALSE,0.015495238061904422,0.00207842021909749,657.1583386287936,0.015495238061904422,0.00207842021909749,627.3090222942674,0,4.758311338382763,0
Flavobacterium_B,R2,M0,-3,6,FALSE,0.0148048700585227,0.0021043742219340484,625.8151847774451,0.0148048700585227,0.0021043742219340484,598.6280689710538,0,4.541570503555167,0
Flavobacterium_B,R2,M2g,-3,6,FALSE,0.015495238061904422,0.00207842021909749,657.1583386287936,0.015495238061904422,0.00207842021909749,627.3090222942674,0,4.758311338382763,0
Flavobacterium_B,R2,M0,0,-6,FALSE,0.014788581838042507,0.002106145714408496,597.806275596772,0.0148048700585227,0.0021043742219340484,598.6280689710538,0.0841814376921817,-0.13727945896261465,-0.11001934103985081
Flavobacterium_B,R2,M2g,0,-6,FALSE,0.016239866228717977,0.00205767480886672,663.852057578576,0.015495238061904422,0.00207842021909749,627.3090222942674,-0.9981335843517799,5.825364212148458,4.805529052465795
Flavobacterium_B,R2,M0,0,-3,FALSE,0.014781768600872247,0.0021069119006505745,597.4698768172597,0.0148048700585227,0.0021043742219340484,598.6280689710538,0.12059065778679709,-0.19347441488751485,-0.15603958399590637
Flavobacterium_B,R2,M2g,0,-3,FALSE,0.015984311432094923,0.002064275006151814,649.9143032270024,0.015495238061904422,0.00207842021909749,627.3090222942674,-0.6805752184136392,3.6035319323258506,3.1562817443437985
Flavobacterium_B,R2,M0,0,0,TRUE,0.0148048700585227,0.0021043742219340484,598.6280689710538,0.0148048700585227,0.0021043742219340484,598.6280689710538,0,0,0
Flavobacterium_B,R2,M2g,0,0,TRUE,0.015495238061904422,0.00207842021909749,627.3090222942674,0.015495238061904422,0.00207842021909749,627.3090222942674,0,0,0
Flavobacterium_B,R2,M0,0,3,FALSE,0.0148048700585227,0.0021043742219340484,598.6280689710538,0.0148048700585227,0.0021043742219340484,598.6280689710538,0,0,0
Flavobacterium_B,R2,M2g,0,3,FALSE,0.015495238061904422,0.00207842021909749,627.3090222942674,0.015495238061904422,0.00207842021909749,627.3090222942674,0,0,0
Flavobacterium_B,R2,M0,0,6,FALSE,0.0148048700585227,0.0021043742219340484,598.6280689710538,0.0148048700585227,0.0021043742219340484,598.6280689710538,0,0,0
Flavobacterium_B,R2,M2g,0,6,FALSE,0.015495238061904422,0.00207842021909749,627.3090222942674,0.015495238061904422,0.00207842021909749,627.3090222942674,0,0,0
Flavobacterium_B,R2,M0,3,-6,FALSE,0.014799587225748529,0.0022001174548192523,598.2542702786295,0.0148048700585227,0.0021043742219340484,598.6280689710538,4.54972465863082,-0.062442560213859716,-0.03568307424035912
Flavobacterium_B,R2,M2g,3,-6,FALSE,0.016609514354124794,0.002140745743189098,680.7791688095567,0.015495238061904422,0.00207842021909749,627.3090222942674,2.9986969679630793,8.523733058984568,7.191088563910862
Flavobacterium_B,R2,M0,3,-3,FALSE,0.014790981181008158,0.002201083280887629,597.8322240805965,0.0148048700585227,0.0021043742219340484,598.6280689710538,4.595620776265694,-0.13294480023719982,-0.09381289710507547
Flavobacterium_B,R2,M2g,3,-3,FALSE,0.01628112606556767,0.0021491028725763874,662.7602476064429,0.015495238061904422,0.00207842021909749,627.3090222942674,3.4007874264036,5.6513176205435744,5.071803353543692
Flavobacterium_B,R2,M0,3,0,FALSE,0.014814494298475022,0.002198474422050041,598.9939112406278,0.0148048700585227,0.0021043742219340484,598.6280689710538,4.471647634492913,0.06111345066106846,0.06500725716792949
Flavobacterium_B,R2,M2g,3,0,FALSE,0.015706720327617923,0.002165419915972499,635.9212779761716,0.015495238061904422,0.00207842021909749,627.3090222942674,4.185856934782265,1.3728888595299473,1.3648210170674109
Flavobacterium_B,R2,M0,3,3,FALSE,0.014814494298475022,0.002198474422050041,598.9939112406278,0.0148048700585227,0.0021043742219340484,598.6280689710538,4.471647634492913,0.06111345066106846,0.06500725716792949
Flavobacterium_B,R2,M2g,3,3,FALSE,0.015706720327617923,0.002165419915972499,635.9212779761716,0.015495238061904422,0.00207842021909749,627.3090222942674,4.185856934782265,1.3728888595299473,1.3648210170674109
Flavobacterium_B,R2,M0,3,6,FALSE,0.014814494298475022,0.002198474422050041,598.9939112406278,0.0148048700585227,0.0021043742219340484,598.6280689710538,4.471647634492913,0.06111345066106846,0.06500725716792949
Flavobacterium_B,R2,M2g,3,6,FALSE,0.015706720327617923,0.002165419915972499,635.9212779761716,0.015495238061904422,0.00207842021909749,627.3090222942674,4.185856934782265,1.3728888595299473,1.3648210170674109
Flavobacterium_B,R2,M0,6,-6,FALSE,0.014798241622458947,0.0023002008969980788,598.2016429947498,0.0148048700585227,0.0021043742219340484,598.6280689710538,9.305696345398761,-0.07123387599197871,-0.04477199757614134
Flavobacterium_B,R2,M2g,6,-6,FALSE,0.016913862988326377,0.0022321635312793943,694.5756189949684,0.015495238061904422,0.00207842021909749,627.3090222942674,7.397123583057919,10.723039891039,9.155231566978589
Flavobacterium_B,R2,M0,6,-3,FALSE,0.014789123559773706,0.002301234323449561,597.7614254907635,0.0148048700585227,0.0021043742219340484,598.6280689710538,9.354804837638918,-0.14477160781651477,-0.10636026312118313
Flavobacterium_B,R2,M2g,6,-3,FALSE,0.01651275663569963,0.002242181991303225,672.5952635469839,0.015495238061904422,0.00207842021909749,627.3090222942674,7.879146416158583,7.219127996452281,6.566653379123039
Flavobacterium_B,R2,M0,6,0,FALSE,0.014814390428659247,0.002298406181326202,598.9910701079351,0.0148048700585227,0.0021043742219340484,598.6280689710538,9.22041133985316,0.06063884333142301,0.0643056649529088
Flavobacterium_B,R2,M2g,6,0,FALSE,0.015851453219209496,0.0022606059432856637,641.6433448138846,0.015495238061904422,0.00207842021909749,627.3090222942674,8.76558659861788,2.2850496342603313,2.298868567762381
Flavobacterium_B,R2,M0,6,3,FALSE,0.014814390428659247,0.002298406181326202,598.9910701079351,0.0148048700585227,0.0021043742219340484,598.6280689710538,9.22041133985316,0.06063884333142301,0.0643056649529088
Flavobacterium_B,R2,M2g,6,3,FALSE,0.015851453219209496,0.0022606059432856637,641.6433448138846,0.015495238061904422,0.00207842021909749,627.3090222942674,8.76558659861788,2.2850496342603313,2.298868567762381
Flavobacterium_B,R2,M0,6,6,FALSE,0.014814390428659247,0.002298406181326202,598.9910701079351,0.0148048700585227,0.0021043742219340484,598.6280689710538,9.22041133985316,0.06063884333142301,0.0643056649529088
Flavobacterium_B,R2,M2g,6,6,FALSE,0.015851453219209496,0.0022606059432856637,641.6433448138846,0.015495238061904422,0.00207842021909749,627.3090222942674,8.76558659861788,2.2850496342603313,2.298868567762381
Flavobacterium_B,R3,M0,-6,-6,FALSE,0.014140996152179291,0.0017891158025321971,466.354643720996,0.0141867680204075,0.0017838885995339212,429.8538241256986,0.2930229499556018,8.491449312923587,-0.3226377435816656
Flavobacterium_B,R3,M2g,-6,-6,FALSE,0.014709109582477554,0.0017656614005252661,483.0743619340849,0.014216992338462521,0.0017825120374685853,430.5214496486795,-0.9453308919725113,12.206804638489071,3.461472246022549
Flavobacterium_B,R3,M0,-6,-3,FALSE,0.01415674023182862,0.0017873341272790695,466.9403170290224,0.0141867680204075,0.0017838885995339212,429.8538241256986,0.19314702420591198,8.627698724969097,-0.21166053138871965
Flavobacterium_B,R3,M2g,-6,-3,FALSE,0.014469556530505912,0.0017737637308382383,475.7395818381015,0.014216992338462521,0.0017825120374685853,430.5214496486795,-0.4907852764220789,10.50310785358583,1.776495239151992
Flavobacterium_B,R3,M0,-6,0,FALSE,0.0141867680204075,0.0017838885995339212,468.0456412131916,0.0141867680204075,0.0017838885995339212,429.8538241256986,0,8.884838273841861,0
Flavobacterium_B,R3,M2g,-6,0,FALSE,0.014216992338462521,0.0017825120374685853,468.85760188281597,0.014216992338462521,0.0017825120374685853,430.5214496486795,0,8.904585884262007,0
Flavobacterium_B,R3,M0,-6,3,FALSE,0.0141867680204075,0.0017838885995339212,468.0456412131916,0.0141867680204075,0.0017838885995339212,429.8538241256986,0,8.884838273841861,0
Flavobacterium_B,R3,M2g,-6,3,FALSE,0.014216992338462521,0.0017825120374685853,468.85760188281597,0.014216992338462521,0.0017825120374685853,430.5214496486795,0,8.904585884262007,0
Flavobacterium_B,R3,M0,-6,6,FALSE,0.0141867680204075,0.0017838885995339212,468.0456412131916,0.0141867680204075,0.0017838885995339212,429.8538241256986,0,8.884838273841861,0
Flavobacterium_B,R3,M2g,-6,6,FALSE,0.014216992338462521,0.0017825120374685853,468.85760188281597,0.014216992338462521,0.0017825120374685853,430.5214496486795,0,8.904585884262007,0
Flavobacterium_B,R3,M0,-3,-6,FALSE,0.014140996152179291,0.0017891158025321971,446.98426571637845,0.0141867680204075,0.0017838885995339212,429.8538241256986,0.2930229499556018,3.9851783627893256,-0.3226377435816656
Flavobacterium_B,R3,M2g,-3,-6,FALSE,0.014709109582477554,0.0017656614005252661,462.2210646303289,0.014216992338462521,0.0017825120374685853,430.5214496486795,-0.9453308919725113,7.363074478058501,3.461472246022549
Flavobacterium_B,R3,M0,-3,-3,FALSE,0.01415674023182862,0.0017873341272790695,447.52447457711753,0.0141867680204075,0.0017838885995339212,429.8538241256986,0.19314702420591198,4.110851052066394,-0.21166053138871965
Flavobacterium_B,R3,M2g,-3,-3,FALSE,0.014469556530505912,0.0017737637308382383,455.53016477766084,0.014216992338462521,0.0017825120374685853,430.5214496486795,-0.4907852764220789,5.808935919311182,1.776495239151992
Flavobacterium_B,R3,M0,-3,0,FALSE,0.0141867680204075,0.0017838885995339212,448.5434301612888,0.0141867680204075,0.0017838885995339212,429.8538241256986,0,4.347898049669311,0
Flavobacterium_B,R3,M2g,-3,0,FALSE,0.014216992338462521,0.0017825120374685853,449.28081913363883,0.014216992338462521,0.0017825120374685853,430.5214496486795,0,4.35736001081192,0
Flavobacterium_B,R3,M0,-3,3,FALSE,0.0141867680204075,0.0017838885995339212,448.5434301612888,0.0141867680204075,0.0017838885995339212,429.8538241256986,0,4.347898049669311,0
Flavobacterium_B,R3,M2g,-3,3,FALSE,0.014216992338462521,0.0017825120374685853,449.28081913363883,0.014216992338462521,0.0017825120374685853,430.5214496486795,0,4.35736001081192,0
Flavobacterium_B,R3,M0,-3,6,FALSE,0.0141867680204075,0.0017838885995339212,448.5434301612888,0.0141867680204075,0.0017838885995339212,429.8538241256986,0,4.347898049669311,0
Flavobacterium_B,R3,M2g,-3,6,FALSE,0.014216992338462521,0.0017825120374685853,449.28081913363883,0.014216992338462521,0.0017825120374685853,430.5214496486795,0,4.35736001081192,0
Flavobacterium_B,R3,M0,0,-6,FALSE,0.014140996152179291,0.0017891158025321971,428.4184503961766,0.0141867680204075,0.0017838885995339212,429.8538241256986,0.2930229499556018,-0.33392135860173405,-0.3226377435816656
Flavobacterium_B,R3,M2g,0,-6,FALSE,0.014709109582477554,0.0017656614005252661,442.2679600147089,0.014216992338462521,0.0017825120374685853,430.5214496486795,-0.9453308919725113,2.728437892145663,3.461472246022549
Flavobacterium_B,R3,M0,0,-3,FALSE,0.01415674023182862,0.0017873341272790695,428.91596215084775,0.0141867680204075,0.0017838885995339212,429.8538241256986,0.19314702420591198,-0.2181816055163497,-0.21166053138871965
Flavobacterium_B,R3,M2g,0,-3,FALSE,0.014469556530505912,0.0017737637308382383,436.17924373797376,0.014216992338462521,0.0017825120374685853,430.5214496486795,-0.4907852764220789,1.3141724050941546,1.776495239151992
Flavobacterium_B,R3,M0,0,0,TRUE,0.0141867680204075,0.0017838885995339212,429.8538241256986,0.0141867680204075,0.0017838885995339212,429.8538241256986,0,0,0
Flavobacterium_B,R3,M2g,0,0,TRUE,0.014216992338462521,0.0017825120374685853,430.5214496486795,0.014216992338462521,0.0017825120374685853,430.5214496486795,0,0,0
Flavobacterium_B,R3,M0,0,3,FALSE,0.0141867680204075,0.0017838885995339212,429.8538241256986,0.0141867680204075,0.0017838885995339212,429.8538241256986,0,0,0
Flavobacterium_B,R3,M2g,0,3,FALSE,0.014216992338462521,0.0017825120374685853,430.5214496486795,0.014216992338462521,0.0017825120374685853,430.5214496486795,0,0,0
Flavobacterium_B,R3,M0,0,6,FALSE,0.0141867680204075,0.0017838885995339212,429.8538241256986,0.0141867680204075,0.0017838885995339212,429.8538241256986,0,0,0
Flavobacterium_B,R3,M2g,0,6,FALSE,0.014216992338462521,0.0017825120374685853,430.5214496486795,0.014216992338462521,0.0017825120374685853,430.5214496486795,0,0,0
Flavobacterium_B,R3,M0,3,-6,FALSE,0.014133678224498724,0.0018677816995936103,428.2584001577466,0.0141867680204075,0.0017838885995339212,429.8538241256986,4.702821694225073,-0.37115500163270965,-0.3742205119052243
Flavobacterium_B,R3,M2g,3,-6,FALSE,0.01471364580559352,0.0018440241516627404,442.24761191876973,0.014216992338462521,0.0017825120374685853,430.5214496486795,3.4508666926878573,2.723711508371813,3.4933792978656726
Flavobacterium_B,R3,M0,3,-3,FALSE,0.014150900285591357,0.0018658073268631775,428.7941131230512,0.0141867680204075,0.0017838885995339212,429.8538241256986,4.592143665846586,-0.24652822498504418,-0.25282527186281495
Flavobacterium_B,R3,M2g,3,-3,FALSE,0.014455813051695526,0.0018526660683593887,435.79618906718497,0.014216992338462521,0.0017825120374685853,430.5214496486795,3.9356834296856613,1.225197820645138,1.6798258559013304
Flavobacterium_B,R3,M0,3,0,FALSE,0.014182862799284593,0.001862089403487065,429.7764577323476,0.0141867680204075,0.0017838885995339212,429.8538241256986,4.383726874737332,-0.01799830291341514,-0.02752720786925575
Flavobacterium_B,R3,M2g,3,0,FALSE,0.014196573327801006,0.0018614685819274396,430.0758243488419,0.014216992338462521,0.0017825120374685853,430.5214496486795,4.429509747994948,-0.10350826891465258,-0.14362398301555213
Flavobacterium_B,R3,M0,3,3,FALSE,0.014182862799284593,0.001862089403487065,429.7764577323476,0.0141867680204075,0.0017838885995339212,429.8538241256986,4.383726874737332,-0.01799830291341514,-0.02752720786925575
Flavobacterium_B,R3,M2g,3,3,FALSE,0.014196573327801006,0.0018614685819274396,430.0758243488419,0.014216992338462521,0.0017825120374685853,430.5214496486795,4.429509747994948,-0.10350826891465258,-0.14362398301555213
Flavobacterium_B,R3,M0,3,6,FALSE,0.014182862799284593,0.001862089403487065,429.7764577323476,0.0141867680204075,0.0017838885995339212,429.8538241256986,4.383726874737332,-0.01799830291341514,-0.02752720786925575
Flavobacterium_B,R3,M2g,3,6,FALSE,0.014196573327801006,0.0018614685819274396,430.0758243488419,0.014216992338462521,0.0017825120374685853,430.5214496486795,4.429509747994948,-0.10350826891465258,-0.14362398301555213
Flavobacterium_B,R3,M0,6,-6,FALSE,0.014118389497474909,0.0019510661766656088,427.92476815613566,0.0141867680204075,0.0017838885995339212,429.8538241256986,9.371525619669653,-0.4487702240375716,-0.4819880245749333
Flavobacterium_B,R3,M2g,6,-6,FALSE,0.01463650043915249,0.001930030758103073,440.264326287902,0.014216992338462521,0.0017825120374685853,430.5214496486795,8.275889168411162,2.2630409349343785,2.950751401581865
Flavobacterium_B,R3,M0,6,-3,FALSE,0.01413802429409198,0.0019487867896494403,428.5256527025703,0.0141867680204075,0.0017838885995339212,429.8538241256986,9.243749310276566,-0.3089821117282707,-0.34358584171815076
Flavobacterium_B,R3,M2g,6,-3,FALSE,0.014368887666866309,0.0019389120400427667,433.7598448366277,0.014216992338462521,0.0017825120374685853,430.5214496486795,8.774134439860006,0.752202983287088,1.0684069090538328
Flavobacterium_B,R3,M0,6,0,FALSE,0.014172784424180077,0.0019446880010525417,429.5760161056574,0.0141867680204075,0.0017838885995339212,429.8538241256986,9.013982238612478,-0.06462848634795056,-0.09856787823207344
Flavobacterium_B,R3,M2g,6,0,FALSE,0.01417666473672403,0.0019445133061831129,429.6597713074483,0.014216992338462521,0.0017825120374685853,430.5214496486795,9.088368847404356,-0.2001475982054685,-0.2836577581137901
Flavobacterium_B,R3,M0,6,3,FALSE,0.014172784424180077,0.0019446880010525417,429.5760161056574,0.0141867680204075,0.0017838885995339212,429.8538241256986,9.013982238612478,-0.06462848634795056,-0.09856787823207344
Flavobacterium_B,R3,M2g,6,3,FALSE,0.01417666473672403,0.0019445133061831129,429.6597713074483,0.014216992338462521,0.0017825120374685853,430.5214496486795,9.088368847404356,-0.2001475982054685,-0.2836577581137901
Flavobacterium_B,R3,M0,6,6,FALSE,0.014172784424180077,0.0019446880010525417,429.5760161056574,0.0141867680204075,0.0017838885995339212,429.8538241256986,9.013982238612478,-0.06462848634795056,-0.09856787823207344
Flavobacterium_B,R3,M2g,6,6,FALSE,0.01417666473672403,0.0019445133061831129,429.6597713074483,0.014216992338462521,0.0017825120374685853,430.5214496486795,9.088368847404356,-0.2001475982054685,-0.2836577581137901
Flavobacterium_B,R4,M0,-6,-6,FALSE,0.014993247014780985,0.0018821611235422088,752.5626593109986,0.014978991022919486,0.0018835508509303807,686.9537964273179,-0.07378231320303626,9.550695144985971,0.09517324524519336
Flavobacterium_B,R4,M2g,-6,-6,FALSE,0.015009416144163483,0.0018815565284314264,753.4627107320268,0.014985089709865779,0.0018832950483139252,687.2184400545217,-0.09231266678342921,9.63947804896643,0.1623375953611255
Flavobacterium_B,R4,M0,-6,-3,FALSE,0.014955587299338711,0.0018861482481432252,750.0216539960483,0.014978991022919486,0.0018835508509303807,686.9537964273179,0.13789896946830296,9.180800498771701,-0.15624365850119598
Flavobacterium_B,R4,M2g,-6,-3,FALSE,0.015065250492998474,0.0018818101386607405,755.9286276827347,0.014985089709865779,0.0018832950483139252,687.2184400545217,-0.07884636316089529,9.998303832295562,0.5349369585683521
Flavobacterium_B,R4,M0,-6,0,FALSE,0.014978991022919486,0.0018835508509303807,751.5524360858327,0.014978991022919486,0.0018835508509303807,686.9537964273179,0,9.403636750313755,0
Flavobacterium_B,R4,M2g,-6,0,FALSE,0.014985089709865779,0.0018832950483139252,751.869477834476,0.014985089709865779,0.0018832950483139252,687.2184400545217,0,9.40764013474742,0
Flavobacterium_B,R4,M0,-6,3,FALSE,0.014978991022919486,0.0018835508509303807,751.5524360858327,0.014978991022919486,0.0018835508509303807,686.9537964273179,0,9.403636750313755,0
Flavobacterium_B,R4,M2g,-6,3,FALSE,0.014985089709865779,0.0018832950483139252,751.869477834476,0.014985089709865779,0.0018832950483139252,687.2184400545217,0,9.40764013474742,0
Flavobacterium_B,R4,M0,-6,6,FALSE,0.014978991022919486,0.0018835508509303807,751.5524360858327,0.014978991022919486,0.0018835508509303807,686.9537964273179,0,9.403636750313755,0
Flavobacterium_B,R4,M2g,-6,6,FALSE,0.014985089709865779,0.0018832950483139252,751.869477834476,0.014985089709865779,0.0018832950483139252,687.2184400545217,0,9.40764013474742,0
Flavobacterium_B,R4,M0,-3,-6,FALSE,0.014993247014780985,0.0018821611235422088,719.462582635852,0.014978991022919486,0.0018835508509303807,686.9537964273179,-0.07378231320303626,4.732310437412888,0.09517324524519336
Flavobacterium_B,R4,M2g,-3,-6,FALSE,0.015009416144163483,0.0018815565284314264,720.2881068176118,0.014985089709865779,0.0018832950483139252,687.2184400545217,-0.09231266678342921,4.812104104841322,0.1623375953611255
Flavobacterium_B,R4,M0,-3,-3,FALSE,0.014955587299338711,0.0018861482481432252,717.1143531308703,0.014978991022919486,0.0018835508509303807,686.9537964273179,0.13789896946830296,4.39047820397969,-0.15624365850119598
Flavobacterium_B,R4,M2g,-3,-3,FALSE,0.015065250492998474,0.0018818101386607405,722.5244154433315,0.014985089709865779,0.0018832950483139252,687.2184400545217,-0.07884636316089529,5.137518630322072,0.5349369585683521
Flavobacterium_B,R4,M0,-3,0,FALSE,0.014978991022919486,0.0018835508509303807,718.5275215211747,0.014978991022919486,0.0018835508509303807,686.9537964273179,0,4.59619340602878,0
Flavobacterium_B,R4,M2g,-3,0,FALSE,0.014985089709865779,0.0018832950483139252,718.8174800893595,0.014985089709865779,0.0018832950483139252,687.2184400545217,0,4.598107121853546,0
Flavobacterium_B,R4,M0,-3,3,FALSE,0.014978991022919486,0.0018835508509303807,718.5275215211747,0.014978991022919486,0.0018835508509303807,686.9537964273179,0,4.59619340602878,0
Flavobacterium_B,R4,M2g,-3,3,FALSE,0.014985089709865779,0.0018832950483139252,718.8174800893595,0.014985089709865779,0.0018832950483139252,687.2184400545217,0,4.598107121853546,0
Flavobacterium_B,R4,M0,-3,6,FALSE,0.014978991022919486,0.0018835508509303807,718.5275215211747,0.014978991022919486,0.0018835508509303807,686.9537964273179,0,4.59619340602878,0
Flavobacterium_B,R4,M2g,-3,6,FALSE,0.014985089709865779,0.0018832950483139252,718.8174800893595,0.014985089709865779,0.0018832950483139252,687.2184400545217,0,4.598107121853546,0
Flavobacterium_B,R4,M0,0,-6,FALSE,0.014993247014780985,0.0018821611235422088,687.8183516133507,0.014978991022919486,0.0018835508509303807,686.9537964273179,-0.07378231320303626,0.1258534694078643,0.09517324524519336
Flavobacterium_B,R4,M2g,0,-6,FALSE,0.015009416144163483,0.0018815565284314264,688.5741648964213,0.014985089709865779,0.0018832950483139252,687.2184400545217,-0.09231266678342921,0.19727713386038187,0.1623375953611255
Flavobacterium_B,R4,M0,0,-3,FALSE,0.014955587299338711,0.0018861482481432252,685.6508645135948,0.014978991022919486,0.0018835508509303807,686.9537964273179,0.13789896946830296,-0.18966805635245787,-0.15624365850119598
Flavobacterium_B,R4,M2g,0,-3,FALSE,0.015065250492998474,0.0018818101386607405,690.5963232428742,0.014985089709865779,0.0018832950483139252,687.2184400545217,-0.07884636316089529,0.4915297657153225,0.5349369585683521
Flavobacterium_B,R4,M0,0,0,TRUE,0.014978991022919486,0.0018835508509303807,686.9537964273179,0.014978991022919486,0.0018835508509303807,686.9537964273179,0,0,0
Flavobacterium_B,R4,M2g,0,0,TRUE,0.014985089709865779,0.0018832950483139252,687.2184400545217,0.014985089709865779,0.0018832950483139252,687.2184400545217,0,0,0
Flavobacterium_B,R4,M0,0,3,FALSE,0.014978991022919486,0.0018835508509303807,686.9537964273179,0.014978991022919486,0.0018835508509303807,686.9537964273179,0,0,0
Flavobacterium_B,R4,M2g,0,3,FALSE,0.014985089709865779,0.0018832950483139252,687.2184400545217,0.014985089709865779,0.0018832950483139252,687.2184400545217,0,0,0
Flavobacterium_B,R4,M0,0,6,FALSE,0.014978991022919486,0.0018835508509303807,686.9537964273179,0.014978991022919486,0.0018835508509303807,686.9537964273179,0,0,0
Flavobacterium_B,R4,M2g,0,6,FALSE,0.014985089709865779,0.0018832950483139252,687.2184400545217,0.014985089709865779,0.0018832950483139252,687.2184400545217,0,0,0
Flavobacterium_B,R4,M0,3,-6,FALSE,0.014982587256328285,0.0019703023384188873,687.3550721156133,0.014978991022919486,0.0018835508509303807,686.9537964273179,4.60574172689076,0.058413781302665814,0.024008515682374148
Flavobacterium_B,R4,M2g,3,-6,FALSE,0.014983800118890826,0.0019702556013309357,687.4112693923157,0.014985089709865779,0.0018832950483139252,687.2184400545217,4.6174683618939305,0.028059395172621546,-0.008605827525368596
Flavobacterium_B,R4,M0,3,-3,FALSE,0.014944003779855787,0.0019744398432374674,685.1671335191216,0.014978991022919486,0.0018835508509303807,686.9537964273179,4.825406877769826,-0.26008487288202914,-0.23357543248517407
Flavobacterium_B,R4,M2g,3,-3,FALSE,0.014969111534813324,0.0019734559120886757,686.285838403706,0.014985089709865779,0.0018832950483139252,687.2184400545217,4.787399821152271,-0.13570672677842452,-0.10662715647231258
Flavobacterium_B,R4,M0,3,0,FALSE,0.014969899860408331,0.001971527765269927,686.5881247816819,0.014978991022919486,0.0018835508509303807,686.9537964273179,4.67080112523058,-0.05323089377156879,-0.06069275625604136
Flavobacterium_B,R4,M2g,3,0,FALSE,0.014978699117139817,0.0019711655834083797,686.9661302136378,0.014985089709865779,0.0018832950483139252,687.2184400545217,4.665786976561275,-0.03671464940082957,-0.042646342796032
Flavobacterium_B,R4,M0,3,3,FALSE,0.014969899860408331,0.001971527765269927,686.5881247816819,0.014978991022919486,0.0018835508509303807,686.9537964273179,4.67080112523058,-0.05323089377156879,-0.06069275625604136
Flavobacterium_B,R4,M2g,3,3,FALSE,0.014978699117139817,0.0019711655834083797,686.9661302136378,0.014985089709865779,0.0018832950483139252,687.2184400545217,4.665786976561275,-0.03671464940082957,-0.042646342796032
Flavobacterium_B,R4,M0,3,6,FALSE,0.014969899860408331,0.001971527765269927,686.5881247816819,0.014978991022919486,0.0018835508509303807,686.9537964273179,4.67080112523058,-0.05323089377156879,-0.06069275625604136
Flavobacterium_B,R4,M2g,3,6,FALSE,0.014978699117139817,0.0019711655834083797,686.9661302136378,0.014985089709865779,0.0018832950483139252,687.2184400545217,4.665786976561275,-0.03671464940082957,-0.042646342796032
Flavobacterium_B,R4,M0,6,-6,FALSE,0.014945815499459876,0.0020662980674655156,685.7735400664947,0.014978991022919486,0.0018835508509303807,686.9537964273179,9.702271454198693,-0.17181015185613369,-0.221480361453241
Flavobacterium_B,R4,M2g,6,-6,FALSE,0.014950536532946566,0.0020661248770119213,685.9895469335318,0.014985089709865779,0.0018832950483139252,687.2184400545217,9.707975861864016,-0.17882132512224802,-0.23058371746993575
Flavobacterium_B,R4,M0,6,-3,FALSE,0.014909065431710632,0.002070292573302267,683.7239481958909,0.014978991022919486,0.0018835508509303807,686.9537964273179,9.914344615630894,-0.4701696457934551,-0.4668244416587264
Flavobacterium_B,R4,M2g,6,-3,FALSE,0.014915599075263474,0.002070041010632436,684.0115129274217,0.014985089709865779,0.0018832950483139252,687.2184400545217,9.915916387381804,-0.4666532415581848,-0.4637318557829797
Flavobacterium_B,R4,M0,6,0,FALSE,0.01494017848440793,0.0020667490110671005,685.4052782014236,0.014978991022919486,0.0018835508509303807,686.9537964273179,9.726212597139542,-0.2254181043831185,-0.2591131702540465
Flavobacterium_B,R4,M2g,6,0,FALSE,0.014947868246170736,0.0020664362249547675,685.7319635120239,0.014985089709865779,0.0018832950483139252,687.2184400545217,9.724507947111356,-0.21630335507002602,-0.2483899957605012
Flavobacterium_B,R4,M0,6,3,FALSE,0.01494017848440793,0.0020667490110671005,685.4052782014236,0.014978991022919486,0.0018835508509303807,686.9537964273179,9.726212597139542,-0.2254181043831185,-0.2591131702540465
Flavobacterium_B,R4,M2g,6,3,FALSE,0.014947868246170736,0.0020664362249547675,685.7319635120239,0.014985089709865779,0.0018832950483139252,687.2184400545217,9.724507947111356,-0.21630335507002602,-0.2483899957605012
Flavobacterium_B,R4,M0,6,6,FALSE,0.01494017848440793,0.0020667490110671005,685.4052782014236,0.014978991022919486,0.0018835508509303807,686.9537964273179,9.726212597139542,-0.2254181043831185,-0.2591131702540465
Flavobacterium_B,R4,M2g,6,6,FALSE,0.014947868246170736,0.0020664362249547675,685.7319635120239,0.014985089709865779,0.0018832950483139252,687.2184400545217,9.724507947111356,-0.21630335507002602,-0.2483899957605012
Flavobacterium_B,R5,M0,-6,-6,FALSE,0.007923041076369191,0.0015919975725402866,386.2127979668252,0.007972481348553922,0.001588747927507833,369.8091166615332,0.20454126020803365,4.435715769631876,-0.620136567565612
Flavobacterium_B,R5,M2g,-6,-6,FALSE,0.008243503042225583,0.0015887707839580799,396.4326831280201,0.007988660783940676,0.0015885563386373897,370.2345168417368,0.013499384030289194,7.076100442974666,3.190049811568013
Flavobacterium_B,R5,M0,-6,-3,FALSE,0.007929183978166105,0.0015915709446813388,386.42013458472877,0.007972481348553922,0.001588747927507833,369.8091166615332,0.1776881734746974,4.491781617811967,-0.5430852515656309
Flavobacterium_B,R5,M2g,-6,-3,FALSE,0.007969163864821707,0.0015911304840376395,387.64298116849756,0.007988660783940676,0.0015885563386373897,370.2345168417368,0.1620430662508185,4.7020100868127015,-0.24405741645912912
Flavobacterium_B,R5,M0,-6,0,FALSE,0.007972481348553922,0.001588747927507833,387.9288163173141,0.007972481348553922,0.001588747927507833,369.8091166615332,0,4.89974390554706,0
Flavobacterium_B,R5,M2g,-6,0,FALSE,0.007988660783940676,0.0015885563386373897,388.41276398211465,0.007988660783940676,0.0015885563386373897,370.2345168417368,0,4.909927711615404,0
Flavobacterium_B,R5,M0,-6,3,FALSE,0.007972481348553922,0.001588747927507833,387.9288163173141,0.007972481348553922,0.001588747927507833,369.8091166615332,0,4.89974390554706,0
Flavobacterium_B,R5,M2g,-6,3,FALSE,0.007988660783940676,0.0015885563386373897,388.41276398211465,0.007988660783940676,0.0015885563386373897,370.2345168417368,0,4.909927711615404,0
Flavobacterium_B,R5,M0,-6,6,FALSE,0.007972481348553922,0.001588747927507833,387.9288163173141,0.007972481348553922,0.001588747927507833,369.8091166615332,0,4.89974390554706,0
Flavobacterium_B,R5,M2g,-6,6,FALSE,0.007988660783940676,0.0015885563386373897,388.41276398211465,0.007988660783940676,0.0015885563386373897,370.2345168417368,0,4.909927711615404,0
Flavobacterium_B,R5,M0,-3,-6,FALSE,0.007923041076369191,0.0015919975725402866,377.14109864885,0.007972481348553922,0.001588747927507833,369.8091166615332,0.20454126020803365,1.9826395989116112,-0.620136567565612
Flavobacterium_B,R5,M2g,-3,-6,FALSE,0.008243503042225583,0.0015887707839580799,386.74893657279563,0.007988660783940676,0.0015885563386373897,370.2345168417368,0.013499384030289194,4.460529469789599,3.190049811568013
Flavobacterium_B,R5,M0,-3,-3,FALSE,0.007929183978166105,0.0015915709446813388,377.336611276121,0.007972481348553922,0.001588747927507833,369.8091166615332,0.1776881734746974,2.035508124446081,-0.5430852515656309
Flavobacterium_B,R5,M2g,-3,-3,FALSE,0.007969163864821707,0.0015911304840376395,378.48531445626537,0.007988660783940676,0.0015885563386373897,370.2345168417368,0.1620430662508185,2.2285327918400157,-0.24405741645912912
Flavobacterium_B,R5,M0,-3,0,FALSE,0.007972481348553922,0.001588747927507833,378.76062742827435,0.007972481348553922,0.001588747927507833,369.8091166615332,0,2.4205760116330457,0
Flavobacterium_B,R5,M2g,-3,0,FALSE,0.007988660783940676,0.0015885563386373897,379.21473073719295,0.007988660783940676,0.0015885563386373897,370.2345168417368,0,2.4255474535603283,0
Flavobacterium_B,R5,M0,-3,3,FALSE,0.007972481348553922,0.001588747927507833,378.76062742827435,0.007972481348553922,0.001588747927507833,369.8091166615332,0,2.4205760116330457,0
Flavobacterium_B,R5,M2g,-3,3,FALSE,0.007988660783940676,0.0015885563386373897,379.21473073719295,0.007988660783940676,0.0015885563386373897,370.2345168417368,0,2.4255474535603283,0
Flavobacterium_B,R5,M0,-3,6,FALSE,0.007972481348553922,0.001588747927507833,378.76062742827435,0.007972481348553922,0.001588747927507833,369.8091166615332,0,2.4205760116330457,0
Flavobacterium_B,R5,M2g,-3,6,FALSE,0.007988660783940676,0.0015885563386373897,379.21473073719295,0.007988660783940676,0.0015885563386373897,370.2345168417368,0,2.4255474535603283,0
Flavobacterium_B,R5,M0,0,-6,FALSE,0.007923041076369191,0.0015919975725402866,368.28248322904966,0.007972481348553922,0.001588747927507833,369.8091166615332,0.20454126020803365,-0.4128166028640113,-0.620136567565612
Flavobacterium_B,R5,M2g,0,-6,FALSE,0.008243503042225583,0.0015887707839580799,377.3017369808689,0.007988660783940676,0.0015885563386373897,370.2345168417368,0.013499384030289194,1.908849612245387,3.190049811568013
Flavobacterium_B,R5,M0,0,-3,FALSE,0.007929183978166105,0.0015915709446813388,368.4666130618686,0.007972481348553922,0.001588747927507833,369.8091166615332,0.1776881734746974,-0.36302609621528964,-0.5430852515656309
Flavobacterium_B,R5,M2g,0,-3,FALSE,0.007969163864821707,0.0015911304840376395,369.54398820081013,0.007988660783940676,0.0015885563386373897,370.2345168417368,0.1620430662508185,-0.18651114618301914,-0.24405741645912912
Flavobacterium_B,R5,M0,0,0,TRUE,0.007972481348553922,0.001588747927507833,369.8091166615332,0.007972481348553922,0.001588747927507833,369.8091166615332,0,0,0
Flavobacterium_B,R5,M2g,0,0,TRUE,0.007988660783940676,0.0015885563386373897,370.2345168417368,0.007988660783940676,0.0015885563386373897,370.2345168417368,0,0,0
Flavobacterium_B,R5,M0,0,3,FALSE,0.007972481348553922,0.001588747927507833,369.8091166615332,0.007972481348553922,0.001588747927507833,369.8091166615332,0,0,0
Flavobacterium_B,R5,M2g,0,3,FALSE,0.007988660783940676,0.0015885563386373897,370.2345168417368,0.007988660783940676,0.0015885563386373897,370.2345168417368,0,0,0
Flavobacterium_B,R5,M0,0,6,FALSE,0.007972481348553922,0.001588747927507833,369.8091166615332,0.007972481348553922,0.001588747927507833,369.8091166615332,0,0,0
Flavobacterium_B,R5,M2g,0,6,FALSE,0.007988660783940676,0.0015885563386373897,370.2345168417368,0.007988660783940676,0.0015885563386373897,370.2345168417368,0,0,0
Flavobacterium_B,R5,M0,3,-6,FALSE,0.0078497486185342,0.001636679690176946,366.43439671708916,0.007972481348553922,0.001588747927507833,369.8091166615332,3.016952018581099,-0.9125572605968921,-1.539454589529819
Flavobacterium_B,R5,M2g,3,-6,FALSE,0.007856637497187147,0.0016366147758259618,366.62255965379757,0.007988660783940676,0.0015885563386373897,370.2345168417368,3.02529007122247,-0.9755862902116302,-1.6526335305027708
Flavobacterium_B,R5,M0,3,-3,FALSE,0.007867505963502037,0.0016355321020102246,366.9716098098778,0.007972481348553922,0.001588747927507833,369.8091166615332,2.9447197816823487,-0.7672895890915598,-1.3167216135403754
Flavobacterium_B,R5,M2g,3,-3,FALSE,0.007868265717351821,0.001635523236760925,366.99187431405403,0.007988660783940676,0.0015885563386373897,370.2345168417368,2.9565774270128733,-0.8758347426231233,-1.5070744627294823
Flavobacterium_B,R5,M0,3,0,FALSE,0.00792120426915192,0.001632063950440811,368.6003246205485,0.007972481348553922,0.001588747927507833,369.8091166615332,2.726425141647543,-0.3268691837283811,-0.6431759092331026
Flavobacterium_B,R5,M2g,3,0,FALSE,0.007926874224119841,0.0016320008161743562,368.7467403532522,0.007988660783940676,0.0015885563386373897,370.2345168417368,2.734840211851201,-0.40184705120851133,-0.7734282565238257
Flavobacterium_B,R5,M0,3,3,FALSE,0.00792120426915192,0.001632063950440811,368.6003246205485,0.007972481348553922,0.001588747927507833,369.8091166615332,2.726425141647543,-0.3268691837283811,-0.6431759092331026
Flavobacterium_B,R5,M2g,3,3,FALSE,0.007926874224119841,0.0016320008161743562,368.7467403532522,0.007988660783940676,0.0015885563386373897,370.2345168417368,2.734840211851201,-0.40184705120851133,-0.7734282565238257
Flavobacterium_B,R5,M0,3,6,FALSE,0.00792120426915192,0.001632063950440811,368.6003246205485,0.007972481348553922,0.001588747927507833,369.8091166615332,2.726425141647543,-0.3268691837283811,-0.6431759092331026
Flavobacterium_B,R5,M2g,3,6,FALSE,0.007926874224119841,0.0016320008161743562,368.7467403532522,0.007988660783940676,0.0015885563386373897,370.2345168417368,2.734840211851201,-0.40184705120851133,-0.7734282565238257
Flavobacterium_B,R5,M0,6,-6,FALSE,0.007911590146852695,0.0016703670116538184,367.97064324895564,0.007972481348553922,0.001588747927507833,369.8091166615332,5.137321203245624,-0.4971411816924537,-0.7637672518640886
Flavobacterium_B,R5,M2g,6,-6,FALSE,0.007960553234846382,0.0016699220720591268,369.2949595928295,0.007988660783940676,0.0015885563386373897,370.2345168417368,5.121992304757029,-0.25377354248926937,-0.3518430667477757
Flavobacterium_B,R5,M0,6,-3,FALSE,0.007921536041074208,0.0016697097835168316,368.2614625257351,0.007972481348553922,0.001588747927507833,369.8091166615332,5.095953524609673,-0.41850080651596916,-0.639014445470661
Flavobacterium_B,R5,M2g,6,-3,FALSE,0.007931886239190573,0.0016696070107176217,368.5316464910925,0.007988660783940676,0.0015885563386373897,370.2345168417368,5.102159118244087,-0.4599437041069441,-0.710689141592234
Flavobacterium_B,R5,M0,6,0,FALSE,0.007973666558830273,0.0016663991094144621,369.81835809169553,0.007972481348553922,0.001588747927507833,369.8091166615332,4.887570933196148,0.002498973050136449,0.014866265903098013
Flavobacterium_B,R5,M2g,6,0,FALSE,0.007980509614127268,0.0016663256702419199,369.9928052303023,0.007988660783940676,0.0015885563386373897,370.2345168417368,4.895597953500227,-0.06528608231789011,-0.10203424621300458
Flavobacterium_B,R5,M0,6,3,FALSE,0.007973666558830273,0.0016663991094144621,369.81835809169553,0.007972481348553922,0.001588747927507833,369.8091166615332,4.887570933196148,0.002498973050136449,0.014866265903098013
Flavobacterium_B,R5,M2g,6,3,FALSE,0.007980509614127268,0.0016663256702419199,369.9928052303023,0.007988660783940676,0.0015885563386373897,370.2345168417368,4.895597953500227,-0.06528608231789011,-0.10203424621300458
Flavobacterium_B,R5,M0,6,6,FALSE,0.007973666558830273,0.0016663991094144621,369.81835809169553,0.007972481348553922,0.001588747927507833,369.8091166615332,4.887570933196148,0.002498973050136449,0.014866265903098013
Flavobacterium_B,R5,M2g,6,6,FALSE,0.007980509614127268,0.0016663256702419199,369.9928052303023,0.007988660783940676,0.0015885563386373897,370.2345168417368,4.895597953500227,-0.06528608231789011,-0.10203424621300458
Herbaspirillum,R1,M0,-6,-6,FALSE,0.018402885610239242,0.0010417044559097293,54.99204464454126,0.01838774087987666,0.0010426551598049138,49.18300011769942,-0.09118104737163739,11.811082107517358,0.08236319220244899
Herbaspirillum,R1,M2g,-6,-6,FALSE,0.0184068846964143,0.0010416097378339061,55.0085309756013,0.01839342028256017,0.001042504157091773,49.20086388303537,-0.0857952701466462,11.803994146063033,0.0732023389195083
Herbaspirillum,R1,M0,-6,-3,FALSE,0.01841564948547867,0.0010409554734583828,55.05570913315554,0.01838774087987666,0.0010426551598049138,49.18300011769942,-0.1630151954409388,11.940526200927529,0.1517783276604277
Herbaspirillum,R1,M2g,-6,-3,FALSE,0.018421052598155907,0.0010408193085297312,55.0772574363572,0.01839342028256017,0.001042504157091773,49.20086388303537,-0.1616155245598272,11.943679621747524,0.1502293492523326
Herbaspirillum,R1,M0,-6,0,FALSE,0.01838774087987666,0.0010426551598049138,54.91982986397163,0.01838774087987666,0.0010426551598049138,49.18300011769942,0,11.664253365072176,0
Herbaspirillum,R1,M2g,-6,0,FALSE,0.01839342028256017,0.001042504157091773,54.94164948676726,0.01839342028256017,0.001042504157091773,49.20086388303537,0,11.668058547466556,0
Herbaspirillum,R1,M0,-6,3,FALSE,0.01838774087987666,0.0010426551598049138,54.91982986397163,0.01838774087987666,0.0010426551598049138,49.18300011769942,0,11.664253365072176,0
Herbaspirillum,R1,M2g,-6,3,FALSE,0.01839342028256017,0.001042504157091773,54.94164948676726,0.01839342028256017,0.001042504157091773,49.20086388303537,0,11.668058547466556,0
Herbaspirillum,R1,M0,-6,6,FALSE,0.01838774087987666,0.0010426551598049138,54.91982986397163,0.01838774087987666,0.0010426551598049138,49.18300011769942,0,11.664253365072176,0
Herbaspirillum,R1,M2g,-6,6,FALSE,0.01839342028256017,0.001042504157091773,54.94164948676726,0.01839342028256017,0.001042504157091773,49.20086388303537,0,11.668058547466556,0
Herbaspirillum,R1,M0,-3,-6,FALSE,0.018402885610239242,0.0010417044559097293,52.03829423321066,0.01838774087987666,0.0010426551598049138,49.18300011769942,-0.09118104737163739,5.805449258236088,0.08236319220244899
Herbaspirillum,R1,M2g,-3,-6,FALSE,0.0184068846964143,0.0010416097378339061,52.05327054485766,0.01839342028256017,0.001042504157091773,49.20086388303537,-0.0857952701466462,5.797472720404435,0.0732023389195083
Herbaspirillum,R1,M0,-3,-3,FALSE,0.01841564948547867,0.0010409554734583828,52.09654425474274,0.01838774087987666,0.0010426551598049138,49.18300011769942,-0.1630151954409388,5.923884533417928,0.1517783276604277
Herbaspirillum,R1,M2g,-3,-3,FALSE,0.018421052598155907,0.0010408193085297312,52.116089593598254,0.01839342028256017,0.001042504157091773,49.20086388303537,-0.1616155245598272,5.925151471919716,0.1502293492523326
Herbaspirillum,R1,M0,-3,0,FALSE,0.01838774087987666,0.0010426551598049138,51.97231954284654,0.01838774087987666,0.0010426551598049138,49.18300011769942,0,5.67130800982458,0
Herbaspirillum,R1,M2g,-3,0,FALSE,0.01839342028256017,0.001042504157091773,51.992082261704766,0.01839342028256017,0.001042504157091773,49.20086388303537,0,5.673108474893712,0
Herbaspirillum,R1,M0,-3,3,FALSE,0.01838774087987666,0.0010426551598049138,51.97231954284654,0.01838774087987666,0.0010426551598049138,49.18300011769942,0,5.67130800982458,0
Herbaspirillum,R1,M2g,-3,3,FALSE,0.01839342028256017,0.001042504157091773,51.992082261704766,0.01839342028256017,0.001042504157091773,49.20086388303537,0,5.673108474893712,0
Herbaspirillum,R1,M0,-3,6,FALSE,0.01838774087987666,0.0010426551598049138,51.97231954284654,0.01838774087987666,0.0010426551598049138,49.18300011769942,0,5.67130800982458,0
Herbaspirillum,R1,M2g,-3,6,FALSE,0.01839342028256017,0.001042504157091773,51.992082261704766,0.01839342028256017,0.001042504157091773,49.20086388303537,0,5.673108474893712,0
Herbaspirillum,R1,M0,0,-6,FALSE,0.018402885610239242,0.0010417044559097293,49.243196615185546,0.01838774087987666,0.0010426551598049138,49.18300011769942,-0.09118104737163739,0.12239289458160121,0.08236319220244899
Herbaspirillum,R1,M2g,0,-6,FALSE,0.0184068846964143,0.0010416097378339061,49.25677756451899,0.01839342028256017,0.001042504157091773,49.20086388303537,-0.0857952701466462,0.11364369864835416,0.0732023389195083
Herbaspirillum,R1,M0,0,-3,FALSE,0.01841564948547867,0.0010409554734583828,49.29643021620654,0.01838774087987666,0.0010426551598049138,49.18300011769942,-0.1630151954409388,0.23062866892151307,0.1517783276604277
Herbaspirillum,R1,M2g,0,-3,FALSE,0.018421052598155907,0.0010408193085297312,49.31412566550631,0.01839342028256017,0.001042504157091773,49.20086388303537,-0.1616155245598272,0.23020283290187477,0.1502293492523326
Herbaspirillum,R1,M0,0,0,TRUE,0.01838774087987666,0.0010426551598049138,49.18300011769942,0.01838774087987666,0.0010426551598049138,49.18300011769942,0,0,0
Herbaspirillum,R1,M2g,0,0,TRUE,0.01839342028256017,0.001042504157091773,49.20086388303537,0.01839342028256017,0.001042504157091773,49.20086388303537,0,0,0
Herbaspirillum,R1,M0,0,3,FALSE,0.01838774087987666,0.0010426551598049138,49.18300011769942,0.01838774087987666,0.0010426551598049138,49.18300011769942,0,0,0
Herbaspirillum,R1,M2g,0,3,FALSE,0.01839342028256017,0.001042504157091773,49.20086388303537,0.01839342028256017,0.001042504157091773,49.20086388303537,0,0,0
Herbaspirillum,R1,M0,0,6,FALSE,0.01838774087987666,0.0010426551598049138,49.18300011769942,0.01838774087987666,0.0010426551598049138,49.18300011769942,0,0,0
Herbaspirillum,R1,M2g,0,6,FALSE,0.01839342028256017,0.001042504157091773,49.20086388303537,0.01839342028256017,0.001042504157091773,49.20086388303537,0,0,0
Herbaspirillum,R1,M0,3,-6,FALSE,0.018406886942445824,0.0011005124489923343,49.25606010202647,0.01838774087987666,0.0010426551598049138,49.18300011769942,5.5490339872528756,0.1485472300433202,0.10412406121143479
Herbaspirillum,R1,M2g,3,-6,FALSE,0.018417014597478115,0.0011002736149811109,49.290211118114804,0.01839342028256017,0.001042504157091773,49.20086388303537,5.541412712491687,0.18159688271295601,0.12827584296714672
Herbaspirillum,R1,M0,3,-3,FALSE,0.018419862408168147,0.0010997354692849686,49.309499812259865,0.01838774087987666,0.0010426551598049138,49.18300011769942,5.474514650724485,0.25720207034487197,0.1746899116173642
Herbaspirillum,R1,M2g,3,-3,FALSE,0.01842602433327449,0.0010995819258399259,49.329534501390086,0.01839342028256017,0.001042504157091773,49.20086388303537,5.475063898774283,0.26152105511928675,0.17725931454539715
Herbaspirillum,R1,M0,3,0,FALSE,0.01839005496174007,0.0011015894396122876,49.18987169267924,0.01838774087987666,0.0010426551598049138,49.18300011769942,5.652327066448378,0.013971443310441433,0.012584916649226372
Herbaspirillum,R1,M2g,3,0,FALSE,0.01839248377260442,0.001101525021122275,49.19744753118044,0.01839342028256017,0.001042504157091773,49.20086388303537,5.661451192209137,-0.0069436826618578555,-0.00509154872429674
Herbaspirillum,R1,M0,3,3,FALSE,0.01839005496174007,0.0011015894396122876,49.18987169267924,0.01838774087987666,0.0010426551598049138,49.18300011769942,5.652327066448378,0.013971443310441433,0.012584916649226372
Herbaspirillum,R1,M2g,3,3,FALSE,0.01839248377260442,0.001101525021122275,49.19744753118044,0.01839342028256017,0.001042504157091773,49.20086388303537,5.661451192209137,-0.0069436826618578555,-0.00509154872429674
Herbaspirillum,R1,M0,3,6,FALSE,0.01839005496174007,0.0011015894396122876,49.18987169267924,0.01838774087987666,0.0010426551598049138,49.18300011769942,5.652327066448378,0.013971443310441433,0.012584916649226372
Herbaspirillum,R1,M2g,3,6,FALSE,0.01839248377260442,0.001101525021122275,49.19744753118044,0.01839342028256017,0.001042504157091773,49.20086388303537,5.661451192209137,-0.0069436826618578555,-0.00509154872429674
Herbaspirillum,R1,M0,6,-6,FALSE,0.018433583626723333,0.0011608179403194798,49.341462055276224,0.01838774087987666,0.0010426551598049138,49.18300011769942,11.332872561305392,0.32218843339688286,0.24931146869076182
Herbaspirillum,R1,M2g,6,-6,FALSE,0.018439028598164243,0.0011606895530231962,49.359707368834975,0.01839342028256017,0.001042504157091773,49.20086388303537,11.33668342015245,0.3228469446740294,0.247959949283152
Herbaspirillum,R1,M0,6,-3,FALSE,0.01844409442731586,0.0011601768149686813,49.384234994279225,0.01838774087987666,0.0010426551598049138,49.18300011769942,11.271382878473101,0.40915535062568426,0.30647346951072646
Herbaspirillum,R1,M2g,6,-3,FALSE,0.01844792953734871,0.0011600814575211536,49.39661793609708,0.01839342028256017,0.001042504157091773,49.20086388303537,11.278353148958246,0.39786710560017025,0.29635192341155797
Herbaspirillum,R1,M0,6,0,FALSE,0.018409874040570245,0.0011623454494439711,49.248503142312,0.01838774087987666,0.0010426551598049138,49.18300011769942,11.479374413823642,0.13318224682477098,0.12036911352066253
Herbaspirillum,R1,M2g,6,0,FALSE,0.01841618000605419,0.0011621779057724231,49.26806082857704,0.01839342028256017,0.001042504157091773,49.20086388303537,11.479450500657816,0.13657675950857454,0.12373839745073732
Herbaspirillum,R1,M0,6,3,FALSE,0.018409874040570245,0.0011623454494439711,49.248503142312,0.01838774087987666,0.0010426551598049138,49.18300011769942,11.479374413823642,0.13318224682477098,0.12036911352066253
Herbaspirillum,R1,M2g,6,3,FALSE,0.01841618000605419,0.0011621779057724231,49.26806082857704,0.01839342028256017,0.001042504157091773,49.20086388303537,11.479450500657816,0.13657675950857454,0.12373839745073732
Herbaspirillum,R1,M0,6,6,FALSE,0.018409874040570245,0.0011623454494439711,49.248503142312,0.01838774087987666,0.0010426551598049138,49.18300011769942,11.479374413823642,0.13318224682477098,0.12036911352066253
Herbaspirillum,R1,M2g,6,6,FALSE,0.01841618000605419,0.0011621779057724231,49.26806082857704,0.01839342028256017,0.001042504157091773,49.20086388303537,11.479450500657816,0.13657675950857454,0.12373839745073732
Herbaspirillum,R2,M0,-6,-6,FALSE,0.02253164114765112,8.545887561655601e-4,60.97819232389108,0.022541984305366695,8.54084712343128e-4,53.30716421571525,0.05901567082839119,14.39023857493881,-0.045883971772235334
Herbaspirillum,R2,M2g,-6,-6,FALSE,0.022533625672110213,8.545354605548025e-4,60.98475467527452,0.022543831310256248,8.540298415116501e-4,53.31138015545689,0.05920390817461737,14.393501907926497,-0.04527020276891547
Herbaspirillum,R2,M0,-6,-3,FALSE,0.022563986552931906,8.528476734675856e-4,61.1202670992509,0.022541984305366695,8.54084712343128e-4,53.30716421571525,-0.14483796017711825,14.656759552841324,0.09760563784960724
Herbaspirillum,R2,M2g,-6,-3,FALSE,0.02256687980666736,8.527664859271875e-4,61.12936779190196,0.022543831310256248,8.540298415116501e-4,53.31138015545689,-0.14792874008084672,14.66476315872463,0.10223859509020322
Herbaspirillum,R2,M0,-6,0,FALSE,0.022541984305366695,8.54084712343128e-4,61.02738153154297,0.022541984305366695,8.54084712343128e-4,53.30716421571525,0,14.482513615968642,0
Herbaspirillum,R2,M2g,-6,0,FALSE,0.022543831310256248,8.540298415116501e-4,61.03288440979958,0.022543831310256248,8.540298415116501e-4,53.31138015545689,0,14.483782321573091,0
Herbaspirillum,R2,M0,-6,3,FALSE,0.022541984305366695,8.54084712343128e-4,61.02738153154297,0.022541984305366695,8.54084712343128e-4,53.30716421571525,0,14.482513615968642,0
Herbaspirillum,R2,M2g,-6,3,FALSE,0.022543831310256248,8.540298415116501e-4,61.03288440979958,0.022543831310256248,8.540298415116501e-4,53.31138015545689,0,14.483782321573091,0
Herbaspirillum,R2,M0,-6,6,FALSE,0.022541984305366695,8.54084712343128e-4,61.02738153154297,0.022541984305366695,8.54084712343128e-4,53.30716421571525,0,14.482513615968642,0
Herbaspirillum,R2,M2g,-6,6,FALSE,0.022543831310256248,8.540298415116501e-4,61.03288440979958,0.022543831310256248,8.540298415116501e-4,53.31138015545689,0,14.483782321573091,0
Herbaspirillum,R2,M0,-3,-6,FALSE,0.02253164114765112,8.545887561655601e-4,56.99259652793828,0.022541984305366695,8.54084712343128e-4,53.30716421571525,0.05901567082839119,6.913577877280049,-0.045883971772235334
Herbaspirillum,R2,M2g,-3,-6,FALSE,0.022533625672110213,8.545354605548025e-4,56.99839061234391,0.022543831310256248,8.540298415116501e-4,53.31138015545689,0.05920390817461737,6.915991381456714,-0.04527020276891547
Herbaspirillum,R2,M0,-3,-3,FALSE,0.022563986552931906,8.528476734675856e-4,57.11984219125017,0.022541984305366695,8.54084712343128e-4,53.30716421571525,-0.14483796017711825,7.152280620492895,0.09760563784960724
Herbaspirillum,R2,M2g,-3,-3,FALSE,0.02256687980666736,8.527664859271875e-4,57.127851369907184,0.022543831310256248,8.540298415116501e-4,53.31138015545689,-0.14792874008084672,7.15883025973329,0.10223859509020322
Herbaspirillum,R2,M0,-3,0,FALSE,0.022541984305366695,8.54084712343128e-4,57.03680083031542,0.022541984305366695,8.54084712343128e-4,53.30716421571525,0,6.996501632515384,0
Herbaspirillum,R2,M2g,-3,0,FALSE,0.022543831310256248,8.540298415116501e-4,57.041627805970634,0.022543831310256248,8.540298415116501e-4,53.31138015545689,0,6.997094503342965,0
Herbaspirillum,R2,M0,-3,3,FALSE,0.022541984305366695,8.54084712343128e-4,57.03680083031542,0.022541984305366695,8.54084712343128e-4,53.30716421571525,0,6.996501632515384,0
Herbaspirillum,R2,M2g,-3,3,FALSE,0.022543831310256248,8.540298415116501e-4,57.041627805970634,0.022543831310256248,8.540298415116501e-4,53.31138015545689,0,6.997094503342965,0
Herbaspirillum,R2,M0,-3,6,FALSE,0.022541984305366695,8.54084712343128e-4,57.03680083031542,0.022541984305366695,8.54084712343128e-4,53.30716421571525,0,6.996501632515384,0
Herbaspirillum,R2,M2g,-3,6,FALSE,0.022543831310256248,8.540298415116501e-4,57.041627805970634,0.022543831310256248,8.540298415116501e-4,53.31138015545689,0,6.997094503342965,0
Herbaspirillum,R2,M0,0,-6,FALSE,0.02253164114765112,8.545887561655601e-4,53.26750326975083,0.022541984305366695,8.54084712343128e-4,53.30716421571525,0.05901567082839119,-0.07440077998506939,-0.045883971772235334
Herbaspirillum,R2,M2g,0,-6,FALSE,0.022533625672110213,8.545354605548025e-4,53.272601483703646,0.022543831310256248,8.540298415116501e-4,53.31138015545689,0.05920390817461737,-0.0727399509075977,-0.04527020276891547
Herbaspirillum,R2,M0,0,-3,FALSE,0.022563986552931906,8.528476734675856e-4,53.38125186290804,0.022541984305366695,8.54084712343128e-4,53.30716421571525,-0.14483796017711825,0.13898253317881246,0.09760563784960724
Herbaspirillum,R2,M2g,0,-3,FALSE,0.02256687980666736,8.527664859271875e-4,53.388273427793315,0.022543831310256248,8.540298415116501e-4,53.31138015545689,-0.14792874008084672,0.14423425563586087,0.10223859509020322
Herbaspirillum,R2,M0,0,0,TRUE,0.022541984305366695,8.54084712343128e-4,53.30716421571525,0.022541984305366695,8.54084712343128e-4,53.30716421571525,0,0,0
Herbaspirillum,R2,M2g,0,0,TRUE,0.022543831310256248,8.540298415116501e-4,53.31138015545689,0.022543831310256248,8.540298415116501e-4,53.31138015545689,0,0,0
Herbaspirillum,R2,M0,0,3,FALSE,0.022541984305366695,8.54084712343128e-4,53.30716421571525,0.022541984305366695,8.54084712343128e-4,53.30716421571525,0,0,0
Herbaspirillum,R2,M2g,0,3,FALSE,0.022543831310256248,8.540298415116501e-4,53.31138015545689,0.022543831310256248,8.540298415116501e-4,53.31138015545689,0,0,0
Herbaspirillum,R2,M0,0,6,FALSE,0.022541984305366695,8.54084712343128e-4,53.30716421571525,0.022541984305366695,8.54084712343128e-4,53.30716421571525,0,0,0
Herbaspirillum,R2,M2g,0,6,FALSE,0.022543831310256248,8.540298415116501e-4,53.31138015545689,0.022543831310256248,8.540298415116501e-4,53.31138015545689,0,0,0
Herbaspirillum,R2,M0,3,-6,FALSE,0.02253704688515023,9.139560322871817e-4,53.280731167771464,0.022541984305366695,8.54084712343128e-4,53.30716421571525,7.009997846677342,-0.049586295449553265,-0.021903219120289728
Herbaspirillum,R2,M2g,3,-6,FALSE,0.0225487883485098,9.1364007688887e-4,53.31066057855167,0.022543831310256248,8.540298415116501e-4,53.31138015545689,6.979877339146433,-0.0013497622892533366,0.021988446352939978
Herbaspirillum,R2,M0,3,-3,FALSE,0.022570111672796295,9.121164844505337e-4,53.39548292764158,0.022541984305366695,8.54084712343128e-4,53.30716421571525,6.7946154835389905,0.1656788786755555,0.12477769059090116
Herbaspirillum,R2,M2g,3,-3,FALSE,0.022572005926800705,9.120628689546349e-4,53.40004634906441,0.022543831310256248,8.540298415116501e-4,53.31138015545689,6.7951990225850984,0.1663175730003063,0.12497705539359123
Herbaspirillum,R2,M0,3,0,FALSE,0.022546485970491394,9.134908325908229e-4,53.31698502109221,0.022541984305366695,8.54084712343128e-4,53.30716421571525,6.955530217221412,0.018423049737216812,0.019970136895300482
Herbaspirillum,R2,M2g,3,0,FALSE,0.022559948217781765,9.13087981777715e-4,53.347467071823914,0.022543831310256248,8.540298415116501e-4,53.31138015545689,6.915231458602288,0.06769083122927191,0.07149143064330973
Herbaspirillum,R2,M0,3,3,FALSE,0.022546485970491394,9.134908325908229e-4,53.31698502109221,0.022541984305366695,8.54084712343128e-4,53.30716421571525,6.955530217221412,0.018423049737216812,0.019970136895300482
Herbaspirillum,R2,M2g,3,3,FALSE,0.022559948217781765,9.13087981777715e-4,53.347467071823914,0.022543831310256248,8.540298415116501e-4,53.31138015545689,6.915231458602288,0.06769083122927191,0.07149143064330973
Herbaspirillum,R2,M0,3,6,FALSE,0.022546485970491394,9.134908325908229e-4,53.31698502109221,0.022541984305366695,8.54084712343128e-4,53.30716421571525,6.955530217221412,0.018423049737216812,0.019970136895300482
Herbaspirillum,R2,M2g,3,6,FALSE,0.022559948217781765,9.13087981777715e-4,53.347467071823914,0.022543831310256248,8.540298415116501e-4,53.31138015545689,6.915231458602288,0.06769083122927191,0.07149143064330973
Herbaspirillum,R2,M0,6,-6,FALSE,0.022555317137123637,9.765124788395187e-4,53.32556786323211,0.022541984305366695,8.54084712343128e-4,53.30716421571525,14.334382143489933,0.03452377890969676,0.059146664181503286
Herbaspirillum,R2,M2g,6,-6,FALSE,0.022647943707248288,9.739903934515859e-4,53.56045530322861,0.022543831310256248,8.540298415116501e-4,53.31138015545689,14.046412210561998,0.4672082152917676,0.4618221080490177
Herbaspirillum,R2,M0,6,-3,FALSE,0.022587566755576254,9.74661713675908e-4,53.43604603077945,0.022541984305366695,8.54084712343128e-4,53.30716421571525,14.11768640630325,0.2417720337601626,0.202211347466458
Herbaspirillum,R2,M2g,6,-3,FALSE,0.022589470287814897,9.746073391935567e-4,53.4405990761441,0.022543831310256248,8.540298415116501e-4,53.31138015545689,14.118651576446307,0.24238524740948486,0.20244552458962875
Herbaspirillum,R2,M0,6,0,FALSE,0.022560795300870372,9.762701100904977e-4,53.348267256145,0.022541984305366695,8.54084712343128e-4,53.30716421571525,14.306004542823588,0.07710603449739693,0.08344871174095633
Herbaspirillum,R2,M2g,6,0,FALSE,0.02264023253519816,9.738582604628457e-4,53.52704671931648,0.022543831310256248,8.540298415116501e-4,53.31138015545689,14.030940504268191,0.4045413253806319,0.4276168660739326
Herbaspirillum,R2,M0,6,3,FALSE,0.022560795300870372,9.762701100904977e-4,53.348267256145,0.022541984305366695,8.54084712343128e-4,53.30716421571525,14.306004542823588,0.07710603449739693,0.08344871174095633
Herbaspirillum,R2,M2g,6,3,FALSE,0.02264023253519816,9.738582604628457e-4,53.52704671931648,0.022543831310256248,8.540298415116501e-4,53.31138015545689,14.030940504268191,0.4045413253806319,0.4276168660739326
Herbaspirillum,R2,M0,6,6,FALSE,0.022560795300870372,9.762701100904977e-4,53.348267256145,0.022541984305366695,8.54084712343128e-4,53.30716421571525,14.306004542823588,0.07710603449739693,0.08344871174095633
Herbaspirillum,R2,M2g,6,6,FALSE,0.02264023253519816,9.738582604628457e-4,53.52704671931648,0.022543831310256248,8.540298415116501e-4,53.31138015545689,14.030940504268191,0.4045413253806319,0.4276168660739326
Herbaspirillum,R3,M0,-6,-6,FALSE,0.022319390330151456,7.838606612621075e-4,51.94696485316191,0.02231892948367655,7.838853468847181e-4,45.43491378171252,-0.0031491368870089284,14.332702605612695,0.0020648233834057645
Herbaspirillum,R3,M2g,-6,-6,FALSE,0.022598716391468134,7.776010936205252e-4,52.73362232368356,0.02247389364533576,7.800184340928607e-4,45.7351612954492,-0.3099081209723892,15.302145723340281,0.5554121956000291
Herbaspirillum,R3,M0,-6,-3,FALSE,0.02232738359458113,7.834786758919404e-4,51.97604698074944,0.02231892948367655,7.838853468847181e-4,45.43491378171252,-0.0518788869308368,14.396710931296445,0.037878657714124596
Herbaspirillum,R3,M2g,-6,-3,FALSE,0.022482606719475256,7.798041517071241e-4,52.39058858211471,0.02247389364533576,7.800184340928607e-4,45.7351612954492,-0.02747145149021404,14.552101923663148,0.03876975782211824
Herbaspirillum,R3,M0,-6,0,FALSE,0.02231892948367655,7.838853468847181e-4,51.94546469720589,0.02231892948367655,7.838853468847181e-4,45.43491378171252,0,14.329400836485933,0
Herbaspirillum,R3,M2g,-6,0,FALSE,0.02247389364533576,7.800184340928607e-4,52.33737577022234,0.02247389364533576,7.800184340928607e-4,45.7351612954492,0,14.435752029216252,0
Herbaspirillum,R3,M0,-6,3,FALSE,0.02231892948367655,7.838853468847181e-4,51.94546469720589,0.02231892948367655,7.838853468847181e-4,45.43491378171252,0,14.329400836485933,0
Herbaspirillum,R3,M2g,-6,3,FALSE,0.02247389364533576,7.800184340928607e-4,52.33737577022234,0.02247389364533576,7.800184340928607e-4,45.7351612954492,0,14.435752029216252,0
Herbaspirillum,R3,M0,-6,6,FALSE,0.02231892948367655,7.838853468847181e-4,51.94546469720589,0.02231892948367655,7.838853468847181e-4,45.43491378171252,0,14.329400836485933,0
Herbaspirillum,R3,M2g,-6,6,FALSE,0.02247389364533576,7.800184340928607e-4,52.33737577022234,0.02247389364533576,7.800184340928607e-4,45.7351612954492,0,14.435752029216252,0
Herbaspirillum,R3,M0,-3,-6,FALSE,0.022319390330151456,7.838606612621075e-4,48.58258437357167,0.02231892948367655,7.838853468847181e-4,45.43491378171252,-0.0031491368870089284,6.927867425878303,0.0020648233834057645
Herbaspirillum,R3,M2g,-3,-6,FALSE,0.022598716391468134,7.776010936205252e-4,49.27698309546653,0.02247389364533576,7.800184340928607e-4,45.7351612954492,-0.3099081209723892,7.744198773318302,0.5554121956000291
Herbaspirillum,R3,M0,-3,-3,FALSE,0.02232738359458113,7.834786758919404e-4,48.60861733883135,0.02231892948367655,7.838853468847181e-4,45.43491378171252,-0.0518788869308368,6.985164695957331,0.037878657714124596
Herbaspirillum,R3,M2g,-3,-3,FALSE,0.022482606719475256,7.798041517071241e-4,48.97349080941417,0.02247389364533576,7.800184340928607e-4,45.7351612954492,-0.02747145149021404,7.080612426499072,0.03876975782211824
Herbaspirillum,R3,M0,-3,0,FALSE,0.02231892948367655,7.838853468847181e-4,48.58124854168055,0.02231892948367655,7.838853468847181e-4,45.43491378171252,0,6.924927325898062,0
Herbaspirillum,R3,M2g,-3,0,FALSE,0.02247389364533576,7.800184340928607e-4,48.925027569043365,0.02247389364533576,7.800184340928607e-4,45.7351612954492,0,6.974647477435626,0
Herbaspirillum,R3,M0,-3,3,FALSE,0.02231892948367655,7.838853468847181e-4,48.58124854168055,0.02231892948367655,7.838853468847181e-4,45.43491378171252,0,6.924927325898062,0
Herbaspirillum,R3,M2g,-3,3,FALSE,0.02247389364533576,7.800184340928607e-4,48.925027569043365,0.02247389364533576,7.800184340928607e-4,45.7351612954492,0,6.974647477435626,0
Herbaspirillum,R3,M0,-3,6,FALSE,0.02231892948367655,7.838853468847181e-4,48.58124854168055,0.02231892948367655,7.838853468847181e-4,45.43491378171252,0,6.924927325898062,0
Herbaspirillum,R3,M2g,-3,6,FALSE,0.02247389364533576,7.800184340928607e-4,48.925027569043365,0.02247389364533576,7.800184340928607e-4,45.7351612954492,0,6.974647477435626,0
Herbaspirillum,R3,M0,0,-6,FALSE,0.022319390330151456,7.838606612621075e-4,45.43610028202729,0.02231892948367655,7.838853468847181e-4,45.43491378171252,-0.0031491368870089284,0.0026114285601458813,0.0020648233834057645
Herbaspirillum,R3,M2g,0,-6,FALSE,0.022598716391468134,7.776010936205252e-4,46.046923309881166,0.02247389364533576,7.800184340928607e-4,45.7351612954492,-0.3099081209723892,0.6816681205472963,0.5554121956000291
Herbaspirillum,R3,M0,0,-3,FALSE,0.02232738359458113,7.834786758919404e-4,45.45935708554473,0.02231892948367655,7.838853468847181e-4,45.43491378171252,-0.0518788869308368,0.05379850383264656,0.037878657714124596
Herbaspirillum,R3,M2g,0,-3,FALSE,0.022482606719475256,7.798041517071241e-4,45.779268127530614,0.02247389364533576,7.800184340928607e-4,45.7351612954492,-0.02747145149021404,0.09643965568740621,0.03876975782211824
Herbaspirillum,R3,M0,0,0,TRUE,0.02231892948367655,7.838853468847181e-4,45.43491378171252,0.02231892948367655,7.838853468847181e-4,45.43491378171252,0,0,0
Herbaspirillum,R3,M2g,0,0,TRUE,0.02247389364533576,7.800184340928607e-4,45.7351612954492,0.02247389364533576,7.800184340928607e-4,45.7351612954492,0,0,0
Herbaspirillum,R3,M0,0,3,FALSE,0.02231892948367655,7.838853468847181e-4,45.43491378171252,0.02231892948367655,7.838853468847181e-4,45.43491378171252,0,0,0
Herbaspirillum,R3,M2g,0,3,FALSE,0.02247389364533576,7.800184340928607e-4,45.7351612954492,0.02247389364533576,7.800184340928607e-4,45.7351612954492,0,0,0
Herbaspirillum,R3,M0,0,6,FALSE,0.02231892948367655,7.838853468847181e-4,45.43491378171252,0.02231892948367655,7.838853468847181e-4,45.43491378171252,0,0,0
Herbaspirillum,R3,M2g,0,6,FALSE,0.02247389364533576,7.800184340928607e-4,45.7351612954492,0.02247389364533576,7.800184340928607e-4,45.7351612954492,0,0,0
Herbaspirillum,R3,M0,3,-6,FALSE,0.02230840206398365,8.388447446462954e-4,45.41318923687305,0.02231892948367655,7.838853468847181e-4,45.43491378171252,7.011152585004232,-0.04781464964110717,-0.047168121126065575
Herbaspirillum,R3,M2g,3,-6,FALSE,0.022551030611008126,8.333420578132539e-4,45.939320870878895,0.02247389364533576,7.800184340928607e-4,45.7351612954492,6.83620045241714,0.4463952233836478,0.3432292013554847
Herbaspirillum,R3,M0,3,-3,FALSE,0.02231811990319004,8.383654933345291e-4,45.44108559122898,0.02231892948367655,7.838853468847181e-4,45.43491378171252,6.950014650270422,0.013583847756635552,-0.003627326691912261
Herbaspirillum,R3,M2g,3,-3,FALSE,0.022433050947690606,8.356074054095273e-4,45.67600085404568,0.02247389364533576,7.800184340928607e-4,45.7351612954492,7.1266227677445855,-0.129354395453738,-0.18173396336966838
Herbaspirillum,R3,M0,3,0,FALSE,0.02231044017579547,8.387462195504707e-4,45.419147358010136,0.02231892948367655,7.838853468847181e-4,45.43491378171252,6.998583770417217,-0.034701119447764564,-0.03803635782482757
Herbaspirillum,R3,M2g,3,0,FALSE,0.022431877457852595,8.356694980709989e-4,45.65253460315421,0.02247389364533576,7.800184340928607e-4,45.7351612954492,7.134583177237191,-0.180663388855733,-0.18695553225545924
Herbaspirillum,R3,M0,3,3,FALSE,0.02231044017579547,8.387462195504707e-4,45.419147358010136,0.02231892948367655,7.838853468847181e-4,45.43491378171252,6.998583770417217,-0.034701119447764564,-0.03803635782482757
Herbaspirillum,R3,M2g,3,3,FALSE,0.022431877457852595,8.356694980709989e-4,45.65253460315421,0.02247389364533576,7.800184340928607e-4,45.7351612954492,7.134583177237191,-0.180663388855733,-0.18695553225545924
Herbaspirillum,R3,M0,3,6,FALSE,0.02231044017579547,8.387462195504707e-4,45.419147358010136,0.02231892948367655,7.838853468847181e-4,45.43491378171252,6.998583770417217,-0.034701119447764564,-0.03803635782482757
Herbaspirillum,R3,M2g,3,6,FALSE,0.022431877457852595,8.356694980709989e-4,45.65253460315421,0.02247389364533576,7.800184340928607e-4,45.7351612954492,7.134583177237191,-0.180663388855733,-0.18695553225545924
Herbaspirillum,R3,M0,6,-6,FALSE,0.02229009094174745,8.981152015003346e-4,45.375442768496534,0.02231892948367655,7.838853468847181e-4,45.43491378171252,14.572265583172806,-0.13089276124019023,-0.12921113420871633
Herbaspirillum,R3,M2g,6,-6,FALSE,0.022443509142296526,8.945983850287577e-4,45.70480960358394,0.02247389364533576,7.800184340928607e-4,45.7351612954492,14.68939013847157,-0.06636402060373495,-0.13519910487579959
Herbaspirillum,R3,M0,6,-3,FALSE,0.022302575054217365,8.974803050473323e-4,45.410778509206075,0.02231892948367655,7.838853468847181e-4,45.43491378171252,14.491272048145584,-0.05312054210644516,-0.0732760478998234
Herbaspirillum,R3,M2g,6,-3,FALSE,0.02233760630893675,8.966290112020657e-4,45.48168182741129,0.02247389364533576,7.800184340928607e-4,45.7351612954492,14.949720674847871,-0.5542332438721089,-0.6064251195177001
Herbaspirillum,R3,M0,6,0,FALSE,0.022296483805860093,8.977900177304019e-4,45.393533556378884,0.02231892948367655,7.838853468847181e-4,45.43491378171252,14.530781994887208,-0.09107583109421089,-0.10056789611201904
Herbaspirillum,R3,M2g,6,0,FALSE,0.022353462694288874,8.963261461945147e-4,45.502030702141234,0.02247389364533576,7.800184340928607e-4,45.7351612954492,14.910892745363979,-0.5097403982068525,-0.5358704323666634
Herbaspirillum,R3,M0,6,3,FALSE,0.022296483805860093,8.977900177304019e-4,45.393533556378884,0.02231892948367655,7.838853468847181e-4,45.43491378171252,14.530781994887208,-0.09107583109421089,-0.10056789611201904
Herbaspirillum,R3,M2g,6,3,FALSE,0.022353462694288874,8.963261461945147e-4,45.502030702141234,0.02247389364533576,7.800184340928607e-4,45.7351612954492,14.910892745363979,-0.5097403982068525,-0.5358704323666634
Herbaspirillum,R3,M0,6,6,FALSE,0.022296483805860093,8.977900177304019e-4,45.393533556378884,0.02231892948367655,7.838853468847181e-4,45.43491378171252,14.530781994887208,-0.09107583109421089,-0.10056789611201904
Herbaspirillum,R3,M2g,6,6,FALSE,0.022353462694288874,8.963261461945147e-4,45.502030702141234,0.02247389364533576,7.800184340928607e-4,45.7351612954492,14.910892745363979,-0.5097403982068525,-0.5358704323666634
Herbaspirillum,R4,M0,-6,-6,FALSE,0.021675032297708022,9.010511093685698e-4,50.991212308265666,0.02169290408519785,8.99942686361268e-4,44.8298523664645,0.12316595535472265,13.743877386511858,-0.08238540777960783
Herbaspirillum,R4,M2g,-6,-6,FALSE,0.021761836753582616,8.985435953197792e-4,51.267778388287006,0.02169614137002492,8.998393361485828e-4,44.83723098252124,-0.14399690886480968,14.34198157391246,0.30279754559702887
Herbaspirillum,R4,M0,-6,-3,FALSE,0.021677603312764686,9.008868455168894e-4,51.001057066106185,0.02169290408519785,8.99942686361268e-4,44.8298523664645,0.10491325391386087,13.7658376592338,-0.07053353655680367
Herbaspirillum,R4,M2g,-6,-3,FALSE,0.021721322460815568,8.995587653758563e-4,51.13421069200908,0.02169614137002492,8.998393361485828e-4,44.83723098252124,-0.031180096430029287,14.044086959657628,0.11606253094127725
Herbaspirillum,R4,M0,-6,0,FALSE,0.02169290408519785,8.99942686361268e-4,51.06154600141938,0.02169290408519785,8.99942686361268e-4,44.8298523664645,0,13.900767693842711,0
Herbaspirillum,R4,M2g,-6,0,FALSE,0.02169614137002492,8.998393361485828e-4,51.07094227923848,0.02169614137002492,8.998393361485828e-4,44.83723098252124,0,13.902980090691388,0
Herbaspirillum,R4,M0,-6,3,FALSE,0.02169290408519785,8.99942686361268e-4,51.06154600141938,0.02169290408519785,8.99942686361268e-4,44.8298523664645,0,13.900767693842711,0
Herbaspirillum,R4,M2g,-6,3,FALSE,0.02169614137002492,8.998393361485828e-4,51.07094227923848,0.02169614137002492,8.998393361485828e-4,44.83723098252124,0,13.902980090691388,0
Herbaspirillum,R4,M0,-6,6,FALSE,0.02169290408519785,8.99942686361268e-4,51.06154600141938,0.02169290408519785,8.99942686361268e-4,44.8298523664645,0,13.900767693842711,0
Herbaspirillum,R4,M2g,-6,6,FALSE,0.02169614137002492,8.998393361485828e-4,51.07094227923848,0.02169614137002492,8.998393361485828e-4,44.83723098252124,0,13.902980090691388,0
Herbaspirillum,R4,M0,-3,-6,FALSE,0.021675032297708022,9.010511093685698e-4,47.78100680237641,0.02169290408519785,8.99942686361268e-4,44.8298523664645,0.12316595535472265,6.58301172126892,-0.08238540777960783
Herbaspirillum,R4,M2g,-3,-6,FALSE,0.021761836753582616,8.985435953197792e-4,48.02765270196094,0.02169614137002492,8.998393361485828e-4,44.83723098252124,-0.14399690886480968,7.115563672260247,0.30279754559702887
Herbaspirillum,R4,M0,-3,-3,FALSE,0.021677603312764686,9.008868455168894e-4,47.78986316631778,0.02169290408519785,8.99942686361268e-4,44.8298523664645,0.10491325391386087,6.602767226749893,-0.07053353655680367
Herbaspirillum,R4,M2g,-3,-3,FALSE,0.021721322460815568,8.995587653758563e-4,47.90834905432445,0.02169614137002492,8.998393361485828e-4,44.83723098252124,-0.031180096430029287,6.8494820141779265,0.11606253094127725
Herbaspirillum,R4,M0,-3,0,FALSE,0.02169290408519785,8.99942686361268e-4,47.84434730296847,0.02169290408519785,8.99942686361268e-4,44.8298523664645,0,6.72430261840211,0
Herbaspirillum,R4,M2g,-3,0,FALSE,0.02169614137002492,8.998393361485828e-4,47.852686815572085,0.02169614137002492,8.998393361485828e-4,44.83723098252124,0,6.725339114331904,0
Herbaspirillum,R4,M0,-3,3,FALSE,0.02169290408519785,8.99942686361268e-4,47.84434730296847,0.02169290408519785,8.99942686361268e-4,44.8298523664645,0,6.72430261840211,0
Herbaspirillum,R4,M2g,-3,3,FALSE,0.02169614137002492,8.998393361485828e-4,47.852686815572085,0.02169614137002492,8.998393361485828e-4,44.83723098252124,0,6.725339114331904,0
Herbaspirillum,R4,M0,-3,6,FALSE,0.02169290408519785,8.99942686361268e-4,47.84434730296847,0.02169290408519785,8.99942686361268e-4,44.8298523664645,0,6.72430261840211,0
Herbaspirillum,R4,M2g,-3,6,FALSE,0.02169614137002492,8.998393361485828e-4,47.852686815572085,0.02169614137002492,8.998393361485828e-4,44.83723098252124,0,6.725339114331904,0
Herbaspirillum,R4,M0,0,-6,FALSE,0.021675032297708022,9.010511093685698e-4,44.77290316705536,0.02169290408519785,8.99942686361268e-4,44.8298523664645,0.12316595535472265,-0.12703409983063174,-0.08238540777960783
Herbaspirillum,R4,M2g,0,-6,FALSE,0.021761836753582616,8.985435953197792e-4,44.99230309123692,0.02169614137002492,8.998393361485828e-4,44.83723098252124,-0.14399690886480968,0.34585567689523483,0.30279754559702887
Herbaspirillum,R4,M0,0,-3,FALSE,0.021677603312764686,9.008868455168894e-4,44.780856571170375,0.02169290408519785,8.99942686361268e-4,44.8298523664645,0.10491325391386087,-0.10929278752382693,-0.07053353655680367
Herbaspirillum,R4,M2g,0,-3,FALSE,0.021721322460815568,8.995587653758563e-4,44.885994680459014,0.02169614137002492,8.998393361485828e-4,44.83723098252124,-0.031180096430029287,0.10875715754343077,0.11606253094127725
Herbaspirillum,R4,M0,0,0,TRUE,0.02169290408519785,8.99942686361268e-4,44.8298523664645,0.02169290408519785,8.99942686361268e-4,44.8298523664645,0,0,0
Herbaspirillum,R4,M2g,0,0,TRUE,0.02169614137002492,8.998393361485828e-4,44.83723098252124,0.02169614137002492,8.998393361485828e-4,44.83723098252124,0,0,0
Herbaspirillum,R4,M0,0,3,FALSE,0.02169290408519785,8.99942686361268e-4,44.8298523664645,0.02169290408519785,8.99942686361268e-4,44.8298523664645,0,0,0
Herbaspirillum,R4,M2g,0,3,FALSE,0.02169614137002492,8.998393361485828e-4,44.83723098252124,0.02169614137002492,8.998393361485828e-4,44.83723098252124,0,0,0
Herbaspirillum,R4,M0,0,6,FALSE,0.02169290408519785,8.99942686361268e-4,44.8298523664645,0.02169290408519785,8.99942686361268e-4,44.8298523664645,0,0,0
Herbaspirillum,R4,M2g,0,6,FALSE,0.02169614137002492,8.998393361485828e-4,44.83723098252124,0.02169614137002492,8.998393361485828e-4,44.83723098252124,0,0,0
Herbaspirillum,R4,M0,3,-6,FALSE,0.021675174526583036,9.615798877759051e-4,44.773353382871534,0.02169290408519785,8.99942686361268e-4,44.8298523664645,6.84901409264788,-0.12602982300970345,-0.08172976077883891
Herbaspirillum,R4,M2g,3,-6,FALSE,0.021771101431165698,9.5877151660985e-4,45.014471934740655,0.02169614137002492,8.998393361485828e-4,44.83723098252124,6.549189182316021,0.3952986130845304,0.34549950547585667
Herbaspirillum,R4,M0,3,-3,FALSE,0.0216778418787294,9.614034838665237e-4,44.78150100525771,0.02169290408519785,8.99942686361268e-4,44.8298523664645,6.829412410001318,-0.10785527646073793,-0.06943379461455962
Herbaspirillum,R4,M2g,3,-3,FALSE,0.021722372236510395,9.600304509379267e-4,44.88797479085825,0.02169614137002492,8.998393361485828e-4,44.83723098252124,6.689095749800064,0.11317337673415141,0.12090106732857082
Herbaspirillum,R4,M0,3,0,FALSE,0.021693725997371852,9.603901151739881e-4,44.83175239115202,0.02169290408519785,8.99942686361268e-4,44.8298523664645,6.7168087178003235,0.004238302352616261,0.0037888526624791706
Herbaspirillum,R4,M2g,3,0,FALSE,0.021708646551179864,9.599067549652308e-4,44.86563336455864,0.02169614137002492,8.998393361485828e-4,44.83723098252124,6.675349298880798,0.06334553096838401,0.05763781191166856
Herbaspirillum,R4,M0,3,3,FALSE,0.021693725997371852,9.603901151739881e-4,44.83175239115202,0.02169290408519785,8.99942686361268e-4,44.8298523664645,6.7168087178003235,0.004238302352616261,0.0037888526624791706
Herbaspirillum,R4,M2g,3,3,FALSE,0.021708646551179864,9.599067549652308e-4,44.86563336455864,0.02169614137002492,8.998393361485828e-4,44.83723098252124,6.675349298880798,0.06334553096838401,0.05763781191166856
Herbaspirillum,R4,M0,3,6,FALSE,0.021693725997371852,9.603901151739881e-4,44.83175239115202,0.02169290408519785,8.99942686361268e-4,44.8298523664645,6.7168087178003235,0.004238302352616261,0.0037888526624791706
Herbaspirillum,R4,M2g,3,6,FALSE,0.021708646551179864,9.599067549652308e-4,44.86563336455864,0.02169614137002492,8.998393361485828e-4,44.83723098252124,6.675349298880798,0.06334553096838401,0.05763781191166856
Herbaspirillum,R4,M0,6,-6,FALSE,0.021655774569659832,0.0010277795634920635,44.7265102604976,0.02169290408519785,8.99942686361268e-4,44.8298523664645,14.205002059373076,-0.23052073676737933,-0.17115972758739192
Herbaspirillum,R4,M2g,6,-6,FALSE,0.021664418118834645,0.0010275231338279698,44.748045919255816,0.02169614137002492,8.998393361485828e-4,44.83723098252124,14.189621696900755,-0.19890849927862886,-0.14621609736606297
Herbaspirillum,R4,M0,6,-3,FALSE,0.021660870225957887,0.0010274432937269267,44.74241710125266,0.02169290408519785,8.99942686361268e-4,44.8298523664645,14.167636372620692,-0.19503803960158592,-0.14766975926391965
Herbaspirillum,R4,M2g,6,-3,FALSE,0.021662953149444525,0.0010273790564652634,44.747353621486354,0.02169614137002492,8.998393361485828e-4,44.83723098252124,14.173610242753501,-0.2004525236402834,-0.15296830903879788
Herbaspirillum,R4,M0,6,0,FALSE,0.021679403545285896,0.0010262220177513312,44.80035585281516,0.02169290408519785,8.99942686361268e-4,44.8298523664645,14.031930399995538,-0.06579658886275278,-0.062234820469091255
Herbaspirillum,R4,M2g,6,0,FALSE,0.02168536525371422,0.0010260261076342723,44.81379539081277,0.02169614137002492,8.998393361485828e-4,44.83723098252124,14.02325575427539,-0.05226815125493743,-0.049668354049286614
Herbaspirillum,R4,M0,6,3,FALSE,0.021679403545285896,0.0010262220177513312,44.80035585281516,0.02169290408519785,8.99942686361268e-4,44.8298523664645,14.031930399995538,-0.06579658886275278,-0.062234820469091255
Herbaspirillum,R4,M2g,6,3,FALSE,0.02168536525371422,0.0010260261076342723,44.81379539081277,0.02169614137002492,8.998393361485828e-4,44.83723098252124,14.02325575427539,-0.05226815125493743,-0.049668354049286614
Herbaspirillum,R4,M0,6,6,FALSE,0.021679403545285896,0.0010262220177513312,44.80035585281516,0.02169290408519785,8.99942686361268e-4,44.8298523664645,14.031930399995538,-0.06579658886275278,-0.062234820469091255
Herbaspirillum,R4,M2g,6,6,FALSE,0.02168536525371422,0.0010260261076342723,44.81379539081277,0.02169614137002492,8.998393361485828e-4,44.83723098252124,14.02325575427539,-0.05226815125493743,-0.049668354049286614
Herbaspirillum,R5,M0,-6,-6,FALSE,0.01984153809142817,9.228655999839294e-4,47.088077526644746,0.01984617204888009,9.225470256429326e-4,41.81521216451915,0.03453204358605521,12.60992134006126,-0.023349376597698784
Herbaspirillum,R5,M2g,-6,-6,FALSE,0.01985504646806848,9.224864850153027e-4,47.1258273577492,0.019851948413683755,9.223687931817332e-4,41.82680836920916,0.012759737150636805,12.668953704918394,0.015605795059342488
Herbaspirillum,R5,M0,-6,-3,FALSE,0.019826555910703317,9.23756776321897e-4,47.03267543704242,0.01984617204888009,9.225470256429326e-4,41.81521216451915,0.13113160037791952,12.477428673554277,-0.09884091566100836
Herbaspirillum,R5,M2g,-6,-3,FALSE,0.01989685630742954,9.216824622353361e-4,47.22044155248472,0.019851948413683755,9.223687931817332e-4,41.82680836920916,-0.0744096018285241,12.895158377051999,0.22621403607331267
Herbaspirillum,R5,M0,-6,0,FALSE,0.01984617204888009,9.225470256429326e-4,47.1030254232779,0.01984617204888009,9.225470256429326e-4,41.81521216451915,0,12.645668848825157,0
Herbaspirillum,R5,M2g,-6,0,FALSE,0.019851948413683755,9.223687931817332e-4,47.1177210321861,0.019851948413683755,9.223687931817332e-4,41.82680836920916,0,12.649573011341325,0
Herbaspirillum,R5,M0,-6,3,FALSE,0.01984617204888009,9.225470256429326e-4,47.1030254232779,0.01984617204888009,9.225470256429326e-4,41.81521216451915,0,12.645668848825157,0
Herbaspirillum,R5,M2g,-6,3,FALSE,0.019851948413683755,9.223687931817332e-4,47.1177210321861,0.019851948413683755,9.223687931817332e-4,41.82680836920916,0,12.649573011341325,0
Herbaspirillum,R5,M0,-6,6,FALSE,0.01984617204888009,9.225470256429326e-4,47.1030254232779,0.01984617204888009,9.225470256429326e-4,41.81521216451915,0,12.645668848825157,0
Herbaspirillum,R5,M2g,-6,6,FALSE,0.019851948413683755,9.223687931817332e-4,47.1177210321861,0.019851948413683755,9.223687931817332e-4,41.82680836920916,0,12.649573011341325,0
Herbaspirillum,R5,M0,-3,-6,FALSE,0.01984153809142817,9.228655999839294e-4,44.36696777994896,0.01984617204888009,9.225470256429326e-4,41.81521216451915,0.03453204358605521,6.1024576543820785,-0.023349376597698784
Herbaspirillum,R5,M2g,-3,-6,FALSE,0.01985504646806848,9.224864850153027e-4,44.4007367546172,0.019851948413683755,9.223687931817332e-4,41.82680836920916,0.012759737150636805,6.153776694333766,0.015605795059342488
Herbaspirillum,R5,M0,-3,-3,FALSE,0.019826555910703317,9.23756776321897e-4,44.31675908770237,0.01984617204888009,9.225470256429326e-4,41.81521216451915,0.13113160037791952,5.98238486353017,-0.09884091566100836
Herbaspirillum,R5,M2g,-3,-3,FALSE,0.01989685630742954,9.216824622353361e-4,44.484299809736775,0.019851948413683755,9.223687931817332e-4,41.82680836920916,-0.0744096018285241,6.353560178605282,0.22621403607331267
Herbaspirillum,R5,M0,-3,0,FALSE,0.01984617204888009,9.225470256429326e-4,44.380434897205625,0.01984617204888009,9.225470256429326e-4,41.81521216451915,0,6.134663917508715,0
Herbaspirillum,R5,M2g,-3,0,FALSE,0.019851948413683755,9.223687931817332e-4,44.39351178277186,0.019851948413683755,9.223687931817332e-4,41.82680836920916,0,6.136503151056058,0
Herbaspirillum,R5,M0,-3,3,FALSE,0.01984617204888009,9.225470256429326e-4,44.380434897205625,0.01984617204888009,9.225470256429326e-4,41.81521216451915,0,6.134663917508715,0
Herbaspirillum,R5,M2g,-3,3,FALSE,0.019851948413683755,9.223687931817332e-4,44.39351178277186,0.019851948413683755,9.223687931817332e-4,41.82680836920916,0,6.136503151056058,0
Herbaspirillum,R5,M0,-3,6,FALSE,0.01984617204888009,9.225470256429326e-4,44.380434897205625,0.01984617204888009,9.225470256429326e-4,41.81521216451915,0,6.134663917508715,0
Herbaspirillum,R5,M2g,-3,6,FALSE,0.019851948413683755,9.223687931817332e-4,44.39351178277186,0.019851948413683755,9.223687931817332e-4,41.82680836920916,0,6.136503151056058,0
Herbaspirillum,R5,M0,0,-6,FALSE,0.01984153809142817,9.228655999839294e-4,41.80310459421912,0.01984617204888009,9.225470256429326e-4,41.81521216451915,0.03453204358605521,-0.0289549416905864,-0.023349376597698784
Herbaspirillum,R5,M2g,0,-6,FALSE,0.01985504646806848,9.224864850153027e-4,41.83322680760615,0.019851948413683755,9.223687931817332e-4,41.82680836920916,0.012759737150636805,0.01534527411304127,0.015605795059342488
Herbaspirillum,R5,M0,0,-3,FALSE,0.019826555910703317,9.23756776321897e-4,41.75767416562155,0.01984617204888009,9.225470256429326e-4,41.81521216451915,0.13113160037791952,-0.13760063842608672,-0.09884091566100836
Herbaspirillum,R5,M2g,0,-3,FALSE,0.01989685630742954,9.216824622353361e-4,41.90670109179485,0.019851948413683755,9.223687931817332e-4,41.82680836920916,-0.0744096018285241,0.19100841230932436,0.22621403607331267
Herbaspirillum,R5,M0,0,0,TRUE,0.01984617204888009,9.225470256429326e-4,41.81521216451915,0.01984617204888009,9.225470256429326e-4,41.81521216451915,0,0,0
Herbaspirillum,R5,M2g,0,0,TRUE,0.019851948413683755,9.223687931817332e-4,41.82680836920916,0.019851948413683755,9.223687931817332e-4,41.82680836920916,0,0,0
Herbaspirillum,R5,M0,0,3,FALSE,0.01984617204888009,9.225470256429326e-4,41.81521216451915,0.01984617204888009,9.225470256429326e-4,41.81521216451915,0,0,0
Herbaspirillum,R5,M2g,0,3,FALSE,0.019851948413683755,9.223687931817332e-4,41.82680836920916,0.019851948413683755,9.223687931817332e-4,41.82680836920916,0,0,0
Herbaspirillum,R5,M0,0,6,FALSE,0.01984617204888009,9.225470256429326e-4,41.81521216451915,0.01984617204888009,9.225470256429326e-4,41.81521216451915,0,0,0
Herbaspirillum,R5,M2g,0,6,FALSE,0.019851948413683755,9.223687931817332e-4,41.82680836920916,0.019851948413683755,9.223687931817332e-4,41.82680836920916,0,0,0
Herbaspirillum,R5,M0,3,-6,FALSE,0.019842296235838466,9.794046953308087e-4,41.80470562834627,0.01984617204888009,9.225470256429326e-4,41.81521216451915,6.1631188554590395,-0.025126109922738324,-0.01952927260772551
Herbaspirillum,R5,M2g,3,-6,FALSE,0.01986057613725409,9.78887257384547e-4,41.84518519644994,0.019851948413683755,9.223687931817332e-4,41.82680836920916,6.127534303047262,0.043935523548832504,0.043460336439264675
Herbaspirillum,R5,M0,3,-3,FALSE,0.019826616435401526,9.803630755179488e-4,41.75778369404786,0.01984617204888009,9.225470256429326e-4,41.81521216451915,6.267003011008968,-0.13733870402318005,-0.09853594653114763
Herbaspirillum,R5,M2g,3,-3,FALSE,0.01989801652342441,9.782354482269912e-4,41.908077360479275,0.019851948413683755,9.223687931817332e-4,41.82680836920916,6.056867432878404,0.19429881083143027,0.23205837926165257
Herbaspirillum,R5,M0,3,0,FALSE,0.019847010300329863,9.790696938539061e-4,41.81681319265008,0.01984617204888009,9.225470256429326e-4,41.81521216451915,6.126806183303485,0.003828817428041821,0.004223743741156534
Herbaspirillum,R5,M2g,3,0,FALSE,0.019854742899338727,9.788277993785384e-4,41.83223177298815,0.019851948413683755,9.223687931817332e-4,41.82680836920916,6.121088073898137,0.012966334249360346,0.014076631657199428
Herbaspirillum,R5,M0,3,3,FALSE,0.019847010300329863,9.790696938539061e-4,41.81681319265008,0.01984617204888009,9.225470256429326e-4,41.81521216451915,6.126806183303485,0.003828817428041821,0.004223743741156534
Herbaspirillum,R5,M2g,3,3,FALSE,0.019854742899338727,9.788277993785384e-4,41.83223177298815,0.019851948413683755,9.223687931817332e-4,41.82680836920916,6.121088073898137,0.012966334249360346,0.014076631657199428
Herbaspirillum,R5,M0,3,6,FALSE,0.019847010300329863,9.790696938539061e-4,41.81681319265008,0.01984617204888009,9.225470256429326e-4,41.81521216451915,6.126806183303485,0.003828817428041821,0.004223743741156534
Herbaspirillum,R5,M2g,3,6,FALSE,0.019854742899338727,9.788277993785384e-4,41.83223177298815,0.019851948413683755,9.223687931817332e-4,41.82680836920916,6.121088073898137,0.012966334249360346,0.014076631657199428
Herbaspirillum,R5,M0,6,-6,FALSE,0.019848049779570266,0.0010389936257767561,41.816820225581566,0.01984617204888009,9.225470256429326e-4,41.81521216451915,12.622294245940552,0.0038456365020608984,0.009461425032248547
Herbaspirillum,R5,M2g,6,-6,FALSE,0.019874911172658993,0.0010382280001278103,41.875880016935284,0.019851948413683755,9.223687931817332e-4,41.82680836920916,12.561050178900565,0.11732104274598963,0.11567005160768093
Herbaspirillum,R5,M0,6,-3,FALSE,0.019831048486616962,0.0010400607866289232,41.76664564589551,0.01984617204888009,9.225470256429326e-4,41.81521216451915,12.737969742419809,-0.11614557504231443,-0.0762039260058751
Herbaspirillum,R5,M2g,6,-3,FALSE,0.019941822996889836,0.0010367336915434774,41.998258632153046,0.019851948413683755,9.223687931817332e-4,41.82680836920916,12.39904246621785,0.40990520106262446,0.4527242431485021
Herbaspirillum,R5,M0,6,0,FALSE,0.019851795007436175,0.001038709452173217,41.825898761319124,0.01984617204888009,9.225470256429326e-4,41.81521216451915,12.591491089500783,0.025556720262294188,0.028332710923982783
Herbaspirillum,R5,M2g,6,0,FALSE,0.019856719892025268,0.00103855362209776,41.835647663960515,0.019851948413683755,9.223687931817332e-4,41.82680836920916,12.596352974523834,0.021133084488131986,0.024035315033480217
Herbaspirillum,R5,M0,6,3,FALSE,0.019851795007436175,0.001038709452173217,41.825898761319124,0.01984617204888009,9.225470256429326e-4,41.81521216451915,12.591491089500783,0.025556720262294188,0.028332710923982783
Herbaspirillum,R5,M2g,6,3,FALSE,0.019856719892025268,0.00103855362209776,41.835647663960515,0.019851948413683755,9.223687931817332e-4,41.82680836920916,12.596352974523834,0.021133084488131986,0.024035315033480217
Herbaspirillum,R5,M0,6,6,FALSE,0.019851795007436175,0.001038709452173217,41.825898761319124,0.01984617204888009,9.225470256429326e-4,41.81521216451915,12.591491089500783,0.025556720262294188,0.028332710923982783
Herbaspirillum,R5,M2g,6,6,FALSE,0.019856719892025268,0.00103855362209776,41.835647663960515,0.019851948413683755,9.223687931817332e-4,41.82680836920916,12.596352974523834,0.021133084488131986,0.024035315033480217
Pseudomonas,R1,M0,-6,-6,FALSE,0.02479721077469497,7.045332760737629e-4,213.77450024712104,0.02476961577599536,7.058706372483028e-4,183.84914615560908,-0.18946264428185824,16.27712432571391,0.1114066481659122
Pseudomonas,R1,M2g,-6,-6,FALSE,0.025305895234017224,6.919568211452516e-4,220.77262261665197,0.025191137622275303,6.943559377189434e-4,187.90887142986713,-0.3455168226217316,17.48919619212897,0.45554755590095486
Pseudomonas,R1,M0,-6,-3,FALSE,0.024796448873408507,7.045683276945172e-4,213.76102562331795,0.02476961577599536,7.058706372483028e-4,183.84914615560908,-0.18449691559099338,16.269795151722704,0.10833069699511366
Pseudomonas,R1,M2g,-6,-3,FALSE,0.025174165243502536,6.947401986978111e-4,218.7099271337927,0.025191137622275303,6.943559377189434e-4,187.90887142986713,0.055340634103320865,16.391485654481926,-0.06737440375761071
Pseudomonas,R1,M0,-6,0,FALSE,0.02476961577599536,7.058706372483028e-4,213.3071739692458,0.02476961577599536,7.058706372483028e-4,183.84914615560908,0,16.022934253229327,0
Pseudomonas,R1,M2g,-6,0,FALSE,0.025191137622275303,6.943559377189434e-4,218.56947876511273,0.025191137622275303,6.943559377189434e-4,187.90887142986713,0,16.316742845581402,0
Pseudomonas,R1,M0,-6,3,FALSE,0.02476961577599536,7.058706372483028e-4,213.3071739692458,0.02476961577599536,7.058706372483028e-4,183.84914615560908,0,16.022934253229327,0
Pseudomonas,R1,M2g,-6,3,FALSE,0.025191137622275303,6.943559377189434e-4,218.56947876511273,0.025191137622275303,6.943559377189434e-4,187.90887142986713,0,16.316742845581402,0
Pseudomonas,R1,M0,-6,6,FALSE,0.02476961577599536,7.058706372483028e-4,213.3071739692458,0.02476961577599536,7.058706372483028e-4,183.84914615560908,0,16.022934253229327,0
Pseudomonas,R1,M2g,-6,6,FALSE,0.025191137622275303,6.943559377189434e-4,218.56947876511273,0.025191137622275303,6.943559377189434e-4,187.90887142986713,0,16.316742845581402,0
Pseudomonas,R1,M0,-3,-6,FALSE,0.02479721077469497,7.045332760737629e-4,198.44859314022534,0.02476961577599536,7.058706372483028e-4,183.84914615560908,-0.18946264428185824,7.940992541928566,0.1114066481659122
Pseudomonas,R1,M2g,-3,-6,FALSE,0.025305895234017224,6.919568211452516e-4,204.63248809208682,0.025191137622275303,6.943559377189434e-4,187.90887142986713,-0.3455168226217316,8.899854772669105,0.45554755590095486
Pseudomonas,R1,M0,-3,-3,FALSE,0.024796448873408507,7.045683276945172e-4,198.43653810488905,0.02476961577599536,7.058706372483028e-4,183.84914615560908,-0.18449691559099338,7.934435516460476,0.10833069699511366
Pseudomonas,R1,M2g,-3,-3,FALSE,0.025174165243502536,6.947401986978111e-4,202.80072009607287,0.025191137622275303,6.943559377189434e-4,187.90887142986713,0.055340634103320865,7.925037574271095,-0.06737440375761071
Pseudomonas,R1,M0,-3,0,FALSE,0.02476961577599536,7.058706372483028e-4,198.03116371700634,0.02476961577599536,7.058706372483028e-4,183.84914615560908,0,7.713942576265035,0
Pseudomonas,R1,M2g,-3,0,FALSE,0.025191137622275303,6.943559377189434e-4,202.66016896214865,0.025191137622275303,6.943559377189434e-4,187.90887142986713,0,7.8502400764974585,0
Pseudomonas,R1,M0,-3,3,FALSE,0.02476961577599536,7.058706372483028e-4,198.03116371700634,0.02476961577599536,7.058706372483028e-4,183.84914615560908,0,7.713942576265035,0
Pseudomonas,R1,M2g,-3,3,FALSE,0.025191137622275303,6.943559377189434e-4,202.66016896214865,0.025191137622275303,6.943559377189434e-4,187.90887142986713,0,7.8502400764974585,0
Pseudomonas,R1,M0,-3,6,FALSE,0.02476961577599536,7.058706372483028e-4,198.03116371700634,0.02476961577599536,7.058706372483028e-4,183.84914615560908,0,7.713942576265035,0
Pseudomonas,R1,M2g,-3,6,FALSE,0.025191137622275303,6.943559377189434e-4,202.66016896214865,0.025191137622275303,6.943559377189434e-4,187.90887142986713,0,7.8502400764974585,0
Pseudomonas,R1,M0,0,-6,FALSE,0.02479721077469497,7.045332760737629e-4,184.2214299357953,0.02476961577599536,7.058706372483028e-4,183.84914615560908,-0.18946264428185824,0.2024941578304222,0.1114066481659122
Pseudomonas,R1,M2g,0,-6,FALSE,0.025305895234017224,6.919568211452516e-4,189.67231845349113,0.025191137622275303,6.943559377189434e-4,187.90887142986713,-0.3455168226217316,0.938458631678901,0.45554755590095486
Pseudomonas,R1,M0,0,-3,FALSE,0.024796448873408507,7.045683276945172e-4,184.2106601997781,0.02476961577599536,7.058706372483028e-4,183.84914615560908,-0.18449691559099338,0.19663623776801725,0.10833069699511366
Pseudomonas,R1,M2g,0,-3,FALSE,0.025174165243502536,6.947401986978111e-4,188.04876674082632,0.025191137622275303,6.943559377189434e-4,187.90887142986713,0.055340634103320865,0.07444848659601626,-0.06737440375761071
Pseudomonas,R1,M0,0,0,TRUE,0.02476961577599536,7.058706372483028e-4,183.84914615560908,0.02476961577599536,7.058706372483028e-4,183.84914615560908,0,0,0
Pseudomonas,R1,M2g,0,0,TRUE,0.025191137622275303,6.943559377189434e-4,187.90887142986713,0.025191137622275303,6.943559377189434e-4,187.90887142986713,0,0,0
Pseudomonas,R1,M0,0,3,FALSE,0.02476961577599536,7.058706372483028e-4,183.84914615560908,0.02476961577599536,7.058706372483028e-4,183.84914615560908,0,0,0
Pseudomonas,R1,M2g,0,3,FALSE,0.025191137622275303,6.943559377189434e-4,187.90887142986713,0.025191137622275303,6.943559377189434e-4,187.90887142986713,0,0,0
Pseudomonas,R1,M0,0,6,FALSE,0.02476961577599536,7.058706372483028e-4,183.84914615560908,0.02476961577599536,7.058706372483028e-4,183.84914615560908,0,0,0
Pseudomonas,R1,M2g,0,6,FALSE,0.025191137622275303,6.943559377189434e-4,187.90887142986713,0.025191137622275303,6.943559377189434e-4,187.90887142986713,0,0,0
Pseudomonas,R1,M0,3,-6,FALSE,0.024766462142318854,7.608705805639186e-4,183.90136563835347,0.02476961577599536,7.058706372483028e-4,183.84914615560908,7.791787958488012,0.028403440449047728,-0.012731863525966091
Pseudomonas,R1,M2g,3,-6,FALSE,0.025158129924552772,7.509319398020419e-4,188.0636031400761,0.025191137622275303,6.943559377189434e-4,187.90887142986713,8.147982757799777,0.08234401549621781,-0.13102900796883232
Pseudomonas,R1,M0,3,-3,FALSE,0.024769500509825813,7.607211730523017e-4,183.94293959586642,0.02476961577599536,7.058706372483028e-4,183.84914615560908,7.770621543038375,0.05101652208814553,-4.6535307850178114e-4
Pseudomonas,R1,M2g,3,-3,FALSE,0.02503961299405954,7.534984206031794e-4,186.6670091422189,0.025191137622275303,6.943559377189434e-4,187.90887142986713,8.517603101159802,-0.6608853952442282,-0.6014997436311822
Pseudomonas,R1,M0,3,0,FALSE,0.024744997369086818,7.619633984461559e-4,183.6167220429814,0.02476961577599536,7.058706372483028e-4,183.84914615560908,7.946606394695729,-0.12642109984615346,-0.0993895389059698
Pseudomonas,R1,M2g,3,0,FALSE,0.025076244692217302,7.526528986656681e-4,186.7855301749633,0.025191137622275303,6.943559377189434e-4,187.90887142986713,8.395832422523574,-0.5978117192423761,-0.456084722257271
Pseudomonas,R1,M0,3,3,FALSE,0.024744997369086818,7.619633984461559e-4,183.6167220429814,0.02476961577599536,7.058706372483028e-4,183.84914615560908,7.946606394695729,-0.12642109984615346,-0.0993895389059698
Pseudomonas,R1,M2g,3,3,FALSE,0.025076244692217302,7.526528986656681e-4,186.7855301749633,0.025191137622275303,6.943559377189434e-4,187.90887142986713,8.395832422523574,-0.5978117192423761,-0.456084722257271
Pseudomonas,R1,M0,3,6,FALSE,0.024744997369086818,7.619633984461559e-4,183.6167220429814,0.02476961577599536,7.058706372483028e-4,183.84914615560908,7.946606394695729,-0.12642109984615346,-0.0993895389059698
Pseudomonas,R1,M2g,3,6,FALSE,0.025076244692217302,7.526528986656681e-4,186.7855301749633,0.025191137622275303,6.943559377189434e-4,187.90887142986713,8.395832422523574,-0.5978117192423761,-0.456084722257271
Pseudomonas,R1,M0,6,-6,FALSE,0.024799626528515317,8.17388861707225e-4,184.24440950398215,0.02476961577599536,7.058706372483028e-4,183.84914615560908,15.798677345987084,0.21499330110487908,0.12115953994345134
Pseudomonas,R1,M2g,6,-6,FALSE,0.025416951618508227,8.014505340571231e-4,190.81710632167673,0.025191137622275303,6.943559377189434e-4,187.90887142986713,15.423587604075282,1.5476836562743306,0.8964025349662968
Pseudomonas,R1,M0,6,-3,FALSE,0.024798583021345105,8.174410500127599e-4,184.23002007405555,0.02476961577599536,7.058706372483028e-4,183.84914615560908,15.806070811982256,0.20716654192350642,0.11694668828015449
Pseudomonas,R1,M2g,6,-3,FALSE,0.02525417446913953,8.05022393764024e-4,188.82659739374319,0.025191137622275303,6.943559377189434e-4,187.90887142986713,15.938000963689511,0.48838884342859396,0.2502342205001753
Pseudomonas,R1,M0,6,0,FALSE,0.024769501925378804,8.189730278922627e-4,183.84656883557582,0.02476961577599536,7.058706372483028e-4,183.84914615560908,16.02310461373875,-0.0014018667408290792,-4.596382018416091e-4
Pseudomonas,R1,M2g,6,0,FALSE,0.025262403409190573,8.048247183355425e-4,188.55906313148483,0.025191137622275303,6.943559377189434e-4,187.90887142986713,15.90953207363712,0.3460143721103504,0.28290023254945457
Pseudomonas,R1,M0,6,3,FALSE,0.024769501925378804,8.189730278922627e-4,183.84656883557582,0.02476961577599536,7.058706372483028e-4,183.84914615560908,16.02310461373875,-0.0014018667408290792,-4.596382018416091e-4
Pseudomonas,R1,M2g,6,3,FALSE,0.025262403409190573,8.048247183355425e-4,188.55906313148483,0.025191137622275303,6.943559377189434e-4,187.90887142986713,15.90953207363712,0.3460143721103504,0.28290023254945457
Pseudomonas,R1,M0,6,6,FALSE,0.024769501925378804,8.189730278922627e-4,183.84656883557582,0.02476961577599536,7.058706372483028e-4,183.84914615560908,16.02310461373875,-0.0014018667408290792,-4.596382018416091e-4
Pseudomonas,R1,M2g,6,6,FALSE,0.025262403409190573,8.048247183355425e-4,188.55906313148483,0.025191137622275303,6.943559377189434e-4,187.90887142986713,15.90953207363712,0.3460143721103504,0.28290023254945457
Pseudomonas,R2,M0,-6,-6,FALSE,0.021224475177124565,0.001043821112125622,163.49371107752705,0.02125353060972634,0.00104179913355233,144.25555154703457,0.19408526156069694,13.336165800329614,-0.13670873388197038
Pseudomonas,R2,M2g,-6,-6,FALSE,0.02176352438457767,0.0010273889325117477,169.5184553454781,0.021332729351703952,0.001039116583032925,144.8961178591251,-1.128617396033386,16.99309674417364,2.0194088893707782
Pseudomonas,R2,M0,-6,-3,FALSE,0.02119347486963986,0.0010458526672086359,163.06696195433193,0.02125353060972634,0.00104179913355233,144.25555154703457,0.389089751158095,13.040337238712016,-0.28256829977695325
Pseudomonas,R2,M2g,-6,-3,FALSE,0.02179461820909503,0.001026549999199933,169.51156251355303,0.021332729351703952,0.001039116583032925,144.8961178591251,-1.2093526403277362,16.988339658872185,2.165165318399286
Pseudomonas,R2,M0,-6,0,FALSE,0.02125353060972634,0.00104179913355233,163.87559516506627,0.02125353060972634,0.00104179913355233,144.25555154703457,0,13.60089328113974,0
Pseudomonas,R2,M2g,-6,0,FALSE,0.021332729351703952,0.001039116583032925,164.68152104317397,0.021332729351703952,0.001039116583032925,144.8961178591251,0,13.654888396171652,0
Pseudomonas,R2,M0,-6,3,FALSE,0.02125353060972634,0.00104179913355233,163.87559516506627,0.02125353060972634,0.00104179913355233,144.25555154703457,0,13.60089328113974,0
Pseudomonas,R2,M2g,-6,3,FALSE,0.021332729351703952,0.001039116583032925,164.68152104317397,0.021332729351703952,0.001039116583032925,144.8961178591251,0,13.654888396171652,0
Pseudomonas,R2,M0,-6,6,FALSE,0.02125353060972634,0.00104179913355233,163.87559516506627,0.02125353060972634,0.00104179913355233,144.25555154703457,0,13.60089328113974,0
Pseudomonas,R2,M2g,-6,6,FALSE,0.021332729351703952,0.001039116583032925,164.68152104317397,0.021332729351703952,0.001039116583032925,144.8961178591251,0,13.654888396171652,0
Pseudomonas,R2,M0,-3,-6,FALSE,0.021224475177124565,0.001043821112125622,153.40800934202747,0.02125353060972634,0.00104179913355233,144.25555154703457,0.19408526156069694,6.344613913876816,-0.13670873388197038
Pseudomonas,R2,M2g,-3,-6,FALSE,0.02176352438457767,0.0010273889325117477,158.80407803967856,0.021332729351703952,0.001039116583032925,144.8961178591251,-1.128617396033386,9.598573368318563,2.0194088893707782
Pseudomonas,R2,M0,-3,-3,FALSE,0.02119347486963986,0.0010458526672086359,153.0218162925002,0.02125353060972634,0.00104179913355233,144.25555154703457,0.389089751158095,6.076899399332572,-0.28256829977695325
Pseudomonas,R2,M2g,-3,-3,FALSE,0.02179461820909503,0.001026549999199933,158.7828086824954,0.021332729351703952,0.001039116583032925,144.8961178591251,-1.2093526403277362,9.583894329640783,2.165165318399286
Pseudomonas,R2,M0,-3,0,FALSE,0.02125353060972634,0.00104179913355233,153.75293286840156,0.02125353060972634,0.00104179913355233,144.25555154703457,0,6.583719808017484,0
Pseudomonas,R2,M2g,-3,0,FALSE,0.021332729351703952,0.001039116583032925,154.47236996398973,0.021332729351703952,0.001039116583032925,144.8961178591251,0,6.609046706258289,0
Pseudomonas,R2,M0,-3,3,FALSE,0.02125353060972634,0.00104179913355233,153.75293286840156,0.02125353060972634,0.00104179913355233,144.25555154703457,0,6.583719808017484,0
Pseudomonas,R2,M2g,-3,3,FALSE,0.021332729351703952,0.001039116583032925,154.47236996398973,0.021332729351703952,0.001039116583032925,144.8961178591251,0,6.609046706258289,0
Pseudomonas,R2,M0,-3,6,FALSE,0.02125353060972634,0.00104179913355233,153.75293286840156,0.02125353060972634,0.00104179913355233,144.25555154703457,0,6.583719808017484,0
Pseudomonas,R2,M2g,-3,6,FALSE,0.021332729351703952,0.001039116583032925,154.47236996398973,0.021332729351703952,0.001039116583032925,144.8961178591251,0,6.609046706258289,0
Pseudomonas,R2,M0,0,-6,FALSE,0.021224475177124565,0.001043821112125622,143.94448064809043,0.02125353060972634,0.00104179913355233,144.25555154703457,0.19408526156069694,-0.21563877133887147,-0.13670873388197038
Pseudomonas,R2,M2g,0,-6,FALSE,0.02176352438457767,0.0010273889325117477,148.7669006341323,0.021332729351703952,0.001039116583032925,144.8961178591251,-1.128617396033386,2.6714192431094386,2.0194088893707782
Pseudomonas,R2,M0,0,-3,FALSE,0.02119347486963986,0.0010458526672086359,143.59546520535176,0.02125353060972634,0.00104179913355233,144.25555154703457,0.389089751158095,-0.45758124010055307,-0.28256829977695325
Pseudomonas,R2,M2g,0,-3,FALSE,0.02179461820909503,0.001026549999199933,148.7331009121349,0.021332729351703952,0.001039116583032925,144.8961178591251,-1.2093526403277362,2.6480923779754306,2.165165318399286
Pseudomonas,R2,M0,0,0,TRUE,0.02125353060972634,0.00104179913355233,144.25555154703457,0.02125353060972634,0.00104179913355233,144.25555154703457,0,0,0
Pseudomonas,R2,M2g,0,0,TRUE,0.021332729351703952,0.001039116583032925,144.8961178591251,0.021332729351703952,0.001039116583032925,144.8961178591251,0,0,0
Pseudomonas,R2,M0,0,3,FALSE,0.02125353060972634,0.00104179913355233,144.25555154703457,0.02125353060972634,0.00104179913355233,144.25555154703457,0,0,0
Pseudomonas,R2,M2g,0,3,FALSE,0.021332729351703952,0.001039116583032925,144.8961178591251,0.021332729351703952,0.001039116583032925,144.8961178591251,0,0,0
Pseudomonas,R2,M0,0,6,FALSE,0.02125353060972634,0.00104179913355233,144.25555154703457,0.02125353060972634,0.00104179913355233,144.25555154703457,0,0,0
Pseudomonas,R2,M2g,0,6,FALSE,0.021332729351703952,0.001039116583032925,144.8961178591251,0.021332729351703952,0.001039116583032925,144.8961178591251,0,0,0
Pseudomonas,R2,M0,3,-6,FALSE,0.021234501070326227,0.0011115691349819123,144.03014942185922,0.02125353060972634,0.00104179913355233,144.25555154703457,6.69706848302709,-0.15625195894236177,-0.08953589758589608
Pseudomonas,R2,M2g,3,-6,FALSE,0.021900126221943345,0.0010910996984191139,149.9705024128687,0.021332729351703952,0.001039116583032925,144.8961178591251,5.002625906947132,3.5020845476875864,2.6597481310757423
Pseudomonas,R2,M0,3,-3,FALSE,0.021200914444718943,0.0011138353219072468,143.65625662932194,0.02125353060972634,0.00104179913355233,144.25555154703457,6.914594765431189,-0.4154397604013361,-0.24756435047697944
Pseudomonas,R2,M2g,3,-3,FALSE,0.021914492779374448,0.0010906823379270537,149.73606004226596,0.021332729351703952,0.001039116583032925,144.8961178591251,4.9624609727256,3.340284235804361,2.7270932756854522
Pseudomonas,R2,M0,3,0,FALSE,0.02126265609904082,0.0011095401499262225,144.32704715669624,0.02125353060972634,0.00104179913355233,144.25555154703457,6.50231068468151,0.04956177346031379,0.042936345410319154
Pseudomonas,R2,M2g,3,0,FALSE,0.021406392149498604,0.0011046130571676863,145.48471076447603,0.021332729351703952,0.001039116583032925,144.8961178591251,6.303091992199114,0.40621716720056905,0.34530414078856764
Pseudomonas,R2,M0,3,3,FALSE,0.02126265609904082,0.0011095401499262225,144.32704715669624,0.02125353060972634,0.00104179913355233,144.25555154703457,6.50231068468151,0.04956177346031379,0.042936345410319154
Pseudomonas,R2,M2g,3,3,FALSE,0.021406392149498604,0.0011046130571676863,145.48471076447603,0.021332729351703952,0.001039116583032925,144.8961178591251,6.303091992199114,0.40621716720056905,0.34530414078856764
Pseudomonas,R2,M0,3,6,FALSE,0.02126265609904082,0.0011095401499262225,144.32704715669624,0.02125353060972634,0.00104179913355233,144.25555154703457,6.50231068468151,0.04956177346031379,0.042936345410319154
Pseudomonas,R2,M2g,3,6,FALSE,0.021406392149498604,0.0011046130571676863,145.48471076447603,0.021332729351703952,0.001039116583032925,144.8961178591251,6.303091992199114,0.40621716720056905,0.34530414078856764
Pseudomonas,R2,M0,6,-6,FALSE,0.02120955288519092,0.0011869427938497059,143.81944524333286,0.02125353060972634,0.00104179913355233,144.25555154703457,13.932019678540588,-0.3023150922268066,-0.20691961887636998
Pseudomonas,R2,M2g,6,-6,FALSE,0.021789664245222395,0.0011689218191796912,148.94734205108745,0.021332729351703952,0.001039116583032925,144.8961178591251,12.49188380459647,2.7959508176065424,2.1419429552831444
Pseudomonas,R2,M0,6,-3,FALSE,0.02117740186845689,0.00118918153028483,143.46651583114487,0.02125353060972634,0.00104179913355233,144.25555154703457,14.146911048961533,-0.5469707802769939,-0.3581933875711348
Pseudomonas,R2,M2g,6,-3,FALSE,0.021820756426808453,0.0011680618596546283,148.899609018567,0.021332729351703952,0.001039116583032925,144.8961178591251,12.409125090213056,2.763007883575099,2.287691682853136
Pseudomonas,R2,M0,6,0,FALSE,0.021244672652505514,0.0011843525691668157,144.18774456937913,0.02125353060972634,0.00104179913355233,144.25555154703457,13.683389726809105,-0.04700476129220452,-0.041677579991207386
Pseudomonas,R2,M2g,6,0,FALSE,0.02129346239550543,0.001182658044796572,144.5772289452032,0.021332729351703952,0.001039116583032925,144.8961178591251,13.813797614959123,-0.22008106126897684,-0.18406906847757057
Pseudomonas,R2,M0,6,3,FALSE,0.021244672652505514,0.0011843525691668157,144.18774456937913,0.02125353060972634,0.00104179913355233,144.25555154703457,13.683389726809105,-0.04700476129220452,-0.041677579991207386
Pseudomonas,R2,M2g,6,3,FALSE,0.02129346239550543,0.001182658044796572,144.5772289452032,0.021332729351703952,0.001039116583032925,144.8961178591251,13.813797614959123,-0.22008106126897684,-0.18406906847757057
Pseudomonas,R2,M0,6,6,FALSE,0.021244672652505514,0.0011843525691668157,144.18774456937913,0.02125353060972634,0.00104179913355233,144.25555154703457,13.683389726809105,-0.04700476129220452,-0.041677579991207386
Pseudomonas,R2,M2g,6,6,FALSE,0.02129346239550543,0.001182658044796572,144.5772289452032,0.021332729351703952,0.001039116583032925,144.8961178591251,13.813797614959123,-0.22008106126897684,-0.18406906847757057
Pseudomonas,R3,M0,-6,-6,FALSE,0.025206685398216508,0.001063817837452745,182.4248426154167,0.02530935956809623,0.00105711326126181,157.8287391333924,0.6342344228027322,15.584046110408567,-0.4056766810059788
Pseudomonas,R3,M2g,-6,-6,FALSE,0.02590692843618465,0.0010412111777305488,189.3465232344198,0.02531709124006221,0.0010568338314246011,157.87977994685085,-1.4782507173330295,19.930825402823608,2.329798437464537
Pseudomonas,R3,M0,-6,-3,FALSE,0.02525917234755335,0.0010604303409342132,183.0892578647995,0.02530935956809623,0.00105711326126181,157.8287391333924,0.31378659165089773,16.005018395323823,-0.1982951026787057
Pseudomonas,R3,M2g,-6,-3,FALSE,0.025452140289498597,0.0010538310062107334,184.88435651327643,0.02531709124006221,0.0010568338314246011,157.87977994685085,-0.28413409228392544,17.104518751873414,0.5334303540474793
Pseudomonas,R3,M0,-6,0,FALSE,0.02530935956809623,0.00105711326126181,183.71151482429556,0.02530935956809623,0.00105711326126181,157.8287391333924,0,16.399279264993545,0
Pseudomonas,R3,M2g,-6,0,FALSE,0.02531709124006221,0.0010568338314246011,183.77945130013455,0.02531709124006221,0.0010568338314246011,157.87977994685085,0,16.404679156509246,0
Pseudomonas,R3,M0,-6,3,FALSE,0.02530935956809623,0.00105711326126181,183.71151482429556,0.02530935956809623,0.00105711326126181,157.8287391333924,0,16.399279264993545,0
Pseudomonas,R3,M2g,-6,3,FALSE,0.02531709124006221,0.0010568338314246011,183.77945130013455,0.02531709124006221,0.0010568338314246011,157.87977994685085,0,16.404679156509246,0
Pseudomonas,R3,M0,-6,6,FALSE,0.02530935956809623,0.00105711326126181,183.71151482429556,0.02530935956809623,0.00105711326126181,157.8287391333924,0,16.399279264993545,0
Pseudomonas,R3,M2g,-6,6,FALSE,0.02531709124006221,0.0010568338314246011,183.77945130013455,0.02531709124006221,0.0010568338314246011,157.87977994685085,0,16.404679156509246,0
Pseudomonas,R3,M0,-3,-6,FALSE,0.025206685398216508,0.001063817837452745,169.1385515532756,0.02530935956809623,0.00105711326126181,157.8287391333924,0.6342344228027322,7.165876431620268,-0.4056766810059788
Pseudomonas,R3,M2g,-3,-6,FALSE,0.02590692843618465,0.0010412111777305488,175.18770643468017,0.02531709124006221,0.0010568338314246011,157.87977994685085,-1.4782507173330295,10.962725241735146,2.329798437464537
Pseudomonas,R3,M0,-3,-3,FALSE,0.02525917234755335,0.0010604303409342132,169.7278487894281,0.02530935956809623,0.00105711326126181,157.8287391333924,0.31378659165089773,7.539254080956012,-0.1982951026787057
Pseudomonas,R3,M2g,-3,-3,FALSE,0.025452140289498597,0.0010538310062107334,171.29275476193612,0.02531709124006221,0.0010568338314246011,157.87977994685085,-0.28413409228392544,8.495688820696776,0.5334303540474793
Pseudomonas,R3,M0,-3,0,FALSE,0.02530935956809623,0.00105711326126181,170.2790555206485,0.02530935956809623,0.00105711326126181,157.8287391333924,0,7.888497656141996,0
Pseudomonas,R3,M2g,-3,0,FALSE,0.02531709124006221,0.0010568338314246011,170.33807363598493,0.02531709124006221,0.0010568338314246011,157.87977994685085,0,7.891000160582995,0
Pseudomonas,R3,M0,-3,3,FALSE,0.02530935956809623,0.00105711326126181,170.2790555206485,0.02530935956809623,0.00105711326126181,157.8287391333924,0,7.888497656141996,0
Pseudomonas,R3,M2g,-3,3,FALSE,0.02531709124006221,0.0010568338314246011,170.33807363598493,0.02531709124006221,0.0010568338314246011,157.87977994685085,0,7.891000160582995,0
Pseudomonas,R3,M0,-3,6,FALSE,0.02530935956809623,0.00105711326126181,170.2790555206485,0.02530935956809623,0.00105711326126181,157.8287391333924,0,7.888497656141996,0
Pseudomonas,R3,M2g,-3,6,FALSE,0.02531709124006221,0.0010568338314246011,170.33807363598493,0.02531709124006221,0.0010568338314246011,157.87977994685085,0,7.891000160582995,0
Pseudomonas,R3,M0,0,-6,FALSE,0.025206685398216508,0.001063817837452745,156.8199221739244,0.02530935956809623,0.00105711326126181,157.8287391333924,0.6342344228027322,-0.6391845775409566,-0.4056766810059788
Pseudomonas,R3,M2g,0,-6,FALSE,0.02590692843618465,0.0010412111777305488,162.0876473546183,0.02531709124006221,0.0010568338314246011,157.87977994685085,-1.4782507173330295,2.6652351613259166,2.329798437464537
Pseudomonas,R3,M0,0,-3,FALSE,0.02525917234755335,0.0010604303409342132,157.341522876015,0.02530935956809623,0.00105711326126181,157.8287391333924,0.31378659165089773,-0.30869932817850243,-0.1982951026787057
Pseudomonas,R3,M2g,0,-3,FALSE,0.025452140289498597,0.0010538310062107334,158.70032698967597,0.02531709124006221,0.0010568338314246011,157.87977994685085,-0.28413409228392544,0.5197290261624115,0.5334303540474793
Pseudomonas,R3,M0,0,0,TRUE,0.02530935956809623,0.00105711326126181,157.8287391333924,0.02530935956809623,0.00105711326126181,157.8287391333924,0,0,0
Pseudomonas,R3,M2g,0,0,TRUE,0.02531709124006221,0.0010568338314246011,157.87977994685085,0.02531709124006221,0.0010568338314246011,157.87977994685085,0,0,0
Pseudomonas,R3,M0,0,3,FALSE,0.02530935956809623,0.00105711326126181,157.8287391333924,0.02530935956809623,0.00105711326126181,157.8287391333924,0,0,0
Pseudomonas,R3,M2g,0,3,FALSE,0.02531709124006221,0.0010568338314246011,157.87977994685085,0.02531709124006221,0.0010568338314246011,157.87977994685085,0,0,0
Pseudomonas,R3,M0,0,6,FALSE,0.02530935956809623,0.00105711326126181,157.8287391333924,0.02530935956809623,0.00105711326126181,157.8287391333924,0,0,0
Pseudomonas,R3,M2g,0,6,FALSE,0.02531709124006221,0.0010568338314246011,157.87977994685085,0.02531709124006221,0.0010568338314246011,157.87977994685085,0,0,0
Pseudomonas,R3,M0,3,-6,FALSE,0.025210727080231882,0.0011470324692774477,156.84863593738626,0.02530935956809623,0.00105711326126181,157.8287391333924,8.506109166420512,-0.6209915896101603,-0.38970756094784326
Pseudomonas,R3,M2g,3,-6,FALSE,0.02600991417862691,0.0011207542667252728,162.83454075269833,0.02531709124006221,0.0010568338314246011,157.87977994685085,6.0482957112101134,3.1383124599714236,2.736581908226351
Pseudomonas,R3,M0,3,-3,FALSE,0.02526503536483899,0.001143387169951697,157.38123066084214,0.02530935956809623,0.00105711326126181,157.8287391333924,8.161273900481318,-0.28354054844981846,-0.17512969120369304
Pseudomonas,R3,M2g,3,-3,FALSE,0.025508468731096183,0.0011348922346816207,159.0865043287494,0.02531709124006221,0.0010568338314246011,157.87977994685085,7.386062116482176,0.7643311780044303,0.755922112928733
Pseudomonas,R3,M0,3,0,FALSE,0.025316552122495836,0.0011398438708110751,157.8748127663761,0.02530935956809623,0.00105711326126181,157.8287391333924,7.826087570835568,0.02919216945955959,0.02841855551600875
Pseudomonas,R3,M2g,3,0,FALSE,0.025323176364155778,0.0011395997553523983,157.91826537401698,0.02531709124006221,0.0010568338314246011,157.87977994685085,7.831498336519902,0.024376412976438555,0.024035636779390246
Pseudomonas,R3,M0,3,3,FALSE,0.025316552122495836,0.0011398438708110751,157.8748127663761,0.02530935956809623,0.00105711326126181,157.8287391333924,7.826087570835568,0.02919216945955959,0.02841855551600875
Pseudomonas,R3,M2g,3,3,FALSE,0.025323176364155778,0.0011395997553523983,157.91826537401698,0.02531709124006221,0.0010568338314246011,157.87977994685085,7.831498336519902,0.024376412976438555,0.024035636779390246
Pseudomonas,R3,M0,3,6,FALSE,0.025316552122495836,0.0011398438708110751,157.8748127663761,0.02530935956809623,0.00105711326126181,157.8287391333924,7.826087570835568,0.02919216945955959,0.02841855551600875
Pseudomonas,R3,M2g,3,6,FALSE,0.025323176364155778,0.0011395997553523983,157.91826537401698,0.02531709124006221,0.0010568338314246011,157.87977994685085,7.831498336519902,0.024376412976438555,0.024035636779390246
Pseudomonas,R3,M0,6,-6,FALSE,0.02523703153245131,0.00123479815262839,157.03726644214942,0.02530935956809623,0.00105711326126181,157.8287391333924,16.80850083693857,-0.5014756473306439,-0.2857758429260861
Pseudomonas,R3,M2g,6,-6,FALSE,0.02629210070345315,0.001199606641579686,164.92852981024382,0.02531709124006221,0.0010568338314246011,157.87977994685085,13.509485210426,4.464631167946829,3.8511907001704326
Pseudomonas,R3,M0,6,-3,FALSE,0.025290338175217968,0.0012310836982132366,157.55305292054882,0.02530935956809623,0.00105711326126181,157.8287391333924,16.45712369020599,-0.17467427944828534,-0.0751555677538346
Pseudomonas,R3,M2g,6,-3,FALSE,0.02571121400444616,0.001216153354422301,160.49195143648814,0.02531709124006221,0.0010568338314246011,157.87977994685085,15.07517248789611,1.654532005629005,1.55674583879637
Pseudomonas,R3,M0,6,0,FALSE,0.025340726884856658,0.0012274852123247168,158.02959436144113,0.02530935956809623,0.00105711326126181,157.8287391333924,16.116716846361793,0.12726150455968652,0.12393563999923551
Pseudomonas,R3,M2g,6,0,FALSE,0.025364708384284285,0.0012265826677664619,158.1860288208646,0.02531709124006221,0.0010568338314246011,157.87977994685085,16.06201763176346,0.193975994973427,0.18808299804491302
Pseudomonas,R3,M0,6,3,FALSE,0.025340726884856658,0.0012274852123247168,158.02959436144113,0.02530935956809623,0.00105711326126181,157.8287391333924,16.116716846361793,0.12726150455968652,0.12393563999923551
Pseudomonas,R3,M2g,6,3,FALSE,0.025364708384284285,0.0012265826677664619,158.1860288208646,0.02531709124006221,0.0010568338314246011,157.87977994685085,16.06201763176346,0.193975994973427,0.18808299804491302
Pseudomonas,R3,M0,6,6,FALSE,0.025340726884856658,0.0012274852123247168,158.02959436144113,0.02530935956809623,0.00105711326126181,157.8287391333924,16.116716846361793,0.12726150455968652,0.12393563999923551
Pseudomonas,R3,M2g,6,6,FALSE,0.025364708384284285,0.0012265826677664619,158.1860288208646,0.02531709124006221,0.0010568338314246011,157.87977994685085,16.06201763176346,0.193975994973427,0.18808299804491302
Pseudomonas,R4,M0,-6,-6,FALSE,0.018973045959009296,0.001612093796571582,173.1291011693638,0.01897503526471538,0.00161190660070288,154.5231343842667,0.011613319817679844,12.040893979556442,-0.010483805054012198
Pseudomonas,R4,M2g,-6,-6,FALSE,0.018975861648048473,0.0016119731556014185,173.15761906243154,0.01897834850105244,0.0016117486468564077,154.5473686958496,0.013929513478959028,12.041777562196513,-0.013103632298833035
Pseudomonas,R4,M0,-6,-3,FALSE,0.018976337215294268,0.0016117475493511646,173.16999852427125,0.01897503526471538,0.00161190660070288,154.5231343842667,-0.009867280873846496,12.067360796367026,0.006861386873465338
Pseudomonas,R4,M2g,-6,-3,FALSE,0.018982271778161443,0.0016114780642269542,173.22746022080872,0.01897834850105244,0.0016117486468564077,154.5473686958496,-0.01678814063106213,12.086968340251516,0.02067238415810666
Pseudomonas,R4,M0,-6,0,FALSE,0.01897503526471538,0.00161190660070288,173.15619247126645,0.01897503526471538,0.00161190660070288,154.5231343842667,0,12.058426177573658,0
Pseudomonas,R4,M2g,-6,0,FALSE,0.01897834850105244,0.0016117486468564077,173.18679187783218,0.01897834850105244,0.0016117486468564077,154.5473686958496,0,12.060653856012978,0
Pseudomonas,R4,M0,-6,3,FALSE,0.01897503526471538,0.00161190660070288,173.15619247126645,0.01897503526471538,0.00161190660070288,154.5231343842667,0,12.058426177573658,0
Pseudomonas,R4,M2g,-6,3,FALSE,0.01897834850105244,0.0016117486468564077,173.18679187783218,0.01897834850105244,0.0016117486468564077,154.5473686958496,0,12.060653856012978,0
Pseudomonas,R4,M0,-6,6,FALSE,0.01897503526471538,0.00161190660070288,173.15619247126645,0.01897503526471538,0.00161190660070288,154.5231343842667,0,12.058426177573658,0
Pseudomonas,R4,M2g,-6,6,FALSE,0.01897834850105244,0.0016117486468564077,173.18679187783218,0.01897834850105244,0.0016117486468564077,154.5473686958496,0,12.060653856012978,0
Pseudomonas,R4,M0,-3,-6,FALSE,0.018973045959009296,0.001612093796571582,163.54994666055066,0.01897503526471538,0.00161190660070288,154.5231343842667,0.011613319817679844,5.84172221994679,-0.010483805054012198
Pseudomonas,R4,M2g,-3,-6,FALSE,0.018975861648048473,0.0016119731556014185,163.57550493244685,0.01897834850105244,0.0016117486468564077,154.5473686958496,0.013929513478959028,5.841662858954713,-0.013103632298833035
Pseudomonas,R4,M0,-3,-3,FALSE,0.018976337215294268,0.0016117475493511646,163.5869659555284,0.01897503526471538,0.00161190660070288,154.5231343842667,-0.009867280873846496,5.865679341399996,0.006861386873465338
Pseudomonas,R4,M2g,-3,-3,FALSE,0.018982271778161443,0.0016114780642269542,163.6383343946513,0.01897834850105244,0.0016117486468564077,154.5473686958496,-0.01678814063106213,5.8823167133261265,0.02067238415810666
Pseudomonas,R4,M0,-3,0,FALSE,0.01897503526471538,0.00161190660070288,163.5745628106811,0.01897503526471538,0.00161190660070288,154.5231343842667,0,5.8576526178309205,0
Pseudomonas,R4,M2g,-3,0,FALSE,0.01897834850105244,0.0016117486468564077,163.60184283068054,0.01897834850105244,0.0016117486468564077,154.5473686958496,0,5.858704817323816,0
Pseudomonas,R4,M0,-3,3,FALSE,0.01897503526471538,0.00161190660070288,163.5745628106811,0.01897503526471538,0.00161190660070288,154.5231343842667,0,5.8576526178309205,0
Pseudomonas,R4,M2g,-3,3,FALSE,0.01897834850105244,0.0016117486468564077,163.60184283068054,0.01897834850105244,0.0016117486468564077,154.5473686958496,0,5.858704817323816,0
Pseudomonas,R4,M0,-3,6,FALSE,0.01897503526471538,0.00161190660070288,163.5745628106811,0.01897503526471538,0.00161190660070288,154.5231343842667,0,5.8576526178309205,0
Pseudomonas,R4,M2g,-3,6,FALSE,0.01897834850105244,0.0016117486468564077,163.60184283068054,0.01897834850105244,0.0016117486468564077,154.5473686958496,0,5.858704817323816,0
Pseudomonas,R4,M0,0,-6,FALSE,0.018973045959009296,0.001612093796571582,154.50080241854963,0.01897503526471538,0.00161190660070288,154.5231343842667,0.011613319817679844,-0.014452182714305581,-0.010483805054012198
Pseudomonas,R4,M2g,0,-6,FALSE,0.018975861648048473,0.0016119731556014185,154.52364128579183,0.01897834850105244,0.0016117486468564077,154.5473686958496,0.013929513478959028,-0.015352839882035969,-0.013103632298833035
Pseudomonas,R4,M0,0,-3,FALSE,0.018976337215294268,0.0016117475493511646,154.53424760978146,0.01897503526471538,0.00161190660070288,154.5231343842667,-0.009867280873846496,0.007191949321395378,0.006861386873465338
Pseudomonas,R4,M2g,0,-3,FALSE,0.018982271778161443,0.0016114780642269542,154.58002125831032,0.01897834850105244,0.0016117486468564077,154.5473686958496,-0.01678814063106213,0.021127866968079,0.02067238415810666
Pseudomonas,R4,M0,0,0,TRUE,0.01897503526471538,0.00161190660070288,154.5231343842667,0.01897503526471538,0.00161190660070288,154.5231343842667,0,0,0
Pseudomonas,R4,M2g,0,0,TRUE,0.01897834850105244,0.0016117486468564077,154.5473686958496,0.01897834850105244,0.0016117486468564077,154.5473686958496,0,0,0
Pseudomonas,R4,M0,0,3,FALSE,0.01897503526471538,0.00161190660070288,154.5231343842667,0.01897503526471538,0.00161190660070288,154.5231343842667,0,0,0
Pseudomonas,R4,M2g,0,3,FALSE,0.01897834850105244,0.0016117486468564077,154.5473686958496,0.01897834850105244,0.0016117486468564077,154.5473686958496,0,0,0
Pseudomonas,R4,M0,0,6,FALSE,0.01897503526471538,0.00161190660070288,154.5231343842667,0.01897503526471538,0.00161190660070288,154.5231343842667,0,0,0
Pseudomonas,R4,M2g,0,6,FALSE,0.01897834850105244,0.0016117486468564077,154.5473686958496,0.01897834850105244,0.0016117486468564077,154.5473686958496,0,0,0
Pseudomonas,R4,M0,3,-6,FALSE,0.018991581457673788,0.001704039789683606,154.64330424768357,0.01897503526471538,0.00161190660070288,154.5231343842667,5.715789546401186,0.07776820208553684,0.08719980083081592
Pseudomonas,R4,M2g,3,-6,FALSE,0.018994697436738785,0.0017039061365187328,154.66838543624107,0.01897834850105244,0.0016117486468564077,154.5473686958496,5.717857424113319,0.07830397981710709,0.08614519690918898
Pseudomonas,R4,M0,3,-3,FALSE,0.01899292835991829,0.001703880525158188,154.65551793417998,0.01897503526471538,0.00161190660070288,154.5231343842667,5.705909040585997,0.08567231724931303,0.0942980866875238
Pseudomonas,R4,M2g,3,-3,FALSE,0.018994484304180416,0.0017038117884211339,154.66740063902233,0.01897834850105244,0.0016117486468564077,154.5473686958496,5.712003651703897,0.0776667659796638,0.08502216685018453
Pseudomonas,R4,M0,3,0,FALSE,0.018989671935134806,0.0017042494943598034,154.6245285215894,0.01897503526471538,0.00161190660070288,154.5231343842667,5.728799275135225,0.06561744798067184,0.07713645964413063
Pseudomonas,R4,M2g,3,0,FALSE,0.0189948289961437,0.0017040025325595807,154.66193854649632,0.01897834850105244,0.0016117486468564077,154.5473686958496,5.723838259961135,0.07413251458987395,0.08683840477660638
Pseudomonas,R4,M0,3,3,FALSE,0.018989671935134806,0.0017042494943598034,154.6245285215894,0.01897503526471538,0.00161190660070288,154.5231343842667,5.728799275135225,0.06561744798067184,0.07713645964413063
Pseudomonas,R4,M2g,3,3,FALSE,0.0189948289961437,0.0017040025325595807,154.66193854649632,0.01897834850105244,0.0016117486468564077,154.5473686958496,5.723838259961135,0.07413251458987395,0.08683840477660638
Pseudomonas,R4,M0,3,6,FALSE,0.018989671935134806,0.0017042494943598034,154.6245285215894,0.01897503526471538,0.00161190660070288,154.5231343842667,5.728799275135225,0.06561744798067184,0.07713645964413063
Pseudomonas,R4,M2g,3,6,FALSE,0.0189948289961437,0.0017040025325595807,154.66193854649632,0.01897834850105244,0.0016117486468564077,154.5473686958496,5.723838259961135,0.07413251458987395,0.08683840477660638
Pseudomonas,R4,M0,6,-6,FALSE,0.0190072415793317,0.0018018043185342439,154.7624291266364,0.01897503526471538,0.00161190660070288,154.5231343842667,11.780938036270712,0.15486014008401075,0.16972993286714766
Pseudomonas,R4,M2g,6,-6,FALSE,0.01900866684058422,0.0018017438425452965,154.77379556729383,0.01897834850105244,0.0016117486468564077,154.5473686958496,11.788140542848284,0.14650969043015036,0.159752254154769
Pseudomonas,R4,M0,6,-3,FALSE,0.019006855905169675,0.0018018186948718423,154.75620129978492,0.01897503526471538,0.00161190660070288,154.5231343842667,11.781829920303707,0.150829787686431,0.1676973982412934
Pseudomonas,R4,M2g,6,-3,FALSE,0.019010736272840396,0.0018016390396889453,154.78568354559,0.01897834850105244,0.0016117486468564077,154.5473686958496,11.781638111060571,0.15420181640840247,0.17065642875173626
Pseudomonas,R4,M0,6,0,FALSE,0.01900182134970717,0.001802388554982367,154.7077313452406,0.01897503526471538,0.00161190660070288,154.5231343842667,11.817183092148538,0.11946234569306466,0.14116487594413982
Pseudomonas,R4,M2g,6,0,FALSE,0.019012151448596134,0.001801890450148119,154.78204604033306,0.01897834850105244,0.0016117486468564077,154.5473686958496,11.797236725625202,0.15184816568783194,0.1781132196082168
Pseudomonas,R4,M0,6,3,FALSE,0.01900182134970717,0.001802388554982367,154.7077313452406,0.01897503526471538,0.00161190660070288,154.5231343842667,11.817183092148538,0.11946234569306466,0.14116487594413982
Pseudomonas,R4,M2g,6,3,FALSE,0.019012151448596134,0.001801890450148119,154.78204604033306,0.01897834850105244,0.0016117486468564077,154.5473686958496,11.797236725625202,0.15184816568783194,0.1781132196082168
Pseudomonas,R4,M0,6,6,FALSE,0.01900182134970717,0.001802388554982367,154.7077313452406,0.01897503526471538,0.00161190660070288,154.5231343842667,11.817183092148538,0.11946234569306466,0.14116487594413982
Pseudomonas,R4,M2g,6,6,FALSE,0.019012151448596134,0.001801890450148119,154.78204604033306,0.01897834850105244,0.0016117486468564077,154.5473686958496,11.797236725625202,0.15184816568783194,0.1781132196082168
Pseudomonas,R5,M0,-6,-6,FALSE,0.02282477900948316,0.001745221654259434,170.1163759761771,0.02272200698265882,0.00175463182406578,147.4214142606512,-0.5363045213975972,15.394616738243766,0.45230171306072037
Pseudomonas,R5,M2g,-6,-6,FALSE,0.022862951112545115,0.0017437703118044917,170.47125474842318,0.02337571864579805,0.0017265438310046601,151.65538603315338,0.997743613019521,12.40699008946274,-2.1935904560739963
Pseudomonas,R5,M0,-6,-3,FALSE,0.022802971583350862,0.0017471708520578996,169.86487756737355,0.02272200698265882,0.00175463182406578,147.4214142606512,-0.4252158148250171,15.2240184502916,0.35632680138614226
Pseudomonas,R5,M2g,-6,-3,FALSE,0.022983981343292492,0.0017398427549442379,171.47106152019157,0.02337571864579805,0.0017265438310046601,151.65538603315338,0.7702627469259921,13.066252380054797,-1.6758299859840928
Pseudomonas,R5,M0,-6,0,FALSE,0.02272200698265882,0.00175463182406578,168.9541355853645,0.02272200698265882,0.00175463182406578,147.4214142606512,0,14.606237114671794,0
Pseudomonas,R5,M2g,-6,0,FALSE,0.02337571864579805,0.0017265438310046601,174.48958614125962,0.02337571864579805,0.0017265438310046601,151.65538603315338,0,15.056636434339667,0
Pseudomonas,R5,M0,-6,3,FALSE,0.02272200698265882,0.00175463182406578,168.9541355853645,0.02272200698265882,0.00175463182406578,147.4214142606512,0,14.606237114671794,0
Pseudomonas,R5,M2g,-6,3,FALSE,0.02337571864579805,0.0017265438310046601,174.48958614125962,0.02337571864579805,0.0017265438310046601,151.65538603315338,0,15.056636434339667,0
Pseudomonas,R5,M0,-6,6,FALSE,0.02272200698265882,0.00175463182406578,168.9541355853645,0.02272200698265882,0.00175463182406578,147.4214142606512,0,14.606237114671794,0
Pseudomonas,R5,M2g,-6,6,FALSE,0.02337571864579805,0.0017265438310046601,174.48958614125962,0.02337571864579805,0.0017265438310046601,151.65538603315338,0,15.056636434339667,0
Pseudomonas,R5,M0,-3,-6,FALSE,0.02282477900948316,0.001745221654259434,158.85763604975023,0.02272200698265882,0.00175463182406578,147.4214142606512,-0.5363045213975972,7.757503783594828,0.45230171306072037
Pseudomonas,R5,M2g,-3,-6,FALSE,0.022862951112545115,0.0017437703118044917,159.17079933460553,0.02337571864579805,0.0017265438310046601,151.65538603315338,0.997743613019521,4.9555861470091225,-2.1935904560739963
Pseudomonas,R5,M0,-3,-3,FALSE,0.022802971583350862,0.0017471708520578996,158.6331602567191,0.02272200698265882,0.00175463182406578,147.4214142606512,-0.4252158148250171,7.60523567915632,0.35632680138614226
Pseudomonas,R5,M2g,-3,-3,FALSE,0.022983981343292492,0.0017398427549442379,160.04620756909418,0.02337571864579805,0.0017265438310046601,151.65538603315338,0.7702627469259921,5.532821323013536,-1.6758299859840928
Pseudomonas,R5,M0,-3,0,FALSE,0.02272200698265882,0.00175463182406578,157.82096696313914,0.02272200698265882,0.00175463182406578,147.4214142606512,0,7.054302629400104,0
Pseudomonas,R5,M2g,-3,0,FALSE,0.02337571864579805,0.0017265438310046601,162.6723256888457,0.02337571864579805,0.0017265438310046601,151.65538603315338,0,7.2644565708229445,0
Pseudomonas,R5,M0,-3,3,FALSE,0.02272200698265882,0.00175463182406578,157.82096696313914,0.02272200698265882,0.00175463182406578,147.4214142606512,0,7.054302629400104,0
Pseudomonas,R5,M2g,-3,3,FALSE,0.02337571864579805,0.0017265438310046601,162.6723256888457,0.02337571864579805,0.0017265438310046601,151.65538603315338,0,7.2644565708229445,0
Pseudomonas,R5,M0,-3,6,FALSE,0.02272200698265882,0.00175463182406578,157.82096696313914,0.02272200698265882,0.00175463182406578,147.4214142606512,0,7.054302629400104,0
Pseudomonas,R5,M2g,-3,6,FALSE,0.02337571864579805,0.0017265438310046601,162.6723256888457,0.02337571864579805,0.0017265438310046601,151.65538603315338,0,7.2644565708229445,0
Pseudomonas,R5,M0,0,-6,FALSE,0.02282477900948316,0.001745221654259434,148.3440285304979,0.02272200698265882,0.00175463182406578,147.4214142606512,-0.5363045213975972,0.6258346349977654,0.45230171306072037
Pseudomonas,R5,M2g,0,-6,FALSE,0.022862951112545115,0.0017437703118044917,148.61944553764494,0.02337571864579805,0.0017265438310046601,151.65538603315338,0.997743613019521,-2.0018679025648023,-2.1935904560739963
Pseudomonas,R5,M0,0,-3,FALSE,0.022802971583350862,0.0017471708520578996,148.14410073119993,0.02272200698265882,0.00175463182406578,147.4214142606512,-0.4252158148250171,0.4902181098812169,0.35632680138614226
Pseudomonas,R5,M2g,0,-3,FALSE,0.022983981343292492,0.0017398427549442379,149.38257412160078,0.02337571864579805,0.0017265438310046601,151.65538603315338,0.7702627469259921,-1.4986687720116547,-1.6758299859840928
Pseudomonas,R5,M0,0,0,TRUE,0.02272200698265882,0.00175463182406578,147.4214142606512,0.02272200698265882,0.00175463182406578,147.4214142606512,0,0,0
Pseudomonas,R5,M2g,0,0,TRUE,0.02337571864579805,0.0017265438310046601,151.65538603315338,0.02337571864579805,0.0017265438310046601,151.65538603315338,0,0,0
Pseudomonas,R5,M0,0,3,FALSE,0.02272200698265882,0.00175463182406578,147.4214142606512,0.02272200698265882,0.00175463182406578,147.4214142606512,0,0,0
Pseudomonas,R5,M2g,0,3,FALSE,0.02337571864579805,0.0017265438310046601,151.65538603315338,0.02337571864579805,0.0017265438310046601,151.65538603315338,0,0,0
Pseudomonas,R5,M0,0,6,FALSE,0.02272200698265882,0.00175463182406578,147.4214142606512,0.02272200698265882,0.00175463182406578,147.4214142606512,0,0,0
Pseudomonas,R5,M2g,0,6,FALSE,0.02337571864579805,0.0017265438310046601,151.65538603315338,0.02337571864579805,0.0017265438310046601,151.65538603315338,0,0,0
Pseudomonas,R5,M0,3,-6,FALSE,0.022844471934869784,0.001866562375458044,148.47898543985153,0.02272200698265882,0.00175463182406578,147.4214142606512,6.379147457436505,0.717379618493189,0.5389706653308813
Pseudomonas,R5,M2g,3,-6,FALSE,0.02303083510460616,0.0018594662439036789,149.81572222014742,0.02337571864579805,0.0017265438310046601,151.65538603315338,7.6987569334786246,-1.2130553758267357,-1.4753922496149048
Pseudomonas,R5,M0,3,-3,FALSE,0.022818683623825123,0.0018689286757623542,148.24597345271548,0.02272200698265882,0.00175463182406578,147.4214142606512,6.514007675509327,0.5593211788121863,0.4254758007956208
Pseudomonas,R5,M2g,3,-3,FALSE,0.02313679403830631,0.0018559994641808048,150.40825891304047,0.02337571864579805,0.0017265438310046601,151.65538603315338,7.497963900564031,-0.8223427817065941,-1.022105934418779
Pseudomonas,R5,M0,3,0,FALSE,0.022731210472039208,0.0018772227204735784,147.47759240066495,0.02272200698265882,0.00175463182406578,147.4214142606512,6.986701980802698,0.03810717750571513,0.04050473792836026
Pseudomonas,R5,M2g,3,0,FALSE,0.02353647217388288,0.001842411393371868,152.65721755678265,0.02337571864579805,0.0017265438310046601,151.65538603315338,6.710954004555194,0.6605973911208584,0.6876944855499684
Pseudomonas,R5,M0,3,3,FALSE,0.022731210472039208,0.0018772227204735784,147.47759240066495,0.02272200698265882,0.00175463182406578,147.4214142606512,6.986701980802698,0.03810717750571513,0.04050473792836026
Pseudomonas,R5,M2g,3,3,FALSE,0.02353647217388288,0.001842411393371868,152.65721755678265,0.02337571864579805,0.0017265438310046601,151.65538603315338,6.710954004555194,0.6605973911208584,0.6876944855499684
Pseudomonas,R5,M0,3,6,FALSE,0.022731210472039208,0.0018772227204735784,147.47759240066495,0.02272200698265882,0.00175463182406578,147.4214142606512,6.986701980802698,0.03810717750571513,0.04050473792836026
Pseudomonas,R5,M2g,3,6,FALSE,0.02353647217388288,0.001842411393371868,152.65721755678265,0.02337571864579805,0.0017265438310046601,151.65538603315338,6.710954004555194,0.6605973911208584,0.6876944855499684
Pseudomonas,R5,M0,6,-6,FALSE,0.022842653449182286,0.0019991994615708238,148.46715891627338,0.02272200698265882,0.00175463182406578,147.4214142606512,13.938402014066916,0.7093573622711448,0.5309674740243842
Pseudomonas,R5,M2g,6,-6,FALSE,0.023049448412935065,0.00199132156356887,149.93634706318082,0.02337571864579805,0.0017265438310046601,151.65538603315338,15.335708703678723,-1.1335165963685323,-1.3957655711330836
Pseudomonas,R5,M0,6,-3,FALSE,0.02281551491808559,0.002001759903550208,148.22613678895348,0.02272200698265882,0.00175463182406578,147.4214142606512,14.084326757039554,0.5458654241910021,0.4115302644618259
Pseudomonas,R5,M2g,6,-3,FALSE,0.023161423328119345,0.0019876600659324865,150.5550745892863,0.02337571864579805,0.0017265438310046601,151.65538603315338,15.123637769212333,-0.7255340365073032,-0.9167432279872478
Pseudomonas,R5,M0,6,0,FALSE,0.02272347432167192,0.00201074038455445,147.4315813989548,0.02272200698265882,0.00175463182406578,147.4214142606512,14.59614244857493,0.006896649550254754,0.0064577878803585564
Pseudomonas,R5,M2g,6,0,FALSE,0.023590780231652855,0.0019730533439228834,152.95884053936567,0.02337571864579805,0.0017265438310046601,151.65538603315338,14.277628432681125,0.8594844801142388,0.92002127983117
Pseudomonas,R5,M0,6,3,FALSE,0.02272347432167192,0.00201074038455445,147.4315813989548,0.02272200698265882,0.00175463182406578,147.4214142606512,14.59614244857493,0.006896649550254754,0.0064577878803585564
Pseudomonas,R5,M2g,6,3,FALSE,0.023590780231652855,0.0019730533439228834,152.95884053936567,0.02337571864579805,0.0017265438310046601,151.65538603315338,14.277628432681125,0.8594844801142388,0.92002127983117
Pseudomonas,R5,M0,6,6,FALSE,0.02272347432167192,0.00201074038455445,147.4315813989548,0.02272200698265882,0.00175463182406578,147.4214142606512,14.59614244857493,0.006896649550254754,0.0064577878803585564
Pseudomonas,R5,M2g,6,6,FALSE,0.023590780231652855,0.0019730533439228834,152.95884053936567,0.02337571864579805,0.0017265438310046601,151.65538603315338,14.277628432681125,0.8594844801142388,0.92002127983117
Serratia,R1,M0,-6,-6,FALSE,0.020814553760718224,0.0017082606797826992,177.81330335730246,0.02082821024253651,0.00170691110656803,157.07274636880405,0.07906523131029848,13.20442754582004,-0.06556723625920302
Serratia,R1,M2g,-6,-6,FALSE,0.021437227405678144,0.001680924206844112,183.74321547730972,0.021105645617850163,0.0016933061721065886,158.89431157312936,-0.731230150013131,15.638636561727338,1.5710573077543981
Serratia,R1,M0,-6,-3,FALSE,0.020827941367097192,0.001706955577238214,177.97982750551827,0.02082821024253651,0.00170691110656803,157.07274636880405,0.002605330178763109,13.310444758904746,-0.0012909195566421332
Serratia,R1,M2g,-6,-3,FALSE,0.02121449696800404,0.001689001981920434,181.46351071272082,0.021105645617850163,0.0016933061721065886,158.89431157312936,-0.2541885370204487,14.203906304854868,0.5157451808146387
Serratia,R1,M0,-6,0,FALSE,0.02082821024253651,0.00170691110656803,177.9812685974889,0.02082821024253651,0.00170691110656803,157.07274636880405,0,13.311362226768493,0
Serratia,R1,M2g,-6,0,FALSE,0.021105645617850163,0.0016933061721065886,180.3452641568192,0.021105645617850163,0.0016933061721065886,158.89431157312936,0,13.500138784903756,0
Serratia,R1,M0,-6,3,FALSE,0.02082821024253651,0.00170691110656803,177.9812685974889,0.02082821024253651,0.00170691110656803,157.07274636880405,0,13.311362226768493,0
Serratia,R1,M2g,-6,3,FALSE,0.021105645617850163,0.0016933061721065886,180.3452641568192,0.021105645617850163,0.0016933061721065886,158.89431157312936,0,13.500138784903756,0
Serratia,R1,M0,-6,6,FALSE,0.02082821024253651,0.00170691110656803,177.9812685974889,0.02082821024253651,0.00170691110656803,157.07274636880405,0,13.311362226768493,0
Serratia,R1,M2g,-6,6,FALSE,0.021105645617850163,0.0016933061721065886,180.3452641568192,0.021105645617850163,0.0016933061721065886,158.89431157312936,0,13.500138784903756,0
Serratia,R1,M0,-3,-6,FALSE,0.020814553760718224,0.0017082606797826992,167.0495510082788,0.02082821024253651,0.00170691110656803,157.07274636880405,0.07906523131029848,6.351709555042342,-0.06556723625920302
Serratia,R1,M2g,-3,-6,FALSE,0.021437227405678144,0.001680924206844112,172.29834404780428,0.021105645617850163,0.0016933061721065886,158.89431157312936,-0.731230150013131,8.435816450550442,1.5710573077543981
Serratia,R1,M0,-3,-3,FALSE,0.020827941367097192,0.001706955577238214,167.1992794527071,0.02082821024253651,0.00170691110656803,157.07274636880405,0.002605330178763109,6.447033822230446,-0.0012909195566421332
Serratia,R1,M2g,-3,-3,FALSE,0.02121449696800404,0.001689001981920434,170.27437382446936,0.021105645617850163,0.0016933061721065886,158.89431157312936,-0.2541885370204487,7.162032509957072,0.5157451808146387
Serratia,R1,M0,-3,0,FALSE,0.02082821024253651,0.00170691110656803,167.20049838685102,0.02082821024253651,0.00170691110656803,157.07274636880405,0,6.447809853828615,0
Serratia,R1,M2g,-3,0,FALSE,0.021105645617850163,0.0016933061721065886,169.2803491066578,0.021105645617850163,0.0016933061721065886,158.89431157312936,0,6.536443898275359,0
Serratia,R1,M0,-3,3,FALSE,0.02082821024253651,0.00170691110656803,167.20049838685102,0.02082821024253651,0.00170691110656803,157.07274636880405,0,6.447809853828615,0
Serratia,R1,M2g,-3,3,FALSE,0.021105645617850163,0.0016933061721065886,169.2803491066578,0.021105645617850163,0.0016933061721065886,158.89431157312936,0,6.536443898275359,0
Serratia,R1,M0,-3,6,FALSE,0.02082821024253651,0.00170691110656803,167.20049838685102,0.02082821024253651,0.00170691110656803,157.07274636880405,0,6.447809853828615,0
Serratia,R1,M2g,-3,6,FALSE,0.021105645617850163,0.0016933061721065886,169.2803491066578,0.021105645617850163,0.0016933061721065886,158.89431157312936,0,6.536443898275359,0
Serratia,R1,M0,0,-6,FALSE,0.020814553760718224,0.0017082606797826992,156.93737175555088,0.02082821024253651,0.00170691110656803,157.07274636880405,0.07906523131029848,-0.08618593383177077,-0.06556723625920302
Serratia,R1,M2g,0,-6,FALSE,0.021437227405678144,0.001680924206844112,161.5663429231841,0.021105645617850163,0.0016933061721065886,158.89431157312936,-0.731230150013131,1.6816406601346232,1.5710573077543981
Serratia,R1,M0,0,-3,FALSE,0.020827941367097192,0.001706955577238214,157.07172796668578,0.02082821024253651,0.00170691110656803,157.07274636880405,0.002605330178763109,-6.483633487067445e-4,-0.0012909195566421332
Serratia,R1,M2g,0,-3,FALSE,0.02121449696800404,0.001689001981920434,159.7751650865787,0.021105645617850163,0.0016933061721065886,158.89431157312936,-0.2541885370204487,0.5543644103608765,0.5157451808146387
Serratia,R1,M0,0,0,TRUE,0.02082821024253651,0.00170691110656803,157.07274636880405,0.02082821024253651,0.00170691110656803,157.07274636880405,0,0,0
Serratia,R1,M2g,0,0,TRUE,0.021105645617850163,0.0016933061721065886,158.89431157312936,0.021105645617850163,0.0016933061721065886,158.89431157312936,0,0,0
Serratia,R1,M0,0,3,FALSE,0.02082821024253651,0.00170691110656803,157.07274636880405,0.02082821024253651,0.00170691110656803,157.07274636880405,0,0,0
Serratia,R1,M2g,0,3,FALSE,0.021105645617850163,0.0016933061721065886,158.89431157312936,0.021105645617850163,0.0016933061721065886,158.89431157312936,0,0,0
Serratia,R1,M0,0,6,FALSE,0.02082821024253651,0.00170691110656803,157.07274636880405,0.02082821024253651,0.00170691110656803,157.07274636880405,0,0,0
Serratia,R1,M2g,0,6,FALSE,0.021105645617850163,0.0016933061721065886,158.89431157312936,0.021105645617850163,0.0016933061721065886,158.89431157312936,0,0,0
Serratia,R1,M0,3,-6,FALSE,0.020795656470664326,0.0018208657917657479,156.80601693012275,0.02082821024253651,0.00170691110656803,157.07274636880405,6.676076144752424,-0.16981267905956102,-0.15629653961194545
Serratia,R1,M2g,3,-6,FALSE,0.021367488418965113,0.0017955994338838164,161.01349073147586,0.021105645617850163,0.0016933061721065886,158.89431157312936,6.041037554948964,1.3337036029582272,1.2406291939891954
Serratia,R1,M0,3,-3,FALSE,0.020811968371231202,0.0018192271808611616,156.96677129070846,0.02082821024253651,0.00170691110656803,157.07274636880405,6.580077536606927,-0.0674687878995601,-0.07798015823817299
Serratia,R1,M2g,3,-3,FALSE,0.02113919049346679,0.001803905823954269,159.23197331534215,0.021105645617850163,0.0016933061721065886,158.89431157312936,6.531580269980753,0.212507130601326,0.15893792696043882
Serratia,R1,M0,3,0,FALSE,0.02081417750213383,0.001818975534365256,156.98597953652472,0.02082821024253651,0.00170691110656803,157.07274636880405,6.565334736297216,-0.05523990271080929,-0.0673737216941585
Serratia,R1,M2g,3,0,FALSE,0.021032735329038488,0.00180815356377269,158.40650285760202,0.021105645617850163,0.0016933061721065886,158.89431157312936,6.78243507039388,-0.30700200069958306,-0.34545396114303567
Serratia,R1,M0,3,3,FALSE,0.02081417750213383,0.001818975534365256,156.98597953652472,0.02082821024253651,0.00170691110656803,157.07274636880405,6.565334736297216,-0.05523990271080929,-0.0673737216941585
Serratia,R1,M2g,3,3,FALSE,0.021032735329038488,0.00180815356377269,158.40650285760202,0.021105645617850163,0.0016933061721065886,158.89431157312936,6.78243507039388,-0.30700200069958306,-0.34545396114303567
Serratia,R1,M0,3,6,FALSE,0.02081417750213383,0.001818975534365256,156.98597953652472,0.02082821024253651,0.00170691110656803,157.07274636880405,6.565334736297216,-0.05523990271080929,-0.0673737216941585
Serratia,R1,M2g,3,6,FALSE,0.021032735329038488,0.00180815356377269,158.40650285760202,0.021105645617850163,0.0016933061721065886,158.89431157312936,6.78243507039388,-0.30700200069958306,-0.34545396114303567
Serratia,R1,M0,6,-6,FALSE,0.020792977621714982,0.001938451621378641,156.78757128026567,0.02082821024253651,0.00170691110656803,157.07274636880405,13.564884188735155,-0.18155605929802407,-0.1691581773530173
Serratia,R1,M2g,6,-6,FALSE,0.021420742430107984,0.0019106207815713634,161.36653798146463,0.021105645617850163,0.0016933061721065886,158.89431157312936,12.833745783517731,1.5558935898076245,1.4929503601222547
Serratia,R1,M0,6,-3,FALSE,0.020810428762517364,0.001936652185002754,156.9567326485729,0.02082821024253651,0.00170691110656803,157.07274636880405,13.459463562613337,-0.07385986615318953,-0.08537209780431869
Serratia,R1,M2g,6,-3,FALSE,0.021167887872069854,0.001919828343297615,159.40855718156632,0.021105645617850163,0.0016933061721065886,158.89431157312936,13.377508150768588,0.3236400367928147,0.2949080797938226
Serratia,R1,M0,6,0,FALSE,0.020812956533422133,0.001936357565021549,156.97848504154766,0.02082821024253651,0.00170691110656803,157.07274636880405,13.442203145238851,-0.06001125557139392,-0.07323581304756643
Serratia,R1,M2g,6,0,FALSE,0.021049695975778715,0.0019245541302474105,158.5026892849296,0.021105645617850163,0.0016933061721065886,158.89431157312936,13.656594533824537,-0.24646715437608077,-0.26509325080360535
Serratia,R1,M0,6,3,FALSE,0.020812956533422133,0.001936357565021549,156.97848504154766,0.02082821024253651,0.00170691110656803,157.07274636880405,13.442203145238851,-0.06001125557139392,-0.07323581304756643
Serratia,R1,M2g,6,3,FALSE,0.021049695975778715,0.0019245541302474105,158.5026892849296,0.021105645617850163,0.0016933061721065886,158.89431157312936,13.656594533824537,-0.24646715437608077,-0.26509325080360535
Serratia,R1,M0,6,6,FALSE,0.020812956533422133,0.001936357565021549,156.97848504154766,0.02082821024253651,0.00170691110656803,157.07274636880405,13.442203145238851,-0.06001125557139392,-0.07323581304756643
Serratia,R1,M2g,6,6,FALSE,0.021049695975778715,0.0019245541302474105,158.5026892849296,0.021105645617850163,0.0016933061721065886,158.89431157312936,13.656594533824537,-0.24646715437608077,-0.26509325080360535
Serratia,R2,M0,-6,-6,FALSE,0.027401288203768668,7.831638913223986e-4,264.28545538841485,0.02748035206803947,7.793635592569263e-4,225.40046763004116,0.4876199329996518,17.251511572814113,-0.2877105215939184
Serratia,R2,M2g,-6,-6,FALSE,0.027902977151471185,7.70953075435558e-4,272.1505330413697,0.027487431421080764,7.791710103191478e-4,225.4754436821223,-1.0547023406612352,20.700741773481322,1.511766319757799
Serratia,R2,M0,-6,-3,FALSE,0.027421865459431677,7.821983527607653e-4,264.68851451793756,0.02748035206803947,7.793635592569263e-4,225.40046763004116,0.36373185147914455,17.43033069140808,-0.2128306379153504
Serratia,R2,M2g,-6,-3,FALSE,0.027659599142932412,7.76067573523253e-4,268.2197428283029,0.027487431421080764,7.791710103191478e-4,225.4754436821223,-0.39829982825254295,18.957407710633888,0.6263507099452342
Serratia,R2,M0,-6,0,FALSE,0.02748035206803947,7.793635592569263e-4,265.80442358674435,0.02748035206803947,7.793635592569263e-4,225.40046763004116,0,17.925409109185974,0
Serratia,R2,M2g,-6,0,FALSE,0.027487431421080764,7.791710103191478e-4,265.90413373845087,0.027487431421080764,7.791710103191478e-4,225.4754436821223,0,17.930418229191016,0
Serratia,R2,M0,-6,3,FALSE,0.02748035206803947,7.793635592569263e-4,265.80442358674435,0.02748035206803947,7.793635592569263e-4,225.40046763004116,0,17.925409109185974,0
Serratia,R2,M2g,-6,3,FALSE,0.027487431421080764,7.791710103191478e-4,265.90413373845087,0.027487431421080764,7.791710103191478e-4,225.4754436821223,0,17.930418229191016,0
Serratia,R2,M0,-6,6,FALSE,0.02748035206803947,7.793635592569263e-4,265.80442358674435,0.02748035206803947,7.793635592569263e-4,225.40046763004116,0,17.925409109185974,0
Serratia,R2,M2g,-6,6,FALSE,0.027487431421080764,7.791710103191478e-4,265.90413373845087,0.027487431421080764,7.791710103191478e-4,225.4754436821223,0,17.930418229191016,0
Serratia,R2,M0,-3,-6,FALSE,0.027401288203768668,7.831638913223986e-4,243.42914749321082,0.02748035206803947,7.793635592569263e-4,225.40046763004116,0.4876199329996518,7.998510408044429,-0.2877105215939184
Serratia,R2,M2g,-3,-6,FALSE,0.027902977151471185,7.70953075435558e-4,250.29654929210645,0.027487431421080764,7.791710103191478e-4,225.4754436821223,-1.0547023406612352,11.008340954847936,1.511766319757799
Serratia,R2,M0,-3,-3,FALSE,0.027421865459431677,7.821983527607653e-4,243.78534910931674,0.02748035206803947,7.793635592569263e-4,225.40046763004116,0.36373185147914455,8.156540965767393,-0.2128306379153504
Serratia,R2,M2g,-3,-3,FALSE,0.027659599142932412,7.76067573523253e-4,246.86158206389857,0.027487431421080764,7.791710103191478e-4,225.4754436821223,-0.39829982825254295,9.484907993762144,0.6263507099452342
Serratia,R2,M0,-3,0,FALSE,0.02748035206803947,7.793635592569263e-4,244.7701807299772,0.02748035206803947,7.793635592569263e-4,225.40046763004116,0,8.593466244146539,0
Serratia,R2,M2g,-3,0,FALSE,0.027487431421080764,7.791710103191478e-4,244.8568000517601,0.027487431421080764,7.791710103191478e-4,225.4754436821223,0,8.595772583094176,0
Serratia,R2,M0,-3,3,FALSE,0.02748035206803947,7.793635592569263e-4,244.7701807299772,0.02748035206803947,7.793635592569263e-4,225.40046763004116,0,8.593466244146539,0
Serratia,R2,M2g,-3,3,FALSE,0.027487431421080764,7.791710103191478e-4,244.8568000517601,0.027487431421080764,7.791710103191478e-4,225.4754436821223,0,8.595772583094176,0
Serratia,R2,M0,-3,6,FALSE,0.02748035206803947,7.793635592569263e-4,244.7701807299772,0.02748035206803947,7.793635592569263e-4,225.40046763004116,0,8.593466244146539,0
Serratia,R2,M2g,-3,6,FALSE,0.027487431421080764,7.791710103191478e-4,244.8568000517601,0.027487431421080764,7.791710103191478e-4,225.4754436821223,0,8.595772583094176,0
Serratia,R2,M0,0,-6,FALSE,0.027401288203768668,7.831638913223986e-4,224.21873259041638,0.02748035206803947,7.793635592569263e-4,225.40046763004116,0.4876199329996518,-0.5242824258751816,-0.2877105215939184
Serratia,R2,M2g,0,-6,FALSE,0.027902977151471185,7.70953075435558e-4,230.19746420269797,0.027487431421080764,7.791710103191478e-4,225.4754436821223,-1.0547023406612352,2.094250461807645,1.511766319757799
Serratia,R2,M0,0,-3,FALSE,0.027421865459431677,7.821983527607653e-4,224.5329630134892,0.02748035206803947,7.793635592569263e-4,225.40046763004116,0.36373185147914455,-0.38487258951735587,-0.2128306379153504
Serratia,R2,M2g,0,-3,FALSE,0.027659599142932412,7.76067573523253e-4,227.20415751834204,0.027487431421080764,7.791710103191478e-4,225.4754436821223,-0.39829982825254295,0.766697165770705,0.6263507099452342
Serratia,R2,M0,0,0,TRUE,0.02748035206803947,7.793635592569263e-4,225.40046763004116,0.02748035206803947,7.793635592569263e-4,225.40046763004116,0,0,0
Serratia,R2,M2g,0,0,TRUE,0.027487431421080764,7.791710103191478e-4,225.4754436821223,0.027487431421080764,7.791710103191478e-4,225.4754436821223,0,0,0
Serratia,R2,M0,0,3,FALSE,0.02748035206803947,7.793635592569263e-4,225.40046763004116,0.02748035206803947,7.793635592569263e-4,225.40046763004116,0,0,0
Serratia,R2,M2g,0,3,FALSE,0.027487431421080764,7.791710103191478e-4,225.4754436821223,0.027487431421080764,7.791710103191478e-4,225.4754436821223,0,0,0
Serratia,R2,M0,0,6,FALSE,0.02748035206803947,7.793635592569263e-4,225.40046763004116,0.02748035206803947,7.793635592569263e-4,225.40046763004116,0,0,0
Serratia,R2,M2g,0,6,FALSE,0.027487431421080764,7.791710103191478e-4,225.4754436821223,0.027487431421080764,7.791710103191478e-4,225.4754436821223,0,0,0
Serratia,R2,M0,3,-6,FALSE,0.02739737462500104,8.505026763208542e-4,224.17220561378628,0.02748035206803947,7.793635592569263e-4,225.40046763004116,9.127847487731469,-0.5449243425132924,-0.3019518921481931
Serratia,R2,M2g,3,-6,FALSE,0.027927034235455526,8.372921179396102e-4,230.4560137376706,0.027487431421080764,7.791710103191478e-4,225.4754436821223,7.4593519074401975,2.208919061966659,1.5992866253687894
Serratia,R2,M0,3,-3,FALSE,0.02741943849700803,8.494199682518359e-4,224.50520771577106,0.02748035206803947,7.793635592569263e-4,225.40046763004116,8.988925407508658,-0.39718636065100144,-0.22166226575490117
Serratia,R2,M2g,3,-3,FALSE,0.02766432283089933,8.429362106176077e-4,227.24366819092126,0.027487431421080764,7.791710103191478e-4,225.4754436821223,8.183723400122618,0.7842204365686171,0.643535611271791
Serratia,R2,M0,3,0,FALSE,0.027480707327632418,8.463109829334724e-4,225.40330815216637,0.02748035206803947,7.793635592569263e-4,225.40046763004116,8.590012052959757,0.0012602112830900278,0.001292776715773974
Serratia,R2,M2g,3,0,FALSE,0.027485330741130666,8.461811212061979e-4,225.45206780128524,0.027487431421080764,7.791710103191478e-4,225.4754436821223,8.600180191457937,-0.010367373251522045,-0.007642329026373022
Serratia,R2,M0,3,3,FALSE,0.027480707327632418,8.463109829334724e-4,225.40330815216637,0.02748035206803947,7.793635592569263e-4,225.40046763004116,8.590012052959757,0.0012602112830900278,0.001292776715773974
Serratia,R2,M2g,3,3,FALSE,0.027485330741130666,8.461811212061979e-4,225.45206780128524,0.027487431421080764,7.791710103191478e-4,225.4754436821223,8.600180191457937,-0.010367373251522045,-0.007642329026373022
Serratia,R2,M0,3,6,FALSE,0.027480707327632418,8.463109829334724e-4,225.40330815216637,0.02748035206803947,7.793635592569263e-4,225.40046763004116,8.590012052959757,0.0012602112830900278,0.001292776715773974
Serratia,R2,M2g,3,6,FALSE,0.027485330741130666,8.461811212061979e-4,225.45206780128524,0.027487431421080764,7.791710103191478e-4,225.4754436821223,8.600180191457937,-0.010367373251522045,-0.007642329026373022
Serratia,R2,M0,6,-6,FALSE,0.027377679769914117,9.246466956444006e-4,223.9456959611419,0.02748035206803947,7.793635592569263e-4,225.40046763004116,18.641253451212492,-0.6454164377720123,-0.3736207522783652
Serratia,R2,M2g,6,-6,FALSE,0.027853872024147897,9.124836286104013e-4,229.55449332212794,0.027487431421080764,7.791710103191478e-4,225.4754436821223,17.109545468927127,1.8090881975406323,1.3331205722849082
Serratia,R2,M0,6,-3,FALSE,0.027403541269238225,9.233204950216077e-4,224.33122606522463,0.02748035206803947,7.793635592569263e-4,225.40046763004116,18.471088884619554,-0.474374155501543,-0.27951169843481516
Serratia,R2,M2g,6,-3,FALSE,0.027584847481081653,9.183950724026983e-4,226.34452669906347,0.027487431421080764,7.791710103191478e-4,225.4754436821223,17.86822921280457,0.38544464210764257,0.35440219389207267
Serratia,R2,M0,6,0,FALSE,0.027469683941837953,9.198077373342052e-4,225.28853893058388,0.02748035206803947,7.793635592569263e-4,225.40046763004116,18.020367569043586,-0.049657705076723006,-0.038820922581715246
Serratia,R2,M2g,6,0,FALSE,0.027475606240048474,9.19637646074314e-4,225.3506238630568,0.027487431421080764,7.791710103191478e-4,225.4754436821223,18.027703019601713,-0.05535849803735858,-0.04302032027343548
Serratia,R2,M0,6,3,FALSE,0.027469683941837953,9.198077373342052e-4,225.28853893058388,0.02748035206803947,7.793635592569263e-4,225.40046763004116,18.020367569043586,-0.049657705076723006,-0.038820922581715246
Serratia,R2,M2g,6,3,FALSE,0.027475606240048474,9.19637646074314e-4,225.3506238630568,0.027487431421080764,7.791710103191478e-4,225.4754436821223,18.027703019601713,-0.05535849803735858,-0.04302032027343548
Serratia,R2,M0,6,6,FALSE,0.027469683941837953,9.198077373342052e-4,225.28853893058388,0.02748035206803947,7.793635592569263e-4,225.40046763004116,18.020367569043586,-0.049657705076723006,-0.038820922581715246
Serratia,R2,M2g,6,6,FALSE,0.027475606240048474,9.19637646074314e-4,225.3506238630568,0.027487431421080764,7.791710103191478e-4,225.4754436821223,18.027703019601713,-0.05535849803735858,-0.04302032027343548
Serratia,R3,M0,-6,-6,FALSE,0.025537772844818167,0.0013788017882179636,208.2592094930433,0.025557680048971736,0.0013770802659286295,178.85530777112328,0.12501248706611584,16.44004983041793,-0.0778912800982871
Serratia,R3,M2g,-6,-6,FALSE,0.025762844663877384,0.0013692299800899944,210.28739741603204,0.025577196451572203,0.001376154437175031,178.96571478513866,-0.5031744183633324,17.501498914748748,0.7258348766124008
Serratia,R3,M0,-6,-3,FALSE,0.025530680166504036,0.0013794016434677246,208.17254349371518,0.025557680048971736,0.0013770802659286295,178.85530777112328,0.16857242068817482,16.39159390232268,-0.10564293165875856
Serratia,R3,M2g,-6,-3,FALSE,0.025736383350814865,0.0013701580488229249,209.90703040344778,0.025577196451572203,0.001376154437175031,178.96571478513866,-0.4357351319097281,17.28896266832807,0.6223782170343246
Serratia,R3,M0,-6,0,FALSE,0.025557680048971736,0.0013770802659286295,208.4967018774811,0.025557680048971736,0.0013770802659286295,178.85530777112328,0,16.572834474830998,0
Serratia,R3,M2g,-6,0,FALSE,0.025577196451572203,0.001376154437175031,208.6498375981249,0.025577196451572203,0.001376154437175031,178.96571478513866,0,16.586485768307174,0
Serratia,R3,M0,-6,3,FALSE,0.025557680048971736,0.0013770802659286295,208.4967018774811,0.025557680048971736,0.0013770802659286295,178.85530777112328,0,16.572834474830998,0
Serratia,R3,M2g,-6,3,FALSE,0.025577196451572203,0.001376154437175031,208.6498375981249,0.025577196451572203,0.001376154437175031,178.96571478513866,0,16.586485768307174,0
Serratia,R3,M0,-6,6,FALSE,0.025557680048971736,0.0013770802659286295,208.4967018774811,0.025557680048971736,0.0013770802659286295,178.85530777112328,0,16.572834474830998,0
Serratia,R3,M2g,-6,6,FALSE,0.025577196451572203,0.001376154437175031,208.6498375981249,0.025577196451572203,0.001376154437175031,178.96571478513866,0,16.586485768307174,0
Serratia,R3,M0,-3,-6,FALSE,0.025537772844818167,0.0013788017882179636,192.89966529543116,0.025557680048971736,0.0013770802659286295,178.85530777112328,0.12501248706611584,7.852357136798032,-0.0778912800982871
Serratia,R3,M2g,-3,-6,FALSE,0.025762844663877384,0.0013692299800899944,194.646797288307,0.025577196451572203,0.001376154437175031,178.96571478513866,-0.5031744183633324,8.762059549782828,0.7258348766124008
Serratia,R3,M0,-3,-3,FALSE,0.025530680166504036,0.0013794016434677246,192.8234939528459,0.025557680048971736,0.0013770802659286295,178.85530777112328,0.16857242068817482,7.809768888490219,-0.10564293165875856
Serratia,R3,M2g,-3,-3,FALSE,0.025736383350814865,0.0013701580488229249,194.31014542389357,0.025577196451572203,0.001376154437175031,178.96571478513866,-0.4357351319097281,8.573949852449124,0.6223782170343246
Serratia,R3,M0,-3,0,FALSE,0.025557680048971736,0.0013770802659286295,193.10810905697616,0.025557680048971736,0.0013770802659286295,178.85530777112328,0,7.968900371741745,0
Serratia,R3,M2g,-3,0,FALSE,0.025577196451572203,0.001376154437175031,193.23862793331858,0.025577196451572203,0.001376154437175031,178.96571478513866,0,7.975222050388585,0
Serratia,R3,M0,-3,3,FALSE,0.025557680048971736,0.0013770802659286295,193.10810905697616,0.025557680048971736,0.0013770802659286295,178.85530777112328,0,7.968900371741745,0
Serratia,R3,M2g,-3,3,FALSE,0.025577196451572203,0.001376154437175031,193.23862793331858,0.025577196451572203,0.001376154437175031,178.96571478513866,0,7.975222050388585,0
Serratia,R3,M0,-3,6,FALSE,0.025557680048971736,0.0013770802659286295,193.10810905697616,0.025557680048971736,0.0013770802659286295,178.85530777112328,0,7.968900371741745,0
Serratia,R3,M2g,-3,6,FALSE,0.025577196451572203,0.001376154437175031,193.23862793331858,0.025577196451572203,0.001376154437175031,178.96571478513866,0,7.975222050388585,0
Serratia,R3,M0,0,-6,FALSE,0.025537772844818167,0.0013788017882179636,178.6729190112111,0.025557680048971736,0.0013770802659286295,178.85530777112328,0.12501248706611584,-0.10197559255305101,-0.0778912800982871
Serratia,R3,M2g,0,-6,FALSE,0.025762844663877384,0.0013692299800899944,180.16950212018187,0.025577196451572203,0.001376154437175031,178.96571478513866,-0.5031744183633324,0.6726357260598492,0.7258348766124008
Serratia,R3,M0,0,-3,FALSE,0.025530680166504036,0.0013794016434677246,178.6061658093047,0.025557680048971736,0.0013770802659286295,178.85530777112328,0.16857242068817482,-0.1392980532271297,-0.10564293165875856
Serratia,R3,M2g,0,-3,FALSE,0.025736383350814865,0.0013701580488229249,179.8721678930221,0.025577196451572203,0.001376154437175031,178.96571478513866,-0.4357351319097281,0.5064953971612379,0.6223782170343246
Serratia,R3,M0,0,0,TRUE,0.025557680048971736,0.0013770802659286295,178.85530777112328,0.025557680048971736,0.0013770802659286295,178.85530777112328,0,0,0
Serratia,R3,M2g,0,0,TRUE,0.025577196451572203,0.001376154437175031,178.96571478513866,0.025577196451572203,0.001376154437175031,178.96571478513866,0,0,0
Serratia,R3,M0,0,3,FALSE,0.025557680048971736,0.0013770802659286295,178.85530777112328,0.025557680048971736,0.0013770802659286295,178.85530777112328,0,0,0
Serratia,R3,M2g,0,3,FALSE,0.025577196451572203,0.001376154437175031,178.96571478513866,0.025577196451572203,0.001376154437175031,178.96571478513866,0,0,0
Serratia,R3,M0,0,6,FALSE,0.025557680048971736,0.0013770802659286295,178.85530777112328,0.025557680048971736,0.0013770802659286295,178.85530777112328,0,0,0
Serratia,R3,M2g,0,6,FALSE,0.025577196451572203,0.001376154437175031,178.96571478513866,0.025577196451572203,0.001376154437175031,178.96571478513866,0,0,0
Serratia,R3,M0,3,-6,FALSE,0.025497310002108496,0.0014931216146290335,178.4138562592529,0.025557680048971736,0.0013770802659286295,178.85530777112328,8.426622003921597,-0.24682047034091817,-0.23621098138627186
Serratia,R3,M2g,3,-6,FALSE,0.025516155366366287,0.0014923010387000427,178.53783786538096,0.025577196451572203,0.001376154437175031,178.96571478513866,8.439939470996963,-0.23908317873699486,-0.23865432367261805
Serratia,R3,M0,3,-3,FALSE,0.02549523397340628,0.001493311589880463,178.39543875700903,0.025557680048971736,0.0013770802659286295,178.85530777112328,8.440417514330823,-0.25711790152894426,-0.24433389668312164
Serratia,R3,M2g,3,-3,FALSE,0.025529438461094543,0.0014917351962378663,178.60394550597601,0.025577196451572203,0.001376154437175031,178.96571478513866,8.398821813930955,-0.2021444607962895,-0.18672097455280337
Serratia,R3,M0,3,0,FALSE,0.025527928694686574,0.001490374139834585,178.69189843487388,0.025557680048971736,0.0013770802659286295,178.85530777112328,8.227107504845119,-0.0913639848242649,-0.11640866552893049
Serratia,R3,M2g,3,0,FALSE,0.025530733278815228,0.0014902376703957853,178.7076349366502,0.025577196451572203,0.001376154437175031,178.96571478513866,8.290002207524337,-0.1442063072238687,-0.18165858343758942
Serratia,R3,M0,3,3,FALSE,0.025527928694686574,0.001490374139834585,178.69189843487388,0.025557680048971736,0.0013770802659286295,178.85530777112328,8.227107504845119,-0.0913639848242649,-0.11640866552893049
Serratia,R3,M2g,3,3,FALSE,0.025530733278815228,0.0014902376703957853,178.7076349366502,0.025577196451572203,0.001376154437175031,178.96571478513866,8.290002207524337,-0.1442063072238687,-0.18165858343758942
Serratia,R3,M0,3,6,FALSE,0.025527928694686574,0.001490374139834585,178.69189843487388,0.025557680048971736,0.0013770802659286295,178.85530777112328,8.227107504845119,-0.0913639848242649,-0.11640866552893049
Serratia,R3,M2g,3,6,FALSE,0.025530733278815228,0.0014902376703957853,178.7076349366502,0.025577196451572203,0.001376154437175031,178.96571478513866,8.290002207524337,-0.1442063072238687,-0.18165858343758942
Serratia,R3,M0,6,-6,FALSE,0.025495374878716646,0.0016120390934511513,178.4013643078003,0.025557680048971736,0.0013770802659286295,178.85530777112328,17.06210112335595,-0.25380485990602314,-0.24378257391009406
Serratia,R3,M2g,6,-6,FALSE,0.025509141447427205,0.001611428828007024,178.49118585603281,0.025577196451572203,0.001376154437175031,178.96571478513866,17.09651071684688,-0.26515074670897193,-0.26607687153614706
Serratia,R3,M0,6,-3,FALSE,0.025493464374873133,0.0016122224127594572,178.38483777680037,0.025557680048971736,0.0013770802659286295,178.85530777112328,17.075413296425417,-0.2630450279535234,-0.2512578370789423
Serratia,R3,M2g,6,-3,FALSE,0.02550948459337459,0.0016114693813979197,178.48165574829852,0.025577196451572203,0.001376154437175031,178.96571478513866,17.099457580207563,-0.2704758491989846,-0.26473526262277103
Serratia,R3,M0,6,0,FALSE,0.0255277986085347,0.0016090115649762995,178.69101033433554,0.025557680048971736,0.0013770802659286295,178.85530777112328,16.842249851810045,-0.0918605317534002,-0.11691765598356303
Serratia,R3,M2g,6,0,FALSE,0.025538905489206804,0.0016084602789015775,178.752790758002,0.025577196451572203,0.001376154437175031,178.96571478513866,16.88079734738375,-0.1189747585968051,-0.14970742566683976
Serratia,R3,M0,6,3,FALSE,0.0255277986085347,0.0016090115649762995,178.69101033433554,0.025557680048971736,0.0013770802659286295,178.85530777112328,16.842249851810045,-0.0918605317534002,-0.11691765598356303
Serratia,R3,M2g,6,3,FALSE,0.025538905489206804,0.0016084602789015775,178.752790758002,0.025577196451572203,0.001376154437175031,178.96571478513866,16.88079734738375,-0.1189747585968051,-0.14970742566683976
Serratia,R3,M0,6,6,FALSE,0.0255277986085347,0.0016090115649762995,178.69101033433554,0.025557680048971736,0.0013770802659286295,178.85530777112328,16.842249851810045,-0.0918605317534002,-0.11691765598356303
Serratia,R3,M2g,6,6,FALSE,0.025538905489206804,0.0016084602789015775,178.752790758002,0.025577196451572203,0.001376154437175031,178.96571478513866,16.88079734738375,-0.1189747585968051,-0.14970742566683976
Serratia,R4,M0,-6,-6,FALSE,0.027416301652299097,0.0011805050684963025,226.60642472723214,0.02752262081406668,0.0011740583615552501,193.5164263319636,0.5490959523096068,17.09932279263209,-0.3862973751149575
Serratia,R4,M2g,-6,-6,FALSE,0.027420157238557966,0.001180396447134804,226.65561782768168,0.027525129562550033,0.001173979740081568,193.53815573682257,0.5465773244766726,17.11159330044095,-0.3813690458877628
Serratia,R4,M0,-6,-3,FALSE,0.027466511754951545,0.0011774995799556597,227.39560056904625,0.02752262081406668,0.0011740583615552501,193.5164263319636,0.2931045434445941,17.5071309858551,-0.2038652477690568
Serratia,R4,M2g,-6,-3,FALSE,0.02747355156206277,0.001177287657108047,227.48142329077547,0.027525129562550033,0.001173979740081568,193.53815573682257,0.28176951556669483,17.538282012002682,-0.18738513244798208
Serratia,R4,M0,-6,0,FALSE,0.02752262081406668,0.0011740583615552501,228.2629204296773,0.02752262081406668,0.0011740583615552501,193.5164263319636,0,17.955320256952543,0
Serratia,R4,M2g,-6,0,FALSE,0.027525129562550033,0.001173979740081568,228.29198775597416,0.027525129562550033,0.001173979740081568,193.53815573682257,0,17.95709579170043,0
Serratia,R4,M0,-6,3,FALSE,0.02752262081406668,0.0011740583615552501,228.2629204296773,0.02752262081406668,0.0011740583615552501,193.5164263319636,0,17.955320256952543,0
Serratia,R4,M2g,-6,3,FALSE,0.027525129562550033,0.001173979740081568,228.29198775597416,0.027525129562550033,0.001173979740081568,193.53815573682257,0,17.95709579170043,0
Serratia,R4,M0,-6,6,FALSE,0.02752262081406668,0.0011740583615552501,228.2629204296773,0.02752262081406668,0.0011740583615552501,193.5164263319636,0,17.955320256952543,0
Serratia,R4,M2g,-6,6,FALSE,0.027525129562550033,0.001173979740081568,228.29198775597416,0.027525129562550033,0.001173979740081568,193.53815573682257,0,17.95709579170043,0
Serratia,R4,M0,-3,-6,FALSE,0.027416301652299097,0.0011805050684963025,208.71418829974905,0.02752262081406668,0.0011740583615552501,193.5164263319636,0.5490959523096068,7.853473865683515,-0.3862973751149575
Serratia,R4,M2g,-3,-6,FALSE,0.027420157238557966,0.001180396447134804,208.7570825879479,0.027525129562550033,0.001173979740081568,193.53815573682257,0.5465773244766726,7.863527888433722,-0.3813690458877628
Serratia,R4,M0,-3,-3,FALSE,0.027466511754951545,0.0011774995799556597,209.40950713619964,0.02752262081406668,0.0011740583615552501,193.5164263319636,0.2931045434445941,8.212781263835758,-0.2038652477690568
Serratia,R4,M2g,-3,-3,FALSE,0.02747355156206277,0.001177287657108047,209.48411738971924,0.027525129562550033,0.001173979740081568,193.53815573682257,0.28176951556669483,8.239182393873971,-0.18738513244798208
Serratia,R4,M0,-3,0,FALSE,0.02752262081406668,0.0011740583615552501,210.17284464375626,0.02752262081406668,0.0011740583615552501,193.5164263319636,0,8.607237446199925,0
Serratia,R4,M2g,-3,0,FALSE,0.027525129562550033,0.001173979740081568,210.19802634607322,0.027525129562550033,0.001173979740081568,193.53815573682257,0,8.60805485400259,0
Serratia,R4,M0,-3,3,FALSE,0.02752262081406668,0.0011740583615552501,210.17284464375626,0.02752262081406668,0.0011740583615552501,193.5164263319636,0,8.607237446199925,0
Serratia,R4,M2g,-3,3,FALSE,0.027525129562550033,0.001173979740081568,210.19802634607322,0.027525129562550033,0.001173979740081568,193.53815573682257,0,8.60805485400259,0
Serratia,R4,M0,-3,6,FALSE,0.02752262081406668,0.0011740583615552501,210.17284464375626,0.02752262081406668,0.0011740583615552501,193.5164263319636,0,8.607237446199925,0
Serratia,R4,M2g,-3,6,FALSE,0.027525129562550033,0.001173979740081568,210.19802634607322,0.027525129562550033,0.001173979740081568,193.53815573682257,0,8.60805485400259,0
Serratia,R4,M0,0,-6,FALSE,0.027416301652299097,0.0011805050684963025,192.23467494383064,0.02752262081406668,0.0011740583615552501,193.5164263319636,0.5490959523096068,-0.6623475910691982,-0.3862973751149575
Serratia,R4,M2g,0,-6,FALSE,0.027420157238557966,0.001180396447134804,192.2719584376826,0.027525129562550033,0.001173979740081568,193.53815573682257,0.5465773244766726,-0.6542365221573041,-0.3813690458877628
Serratia,R4,M0,0,-3,FALSE,0.027466511754951545,0.0011774995799556597,192.84604262038377,0.02752262081406668,0.0011740583615552501,193.5164263319636,0.2931045434445941,-0.34642212254882976,-0.2038652477690568
Serratia,R4,M2g,0,-3,FALSE,0.02747355156206277,0.001177287657108047,192.9106772927827,0.027525129562550033,0.001173979740081568,193.53815573682257,0.28176951556669483,-0.3242143347139905,-0.18738513244798208
Serratia,R4,M0,0,0,TRUE,0.02752262081406668,0.0011740583615552501,193.5164263319636,0.02752262081406668,0.0011740583615552501,193.5164263319636,0,0,0
Serratia,R4,M2g,0,0,TRUE,0.027525129562550033,0.001173979740081568,193.53815573682257,0.027525129562550033,0.001173979740081568,193.53815573682257,0,0,0
Serratia,R4,M0,0,3,FALSE,0.02752262081406668,0.0011740583615552501,193.5164263319636,0.02752262081406668,0.0011740583615552501,193.5164263319636,0,0,0
Serratia,R4,M2g,0,3,FALSE,0.027525129562550033,0.001173979740081568,193.53815573682257,0.027525129562550033,0.001173979740081568,193.53815573682257,0,0,0
Serratia,R4,M0,0,6,FALSE,0.02752262081406668,0.0011740583615552501,193.5164263319636,0.02752262081406668,0.0011740583615552501,193.5164263319636,0,0,0
Serratia,R4,M2g,0,6,FALSE,0.027525129562550033,0.001173979740081568,193.53815573682257,0.027525129562550033,0.001173979740081568,193.53815573682257,0,0,0
Serratia,R4,M0,3,-6,FALSE,0.027393159325448543,0.0013192146569047832,197.35283906451164,0.02752262081406668,0.0011740583615552501,193.5164263319636,12.363635412233476,1.9824739456313383,-0.47038212491729436
Serratia,R4,M2g,3,-6,FALSE,0.0273989126444872,0.0013190514054908739,197.41052013014726,0.027525129562550033,0.001173979740081568,193.53815573682257,12.357254597871195,2.0008273710070967,-0.4585515856556038
Serratia,R4,M0,3,-3,FALSE,0.02745059045086087,0.0013155875708753427,198.06898959730012,0.02752262081406668,0.0011740583615552501,193.5164263319636,12.054699660126932,2.3525461644929924,-0.26171331463097985
Serratia,R4,M2g,3,-3,FALSE,0.02745356868577171,0.0013154960403997833,198.09740291701746,0.027525129562550033,0.001173979740081568,193.53815573682257,12.054407370640211,2.355735572056733,-0.25998379631856733
Serratia,R4,M0,3,0,FALSE,0.027512870485520893,0.0013115504915029816,198.83110381441813,0.02752262081406668,0.0011740583615552501,193.5164263319636,11.710842872035649,2.746370209078571,-0.035426599129701315
Serratia,R4,M2g,3,0,FALSE,0.027517500843573774,0.0013113982557376638,198.87281804846495,0.027525129562550033,0.001173979740081568,193.53815573682257,11.70535665688302,2.7563879025986826,-0.027715469817947792
Serratia,R4,M0,3,3,FALSE,0.027512870485520893,0.0013115504915029816,198.83110381441813,0.02752262081406668,0.0011740583615552501,193.5164263319636,11.710842872035649,2.746370209078571,-0.035426599129701315
Serratia,R4,M2g,3,3,FALSE,0.027517500843573774,0.0013113982557376638,198.87281804846495,0.027525129562550033,0.001173979740081568,193.53815573682257,11.70535665688302,2.7563879025986826,-0.027715469817947792
Serratia,R4,M0,3,6,FALSE,0.027512870485520893,0.0013115504915029816,198.83110381441813,0.02752262081406668,0.0011740583615552501,193.5164263319636,11.710842872035649,2.746370209078571,-0.035426599129701315
Serratia,R4,M2g,3,6,FALSE,0.027517500843573774,0.0013113982557376638,198.87281804846495,0.027525129562550033,0.001173979740081568,193.53815573682257,11.70535665688302,2.7563879025986826,-0.027715469817947792
Serratia,R4,M0,6,-6,FALSE,0.0274451123999211,0.0014278199315538483,197.85556929301885,0.02752262081406668,0.0011740583615552501,193.5164263319636,21.61405074126346,2.242260795789891,-0.28161712748651174
Serratia,R4,M2g,6,-6,FALSE,0.027454221959617584,0.0014275546618445739,197.946462108167,0.027525129562550033,0.001173979740081568,193.53815573682257,21.599599473955788,2.277745364763595,-0.25761042385400446
Serratia,R4,M0,6,-3,FALSE,0.027497997886735553,0.0014243525865072536,198.50575765883255,0.02752262081406668,0.0011740583615552501,193.5164263319636,21.31872087009747,2.5782469330588547,-0.08946432644431283
Serratia,R4,M2g,6,-3,FALSE,0.0275047037413884,0.0014241424424107066,198.56940299933734,0.027525129562550033,0.001173979740081568,193.53815573682257,21.308945443279736,2.599615173225257,-0.07420790196542283
Serratia,R4,M0,6,0,FALSE,0.02755652607537578,0.0014204183081594761,199.2128321335737,0.02752262081406668,0.0011740583615552501,193.5164263319636,20.983620122416934,2.9436290807883774,0.12319052585199765
Serratia,R4,M2g,6,0,FALSE,0.027558230824305575,0.0014203636971023886,199.2281298245585,0.027525129562550033,0.001173979740081568,193.53815573682257,20.987070611942748,2.9399753583852846,0.12025833222808228
Serratia,R4,M0,6,3,FALSE,0.02755652607537578,0.0014204183081594761,199.2128321335737,0.02752262081406668,0.0011740583615552501,193.5164263319636,20.983620122416934,2.9436290807883774,0.12319052585199765
Serratia,R4,M2g,6,3,FALSE,0.027558230824305575,0.0014203636971023886,199.2281298245585,0.027525129562550033,0.001173979740081568,193.53815573682257,20.987070611942748,2.9399753583852846,0.12025833222808228
Serratia,R4,M0,6,6,FALSE,0.02755652607537578,0.0014204183081594761,199.2128321335737,0.02752262081406668,0.0011740583615552501,193.5164263319636,20.983620122416934,2.9436290807883774,0.12319052585199765
Serratia,R4,M2g,6,6,FALSE,0.027558230824305575,0.0014203636971023886,199.2281298245585,0.027525129562550033,0.001173979740081568,193.53815573682257,20.987070611942748,2.9399753583852846,0.12025833222808228
Serratia,R5,M0,-6,-6,FALSE,0.02848154251068532,7.601885789686587e-4,221.17453629062825,0.028455162811649948,7.613613799133667e-4,186.0992946225545,-0.15403998359379484,18.84759517182112,0.09270619609518108
Serratia,R5,M2g,-6,-6,FALSE,0.029542385591817693,7.36260303562028e-4,235.53842528608044,0.029096807387375013,7.450733238275003e-4,191.90573603471486,-1.1828393238129973,22.73652166575814,1.5313645875664512
Serratia,R5,M0,-6,-3,FALSE,0.02847293241668153,7.605572265828721e-4,221.0304230847802,0.028455162811649948,7.613613799133667e-4,186.0992946225545,-0.10562045195753866,18.770156293753185,0.06244773628322406
Serratia,R5,M2g,-6,-3,FALSE,0.029253244371979934,7.418609781857878e-4,231.01471862517795,0.029096807387375013,7.450733238275003e-4,191.90573603471486,-0.43114490064016603,20.379267133207758,0.5376431253168987
Serratia,R5,M0,-6,0,FALSE,0.028455162811649948,7.613613799133667e-4,220.74569778177383,0.028455162811649948,7.613613799133667e-4,186.0992946225545,0,18.617159849793598,0
Serratia,R5,M2g,-6,0,FALSE,0.029096807387375013,7.450733238275003e-4,228.51118016288768,0.029096807387375013,7.450733238275003e-4,191.90573603471486,0,19.0747003630736,0
Serratia,R5,M0,-6,3,FALSE,0.028455162811649948,7.613613799133667e-4,220.74569778177383,0.028455162811649948,7.613613799133667e-4,186.0992946225545,0,18.617159849793598,0
Serratia,R5,M2g,-6,3,FALSE,0.029096807387375013,7.450733238275003e-4,228.51118016288768,0.029096807387375013,7.450733238275003e-4,191.90573603471486,0,19.0747003630736,0
Serratia,R5,M0,-6,6,FALSE,0.028455162811649948,7.613613799133667e-4,220.74569778177383,0.028455162811649948,7.613613799133667e-4,186.0992946225545,0,18.617159849793598,0
Serratia,R5,M2g,-6,6,FALSE,0.029096807387375013,7.450733238275003e-4,228.51118016288768,0.029096807387375013,7.450733238275003e-4,191.90573603471486,0,19.0747003630736,0
Serratia,R5,M0,-3,-6,FALSE,0.02848154251068532,7.601885789686587e-4,203.06122189485913,0.028455162811649948,7.613613799133667e-4,186.0992946225545,-0.15403998359379484,9.114450061031505,0.09270619609518108
Serratia,R5,M2g,-3,-6,FALSE,0.029542385591817693,7.36260303562028e-4,215.56164149619846,0.029096807387375013,7.450733238275003e-4,191.90573603471486,-1.1828393238129973,12.326836055178859,1.5313645875664512
Serratia,R5,M0,-3,-3,FALSE,0.02847293241668153,7.605572265828721e-4,202.93415276579321,0.028455162811649948,7.613613799133667e-4,186.0992946225545,-0.10562045195753866,9.046169775862431,0.06244773628322406
Serratia,R5,M2g,-3,-3,FALSE,0.029253244371979934,7.418609781857878e-4,211.6050768493529,0.029096807387375013,7.450733238275003e-4,191.90573603471486,-0.43114490064016603,10.26511308191149,0.5376431253168987
Serratia,R5,M0,-3,0,FALSE,0.028455162811649948,7.613613799133667e-4,202.68354311130372,0.028455162811649948,7.613613799133667e-4,186.0992946225545,0,8.911505292045995,0
Serratia,R5,M2g,-3,0,FALSE,0.029096807387375013,7.450733238275003e-4,209.41013877393874,0.029096807387375013,7.450733238275003e-4,191.90573603471486,0,9.121354630096837,0
Serratia,R5,M0,-3,3,FALSE,0.028455162811649948,7.613613799133667e-4,202.68354311130372,0.028455162811649948,7.613613799133667e-4,186.0992946225545,0,8.911505292045995,0
Serratia,R5,M2g,-3,3,FALSE,0.029096807387375013,7.450733238275003e-4,209.41013877393874,0.029096807387375013,7.450733238275003e-4,191.90573603471486,0,9.121354630096837,0
Serratia,R5,M0,-3,6,FALSE,0.028455162811649948,7.613613799133667e-4,202.68354311130372,0.028455162811649948,7.613613799133667e-4,186.0992946225545,0,8.911505292045995,0
Serratia,R5,M2g,-3,6,FALSE,0.029096807387375013,7.450733238275003e-4,209.41013877393874,0.029096807387375013,7.450733238275003e-4,191.90573603471486,0,9.121354630096837,0
Serratia,R5,M0,0,-6,FALSE,0.02848154251068532,7.601885789686587e-4,186.431315869251,0.028455162811649948,7.613613799133667e-4,186.0992946225545,-0.15403998359379484,0.17841080342076968,0.09270619609518108
Serratia,R5,M2g,0,-6,FALSE,0.029542385591817693,7.36260303562028e-4,197.27915404078072,0.029096807387375013,7.450733238275003e-4,191.90573603471486,-1.1828393238129973,2.8000299090037806,1.5313645875664512
Serratia,R5,M0,0,-3,FALSE,0.02847293241668153,7.605572265828721e-4,186.3194658183959,0.028455162811649948,7.613613799133667e-4,186.0992946225545,-0.10562045195753866,0.11830845263973312,0.06244773628322406
Serratia,R5,M2g,0,-3,FALSE,0.029253244371979934,7.418609781857878e-4,193.82621512125766,0.029096807387375013,7.450733238275003e-4,191.90573603471486,-0.43114490064016603,1.0007408461180087,0.5376431253168987
Serratia,R5,M0,0,0,TRUE,0.028455162811649948,7.613613799133667e-4,186.0992946225545,0.028455162811649948,7.613613799133667e-4,186.0992946225545,0,0,0
Serratia,R5,M2g,0,0,TRUE,0.029096807387375013,7.450733238275003e-4,191.90573603471486,0.029096807387375013,7.450733238275003e-4,191.90573603471486,0,0,0
Serratia,R5,M0,0,3,FALSE,0.028455162811649948,7.613613799133667e-4,186.0992946225545,0.028455162811649948,7.613613799133667e-4,186.0992946225545,0,0,0
Serratia,R5,M2g,0,3,FALSE,0.029096807387375013,7.450733238275003e-4,191.90573603471486,0.029096807387375013,7.450733238275003e-4,191.90573603471486,0,0,0
Serratia,R5,M0,0,6,FALSE,0.028455162811649948,7.613613799133667e-4,186.0992946225545,0.028455162811649948,7.613613799133667e-4,186.0992946225545,0,0,0
Serratia,R5,M2g,0,6,FALSE,0.029096807387375013,7.450733238275003e-4,191.90573603471486,0.029096807387375013,7.450733238275003e-4,191.90573603471486,0,0,0
Serratia,R5,M0,3,-6,FALSE,0.028453933700204676,8.296103292735011e-4,186.16096067195244,0.028455162811649948,7.613613799133667e-4,186.0992946225545,8.964067676758209,0.03313610055481345,-0.004319467273504261
Serratia,R5,M2g,3,-6,FALSE,0.02948320796872567,8.057520912560105e-4,196.61586369009095,0.029096807387375013,7.450733238275003e-4,191.90573603471486,8.143999454550148,2.454396493142885,1.3279827446578032
Serratia,R5,M0,3,-3,FALSE,0.02844888737881726,8.298341403041283e-4,186.09562854733065,0.028455162811649948,7.613613799133667e-4,186.0992946225545,8.993463839543969,-0.001969956539221315,-0.02205375830820106
Serratia,R5,M2g,3,-3,FALSE,0.029184005529016777,8.116990452282048e-4,193.1214584364319,0.029096807387375013,7.450733238275003e-4,191.90573603471486,8.942169752963771,0.6334997727723607,0.2996828500146698
Serratia,R5,M0,3,0,FALSE,0.028433739318085502,8.305542337791532e-4,185.91037267497043,0.028455162811649948,7.613613799133667e-4,186.0992946225545,9.088043561345305,-0.10151674565303857,-0.07528859949335716
Serratia,R5,M2g,3,0,FALSE,0.029028753837561917,8.149743707428989e-4,191.26155658444932,0.029096807387375013,7.450733238275003e-4,191.90573603471486,9.381767495890406,-0.33567493269143905,-0.2338866560412551
Serratia,R5,M0,3,3,FALSE,0.028433739318085502,8.305542337791532e-4,185.91037267497043,0.028455162811649948,7.613613799133667e-4,186.0992946225545,9.088043561345305,-0.10151674565303857,-0.07528859949335716
Serratia,R5,M2g,3,3,FALSE,0.029028753837561917,8.149743707428989e-4,191.26155658444932,0.029096807387375013,7.450733238275003e-4,191.90573603471486,9.381767495890406,-0.33567493269143905,-0.2338866560412551
Serratia,R5,M0,3,6,FALSE,0.028433739318085502,8.305542337791532e-4,185.91037267497043,0.028455162811649948,7.613613799133667e-4,186.0992946225545,9.088043561345305,-0.10151674565303857,-0.07528859949335716
Serratia,R5,M2g,3,6,FALSE,0.029028753837561917,8.149743707428989e-4,191.26155658444932,0.029096807387375013,7.450733238275003e-4,191.90573603471486,9.381767495890406,-0.33567493269143905,-0.2338866560412551
Serratia,R5,M0,6,-6,FALSE,0.028478090001350147,9.020508353776571e-4,186.39417379244873,0.028455162811649948,7.613613799133667e-4,186.0992946225545,18.47866981121357,0.158452599453581,0.08057303995045936
Serratia,R5,M2g,6,-6,FALSE,0.029764951170889793,8.716125083604054e-4,199.48381053369778,0.029096807387375013,7.450733238275003e-4,191.90573603471486,16.983453907980955,3.9488525228928415,2.2962786762807705
Serratia,R5,M0,6,-3,FALSE,0.02846939876597825,9.024576451958246e-4,186.283832490009,0.028455162811649948,7.613613799133667e-4,186.0992946225545,18.532101706881008,0.09916097093691786,0.050029424967736755
Serratia,R5,M2g,6,-3,FALSE,0.029397543249561998,8.790353510282336e-4,195.15028337537197,0.029096807387375013,7.450733238275003e-4,191.90573603471486,17.979710575673263,1.6906984687889595,1.0335699658838617
Serratia,R5,M0,6,0,FALSE,0.028450707236567594,9.033867140736256e-4,186.05778159873446,0.028455162811649948,7.613613799133667e-4,186.0992946225545,18.654129025617184,-0.022306921637849947,-0.015658230851975728
Serratia,R5,M2g,6,0,FALSE,0.029197085377611353,8.833489399657085e-4,192.7588714183453,0.029096807387375013,7.450733238275003e-4,191.90573603471486,18.55865882137285,0.44455960580361,0.34463571518795005
Serratia,R5,M0,6,3,FALSE,0.028450707236567594,9.033867140736256e-4,186.05778159873446,0.028455162811649948,7.613613799133667e-4,186.0992946225545,18.654129025617184,-0.022306921637849947,-0.015658230851975728
Serratia,R5,M2g,6,3,FALSE,0.029197085377611353,8.833489399657085e-4,192.7588714183453,0.029096807387375013,7.450733238275003e-4,191.90573603471486,18.55865882137285,0.44455960580361,0.34463571518795005
Serratia,R5,M0,6,6,FALSE,0.028450707236567594,9.033867140736256e-4,186.05778159873446,0.028455162811649948,7.613613799133667e-4,186.0992946225545,18.654129025617184,-0.022306921637849947,-0.015658230851975728
Serratia,R5,M2g,6,6,FALSE,0.029197085377611353,8.833489399657085e-4,192.7588714183453,0.029096807387375013,7.450733238275003e-4,191.90573603471486,18.55865882137285,0.44455960580361,0.34463571518795005
Yersinia,R1,M0,-6,-6,FALSE,0.04615062237427732,3.9400247014028517e-4,201.6702906594535,0.04615722602419903,3.938695026567253e-4,152.94318426145435,0.033759273734821606,31.859612857739922,-0.014306860464806675
Yersinia,R1,M2g,-6,-6,FALSE,0.046326366451631344,3.9114580607485603e-4,202.81616175375007,0.04624111658263791,3.923444916678692e-4,153.20428777029835,-0.30551864967379405,32.38282342191074,0.18435945170373316
Yersinia,R1,M0,-6,-3,FALSE,0.04616990467328684,3.935481474522595e-4,201.8577132120892,0.04615722602419903,3.938695026567253e-4,152.94318426145435,-0.08158925793903457,31.982156764185135,0.027468394831973372
Yersinia,R1,M2g,-6,-3,FALSE,0.04623684832977871,3.9239573389929943e-4,202.25394033559763,0.04624111658263791,3.923444916678692e-4,153.20428777029835,0.013060520159817748,32.015848432936956,-0.009230427754859119
Yersinia,R1,M0,-6,0,FALSE,0.04615722602419903,3.938695026567253e-4,201.74607735754043,0.04615722602419903,3.938695026567253e-4,152.94318426145435,0,31.90916504828236,0
Yersinia,R1,M2g,-6,0,FALSE,0.04624111658263791,3.923444916678692e-4,202.1922433283337,0.04624111658263791,3.923444916678692e-4,153.20428777029835,0,31.975577362093002,0
Yersinia,R1,M0,-6,3,FALSE,0.04615722602419903,3.938695026567253e-4,201.74607735754043,0.04615722602419903,3.938695026567253e-4,152.94318426145435,0,31.90916504828236,0
Yersinia,R1,M2g,-6,3,FALSE,0.04624111658263791,3.923444916678692e-4,202.1922433283337,0.04624111658263791,3.923444916678692e-4,153.20428777029835,0,31.975577362093002,0
Yersinia,R1,M0,-6,6,FALSE,0.04615722602419903,3.938695026567253e-4,201.74607735754043,0.04615722602419903,3.938695026567253e-4,152.94318426145435,0,31.90916504828236,0
Yersinia,R1,M2g,-6,6,FALSE,0.04624111658263791,3.923444916678692e-4,202.1922433283337,0.04624111658263791,3.923444916678692e-4,153.20428777029835,0,31.975577362093002,0
Yersinia,R1,M0,-3,-6,FALSE,0.04615062237427732,3.9400247014028517e-4,175.59536265656533,0.04615722602419903,3.938695026567253e-4,152.94318426145435,0.033759273734821606,14.810845285127174,-0.014306860464806675
Yersinia,R1,M2g,-3,-6,FALSE,0.046326366451631344,3.9114580607485603e-4,176.49999750769433,0.04624111658263791,3.923444916678692e-4,153.20428777029835,-0.30551864967379405,15.20565127545491,0.18435945170373316
Yersinia,R1,M0,-3,-3,FALSE,0.04616990467328684,3.935481474522595e-4,175.74838564738585,0.04615722602419903,3.938695026567253e-4,152.94318426145435,-0.08158925793903457,14.91089746565385,0.027468394831973372
Yersinia,R1,M2g,-3,-3,FALSE,0.04623684832977871,3.9239573389929943e-4,176.05800124205885,0.04624111658263791,3.923444916678692e-4,153.20428777029835,0.013060520159817748,14.91715003827141,-0.009230427754859119
Yersinia,R1,M0,-3,0,FALSE,0.04615722602419903,3.938695026567253e-4,175.6578705419143,0.04615722602419903,3.938695026567253e-4,152.94318426145435,0,14.851715289011826,0
Yersinia,R1,M2g,-3,0,FALSE,0.04624111658263791,3.923444916678692e-4,176.00204155576208,0.04624111658263791,3.923444916678692e-4,153.20428777029835,0,14.880623850191952,0
Yersinia,R1,M0,-3,3,FALSE,0.04615722602419903,3.938695026567253e-4,175.6578705419143,0.04615722602419903,3.938695026567253e-4,152.94318426145435,0,14.851715289011826,0
Yersinia,R1,M2g,-3,3,FALSE,0.04624111658263791,3.923444916678692e-4,176.00204155576208,0.04624111658263791,3.923444916678692e-4,153.20428777029835,0,14.880623850191952,0
Yersinia,R1,M0,-3,6,FALSE,0.04615722602419903,3.938695026567253e-4,175.6578705419143,0.04615722602419903,3.938695026567253e-4,152.94318426145435,0,14.851715289011826,0
Yersinia,R1,M2g,-3,6,FALSE,0.04624111658263791,3.923444916678692e-4,176.00204155576208,0.04624111658263791,3.923444916678692e-4,153.20428777029835,0,14.880623850191952,0
Yersinia,R1,M0,0,-6,FALSE,0.04615062237427732,3.9400247014028517e-4,152.89178830290632,0.04615722602419903,3.938695026567253e-4,152.94318426145435,0.033759273734821606,-0.03360460866315377,-0.014306860464806675
Yersinia,R1,M2g,0,-6,FALSE,0.046326366451631344,3.9114580607485603e-4,153.59845512725812,0.04624111658263791,3.923444916678692e-4,153.20428777029835,-0.30551864967379405,0.25728219666459407,0.18435945170373316
Yersinia,R1,M0,0,-3,FALSE,0.04616990467328684,3.935481474522595e-4,153.01617444367434,0.04615722602419903,3.938695026567253e-4,152.94318426145435,-0.08158925793903457,0.047723723402554874,0.027468394831973372
Yersinia,R1,M2g,0,-3,FALSE,0.04623684832977871,3.9239573389929943e-4,153.25496131208516,0.04624111658263791,3.923444916678692e-4,153.20428777029835,0.013060520159817748,0.033075798676589795,-0.009230427754859119
Yersinia,R1,M0,0,0,TRUE,0.04615722602419903,3.938695026567253e-4,152.94318426145435,0.04615722602419903,3.938695026567253e-4,152.94318426145435,0,0,0
Yersinia,R1,M2g,0,0,TRUE,0.04624111658263791,3.923444916678692e-4,153.20428777029835,0.04624111658263791,3.923444916678692e-4,153.20428777029835,0,0,0
Yersinia,R1,M0,0,3,FALSE,0.04615722602419903,3.938695026567253e-4,152.94318426145435,0.04615722602419903,3.938695026567253e-4,152.94318426145435,0,0,0
Yersinia,R1,M2g,0,3,FALSE,0.04624111658263791,3.923444916678692e-4,153.20428777029835,0.04624111658263791,3.923444916678692e-4,153.20428777029835,0,0,0
Yersinia,R1,M0,0,6,FALSE,0.04615722602419903,3.938695026567253e-4,152.94318426145435,0.04615722602419903,3.938695026567253e-4,152.94318426145435,0,0,0
Yersinia,R1,M2g,0,6,FALSE,0.04624111658263791,3.923444916678692e-4,153.20428777029835,0.04624111658263791,3.923444916678692e-4,153.20428777029835,0,0,0
Yersinia,R1,M0,3,-6,FALSE,0.046098329775563426,4.5420892471572554e-4,152.67342270038543,0.04615722602419903,3.938695026567253e-4,152.94318426145435,15.319648170777189,-0.1763802436647092,-0.12759919455454966
Yersinia,R1,M2g,3,-6,FALSE,0.046121003344704856,4.53807389395934e-4,152.76424048265068,0.04624111658263791,3.923444916678692e-4,153.20428777029835,15.665543682487803,-0.2872290939451007,-0.2597541902311071
Yersinia,R1,M0,3,-3,FALSE,0.04612774177204098,4.534354953840539e-4,152.85793690385847,0.04615722602419903,3.938695026567253e-4,152.94318426145435,15.12328127096527,-0.05573792516974552,-0.06387786853263204
Yersinia,R1,M2g,3,-3,FALSE,0.046138049231431714,4.532424131865264e-4,152.89458222904528,0.04624111658263791,3.923444916678692e-4,153.20428777029835,15.521543646446558,-0.20215200616148093,-0.22289113850008757
Yersinia,R1,M0,3,0,FALSE,0.04612239328104402,4.5358507564761084e-4,152.82741019152638,0.04615722602419903,3.938695026567253e-4,152.94318426145435,15.161258383320504,-0.0756974365919121,-0.07546541713045404
Yersinia,R1,M2g,3,0,FALSE,0.04613248886158712,4.533846730623291e-4,152.85876351375333,0.04624111658263791,3.923444916678692e-4,153.20428777029835,15.557802566559833,-0.22553171427099303,-0.23491586942252787
Yersinia,R1,M0,3,3,FALSE,0.04612239328104402,4.5358507564761084e-4,152.82741019152638,0.04615722602419903,3.938695026567253e-4,152.94318426145435,15.161258383320504,-0.0756974365919121,-0.07546541713045404
Yersinia,R1,M2g,3,3,FALSE,0.04613248886158712,4.533846730623291e-4,152.85876351375333,0.04624111658263791,3.923444916678692e-4,153.20428777029835,15.557802566559833,-0.22553171427099303,-0.23491586942252787
Yersinia,R1,M0,3,6,FALSE,0.04612239328104402,4.5358507564761084e-4,152.82741019152638,0.04615722602419903,3.938695026567253e-4,152.94318426145435,15.161258383320504,-0.0756974365919121,-0.07546541713045404
Yersinia,R1,M2g,3,6,FALSE,0.04613248886158712,4.533846730623291e-4,152.85876351375333,0.04624111658263791,3.923444916678692e-4,153.20428777029835,15.557802566559833,-0.22553171427099303,-0.23491586942252787
Yersinia,R1,M0,6,-6,FALSE,0.046044267748897076,5.235198542560469e-4,152.44949185712545,0.04615722602419903,3.938695026567253e-4,152.94318426145435,32.91708312646832,-0.3227946421495555,-0.2447250084802109
Yersinia,R1,M2g,6,-6,FALSE,0.04605015826421334,5.234072032811605e-4,152.4729788792672,0.04624111658263791,3.923444916678692e-4,153.20428777029835,33.40500870960095,-0.47734231311307096,-0.4129621698976627
Yersinia,R1,M0,6,-3,FALSE,0.04608464214962568,5.223427436476007e-4,152.69747865399557,0.04615722602419903,3.938695026567253e-4,152.94318426145435,32.61822510356826,-0.16065155740365883,-0.15725354581597156
Yersinia,R1,M2g,6,-3,FALSE,0.04609532007743437,5.221254652861362e-4,152.73532246885816,0.04624111658263791,3.923444916678692e-4,153.20428777029835,33.07832182543557,-0.30610455377288126,-0.3152962471029178
Yersinia,R1,M0,6,0,FALSE,0.04608709302719924,5.222662303469012e-4,152.71104138840857,0.04615722602419903,3.938695026567253e-4,152.94318426145435,32.59879904996843,-0.15178373208768087,-0.15194369991606496
Yersinia,R1,M2g,6,0,FALSE,0.046095105317479214,5.220932677018341e-4,152.73586143647807,0.04624111658263791,3.923444916678692e-4,153.20428777029835,33.07011536784895,-0.3057527570785712,-0.31576068215774383
Yersinia,R1,M0,6,3,FALSE,0.04608709302719924,5.222662303469012e-4,152.71104138840857,0.04615722602419903,3.938695026567253e-4,152.94318426145435,32.59879904996843,-0.15178373208768087,-0.15194369991606496
Yersinia,R1,M2g,6,3,FALSE,0.046095105317479214,5.220932677018341e-4,152.73586143647807,0.04624111658263791,3.923444916678692e-4,153.20428777029835,33.07011536784895,-0.3057527570785712,-0.31576068215774383
Yersinia,R1,M0,6,6,FALSE,0.04608709302719924,5.222662303469012e-4,152.71104138840857,0.04615722602419903,3.938695026567253e-4,152.94318426145435,32.59879904996843,-0.15178373208768087,-0.15194369991606496
Yersinia,R1,M2g,6,6,FALSE,0.046095105317479214,5.220932677018341e-4,152.73586143647807,0.04624111658263791,3.923444916678692e-4,153.20428777029835,33.07011536784895,-0.3057527570785712,-0.31576068215774383
Yersinia,R2,M0,-6,-6,FALSE,0.03814425745362857,3.4837670718023664e-4,114.05929297095429,0.0381862786006876,3.4727316928298985e-4,90.90429027363751,0.3177722884624928,25.47184805867385,-0.11004252993186726
Yersinia,R2,M2g,-6,-6,FALSE,0.03852107553465542,3.4191019069489093e-4,115.65006563376586,0.03822219246890637,3.4659435903200203e-4,90.98554749994791,-1.35148429714593,27.10817136516332,0.7819621179297662
Yersinia,R2,M0,-6,-3,FALSE,0.0381618273153748,3.479170353525792e-4,114.16527805716238,0.0381862786006876,3.4727316928298985e-4,90.90429027363751,0.18540622384353253,25.588437810256593,-0.0640316003779499
Yersinia,R2,M2g,-6,-3,FALSE,0.03833189667636608,3.4484949672618795e-4,114.82401518083898,0.03822219246890637,3.4659435903200203e-4,90.98554749994791,-0.5034306705646553,26.200279424492905,0.2870170452648819
Yersinia,R2,M0,-6,0,FALSE,0.0381862786006876,3.4727316928298985e-4,114.31123608253684,0.0381862786006876,3.4727316928298985e-4,90.90429027363751,0,25.749000116980618,0
Yersinia,R2,M2g,-6,0,FALSE,0.03822219246890637,3.4659435903200203e-4,114.43807305873366,0.03822219246890637,3.4659435903200203e-4,90.98554749994791,0,25.77609983475582,0
Yersinia,R2,M0,-6,3,FALSE,0.0381862786006876,3.4727316928298985e-4,114.31123608253684,0.0381862786006876,3.4727316928298985e-4,90.90429027363751,0,25.749000116980618,0
Yersinia,R2,M2g,-6,3,FALSE,0.03822219246890637,3.4659435903200203e-4,114.43807305873366,0.03822219246890637,3.4659435903200203e-4,90.98554749994791,0,25.77609983475582,0
Yersinia,R2,M0,-6,6,FALSE,0.0381862786006876,3.4727316928298985e-4,114.31123608253684,0.0381862786006876,3.4727316928298985e-4,90.90429027363751,0,25.749000116980618,0
Yersinia,R2,M2g,-6,6,FALSE,0.03822219246890637,3.4659435903200203e-4,114.43807305873366,0.03822219246890637,3.4659435903200203e-4,90.98554749994791,0,25.77609983475582,0
Yersinia,R2,M0,-3,-6,FALSE,0.03814425745362857,3.4837670718023664e-4,101.72627774664275,0.0381862786006876,3.4727316928298985e-4,90.90429027363751,0.3177722884624928,11.904814877745812,-0.11004252993186726
Yersinia,R2,M2g,-3,-6,FALSE,0.03852107553465542,3.4191019069489093e-4,103.02850830506063,0.03822219246890637,3.4659435903200203e-4,90.98554749994791,-1.35148429714593,13.236125006688132,0.7819621179297662
Yersinia,R2,M0,-3,-3,FALSE,0.0381618273153748,3.479170353525792e-4,101.8154360754586,0.0381862786006876,3.4727316928298985e-4,90.90429027363751,0.18540622384353253,12.002894218718028,-0.0640316003779499
Yersinia,R2,M2g,-3,-3,FALSE,0.03833189667636608,3.4484949672618795e-4,102.35068076714917,0.03822219246890637,3.4659435903200203e-4,90.98554749994791,-0.5034306705646553,12.491141263075617,0.2870170452648819
Yersinia,R2,M0,-3,0,FALSE,0.0381862786006876,3.4727316928298985e-4,101.9381272458212,0.0381862786006876,3.4727316928298985e-4,90.90429027363751,0,12.137861633339801,0
Yersinia,R2,M2g,-3,0,FALSE,0.03822219246890637,3.4659435903200203e-4,102.04024074887282,0.03822219246890637,3.4659435903200203e-4,90.98554749994791,0,12.149944197380615,0
Yersinia,R2,M0,-3,3,FALSE,0.0381862786006876,3.4727316928298985e-4,101.9381272458212,0.0381862786006876,3.4727316928298985e-4,90.90429027363751,0,12.137861633339801,0
Yersinia,R2,M2g,-3,3,FALSE,0.03822219246890637,3.4659435903200203e-4,102.04024074887282,0.03822219246890637,3.4659435903200203e-4,90.98554749994791,0,12.149944197380615,0
Yersinia,R2,M0,-3,6,FALSE,0.0381862786006876,3.4727316928298985e-4,101.9381272458212,0.0381862786006876,3.4727316928298985e-4,90.90429027363751,0,12.137861633339801,0
Yersinia,R2,M2g,-3,6,FALSE,0.03822219246890637,3.4659435903200203e-4,102.04024074887282,0.03822219246890637,3.4659435903200203e-4,90.98554749994791,0,12.149944197380615,0
Yersinia,R2,M0,0,-6,FALSE,0.03814425745362857,3.4837670718023664e-4,90.72680808938844,0.0381862786006876,3.4727316928298985e-4,90.90429027363751,0.3177722884624928,-0.19524071274834282,-0.11004252993186726
Yersinia,R2,M2g,0,-6,FALSE,0.03852107553465542,3.4191019069489093e-4,91.78441417560907,0.03822219246890637,3.4659435903200203e-4,90.98554749994791,-1.35148429714593,0.8780149129306681,0.7819621179297662
Yersinia,R2,M0,0,-3,FALSE,0.0381618273153748,3.479170353525792e-4,90.80153965941695,0.0381862786006876,3.4727316928298985e-4,90.90429027363751,0.18540622384353253,-0.11303164450354444,-0.0640316003779499
Yersinia,R2,M2g,0,-3,FALSE,0.03833189667636608,3.4484949672618795e-4,91.23232484947087,0.03822219246890637,3.4659435903200203e-4,90.98554749994791,-0.5034306705646553,0.2712269764855778,0.2870170452648819
Yersinia,R2,M0,0,0,TRUE,0.0381862786006876,3.4727316928298985e-4,90.90429027363751,0.0381862786006876,3.4727316928298985e-4,90.90429027363751,0,0,0
Yersinia,R2,M2g,0,0,TRUE,0.03822219246890637,3.4659435903200203e-4,90.98554749994791,0.03822219246890637,3.4659435903200203e-4,90.98554749994791,0,0,0
Yersinia,R2,M0,0,3,FALSE,0.0381862786006876,3.4727316928298985e-4,90.90429027363751,0.0381862786006876,3.4727316928298985e-4,90.90429027363751,0,0,0
Yersinia,R2,M2g,0,3,FALSE,0.03822219246890637,3.4659435903200203e-4,90.98554749994791,0.03822219246890637,3.4659435903200203e-4,90.98554749994791,0,0,0
Yersinia,R2,M0,0,6,FALSE,0.0381862786006876,3.4727316928298985e-4,90.90429027363751,0.0381862786006876,3.4727316928298985e-4,90.90429027363751,0,0,0
Yersinia,R2,M2g,0,6,FALSE,0.03822219246890637,3.4659435903200203e-4,90.98554749994791,0.03822219246890637,3.4659435903200203e-4,90.98554749994791,0,0,0
Yersinia,R2,M0,3,-6,FALSE,0.0381353433820205,3.9091459042913377e-4,90.70059864200407,0.0381862786006876,3.4727316928298985e-4,90.90429027363751,12.566885381974588,-0.22407262739778308,-0.1333861809361625
Yersinia,R2,M2g,3,-6,FALSE,0.03850014015584493,3.842186863809331e-4,91.72256356949116,0.03822219246890637,3.4659435903200203e-4,90.98554749994791,10.85543557431559,0.8100364176449744,0.7271892818934229
Yersinia,R2,M0,3,-3,FALSE,0.03815476638520634,3.903644099567185e-4,90.78254931625138,0.0381862786006876,3.4727316928298985e-4,90.90429027363751,12.40845665177605,-0.133922125149073,-0.08252235262509917
Yersinia,R2,M2g,3,-3,FALSE,0.03830612628974171,3.8744003636573347e-4,91.16524884371842,0.03822219246890637,3.4659435903200203e-4,90.98554749994791,11.784865006980695,0.19750537168620783,0.21959446963599838
Yersinia,R2,M0,3,0,FALSE,0.03818086714362443,3.896190273080996e-4,90.89109681182164,0.0381862786006876,3.4727316928298985e-4,90.90429027363751,12.193817942382548,-0.01451357441564,-0.01417120824931976
Yersinia,R2,M2g,3,0,FALSE,0.038200739002863145,3.892161556103683e-4,90.93599080705903,0.03822219246890637,3.4659435903200203e-4,90.98554749994791,12.297313983240818,-0.05446655457990538,-0.0561282978747879
Yersinia,R2,M0,3,3,FALSE,0.03818086714362443,3.896190273080996e-4,90.89109681182164,0.0381862786006876,3.4727316928298985e-4,90.90429027363751,12.193817942382548,-0.01451357441564,-0.01417120824931976
Yersinia,R2,M2g,3,3,FALSE,0.038200739002863145,3.892161556103683e-4,90.93599080705903,0.03822219246890637,3.4659435903200203e-4,90.98554749994791,12.297313983240818,-0.05446655457990538,-0.0561282978747879
Yersinia,R2,M0,3,6,FALSE,0.03818086714362443,3.896190273080996e-4,90.89109681182164,0.0381862786006876,3.4727316928298985e-4,90.90429027363751,12.193817942382548,-0.01451357441564,-0.01417120824931976
Yersinia,R2,M2g,3,6,FALSE,0.038200739002863145,3.892161556103683e-4,90.93599080705903,0.03822219246890637,3.4659435903200203e-4,90.98554749994791,12.297313983240818,-0.05446655457990538,-0.0561282978747879
Yersinia,R2,M0,6,-6,FALSE,0.03813888868852696,4.381660484850331e-4,90.7109489147381,0.0381862786006876,3.4727316928298985e-4,90.90429027363751,26.173308865095596,-0.21268672613517622,-0.12410193896136087
Yersinia,R2,M2g,6,-6,FALSE,0.038542924173937045,4.3026251893484697e-4,91.84107539466015,0.03822219246890637,3.4659435903200203e-4,90.98554749994791,24.14008125709848,0.9402898792390392,0.8391243000819265
Yersinia,R2,M0,6,-3,FALSE,0.038158289538580165,4.3757135258568134e-4,90.791947487704,0.0381862786006876,3.4727316928298985e-4,90.90429027363751,26.00206157277538,-0.1235835906043046,-0.0732961239824306
Yersinia,R2,M2g,6,-3,FALSE,0.03833430595958223,4.3394078550527677e-4,91.23627974336328,0.03822219246890637,3.4659435903200203e-4,90.98554749994791,25.201341048141465,0.27557370407153314,0.2933204074231717
Yersinia,R2,M0,6,0,FALSE,0.03818446826091399,4.36762649027015e-4,90.89979240227737,0.0381862786006876,3.4727316928298985e-4,90.90429027363751,25.769189116680927,-0.004947919780908498,-0.004740812249710424
Yersinia,R2,M2g,6,0,FALSE,0.03821317078989074,4.361402273662978e-4,90.96452952692408,0.03822219246890637,3.4659435903200203e-4,90.98554749994791,25.835927793050935,-0.02310034241849557,-0.023603248356214787
Yersinia,R2,M0,6,3,FALSE,0.03818446826091399,4.36762649027015e-4,90.89979240227737,0.0381862786006876,3.4727316928298985e-4,90.90429027363751,25.769189116680927,-0.004947919780908498,-0.004740812249710424
Yersinia,R2,M2g,6,3,FALSE,0.03821317078989074,4.361402273662978e-4,90.96452952692408,0.03822219246890637,3.4659435903200203e-4,90.98554749994791,25.835927793050935,-0.02310034241849557,-0.023603248356214787
Yersinia,R2,M0,6,6,FALSE,0.03818446826091399,4.36762649027015e-4,90.89979240227737,0.0381862786006876,3.4727316928298985e-4,90.90429027363751,25.769189116680927,-0.004947919780908498,-0.004740812249710424
Yersinia,R2,M2g,6,6,FALSE,0.03821317078989074,4.361402273662978e-4,90.96452952692408,0.03822219246890637,3.4659435903200203e-4,90.98554749994791,25.835927793050935,-0.02310034241849557,-0.023603248356214787
Yersinia,R3,M0,-6,-6,FALSE,0.03867732161532064,4.6871262842394974e-4,141.0512944401969,0.03873777039055091,4.6681106987881e-4,112.14871100647838,0.4073507823268618,25.771659053708547,-0.15604608789000277
Yersinia,R3,M2g,-6,-6,FALSE,0.03868594162560305,4.6853543426351676e-4,141.0943404417733,0.03873947945155277,4.6677218491713034e-4,112.1532535237485,0.3777537315552483,25.804946364660317,-0.13819965241575222
Yersinia,R3,M0,-6,-3,FALSE,0.038740516835683705,4.667119598614635e-4,141.5095079399817,0.03873777039055091,4.6681106987881e-4,112.14871100647838,-0.021231291145739337,26.18023575126713,0.007089837915572236
Yersinia,R3,M2g,-6,-3,FALSE,0.03874232483136746,4.6667323771927224e-4,141.51777914859554,0.03873947945155277,4.6677218491713034e-4,112.1532535237485,-0.021198177838223784,26.182500018716873,0.007344909779320369
Yersinia,R3,M0,-6,0,FALSE,0.03873777039055091,4.6681106987881e-4,141.49330334304258,0.03873777039055091,4.6681106987881e-4,112.14871100647838,0,26.165786546462478,0
Yersinia,R3,M2g,-6,0,FALSE,0.03873947945155277,4.6677218491713034e-4,141.50048543601443,0.03873947945155277,4.6677218491713034e-4,112.1532535237485,0,26.167080303249193,0
Yersinia,R3,M0,-6,3,FALSE,0.03873777039055091,4.6681106987881e-4,141.49330334304258,0.03873777039055091,4.6681106987881e-4,112.14871100647838,0,26.165786546462478,0
Yersinia,R3,M2g,-6,3,FALSE,0.03873947945155277,4.6677218491713034e-4,141.50048543601443,0.03873947945155277,4.6677218491713034e-4,112.1532535237485,0,26.167080303249193,0
Yersinia,R3,M0,-6,6,FALSE,0.03873777039055091,4.6681106987881e-4,141.49330334304258,0.03873777039055091,4.6681106987881e-4,112.14871100647838,0,26.165786546462478,0
Yersinia,R3,M2g,-6,6,FALSE,0.03873947945155277,4.6677218491713034e-4,141.50048543601443,0.03873947945155277,4.6677218491713034e-4,112.1532535237485,0,26.167080303249193,0
Yersinia,R3,M0,-3,-6,FALSE,0.03867732161532064,4.6871262842394974e-4,125.59866810678683,0.03873777039055091,4.6681106987881e-4,112.14871100647838,0.4073507823268618,11.99296628521348,-0.15604608789000277
Yersinia,R3,M2g,-3,-6,FALSE,0.03868594162560305,4.6853543426351676e-4,125.63374934477292,0.03873947945155277,4.6677218491713034e-4,112.1532535237485,0.3777537315552483,12.019709992782259,-0.13819965241575222
Yersinia,R3,M0,-3,-3,FALSE,0.038740516835683705,4.667119598614635e-4,125.98279603709118,0.03873777039055091,4.6681106987881e-4,112.14871100647838,-0.021231291145739337,12.335482865972182,0.007089837915572236
Yersinia,R3,M2g,-3,-3,FALSE,0.03874232483136746,4.6667323771927224e-4,125.98947634468044,0.03873947945155277,4.6677218491713034e-4,112.1532535237485,-0.021198177838223784,12.336889377892287,0.007344909779320369
Yersinia,R3,M0,-3,0,FALSE,0.03873777039055091,4.6681106987881e-4,125.9694073415083,0.03873777039055091,4.6681106987881e-4,112.14871100647838,0,12.323544524940244,0
Yersinia,R3,M2g,-3,0,FALSE,0.03873947945155277,4.6677218491713034e-4,125.97515555393771,0.03873947945155277,4.6677218491713034e-4,112.1532535237485,0,12.324120429785316,0
Yersinia,R3,M0,-3,3,FALSE,0.03873777039055091,4.6681106987881e-4,125.9694073415083,0.03873777039055091,4.6681106987881e-4,112.14871100647838,0,12.323544524940244,0
Yersinia,R3,M2g,-3,3,FALSE,0.03873947945155277,4.6677218491713034e-4,125.97515555393771,0.03873947945155277,4.6677218491713034e-4,112.1532535237485,0,12.324120429785316,0
Yersinia,R3,M0,-3,6,FALSE,0.03873777039055091,4.6681106987881e-4,125.9694073415083,0.03873777039055091,4.6681106987881e-4,112.14871100647838,0,12.323544524940244,0
Yersinia,R3,M2g,-3,6,FALSE,0.03873947945155277,4.6677218491713034e-4,125.97515555393771,0.03873947945155277,4.6677218491713034e-4,112.1532535237485,0,12.324120429785316,0
Yersinia,R3,M0,0,-6,FALSE,0.03867732161532064,4.6871262842394974e-4,111.83892705704386,0.03873777039055091,4.6681106987881e-4,112.14871100647838,0.4073507823268618,-0.2762260454483717,-0.15604608789000277
Yersinia,R3,M2g,0,-6,FALSE,0.03868594162560305,4.6853543426351676e-4,111.8672721032272,0.03873947945155277,4.6677218491713034e-4,112.1532535237485,0.3777537315552483,-0.25499164004257185,-0.13819965241575222
Yersinia,R3,M0,0,-3,FALSE,0.038740516835683705,4.667119598614635e-4,112.15970664002994,0.03873777039055091,4.6681106987881e-4,112.14871100647838,-0.021231291145739337,0.009804511753081056,0.007089837915572236
Yersinia,R3,M2g,0,-3,FALSE,0.03874232483136746,4.6667323771927224e-4,112.1650455872373,0.03873947945155277,4.6677218491713034e-4,112.1532535237485,-0.021198177838223784,0.010514241110536348,0.007344909779320369
Yersinia,R3,M0,0,0,TRUE,0.03873777039055091,4.6681106987881e-4,112.14871100647838,0.03873777039055091,4.6681106987881e-4,112.14871100647838,0,0,0
Yersinia,R3,M2g,0,0,TRUE,0.03873947945155277,4.6677218491713034e-4,112.1532535237485,0.03873947945155277,4.6677218491713034e-4,112.1532535237485,0,0,0
Yersinia,R3,M0,0,3,FALSE,0.03873777039055091,4.6681106987881e-4,112.14871100647838,0.03873777039055091,4.6681106987881e-4,112.14871100647838,0,0,0
Yersinia,R3,M2g,0,3,FALSE,0.03873947945155277,4.6677218491713034e-4,112.1532535237485,0.03873947945155277,4.6677218491713034e-4,112.1532535237485,0,0,0
Yersinia,R3,M0,0,6,FALSE,0.03873777039055091,4.6681106987881e-4,112.14871100647838,0.03873777039055091,4.6681106987881e-4,112.14871100647838,0,0,0
Yersinia,R3,M2g,0,6,FALSE,0.03873947945155277,4.6677218491713034e-4,112.1532535237485,0.03873947945155277,4.6677218491713034e-4,112.1532535237485,0,0,0
Yersinia,R3,M0,3,-6,FALSE,0.0386485731177284,5.275835379781335e-4,111.7408631232163,0.03873777039055091,4.6681106987881e-4,112.14871100647838,13.018643305759813,-0.36366702711234833,-0.23025918095757064
Yersinia,R3,M2g,3,-6,FALSE,0.038652103959591046,5.275062942941703e-4,111.75243045790407,0.03873947945155277,4.6677218491713034e-4,112.1532535237485,13.011509969863035,-0.3573887098688227,-0.22554637594186824
Yersinia,R3,M0,3,-3,FALSE,0.03871824683997767,5.25193165970519e-4,112.09045575849967,0.03873777039055091,4.6681106987881e-4,112.14871100647838,12.506579183494017,-0.05194464337208626,-0.050399262467626445
Yersinia,R3,M2g,3,-3,FALSE,0.038720403352363625,5.251443946907097e-4,112.09678258673961,0.03873947945155277,4.6677218491713034e-4,112.1532535237485,12.505503039762873,-0.050351581639081495,-0.04924201217778163
Yersinia,R3,M0,3,0,FALSE,0.038718967667175856,5.251779744558934e-4,112.0961021442507,0.03873777039055091,4.6681106987881e-4,112.14871100647838,12.50332486593263,-0.04690991252199671,-0.04853847597702491
Yersinia,R3,M2g,3,0,FALSE,0.038722218871497766,5.250986752970582e-4,112.104611166687,0.03873947945155277,4.6677218491713034e-4,112.1532535237485,12.495708241544639,-0.04337132943825849,-0.04455552913814462
Yersinia,R3,M0,3,3,FALSE,0.038718967667175856,5.251779744558934e-4,112.0961021442507,0.03873777039055091,4.6681106987881e-4,112.14871100647838,12.50332486593263,-0.04690991252199671,-0.04853847597702491
Yersinia,R3,M2g,3,3,FALSE,0.038722218871497766,5.250986752970582e-4,112.104611166687,0.03873947945155277,4.6677218491713034e-4,112.1532535237485,12.495708241544639,-0.04337132943825849,-0.04455552913814462
Yersinia,R3,M0,3,6,FALSE,0.038718967667175856,5.251779744558934e-4,112.0961021442507,0.03873777039055091,4.6681106987881e-4,112.14871100647838,12.50332486593263,-0.04690991252199671,-0.04853847597702491
Yersinia,R3,M2g,3,6,FALSE,0.038722218871497766,5.250986752970582e-4,112.104611166687,0.03873947945155277,4.6677218491713034e-4,112.1532535237485,12.495708241544639,-0.04337132943825849,-0.04455552913814462
Yersinia,R3,M0,6,-6,FALSE,0.038613241894301646,5.940523240287755e-4,111.6217740894749,0.03873777039055091,4.6681106987881e-4,112.14871100647838,27.25754858019945,-0.4698555268932543,-0.321465316650331
Yersinia,R3,M2g,6,-6,FALSE,0.03861599550697037,5.939885280012354e-4,111.63074970166817,0.03873947945155277,4.6677218491713034e-4,112.1532535237485,27.254482420946058,-0.46588378461058016,-0.31875478537812285
Yersinia,R3,M0,6,-3,FALSE,0.03869080860436699,5.911707775021774e-4,112.00618456533383,0.03873777039055091,4.6681106987881e-4,112.14871100647838,26.64026533382181,-0.12708700783580182,-0.12122996680102371
Yersinia,R3,M2g,6,-3,FALSE,0.03869479237265003,5.910725583808359e-4,112.01793959226646,0.03873947945155277,4.6677218491713034e-4,112.1532535237485,26.629773041376403,-0.1206509193720292,-0.11535281200312808
Yersinia,R3,M0,6,0,FALSE,0.03869593662307729,5.909852100647911e-4,112.03248690858742,0.03873777039055091,4.6681106987881e-4,112.14871100647838,26.600513183677986,-0.10363391326383578,-0.10799219225023267
Yersinia,R3,M2g,6,0,FALSE,0.03870230327520676,5.908202163298887e-4,112.04916900692974,0.03873947945155277,4.6677218491713034e-4,112.1532535237485,26.57571196852306,-0.09280561512798093,-0.09596457379480097
Yersinia,R3,M0,6,3,FALSE,0.03869593662307729,5.909852100647911e-4,112.03248690858742,0.03873777039055091,4.6681106987881e-4,112.14871100647838,26.600513183677986,-0.10363391326383578,-0.10799219225023267
Yersinia,R3,M2g,6,3,FALSE,0.03870230327520676,5.908202163298887e-4,112.04916900692974,0.03873947945155277,4.6677218491713034e-4,112.1532535237485,26.57571196852306,-0.09280561512798093,-0.09596457379480097
Yersinia,R3,M0,6,6,FALSE,0.03869593662307729,5.909852100647911e-4,112.03248690858742,0.03873777039055091,4.6681106987881e-4,112.14871100647838,26.600513183677986,-0.10363391326383578,-0.10799219225023267
Yersinia,R3,M2g,6,6,FALSE,0.03870230327520676,5.908202163298887e-4,112.04916900692974,0.03873947945155277,4.6677218491713034e-4,112.1532535237485,26.57571196852306,-0.09280561512798093,-0.09596457379480097
Yersinia,R4,M0,-6,-6,FALSE,0.036784411438812205,5.212039232565705e-4,118.05548036781126,0.036733334945724186,5.230006158582802e-4,94.44959028228325,-0.3435354657778351,24.99311009711809,0.13904670829231175
Yersinia,R4,M2g,-6,-6,FALSE,0.0367940004561885,5.209897788977235e-4,118.09658150482895,0.03679889868682621,5.213770681558275e-4,94.60148545434633,-0.07428198932375839,24.83586376856746,-0.013310807694000457
Yersinia,R4,M0,-6,-3,FALSE,0.03674333543002017,5.226415791219515e-4,117.79898962557166,0.036733334945724186,5.230006158582802e-4,94.44959028228325,-0.06864939073532922,24.721546460396095,0.027224547705123225
Yersinia,R4,M2g,-6,-3,FALSE,0.03679636747192179,5.21392068668792e-4,118.00804108534076,0.03679889868682621,5.213770681558275e-4,94.60148545434633,0.0028770948859587996,24.7422707144384,-0.006878507223714466
Yersinia,R4,M0,-6,0,FALSE,0.036733334945724186,5.230006158582802e-4,117.7385237945444,0.036733334945724186,5.230006158582802e-4,94.44959028228325,0,24.657527303884624,0
Yersinia,R4,M2g,-6,0,FALSE,0.03679889868682621,5.213770681558275e-4,117.97427244101472,0.03679889868682621,5.213770681558275e-4,94.60148545434633,0,24.70657503358956,0
Yersinia,R4,M0,-6,3,FALSE,0.036733334945724186,5.230006158582802e-4,117.7385237945444,0.036733334945724186,5.230006158582802e-4,94.44959028228325,0,24.657527303884624,0
Yersinia,R4,M2g,-6,3,FALSE,0.03679889868682621,5.213770681558275e-4,117.97427244101472,0.03679889868682621,5.213770681558275e-4,94.60148545434633,0,24.70657503358956,0
Yersinia,R4,M0,-6,6,FALSE,0.036733334945724186,5.230006158582802e-4,117.7385237945444,0.036733334945724186,5.230006158582802e-4,94.44959028228325,0,24.657527303884624,0
Yersinia,R4,M2g,-6,6,FALSE,0.03679889868682621,5.213770681558275e-4,117.97427244101472,0.03679889868682621,5.213770681558275e-4,94.60148545434633,0,24.70657503358956,0
Yersinia,R4,M0,-3,-6,FALSE,0.036784411438812205,5.212039232565705e-4,105.7207783690297,0.036733334945724186,5.230006158582802e-4,94.44959028228325,-0.3435354657778351,11.933548947179165,0.13904670829231175
Yersinia,R4,M2g,-3,-6,FALSE,0.0367940004561885,5.209897788977235e-4,105.75454287664269,0.03679889868682621,5.213770681558275e-4,94.60148545434633,-0.07428198932375839,11.78951616745881,-0.013310807694000457
Yersinia,R4,M0,-3,-3,FALSE,0.03674333543002017,5.226415791219515e-4,105.50408661553033,0.036733334945724186,5.230006158582802e-4,94.44959028228325,-0.06864939073532922,11.704123120289134,0.027224547705123225
Yersinia,R4,M2g,-3,-3,FALSE,0.03679636747192179,5.21392068668792e-4,105.67450523781646,0.03679889868682621,5.213770681558275e-4,94.60148545434633,0.0028770948859587996,11.704911112430526,-0.006878507223714466
Yersinia,R4,M0,-3,0,FALSE,0.036733334945724186,5.230006158582802e-4,105.45309541609276,0.036733334945724186,5.230006158582802e-4,94.44959028228325,0,11.650135380072197,0
Yersinia,R4,M2g,-3,0,FALSE,0.03679889868682621,5.213770681558275e-4,105.64346368003908,0.03679889868682621,5.213770681558275e-4,94.60148545434633,0,11.672098141652844,0
Yersinia,R4,M0,-3,3,FALSE,0.036733334945724186,5.230006158582802e-4,105.45309541609276,0.036733334945724186,5.230006158582802e-4,94.44959028228325,0,11.650135380072197,0
Yersinia,R4,M2g,-3,3,FALSE,0.03679889868682621,5.213770681558275e-4,105.64346368003908,0.03679889868682621,5.213770681558275e-4,94.60148545434633,0,11.672098141652844,0
Yersinia,R4,M0,-3,6,FALSE,0.036733334945724186,5.230006158582802e-4,105.45309541609276,0.036733334945724186,5.230006158582802e-4,94.44959028228325,0,11.650135380072197,0
Yersinia,R4,M2g,-3,6,FALSE,0.03679889868682621,5.213770681558275e-4,105.64346368003908,0.03679889868682621,5.213770681558275e-4,94.60148545434633,0,11.672098141652844,0
Yersinia,R4,M0,0,-6,FALSE,0.036784411438812205,5.212039232565705e-4,94.67483376570945,0.036733334945724186,5.230006158582802e-4,94.44959028228325,-0.3435354657778351,0.23848010642821021,0.13904670829231175
Yersinia,R4,M2g,0,-6,FALSE,0.0367940004561885,5.209897788977235e-4,94.70234613514477,0.03679889868682621,5.213770681558275e-4,94.60148545434633,-0.07428198932375839,0.10661638167099169,-0.013310807694000457
Yersinia,R4,M0,0,-3,FALSE,0.03674333543002017,5.226415791219515e-4,94.49242585151171,0.036733334945724186,5.230006158582802e-4,94.44959028228325,-0.06864939073532922,0.04535283752998278,0.027224547705123225
Yersinia,R4,M2g,0,-3,FALSE,0.03679636747192179,5.21392068668792e-4,94.63000109612443,0.03679889868682621,5.213770681558275e-4,94.60148545434633,0.0028770948859587996,0.03014291122506841,-0.006878507223714466
Yersinia,R4,M0,0,0,TRUE,0.036733334945724186,5.230006158582802e-4,94.44959028228325,0.036733334945724186,5.230006158582802e-4,94.44959028228325,0,0,0
Yersinia,R4,M2g,0,0,TRUE,0.03679889868682621,5.213770681558275e-4,94.60148545434633,0.03679889868682621,5.213770681558275e-4,94.60148545434633,0,0,0
Yersinia,R4,M0,0,3,FALSE,0.036733334945724186,5.230006158582802e-4,94.44959028228325,0.036733334945724186,5.230006158582802e-4,94.44959028228325,0,0,0
Yersinia,R4,M2g,0,3,FALSE,0.03679889868682621,5.213770681558275e-4,94.60148545434633,0.03679889868682621,5.213770681558275e-4,94.60148545434633,0,0,0
Yersinia,R4,M0,0,6,FALSE,0.036733334945724186,5.230006158582802e-4,94.44959028228325,0.036733334945724186,5.230006158582802e-4,94.44959028228325,0,0,0
Yersinia,R4,M2g,0,6,FALSE,0.03679889868682621,5.213770681558275e-4,94.60148545434633,0.03679889868682621,5.213770681558275e-4,94.60148545434633,0,0,0
Yersinia,R4,M0,3,-6,FALSE,0.036795176534712405,5.815146687790149e-4,94.70670893302116,0.036733334945724186,5.230006158582802e-4,94.44959028228325,11.188142259585888,0.27222844479203445,0.16835277569976734
Yersinia,R4,M2g,3,-6,FALSE,0.03680361405859136,5.813153193828086e-4,94.73087781903878,0.03679889868682621,5.213770681558275e-4,94.60148545434633,11.496142597715279,0.13677625046901945,0.012813893712631343
Yersinia,R4,M0,3,-3,FALSE,0.03675119273095415,5.831695377145296e-4,94.51361976610983,0.036733334945724186,5.230006158582802e-4,94.44959028228325,11.504560421503149,0.06779223036882111,0.04861465820174904
Yersinia,R4,M2g,3,-3,FALSE,0.03683498072725044,5.81077444775672e-4,94.73047550602065,0.03679889868682621,5.213770681558275e-4,94.60148545434633,11.450518303578592,0.13635097911498534,0.0980519572917094
Yersinia,R4,M0,3,0,FALSE,0.036739707605037586,5.836138674329188e-4,94.46511535940515,0.036733334945724186,5.230006158582802e-4,94.44959028228325,11.589518202606323,0.01643742135407154,0.017348436570804246
Yersinia,R4,M2g,3,0,FALSE,0.03683720080271279,5.810511207081616e-4,94.69039107276815,0.03679889868682621,5.213770681558275e-4,94.60148545434633,11.445469353573284,0.09397909345168158,0.10408495159746177
Yersinia,R4,M0,3,3,FALSE,0.036739707605037586,5.836138674329188e-4,94.46511535940515,0.036733334945724186,5.230006158582802e-4,94.44959028228325,11.589518202606323,0.01643742135407154,0.017348436570804246
Yersinia,R4,M2g,3,3,FALSE,0.03683720080271279,5.810511207081616e-4,94.69039107276815,0.03679889868682621,5.213770681558275e-4,94.60148545434633,11.445469353573284,0.09397909345168158,0.10408495159746177
Yersinia,R4,M0,3,6,FALSE,0.036739707605037586,5.836138674329188e-4,94.46511535940515,0.036733334945724186,5.230006158582802e-4,94.44959028228325,11.589518202606323,0.01643742135407154,0.017348436570804246
Yersinia,R4,M2g,3,6,FALSE,0.03683720080271279,5.810511207081616e-4,94.69039107276815,0.03679889868682621,5.213770681558275e-4,94.60148545434633,11.445469353573284,0.09397909345168158,0.10408495159746177
Yersinia,R4,M0,6,-6,FALSE,0.03677088599206392,6.505981433816582e-4,94.63540381555647,0.036733334945724186,5.230006158582802e-4,94.44959028228325,24.397204067146575,0.196733022046866,0.10222607447763297
Yersinia,R4,M2g,6,-6,FALSE,0.036777444712712666,6.504338894055073e-4,94.65410280884693,0.03679889868682621,5.213770681558275e-4,94.60148545434633,24.753068198064234,0.055620008764016744,-0.05830058746085473
Yersinia,R4,M0,6,-3,FALSE,0.03672936386771694,6.522786140589538e-4,94.45527871825261,0.036733334945724186,5.230006158582802e-4,94.44959028228325,24.718517393812142,0.006022721699861333,-0.010810556713983257
Yersinia,R4,M2g,6,-3,FALSE,0.036749743541992654,6.517384553731718e-4,94.50781525340811,0.03679889868682621,5.213770681558275e-4,94.60148545434633,25.00328364621942,-0.09901557093775705,-0.13357776071476357
Yersinia,R4,M0,6,0,FALSE,0.03672096187193764,6.526262021450646e-4,94.41988741781906,0.036733334945724186,5.230006158582802e-4,94.44959028228325,24.784977752666663,-0.031448378309979784,-0.033683502477603336
Yersinia,R4,M2g,6,0,FALSE,0.03675739666584553,6.51607890138748e-4,94.50378818933747,0.03679889868682621,5.213770681558275e-4,94.60148545434633,24.97824126472657,-0.10327244285821377,-0.1127806061096572
Yersinia,R4,M0,6,3,FALSE,0.03672096187193764,6.526262021450646e-4,94.41988741781906,0.036733334945724186,5.230006158582802e-4,94.44959028228325,24.784977752666663,-0.031448378309979784,-0.033683502477603336
Yersinia,R4,M2g,6,3,FALSE,0.03675739666584553,6.51607890138748e-4,94.50378818933747,0.03679889868682621,5.213770681558275e-4,94.60148545434633,24.97824126472657,-0.10327244285821377,-0.1127806061096572
Yersinia,R4,M0,6,6,FALSE,0.03672096187193764,6.526262021450646e-4,94.41988741781906,0.036733334945724186,5.230006158582802e-4,94.44959028228325,24.784977752666663,-0.031448378309979784,-0.033683502477603336
Yersinia,R4,M2g,6,6,FALSE,0.03675739666584553,6.51607890138748e-4,94.50378818933747,0.03679889868682621,5.213770681558275e-4,94.60148545434633,24.97824126472657,-0.10327244285821377,-0.1127806061096572
Yersinia,R5,M0,-6,-6,FALSE,0.03601289604265358,6.020469430250942e-4,142.66303962063355,0.03601391928722333,6.020573165550171e-4,114.95490844853245,-0.0017230136795492773,24.10347809072161,-0.0028412474676483986
Yersinia,R5,M2g,-6,-6,FALSE,0.03615844120397817,5.984241543404751e-4,143.40590407172314,0.036123824507173406,5.99025942418371e-4,115.25669244432044,-0.10046110448344019,24.423060414475593,0.0958278844419887
Yersinia,R5,M0,-6,-3,FALSE,0.036023032079977514,6.016596607207495e-4,142.74190711567593,0.03601391928722333,6.020573165550171e-4,114.95490844853245,-0.06604949783568789,24.172085422158602,0.025303529675594773
Yersinia,R5,M2g,-6,-3,FALSE,0.036093370181514275,5.99814107917967e-4,143.07142071260873,0.036123824507173406,5.99025942418371e-4,115.25669244432044,0.13157451852821314,24.132853093737143,-0.08430537484502297
Yersinia,R5,M0,-6,0,FALSE,0.03601391928722333,6.020573165550171e-4,142.68272610677363,0.03601391928722333,6.020573165550171e-4,114.95490844853245,0,24.120603489198082,0
Yersinia,R5,M2g,-6,0,FALSE,0.036123824507173406,5.99025942418371e-4,143.1516698002258,0.036123824507173406,5.99025942418371e-4,115.25669244432044,0,24.202479495393458,0
Yersinia,R5,M0,-6,3,FALSE,0.03601391928722333,6.020573165550171e-4,142.68272610677363,0.03601391928722333,6.020573165550171e-4,114.95490844853245,0,24.120603489198082,0
Yersinia,R5,M2g,-6,3,FALSE,0.036123824507173406,5.99025942418371e-4,143.1516698002258,0.036123824507173406,5.99025942418371e-4,115.25669244432044,0,24.202479495393458,0
Yersinia,R5,M0,-6,6,FALSE,0.03601391928722333,6.020573165550171e-4,142.68272610677363,0.03601391928722333,6.020573165550171e-4,114.95490844853245,0,24.120603489198082,0
Yersinia,R5,M2g,-6,6,FALSE,0.036123824507173406,5.99025942418371e-4,143.1516698002258,0.036123824507173406,5.99025942418371e-4,115.25669244432044,0,24.202479495393458,0
Yersinia,R5,M0,-3,-6,FALSE,0.03601289604265358,6.020469430250942e-4,128.0533271147894,0.03601391928722333,6.020573165550171e-4,114.95490844853245,-0.0017230136795492773,11.394397023178323,-0.0028412474676483986
Yersinia,R5,M2g,-3,-6,FALSE,0.03615844120397817,5.984241543404751e-4,128.6639254470785,0.036123824507173406,5.99025942418371e-4,115.25669244432044,-0.10046110448344019,11.63249848527016,0.0958278844419887
Yersinia,R5,M0,-3,-3,FALSE,0.036023032079977514,6.016596607207495e-4,128.1202220626881,0.03601391928722333,6.020573165550171e-4,114.95490844853245,-0.06604949783568789,11.452589360331679,0.025303529675594773
Yersinia,R5,M2g,-3,-3,FALSE,0.036093370181514275,5.99814107917967e-4,128.3888873737016,0.036123824507173406,5.99025942418371e-4,115.25669244432044,0.13157451852821314,11.393867593177053,-0.08430537484502297
Yersinia,R5,M0,-3,0,FALSE,0.03601391928722333,6.020573165550171e-4,128.07060442112066,0.03601391928722333,6.020573165550171e-4,114.95490844853245,0,11.4094266609419,0
Yersinia,R5,M2g,-3,0,FALSE,0.036123824507173406,5.99025942418371e-4,128.4491649605225,0.036123824507173406,5.99025942418371e-4,115.25669244432044,0,11.44616615002659,0
Yersinia,R5,M0,-3,3,FALSE,0.03601391928722333,6.020573165550171e-4,128.07060442112066,0.03601391928722333,6.020573165550171e-4,114.95490844853245,0,11.4094266609419,0
Yersinia,R5,M2g,-3,3,FALSE,0.036123824507173406,5.99025942418371e-4,128.4491649605225,0.036123824507173406,5.99025942418371e-4,115.25669244432044,0,11.44616615002659,0
Yersinia,R5,M0,-3,6,FALSE,0.03601391928722333,6.020573165550171e-4,128.07060442112066,0.03601391928722333,6.020573165550171e-4,114.95490844853245,0,11.4094266609419,0
Yersinia,R5,M2g,-3,6,FALSE,0.036123824507173406,5.99025942418371e-4,128.4491649605225,0.036123824507173406,5.99025942418371e-4,115.25669244432044,0,11.44616615002659,0
Yersinia,R5,M0,0,-6,FALSE,0.03601289604265358,6.020469430250942e-4,114.93975334306319,0.03601391928722333,6.020573165550171e-4,114.95490844853245,-0.0017230136795492773,-0.013183521846783109,-0.0028412474676483986
Yersinia,R5,M2g,0,-6,FALSE,0.03615844120397817,5.984241543404751e-4,115.4374069785289,0.036123824507173406,5.99025942418371e-4,115.25669244432044,-0.10046110448344019,0.1567930940719682,0.0958278844419887
Yersinia,R5,M0,0,-3,FALSE,0.036023032079977514,6.016596607207495e-4,114.99630089774693,0.03601391928722333,6.020573165550171e-4,114.95490844853245,-0.06604949783568789,0.03600755267707127,0.025303529675594773
Yersinia,R5,M2g,0,-3,FALSE,0.036093370181514275,5.99814107917967e-4,115.2131314483015,0.036123824507173406,5.99025942418371e-4,115.25669244432044,0.13157451852821314,-0.037794764967755384,-0.08430537484502297
Yersinia,R5,M0,0,0,TRUE,0.03601391928722333,6.020573165550171e-4,114.95490844853245,0.03601391928722333,6.020573165550171e-4,114.95490844853245,0,0,0
Yersinia,R5,M2g,0,0,TRUE,0.036123824507173406,5.99025942418371e-4,115.25669244432044,0.036123824507173406,5.99025942418371e-4,115.25669244432044,0,0,0
Yersinia,R5,M0,0,3,FALSE,0.03601391928722333,6.020573165550171e-4,114.95490844853245,0.03601391928722333,6.020573165550171e-4,114.95490844853245,0,0,0
Yersinia,R5,M2g,0,3,FALSE,0.036123824507173406,5.99025942418371e-4,115.25669244432044,0.036123824507173406,5.99025942418371e-4,115.25669244432044,0,0,0
Yersinia,R5,M0,0,6,FALSE,0.03601391928722333,6.020573165550171e-4,114.95490844853245,0.03601391928722333,6.020573165550171e-4,114.95490844853245,0,0,0
Yersinia,R5,M2g,0,6,FALSE,0.036123824507173406,5.99025942418371e-4,115.25669244432044,0.036123824507173406,5.99025942418371e-4,115.25669244432044,0,0,0
Yersinia,R5,M0,3,-6,FALSE,0.036012592633293906,6.707496435307567e-4,114.93846307788975,0.03601391928722333,6.020573165550171e-4,114.95490844853245,11.409599233640789,-0.014305931660206226,-0.0036837255030198785
Yersinia,R5,M2g,3,-6,FALSE,0.0361658226665718,6.667232334946749e-4,115.46067236064378,0.036123824507173406,5.99025942418371e-4,115.25669244432044,11.301228591703106,0.17697880443852684,0.11626166379490584
Yersinia,R5,M0,3,-3,FALSE,0.036023080571246625,6.703201854939654e-4,114.99627088638054,0.03601391928722333,6.020573165550171e-4,114.95490844853245,11.338267480835487,0.0359814456001346,0.025438175584929112
Yersinia,R5,M2g,3,-3,FALSE,0.03610116312361555,6.681535769793674e-4,115.23618018255956,0.036123824507173406,5.99025942418371e-4,115.25669244432044,11.54000681204494,-0.01779702447281328,-0.06273251480711638
Yersinia,R5,M0,3,0,FALSE,0.036013661300807395,6.707622799808313e-4,114.95401927714917,0.03601391928722333,6.020573165550171e-4,114.95490844853245,11.411698111891598,-7.734957952458835e-4,-7.163519579029441e-4
Yersinia,R5,M2g,3,0,FALSE,0.03612955293828169,6.67375680801847e-4,115.27121717385712,0.036123824507173406,5.99025942418371e-4,115.25669244432044,11.41014663030057,0.012602070412271613,0.015857764747879696
Yersinia,R5,M0,3,3,FALSE,0.036013661300807395,6.707622799808313e-4,114.95401927714917,0.03601391928722333,6.020573165550171e-4,114.95490844853245,11.411698111891598,-7.734957952458835e-4,-7.163519579029441e-4
Yersinia,R5,M2g,3,3,FALSE,0.03612955293828169,6.67375680801847e-4,115.27121717385712,0.036123824507173406,5.99025942418371e-4,115.25669244432044,11.41014663030057,0.012602070412271613,0.015857764747879696
Yersinia,R5,M0,3,6,FALSE,0.036013661300807395,6.707622799808313e-4,114.95401927714917,0.03601391928722333,6.020573165550171e-4,114.95490844853245,11.411698111891598,-7.734957952458835e-4,-7.163519579029441e-4
Yersinia,R5,M2g,3,6,FALSE,0.03612955293828169,6.67375680801847e-4,115.27121717385712,0.036123824507173406,5.99025942418371e-4,115.25669244432044,11.41014663030057,0.012602070412271613,0.015857764747879696
Yersinia,R5,M0,6,-6,FALSE,0.03600533498672049,7.476851915933014e-4,114.91305341362396,0.03601391928722333,6.020573165550171e-4,114.95490844853245,24.188373936151066,-0.03640995889030103,-0.0238360630354451
Yersinia,R5,M2g,6,-6,FALSE,0.03613818307685361,7.440043381788541e-4,115.36395775316684,0.036123824507173406,5.99025942418371e-4,115.25669244432044,24.202356775264246,0.09306644722450884,0.039748199079401254
Yersinia,R5,M0,6,-3,FALSE,0.03601729930518622,7.47158366436028e-4,114.97782295864516,0.03601391928722333,6.020573165550171e-4,114.95490844853245,24.10086978284422,0.019933476892787343,0.009385309985107521
Yersinia,R5,M2g,6,-3,FALSE,0.036076808098931414,7.454139877517573e-4,115.15996451240473,0.036123824507173406,5.99025942418371e-4,115.25669244432044,24.437680402019417,-0.08392391787785952,-0.1301534621082446
Yersinia,R5,M0,6,0,FALSE,0.036008450173438844,7.47607401955767e-4,114.939049100476,0.03601391928722333,6.020573165550171e-4,114.95490844853245,24.1754532996277,-0.013796146915773055,-0.015186111072401712
Yersinia,R5,M2g,6,0,FALSE,0.03610888228152543,7.445013083822754e-4,115.21285703667442,0.036123824507173406,5.99025942418371e-4,115.25669244432044,24.285319827150605,-0.038032852337135103,-0.04136390831211469
Yersinia,R5,M0,6,3,FALSE,0.036008450173438844,7.47607401955767e-4,114.939049100476,0.03601391928722333,6.020573165550171e-4,114.95490844853245,24.1754532996277,-0.013796146915773055,-0.015186111072401712
Yersinia,R5,M2g,6,3,FALSE,0.03610888228152543,7.445013083822754e-4,115.21285703667442,0.036123824507173406,5.99025942418371e-4,115.25669244432044,24.285319827150605,-0.038032852337135103,-0.04136390831211469
Yersinia,R5,M0,6,6,FALSE,0.036008450173438844,7.47607401955767e-4,114.939049100476,0.03601391928722333,6.020573165550171e-4,114.95490844853245,24.1754532996277,-0.013796146915773055,-0.015186111072401712
Yersinia,R5,M2g,6,6,FALSE,0.03610888228152543,7.445013083822754e-4,115.21285703667442,0.036123824507173406,5.99025942418371e-4,115.25669244432044,24.285319827150605,-0.038032852337135103,-0.04136390831211469
